# Blender 4.4.1
# www.blender.org
mtllib mat29Cores.mtl
o worm-gear
v 9.009984 0.020000 -1.582454
v 9.008058 0.020000 -1.641317
v 8.992691 0.020000 -1.758036
v 9.107843 0.020000 -1.647857
v 9.090770 0.020000 -1.777544
v 9.204650 0.020000 -1.690657
v 9.200574 0.020000 -1.726033
v 9.195354 0.020000 -1.761258
v 8.979318 0.020000 -1.815391
v 8.962221 0.020000 -1.871750
v 8.941476 0.020000 -1.926869
v 8.917170 0.020000 -1.980514
v 8.889407 0.020000 -2.032454
v 8.858307 0.020000 -2.082468
v 8.786640 0.020000 -2.175865
v 8.941454 0.020000 -2.138024
v 8.861824 0.020000 -2.241800
v 9.003891 0.020000 -2.223494
v 8.982673 0.020000 -2.252092
v 8.960541 0.020000 -2.279988
v 8.746381 0.020000 -2.218850
v 8.703396 0.020000 -2.259110
v 8.657869 0.020000 -2.296472
v 8.609998 0.020000 -2.330777
v 8.559984 0.020000 -2.361877
v 8.508044 0.020000 -2.389640
v 8.399280 0.020000 -2.434691
v 8.552273 0.020000 -2.479327
v 8.431424 0.020000 -2.529384
v 8.563610 0.020000 -2.584564
v 8.530936 0.020000 -2.598722
v 8.497821 0.020000 -2.611814
v 8.342921 0.020000 -2.451787
v 8.285565 0.020000 -2.465161
v 8.227458 0.020000 -2.474755
v 8.168847 0.020000 -2.480527
v 8.109984 0.020000 -2.482454
v 8.051122 0.020000 -2.480527
v 7.934403 0.020000 -2.465161
v 8.044581 0.020000 -2.580313
v 7.914894 0.020000 -2.563240
v 8.001781 0.020000 -2.677119
v 7.966405 0.020000 -2.673044
v 7.931180 0.020000 -2.667825
v 7.877047 0.020000 -2.451787
v 7.820689 0.020000 -2.434691
v 7.765569 0.020000 -2.413946
v 7.711925 0.020000 -2.389640
v 7.659985 0.020000 -2.361877
v 7.609971 0.020000 -2.330777
v 7.516573 0.020000 -2.259110
v 7.554414 0.020000 -2.413924
v 7.450639 0.020000 -2.334294
v 7.468945 0.020000 -2.476361
v 7.440347 0.020000 -2.455143
v 7.412450 0.020000 -2.433011
v 7.473588 0.020000 -2.218850
v 7.433329 0.020000 -2.175865
v 7.395967 0.020000 -2.130340
v 7.361662 0.020000 -2.082468
v 7.330562 0.020000 -2.032454
v 7.302799 0.020000 -1.980514
v 7.257747 0.020000 -1.871750
v 7.213112 0.020000 -2.024743
v 7.163054 0.020000 -1.903894
v 7.107875 0.020000 -2.036080
v 7.093717 0.020000 -2.003406
v 7.080624 0.020000 -1.970291
v 7.240651 0.020000 -1.815391
v 7.227278 0.020000 -1.758036
v 7.217684 0.020000 -1.699928
v 7.211911 0.020000 -1.641317
v 7.209984 0.020000 -1.582454
v 7.211911 0.020000 -1.523591
v 7.227278 0.020000 -1.406873
v 7.112125 0.020000 -1.517051
v 7.129199 0.020000 -1.387364
v 7.015319 0.020000 -1.474251
v 7.019395 0.020000 -1.438875
v 7.024614 0.020000 -1.403650
v 7.240651 0.020000 -1.349517
v 7.257747 0.020000 -1.293159
v 7.278493 0.020000 -1.238039
v 7.302799 0.020000 -1.184394
v 7.330562 0.020000 -1.132454
v 7.361662 0.020000 -1.082441
v 7.433329 0.020000 -0.989043
v 7.278515 0.020000 -1.026884
v 7.358145 0.020000 -0.923108
v 7.216078 0.020000 -0.941415
v 7.237296 0.020000 -0.912817
v 7.259428 0.020000 -0.884920
v 7.473588 0.020000 -0.946058
v 7.516573 0.020000 -0.905798
v 7.562099 0.020000 -0.868436
v 7.609971 0.020000 -0.834132
v 7.659985 0.020000 -0.803031
v 7.711925 0.020000 -0.775269
v 7.820689 0.020000 -0.730217
v 7.667696 0.020000 -0.685581
v 7.788545 0.020000 -0.635524
v 7.656359 0.020000 -0.580345
v 7.689033 0.020000 -0.566187
v 7.722148 0.020000 -0.553094
v 7.877047 0.020000 -0.713121
v 7.934403 0.020000 -0.699747
v 7.992511 0.020000 -0.690154
v 8.051122 0.020000 -0.684381
v 8.109984 0.020000 -0.682454
v 8.168847 0.020000 -0.684381
v 8.285565 0.020000 -0.699747
v 8.175387 0.020000 -0.584595
v 8.305075 0.020000 -0.601669
v 8.218187 0.020000 -0.487789
v 8.253563 0.020000 -0.491865
v 8.288788 0.020000 -0.497084
v 8.342921 0.020000 -0.713121
v 8.399280 0.020000 -0.730217
v 8.454399 0.020000 -0.750963
v 8.508044 0.020000 -0.775269
v 8.559984 0.020000 -0.803031
v 8.609998 0.020000 -0.834132
v 8.703396 0.020000 -0.905798
v 8.665555 0.020000 -0.750985
v 8.769330 0.020000 -0.830614
v 8.751024 0.020000 -0.688548
v 8.779622 0.020000 -0.709766
v 8.807518 0.020000 -0.731898
v 8.746381 0.020000 -0.946058
v 8.786640 0.020000 -0.989043
v 8.824002 0.020000 -1.034569
v 8.858307 0.020000 -1.082441
v 8.889407 0.020000 -1.132454
v 8.917170 0.020000 -1.184394
v 8.962221 0.020000 -1.293159
v 9.006857 0.020000 -1.140166
v 9.056914 0.020000 -1.261015
v 9.112094 0.020000 -1.128828
v 9.126252 0.020000 -1.161502
v 9.139345 0.020000 -1.194618
v 8.979318 0.020000 -1.349517
v 8.992691 0.020000 -1.406873
v 9.002285 0.020000 -1.464981
v 9.008058 0.020000 -1.523591
v 8.992691 0.120000 -1.758036
v 8.979318 0.120000 -1.815391
v 8.941476 0.120000 -1.926869
v 9.075911 0.120000 -1.841273
v 9.033864 0.120000 -1.965138
v 9.162506 0.120000 -1.902137
v 9.151608 0.120000 -1.936038
v 9.139617 0.120000 -1.969568
v 8.917170 0.120000 -1.980514
v 8.889407 0.120000 -2.032454
v 8.858307 0.120000 -2.082468
v 8.824002 0.120000 -2.130340
v 8.786640 0.120000 -2.175865
v 8.746381 0.120000 -2.218850
v 8.657869 0.120000 -2.296472
v 8.817091 0.120000 -2.289561
v 8.718746 0.120000 -2.375808
v 8.861654 0.120000 -2.385569
v 8.835265 0.120000 -2.409478
v 8.808116 0.120000 -2.432521
v 8.609998 0.120000 -2.330777
v 8.559984 0.120000 -2.361877
v 8.508044 0.120000 -2.389640
v 8.454399 0.120000 -2.413946
v 8.399280 0.120000 -2.434691
v 8.342921 0.120000 -2.451787
v 8.227458 0.120000 -2.474755
v 8.368803 0.120000 -2.548380
v 8.240511 0.120000 -2.573899
v 8.359392 0.120000 -2.653807
v 8.324584 0.120000 -2.661318
v 8.289551 0.120000 -2.667699
v 8.168847 0.120000 -2.480527
v 8.109984 0.120000 -2.482454
v 8.051122 0.120000 -2.480527
v 7.992511 0.120000 -2.474755
v 7.934403 0.120000 -2.465161
v 7.877047 0.120000 -2.451787
v 7.765569 0.120000 -2.413946
v 7.851165 0.120000 -2.548380
v 7.727301 0.120000 -2.506334
v 7.790301 0.120000 -2.634976
v 7.756401 0.120000 -2.624077
v 7.722871 0.120000 -2.612087
v 7.711925 0.120000 -2.389640
v 7.659985 0.120000 -2.361877
v 7.609971 0.120000 -2.330777
v 7.562099 0.120000 -2.296472
v 7.516573 0.120000 -2.259110
v 7.473588 0.120000 -2.218850
v 7.395967 0.120000 -2.130340
v 7.402878 0.120000 -2.289561
v 7.316631 0.120000 -2.191216
v 7.306870 0.120000 -2.334124
v 7.282960 0.120000 -2.307734
v 7.259918 0.120000 -2.280585
v 7.361662 0.120000 -2.082468
v 7.330562 0.120000 -2.032454
v 7.302799 0.120000 -1.980514
v 7.278493 0.120000 -1.926869
v 7.257747 0.120000 -1.871750
v 7.240651 0.120000 -1.815391
v 7.217684 0.120000 -1.699928
v 7.144059 0.120000 -1.841273
v 7.118539 0.120000 -1.712980
v 7.038632 0.120000 -1.831862
v 7.031120 0.120000 -1.797054
v 7.024740 0.120000 -1.762020
v 7.211911 0.120000 -1.641317
v 7.209984 0.120000 -1.582454
v 7.211911 0.120000 -1.523591
v 7.217684 0.120000 -1.464981
v 7.227278 0.120000 -1.406873
v 7.240651 0.120000 -1.349517
v 7.278493 0.120000 -1.238039
v 7.144059 0.120000 -1.323635
v 7.186105 0.120000 -1.199771
v 7.057462 0.120000 -1.262771
v 7.068361 0.120000 -1.228871
v 7.080352 0.120000 -1.195341
v 7.302799 0.120000 -1.184394
v 7.330562 0.120000 -1.132454
v 7.361662 0.120000 -1.082441
v 7.395967 0.120000 -1.034569
v 7.433329 0.120000 -0.989043
v 7.473588 0.120000 -0.946058
v 7.562099 0.120000 -0.868436
v 7.402878 0.120000 -0.875347
v 7.501223 0.120000 -0.789101
v 7.358315 0.120000 -0.779340
v 7.384704 0.120000 -0.755430
v 7.411853 0.120000 -0.732388
v 7.609971 0.120000 -0.834132
v 7.659985 0.120000 -0.803031
v 7.711925 0.120000 -0.775269
v 7.765569 0.120000 -0.750963
v 7.820689 0.120000 -0.730217
v 7.877047 0.120000 -0.713121
v 7.992511 0.120000 -0.690154
v 7.851165 0.120000 -0.616528
v 7.979458 0.120000 -0.591009
v 7.860577 0.120000 -0.511102
v 7.895385 0.120000 -0.503590
v 7.930418 0.120000 -0.497210
v 8.051122 0.120000 -0.684381
v 8.109984 0.120000 -0.682454
v 8.168847 0.120000 -0.684381
v 8.227458 0.120000 -0.690154
v 8.285565 0.120000 -0.699747
v 8.342921 0.120000 -0.713121
v 8.454399 0.120000 -0.750963
v 8.368803 0.120000 -0.616528
v 8.492668 0.120000 -0.658575
v 8.429667 0.120000 -0.529932
v 8.463568 0.120000 -0.540831
v 8.497098 0.120000 -0.552822
v 8.508044 0.120000 -0.775269
v 8.559984 0.120000 -0.803031
v 8.609998 0.120000 -0.834132
v 8.657869 0.120000 -0.868436
v 8.703396 0.120000 -0.905798
v 8.746381 0.120000 -0.946058
v 8.824002 0.120000 -1.034569
v 8.817091 0.120000 -0.875347
v 8.903337 0.120000 -0.973693
v 8.913099 0.120000 -0.830785
v 8.937008 0.120000 -0.857174
v 8.960051 0.120000 -0.884323
v 8.858307 0.120000 -1.082441
v 8.889407 0.120000 -1.132454
v 8.917170 0.120000 -1.184394
v 8.941476 0.120000 -1.238039
v 8.962221 0.120000 -1.293159
v 8.979318 0.120000 -1.349517
v 9.002285 0.120000 -1.464981
v 9.075911 0.120000 -1.323635
v 9.101429 0.120000 -1.451928
v 9.181336 0.120000 -1.333047
v 9.188848 0.120000 -1.367855
v 9.195229 0.120000 -1.402888
v 9.008058 0.120000 -1.523591
v 9.009984 0.120000 -1.582454
v 9.008058 0.120000 -1.641317
v 9.002285 0.120000 -1.699928
v 8.941476 0.220000 -1.926869
v 8.917170 0.220000 -1.980514
v 8.858307 0.220000 -2.082468
v 9.006857 0.220000 -2.024743
v 8.941454 0.220000 -2.138024
v 9.079916 0.220000 -2.101331
v 9.062613 0.220000 -2.132454
v 9.044311 0.220000 -2.163001
v 8.824002 0.220000 -2.130340
v 8.786640 0.220000 -2.175865
v 8.746381 0.220000 -2.218850
v 8.703396 0.220000 -2.259110
v 8.657869 0.220000 -2.296472
v 8.609998 0.220000 -2.330777
v 8.508044 0.220000 -2.389640
v 8.665555 0.220000 -2.413924
v 8.552273 0.220000 -2.479327
v 8.690531 0.220000 -2.516781
v 8.659985 0.220000 -2.535082
v 8.628861 0.220000 -2.552385
v 8.454399 0.220000 -2.413946
v 8.399280 0.220000 -2.434691
v 8.342921 0.220000 -2.451787
v 8.285565 0.220000 -2.465161
v 8.227458 0.220000 -2.474755
v 8.168847 0.220000 -2.480527
v 8.051122 0.220000 -2.480527
v 8.175387 0.220000 -2.580313
v 8.044581 0.220000 -2.580313
v 8.145589 0.220000 -2.681878
v 8.109984 0.220000 -2.682454
v 8.074380 0.220000 -2.681878
v 7.992511 0.220000 -2.474755
v 7.934403 0.220000 -2.465161
v 7.877047 0.220000 -2.451787
v 7.820689 0.220000 -2.434691
v 7.765569 0.220000 -2.413946
v 7.711925 0.220000 -2.389640
v 7.609971 0.220000 -2.330777
v 7.667696 0.220000 -2.479327
v 7.554414 0.220000 -2.413924
v 7.591107 0.220000 -2.552385
v 7.559984 0.220000 -2.535082
v 7.529438 0.220000 -2.516781
v 7.562099 0.220000 -2.296472
v 7.516573 0.220000 -2.259110
v 7.473588 0.220000 -2.218850
v 7.433329 0.220000 -2.175865
v 7.395967 0.220000 -2.130340
v 7.361662 0.220000 -2.082467
v 7.302799 0.220000 -1.980514
v 7.278515 0.220000 -2.138024
v 7.213112 0.220000 -2.024743
v 7.175658 0.220000 -2.163001
v 7.157356 0.220000 -2.132454
v 7.140053 0.220000 -2.101331
v 7.278493 0.220000 -1.926869
v 7.257747 0.220000 -1.871750
v 7.240651 0.220000 -1.815391
v 7.227278 0.220000 -1.758035
v 7.217684 0.220000 -1.699928
v 7.211911 0.220000 -1.641317
v 7.211911 0.220000 -1.523591
v 7.112125 0.220000 -1.647857
v 7.112125 0.220000 -1.517051
v 7.010561 0.220000 -1.618059
v 7.009984 0.220000 -1.582454
v 7.010561 0.220000 -1.546849
v 7.217684 0.220000 -1.464981
v 7.227278 0.220000 -1.406873
v 7.240651 0.220000 -1.349517
v 7.257747 0.220000 -1.293159
v 7.278493 0.220000 -1.238039
v 7.302799 0.220000 -1.184394
v 7.361662 0.220000 -1.082441
v 7.213112 0.220000 -1.140166
v 7.278515 0.220000 -1.026884
v 7.140053 0.220000 -1.063577
v 7.157356 0.220000 -1.032454
v 7.175658 0.220000 -1.001908
v 7.395967 0.220000 -1.034569
v 7.433329 0.220000 -0.989043
v 7.473588 0.220000 -0.946058
v 7.516573 0.220000 -0.905798
v 7.562099 0.220000 -0.868436
v 7.609971 0.220000 -0.834132
v 7.711925 0.220000 -0.775269
v 7.554414 0.220000 -0.750985
v 7.667696 0.220000 -0.685581
v 7.529438 0.220000 -0.648128
v 7.559984 0.220000 -0.629826
v 7.591107 0.220000 -0.612523
v 7.765569 0.220000 -0.750963
v 7.820689 0.220000 -0.730217
v 7.877047 0.220000 -0.713121
v 7.934403 0.220000 -0.699747
v 7.992511 0.220000 -0.690154
v 8.051122 0.220000 -0.684381
v 8.168847 0.220000 -0.684381
v 8.044581 0.220000 -0.584595
v 8.175387 0.220000 -0.584595
v 8.074380 0.220000 -0.483031
v 8.109984 0.220000 -0.482454
v 8.145589 0.220000 -0.483031
v 8.227458 0.220000 -0.690154
v 8.285565 0.220000 -0.699747
v 8.342921 0.220000 -0.713121
v 8.399280 0.220000 -0.730217
v 8.454399 0.220000 -0.750963
v 8.508044 0.220000 -0.775269
v 8.609998 0.220000 -0.834132
v 8.552273 0.220000 -0.685581
v 8.665555 0.220000 -0.750985
v 8.628861 0.220000 -0.612523
v 8.659985 0.220000 -0.629826
v 8.690531 0.220000 -0.648128
v 8.657869 0.220000 -0.868436
v 8.703396 0.220000 -0.905798
v 8.746381 0.220000 -0.946058
v 8.786640 0.220000 -0.989043
v 8.824002 0.220000 -1.034569
v 8.858307 0.220000 -1.082441
v 8.917170 0.220000 -1.184394
v 8.941454 0.220000 -1.026884
v 9.006857 0.220000 -1.140166
v 9.044311 0.220000 -1.001908
v 9.062613 0.220000 -1.032454
v 9.079916 0.220000 -1.063577
v 8.941476 0.220000 -1.238039
v 8.962221 0.220000 -1.293159
v 8.979318 0.220000 -1.349517
v 8.992691 0.220000 -1.406873
v 9.002285 0.220000 -1.464981
v 9.008058 0.220000 -1.523591
v 9.008058 0.220000 -1.641317
v 9.107843 0.220000 -1.517051
v 9.107843 0.220000 -1.647857
v 9.209408 0.220000 -1.546849
v 9.209985 0.220000 -1.582454
v 9.209408 0.220000 -1.618059
v 9.002285 0.220000 -1.699928
v 8.992691 0.220000 -1.758036
v 8.979318 0.220000 -1.815391
v 8.962221 0.220000 -1.871750
v 8.858307 0.320000 -2.082468
v 8.824002 0.320000 -2.130340
v 8.746381 0.320000 -2.218850
v 8.903337 0.320000 -2.191216
v 8.817091 0.320000 -2.289561
v 8.960051 0.320000 -2.280585
v 8.937008 0.320000 -2.307734
v 8.913099 0.320000 -2.334124
v 8.703396 0.320000 -2.259110
v 8.657869 0.320000 -2.296472
v 8.609998 0.320000 -2.330777
v 8.559984 0.320000 -2.361877
v 8.508044 0.320000 -2.389640
v 8.454399 0.320000 -2.413946
v 8.342921 0.320000 -2.451787
v 8.492668 0.320000 -2.506334
v 8.368803 0.320000 -2.548380
v 8.497098 0.320000 -2.612087
v 8.463568 0.320000 -2.624077
v 8.429667 0.320000 -2.634976
v 8.285565 0.320000 -2.465161
v 8.227458 0.320000 -2.474755
v 8.168847 0.320000 -2.480527
v 8.109984 0.320000 -2.482454
v 8.051122 0.320000 -2.480527
v 7.992511 0.320000 -2.474755
v 7.877047 0.320000 -2.451787
v 7.979458 0.320000 -2.573899
v 7.851165 0.320000 -2.548380
v 7.930418 0.320000 -2.667699
v 7.895385 0.320000 -2.661318
v 7.860577 0.320000 -2.653807
v 7.820689 0.320000 -2.434691
v 7.765569 0.320000 -2.413946
v 7.711925 0.320000 -2.389640
v 7.659985 0.320000 -2.361877
v 7.609971 0.320000 -2.330777
v 7.562099 0.320000 -2.296472
v 7.473588 0.320000 -2.218850
v 7.501223 0.320000 -2.375808
v 7.402878 0.320000 -2.289561
v 7.411853 0.320000 -2.432521
v 7.384704 0.320000 -2.409478
v 7.358315 0.320000 -2.385569
v 7.433329 0.320000 -2.175865
v 7.395967 0.320000 -2.130340
v 7.361662 0.320000 -2.082467
v 7.330562 0.320000 -2.032454
v 7.302799 0.320000 -1.980514
v 7.278493 0.320000 -1.926869
v 7.240651 0.320000 -1.815391
v 7.186105 0.320000 -1.965138
v 7.144059 0.320000 -1.841273
v 7.080352 0.320000 -1.969568
v 7.068361 0.320000 -1.936038
v 7.057462 0.320000 -1.902137
v 7.227278 0.320000 -1.758035
v 7.217684 0.320000 -1.699928
v 7.211911 0.320000 -1.641317
v 7.209984 0.320000 -1.582454
v 7.211911 0.320000 -1.523591
v 7.217684 0.320000 -1.464981
v 7.240651 0.320000 -1.349517
v 7.118539 0.320000 -1.451928
v 7.144059 0.320000 -1.323635
v 7.024740 0.320000 -1.402888
v 7.031120 0.320000 -1.367855
v 7.038632 0.320000 -1.333047
v 7.257747 0.320000 -1.293159
v 7.278493 0.320000 -1.238039
v 7.302799 0.320000 -1.184394
v 7.330562 0.320000 -1.132454
v 7.361662 0.320000 -1.082441
v 7.395967 0.320000 -1.034569
v 7.473588 0.320000 -0.946058
v 7.316631 0.320000 -0.973693
v 7.402878 0.320000 -0.875347
v 7.259918 0.320000 -0.884323
v 7.282960 0.320000 -0.857174
v 7.306870 0.320000 -0.830785
v 7.516573 0.320000 -0.905798
v 7.562099 0.320000 -0.868436
v 7.609971 0.320000 -0.834132
v 7.659985 0.320000 -0.803031
v 7.711925 0.320000 -0.775269
v 7.765569 0.320000 -0.750963
v 7.877047 0.320000 -0.713121
v 7.727301 0.320000 -0.658575
v 7.851165 0.320000 -0.616528
v 7.722871 0.320000 -0.552822
v 7.756401 0.320000 -0.540831
v 7.790302 0.320000 -0.529932
v 7.934403 0.320000 -0.699747
v 7.992511 0.320000 -0.690154
v 8.051122 0.320000 -0.684381
v 8.109984 0.320000 -0.682454
v 8.168847 0.320000 -0.684381
v 8.227458 0.320000 -0.690154
v 8.342921 0.320000 -0.713121
v 8.240511 0.320000 -0.591009
v 8.368803 0.320000 -0.616528
v 8.289551 0.320000 -0.497210
v 8.324584 0.320000 -0.503590
v 8.359392 0.320000 -0.511102
v 8.399280 0.320000 -0.730217
v 8.454399 0.320000 -0.750963
v 8.508044 0.320000 -0.775269
v 8.559984 0.320000 -0.803031
v 8.609998 0.320000 -0.834132
v 8.657869 0.320000 -0.868436
v 8.746381 0.320000 -0.946058
v 8.718746 0.320000 -0.789101
v 8.817091 0.320000 -0.875347
v 8.808116 0.320000 -0.732388
v 8.835265 0.320000 -0.755430
v 8.861654 0.320000 -0.779340
v 8.786640 0.320000 -0.989043
v 8.824002 0.320000 -1.034569
v 8.858307 0.320000 -1.082441
v 8.889407 0.320000 -1.132454
v 8.917170 0.320000 -1.184394
v 8.941476 0.320000 -1.238039
v 8.979318 0.320000 -1.349517
v 9.033864 0.320000 -1.199771
v 9.075911 0.320000 -1.323635
v 9.139617 0.320000 -1.195341
v 9.151608 0.320000 -1.228871
v 9.162506 0.320000 -1.262771
v 8.992691 0.320000 -1.406873
v 9.002285 0.320000 -1.464981
v 9.008058 0.320000 -1.523591
v 9.009984 0.320000 -1.582454
v 9.008058 0.320000 -1.641317
v 9.002285 0.320000 -1.699928
v 8.979318 0.320000 -1.815391
v 9.101429 0.320000 -1.712980
v 9.075911 0.320000 -1.841273
v 9.195229 0.320000 -1.762020
v 9.188848 0.320000 -1.797054
v 9.181336 0.320000 -1.831862
v 8.962221 0.320000 -1.871750
v 8.941476 0.320000 -1.926869
v 8.917170 0.320000 -1.980514
v 8.889407 0.320000 -2.032454
v 8.746381 0.420000 -2.218850
v 8.703396 0.420000 -2.259110
v 8.609998 0.420000 -2.330777
v 8.769330 0.420000 -2.334294
v 8.665555 0.420000 -2.413924
v 8.807518 0.420000 -2.433011
v 8.779622 0.420000 -2.455143
v 8.751024 0.420000 -2.476361
v 8.559984 0.420000 -2.361877
v 8.508044 0.420000 -2.389640
v 8.454399 0.420000 -2.413946
v 8.399280 0.420000 -2.434691
v 8.342921 0.420000 -2.451787
v 8.285565 0.420000 -2.465161
v 8.168847 0.420000 -2.480527
v 8.305075 0.420000 -2.563240
v 8.175387 0.420000 -2.580313
v 8.288788 0.420000 -2.667825
v 8.253563 0.420000 -2.673044
v 8.218187 0.420000 -2.677119
v 8.109984 0.420000 -2.482454
v 8.051122 0.420000 -2.480527
v 7.992511 0.420000 -2.474755
v 7.934403 0.420000 -2.465161
v 7.877047 0.420000 -2.451787
v 7.820689 0.420000 -2.434691
v 7.711925 0.420000 -2.389640
v 7.788545 0.420000 -2.529384
v 7.667696 0.420000 -2.479327
v 7.722148 0.420000 -2.611814
v 7.689033 0.420000 -2.598722
v 7.656359 0.420000 -2.584564
v 7.659985 0.420000 -2.361877
v 7.609971 0.420000 -2.330777
v 7.562099 0.420000 -2.296472
v 7.516573 0.420000 -2.259110
v 7.473588 0.420000 -2.218850
v 7.433329 0.420000 -2.175865
v 7.361662 0.420000 -2.082467
v 7.358145 0.420000 -2.241800
v 7.278515 0.420000 -2.138024
v 7.259428 0.420000 -2.279988
v 7.237296 0.420000 -2.252092
v 7.216078 0.420000 -2.223494
v 7.330562 0.420000 -2.032454
v 7.302799 0.420000 -1.980514
v 7.278493 0.420000 -1.926869
v 7.257747 0.420000 -1.871750
v 7.240651 0.420000 -1.815391
v 7.227278 0.420000 -1.758035
v 7.211911 0.420000 -1.641317
v 7.129199 0.420000 -1.777544
v 7.112125 0.420000 -1.647857
v 7.024614 0.420000 -1.761258
v 7.019395 0.420000 -1.726033
v 7.015319 0.420000 -1.690657
v 7.209984 0.420000 -1.582454
v 7.211911 0.420000 -1.523591
v 7.217684 0.420000 -1.464981
v 7.227278 0.420000 -1.406873
v 7.240651 0.420000 -1.349517
v 7.257747 0.420000 -1.293159
v 7.302799 0.420000 -1.184394
v 7.163054 0.420000 -1.261015
v 7.213112 0.420000 -1.140166
v 7.080624 0.420000 -1.194618
v 7.093717 0.420000 -1.161502
v 7.107875 0.420000 -1.128828
v 7.330562 0.420000 -1.132454
v 7.361662 0.420000 -1.082441
v 7.395967 0.420000 -1.034569
v 7.433329 0.420000 -0.989043
v 7.473588 0.420000 -0.946058
v 7.516573 0.420000 -0.905798
v 7.609971 0.420000 -0.834132
v 7.450639 0.420000 -0.830614
v 7.554414 0.420000 -0.750985
v 7.412450 0.420000 -0.731898
v 7.440347 0.420000 -0.709765
v 7.468945 0.420000 -0.688548
v 7.659985 0.420000 -0.803031
v 7.711925 0.420000 -0.775269
v 7.765569 0.420000 -0.750963
v 7.820689 0.420000 -0.730217
v 7.877047 0.420000 -0.713121
v 7.934403 0.420000 -0.699747
v 8.051122 0.420000 -0.684381
v 7.914894 0.420000 -0.601669
v 8.044581 0.420000 -0.584595
v 7.931180 0.420000 -0.497084
v 7.966405 0.420000 -0.491865
v 8.001781 0.420000 -0.487789
v 8.109984 0.420000 -0.682454
v 8.168847 0.420000 -0.684381
v 8.227458 0.420000 -0.690154
v 8.285565 0.420000 -0.699747
v 8.342921 0.420000 -0.713121
v 8.399280 0.420000 -0.730217
v 8.508044 0.420000 -0.775269
v 8.431424 0.420000 -0.635524
v 8.552273 0.420000 -0.685581
v 8.497821 0.420000 -0.553094
v 8.530936 0.420000 -0.566187
v 8.563610 0.420000 -0.580345
v 8.559984 0.420000 -0.803031
v 8.609998 0.420000 -0.834132
v 8.657869 0.420000 -0.868436
v 8.703396 0.420000 -0.905798
v 8.746381 0.420000 -0.946058
v 8.786640 0.420000 -0.989043
v 8.858307 0.420000 -1.082441
v 8.861824 0.420000 -0.923108
v 8.941454 0.420000 -1.026884
v 8.960541 0.420000 -0.884920
v 8.982673 0.420000 -0.912817
v 9.003891 0.420000 -0.941415
v 8.889407 0.420000 -1.132454
v 8.917170 0.420000 -1.184394
v 8.941476 0.420000 -1.238039
v 8.962221 0.420000 -1.293159
v 8.979318 0.420000 -1.349517
v 8.992691 0.420000 -1.406873
v 9.008058 0.420000 -1.523591
v 9.090770 0.420000 -1.387364
v 9.107843 0.420000 -1.517051
v 9.195354 0.420000 -1.403650
v 9.200574 0.420000 -1.438875
v 9.204650 0.420000 -1.474251
v 9.009984 0.420000 -1.582454
v 9.008058 0.420000 -1.641317
v 9.002285 0.420000 -1.699928
v 8.992691 0.420000 -1.758036
v 8.979318 0.420000 -1.815391
v 8.962221 0.420000 -1.871750
v 8.917170 0.420000 -1.980514
v 9.056914 0.420000 -1.903894
v 9.006857 0.420000 -2.024743
v 9.139345 0.420000 -1.970291
v 9.126252 0.420000 -2.003406
v 9.112094 0.420000 -2.036080
v 8.889407 0.420000 -2.032454
v 8.858307 0.420000 -2.082468
v 8.824002 0.420000 -2.130340
v 8.786640 0.420000 -2.175865
v 8.609998 0.520000 -2.330777
v 8.559984 0.520000 -2.361877
v 8.454399 0.520000 -2.413946
v 8.609984 0.520000 -2.448480
v 8.492668 0.520000 -2.506334
v 8.628180 0.520000 -2.552750
v 8.596502 0.520000 -2.569014
v 8.564314 0.520000 -2.584245
v 8.399280 0.520000 -2.434691
v 8.342921 0.520000 -2.451787
v 8.285565 0.520000 -2.465161
v 8.227458 0.520000 -2.474755
v 8.168847 0.520000 -2.480527
v 8.109984 0.520000 -2.482454
v 7.992511 0.520000 -2.474755
v 8.109984 0.520000 -2.582454
v 7.979458 0.520000 -2.573899
v 8.073607 0.520000 -2.681853
v 8.038041 0.520000 -2.680099
v 8.002550 0.520000 -2.677195
v 7.934403 0.520000 -2.465161
v 7.877047 0.520000 -2.451787
v 7.820689 0.520000 -2.434691
v 7.765569 0.520000 -2.413946
v 7.711925 0.520000 -2.389640
v 7.659985 0.520000 -2.361877
v 7.562099 0.520000 -2.296472
v 7.609984 0.520000 -2.448480
v 7.501223 0.520000 -2.375808
v 7.528782 0.520000 -2.516372
v 7.498857 0.520000 -2.497071
v 7.469573 0.520000 -2.476810
v 7.516573 0.520000 -2.259110
v 7.473588 0.520000 -2.218850
v 7.433329 0.520000 -2.175865
v 7.395967 0.520000 -2.130339
v 7.361662 0.520000 -2.082467
v 7.330562 0.520000 -2.032454
v 7.278493 0.520000 -1.926869
v 7.243959 0.520000 -2.082454
v 7.186105 0.520000 -1.965138
v 7.139689 0.520000 -2.100650
v 7.123425 0.520000 -2.068972
v 7.108193 0.520000 -2.036784
v 7.257747 0.520000 -1.871750
v 7.240651 0.520000 -1.815391
v 7.227278 0.520000 -1.758035
v 7.217684 0.520000 -1.699928
v 7.211911 0.520000 -1.641317
v 7.209984 0.520000 -1.582454
v 7.217684 0.520000 -1.464981
v 7.109984 0.520000 -1.582454
v 7.118539 0.520000 -1.451928
v 7.010586 0.520000 -1.546077
v 7.012340 0.520000 -1.510511
v 7.015244 0.520000 -1.475020
v 7.227278 0.520000 -1.406873
v 7.240651 0.520000 -1.349517
v 7.257747 0.520000 -1.293159
v 7.278493 0.520000 -1.238039
v 7.302799 0.520000 -1.184394
v 7.330562 0.520000 -1.132454
v 7.395967 0.520000 -1.034569
v 7.243959 0.520000 -1.082454
v 7.316631 0.520000 -0.973693
v 7.176066 0.520000 -1.001251
v 7.195368 0.520000 -0.971327
v 7.215628 0.520000 -0.942043
v 7.433329 0.520000 -0.989043
v 7.473588 0.520000 -0.946058
v 7.516573 0.520000 -0.905798
v 7.562099 0.520000 -0.868436
v 7.609971 0.520000 -0.834132
v 7.659985 0.520000 -0.803031
v 7.765569 0.520000 -0.750963
v 7.609984 0.520000 -0.716429
v 7.727301 0.520000 -0.658575
v 7.591789 0.520000 -0.612159
v 7.623467 0.520000 -0.595894
v 7.655655 0.520000 -0.580663
v 7.820689 0.520000 -0.730217
v 7.877047 0.520000 -0.713121
v 7.934403 0.520000 -0.699747
v 7.992511 0.520000 -0.690154
v 8.051122 0.520000 -0.684381
v 8.109984 0.520000 -0.682454
v 8.227458 0.520000 -0.690154
v 8.109984 0.520000 -0.582454
v 8.240511 0.520000 -0.591009
v 8.146361 0.520000 -0.483056
v 8.181928 0.520000 -0.484809
v 8.217419 0.520000 -0.487713
v 8.285565 0.520000 -0.699747
v 8.342921 0.520000 -0.713121
v 8.399280 0.520000 -0.730217
v 8.454399 0.520000 -0.750963
v 8.508044 0.520000 -0.775269
v 8.559984 0.520000 -0.803031
v 8.657869 0.520000 -0.868436
v 8.609984 0.520000 -0.716429
v 8.718746 0.520000 -0.789101
v 8.691187 0.520000 -0.648536
v 8.721111 0.520000 -0.667838
v 8.750396 0.520000 -0.688098
v 8.703396 0.520000 -0.905798
v 8.746381 0.520000 -0.946058
v 8.786640 0.520000 -0.989043
v 8.824002 0.520000 -1.034569
v 8.858307 0.520000 -1.082441
v 8.889407 0.520000 -1.132454
v 8.941476 0.520000 -1.238039
v 8.976009 0.520000 -1.082454
v 9.033864 0.520000 -1.199771
v 9.080280 0.520000 -1.064259
v 9.096544 0.520000 -1.095937
v 9.111775 0.520000 -1.128125
v 8.962221 0.520000 -1.293159
v 8.979318 0.520000 -1.349517
v 8.992691 0.520000 -1.406873
v 9.002285 0.520000 -1.464981
v 9.008058 0.520000 -1.523591
v 9.009984 0.520000 -1.582454
v 9.002285 0.520000 -1.699928
v 9.109984 0.520000 -1.582454
v 9.101429 0.520000 -1.712980
v 9.209383 0.520000 -1.618831
v 9.207629 0.520000 -1.654398
v 9.204725 0.520000 -1.689889
v 8.992691 0.520000 -1.758036
v 8.979318 0.520000 -1.815391
v 8.962221 0.520000 -1.871750
v 8.941476 0.520000 -1.926869
v 8.917170 0.520000 -1.980514
v 8.889407 0.520000 -2.032454
v 8.824002 0.520000 -2.130340
v 8.976009 0.520000 -2.082454
v 8.903337 0.520000 -2.191216
v 9.043902 0.520000 -2.163657
v 9.024601 0.520000 -2.193582
v 9.004341 0.520000 -2.222866
v 8.786640 0.520000 -2.175865
v 8.746381 0.520000 -2.218850
v 8.703396 0.520000 -2.259110
v 8.657869 0.520000 -2.296472
v 8.454399 0.620000 -2.413946
v 8.399280 0.620000 -2.434691
v 8.285565 0.620000 -2.465161
v 8.431424 0.620000 -2.529384
v 8.305075 0.620000 -2.563240
v 8.428927 0.620000 -2.635201
v 8.394686 0.620000 -2.644973
v 8.360145 0.620000 -2.653631
v 8.227458 0.620000 -2.474755
v 8.168847 0.620000 -2.480527
v 8.109984 0.620000 -2.482454
v 8.051122 0.620000 -2.480527
v 7.992511 0.620000 -2.474755
v 7.934403 0.620000 -2.465161
v 7.820689 0.620000 -2.434691
v 7.914894 0.620000 -2.563240
v 7.788545 0.620000 -2.529384
v 7.859824 0.620000 -2.653631
v 7.825284 0.620000 -2.644973
v 7.791041 0.620000 -2.635201
v 7.765569 0.620000 -2.413946
v 7.711925 0.620000 -2.389640
v 7.659985 0.620000 -2.361877
v 7.609971 0.620000 -2.330777
v 7.562099 0.620000 -2.296472
v 7.516573 0.620000 -2.259110
v 7.433329 0.620000 -2.175865
v 7.450639 0.620000 -2.334294
v 7.358145 0.620000 -2.241800
v 7.357751 0.620000 -2.385041
v 7.332167 0.620000 -2.360272
v 7.307398 0.620000 -2.334688
v 7.395967 0.620000 -2.130339
v 7.361662 0.620000 -2.082467
v 7.330562 0.620000 -2.032454
v 7.302799 0.620000 -1.980514
v 7.278493 0.620000 -1.926869
v 7.257747 0.620000 -1.871750
v 7.227278 0.620000 -1.758035
v 7.163054 0.620000 -1.903894
v 7.129199 0.620000 -1.777544
v 7.057238 0.620000 -1.901398
v 7.047466 0.620000 -1.867155
v 7.038807 0.620000 -1.832614
v 7.217684 0.620000 -1.699928
v 7.211911 0.620000 -1.641317
v 7.209984 0.620000 -1.582454
v 7.211911 0.620000 -1.523591
v 7.217684 0.620000 -1.464981
v 7.227278 0.620000 -1.406873
v 7.257747 0.620000 -1.293159
v 7.129199 0.620000 -1.387364
v 7.163054 0.620000 -1.261015
v 7.038807 0.620000 -1.332294
v 7.047466 0.620000 -1.297753
v 7.057238 0.620000 -1.263511
v 7.278493 0.620000 -1.238039
v 7.302799 0.620000 -1.184394
v 7.330562 0.620000 -1.132454
v 7.361662 0.620000 -1.082441
v 7.395967 0.620000 -1.034569
v 7.433329 0.620000 -0.989043
v 7.516573 0.620000 -0.905798
v 7.358145 0.620000 -0.923108
v 7.450639 0.620000 -0.830614
v 7.307398 0.620000 -0.830221
v 7.332167 0.620000 -0.804637
v 7.357751 0.620000 -0.779868
v 7.562099 0.620000 -0.868436
v 7.609971 0.620000 -0.834132
v 7.659985 0.620000 -0.803031
v 7.711925 0.620000 -0.775269
v 7.765569 0.620000 -0.750963
v 7.820689 0.620000 -0.730217
v 7.934403 0.620000 -0.699747
v 7.788545 0.620000 -0.635524
v 7.914894 0.620000 -0.601669
v 7.791041 0.620000 -0.529708
v 7.825284 0.620000 -0.519936
v 7.859824 0.620000 -0.511277
v 7.992511 0.620000 -0.690154
v 8.051122 0.620000 -0.684381
v 8.109984 0.620000 -0.682454
v 8.168847 0.620000 -0.684381
v 8.227458 0.620000 -0.690154
v 8.285565 0.620000 -0.699747
v 8.399280 0.620000 -0.730217
v 8.305075 0.620000 -0.601669
v 8.431424 0.620000 -0.635524
v 8.360145 0.620000 -0.511277
v 8.394686 0.620000 -0.519936
v 8.428927 0.620000 -0.529708
v 8.454399 0.620000 -0.750963
v 8.508044 0.620000 -0.775269
v 8.559984 0.620000 -0.803031
v 8.609998 0.620000 -0.834132
v 8.657869 0.620000 -0.868436
v 8.703396 0.620000 -0.905798
v 8.786640 0.620000 -0.989043
v 8.769330 0.620000 -0.830614
v 8.861824 0.620000 -0.923108
v 8.862218 0.620000 -0.779868
v 8.887802 0.620000 -0.804637
v 8.912571 0.620000 -0.830221
v 8.824002 0.620000 -1.034569
v 8.858307 0.620000 -1.082441
v 8.889407 0.620000 -1.132454
v 8.917170 0.620000 -1.184394
v 8.941476 0.620000 -1.238039
v 8.962221 0.620000 -1.293159
v 8.992691 0.620000 -1.406873
v 9.056914 0.620000 -1.261015
v 9.090770 0.620000 -1.387364
v 9.162731 0.620000 -1.263511
v 9.172503 0.620000 -1.297753
v 9.181161 0.620000 -1.332294
v 9.002285 0.620000 -1.464981
v 9.008058 0.620000 -1.523591
v 9.009984 0.620000 -1.582454
v 9.008058 0.620000 -1.641317
v 9.002285 0.620000 -1.699928
v 8.992691 0.620000 -1.758036
v 8.962221 0.620000 -1.871750
v 9.090770 0.620000 -1.777544
v 9.056914 0.620000 -1.903894
v 9.181161 0.620000 -1.832614
v 9.172503 0.620000 -1.867155
v 9.162731 0.620000 -1.901398
v 8.941476 0.620000 -1.926869
v 8.917170 0.620000 -1.980514
v 8.889407 0.620000 -2.032454
v 8.858307 0.620000 -2.082468
v 8.824002 0.620000 -2.130340
v 8.786640 0.620000 -2.175865
v 8.703396 0.620000 -2.259110
v 8.861824 0.620000 -2.241800
v 8.769330 0.620000 -2.334294
v 8.912571 0.620000 -2.334688
v 8.887802 0.620000 -2.360272
v 8.862218 0.620000 -2.385041
v 8.657869 0.620000 -2.296472
v 8.609998 0.620000 -2.330777
v 8.559984 0.620000 -2.361877
v 8.508044 0.620000 -2.389640
v 8.285565 0.720000 -2.465161
v 8.227458 0.720000 -2.474755
v 8.109984 0.720000 -2.482454
v 8.240511 0.720000 -2.573899
v 8.109984 0.720000 -2.582454
v 8.217419 0.720000 -2.677195
v 8.181928 0.720000 -2.680099
v 8.146361 0.720000 -2.681853
v 8.051122 0.720000 -2.480527
v 7.992511 0.720000 -2.474755
v 7.934403 0.720000 -2.465161
v 7.877047 0.720000 -2.451787
v 7.820689 0.720000 -2.434691
v 7.765569 0.720000 -2.413946
v 7.659985 0.720000 -2.361877
v 7.727301 0.720000 -2.506334
v 7.609984 0.720000 -2.448480
v 7.655655 0.720000 -2.584245
v 7.623467 0.720000 -2.569014
v 7.591789 0.720000 -2.552750
v 7.609971 0.720000 -2.330777
v 7.562099 0.720000 -2.296472
v 7.516573 0.720000 -2.259110
v 7.473588 0.720000 -2.218850
v 7.433329 0.720000 -2.175865
v 7.395967 0.720000 -2.130339
v 7.330562 0.720000 -2.032454
v 7.316631 0.720000 -2.191216
v 7.243959 0.720000 -2.082454
v 7.215628 0.720000 -2.222866
v 7.195368 0.720000 -2.193581
v 7.176066 0.720000 -2.163657
v 7.302799 0.720000 -1.980514
v 7.278493 0.720000 -1.926869
v 7.257747 0.720000 -1.871750
v 7.240651 0.720000 -1.815391
v 7.227278 0.720000 -1.758035
v 7.217684 0.720000 -1.699928
v 7.209984 0.720000 -1.582454
v 7.118539 0.720000 -1.712980
v 7.109984 0.720000 -1.582454
v 7.015244 0.720000 -1.689888
v 7.012340 0.720000 -1.654398
v 7.010586 0.720000 -1.618831
v 7.211911 0.720000 -1.523591
v 7.217684 0.720000 -1.464981
v 7.227278 0.720000 -1.406873
v 7.240651 0.720000 -1.349517
v 7.257747 0.720000 -1.293159
v 7.278493 0.720000 -1.238039
v 7.330562 0.720000 -1.132454
v 7.186105 0.720000 -1.199771
v 7.243959 0.720000 -1.082454
v 7.108194 0.720000 -1.128125
v 7.123425 0.720000 -1.095937
v 7.139689 0.720000 -1.064259
v 7.361662 0.720000 -1.082441
v 7.395967 0.720000 -1.034569
v 7.433329 0.720000 -0.989043
v 7.473588 0.720000 -0.946058
v 7.516573 0.720000 -0.905798
v 7.562099 0.720000 -0.868436
v 7.659985 0.720000 -0.803031
v 7.501223 0.720000 -0.789101
v 7.609984 0.720000 -0.716429
v 7.469573 0.720000 -0.688098
v 7.498857 0.720000 -0.667838
v 7.528782 0.720000 -0.648536
v 7.711925 0.720000 -0.775269
v 7.765569 0.720000 -0.750963
v 7.820689 0.720000 -0.730217
v 7.877047 0.720000 -0.713121
v 7.934403 0.720000 -0.699747
v 7.992511 0.720000 -0.690154
v 8.109984 0.720000 -0.682454
v 7.979458 0.720000 -0.591009
v 8.109984 0.720000 -0.582454
v 8.002550 0.720000 -0.487713
v 8.038041 0.720000 -0.484809
v 8.073607 0.720000 -0.483056
v 8.168847 0.720000 -0.684381
v 8.227458 0.720000 -0.690154
v 8.285565 0.720000 -0.699747
v 8.342921 0.720000 -0.713121
v 8.399280 0.720000 -0.730217
v 8.454399 0.720000 -0.750963
v 8.559984 0.720000 -0.803031
v 8.492668 0.720000 -0.658575
v 8.609984 0.720000 -0.716429
v 8.564314 0.720000 -0.580664
v 8.596502 0.720000 -0.595894
v 8.628181 0.720000 -0.612159
v 8.609998 0.720000 -0.834132
v 8.657869 0.720000 -0.868436
v 8.703396 0.720000 -0.905798
v 8.746381 0.720000 -0.946058
v 8.786640 0.720000 -0.989043
v 8.824002 0.720000 -1.034569
v 8.889407 0.720000 -1.132454
v 8.903337 0.720000 -0.973693
v 8.976009 0.720000 -1.082454
v 9.004341 0.720000 -0.942043
v 9.024601 0.720000 -0.971327
v 9.043902 0.720000 -1.001252
v 8.917170 0.720000 -1.184394
v 8.941476 0.720000 -1.238039
v 8.962221 0.720000 -1.293159
v 8.979318 0.720000 -1.349517
v 8.992691 0.720000 -1.406873
v 9.002285 0.720000 -1.464981
v 9.009984 0.720000 -1.582454
v 9.101429 0.720000 -1.451928
v 9.109984 0.720000 -1.582454
v 9.204725 0.720000 -1.475020
v 9.207629 0.720000 -1.510511
v 9.209383 0.720000 -1.546077
v 9.008058 0.720000 -1.641317
v 9.002285 0.720000 -1.699928
v 8.992691 0.720000 -1.758036
v 8.979318 0.720000 -1.815391
v 8.962221 0.720000 -1.871750
v 8.941476 0.720000 -1.926869
v 8.889407 0.720000 -2.032454
v 9.033864 0.720000 -1.965138
v 8.976009 0.720000 -2.082454
v 9.111775 0.720000 -2.036784
v 9.096544 0.720000 -2.068972
v 9.080280 0.720000 -2.100650
v 8.858307 0.720000 -2.082468
v 8.824002 0.720000 -2.130340
v 8.786640 0.720000 -2.175865
v 8.746381 0.720000 -2.218850
v 8.703396 0.720000 -2.259110
v 8.657869 0.720000 -2.296472
v 8.559984 0.720000 -2.361877
v 8.718746 0.720000 -2.375808
v 8.609984 0.720000 -2.448480
v 8.750396 0.720000 -2.476810
v 8.721111 0.720000 -2.497071
v 8.691187 0.720000 -2.516373
v 8.508044 0.720000 -2.389640
v 8.454399 0.720000 -2.413946
v 8.399280 0.720000 -2.434691
v 8.342921 0.720000 -2.451787
v 8.109984 0.820000 -2.482454
v 8.051122 0.820000 -2.480527
v 7.934403 0.820000 -2.465161
v 8.044581 0.820000 -2.580313
v 7.914894 0.820000 -2.563240
v 8.001781 0.820000 -2.677119
v 7.966405 0.820000 -2.673043
v 7.931180 0.820000 -2.667825
v 7.877047 0.820000 -2.451787
v 7.820689 0.820000 -2.434691
v 7.765569 0.820000 -2.413946
v 7.711925 0.820000 -2.389640
v 7.659985 0.820000 -2.361877
v 7.609971 0.820000 -2.330777
v 7.516573 0.820000 -2.259110
v 7.554414 0.820000 -2.413924
v 7.450639 0.820000 -2.334294
v 7.468945 0.820000 -2.476360
v 7.440347 0.820000 -2.455143
v 7.412450 0.820000 -2.433011
v 7.473588 0.820000 -2.218850
v 7.433329 0.820000 -2.175865
v 7.395967 0.820000 -2.130339
v 7.361662 0.820000 -2.082467
v 7.330562 0.820000 -2.032454
v 7.302799 0.820000 -1.980514
v 7.257747 0.820000 -1.871750
v 7.213112 0.820000 -2.024743
v 7.163054 0.820000 -1.903894
v 7.107875 0.820000 -2.036080
v 7.093717 0.820000 -2.003406
v 7.080624 0.820000 -1.970291
v 7.240651 0.820000 -1.815391
v 7.227278 0.820000 -1.758035
v 7.217684 0.820000 -1.699928
v 7.211911 0.820000 -1.641317
v 7.209984 0.820000 -1.582454
v 7.211911 0.820000 -1.523591
v 7.227278 0.820000 -1.406873
v 7.112125 0.820000 -1.517051
v 7.129199 0.820000 -1.387364
v 7.015319 0.820000 -1.474251
v 7.019395 0.820000 -1.438875
v 7.024614 0.820000 -1.403650
v 7.240651 0.820000 -1.349517
v 7.257747 0.820000 -1.293159
v 7.278493 0.820000 -1.238039
v 7.302799 0.820000 -1.184394
v 7.330562 0.820000 -1.132454
v 7.361662 0.820000 -1.082441
v 7.433329 0.820000 -0.989043
v 7.278515 0.820000 -1.026884
v 7.358145 0.820000 -0.923108
v 7.216078 0.820000 -0.941415
v 7.237296 0.820000 -0.912817
v 7.259428 0.820000 -0.884920
v 7.473588 0.820000 -0.946058
v 7.516573 0.820000 -0.905798
v 7.562099 0.820000 -0.868436
v 7.609971 0.820000 -0.834132
v 7.659985 0.820000 -0.803031
v 7.711925 0.820000 -0.775269
v 7.820689 0.820000 -0.730217
v 7.667696 0.820000 -0.685581
v 7.788545 0.820000 -0.635524
v 7.656359 0.820000 -0.580345
v 7.689033 0.820000 -0.566187
v 7.722148 0.820000 -0.553094
v 7.877048 0.820000 -0.713121
v 7.934403 0.820000 -0.699747
v 7.992511 0.820000 -0.690154
v 8.051122 0.820000 -0.684381
v 8.109984 0.820000 -0.682454
v 8.168847 0.820000 -0.684381
v 8.285565 0.820000 -0.699747
v 8.175387 0.820000 -0.584595
v 8.305075 0.820000 -0.601669
v 8.218187 0.820000 -0.487789
v 8.253563 0.820000 -0.491865
v 8.288788 0.820000 -0.497084
v 8.342921 0.820000 -0.713121
v 8.399280 0.820000 -0.730217
v 8.454399 0.820000 -0.750963
v 8.508044 0.820000 -0.775269
v 8.559984 0.820000 -0.803031
v 8.609998 0.820000 -0.834132
v 8.703396 0.820000 -0.905798
v 8.665555 0.820000 -0.750985
v 8.769330 0.820000 -0.830614
v 8.751024 0.820000 -0.688548
v 8.779622 0.820000 -0.709766
v 8.807518 0.820000 -0.731898
v 8.746381 0.820000 -0.946058
v 8.786640 0.820000 -0.989043
v 8.824002 0.820000 -1.034569
v 8.858307 0.820000 -1.082441
v 8.889407 0.820000 -1.132454
v 8.917170 0.820000 -1.184394
v 8.962221 0.820000 -1.293159
v 9.006857 0.820000 -1.140166
v 9.056914 0.820000 -1.261015
v 9.112094 0.820000 -1.128828
v 9.126252 0.820000 -1.161502
v 9.139345 0.820000 -1.194618
v 8.979318 0.820000 -1.349517
v 8.992691 0.820000 -1.406873
v 9.002285 0.820000 -1.464981
v 9.008058 0.820000 -1.523591
v 9.009984 0.820000 -1.582454
v 9.008058 0.820000 -1.641317
v 8.992691 0.820000 -1.758036
v 9.107843 0.820000 -1.647857
v 9.090770 0.820000 -1.777545
v 9.204650 0.820000 -1.690658
v 9.200574 0.820000 -1.726033
v 9.195354 0.820000 -1.761258
v 8.979318 0.820000 -1.815391
v 8.962221 0.820000 -1.871750
v 8.941476 0.820000 -1.926869
v 8.917170 0.820000 -1.980514
v 8.889407 0.820000 -2.032454
v 8.858307 0.820000 -2.082468
v 8.786640 0.820000 -2.175865
v 8.941454 0.820000 -2.138024
v 8.861824 0.820000 -2.241800
v 9.003891 0.820000 -2.223494
v 8.982673 0.820000 -2.252092
v 8.960541 0.820000 -2.279988
v 8.746381 0.820000 -2.218850
v 8.703396 0.820000 -2.259110
v 8.657869 0.820000 -2.296472
v 8.609998 0.820000 -2.330777
v 8.559984 0.820000 -2.361877
v 8.508044 0.820000 -2.389640
v 8.399280 0.820000 -2.434691
v 8.552273 0.820000 -2.479327
v 8.431424 0.820000 -2.529384
v 8.563610 0.820000 -2.584564
v 8.530936 0.820000 -2.598722
v 8.497821 0.820000 -2.611814
v 8.342921 0.820000 -2.451787
v 8.285565 0.820000 -2.465161
v 8.227458 0.820000 -2.474755
v 8.168847 0.820000 -2.480527
v 7.934403 0.920000 -2.465161
v 7.877047 0.920000 -2.451787
v 7.765569 0.920000 -2.413946
v 7.851165 0.920000 -2.548380
v 7.727301 0.920000 -2.506334
v 7.790301 0.920000 -2.634976
v 7.756401 0.920000 -2.624077
v 7.722871 0.920000 -2.612087
v 7.711925 0.920000 -2.389640
v 7.659985 0.920000 -2.361877
v 7.609971 0.920000 -2.330777
v 7.562099 0.920000 -2.296472
v 7.516573 0.920000 -2.259110
v 7.473588 0.920000 -2.218850
v 7.395967 0.920000 -2.130339
v 7.402878 0.920000 -2.289561
v 7.316631 0.920000 -2.191216
v 7.306870 0.920000 -2.334124
v 7.282960 0.920000 -2.307734
v 7.259918 0.920000 -2.280585
v 7.361662 0.920000 -2.082467
v 7.330562 0.920000 -2.032454
v 7.302799 0.920000 -1.980514
v 7.278493 0.920000 -1.926869
v 7.257747 0.920000 -1.871750
v 7.240651 0.920000 -1.815391
v 7.217684 0.920000 -1.699928
v 7.144059 0.920000 -1.841273
v 7.118539 0.920000 -1.712980
v 7.038632 0.920000 -1.831862
v 7.031120 0.920000 -1.797053
v 7.024740 0.920000 -1.762020
v 7.211911 0.920000 -1.641317
v 7.209984 0.920000 -1.582454
v 7.211911 0.920000 -1.523591
v 7.217684 0.920000 -1.464981
v 7.227278 0.920000 -1.406873
v 7.240651 0.920000 -1.349517
v 7.278493 0.920000 -1.238039
v 7.144059 0.920000 -1.323635
v 7.186105 0.920000 -1.199771
v 7.057462 0.920000 -1.262771
v 7.068361 0.920000 -1.228871
v 7.080352 0.920000 -1.195341
v 7.302799 0.920000 -1.184394
v 7.330562 0.920000 -1.132454
v 7.361662 0.920000 -1.082441
v 7.395967 0.920000 -1.034569
v 7.433329 0.920000 -0.989043
v 7.473588 0.920000 -0.946058
v 7.562099 0.920000 -0.868436
v 7.402878 0.920000 -0.875347
v 7.501223 0.920000 -0.789101
v 7.358315 0.920000 -0.779340
v 7.384704 0.920000 -0.755430
v 7.411853 0.920000 -0.732388
v 7.609971 0.920000 -0.834132
v 7.659985 0.920000 -0.803031
v 7.711925 0.920000 -0.775269
v 7.765569 0.920000 -0.750963
v 7.820689 0.920000 -0.730217
v 7.877048 0.920000 -0.713121
v 7.992511 0.920000 -0.690154
v 7.851165 0.920000 -0.616528
v 7.979458 0.920000 -0.591009
v 7.860577 0.920000 -0.511102
v 7.895385 0.920000 -0.503590
v 7.930418 0.920000 -0.497210
v 8.051122 0.920000 -0.684381
v 8.109984 0.920000 -0.682454
v 8.168847 0.920000 -0.684381
v 8.227458 0.920000 -0.690154
v 8.285565 0.920000 -0.699747
v 8.342921 0.920000 -0.713121
v 8.454399 0.920000 -0.750963
v 8.368803 0.920000 -0.616528
v 8.492668 0.920000 -0.658575
v 8.429667 0.920000 -0.529932
v 8.463568 0.920000 -0.540831
v 8.497098 0.920000 -0.552822
v 8.508044 0.920000 -0.775269
v 8.559984 0.920000 -0.803031
v 8.609998 0.920000 -0.834132
v 8.657869 0.920000 -0.868436
v 8.703396 0.920000 -0.905798
v 8.746381 0.920000 -0.946058
v 8.824002 0.920000 -1.034569
v 8.817091 0.920000 -0.875347
v 8.903337 0.920000 -0.973693
v 8.913099 0.920000 -0.830785
v 8.937008 0.920000 -0.857174
v 8.960051 0.920000 -0.884323
v 8.858307 0.920000 -1.082441
v 8.889407 0.920000 -1.132454
v 8.917170 0.920000 -1.184394
v 8.941476 0.920000 -1.238039
v 8.962221 0.920000 -1.293159
v 8.979318 0.920000 -1.349517
v 9.002285 0.920000 -1.464981
v 9.075911 0.920000 -1.323635
v 9.101429 0.920000 -1.451928
v 9.181336 0.920000 -1.333047
v 9.188848 0.920000 -1.367855
v 9.195229 0.920000 -1.402888
v 9.008058 0.920000 -1.523591
v 9.009984 0.920000 -1.582454
v 9.008058 0.920000 -1.641317
v 9.002285 0.920000 -1.699928
v 8.992691 0.920000 -1.758036
v 8.979318 0.920000 -1.815391
v 8.941476 0.920000 -1.926869
v 9.075911 0.920000 -1.841273
v 9.033864 0.920000 -1.965138
v 9.162506 0.920000 -1.902137
v 9.151608 0.920000 -1.936038
v 9.139617 0.920000 -1.969568
v 8.917170 0.920000 -1.980514
v 8.889407 0.920000 -2.032454
v 8.858307 0.920000 -2.082468
v 8.824002 0.920000 -2.130340
v 8.786640 0.920000 -2.175865
v 8.746381 0.920000 -2.218850
v 8.657869 0.920000 -2.296472
v 8.817091 0.920000 -2.289561
v 8.718746 0.920000 -2.375808
v 8.861654 0.920000 -2.385569
v 8.835265 0.920000 -2.409478
v 8.808116 0.920000 -2.432521
v 8.609998 0.920000 -2.330777
v 8.559984 0.920000 -2.361877
v 8.508044 0.920000 -2.389640
v 8.454399 0.920000 -2.413946
v 8.399280 0.920000 -2.434691
v 8.342921 0.920000 -2.451787
v 8.227458 0.920000 -2.474755
v 8.368803 0.920000 -2.548380
v 8.240511 0.920000 -2.573899
v 8.359392 0.920000 -2.653807
v 8.324584 0.920000 -2.661318
v 8.289551 0.920000 -2.667699
v 8.168847 0.920000 -2.480527
v 8.109984 0.920000 -2.482454
v 8.051122 0.920000 -2.480527
v 7.992511 0.920000 -2.474755
v 7.765569 1.020000 -2.413946
v 7.711925 1.020000 -2.389640
v 7.609971 1.020000 -2.330777
v 7.667696 1.020000 -2.479327
v 7.554414 1.020000 -2.413924
v 7.591107 1.020000 -2.552385
v 7.559984 1.020000 -2.535082
v 7.529438 1.020000 -2.516781
v 7.562099 1.020000 -2.296472
v 7.516573 1.020000 -2.259110
v 7.473588 1.020000 -2.218850
v 7.433329 1.020000 -2.175865
v 7.395967 1.020000 -2.130339
v 7.361662 1.020000 -2.082467
v 7.302799 1.020000 -1.980514
v 7.278515 1.020000 -2.138024
v 7.213112 1.020000 -2.024743
v 7.175658 1.020000 -2.163001
v 7.157356 1.020000 -2.132454
v 7.140053 1.020000 -2.101331
v 7.278493 1.020000 -1.926869
v 7.257747 1.020000 -1.871750
v 7.240651 1.020000 -1.815391
v 7.227278 1.020000 -1.758035
v 7.217684 1.020000 -1.699928
v 7.211911 1.020000 -1.641317
v 7.211911 1.020000 -1.523591
v 7.112125 1.020000 -1.647857
v 7.112125 1.020000 -1.517051
v 7.010561 1.020000 -1.618059
v 7.009984 1.020000 -1.582454
v 7.010561 1.020000 -1.546849
v 7.217684 1.020000 -1.464981
v 7.227278 1.020000 -1.406873
v 7.240651 1.020000 -1.349517
v 7.257747 1.020000 -1.293159
v 7.278493 1.020000 -1.238039
v 7.302799 1.020000 -1.184394
v 7.361662 1.020000 -1.082441
v 7.213112 1.020000 -1.140165
v 7.278515 1.020000 -1.026884
v 7.140053 1.020000 -1.063577
v 7.157356 1.020000 -1.032454
v 7.175658 1.020000 -1.001908
v 7.395967 1.020000 -1.034569
v 7.433329 1.020000 -0.989043
v 7.473588 1.020000 -0.946058
v 7.516573 1.020000 -0.905798
v 7.562099 1.020000 -0.868436
v 7.609971 1.020000 -0.834132
v 7.711925 1.020000 -0.775269
v 7.554414 1.020000 -0.750985
v 7.667696 1.020000 -0.685581
v 7.529438 1.020000 -0.648128
v 7.559984 1.020000 -0.629826
v 7.591107 1.020000 -0.612523
v 7.765569 1.020000 -0.750963
v 7.820689 1.020000 -0.730217
v 7.877048 1.020000 -0.713121
v 7.934403 1.020000 -0.699747
v 7.992511 1.020000 -0.690154
v 8.051122 1.020000 -0.684381
v 8.168847 1.020000 -0.684381
v 8.044581 1.020000 -0.584595
v 8.175387 1.020000 -0.584595
v 8.074380 1.020000 -0.483031
v 8.109984 1.020000 -0.482454
v 8.145589 1.020000 -0.483031
v 8.227458 1.020000 -0.690154
v 8.285565 1.020000 -0.699747
v 8.342921 1.020000 -0.713121
v 8.399280 1.020000 -0.730217
v 8.454399 1.020000 -0.750963
v 8.508044 1.020000 -0.775269
v 8.609998 1.020000 -0.834132
v 8.552273 1.020000 -0.685582
v 8.665555 1.020000 -0.750985
v 8.628861 1.020000 -0.612523
v 8.659985 1.020000 -0.629826
v 8.690531 1.020000 -0.648128
v 8.657869 1.020000 -0.868436
v 8.703396 1.020000 -0.905798
v 8.746381 1.020000 -0.946058
v 8.786640 1.020000 -0.989043
v 8.824002 1.020000 -1.034569
v 8.858307 1.020000 -1.082441
v 8.917170 1.020000 -1.184394
v 8.941454 1.020000 -1.026884
v 9.006857 1.020000 -1.140166
v 9.044311 1.020000 -1.001908
v 9.062613 1.020000 -1.032454
v 9.079916 1.020000 -1.063577
v 8.941476 1.020000 -1.238039
v 8.962221 1.020000 -1.293159
v 8.979318 1.020000 -1.349517
v 8.992691 1.020000 -1.406873
v 9.002285 1.020000 -1.464981
v 9.008058 1.020000 -1.523591
v 9.008058 1.020000 -1.641317
v 9.107843 1.020000 -1.517051
v 9.107843 1.020000 -1.647857
v 9.209408 1.020000 -1.546849
v 9.209985 1.020000 -1.582454
v 9.209408 1.020000 -1.618059
v 9.002285 1.020000 -1.699928
v 8.992691 1.020000 -1.758036
v 8.979318 1.020000 -1.815391
v 8.962221 1.020000 -1.871750
v 8.941476 1.020000 -1.926869
v 8.917170 1.020000 -1.980514
v 8.858307 1.020000 -2.082468
v 9.006857 1.020000 -2.024743
v 8.941454 1.020000 -2.138025
v 9.079916 1.020000 -2.101331
v 9.062613 1.020000 -2.132454
v 9.044311 1.020000 -2.163001
v 8.824002 1.020000 -2.130340
v 8.786640 1.020000 -2.175865
v 8.746381 1.020000 -2.218850
v 8.703396 1.020000 -2.259110
v 8.657869 1.020000 -2.296472
v 8.609998 1.020000 -2.330777
v 8.508044 1.020000 -2.389640
v 8.665555 1.020000 -2.413924
v 8.552273 1.020000 -2.479327
v 8.690531 1.020000 -2.516781
v 8.659985 1.020000 -2.535082
v 8.628861 1.020000 -2.552385
v 8.454399 1.020000 -2.413946
v 8.399280 1.020000 -2.434691
v 8.342921 1.020000 -2.451787
v 8.285565 1.020000 -2.465161
v 8.227458 1.020000 -2.474755
v 8.168847 1.020000 -2.480527
v 8.051122 1.020000 -2.480527
v 8.175387 1.020000 -2.580313
v 8.044581 1.020000 -2.580313
v 8.145589 1.020000 -2.681878
v 8.109984 1.020000 -2.682454
v 8.074380 1.020000 -2.681878
v 7.992511 1.020000 -2.474755
v 7.934403 1.020000 -2.465161
v 7.877047 1.020000 -2.451787
v 7.820689 1.020000 -2.434691
v 7.609971 1.120000 -2.330777
v 7.562099 1.120000 -2.296472
v 7.473588 1.120000 -2.218850
v 7.501223 1.120000 -2.375808
v 7.402878 1.120000 -2.289561
v 7.411853 1.120000 -2.432520
v 7.384704 1.120000 -2.409478
v 7.358315 1.120000 -2.385569
v 7.433329 1.120000 -2.175865
v 7.395967 1.120000 -2.130339
v 7.361662 1.120000 -2.082467
v 7.330562 1.120000 -2.032454
v 7.302799 1.120000 -1.980514
v 7.278493 1.120000 -1.926869
v 7.240651 1.120000 -1.815391
v 7.186105 1.120000 -1.965138
v 7.144059 1.120000 -1.841273
v 7.080352 1.120000 -1.969568
v 7.068361 1.120000 -1.936038
v 7.057462 1.120000 -1.902137
v 7.227278 1.120000 -1.758035
v 7.217684 1.120000 -1.699928
v 7.211911 1.120000 -1.641317
v 7.209984 1.120000 -1.582454
v 7.211911 1.120000 -1.523591
v 7.217684 1.120000 -1.464981
v 7.240651 1.120000 -1.349517
v 7.118540 1.120000 -1.451928
v 7.144059 1.120000 -1.323635
v 7.024740 1.120000 -1.402888
v 7.031121 1.120000 -1.367855
v 7.038632 1.120000 -1.333047
v 7.257747 1.120000 -1.293159
v 7.278493 1.120000 -1.238039
v 7.302799 1.120000 -1.184394
v 7.330562 1.120000 -1.132454
v 7.361662 1.120000 -1.082441
v 7.395967 1.120000 -1.034569
v 7.473588 1.120000 -0.946058
v 7.316631 1.120000 -0.973693
v 7.402878 1.120000 -0.875347
v 7.259918 1.120000 -0.884323
v 7.282961 1.120000 -0.857174
v 7.306870 1.120000 -0.830785
v 7.516573 1.120000 -0.905798
v 7.562099 1.120000 -0.868436
v 7.609971 1.120000 -0.834132
v 7.659985 1.120000 -0.803031
v 7.711925 1.120000 -0.775269
v 7.765569 1.120000 -0.750963
v 7.877048 1.120000 -0.713121
v 7.727301 1.120000 -0.658575
v 7.851165 1.120000 -0.616528
v 7.722871 1.120000 -0.552822
v 7.756401 1.120000 -0.540831
v 7.790302 1.120000 -0.529932
v 7.934403 1.120000 -0.699747
v 7.992511 1.120000 -0.690154
v 8.051122 1.120000 -0.684381
v 8.109984 1.120000 -0.682454
v 8.168847 1.120000 -0.684381
v 8.227458 1.120000 -0.690154
v 8.342921 1.120000 -0.713121
v 8.240511 1.120000 -0.591009
v 8.368803 1.120000 -0.616528
v 8.289551 1.120000 -0.497210
v 8.324584 1.120000 -0.503590
v 8.359392 1.120000 -0.511102
v 8.399280 1.120000 -0.730217
v 8.454399 1.120000 -0.750963
v 8.508044 1.120000 -0.775269
v 8.559984 1.120000 -0.803031
v 8.609998 1.120000 -0.834132
v 8.657869 1.120000 -0.868436
v 8.746381 1.120000 -0.946058
v 8.718746 1.120000 -0.789101
v 8.817091 1.120000 -0.875347
v 8.808116 1.120000 -0.732388
v 8.835265 1.120000 -0.755430
v 8.861654 1.120000 -0.779340
v 8.786640 1.120000 -0.989043
v 8.824002 1.120000 -1.034569
v 8.858307 1.120000 -1.082441
v 8.889407 1.120000 -1.132454
v 8.917170 1.120000 -1.184394
v 8.941476 1.120000 -1.238039
v 8.979318 1.120000 -1.349517
v 9.033864 1.120000 -1.199771
v 9.075911 1.120000 -1.323635
v 9.139617 1.120000 -1.195341
v 9.151608 1.120000 -1.228871
v 9.162506 1.120000 -1.262771
v 8.992691 1.120000 -1.406873
v 9.002285 1.120000 -1.464981
v 9.008058 1.120000 -1.523591
v 9.009984 1.120000 -1.582454
v 9.008058 1.120000 -1.641317
v 9.002285 1.120000 -1.699928
v 8.979318 1.120000 -1.815391
v 9.101429 1.120000 -1.712981
v 9.075911 1.120000 -1.841273
v 9.195229 1.120000 -1.762020
v 9.188848 1.120000 -1.797054
v 9.181336 1.120000 -1.831862
v 8.962221 1.120000 -1.871750
v 8.941476 1.120000 -1.926869
v 8.917170 1.120000 -1.980514
v 8.889407 1.120000 -2.032454
v 8.858307 1.120000 -2.082468
v 8.824002 1.120000 -2.130340
v 8.746381 1.120000 -2.218850
v 8.903337 1.120000 -2.191216
v 8.817091 1.120000 -2.289561
v 8.960051 1.120000 -2.280586
v 8.937008 1.120000 -2.307735
v 8.913099 1.120000 -2.334124
v 8.703396 1.120000 -2.259110
v 8.657869 1.120000 -2.296472
v 8.609998 1.120000 -2.330777
v 8.559984 1.120000 -2.361877
v 8.508044 1.120000 -2.389640
v 8.454399 1.120000 -2.413946
v 8.342921 1.120000 -2.451787
v 8.492668 1.120000 -2.506334
v 8.368803 1.120000 -2.548380
v 8.497098 1.120000 -2.612087
v 8.463568 1.120000 -2.624077
v 8.429667 1.120000 -2.634976
v 8.285565 1.120000 -2.465161
v 8.227458 1.120000 -2.474755
v 8.168847 1.120000 -2.480527
v 8.109984 1.120000 -2.482454
v 8.051122 1.120000 -2.480527
v 7.992511 1.120000 -2.474755
v 7.877047 1.120000 -2.451787
v 7.979458 1.120000 -2.573899
v 7.851165 1.120000 -2.548380
v 7.930418 1.120000 -2.667699
v 7.895385 1.120000 -2.661318
v 7.860577 1.120000 -2.653807
v 7.820689 1.120000 -2.434691
v 7.765569 1.120000 -2.413946
v 7.711925 1.120000 -2.389640
v 7.659985 1.120000 -2.361877
v 7.473588 1.220000 -2.218850
v 7.433329 1.220000 -2.175865
v 7.361662 1.220000 -2.082467
v 7.358145 1.220000 -2.241800
v 7.278515 1.220000 -2.138024
v 7.259428 1.220000 -2.279988
v 7.237296 1.220000 -2.252092
v 7.216078 1.220000 -2.223494
v 7.330562 1.220000 -2.032454
v 7.302799 1.220000 -1.980514
v 7.278493 1.220000 -1.926869
v 7.257747 1.220000 -1.871750
v 7.240651 1.220000 -1.815391
v 7.227278 1.220000 -1.758035
v 7.211911 1.220000 -1.641317
v 7.129199 1.220000 -1.777544
v 7.112125 1.220000 -1.647857
v 7.024614 1.220000 -1.761258
v 7.019395 1.220000 -1.726033
v 7.015319 1.220000 -1.690657
v 7.209984 1.220000 -1.582454
v 7.211911 1.220000 -1.523591
v 7.217684 1.220000 -1.464981
v 7.227278 1.220000 -1.406873
v 7.240651 1.220000 -1.349517
v 7.257747 1.220000 -1.293159
v 7.302799 1.220000 -1.184394
v 7.163054 1.220000 -1.261015
v 7.213112 1.220000 -1.140165
v 7.080624 1.220000 -1.194618
v 7.093717 1.220000 -1.161502
v 7.107875 1.220000 -1.128828
v 7.330562 1.220000 -1.132454
v 7.361662 1.220000 -1.082441
v 7.395967 1.220000 -1.034569
v 7.433329 1.220000 -0.989043
v 7.473588 1.220000 -0.946058
v 7.516573 1.220000 -0.905798
v 7.609971 1.220000 -0.834132
v 7.450639 1.220000 -0.830614
v 7.554414 1.220000 -0.750985
v 7.412451 1.220000 -0.731898
v 7.440347 1.220000 -0.709765
v 7.468945 1.220000 -0.688548
v 7.659985 1.220000 -0.803031
v 7.711925 1.220000 -0.775269
v 7.765569 1.220000 -0.750963
v 7.820689 1.220000 -0.730217
v 7.877048 1.220000 -0.713121
v 7.934403 1.220000 -0.699747
v 8.051122 1.220000 -0.684381
v 7.914894 1.220000 -0.601669
v 8.044581 1.220000 -0.584595
v 7.931180 1.220000 -0.497084
v 7.966406 1.220000 -0.491865
v 8.001781 1.220000 -0.487789
v 8.109984 1.220000 -0.682454
v 8.168847 1.220000 -0.684381
v 8.227458 1.220000 -0.690154
v 8.285565 1.220000 -0.699747
v 8.342921 1.220000 -0.713121
v 8.399280 1.220000 -0.730217
v 8.508044 1.220000 -0.775269
v 8.431424 1.220000 -0.635524
v 8.552273 1.220000 -0.685582
v 8.497821 1.220000 -0.553094
v 8.530936 1.220000 -0.566187
v 8.563610 1.220000 -0.580345
v 8.559984 1.220000 -0.803031
v 8.609998 1.220000 -0.834132
v 8.657869 1.220000 -0.868436
v 8.703396 1.220000 -0.905798
v 8.746381 1.220000 -0.946058
v 8.786640 1.220000 -0.989043
v 8.858307 1.220000 -1.082441
v 8.861824 1.220000 -0.923108
v 8.941454 1.220000 -1.026884
v 8.960541 1.220000 -0.884920
v 8.982673 1.220000 -0.912817
v 9.003891 1.220000 -0.941415
v 8.889407 1.220000 -1.132454
v 8.917170 1.220000 -1.184394
v 8.941476 1.220000 -1.238039
v 8.962221 1.220000 -1.293159
v 8.979318 1.220000 -1.349517
v 8.992691 1.220000 -1.406873
v 9.008058 1.220000 -1.523591
v 9.090770 1.220000 -1.387364
v 9.107843 1.220000 -1.517051
v 9.195354 1.220000 -1.403650
v 9.200574 1.220000 -1.438875
v 9.204650 1.220000 -1.474251
v 9.009984 1.220000 -1.582454
v 9.008058 1.220000 -1.641317
v 9.002285 1.220000 -1.699928
v 8.992691 1.220000 -1.758036
v 8.979318 1.220000 -1.815391
v 8.962221 1.220000 -1.871750
v 8.917170 1.220000 -1.980514
v 9.056914 1.220000 -1.903894
v 9.006857 1.220000 -2.024743
v 9.139345 1.220000 -1.970291
v 9.126252 1.220000 -2.003406
v 9.112094 1.220000 -2.036080
v 8.889407 1.220000 -2.032454
v 8.858307 1.220000 -2.082468
v 8.824002 1.220000 -2.130340
v 8.786640 1.220000 -2.175865
v 8.746381 1.220000 -2.218850
v 8.703396 1.220000 -2.259110
v 8.609998 1.220000 -2.330777
v 8.769330 1.220000 -2.334294
v 8.665555 1.220000 -2.413924
v 8.807518 1.220000 -2.433011
v 8.779622 1.220000 -2.455143
v 8.751024 1.220000 -2.476361
v 8.559984 1.220000 -2.361877
v 8.508044 1.220000 -2.389640
v 8.454399 1.220000 -2.413946
v 8.399280 1.220000 -2.434691
v 8.342921 1.220000 -2.451787
v 8.285565 1.220000 -2.465161
v 8.168847 1.220000 -2.480527
v 8.305075 1.220000 -2.563240
v 8.175387 1.220000 -2.580313
v 8.288788 1.220000 -2.667825
v 8.253563 1.220000 -2.673044
v 8.218187 1.220000 -2.677119
v 8.109984 1.220000 -2.482454
v 8.051122 1.220000 -2.480527
v 7.992511 1.220000 -2.474755
v 7.934403 1.220000 -2.465161
v 7.877047 1.220000 -2.451787
v 7.820689 1.220000 -2.434691
v 7.711925 1.220000 -2.389640
v 7.788545 1.220000 -2.529384
v 7.667696 1.220000 -2.479327
v 7.722148 1.220000 -2.611814
v 7.689033 1.220000 -2.598722
v 7.656359 1.220000 -2.584564
v 7.659985 1.220000 -2.361877
v 7.609971 1.220000 -2.330777
v 7.562099 1.220000 -2.296472
v 7.516573 1.220000 -2.259110
v 7.361662 1.320000 -2.082467
v 7.330562 1.320000 -2.032454
v 7.278493 1.320000 -1.926869
v 7.243959 1.320000 -2.082454
v 7.186105 1.320000 -1.965138
v 7.139689 1.320000 -2.100650
v 7.123425 1.320000 -2.068972
v 7.108193 1.320000 -2.036784
v 7.257747 1.320000 -1.871750
v 7.240651 1.320000 -1.815391
v 7.227278 1.320000 -1.758035
v 7.217684 1.320000 -1.699928
v 7.211911 1.320000 -1.641317
v 7.209984 1.320000 -1.582454
v 7.217684 1.320000 -1.464981
v 7.109984 1.320000 -1.582454
v 7.118540 1.320000 -1.451928
v 7.010586 1.320000 -1.546077
v 7.012340 1.320000 -1.510511
v 7.015244 1.320000 -1.475020
v 7.227278 1.320000 -1.406873
v 7.240651 1.320000 -1.349517
v 7.257747 1.320000 -1.293159
v 7.278493 1.320000 -1.238039
v 7.302799 1.320000 -1.184394
v 7.330562 1.320000 -1.132454
v 7.395967 1.320000 -1.034569
v 7.243959 1.320000 -1.082454
v 7.316631 1.320000 -0.973693
v 7.176066 1.320000 -1.001251
v 7.195368 1.320000 -0.971327
v 7.215628 1.320000 -0.942043
v 7.433329 1.320000 -0.989043
v 7.473588 1.320000 -0.946058
v 7.516573 1.320000 -0.905798
v 7.562099 1.320000 -0.868436
v 7.609971 1.320000 -0.834132
v 7.659985 1.320000 -0.803031
v 7.765569 1.320000 -0.750963
v 7.609984 1.320000 -0.716429
v 7.727301 1.320000 -0.658575
v 7.591789 1.320000 -0.612159
v 7.623467 1.320000 -0.595894
v 7.655655 1.320000 -0.580663
v 7.820689 1.320000 -0.730217
v 7.877048 1.320000 -0.713121
v 7.934403 1.320000 -0.699747
v 7.992511 1.320000 -0.690154
v 8.051122 1.320000 -0.684381
v 8.109984 1.320000 -0.682454
v 8.227458 1.320000 -0.690154
v 8.109984 1.320000 -0.582454
v 8.240511 1.320000 -0.591009
v 8.146361 1.320000 -0.483056
v 8.181928 1.320000 -0.484809
v 8.217419 1.320000 -0.487713
v 8.285565 1.320000 -0.699747
v 8.342921 1.320000 -0.713121
v 8.399280 1.320000 -0.730217
v 8.454399 1.320000 -0.750963
v 8.508044 1.320000 -0.775269
v 8.559984 1.320000 -0.803031
v 8.657869 1.320000 -0.868436
v 8.609984 1.320000 -0.716429
v 8.718746 1.320000 -0.789101
v 8.691187 1.320000 -0.648536
v 8.721111 1.320000 -0.667838
v 8.750396 1.320000 -0.688098
v 8.703396 1.320000 -0.905798
v 8.746381 1.320000 -0.946058
v 8.786640 1.320000 -0.989043
v 8.824002 1.320000 -1.034569
v 8.858307 1.320000 -1.082441
v 8.889407 1.320000 -1.132454
v 8.941476 1.320000 -1.238039
v 8.976009 1.320000 -1.082454
v 9.033864 1.320000 -1.199771
v 9.080280 1.320000 -1.064259
v 9.096544 1.320000 -1.095937
v 9.111775 1.320000 -1.128125
v 8.962221 1.320000 -1.293159
v 8.979318 1.320000 -1.349517
v 8.992691 1.320000 -1.406873
v 9.002285 1.320000 -1.464981
v 9.008058 1.320000 -1.523591
v 9.009984 1.320000 -1.582454
v 9.002285 1.320000 -1.699928
v 9.109984 1.320000 -1.582454
v 9.101429 1.320000 -1.712981
v 9.209383 1.320000 -1.618831
v 9.207629 1.320000 -1.654398
v 9.204725 1.320000 -1.689889
v 8.992691 1.320000 -1.758036
v 8.979318 1.320000 -1.815391
v 8.962221 1.320000 -1.871750
v 8.941476 1.320000 -1.926869
v 8.917170 1.320000 -1.980514
v 8.889407 1.320000 -2.032454
v 8.824002 1.320000 -2.130340
v 8.976009 1.320000 -2.082454
v 8.903337 1.320000 -2.191216
v 9.043902 1.320000 -2.163657
v 9.024601 1.320000 -2.193582
v 9.004341 1.320000 -2.222866
v 8.786640 1.320000 -2.175865
v 8.746381 1.320000 -2.218850
v 8.703396 1.320000 -2.259110
v 8.657869 1.320000 -2.296472
v 8.609998 1.320000 -2.330777
v 8.559984 1.320000 -2.361877
v 8.454399 1.320000 -2.413946
v 8.609984 1.320000 -2.448480
v 8.492668 1.320000 -2.506334
v 8.628180 1.320000 -2.552750
v 8.596502 1.320000 -2.569014
v 8.564314 1.320000 -2.584245
v 8.399280 1.320000 -2.434691
v 8.342921 1.320000 -2.451787
v 8.285565 1.320000 -2.465161
v 8.227458 1.320000 -2.474755
v 8.168847 1.320000 -2.480527
v 8.109984 1.320000 -2.482454
v 7.992511 1.320000 -2.474755
v 8.109984 1.320000 -2.582454
v 7.979458 1.320000 -2.573899
v 8.073607 1.320000 -2.681853
v 8.038041 1.320000 -2.680099
v 8.002550 1.320000 -2.677195
v 7.934403 1.320000 -2.465161
v 7.877047 1.320000 -2.451787
v 7.820689 1.320000 -2.434691
v 7.765569 1.320000 -2.413946
v 7.711925 1.320000 -2.389640
v 7.659985 1.320000 -2.361877
v 7.562099 1.320000 -2.296472
v 7.609984 1.320000 -2.448480
v 7.501223 1.320000 -2.375808
v 7.528782 1.320000 -2.516372
v 7.498857 1.320000 -2.497071
v 7.469573 1.320000 -2.476810
v 7.516573 1.320000 -2.259110
v 7.473588 1.320000 -2.218850
v 7.433329 1.320000 -2.175865
v 7.395967 1.320000 -2.130339
v 7.278493 1.420000 -1.926869
v 7.257747 1.420000 -1.871750
v 7.227278 1.420000 -1.758035
v 7.163054 1.420000 -1.903894
v 7.129199 1.420000 -1.777544
v 7.057238 1.420000 -1.901398
v 7.047466 1.420000 -1.867155
v 7.038807 1.420000 -1.832614
v 7.217684 1.420000 -1.699928
v 7.211911 1.420000 -1.641317
v 7.209984 1.420000 -1.582454
v 7.211911 1.420000 -1.523591
v 7.217684 1.420000 -1.464981
v 7.227278 1.420000 -1.406873
v 7.257747 1.420000 -1.293159
v 7.129199 1.420000 -1.387364
v 7.163054 1.420000 -1.261015
v 7.038807 1.420000 -1.332294
v 7.047466 1.420000 -1.297753
v 7.057238 1.420000 -1.263511
v 7.278493 1.420000 -1.238039
v 7.302799 1.420000 -1.184394
v 7.330562 1.420000 -1.132454
v 7.361662 1.420000 -1.082441
v 7.395967 1.420000 -1.034569
v 7.433329 1.420000 -0.989043
v 7.516573 1.420000 -0.905798
v 7.358145 1.420000 -0.923108
v 7.450639 1.420000 -0.830614
v 7.307398 1.420000 -0.830221
v 7.332167 1.420000 -0.804637
v 7.357751 1.420000 -0.779868
v 7.562099 1.420000 -0.868436
v 7.609971 1.420000 -0.834132
v 7.659985 1.420000 -0.803031
v 7.711925 1.420000 -0.775269
v 7.765569 1.420000 -0.750963
v 7.820689 1.420000 -0.730217
v 7.934403 1.420000 -0.699747
v 7.788545 1.420000 -0.635524
v 7.914894 1.420000 -0.601669
v 7.791041 1.420000 -0.529708
v 7.825284 1.420000 -0.519936
v 7.859824 1.420000 -0.511277
v 7.992511 1.420000 -0.690154
v 8.051122 1.420000 -0.684381
v 8.109984 1.420000 -0.682454
v 8.168847 1.420000 -0.684381
v 8.227458 1.420000 -0.690154
v 8.285565 1.420000 -0.699747
v 8.399280 1.420000 -0.730217
v 8.305075 1.420000 -0.601669
v 8.431424 1.420000 -0.635524
v 8.360145 1.420000 -0.511277
v 8.394686 1.420000 -0.519936
v 8.428928 1.420000 -0.529708
v 8.454399 1.420000 -0.750963
v 8.508044 1.420000 -0.775269
v 8.559984 1.420000 -0.803031
v 8.609998 1.420000 -0.834132
v 8.657869 1.420000 -0.868436
v 8.703396 1.420000 -0.905798
v 8.786640 1.420000 -0.989043
v 8.769330 1.420000 -0.830614
v 8.861824 1.420000 -0.923108
v 8.862218 1.420000 -0.779868
v 8.887802 1.420000 -0.804637
v 8.912571 1.420000 -0.830221
v 8.824002 1.420000 -1.034569
v 8.858307 1.420000 -1.082441
v 8.889407 1.420000 -1.132454
v 8.917170 1.420000 -1.184394
v 8.941476 1.420000 -1.238039
v 8.962221 1.420000 -1.293159
v 8.992691 1.420000 -1.406873
v 9.056914 1.420000 -1.261015
v 9.090770 1.420000 -1.387364
v 9.162731 1.420000 -1.263511
v 9.172503 1.420000 -1.297753
v 9.181161 1.420000 -1.332294
v 9.002285 1.420000 -1.464981
v 9.008058 1.420000 -1.523592
v 9.009984 1.420000 -1.582454
v 9.008058 1.420000 -1.641317
v 9.002285 1.420000 -1.699928
v 8.992691 1.420000 -1.758036
v 8.962221 1.420000 -1.871750
v 9.090770 1.420000 -1.777545
v 9.056914 1.420000 -1.903894
v 9.181161 1.420000 -1.832614
v 9.172503 1.420000 -1.867155
v 9.162731 1.420000 -1.901398
v 8.941476 1.420000 -1.926869
v 8.917170 1.420000 -1.980514
v 8.889407 1.420000 -2.032454
v 8.858307 1.420000 -2.082468
v 8.824002 1.420000 -2.130340
v 8.786640 1.420000 -2.175865
v 8.703396 1.420000 -2.259110
v 8.861824 1.420000 -2.241800
v 8.769330 1.420000 -2.334294
v 8.912571 1.420000 -2.334688
v 8.887802 1.420000 -2.360272
v 8.862218 1.420000 -2.385041
v 8.657869 1.420000 -2.296472
v 8.609998 1.420000 -2.330777
v 8.559984 1.420000 -2.361877
v 8.508044 1.420000 -2.389640
v 8.454399 1.420000 -2.413946
v 8.399280 1.420000 -2.434691
v 8.285565 1.420000 -2.465161
v 8.431424 1.420000 -2.529384
v 8.305075 1.420000 -2.563240
v 8.428927 1.420000 -2.635201
v 8.394686 1.420000 -2.644973
v 8.360145 1.420000 -2.653631
v 8.227458 1.420000 -2.474755
v 8.168847 1.420000 -2.480527
v 8.109984 1.420000 -2.482454
v 8.051122 1.420000 -2.480527
v 7.992511 1.420000 -2.474755
v 7.934403 1.420000 -2.465161
v 7.820689 1.420000 -2.434691
v 7.914894 1.420000 -2.563240
v 7.788545 1.420000 -2.529384
v 7.859824 1.420000 -2.653631
v 7.825284 1.420000 -2.644973
v 7.791041 1.420000 -2.635201
v 7.765569 1.420000 -2.413946
v 7.711925 1.420000 -2.389640
v 7.659985 1.420000 -2.361877
v 7.609971 1.420000 -2.330777
v 7.562099 1.420000 -2.296472
v 7.516573 1.420000 -2.259110
v 7.433329 1.420000 -2.175865
v 7.450639 1.420000 -2.334294
v 7.358145 1.420000 -2.241800
v 7.357751 1.420000 -2.385041
v 7.332167 1.420000 -2.360272
v 7.307398 1.420000 -2.334688
v 7.395967 1.420000 -2.130339
v 7.361662 1.420000 -2.082467
v 7.330562 1.420000 -2.032454
v 7.302799 1.420000 -1.980514
v 7.227278 1.520000 -1.758035
v 7.217684 1.520000 -1.699928
v 7.209984 1.520000 -1.582454
v 7.118539 1.520000 -1.712980
v 7.109984 1.520000 -1.582454
v 7.015244 1.520000 -1.689888
v 7.012340 1.520000 -1.654398
v 7.010586 1.520000 -1.618831
v 7.211911 1.520000 -1.523591
v 7.217684 1.520000 -1.464981
v 7.227278 1.520000 -1.406873
v 7.240651 1.520000 -1.349517
v 7.257747 1.520000 -1.293159
v 7.278493 1.520000 -1.238039
v 7.330562 1.520000 -1.132454
v 7.186105 1.520000 -1.199771
v 7.243959 1.520000 -1.082454
v 7.108194 1.520000 -1.128124
v 7.123425 1.520000 -1.095937
v 7.139689 1.520000 -1.064258
v 7.361662 1.520000 -1.082441
v 7.395967 1.520000 -1.034569
v 7.433329 1.520000 -0.989043
v 7.473588 1.520000 -0.946058
v 7.516573 1.520000 -0.905798
v 7.562099 1.520000 -0.868436
v 7.659985 1.520000 -0.803031
v 7.501223 1.520000 -0.789101
v 7.609984 1.520000 -0.716429
v 7.469573 1.520000 -0.688098
v 7.498857 1.520000 -0.667838
v 7.528782 1.520000 -0.648536
v 7.711925 1.520000 -0.775269
v 7.765569 1.520000 -0.750963
v 7.820689 1.520000 -0.730217
v 7.877048 1.520000 -0.713121
v 7.934403 1.520000 -0.699747
v 7.992511 1.520000 -0.690154
v 8.109984 1.520000 -0.682454
v 7.979458 1.520000 -0.591009
v 8.109984 1.520000 -0.582454
v 8.002550 1.520000 -0.487713
v 8.038041 1.520000 -0.484809
v 8.073607 1.520000 -0.483056
v 8.168847 1.520000 -0.684381
v 8.227458 1.520000 -0.690154
v 8.285565 1.520000 -0.699747
v 8.342921 1.520000 -0.713121
v 8.399280 1.520000 -0.730217
v 8.454399 1.520000 -0.750963
v 8.559984 1.520000 -0.803031
v 8.492668 1.520000 -0.658575
v 8.609984 1.520000 -0.716429
v 8.564314 1.520000 -0.580664
v 8.596502 1.520000 -0.595894
v 8.628181 1.520000 -0.612159
v 8.609998 1.520000 -0.834132
v 8.657869 1.520000 -0.868436
v 8.703396 1.520000 -0.905798
v 8.746381 1.520000 -0.946058
v 8.786640 1.520000 -0.989043
v 8.824002 1.520000 -1.034569
v 8.889407 1.520000 -1.132454
v 8.903337 1.520000 -0.973693
v 8.976009 1.520000 -1.082454
v 9.004341 1.520000 -0.942043
v 9.024601 1.520000 -0.971327
v 9.043902 1.520000 -1.001252
v 8.917170 1.520000 -1.184394
v 8.941476 1.520000 -1.238039
v 8.962221 1.520000 -1.293159
v 8.979318 1.520000 -1.349517
v 8.992691 1.520000 -1.406873
v 9.002285 1.520000 -1.464981
v 9.009984 1.520000 -1.582454
v 9.101429 1.520000 -1.451928
v 9.109984 1.520000 -1.582454
v 9.204725 1.520000 -1.475020
v 9.207629 1.520000 -1.510511
v 9.209383 1.520000 -1.546077
v 9.008058 1.520000 -1.641317
v 9.002285 1.520000 -1.699928
v 8.992691 1.520000 -1.758036
v 8.979318 1.520000 -1.815391
v 8.962221 1.520000 -1.871750
v 8.941476 1.520000 -1.926869
v 8.889407 1.520000 -2.032454
v 9.033864 1.520000 -1.965138
v 8.976009 1.520000 -2.082454
v 9.111775 1.520000 -2.036784
v 9.096544 1.520000 -2.068972
v 9.080280 1.520000 -2.100650
v 8.858307 1.520000 -2.082468
v 8.824002 1.520000 -2.130340
v 8.786640 1.520000 -2.175865
v 8.746381 1.520000 -2.218850
v 8.703396 1.520000 -2.259110
v 8.657869 1.520000 -2.296472
v 8.559984 1.520000 -2.361877
v 8.718746 1.520000 -2.375808
v 8.609984 1.520000 -2.448480
v 8.750396 1.520000 -2.476810
v 8.721111 1.520000 -2.497071
v 8.691187 1.520000 -2.516373
v 8.508044 1.520000 -2.389640
v 8.454399 1.520000 -2.413946
v 8.399280 1.520000 -2.434691
v 8.342921 1.520000 -2.451787
v 8.285565 1.520000 -2.465161
v 8.227458 1.520000 -2.474755
v 8.109984 1.520000 -2.482454
v 8.240511 1.520000 -2.573899
v 8.109984 1.520000 -2.582454
v 8.217419 1.520000 -2.677195
v 8.181928 1.520000 -2.680099
v 8.146361 1.520000 -2.681853
v 8.051122 1.520000 -2.480527
v 7.992511 1.520000 -2.474755
v 7.934403 1.520000 -2.465161
v 7.877047 1.520000 -2.451787
v 7.820689 1.520000 -2.434691
v 7.765569 1.520000 -2.413946
v 7.659984 1.520000 -2.361877
v 7.727301 1.520000 -2.506334
v 7.609984 1.520000 -2.448480
v 7.655655 1.520000 -2.584245
v 7.623467 1.520000 -2.569014
v 7.591789 1.520000 -2.552750
v 7.609971 1.520000 -2.330777
v 7.562099 1.520000 -2.296472
v 7.516573 1.520000 -2.259110
v 7.473588 1.520000 -2.218850
v 7.433329 1.520000 -2.175865
v 7.395967 1.520000 -2.130339
v 7.330562 1.520000 -2.032454
v 7.316631 1.520000 -2.191216
v 7.243959 1.520000 -2.082454
v 7.215628 1.520000 -2.222866
v 7.195368 1.520000 -2.193581
v 7.176066 1.520000 -2.163657
v 7.302799 1.520000 -1.980514
v 7.278493 1.520000 -1.926869
v 7.257747 1.520000 -1.871750
v 7.240651 1.520000 -1.815391
v 7.209984 1.620000 -1.582454
v 7.211911 1.620000 -1.523591
v 7.227278 1.620000 -1.406873
v 7.112125 1.620000 -1.517051
v 7.129199 1.620000 -1.387364
v 7.015319 1.620000 -1.474251
v 7.019395 1.620000 -1.438875
v 7.024614 1.620000 -1.403650
v 7.240651 1.620000 -1.349517
v 7.257747 1.620000 -1.293159
v 7.278493 1.620000 -1.238039
v 7.302799 1.620000 -1.184394
v 7.330562 1.620000 -1.132454
v 7.361662 1.620000 -1.082441
v 7.433329 1.620000 -0.989043
v 7.278515 1.620000 -1.026884
v 7.358145 1.620000 -0.923108
v 7.216078 1.620000 -0.941415
v 7.237296 1.620000 -0.912817
v 7.259428 1.620000 -0.884920
v 7.473588 1.620000 -0.946058
v 7.516573 1.620000 -0.905798
v 7.562099 1.620000 -0.868436
v 7.609971 1.620000 -0.834132
v 7.659985 1.620000 -0.803031
v 7.711925 1.620000 -0.775269
v 7.820689 1.620000 -0.730217
v 7.667696 1.620000 -0.685581
v 7.788545 1.620000 -0.635524
v 7.656359 1.620000 -0.580345
v 7.689033 1.620000 -0.566187
v 7.722148 1.620000 -0.553094
v 7.877048 1.620000 -0.713121
v 7.934403 1.620000 -0.699747
v 7.992511 1.620000 -0.690154
v 8.051122 1.620000 -0.684381
v 8.109984 1.620000 -0.682454
v 8.168847 1.620000 -0.684381
v 8.285565 1.620000 -0.699747
v 8.175387 1.620000 -0.584595
v 8.305075 1.620000 -0.601669
v 8.218188 1.620000 -0.487789
v 8.253563 1.620000 -0.491865
v 8.288789 1.620000 -0.497084
v 8.342921 1.620000 -0.713121
v 8.399280 1.620000 -0.730217
v 8.454399 1.620000 -0.750963
v 8.508044 1.620000 -0.775269
v 8.559984 1.620000 -0.803031
v 8.609998 1.620000 -0.834132
v 8.703396 1.620000 -0.905798
v 8.665555 1.620000 -0.750985
v 8.769330 1.620000 -0.830614
v 8.751024 1.620000 -0.688548
v 8.779622 1.620000 -0.709766
v 8.807518 1.620000 -0.731898
v 8.746381 1.620000 -0.946058
v 8.786640 1.620000 -0.989043
v 8.824002 1.620000 -1.034569
v 8.858307 1.620000 -1.082441
v 8.889407 1.620000 -1.132454
v 8.917170 1.620000 -1.184394
v 8.962221 1.620000 -1.293159
v 9.006857 1.620000 -1.140166
v 9.056914 1.620000 -1.261015
v 9.112094 1.620000 -1.128829
v 9.126252 1.620000 -1.161502
v 9.139345 1.620000 -1.194618
v 8.979318 1.620000 -1.349517
v 8.992691 1.620000 -1.406873
v 9.002285 1.620000 -1.464981
v 9.008058 1.620000 -1.523592
v 9.009984 1.620000 -1.582454
v 9.008058 1.620000 -1.641317
v 8.992691 1.620000 -1.758036
v 9.107843 1.620000 -1.647857
v 9.090770 1.620000 -1.777545
v 9.204650 1.620000 -1.690658
v 9.200574 1.620000 -1.726033
v 9.195354 1.620000 -1.761258
v 8.979318 1.620000 -1.815391
v 8.962221 1.620000 -1.871750
v 8.941476 1.620000 -1.926869
v 8.917170 1.620000 -1.980514
v 8.889407 1.620000 -2.032454
v 8.858307 1.620000 -2.082468
v 8.786640 1.620000 -2.175865
v 8.941454 1.620000 -2.138025
v 8.861824 1.620000 -2.241800
v 9.003891 1.620000 -2.223494
v 8.982673 1.620000 -2.252092
v 8.960541 1.620000 -2.279988
v 8.746381 1.620000 -2.218850
v 8.703396 1.620000 -2.259110
v 8.657869 1.620000 -2.296472
v 8.609998 1.620000 -2.330777
v 8.559984 1.620000 -2.361877
v 8.508044 1.620000 -2.389640
v 8.399280 1.620000 -2.434691
v 8.552273 1.620000 -2.479327
v 8.431424 1.620000 -2.529384
v 8.563610 1.620000 -2.584564
v 8.530936 1.620000 -2.598722
v 8.497821 1.620000 -2.611814
v 8.342921 1.620000 -2.451787
v 8.285565 1.620000 -2.465161
v 8.227458 1.620000 -2.474755
v 8.168847 1.620000 -2.480527
v 8.109984 1.620000 -2.482454
v 8.051122 1.620000 -2.480527
v 7.934403 1.620000 -2.465161
v 8.044581 1.620000 -2.580313
v 7.914894 1.620000 -2.563240
v 8.001781 1.620000 -2.677119
v 7.966405 1.620000 -2.673043
v 7.931180 1.620000 -2.667825
v 7.877047 1.620000 -2.451787
v 7.820689 1.620000 -2.434691
v 7.765569 1.620000 -2.413946
v 7.711925 1.620000 -2.389640
v 7.659984 1.620000 -2.361877
v 7.609971 1.620000 -2.330777
v 7.516573 1.620000 -2.259110
v 7.554414 1.620000 -2.413924
v 7.450639 1.620000 -2.334294
v 7.468945 1.620000 -2.476360
v 7.440347 1.620000 -2.455143
v 7.412450 1.620000 -2.433011
v 7.473588 1.620000 -2.218850
v 7.433329 1.620000 -2.175865
v 7.395967 1.620000 -2.130339
v 7.361662 1.620000 -2.082467
v 7.330562 1.620000 -2.032454
v 7.302799 1.620000 -1.980514
v 7.257747 1.620000 -1.871750
v 7.213112 1.620000 -2.024743
v 7.163054 1.620000 -1.903894
v 7.107875 1.620000 -2.036080
v 7.093717 1.620000 -2.003406
v 7.080624 1.620000 -1.970291
v 7.240651 1.620000 -1.815391
v 7.227278 1.620000 -1.758035
v 7.217684 1.620000 -1.699928
v 7.211911 1.620000 -1.641317
v 7.227278 1.720000 -1.406873
v 7.240651 1.720000 -1.349517
v 7.278493 1.720000 -1.238039
v 7.144059 1.720000 -1.323635
v 7.186105 1.720000 -1.199771
v 7.057462 1.720000 -1.262771
v 7.068361 1.720000 -1.228871
v 7.080352 1.720000 -1.195341
v 7.302799 1.720000 -1.184394
v 7.330562 1.720000 -1.132454
v 7.361662 1.720000 -1.082441
v 7.395967 1.720000 -1.034569
v 7.433329 1.720000 -0.989043
v 7.473588 1.720000 -0.946058
v 7.562099 1.720000 -0.868436
v 7.402878 1.720000 -0.875347
v 7.501223 1.720000 -0.789101
v 7.358315 1.720000 -0.779340
v 7.384704 1.720000 -0.755430
v 7.411853 1.720000 -0.732388
v 7.609971 1.720000 -0.834131
v 7.659985 1.720000 -0.803031
v 7.711925 1.720000 -0.775269
v 7.765569 1.720000 -0.750963
v 7.820689 1.720000 -0.730217
v 7.877048 1.720000 -0.713121
v 7.992511 1.720000 -0.690154
v 7.851165 1.720000 -0.616528
v 7.979458 1.720000 -0.591009
v 7.860577 1.720000 -0.511102
v 7.895385 1.720000 -0.503590
v 7.930418 1.720000 -0.497210
v 8.051122 1.720000 -0.684381
v 8.109984 1.720000 -0.682454
v 8.168847 1.720000 -0.684381
v 8.227458 1.720000 -0.690154
v 8.285565 1.720000 -0.699747
v 8.342921 1.720000 -0.713121
v 8.454399 1.720000 -0.750963
v 8.368804 1.720000 -0.616528
v 8.492668 1.720000 -0.658575
v 8.429667 1.720000 -0.529932
v 8.463568 1.720000 -0.540831
v 8.497098 1.720000 -0.552822
v 8.508044 1.720000 -0.775269
v 8.559984 1.720000 -0.803031
v 8.609998 1.720000 -0.834132
v 8.657869 1.720000 -0.868436
v 8.703396 1.720000 -0.905798
v 8.746381 1.720000 -0.946058
v 8.824002 1.720000 -1.034569
v 8.817091 1.720000 -0.875347
v 8.903337 1.720000 -0.973693
v 8.913099 1.720000 -0.830785
v 8.937008 1.720000 -0.857174
v 8.960051 1.720000 -0.884323
v 8.858307 1.720000 -1.082441
v 8.889407 1.720000 -1.132454
v 8.917170 1.720000 -1.184394
v 8.941476 1.720000 -1.238039
v 8.962221 1.720000 -1.293159
v 8.979318 1.720000 -1.349517
v 9.002285 1.720000 -1.464981
v 9.075911 1.720000 -1.323635
v 9.101429 1.720000 -1.451928
v 9.181336 1.720000 -1.333047
v 9.188848 1.720000 -1.367855
v 9.195229 1.720000 -1.402888
v 9.008058 1.720000 -1.523592
v 9.009984 1.720000 -1.582454
v 9.008058 1.720000 -1.641317
v 9.002285 1.720000 -1.699928
v 8.992691 1.720000 -1.758036
v 8.979318 1.720000 -1.815391
v 8.941476 1.720000 -1.926869
v 9.075911 1.720000 -1.841273
v 9.033864 1.720000 -1.965138
v 9.162506 1.720000 -1.902137
v 9.151608 1.720000 -1.936038
v 9.139617 1.720000 -1.969568
v 8.917170 1.720000 -1.980514
v 8.889407 1.720000 -2.032454
v 8.858307 1.720000 -2.082468
v 8.824002 1.720000 -2.130340
v 8.786640 1.720000 -2.175865
v 8.746381 1.720000 -2.218850
v 8.657869 1.720000 -2.296472
v 8.817091 1.720000 -2.289561
v 8.718746 1.720000 -2.375808
v 8.861654 1.720000 -2.385569
v 8.835265 1.720000 -2.409478
v 8.808116 1.720000 -2.432521
v 8.609998 1.720000 -2.330777
v 8.559984 1.720000 -2.361877
v 8.508044 1.720000 -2.389640
v 8.454399 1.720000 -2.413946
v 8.399280 1.720000 -2.434691
v 8.342921 1.720000 -2.451787
v 8.227458 1.720000 -2.474755
v 8.368803 1.720000 -2.548380
v 8.240511 1.720000 -2.573899
v 8.359392 1.720000 -2.653807
v 8.324584 1.720000 -2.661318
v 8.289551 1.720000 -2.667699
v 8.168847 1.720000 -2.480527
v 8.109984 1.720000 -2.482454
v 8.051122 1.720000 -2.480527
v 7.992511 1.720000 -2.474755
v 7.934403 1.720000 -2.465161
v 7.877047 1.720000 -2.451787
v 7.765569 1.720000 -2.413946
v 7.851165 1.720000 -2.548380
v 7.727301 1.720000 -2.506334
v 7.790301 1.720000 -2.634976
v 7.756401 1.720000 -2.624077
v 7.722871 1.720000 -2.612087
v 7.711925 1.720000 -2.389640
v 7.659984 1.720000 -2.361877
v 7.609971 1.720000 -2.330777
v 7.562099 1.720000 -2.296472
v 7.516573 1.720000 -2.259110
v 7.473588 1.720000 -2.218850
v 7.395967 1.720000 -2.130339
v 7.402878 1.720000 -2.289561
v 7.316631 1.720000 -2.191216
v 7.306870 1.720000 -2.334124
v 7.282960 1.720000 -2.307734
v 7.259918 1.720000 -2.280585
v 7.361662 1.720000 -2.082467
v 7.330562 1.720000 -2.032454
v 7.302799 1.720000 -1.980514
v 7.278493 1.720000 -1.926869
v 7.257747 1.720000 -1.871750
v 7.240651 1.720000 -1.815391
v 7.217684 1.720000 -1.699928
v 7.144059 1.720000 -1.841273
v 7.118539 1.720000 -1.712980
v 7.038632 1.720000 -1.831862
v 7.031120 1.720000 -1.797053
v 7.024740 1.720000 -1.762020
v 7.211911 1.720000 -1.641317
v 7.209984 1.720000 -1.582454
v 7.211911 1.720000 -1.523591
v 7.217684 1.720000 -1.464981
v 7.278493 1.820000 -1.238039
v 7.302799 1.820000 -1.184394
v 7.361662 1.820000 -1.082441
v 7.213112 1.820000 -1.140165
v 7.278515 1.820000 -1.026884
v 7.140053 1.820000 -1.063577
v 7.157356 1.820000 -1.032454
v 7.175658 1.820000 -1.001908
v 7.395967 1.820000 -1.034569
v 7.433329 1.820000 -0.989043
v 7.473588 1.820000 -0.946058
v 7.516573 1.820000 -0.905798
v 7.562099 1.820000 -0.868436
v 7.609971 1.820000 -0.834131
v 7.711925 1.820000 -0.775269
v 7.554414 1.820000 -0.750985
v 7.667696 1.820000 -0.685581
v 7.529438 1.820000 -0.648128
v 7.559985 1.820000 -0.629826
v 7.591107 1.820000 -0.612523
v 7.765569 1.820000 -0.750963
v 7.820689 1.820000 -0.730217
v 7.877048 1.820000 -0.713121
v 7.934403 1.820000 -0.699747
v 7.992511 1.820000 -0.690154
v 8.051122 1.820000 -0.684381
v 8.168847 1.820000 -0.684381
v 8.044581 1.820000 -0.584595
v 8.175387 1.820000 -0.584595
v 8.074380 1.820000 -0.483031
v 8.109984 1.820000 -0.482454
v 8.145590 1.820000 -0.483031
v 8.227458 1.820000 -0.690154
v 8.285565 1.820000 -0.699747
v 8.342921 1.820000 -0.713121
v 8.399280 1.820000 -0.730217
v 8.454399 1.820000 -0.750963
v 8.508044 1.820000 -0.775269
v 8.609998 1.820000 -0.834132
v 8.552273 1.820000 -0.685582
v 8.665555 1.820000 -0.750985
v 8.628861 1.820000 -0.612523
v 8.659985 1.820000 -0.629826
v 8.690531 1.820000 -0.648128
v 8.657869 1.820000 -0.868436
v 8.703396 1.820000 -0.905798
v 8.746381 1.820000 -0.946058
v 8.786640 1.820000 -0.989043
v 8.824002 1.820000 -1.034569
v 8.858307 1.820000 -1.082441
v 8.917170 1.820000 -1.184394
v 8.941454 1.820000 -1.026884
v 9.006857 1.820000 -1.140166
v 9.044311 1.820000 -1.001908
v 9.062613 1.820000 -1.032454
v 9.079916 1.820000 -1.063577
v 8.941476 1.820000 -1.238039
v 8.962221 1.820000 -1.293159
v 8.979318 1.820000 -1.349517
v 8.992691 1.820000 -1.406873
v 9.002285 1.820000 -1.464981
v 9.008058 1.820000 -1.523592
v 9.008058 1.820000 -1.641317
v 9.107843 1.820000 -1.517051
v 9.107843 1.820000 -1.647857
v 9.209408 1.820000 -1.546849
v 9.209985 1.820000 -1.582454
v 9.209408 1.820000 -1.618059
v 9.002285 1.820000 -1.699928
v 8.992691 1.820000 -1.758036
v 8.979318 1.820000 -1.815391
v 8.962221 1.820000 -1.871750
v 8.941476 1.820000 -1.926869
v 8.917170 1.820000 -1.980514
v 8.858307 1.820000 -2.082468
v 9.006857 1.820000 -2.024743
v 8.941454 1.820000 -2.138025
v 9.079916 1.820000 -2.101331
v 9.062613 1.820000 -2.132454
v 9.044311 1.820000 -2.163001
v 8.824002 1.820000 -2.130340
v 8.786640 1.820000 -2.175866
v 8.746381 1.820000 -2.218850
v 8.703396 1.820000 -2.259110
v 8.657869 1.820000 -2.296472
v 8.609998 1.820000 -2.330777
v 8.508044 1.820000 -2.389640
v 8.665554 1.820000 -2.413924
v 8.552273 1.820000 -2.479327
v 8.690531 1.820000 -2.516781
v 8.659985 1.820000 -2.535082
v 8.628861 1.820000 -2.552385
v 8.454399 1.820000 -2.413946
v 8.399280 1.820000 -2.434691
v 8.342921 1.820000 -2.451787
v 8.285565 1.820000 -2.465161
v 8.227458 1.820000 -2.474755
v 8.168847 1.820000 -2.480527
v 8.051122 1.820000 -2.480527
v 8.175387 1.820000 -2.580313
v 8.044581 1.820000 -2.580313
v 8.145589 1.820000 -2.681878
v 8.109984 1.820000 -2.682454
v 8.074379 1.820000 -2.681878
v 7.992511 1.820000 -2.474755
v 7.934403 1.820000 -2.465161
v 7.877047 1.820000 -2.451787
v 7.820689 1.820000 -2.434691
v 7.765569 1.820000 -2.413946
v 7.711925 1.820000 -2.389640
v 7.609971 1.820000 -2.330777
v 7.667696 1.820000 -2.479327
v 7.554414 1.820000 -2.413924
v 7.591107 1.820000 -2.552385
v 7.559984 1.820000 -2.535082
v 7.529438 1.820000 -2.516780
v 7.562099 1.820000 -2.296472
v 7.516573 1.820000 -2.259110
v 7.473588 1.820000 -2.218850
v 7.433329 1.820000 -2.175865
v 7.395967 1.820000 -2.130339
v 7.361662 1.820000 -2.082467
v 7.302799 1.820000 -1.980514
v 7.278515 1.820000 -2.138024
v 7.213112 1.820000 -2.024743
v 7.175658 1.820000 -2.163001
v 7.157356 1.820000 -2.132454
v 7.140053 1.820000 -2.101331
v 7.278493 1.820000 -1.926869
v 7.257747 1.820000 -1.871750
v 7.240651 1.820000 -1.815391
v 7.227278 1.820000 -1.758035
v 7.217684 1.820000 -1.699928
v 7.211911 1.820000 -1.641317
v 7.211911 1.820000 -1.523591
v 7.112125 1.820000 -1.647857
v 7.112125 1.820000 -1.517051
v 7.010561 1.820000 -1.618059
v 7.009984 1.820000 -1.582454
v 7.010561 1.820000 -1.546849
v 7.217684 1.820000 -1.464981
v 7.227278 1.820000 -1.406873
v 7.240651 1.820000 -1.349517
v 7.257747 1.820000 -1.293159
v 7.361662 1.920000 -1.082441
v 7.395967 1.920000 -1.034569
v 7.473588 1.920000 -0.946058
v 7.316631 1.920000 -0.973693
v 7.402878 1.920000 -0.875347
v 7.259918 1.920000 -0.884323
v 7.282961 1.920000 -0.857174
v 7.306870 1.920000 -0.830785
v 7.516573 1.920000 -0.905798
v 7.562099 1.920000 -0.868436
v 7.609971 1.920000 -0.834131
v 7.659985 1.920000 -0.803031
v 7.711925 1.920000 -0.775269
v 7.765569 1.920000 -0.750963
v 7.877048 1.920000 -0.713121
v 7.727301 1.920000 -0.658575
v 7.851165 1.920000 -0.616528
v 7.722871 1.920000 -0.552822
v 7.756401 1.920000 -0.540831
v 7.790302 1.920000 -0.529932
v 7.934403 1.920000 -0.699747
v 7.992511 1.920000 -0.690154
v 8.051122 1.920000 -0.684381
v 8.109984 1.920000 -0.682454
v 8.168847 1.920000 -0.684381
v 8.227458 1.920000 -0.690154
v 8.342921 1.920000 -0.713121
v 8.240511 1.920000 -0.591009
v 8.368804 1.920000 -0.616528
v 8.289551 1.920000 -0.497210
v 8.324584 1.920000 -0.503590
v 8.359392 1.920000 -0.511102
v 8.399280 1.920000 -0.730217
v 8.454399 1.920000 -0.750963
v 8.508044 1.920000 -0.775269
v 8.559984 1.920000 -0.803031
v 8.609998 1.920000 -0.834132
v 8.657869 1.920000 -0.868436
v 8.746381 1.920000 -0.946058
v 8.718746 1.920000 -0.789101
v 8.817091 1.920000 -0.875347
v 8.808116 1.920000 -0.732388
v 8.835265 1.920000 -0.755431
v 8.861654 1.920000 -0.779340
v 8.786640 1.920000 -0.989043
v 8.824002 1.920000 -1.034569
v 8.858307 1.920000 -1.082441
v 8.889407 1.920000 -1.132454
v 8.917170 1.920000 -1.184394
v 8.941476 1.920000 -1.238039
v 8.979318 1.920000 -1.349517
v 9.033864 1.920000 -1.199771
v 9.075911 1.920000 -1.323635
v 9.139617 1.920000 -1.195341
v 9.151608 1.920000 -1.228871
v 9.162506 1.920000 -1.262771
v 8.992691 1.920000 -1.406873
v 9.002285 1.920000 -1.464981
v 9.008058 1.920000 -1.523592
v 9.009984 1.920000 -1.582454
v 9.008058 1.920000 -1.641317
v 9.002285 1.920000 -1.699928
v 8.979318 1.920000 -1.815391
v 9.101429 1.920000 -1.712981
v 9.075911 1.920000 -1.841273
v 9.195229 1.920000 -1.762020
v 9.188848 1.920000 -1.797054
v 9.181336 1.920000 -1.831862
v 8.962221 1.920000 -1.871750
v 8.941476 1.920000 -1.926869
v 8.917170 1.920000 -1.980514
v 8.889407 1.920000 -2.032454
v 8.858307 1.920000 -2.082468
v 8.824002 1.920000 -2.130340
v 8.746381 1.920000 -2.218850
v 8.903337 1.920000 -2.191216
v 8.817091 1.920000 -2.289561
v 8.960051 1.920000 -2.280586
v 8.937008 1.920000 -2.307735
v 8.913099 1.920000 -2.334124
v 8.703396 1.920000 -2.259110
v 8.657869 1.920000 -2.296472
v 8.609998 1.920000 -2.330777
v 8.559984 1.920000 -2.361877
v 8.508044 1.920000 -2.389640
v 8.454399 1.920000 -2.413946
v 8.342921 1.920000 -2.451787
v 8.492668 1.920000 -2.506334
v 8.368803 1.920000 -2.548380
v 8.497098 1.920000 -2.612087
v 8.463568 1.920000 -2.624077
v 8.429667 1.920000 -2.634976
v 8.285565 1.920000 -2.465161
v 8.227458 1.920000 -2.474755
v 8.168847 1.920000 -2.480527
v 8.109984 1.920000 -2.482454
v 8.051122 1.920000 -2.480527
v 7.992511 1.920000 -2.474755
v 7.877047 1.920000 -2.451787
v 7.979458 1.920000 -2.573899
v 7.851165 1.920000 -2.548380
v 7.930418 1.920000 -2.667699
v 7.895385 1.920000 -2.661318
v 7.860577 1.920000 -2.653807
v 7.820689 1.920000 -2.434691
v 7.765569 1.920000 -2.413946
v 7.711925 1.920000 -2.389640
v 7.659984 1.920000 -2.361877
v 7.609971 1.920000 -2.330777
v 7.562099 1.920000 -2.296472
v 7.473588 1.920000 -2.218850
v 7.501223 1.920000 -2.375808
v 7.402878 1.920000 -2.289561
v 7.411853 1.920000 -2.432520
v 7.384704 1.920000 -2.409478
v 7.358315 1.920000 -2.385569
v 7.433329 1.920000 -2.175865
v 7.395967 1.920000 -2.130339
v 7.361662 1.920000 -2.082467
v 7.330562 1.920000 -2.032454
v 7.302799 1.920000 -1.980514
v 7.278493 1.920000 -1.926869
v 7.240651 1.920000 -1.815391
v 7.186105 1.920000 -1.965137
v 7.144059 1.920000 -1.841273
v 7.080352 1.920000 -1.969568
v 7.068361 1.920000 -1.936038
v 7.057462 1.920000 -1.902137
v 7.227278 1.920000 -1.758035
v 7.217684 1.920000 -1.699928
v 7.211911 1.920000 -1.641317
v 7.209984 1.920000 -1.582454
v 7.211911 1.920000 -1.523591
v 7.217684 1.920000 -1.464981
v 7.240651 1.920000 -1.349517
v 7.118540 1.920000 -1.451928
v 7.144059 1.920000 -1.323635
v 7.024740 1.920000 -1.402888
v 7.031121 1.920000 -1.367855
v 7.038632 1.920000 -1.333046
v 7.257747 1.920000 -1.293159
v 7.278493 1.920000 -1.238039
v 7.302799 1.920000 -1.184394
v 7.330562 1.920000 -1.132454
v 7.473588 2.020000 -0.946058
v 7.516573 2.020000 -0.905798
v 7.609971 2.020000 -0.834131
v 7.450639 2.020000 -0.830614
v 7.554414 2.020000 -0.750985
v 7.412451 2.020000 -0.731898
v 7.440347 2.020000 -0.709765
v 7.468945 2.020000 -0.688548
v 7.659985 2.020000 -0.803031
v 7.711925 2.020000 -0.775269
v 7.765569 2.020000 -0.750963
v 7.820689 2.020000 -0.730217
v 7.877048 2.020000 -0.713121
v 7.934403 2.020000 -0.699747
v 8.051122 2.020000 -0.684381
v 7.914894 2.020000 -0.601669
v 8.044581 2.020000 -0.584595
v 7.931180 2.020000 -0.497084
v 7.966406 2.020000 -0.491865
v 8.001781 2.020000 -0.487789
v 8.109984 2.020000 -0.682454
v 8.168847 2.020000 -0.684381
v 8.227458 2.020000 -0.690154
v 8.285565 2.020000 -0.699747
v 8.342921 2.020000 -0.713121
v 8.399280 2.020000 -0.730217
v 8.508044 2.020000 -0.775269
v 8.431424 2.020000 -0.635524
v 8.552273 2.020000 -0.685582
v 8.497821 2.020000 -0.553094
v 8.530936 2.020000 -0.566187
v 8.563610 2.020000 -0.580345
v 8.559984 2.020000 -0.803031
v 8.609998 2.020000 -0.834132
v 8.657869 2.020000 -0.868436
v 8.703396 2.020000 -0.905798
v 8.746381 2.020000 -0.946058
v 8.786640 2.020000 -0.989043
v 8.858307 2.020000 -1.082441
v 8.861824 2.020000 -0.923108
v 8.941454 2.020000 -1.026884
v 8.960541 2.020000 -0.884920
v 8.982674 2.020000 -0.912817
v 9.003891 2.020000 -0.941415
v 8.889407 2.020000 -1.132454
v 8.917170 2.020000 -1.184394
v 8.941476 2.020000 -1.238039
v 8.962221 2.020000 -1.293159
v 8.979318 2.020000 -1.349517
v 8.992691 2.020000 -1.406873
v 9.008058 2.020000 -1.523592
v 9.090770 2.020000 -1.387364
v 9.107843 2.020000 -1.517051
v 9.195354 2.020000 -1.403651
v 9.200574 2.020000 -1.438876
v 9.204650 2.020000 -1.474251
v 9.009984 2.020000 -1.582454
v 9.008058 2.020000 -1.641317
v 9.002285 2.020000 -1.699928
v 8.992691 2.020000 -1.758036
v 8.979318 2.020000 -1.815391
v 8.962221 2.020000 -1.871750
v 8.917170 2.020000 -1.980514
v 9.056914 2.020000 -1.903894
v 9.006857 2.020000 -2.024743
v 9.139345 2.020000 -1.970291
v 9.126252 2.020000 -2.003406
v 9.112094 2.020000 -2.036080
v 8.889407 2.020000 -2.032454
v 8.858307 2.020000 -2.082468
v 8.824002 2.020000 -2.130340
v 8.786640 2.020000 -2.175866
v 8.746381 2.020000 -2.218850
v 8.703396 2.020000 -2.259110
v 8.609998 2.020000 -2.330777
v 8.769330 2.020000 -2.334294
v 8.665554 2.020000 -2.413924
v 8.807518 2.020000 -2.433011
v 8.779622 2.020000 -2.455143
v 8.751024 2.020000 -2.476361
v 8.559984 2.020000 -2.361877
v 8.508044 2.020000 -2.389640
v 8.454399 2.020000 -2.413946
v 8.399280 2.020000 -2.434691
v 8.342921 2.020000 -2.451787
v 8.285565 2.020000 -2.465161
v 8.168847 2.020000 -2.480527
v 8.305075 2.020000 -2.563240
v 8.175387 2.020000 -2.580313
v 8.288788 2.020000 -2.667825
v 8.253563 2.020000 -2.673044
v 8.218187 2.020000 -2.677119
v 8.109984 2.020000 -2.482454
v 8.051122 2.020000 -2.480527
v 7.992511 2.020000 -2.474755
v 7.934403 2.020000 -2.465161
v 7.877047 2.020000 -2.451787
v 7.820689 2.020000 -2.434691
v 7.711925 2.020000 -2.389640
v 7.788545 2.020000 -2.529384
v 7.667696 2.020000 -2.479327
v 7.722147 2.020000 -2.611814
v 7.689033 2.020000 -2.598722
v 7.656359 2.020000 -2.584564
v 7.659984 2.020000 -2.361877
v 7.609971 2.020000 -2.330777
v 7.562099 2.020000 -2.296472
v 7.516573 2.020000 -2.259110
v 7.473588 2.020000 -2.218850
v 7.433329 2.020000 -2.175865
v 7.361662 2.020000 -2.082467
v 7.358145 2.020000 -2.241800
v 7.278515 2.020000 -2.138024
v 7.259428 2.020000 -2.279988
v 7.237296 2.020000 -2.252092
v 7.216078 2.020000 -2.223494
v 7.330562 2.020000 -2.032454
v 7.302799 2.020000 -1.980514
v 7.278493 2.020000 -1.926869
v 7.257747 2.020000 -1.871750
v 7.240651 2.020000 -1.815391
v 7.227278 2.020000 -1.758035
v 7.211911 2.020000 -1.641317
v 7.129199 2.020000 -1.777544
v 7.112125 2.020000 -1.647857
v 7.024614 2.020000 -1.761258
v 7.019395 2.020000 -1.726033
v 7.015319 2.020000 -1.690657
v 7.209984 2.020000 -1.582454
v 7.211911 2.020000 -1.523591
v 7.217684 2.020000 -1.464980
v 7.227278 2.020000 -1.406873
v 7.240651 2.020000 -1.349517
v 7.257747 2.020000 -1.293159
v 7.302799 2.020000 -1.184394
v 7.163054 2.020000 -1.261015
v 7.213112 2.020000 -1.140165
v 7.080624 2.020000 -1.194618
v 7.093717 2.020000 -1.161502
v 7.107875 2.020000 -1.128828
v 7.330562 2.020000 -1.132454
v 7.361662 2.020000 -1.082441
v 7.395967 2.020000 -1.034569
v 7.433329 2.020000 -0.989043
v 7.609971 2.120000 -0.834131
v 7.659985 2.120000 -0.803031
v 7.765569 2.120000 -0.750963
v 7.609984 2.120000 -0.716429
v 7.727301 2.120000 -0.658575
v 7.591789 2.120000 -0.612159
v 7.623467 2.120000 -0.595894
v 7.655655 2.120000 -0.580663
v 7.820689 2.120000 -0.730217
v 7.877048 2.120000 -0.713121
v 7.934403 2.120000 -0.699747
v 7.992511 2.120000 -0.690154
v 8.051122 2.120000 -0.684381
v 8.109984 2.120000 -0.682454
v 8.227458 2.120000 -0.690154
v 8.109984 2.120000 -0.582454
v 8.240511 2.120000 -0.591009
v 8.146361 2.120000 -0.483056
v 8.181928 2.120000 -0.484809
v 8.217419 2.120000 -0.487713
v 8.285565 2.120000 -0.699748
v 8.342921 2.120000 -0.713121
v 8.399280 2.120000 -0.730217
v 8.454399 2.120000 -0.750963
v 8.508044 2.120000 -0.775269
v 8.559984 2.120000 -0.803031
v 8.657869 2.120000 -0.868436
v 8.609984 2.120000 -0.716429
v 8.718746 2.120000 -0.789101
v 8.691187 2.120000 -0.648536
v 8.721111 2.120000 -0.667838
v 8.750396 2.120000 -0.688098
v 8.703396 2.120000 -0.905798
v 8.746381 2.120000 -0.946058
v 8.786640 2.120000 -0.989043
v 8.824002 2.120000 -1.034569
v 8.858307 2.120000 -1.082441
v 8.889407 2.120000 -1.132454
v 8.941476 2.120000 -1.238039
v 8.976009 2.120000 -1.082454
v 9.033864 2.120000 -1.199771
v 9.080280 2.120000 -1.064259
v 9.096544 2.120000 -1.095937
v 9.111775 2.120000 -1.128125
v 8.962221 2.120000 -1.293159
v 8.979318 2.120000 -1.349517
v 8.992691 2.120000 -1.406873
v 9.002285 2.120000 -1.464981
v 9.008058 2.120000 -1.523592
v 9.009984 2.120000 -1.582454
v 9.002285 2.120000 -1.699928
v 9.109984 2.120000 -1.582454
v 9.101429 2.120000 -1.712981
v 9.209383 2.120000 -1.618831
v 9.207629 2.120000 -1.654398
v 9.204725 2.120000 -1.689889
v 8.992691 2.120000 -1.758036
v 8.979318 2.120000 -1.815391
v 8.962221 2.120000 -1.871750
v 8.941476 2.120000 -1.926869
v 8.917170 2.120000 -1.980514
v 8.889407 2.120000 -2.032454
v 8.824002 2.120000 -2.130340
v 8.976009 2.120000 -2.082454
v 8.903337 2.120000 -2.191216
v 9.043902 2.120000 -2.163657
v 9.024601 2.120000 -2.193582
v 9.004341 2.120000 -2.222866
v 8.786640 2.120000 -2.175866
v 8.746381 2.120000 -2.218850
v 8.703396 2.120000 -2.259110
v 8.657869 2.120000 -2.296472
v 8.609998 2.120000 -2.330777
v 8.559984 2.120000 -2.361877
v 8.454399 2.120000 -2.413946
v 8.609984 2.120000 -2.448480
v 8.492668 2.120000 -2.506334
v 8.628180 2.120000 -2.552750
v 8.596502 2.120000 -2.569014
v 8.564314 2.120000 -2.584245
v 8.399280 2.120000 -2.434691
v 8.342921 2.120000 -2.451787
v 8.285565 2.120000 -2.465161
v 8.227458 2.120000 -2.474755
v 8.168847 2.120000 -2.480527
v 8.109984 2.120000 -2.482454
v 7.992511 2.120000 -2.474755
v 8.109984 2.120000 -2.582454
v 7.979458 2.120000 -2.573899
v 8.073607 2.120000 -2.681853
v 8.038041 2.120000 -2.680099
v 8.002550 2.120000 -2.677195
v 7.934403 2.120000 -2.465161
v 7.877047 2.120000 -2.451787
v 7.820689 2.120000 -2.434691
v 7.765569 2.120000 -2.413946
v 7.711925 2.120000 -2.389640
v 7.659984 2.120000 -2.361877
v 7.562099 2.120000 -2.296472
v 7.609984 2.120000 -2.448480
v 7.501223 2.120000 -2.375808
v 7.528781 2.120000 -2.516372
v 7.498857 2.120000 -2.497071
v 7.469573 2.120000 -2.476810
v 7.516573 2.120000 -2.259110
v 7.473588 2.120000 -2.218850
v 7.433329 2.120000 -2.175865
v 7.395967 2.120000 -2.130339
v 7.361662 2.120000 -2.082467
v 7.330562 2.120000 -2.032454
v 7.278493 2.120000 -1.926869
v 7.243959 2.120000 -2.082454
v 7.186105 2.120000 -1.965137
v 7.139689 2.120000 -2.100650
v 7.123425 2.120000 -2.068972
v 7.108193 2.120000 -2.036784
v 7.257747 2.120000 -1.871750
v 7.240651 2.120000 -1.815391
v 7.227278 2.120000 -1.758035
v 7.217684 2.120000 -1.699928
v 7.211911 2.120000 -1.641317
v 7.209984 2.120000 -1.582454
v 7.217684 2.120000 -1.464980
v 7.109984 2.120000 -1.582454
v 7.118540 2.120000 -1.451928
v 7.010586 2.120000 -1.546077
v 7.012340 2.120000 -1.510511
v 7.015244 2.120000 -1.475020
v 7.227278 2.120000 -1.406873
v 7.240651 2.120000 -1.349517
v 7.257747 2.120000 -1.293159
v 7.278493 2.120000 -1.238039
v 7.302799 2.120000 -1.184394
v 7.330562 2.120000 -1.132454
v 7.395967 2.120000 -1.034569
v 7.243959 2.120000 -1.082454
v 7.316631 2.120000 -0.973693
v 7.176066 2.120000 -1.001251
v 7.195368 2.120000 -0.971327
v 7.215628 2.120000 -0.942043
v 7.433329 2.120000 -0.989043
v 7.473588 2.120000 -0.946058
v 7.516573 2.120000 -0.905798
v 7.562099 2.120000 -0.868436
v 7.765569 2.220000 -0.750963
v 7.820689 2.220000 -0.730217
v 7.934403 2.220000 -0.699747
v 7.788545 2.220000 -0.635524
v 7.914894 2.220000 -0.601669
v 7.791041 2.220000 -0.529708
v 7.825284 2.220000 -0.519936
v 7.859824 2.220000 -0.511277
v 7.992511 2.220000 -0.690154
v 8.051122 2.220000 -0.684381
v 8.109984 2.220000 -0.682454
v 8.168847 2.220000 -0.684381
v 8.227458 2.220000 -0.690154
v 8.285565 2.220000 -0.699748
v 8.399280 2.220000 -0.730217
v 8.305075 2.220000 -0.601669
v 8.431424 2.220000 -0.635524
v 8.360145 2.220000 -0.511277
v 8.394686 2.220000 -0.519936
v 8.428928 2.220000 -0.529708
v 8.454399 2.220000 -0.750963
v 8.508044 2.220000 -0.775269
v 8.559984 2.220000 -0.803031
v 8.609998 2.220000 -0.834132
v 8.657869 2.220000 -0.868436
v 8.703396 2.220000 -0.905798
v 8.786640 2.220000 -0.989043
v 8.769330 2.220000 -0.830614
v 8.861824 2.220000 -0.923108
v 8.862218 2.220000 -0.779868
v 8.887802 2.220000 -0.804637
v 8.912571 2.220000 -0.830221
v 8.824002 2.220000 -1.034569
v 8.858307 2.220000 -1.082441
v 8.889407 2.220000 -1.132454
v 8.917170 2.220000 -1.184394
v 8.941476 2.220000 -1.238039
v 8.962221 2.220000 -1.293159
v 8.992691 2.220000 -1.406873
v 9.056914 2.220000 -1.261015
v 9.090770 2.220000 -1.387364
v 9.162731 2.220000 -1.263511
v 9.172503 2.220000 -1.297753
v 9.181161 2.220000 -1.332294
v 9.002285 2.220000 -1.464981
v 9.008058 2.220000 -1.523592
v 9.009984 2.220000 -1.582454
v 9.008058 2.220000 -1.641317
v 9.002285 2.220000 -1.699928
v 8.992691 2.220000 -1.758036
v 8.962221 2.220000 -1.871750
v 9.090770 2.220000 -1.777545
v 9.056914 2.220000 -1.903894
v 9.181161 2.220000 -1.832614
v 9.172503 2.220000 -1.867155
v 9.162731 2.220000 -1.901398
v 8.941476 2.220000 -1.926869
v 8.917170 2.220000 -1.980514
v 8.889407 2.220000 -2.032454
v 8.858307 2.220000 -2.082468
v 8.824002 2.220000 -2.130340
v 8.786640 2.220000 -2.175866
v 8.703396 2.220000 -2.259110
v 8.861824 2.220000 -2.241800
v 8.769330 2.220000 -2.334294
v 8.912571 2.220000 -2.334688
v 8.887802 2.220000 -2.360272
v 8.862218 2.220000 -2.385041
v 8.657869 2.220000 -2.296472
v 8.609998 2.220000 -2.330777
v 8.559984 2.220000 -2.361877
v 8.508044 2.220000 -2.389640
v 8.454399 2.220000 -2.413946
v 8.399280 2.220000 -2.434691
v 8.285565 2.220000 -2.465161
v 8.431424 2.220000 -2.529384
v 8.305075 2.220000 -2.563240
v 8.428927 2.220000 -2.635201
v 8.394685 2.220000 -2.644973
v 8.360145 2.220000 -2.653631
v 8.227458 2.220000 -2.474755
v 8.168847 2.220000 -2.480527
v 8.109984 2.220000 -2.482454
v 8.051122 2.220000 -2.480527
v 7.992511 2.220000 -2.474755
v 7.934403 2.220000 -2.465161
v 7.820689 2.220000 -2.434691
v 7.914894 2.220000 -2.563240
v 7.788545 2.220000 -2.529384
v 7.859824 2.220000 -2.653631
v 7.825284 2.220000 -2.644973
v 7.791041 2.220000 -2.635201
v 7.765569 2.220000 -2.413946
v 7.711925 2.220000 -2.389640
v 7.659984 2.220000 -2.361877
v 7.609971 2.220000 -2.330777
v 7.562099 2.220000 -2.296472
v 7.516573 2.220000 -2.259110
v 7.433329 2.220000 -2.175865
v 7.450638 2.220000 -2.334294
v 7.358145 2.220000 -2.241800
v 7.357751 2.220000 -2.385041
v 7.332167 2.220000 -2.360271
v 7.307398 2.220000 -2.334688
v 7.395967 2.220000 -2.130339
v 7.361662 2.220000 -2.082467
v 7.330562 2.220000 -2.032454
v 7.302799 2.220000 -1.980514
v 7.278493 2.220000 -1.926869
v 7.257747 2.220000 -1.871750
v 7.227278 2.220000 -1.758035
v 7.163054 2.220000 -1.903894
v 7.129199 2.220000 -1.777544
v 7.057238 2.220000 -1.901397
v 7.047466 2.220000 -1.867155
v 7.038807 2.220000 -1.832614
v 7.217684 2.220000 -1.699928
v 7.211911 2.220000 -1.641317
v 7.209984 2.220000 -1.582454
v 7.211911 2.220000 -1.523591
v 7.217684 2.220000 -1.464980
v 7.227278 2.220000 -1.406873
v 7.257747 2.220000 -1.293159
v 7.129199 2.220000 -1.387364
v 7.163054 2.220000 -1.261015
v 7.038807 2.220000 -1.332294
v 7.047466 2.220000 -1.297753
v 7.057238 2.220000 -1.263511
v 7.278493 2.220000 -1.238039
v 7.302799 2.220000 -1.184394
v 7.330562 2.220000 -1.132454
v 7.361662 2.220000 -1.082441
v 7.395967 2.220000 -1.034569
v 7.433329 2.220000 -0.989043
v 7.516573 2.220000 -0.905798
v 7.358145 2.220000 -0.923108
v 7.450639 2.220000 -0.830614
v 7.307398 2.220000 -0.830221
v 7.332167 2.220000 -0.804637
v 7.357751 2.220000 -0.779868
v 7.562099 2.220000 -0.868436
v 7.609971 2.220000 -0.834131
v 7.659985 2.220000 -0.803031
v 7.711925 2.220000 -0.775269
v 7.934403 2.320000 -0.699747
v 7.992511 2.320000 -0.690154
v 8.109984 2.320000 -0.682454
v 7.979458 2.320000 -0.591009
v 8.109984 2.320000 -0.582454
v 8.002550 2.320000 -0.487713
v 8.038041 2.320000 -0.484809
v 8.073607 2.320000 -0.483056
v 8.168847 2.320000 -0.684381
v 8.227458 2.320000 -0.690154
v 8.285565 2.320000 -0.699748
v 8.342921 2.320000 -0.713121
v 8.399280 2.320000 -0.730217
v 8.454399 2.320000 -0.750963
v 8.559984 2.320000 -0.803031
v 8.492668 2.320000 -0.658575
v 8.609984 2.320000 -0.716429
v 8.564314 2.320000 -0.580664
v 8.596502 2.320000 -0.595894
v 8.628181 2.320000 -0.612159
v 8.609998 2.320000 -0.834132
v 8.657869 2.320000 -0.868436
v 8.703396 2.320000 -0.905798
v 8.746381 2.320000 -0.946058
v 8.786640 2.320000 -0.989043
v 8.824002 2.320000 -1.034569
v 8.889407 2.320000 -1.132454
v 8.903337 2.320000 -0.973693
v 8.976009 2.320000 -1.082454
v 9.004341 2.320000 -0.942043
v 9.024601 2.320000 -0.971327
v 9.043902 2.320000 -1.001252
v 8.917170 2.320000 -1.184394
v 8.941476 2.320000 -1.238039
v 8.962221 2.320000 -1.293159
v 8.979318 2.320000 -1.349517
v 8.992691 2.320000 -1.406873
v 9.002285 2.320000 -1.464981
v 9.009984 2.320000 -1.582454
v 9.101429 2.320000 -1.451928
v 9.109984 2.320000 -1.582454
v 9.204725 2.320000 -1.475020
v 9.207629 2.320000 -1.510511
v 9.209383 2.320000 -1.546077
v 9.008058 2.320000 -1.641317
v 9.002285 2.320000 -1.699928
v 8.992691 2.320000 -1.758036
v 8.979318 2.320000 -1.815391
v 8.962221 2.320000 -1.871750
v 8.941476 2.320000 -1.926869
v 8.889407 2.320000 -2.032454
v 9.033864 2.320000 -1.965138
v 8.976009 2.320000 -2.082454
v 9.111775 2.320000 -2.036784
v 9.096544 2.320000 -2.068972
v 9.080279 2.320000 -2.100650
v 8.858307 2.320000 -2.082468
v 8.824002 2.320000 -2.130340
v 8.786640 2.320000 -2.175866
v 8.746381 2.320000 -2.218850
v 8.703396 2.320000 -2.259110
v 8.657869 2.320000 -2.296472
v 8.559984 2.320000 -2.361877
v 8.718746 2.320000 -2.375808
v 8.609984 2.320000 -2.448480
v 8.750396 2.320000 -2.476811
v 8.721111 2.320000 -2.497071
v 8.691187 2.320000 -2.516373
v 8.508044 2.320000 -2.389640
v 8.454399 2.320000 -2.413946
v 8.399280 2.320000 -2.434691
v 8.342921 2.320000 -2.451787
v 8.285565 2.320000 -2.465161
v 8.227458 2.320000 -2.474755
v 8.109984 2.320000 -2.482454
v 8.240511 2.320000 -2.573899
v 8.109984 2.320000 -2.582454
v 8.217419 2.320000 -2.677195
v 8.181928 2.320000 -2.680099
v 8.146361 2.320000 -2.681853
v 8.051122 2.320000 -2.480527
v 7.992511 2.320000 -2.474755
v 7.934403 2.320000 -2.465161
v 7.877047 2.320000 -2.451787
v 7.820689 2.320000 -2.434691
v 7.765569 2.320000 -2.413946
v 7.659984 2.320000 -2.361877
v 7.727301 2.320000 -2.506334
v 7.609984 2.320000 -2.448480
v 7.655655 2.320000 -2.584245
v 7.623466 2.320000 -2.569014
v 7.591789 2.320000 -2.552750
v 7.609971 2.320000 -2.330777
v 7.562099 2.320000 -2.296472
v 7.516573 2.320000 -2.259110
v 7.473588 2.320000 -2.218850
v 7.433329 2.320000 -2.175865
v 7.395967 2.320000 -2.130339
v 7.330562 2.320000 -2.032454
v 7.316631 2.320000 -2.191216
v 7.243959 2.320000 -2.082454
v 7.215628 2.320000 -2.222866
v 7.195368 2.320000 -2.193581
v 7.176066 2.320000 -2.163657
v 7.302799 2.320000 -1.980514
v 7.278493 2.320000 -1.926869
v 7.257747 2.320000 -1.871750
v 7.240651 2.320000 -1.815391
v 7.227278 2.320000 -1.758035
v 7.217684 2.320000 -1.699928
v 7.209984 2.320000 -1.582454
v 7.118539 2.320000 -1.712980
v 7.109984 2.320000 -1.582454
v 7.015244 2.320000 -1.689888
v 7.012340 2.320000 -1.654397
v 7.010586 2.320000 -1.618831
v 7.211911 2.320000 -1.523591
v 7.217684 2.320000 -1.464980
v 7.227278 2.320000 -1.406873
v 7.240651 2.320000 -1.349517
v 7.257747 2.320000 -1.293159
v 7.278493 2.320000 -1.238039
v 7.330562 2.320000 -1.132454
v 7.186105 2.320000 -1.199771
v 7.243959 2.320000 -1.082454
v 7.108194 2.320000 -1.128124
v 7.123425 2.320000 -1.095937
v 7.139689 2.320000 -1.064258
v 7.361662 2.320000 -1.082441
v 7.395967 2.320000 -1.034569
v 7.433329 2.320000 -0.989043
v 7.473588 2.320000 -0.946058
v 7.516573 2.320000 -0.905798
v 7.562099 2.320000 -0.868436
v 7.659985 2.320000 -0.803031
v 7.501223 2.320000 -0.789101
v 7.609984 2.320000 -0.716429
v 7.469573 2.320000 -0.688098
v 7.498857 2.320000 -0.667838
v 7.528782 2.320000 -0.648536
v 7.711925 2.320000 -0.775269
v 7.765569 2.320000 -0.750963
v 7.820689 2.320000 -0.730217
v 7.877048 2.320000 -0.713121
v 8.109984 2.420000 -0.682454
v 8.168847 2.420000 -0.684381
v 8.285565 2.420000 -0.699748
v 8.175387 2.420000 -0.584595
v 8.305075 2.420000 -0.601669
v 8.218188 2.420000 -0.487789
v 8.253563 2.420000 -0.491865
v 8.288789 2.420000 -0.497084
v 8.342921 2.420000 -0.713121
v 8.399280 2.420000 -0.730217
v 8.454399 2.420000 -0.750963
v 8.508044 2.420000 -0.775269
v 8.559984 2.420000 -0.803031
v 8.609998 2.420000 -0.834132
v 8.703396 2.420000 -0.905798
v 8.665555 2.420000 -0.750985
v 8.769330 2.420000 -0.830615
v 8.751024 2.420000 -0.688548
v 8.779622 2.420000 -0.709766
v 8.807518 2.420000 -0.731898
v 8.746381 2.420000 -0.946058
v 8.786640 2.420000 -0.989043
v 8.824002 2.420000 -1.034569
v 8.858307 2.420000 -1.082441
v 8.889407 2.420000 -1.132454
v 8.917170 2.420000 -1.184394
v 8.962221 2.420000 -1.293159
v 9.006857 2.420000 -1.140166
v 9.056914 2.420000 -1.261015
v 9.112094 2.420000 -1.128829
v 9.126252 2.420000 -1.161503
v 9.139345 2.420000 -1.194618
v 8.979318 2.420000 -1.349517
v 8.992691 2.420000 -1.406873
v 9.002285 2.420000 -1.464981
v 9.008058 2.420000 -1.523592
v 9.009984 2.420000 -1.582454
v 9.008058 2.420000 -1.641317
v 8.992691 2.420000 -1.758036
v 9.107843 2.420000 -1.647857
v 9.090770 2.420000 -1.777545
v 9.204650 2.420000 -1.690658
v 9.200574 2.420000 -1.726033
v 9.195354 2.420000 -1.761258
v 8.979318 2.420000 -1.815391
v 8.962221 2.420000 -1.871750
v 8.941476 2.420000 -1.926869
v 8.917170 2.420000 -1.980514
v 8.889407 2.420000 -2.032454
v 8.858307 2.420000 -2.082468
v 8.786640 2.420000 -2.175866
v 8.941454 2.420000 -2.138025
v 8.861824 2.420000 -2.241800
v 9.003891 2.420000 -2.223494
v 8.982673 2.420000 -2.252092
v 8.960541 2.420000 -2.279988
v 8.746381 2.420000 -2.218850
v 8.703396 2.420000 -2.259110
v 8.657869 2.420000 -2.296472
v 8.609998 2.420000 -2.330777
v 8.559984 2.420000 -2.361877
v 8.508044 2.420000 -2.389640
v 8.399280 2.420000 -2.434691
v 8.552273 2.420000 -2.479327
v 8.431424 2.420000 -2.529384
v 8.563610 2.420000 -2.584564
v 8.530936 2.420000 -2.598722
v 8.497821 2.420000 -2.611814
v 8.342921 2.420000 -2.451787
v 8.285565 2.420000 -2.465161
v 8.227458 2.420000 -2.474755
v 8.168847 2.420000 -2.480527
v 8.109984 2.420000 -2.482454
v 8.051122 2.420000 -2.480527
v 7.934403 2.420000 -2.465161
v 8.044581 2.420000 -2.580313
v 7.914894 2.420000 -2.563240
v 8.001781 2.420000 -2.677119
v 7.966405 2.420000 -2.673043
v 7.931180 2.420000 -2.667825
v 7.877047 2.420000 -2.451787
v 7.820689 2.420000 -2.434691
v 7.765569 2.420000 -2.413946
v 7.711925 2.420000 -2.389640
v 7.659984 2.420000 -2.361877
v 7.609971 2.420000 -2.330777
v 7.516573 2.420000 -2.259110
v 7.554414 2.420000 -2.413924
v 7.450638 2.420000 -2.334294
v 7.468945 2.420000 -2.476360
v 7.440347 2.420000 -2.455143
v 7.412450 2.420000 -2.433011
v 7.473588 2.420000 -2.218850
v 7.433329 2.420000 -2.175865
v 7.395967 2.420000 -2.130339
v 7.361662 2.420000 -2.082467
v 7.330562 2.420000 -2.032454
v 7.302799 2.420000 -1.980514
v 7.257747 2.420000 -1.871750
v 7.213111 2.420000 -2.024743
v 7.163054 2.420000 -1.903894
v 7.107875 2.420000 -2.036080
v 7.093717 2.420000 -2.003406
v 7.080624 2.420000 -1.970291
v 7.240651 2.420000 -1.815391
v 7.227278 2.420000 -1.758035
v 7.217684 2.420000 -1.699928
v 7.211911 2.420000 -1.641317
v 7.209984 2.420000 -1.582454
v 7.211911 2.420000 -1.523591
v 7.227278 2.420000 -1.406873
v 7.112125 2.420000 -1.517051
v 7.129199 2.420000 -1.387364
v 7.015319 2.420000 -1.474251
v 7.019395 2.420000 -1.438875
v 7.024614 2.420000 -1.403650
v 7.240651 2.420000 -1.349517
v 7.257747 2.420000 -1.293159
v 7.278493 2.420000 -1.238039
v 7.302799 2.420000 -1.184394
v 7.330562 2.420000 -1.132454
v 7.361662 2.420000 -1.082441
v 7.433329 2.420000 -0.989043
v 7.278515 2.420000 -1.026884
v 7.358145 2.420000 -0.923108
v 7.216078 2.420000 -0.941415
v 7.237296 2.420000 -0.912817
v 7.259428 2.420000 -0.884920
v 7.473588 2.420000 -0.946058
v 7.516573 2.420000 -0.905798
v 7.562099 2.420000 -0.868436
v 7.609971 2.420000 -0.834131
v 7.659985 2.420000 -0.803031
v 7.711925 2.420000 -0.775269
v 7.820689 2.420000 -0.730217
v 7.667696 2.420000 -0.685581
v 7.788545 2.420000 -0.635524
v 7.656359 2.420000 -0.580345
v 7.689033 2.420000 -0.566187
v 7.722148 2.420000 -0.553094
v 7.877048 2.420000 -0.713121
v 7.934403 2.420000 -0.699747
v 7.992511 2.420000 -0.690154
v 8.051122 2.420000 -0.684381
v 8.285565 2.520000 -0.699748
v 8.342921 2.520000 -0.713121
v 8.454399 2.520000 -0.750963
v 8.368804 2.520000 -0.616528
v 8.492668 2.520000 -0.658575
v 8.429667 2.520000 -0.529932
v 8.463568 2.520000 -0.540831
v 8.497098 2.520000 -0.552822
v 8.508044 2.520000 -0.775269
v 8.559984 2.520000 -0.803031
v 8.609998 2.520000 -0.834132
v 8.657869 2.520000 -0.868436
v 8.703396 2.520000 -0.905798
v 8.746381 2.520000 -0.946058
v 8.824002 2.520000 -1.034569
v 8.817091 2.520000 -0.875347
v 8.903337 2.520000 -0.973693
v 8.913099 2.520000 -0.830785
v 8.937008 2.520000 -0.857174
v 8.960051 2.520000 -0.884323
v 8.858307 2.520000 -1.082441
v 8.889407 2.520000 -1.132454
v 8.917170 2.520000 -1.184394
v 8.941476 2.520000 -1.238039
v 8.962221 2.520000 -1.293159
v 8.979318 2.520000 -1.349517
v 9.002285 2.520000 -1.464981
v 9.075911 2.520000 -1.323635
v 9.101429 2.520000 -1.451928
v 9.181336 2.520000 -1.333047
v 9.188848 2.520000 -1.367855
v 9.195229 2.520000 -1.402888
v 9.008058 2.520000 -1.523592
v 9.009984 2.520000 -1.582454
v 9.008058 2.520000 -1.641317
v 9.002285 2.520000 -1.699928
v 8.992691 2.520000 -1.758036
v 8.979318 2.520000 -1.815391
v 8.941476 2.520000 -1.926869
v 9.075911 2.520000 -1.841273
v 9.033864 2.520000 -1.965138
v 9.162506 2.520000 -1.902137
v 9.151608 2.520000 -1.936038
v 9.139617 2.520000 -1.969568
v 8.917170 2.520000 -1.980514
v 8.889407 2.520000 -2.032454
v 8.858307 2.520000 -2.082468
v 8.824002 2.520000 -2.130340
v 8.786640 2.520000 -2.175866
v 8.746381 2.520000 -2.218850
v 8.657869 2.520000 -2.296472
v 8.817091 2.520000 -2.289561
v 8.718746 2.520000 -2.375808
v 8.861654 2.520000 -2.385569
v 8.835264 2.520000 -2.409478
v 8.808115 2.520000 -2.432521
v 8.609998 2.520000 -2.330777
v 8.559984 2.520000 -2.361877
v 8.508044 2.520000 -2.389640
v 8.454399 2.520000 -2.413946
v 8.399280 2.520000 -2.434691
v 8.342921 2.520000 -2.451787
v 8.227458 2.520000 -2.474755
v 8.368803 2.520000 -2.548380
v 8.240510 2.520000 -2.573899
v 8.359392 2.520000 -2.653807
v 8.324584 2.520000 -2.661318
v 8.289551 2.520000 -2.667699
v 8.168847 2.520000 -2.480527
v 8.109984 2.520000 -2.482454
v 8.051122 2.520000 -2.480527
v 7.992511 2.520000 -2.474755
v 7.934403 2.520000 -2.465161
v 7.877047 2.520000 -2.451787
v 7.765569 2.520000 -2.413946
v 7.851165 2.520000 -2.548380
v 7.727301 2.520000 -2.506334
v 7.790301 2.520000 -2.634976
v 7.756401 2.520000 -2.624077
v 7.722871 2.520000 -2.612087
v 7.711925 2.520000 -2.389640
v 7.659984 2.520000 -2.361877
v 7.609971 2.520000 -2.330777
v 7.562099 2.520000 -2.296472
v 7.516573 2.520000 -2.259110
v 7.473588 2.520000 -2.218850
v 7.395967 2.520000 -2.130339
v 7.402877 2.520000 -2.289561
v 7.316631 2.520000 -2.191216
v 7.306870 2.520000 -2.334124
v 7.282960 2.520000 -2.307734
v 7.259918 2.520000 -2.280585
v 7.361662 2.520000 -2.082467
v 7.330562 2.520000 -2.032454
v 7.302799 2.520000 -1.980514
v 7.278493 2.520000 -1.926869
v 7.257747 2.520000 -1.871750
v 7.240651 2.520000 -1.815391
v 7.217684 2.520000 -1.699928
v 7.144059 2.520000 -1.841273
v 7.118539 2.520000 -1.712980
v 7.038632 2.520000 -1.831862
v 7.031120 2.520000 -1.797053
v 7.024740 2.520000 -1.762020
v 7.211911 2.520000 -1.641317
v 7.209984 2.520000 -1.582454
v 7.211911 2.520000 -1.523591
v 7.217684 2.520000 -1.464980
v 7.227278 2.520000 -1.406873
v 7.240651 2.520000 -1.349517
v 7.278493 2.520000 -1.238039
v 7.144059 2.520000 -1.323635
v 7.186105 2.520000 -1.199771
v 7.057462 2.520000 -1.262771
v 7.068361 2.520000 -1.228871
v 7.080352 2.520000 -1.195341
v 7.302799 2.520000 -1.184394
v 7.330562 2.520000 -1.132454
v 7.361662 2.520000 -1.082441
v 7.395967 2.520000 -1.034569
v 7.433329 2.520000 -0.989043
v 7.473588 2.520000 -0.946058
v 7.562099 2.520000 -0.868436
v 7.402878 2.520000 -0.875347
v 7.501223 2.520000 -0.789101
v 7.358315 2.520000 -0.779340
v 7.384704 2.520000 -0.755430
v 7.411853 2.520000 -0.732388
v 7.609971 2.520000 -0.834131
v 7.659985 2.520000 -0.803031
v 7.711925 2.520000 -0.775269
v 7.765569 2.520000 -0.750963
v 7.820689 2.520000 -0.730217
v 7.877048 2.520000 -0.713121
v 7.992511 2.520000 -0.690154
v 7.851165 2.520000 -0.616528
v 7.979458 2.520000 -0.591009
v 7.860577 2.520000 -0.511102
v 7.895385 2.520000 -0.503590
v 7.930418 2.520000 -0.497210
v 8.051122 2.520000 -0.684381
v 8.109984 2.520000 -0.682454
v 8.168847 2.520000 -0.684381
v 8.227458 2.520000 -0.690154
v 8.454400 2.620000 -0.750963
v 8.508044 2.620000 -0.775269
v 8.609998 2.620000 -0.834132
v 8.552273 2.620000 -0.685582
v 8.665555 2.620000 -0.750985
v 8.628861 2.620000 -0.612523
v 8.659985 2.620000 -0.629826
v 8.690531 2.620000 -0.648128
v 8.657869 2.620000 -0.868436
v 8.703396 2.620000 -0.905798
v 8.746381 2.620000 -0.946058
v 8.786640 2.620000 -0.989043
v 8.824002 2.620000 -1.034569
v 8.858307 2.620000 -1.082441
v 8.917170 2.620000 -1.184394
v 8.941454 2.620000 -1.026884
v 9.006857 2.620000 -1.140166
v 9.044311 2.620000 -1.001908
v 9.062613 2.620000 -1.032454
v 9.079916 2.620000 -1.063577
v 8.941476 2.620000 -1.238039
v 8.962221 2.620000 -1.293159
v 8.979318 2.620000 -1.349517
v 8.992691 2.620000 -1.406873
v 9.002285 2.620000 -1.464981
v 9.008058 2.620000 -1.523592
v 9.008058 2.620000 -1.641317
v 9.107843 2.620000 -1.517051
v 9.107843 2.620000 -1.647857
v 9.209408 2.620000 -1.546849
v 9.209985 2.620000 -1.582454
v 9.209408 2.620000 -1.618059
v 9.002285 2.620000 -1.699928
v 8.992691 2.620000 -1.758036
v 8.979318 2.620000 -1.815391
v 8.962221 2.620000 -1.871750
v 8.941476 2.620000 -1.926869
v 8.917170 2.620000 -1.980514
v 8.858307 2.620000 -2.082468
v 9.006857 2.620000 -2.024743
v 8.941454 2.620000 -2.138025
v 9.079916 2.620000 -2.101331
v 9.062613 2.620000 -2.132454
v 9.044311 2.620000 -2.163001
v 8.824002 2.620000 -2.130340
v 8.786640 2.620000 -2.175866
v 8.746381 2.620000 -2.218850
v 8.703396 2.620000 -2.259110
v 8.657869 2.620000 -2.296472
v 8.609998 2.620000 -2.330777
v 8.508044 2.620000 -2.389640
v 8.665554 2.620000 -2.413924
v 8.552273 2.620000 -2.479327
v 8.690531 2.620000 -2.516781
v 8.659985 2.620000 -2.535082
v 8.628861 2.620000 -2.552386
v 8.454399 2.620000 -2.413946
v 8.399280 2.620000 -2.434691
v 8.342921 2.620000 -2.451787
v 8.285565 2.620000 -2.465161
v 8.227458 2.620000 -2.474755
v 8.168847 2.620000 -2.480527
v 8.051122 2.620000 -2.480527
v 8.175387 2.620000 -2.580313
v 8.044581 2.620000 -2.580313
v 8.145589 2.620000 -2.681878
v 8.109984 2.620000 -2.682454
v 8.074379 2.620000 -2.681878
v 7.992511 2.620000 -2.474755
v 7.934403 2.620000 -2.465161
v 7.877047 2.620000 -2.451787
v 7.820689 2.620000 -2.434691
v 7.765569 2.620000 -2.413946
v 7.711925 2.620000 -2.389640
v 7.609971 2.620000 -2.330777
v 7.667696 2.620000 -2.479327
v 7.554414 2.620000 -2.413924
v 7.591107 2.620000 -2.552385
v 7.559984 2.620000 -2.535082
v 7.529438 2.620000 -2.516780
v 7.562099 2.620000 -2.296472
v 7.516573 2.620000 -2.259110
v 7.473588 2.620000 -2.218850
v 7.433329 2.620000 -2.175865
v 7.395967 2.620000 -2.130339
v 7.361662 2.620000 -2.082467
v 7.302799 2.620000 -1.980514
v 7.278515 2.620000 -2.138024
v 7.213111 2.620000 -2.024743
v 7.175658 2.620000 -2.163001
v 7.157356 2.620000 -2.132454
v 7.140053 2.620000 -2.101331
v 7.278493 2.620000 -1.926869
v 7.257747 2.620000 -1.871750
v 7.240651 2.620000 -1.815391
v 7.227278 2.620000 -1.758035
v 7.217684 2.620000 -1.699928
v 7.211911 2.620000 -1.641317
v 7.211911 2.620000 -1.523591
v 7.112125 2.620000 -1.647857
v 7.112125 2.620000 -1.517051
v 7.010561 2.620000 -1.618059
v 7.009984 2.620000 -1.582454
v 7.010561 2.620000 -1.546849
v 7.217684 2.620000 -1.464980
v 7.227278 2.620000 -1.406873
v 7.240651 2.620000 -1.349517
v 7.257747 2.620000 -1.293159
v 7.278493 2.620000 -1.238039
v 7.302799 2.620000 -1.184394
v 7.361662 2.620000 -1.082441
v 7.213112 2.620000 -1.140165
v 7.278515 2.620000 -1.026884
v 7.140053 2.620000 -1.063577
v 7.157357 2.620000 -1.032454
v 7.175658 2.620000 -1.001908
v 7.395967 2.620000 -1.034569
v 7.433329 2.620000 -0.989043
v 7.473588 2.620000 -0.946058
v 7.516573 2.620000 -0.905798
v 7.562099 2.620000 -0.868436
v 7.609971 2.620000 -0.834131
v 7.711925 2.620000 -0.775269
v 7.554414 2.620000 -0.750984
v 7.667696 2.620000 -0.685581
v 7.529438 2.620000 -0.648128
v 7.559985 2.620000 -0.629826
v 7.591107 2.620000 -0.612523
v 7.765569 2.620000 -0.750963
v 7.820689 2.620000 -0.730217
v 7.877048 2.620000 -0.713121
v 7.934403 2.620000 -0.699747
v 7.992511 2.620000 -0.690154
v 8.051122 2.620000 -0.684381
v 8.168847 2.620000 -0.684381
v 8.044581 2.620000 -0.584595
v 8.175387 2.620000 -0.584595
v 8.074380 2.620000 -0.483031
v 8.109984 2.620000 -0.482454
v 8.145590 2.620000 -0.483031
v 8.227458 2.620000 -0.690154
v 8.285565 2.620000 -0.699748
v 8.342921 2.620000 -0.713121
v 8.399280 2.620000 -0.730217
v 8.609998 2.720000 -0.834132
v 8.657869 2.720000 -0.868436
v 8.746381 2.720000 -0.946058
v 8.718746 2.720000 -0.789101
v 8.817091 2.720000 -0.875348
v 8.808116 2.720000 -0.732388
v 8.835265 2.720000 -0.755431
v 8.861654 2.720000 -0.779340
v 8.786640 2.720000 -0.989043
v 8.824002 2.720000 -1.034569
v 8.858307 2.720000 -1.082441
v 8.889407 2.720000 -1.132454
v 8.917170 2.720000 -1.184394
v 8.941476 2.720000 -1.238039
v 8.979318 2.720000 -1.349517
v 9.033864 2.720000 -1.199771
v 9.075911 2.720000 -1.323635
v 9.139617 2.720000 -1.195341
v 9.151608 2.720000 -1.228871
v 9.162506 2.720000 -1.262772
v 8.992691 2.720000 -1.406873
v 9.002285 2.720000 -1.464981
v 9.008058 2.720000 -1.523592
v 9.009984 2.720000 -1.582454
v 9.008058 2.720000 -1.641317
v 9.002285 2.720000 -1.699928
v 8.979318 2.720000 -1.815391
v 9.101429 2.720000 -1.712981
v 9.075911 2.720000 -1.841273
v 9.195229 2.720000 -1.762021
v 9.188848 2.720000 -1.797054
v 9.181336 2.720000 -1.831862
v 8.962221 2.720000 -1.871750
v 8.941476 2.720000 -1.926869
v 8.917170 2.720000 -1.980514
v 8.889407 2.720000 -2.032454
v 8.858307 2.720000 -2.082468
v 8.824002 2.720000 -2.130340
v 8.746381 2.720000 -2.218850
v 8.903337 2.720000 -2.191216
v 8.817091 2.720000 -2.289561
v 8.960051 2.720000 -2.280586
v 8.937008 2.720000 -2.307735
v 8.913099 2.720000 -2.334124
v 8.703396 2.720000 -2.259110
v 8.657869 2.720000 -2.296472
v 8.609998 2.720000 -2.330777
v 8.559984 2.720000 -2.361877
v 8.508044 2.720000 -2.389640
v 8.454399 2.720000 -2.413946
v 8.342921 2.720000 -2.451787
v 8.492668 2.720000 -2.506334
v 8.368803 2.720000 -2.548380
v 8.497098 2.720000 -2.612087
v 8.463568 2.720000 -2.624077
v 8.429667 2.720000 -2.634976
v 8.285565 2.720000 -2.465161
v 8.227458 2.720000 -2.474755
v 8.168847 2.720000 -2.480527
v 8.109984 2.720000 -2.482454
v 8.051122 2.720000 -2.480527
v 7.992511 2.720000 -2.474755
v 7.877047 2.720000 -2.451787
v 7.979458 2.720000 -2.573899
v 7.851165 2.720000 -2.548380
v 7.930418 2.720000 -2.667699
v 7.895385 2.720000 -2.661318
v 7.860577 2.720000 -2.653806
v 7.820689 2.720000 -2.434691
v 7.765569 2.720000 -2.413946
v 7.711925 2.720000 -2.389640
v 7.659984 2.720000 -2.361877
v 7.609971 2.720000 -2.330777
v 7.562099 2.720000 -2.296472
v 7.473588 2.720000 -2.218850
v 7.501223 2.720000 -2.375808
v 7.402877 2.720000 -2.289561
v 7.411853 2.720000 -2.432520
v 7.384704 2.720000 -2.409478
v 7.358315 2.720000 -2.385569
v 7.433329 2.720000 -2.175865
v 7.395967 2.720000 -2.130339
v 7.361662 2.720000 -2.082467
v 7.330562 2.720000 -2.032454
v 7.302799 2.720000 -1.980514
v 7.278493 2.720000 -1.926869
v 7.240651 2.720000 -1.815391
v 7.186105 2.720000 -1.965137
v 7.144059 2.720000 -1.841273
v 7.080352 2.720000 -1.969568
v 7.068361 2.720000 -1.936037
v 7.057462 2.720000 -1.902137
v 7.227278 2.720000 -1.758035
v 7.217684 2.720000 -1.699928
v 7.211911 2.720000 -1.641317
v 7.209984 2.720000 -1.582454
v 7.211911 2.720000 -1.523591
v 7.217684 2.720000 -1.464980
v 7.240651 2.720000 -1.349517
v 7.118540 2.720000 -1.451928
v 7.144059 2.720000 -1.323635
v 7.024740 2.720000 -1.402888
v 7.031121 2.720000 -1.367855
v 7.038632 2.720000 -1.333046
v 7.257747 2.720000 -1.293159
v 7.278493 2.720000 -1.238039
v 7.302799 2.720000 -1.184394
v 7.330562 2.720000 -1.132454
v 7.361662 2.720000 -1.082441
v 7.395967 2.720000 -1.034569
v 7.473588 2.720000 -0.946058
v 7.316631 2.720000 -0.973693
v 7.402878 2.720000 -0.875347
v 7.259918 2.720000 -0.884323
v 7.282961 2.720000 -0.857174
v 7.306870 2.720000 -0.830785
v 7.516573 2.720000 -0.905798
v 7.562099 2.720000 -0.868436
v 7.609971 2.720000 -0.834131
v 7.659985 2.720000 -0.803031
v 7.711925 2.720000 -0.775269
v 7.765569 2.720000 -0.750963
v 7.877048 2.720000 -0.713121
v 7.727301 2.720000 -0.658575
v 7.851165 2.720000 -0.616528
v 7.722871 2.720000 -0.552822
v 7.756401 2.720000 -0.540831
v 7.790302 2.720000 -0.529932
v 7.934403 2.720000 -0.699747
v 7.992511 2.720000 -0.690154
v 8.051122 2.720000 -0.684381
v 8.109984 2.720000 -0.682454
v 8.168847 2.720000 -0.684381
v 8.227458 2.720000 -0.690154
v 8.342921 2.720000 -0.713121
v 8.240511 2.720000 -0.591009
v 8.368804 2.720000 -0.616528
v 8.289551 2.720000 -0.497210
v 8.324584 2.720000 -0.503590
v 8.359392 2.720000 -0.511102
v 8.399280 2.720000 -0.730217
v 8.454400 2.720000 -0.750963
v 8.508044 2.720000 -0.775269
v 8.559984 2.720000 -0.803031
v 8.746381 2.820000 -0.946058
v 8.786640 2.820000 -0.989043
v 8.858307 2.820000 -1.082441
v 8.861824 2.820000 -0.923109
v 8.941454 2.820000 -1.026884
v 8.960541 2.820000 -0.884920
v 8.982674 2.820000 -0.912817
v 9.003891 2.820000 -0.941415
v 8.889407 2.820000 -1.132454
v 8.917170 2.820000 -1.184394
v 8.941476 2.820000 -1.238039
v 8.962221 2.820000 -1.293159
v 8.979318 2.820000 -1.349517
v 8.992691 2.820000 -1.406873
v 9.008058 2.820000 -1.523592
v 9.090770 2.820000 -1.387364
v 9.107843 2.820000 -1.517051
v 9.195354 2.820000 -1.403651
v 9.200574 2.820000 -1.438876
v 9.204650 2.820000 -1.474251
v 9.009984 2.820000 -1.582454
v 9.008058 2.820000 -1.641317
v 9.002285 2.820000 -1.699928
v 8.992691 2.820000 -1.758036
v 8.979318 2.820000 -1.815392
v 8.962221 2.820000 -1.871750
v 8.917170 2.820000 -1.980514
v 9.056914 2.820000 -1.903894
v 9.006857 2.820000 -2.024743
v 9.139345 2.820000 -1.970291
v 9.126252 2.820000 -2.003406
v 9.112094 2.820000 -2.036080
v 8.889407 2.820000 -2.032454
v 8.858307 2.820000 -2.082468
v 8.824002 2.820000 -2.130340
v 8.786640 2.820000 -2.175866
v 8.746381 2.820000 -2.218850
v 8.703396 2.820000 -2.259110
v 8.609998 2.820000 -2.330777
v 8.769330 2.820000 -2.334294
v 8.665554 2.820000 -2.413924
v 8.807518 2.820000 -2.433011
v 8.779622 2.820000 -2.455143
v 8.751023 2.820000 -2.476361
v 8.559984 2.820000 -2.361877
v 8.508044 2.820000 -2.389640
v 8.454399 2.820000 -2.413946
v 8.399280 2.820000 -2.434691
v 8.342921 2.820000 -2.451787
v 8.285565 2.820000 -2.465161
v 8.168847 2.820000 -2.480527
v 8.305075 2.820000 -2.563240
v 8.175387 2.820000 -2.580313
v 8.288788 2.820000 -2.667825
v 8.253563 2.820000 -2.673044
v 8.218187 2.820000 -2.677119
v 8.109984 2.820000 -2.482454
v 8.051122 2.820000 -2.480527
v 7.992511 2.820000 -2.474755
v 7.934403 2.820000 -2.465161
v 7.877047 2.820000 -2.451787
v 7.820689 2.820000 -2.434691
v 7.711925 2.820000 -2.389640
v 7.788545 2.820000 -2.529384
v 7.667696 2.820000 -2.479327
v 7.722147 2.820000 -2.611814
v 7.689033 2.820000 -2.598722
v 7.656358 2.820000 -2.584564
v 7.659984 2.820000 -2.361877
v 7.609971 2.820000 -2.330777
v 7.562099 2.820000 -2.296472
v 7.516573 2.820000 -2.259110
v 7.473588 2.820000 -2.218850
v 7.433329 2.820000 -2.175865
v 7.361662 2.820000 -2.082467
v 7.358144 2.820000 -2.241800
v 7.278515 2.820000 -2.138024
v 7.259428 2.820000 -2.279988
v 7.237296 2.820000 -2.252092
v 7.216078 2.820000 -2.223494
v 7.330562 2.820000 -2.032454
v 7.302799 2.820000 -1.980514
v 7.278493 2.820000 -1.926869
v 7.257747 2.820000 -1.871750
v 7.240651 2.820000 -1.815391
v 7.227278 2.820000 -1.758035
v 7.211911 2.820000 -1.641317
v 7.129199 2.820000 -1.777544
v 7.112125 2.820000 -1.647857
v 7.024614 2.820000 -1.761258
v 7.019395 2.820000 -1.726033
v 7.015319 2.820000 -1.690657
v 7.209984 2.820000 -1.582454
v 7.211911 2.820000 -1.523591
v 7.217684 2.820000 -1.464980
v 7.227278 2.820000 -1.406873
v 7.240651 2.820000 -1.349517
v 7.257747 2.820000 -1.293159
v 7.302799 2.820000 -1.184394
v 7.163054 2.820000 -1.261015
v 7.213112 2.820000 -1.140165
v 7.080624 2.820000 -1.194618
v 7.093717 2.820000 -1.161502
v 7.107875 2.820000 -1.128828
v 7.330562 2.820000 -1.132454
v 7.361662 2.820000 -1.082441
v 7.395967 2.820000 -1.034569
v 7.433329 2.820000 -0.989043
v 7.473588 2.820000 -0.946058
v 7.516573 2.820000 -0.905798
v 7.609971 2.820000 -0.834131
v 7.450639 2.820000 -0.830614
v 7.554414 2.820000 -0.750984
v 7.412451 2.820000 -0.731898
v 7.440347 2.820000 -0.709765
v 7.468945 2.820000 -0.688548
v 7.659985 2.820000 -0.803031
v 7.711925 2.820000 -0.775269
v 7.765570 2.820000 -0.750963
v 7.820689 2.820000 -0.730217
v 7.877048 2.820000 -0.713121
v 7.934403 2.820000 -0.699747
v 8.051122 2.820000 -0.684381
v 7.914894 2.820000 -0.601669
v 8.044581 2.820000 -0.584595
v 7.931181 2.820000 -0.497084
v 7.966406 2.820000 -0.491865
v 8.001781 2.820000 -0.487789
v 8.109984 2.820000 -0.682454
v 8.168847 2.820000 -0.684381
v 8.227458 2.820000 -0.690154
v 8.285565 2.820000 -0.699748
v 8.342921 2.820000 -0.713121
v 8.399280 2.820000 -0.730217
v 8.508044 2.820000 -0.775269
v 8.431424 2.820000 -0.635524
v 8.552273 2.820000 -0.685582
v 8.497821 2.820000 -0.553094
v 8.530936 2.820000 -0.566187
v 8.563610 2.820000 -0.580345
v 8.559984 2.820000 -0.803031
v 8.609998 2.820000 -0.834132
v 8.657869 2.820000 -0.868436
v 8.703396 2.820000 -0.905798
v 8.858307 2.920000 -1.082441
v 8.889407 2.920000 -1.132454
v 8.941476 2.920000 -1.238039
v 8.976010 2.920000 -1.082454
v 9.033864 2.920000 -1.199771
v 9.080280 2.920000 -1.064259
v 9.096544 2.920000 -1.095937
v 9.111775 2.920000 -1.128125
v 8.962221 2.920000 -1.293159
v 8.979318 2.920000 -1.349517
v 8.992691 2.920000 -1.406873
v 9.002285 2.920000 -1.464981
v 9.008058 2.920000 -1.523592
v 9.009984 2.920000 -1.582454
v 9.002285 2.920000 -1.699928
v 9.109984 2.920000 -1.582454
v 9.101429 2.920000 -1.712981
v 9.209383 2.920000 -1.618832
v 9.207629 2.920000 -1.654398
v 9.204725 2.920000 -1.689889
v 8.992691 2.920000 -1.758036
v 8.979318 2.920000 -1.815392
v 8.962221 2.920000 -1.871750
v 8.941476 2.920000 -1.926869
v 8.917170 2.920000 -1.980514
v 8.889407 2.920000 -2.032454
v 8.824002 2.920000 -2.130340
v 8.976009 2.920000 -2.082454
v 8.903337 2.920000 -2.191216
v 9.043902 2.920000 -2.163657
v 9.024601 2.920000 -2.193582
v 9.004341 2.920000 -2.222866
v 8.786640 2.920000 -2.175866
v 8.746381 2.920000 -2.218850
v 8.703396 2.920000 -2.259110
v 8.657869 2.920000 -2.296472
v 8.609998 2.920000 -2.330777
v 8.559984 2.920000 -2.361877
v 8.454399 2.920000 -2.413946
v 8.609984 2.920000 -2.448480
v 8.492668 2.920000 -2.506334
v 8.628180 2.920000 -2.552750
v 8.596501 2.920000 -2.569014
v 8.564314 2.920000 -2.584245
v 8.399280 2.920000 -2.434691
v 8.342921 2.920000 -2.451787
v 8.285565 2.920000 -2.465161
v 8.227458 2.920000 -2.474755
v 8.168847 2.920000 -2.480527
v 8.109984 2.920000 -2.482454
v 7.992511 2.920000 -2.474755
v 8.109984 2.920000 -2.582454
v 7.979458 2.920000 -2.573899
v 8.073607 2.920000 -2.681853
v 8.038041 2.920000 -2.680099
v 8.002550 2.920000 -2.677195
v 7.934403 2.920000 -2.465161
v 7.877047 2.920000 -2.451787
v 7.820689 2.920000 -2.434691
v 7.765569 2.920000 -2.413946
v 7.711925 2.920000 -2.389640
v 7.659984 2.920000 -2.361877
v 7.562099 2.920000 -2.296472
v 7.609984 2.920000 -2.448480
v 7.501223 2.920000 -2.375808
v 7.528781 2.920000 -2.516372
v 7.498857 2.920000 -2.497071
v 7.469573 2.920000 -2.476810
v 7.516573 2.920000 -2.259110
v 7.473588 2.920000 -2.218850
v 7.433329 2.920000 -2.175865
v 7.395967 2.920000 -2.130339
v 7.361662 2.920000 -2.082467
v 7.330562 2.920000 -2.032454
v 7.278493 2.920000 -1.926869
v 7.243959 2.920000 -2.082454
v 7.186105 2.920000 -1.965137
v 7.139689 2.920000 -2.100650
v 7.123425 2.920000 -2.068972
v 7.108193 2.920000 -2.036784
v 7.257747 2.920000 -1.871750
v 7.240651 2.920000 -1.815391
v 7.227278 2.920000 -1.758035
v 7.217684 2.920000 -1.699928
v 7.211911 2.920000 -1.641317
v 7.209984 2.920000 -1.582454
v 7.217684 2.920000 -1.464980
v 7.109984 2.920000 -1.582454
v 7.118540 2.920000 -1.451928
v 7.010586 2.920000 -1.546077
v 7.012340 2.920000 -1.510511
v 7.015244 2.920000 -1.475020
v 7.227278 2.920000 -1.406873
v 7.240651 2.920000 -1.349517
v 7.257747 2.920000 -1.293159
v 7.278493 2.920000 -1.238039
v 7.302799 2.920000 -1.184394
v 7.330562 2.920000 -1.132454
v 7.395967 2.920000 -1.034569
v 7.243959 2.920000 -1.082454
v 7.316631 2.920000 -0.973693
v 7.176066 2.920000 -1.001251
v 7.195368 2.920000 -0.971327
v 7.215628 2.920000 -0.942043
v 7.433329 2.920000 -0.989043
v 7.473588 2.920000 -0.946058
v 7.516573 2.920000 -0.905798
v 7.562099 2.920000 -0.868436
v 7.609971 2.920000 -0.834131
v 7.659985 2.920000 -0.803031
v 7.765570 2.920000 -0.750963
v 7.609984 2.920000 -0.716429
v 7.727301 2.920000 -0.658575
v 7.591789 2.920000 -0.612159
v 7.623467 2.920000 -0.595894
v 7.655655 2.920000 -0.580663
v 7.820689 2.920000 -0.730217
v 7.877048 2.920000 -0.713121
v 7.934403 2.920000 -0.699747
v 7.992511 2.920000 -0.690154
v 8.051122 2.920000 -0.684381
v 8.109984 2.920000 -0.682454
v 8.227458 2.920000 -0.690154
v 8.109984 2.920000 -0.582454
v 8.240511 2.920000 -0.591009
v 8.146361 2.920000 -0.483056
v 8.181928 2.920000 -0.484809
v 8.217419 2.920000 -0.487713
v 8.285565 2.920000 -0.699748
v 8.342921 2.920000 -0.713121
v 8.399280 2.920000 -0.730217
v 8.454400 2.920000 -0.750963
v 8.508044 2.920000 -0.775269
v 8.559984 2.920000 -0.803031
v 8.657869 2.920000 -0.868436
v 8.609984 2.920000 -0.716429
v 8.718746 2.920000 -0.789101
v 8.691187 2.920000 -0.648536
v 8.721111 2.920000 -0.667838
v 8.750396 2.920000 -0.688098
v 8.703396 2.920000 -0.905798
v 8.746381 2.920000 -0.946058
v 8.786640 2.920000 -0.989043
v 8.824002 2.920000 -1.034569
v 8.941476 3.020000 -1.238039
v 8.962221 3.020000 -1.293159
v 8.992691 3.020000 -1.406873
v 9.056914 3.020000 -1.261015
v 9.090770 3.020000 -1.387364
v 9.162731 3.020000 -1.263511
v 9.172503 3.020000 -1.297753
v 9.181161 3.020000 -1.332294
v 9.002285 3.020000 -1.464981
v 9.008058 3.020000 -1.523592
v 9.009984 3.020000 -1.582454
v 9.008058 3.020000 -1.641317
v 9.002285 3.020000 -1.699928
v 8.992691 3.020000 -1.758036
v 8.962221 3.020000 -1.871750
v 9.090770 3.020000 -1.777545
v 9.056914 3.020000 -1.903894
v 9.181161 3.020000 -1.832614
v 9.172503 3.020000 -1.867155
v 9.162731 3.020000 -1.901398
v 8.941476 3.020000 -1.926869
v 8.917170 3.020000 -1.980514
v 8.889407 3.020000 -2.032454
v 8.858307 3.020000 -2.082468
v 8.824002 3.020000 -2.130340
v 8.786640 3.020000 -2.175866
v 8.703396 3.020000 -2.259110
v 8.861824 3.020000 -2.241800
v 8.769330 3.020000 -2.334294
v 8.912571 3.020000 -2.334688
v 8.887802 3.020000 -2.360272
v 8.862218 3.020000 -2.385041
v 8.657869 3.020000 -2.296472
v 8.609998 3.020000 -2.330777
v 8.559984 3.020000 -2.361877
v 8.508044 3.020000 -2.389640
v 8.454399 3.020000 -2.413946
v 8.399280 3.020000 -2.434691
v 8.285565 3.020000 -2.465161
v 8.431424 3.020000 -2.529384
v 8.305075 3.020000 -2.563240
v 8.428927 3.020000 -2.635201
v 8.394685 3.020000 -2.644973
v 8.360145 3.020000 -2.653631
v 8.227458 3.020000 -2.474755
v 8.168847 3.020000 -2.480527
v 8.109984 3.020000 -2.482454
v 8.051122 3.020000 -2.480527
v 7.992511 3.020000 -2.474755
v 7.934403 3.020000 -2.465161
v 7.820689 3.020000 -2.434691
v 7.914894 3.020000 -2.563240
v 7.788545 3.020000 -2.529384
v 7.859824 3.020000 -2.653631
v 7.825283 3.020000 -2.644973
v 7.791041 3.020000 -2.635201
v 7.765569 3.020000 -2.413946
v 7.711925 3.020000 -2.389640
v 7.659984 3.020000 -2.361877
v 7.609971 3.020000 -2.330777
v 7.562099 3.020000 -2.296472
v 7.516573 3.020000 -2.259110
v 7.433329 3.020000 -2.175865
v 7.450638 3.020000 -2.334294
v 7.358144 3.020000 -2.241800
v 7.357751 3.020000 -2.385040
v 7.332167 3.020000 -2.360271
v 7.307398 3.020000 -2.334687
v 7.395967 3.020000 -2.130339
v 7.361662 3.020000 -2.082467
v 7.330562 3.020000 -2.032454
v 7.302799 3.020000 -1.980514
v 7.278493 3.020000 -1.926869
v 7.257747 3.020000 -1.871750
v 7.227278 3.020000 -1.758035
v 7.163054 3.020000 -1.903893
v 7.129199 3.020000 -1.777544
v 7.057238 3.020000 -1.901397
v 7.047466 3.020000 -1.867155
v 7.038807 3.020000 -1.832614
v 7.217684 3.020000 -1.699928
v 7.211911 3.020000 -1.641317
v 7.209984 3.020000 -1.582454
v 7.211911 3.020000 -1.523591
v 7.217684 3.020000 -1.464980
v 7.227278 3.020000 -1.406873
v 7.257747 3.020000 -1.293159
v 7.129199 3.020000 -1.387364
v 7.163054 3.020000 -1.261015
v 7.038807 3.020000 -1.332294
v 7.047466 3.020000 -1.297753
v 7.057238 3.020000 -1.263511
v 7.278493 3.020000 -1.238039
v 7.302799 3.020000 -1.184394
v 7.330562 3.020000 -1.132454
v 7.361662 3.020000 -1.082441
v 7.395967 3.020000 -1.034569
v 7.433329 3.020000 -0.989043
v 7.516573 3.020000 -0.905798
v 7.358145 3.020000 -0.923108
v 7.450639 3.020000 -0.830614
v 7.307398 3.020000 -0.830221
v 7.332167 3.020000 -0.804637
v 7.357751 3.020000 -0.779868
v 7.562099 3.020000 -0.868436
v 7.609971 3.020000 -0.834131
v 7.659985 3.020000 -0.803031
v 7.711925 3.020000 -0.775269
v 7.765570 3.020000 -0.750963
v 7.820689 3.020000 -0.730217
v 7.934403 3.020000 -0.699747
v 7.788545 3.020000 -0.635524
v 7.914894 3.020000 -0.601669
v 7.791041 3.020000 -0.529708
v 7.825284 3.020000 -0.519936
v 7.859825 3.020000 -0.511277
v 7.992511 3.020000 -0.690154
v 8.051122 3.020000 -0.684381
v 8.109984 3.020000 -0.682454
v 8.168847 3.020000 -0.684381
v 8.227458 3.020000 -0.690154
v 8.285565 3.020000 -0.699748
v 8.399280 3.020000 -0.730217
v 8.305075 3.020000 -0.601669
v 8.431424 3.020000 -0.635524
v 8.360145 3.020000 -0.511277
v 8.394686 3.020000 -0.519936
v 8.428928 3.020000 -0.529708
v 8.454400 3.020000 -0.750963
v 8.508044 3.020000 -0.775269
v 8.559984 3.020000 -0.803031
v 8.609998 3.020000 -0.834132
v 8.657869 3.020000 -0.868436
v 8.703396 3.020000 -0.905798
v 8.786640 3.020000 -0.989043
v 8.769330 3.020000 -0.830615
v 8.861824 3.020000 -0.923109
v 8.862218 3.020000 -0.779868
v 8.887802 3.020000 -0.804637
v 8.912571 3.020000 -0.830221
v 8.824002 3.020000 -1.034569
v 8.858307 3.020000 -1.082441
v 8.889407 3.020000 -1.132454
v 8.917170 3.020000 -1.184394
v 8.992691 3.120000 -1.406873
v 9.002285 3.120000 -1.464981
v 9.009984 3.120000 -1.582454
v 9.101429 3.120000 -1.451928
v 9.109984 3.120000 -1.582454
v 9.204725 3.120000 -1.475020
v 9.207629 3.120000 -1.510511
v 9.209383 3.120000 -1.546077
v 9.008058 3.120000 -1.641317
v 9.002285 3.120000 -1.699928
v 8.992691 3.120000 -1.758036
v 8.979318 3.120000 -1.815392
v 8.962221 3.120000 -1.871750
v 8.941476 3.120000 -1.926869
v 8.889407 3.120000 -2.032454
v 9.033864 3.120000 -1.965138
v 8.976009 3.120000 -2.082454
v 9.111775 3.120000 -2.036784
v 9.096544 3.120000 -2.068972
v 9.080279 3.120000 -2.100650
v 8.858307 3.120000 -2.082468
v 8.824002 3.120000 -2.130340
v 8.786640 3.120000 -2.175866
v 8.746381 3.120000 -2.218850
v 8.703396 3.120000 -2.259110
v 8.657869 3.120000 -2.296472
v 8.559984 3.120000 -2.361877
v 8.718746 3.120000 -2.375808
v 8.609984 3.120000 -2.448480
v 8.750396 3.120000 -2.476811
v 8.721111 3.120000 -2.497071
v 8.691187 3.120000 -2.516373
v 8.508044 3.120000 -2.389640
v 8.454399 3.120000 -2.413946
v 8.399280 3.120000 -2.434691
v 8.342921 3.120000 -2.451787
v 8.285565 3.120000 -2.465161
v 8.227458 3.120000 -2.474755
v 8.109984 3.120000 -2.482454
v 8.240510 3.120000 -2.573899
v 8.109984 3.120000 -2.582454
v 8.217419 3.120000 -2.677195
v 8.181928 3.120000 -2.680099
v 8.146361 3.120000 -2.681853
v 8.051122 3.120000 -2.480527
v 7.992511 3.120000 -2.474755
v 7.934403 3.120000 -2.465161
v 7.877047 3.120000 -2.451787
v 7.820689 3.120000 -2.434691
v 7.765569 3.120000 -2.413946
v 7.659984 3.120000 -2.361877
v 7.727301 3.120000 -2.506334
v 7.609984 3.120000 -2.448480
v 7.655654 3.120000 -2.584245
v 7.623466 3.120000 -2.569014
v 7.591789 3.120000 -2.552750
v 7.609971 3.120000 -2.330777
v 7.562099 3.120000 -2.296472
v 7.516573 3.120000 -2.259110
v 7.473588 3.120000 -2.218850
v 7.433329 3.120000 -2.175865
v 7.395967 3.120000 -2.130339
v 7.330562 3.120000 -2.032454
v 7.316631 3.120000 -2.191216
v 7.243959 3.120000 -2.082454
v 7.215628 3.120000 -2.222866
v 7.195368 3.120000 -2.193581
v 7.176066 3.120000 -2.163657
v 7.302799 3.120000 -1.980514
v 7.278493 3.120000 -1.926869
v 7.257747 3.120000 -1.871750
v 7.240651 3.120000 -1.815391
v 7.227278 3.120000 -1.758035
v 7.217684 3.120000 -1.699928
v 7.209984 3.120000 -1.582454
v 7.118539 3.120000 -1.712980
v 7.109984 3.120000 -1.582454
v 7.015244 3.120000 -1.689888
v 7.012340 3.120000 -1.654397
v 7.010586 3.120000 -1.618831
v 7.211911 3.120000 -1.523591
v 7.217684 3.120000 -1.464980
v 7.227278 3.120000 -1.406873
v 7.240651 3.120000 -1.349517
v 7.257747 3.120000 -1.293159
v 7.278493 3.120000 -1.238039
v 7.330562 3.120000 -1.132454
v 7.186105 3.120000 -1.199771
v 7.243959 3.120000 -1.082454
v 7.108194 3.120000 -1.128124
v 7.123425 3.120000 -1.095937
v 7.139689 3.120000 -1.064258
v 7.361662 3.120000 -1.082441
v 7.395967 3.120000 -1.034569
v 7.433329 3.120000 -0.989043
v 7.473588 3.120000 -0.946058
v 7.516573 3.120000 -0.905798
v 7.562099 3.120000 -0.868436
v 7.659985 3.120000 -0.803031
v 7.501223 3.120000 -0.789101
v 7.609984 3.120000 -0.716429
v 7.469573 3.120000 -0.688098
v 7.498857 3.120000 -0.667838
v 7.528782 3.120000 -0.648536
v 7.711925 3.120000 -0.775269
v 7.765570 3.120000 -0.750963
v 7.820689 3.120000 -0.730217
v 7.877048 3.120000 -0.713121
v 7.934403 3.120000 -0.699747
v 7.992511 3.120000 -0.690154
v 8.109984 3.120000 -0.682454
v 7.979458 3.120000 -0.591009
v 8.109984 3.120000 -0.582454
v 8.002550 3.120000 -0.487713
v 8.038041 3.120000 -0.484809
v 8.073607 3.120000 -0.483056
v 8.168847 3.120000 -0.684381
v 8.227458 3.120000 -0.690154
v 8.285565 3.120000 -0.699748
v 8.342921 3.120000 -0.713121
v 8.399281 3.120000 -0.730217
v 8.454400 3.120000 -0.750963
v 8.559984 3.120000 -0.803031
v 8.492668 3.120000 -0.658575
v 8.609984 3.120000 -0.716429
v 8.564314 3.120000 -0.580664
v 8.596502 3.120000 -0.595894
v 8.628181 3.120000 -0.612159
v 8.609998 3.120000 -0.834132
v 8.657869 3.120000 -0.868436
v 8.703396 3.120000 -0.905798
v 8.746381 3.120000 -0.946058
v 8.786640 3.120000 -0.989043
v 8.824002 3.120000 -1.034569
v 8.889407 3.120000 -1.132454
v 8.903337 3.120000 -0.973693
v 8.976010 3.120000 -1.082454
v 9.004341 3.120000 -0.942043
v 9.024601 3.120000 -0.971327
v 9.043902 3.120000 -1.001252
v 8.917170 3.120000 -1.184394
v 8.941476 3.120000 -1.238039
v 8.962221 3.120000 -1.293159
v 8.979318 3.120000 -1.349517
vn 0.9948 0.1010 0.0100
vn 0.8256 0.5287 0.1972
vn 0.2023 -0.8145 -0.5438
vn 0.1057 0.8903 0.4429
vn -0.0244 -0.8876 -0.4599
vn 0.4089 0.8436 0.3480
vn 0.9786 0.1660 -0.1218
vn 0.9235 -0.2121 -0.3195
vn 0.9635 0.1010 -0.2478
vn 0.9453 0.1010 -0.3103
vn 0.9229 0.1010 -0.3715
vn 0.8967 0.1010 -0.4310
vn 0.8666 0.1010 -0.4888
vn 0.8136 0.5287 -0.2420
vn -0.0967 -0.8145 -0.5721
vn 0.3129 0.8903 0.3307
vn -0.2510 -0.8876 -0.3861
vn 0.5282 0.8436 0.0969
vn 0.7866 0.1660 -0.5948
vn 0.6400 -0.2121 -0.7385
vn 0.7105 0.1010 -0.6964
vn 0.6635 0.1010 -0.7414
vn 0.6136 0.1010 -0.7832
vn 0.5610 0.1010 -0.8216
vn 0.5061 0.1010 -0.8565
vn 0.5836 0.5287 -0.6164
vn -0.3698 -0.8145 -0.4471
vn 0.4364 0.8903 0.1299
vn -0.4105 -0.8876 -0.2089
vn 0.5058 0.8436 -0.1802
vn 0.3838 0.1660 -0.9084
vn 0.1850 -0.2121 -0.9596
vn 0.2671 0.1010 -0.9583
vn 0.2039 0.1010 -0.9738
vn 0.1398 0.1010 -0.9850
vn 0.0751 0.1010 -0.9921
vn 0.0100 0.1010 -0.9948
vn 0.1972 0.5287 -0.8256
vn -0.5438 -0.8145 -0.2023
vn 0.4429 0.8903 -0.1057
vn -0.4599 -0.8876 0.0244
vn 0.3480 0.8436 -0.4089
vn -0.1218 0.1660 -0.9786
vn -0.3195 -0.2121 -0.9235
vn -0.2478 0.1010 -0.9635
vn -0.3103 0.1010 -0.9453
vn -0.3715 0.1010 -0.9229
vn -0.4310 0.1010 -0.8967
vn -0.4888 0.1010 -0.8666
vn -0.2420 0.5287 -0.8136
vn -0.5721 -0.8145 0.0967
vn 0.3307 0.8903 -0.3129
vn -0.3861 -0.8876 0.2510
vn 0.0969 0.8436 -0.5282
vn -0.5948 0.1660 -0.7865
vn -0.7385 -0.2121 -0.6400
vn -0.6964 0.1010 -0.7105
vn -0.7414 0.1010 -0.6635
vn -0.7832 0.1010 -0.6136
vn -0.8216 0.1010 -0.5610
vn -0.8565 0.1010 -0.5061
vn -0.6164 0.5287 -0.5836
vn -0.4471 -0.8145 0.3698
vn 0.1299 0.8903 -0.4364
vn -0.2089 -0.8876 0.4105
vn -0.1802 0.8436 -0.5058
vn -0.9084 0.1660 -0.3838
vn -0.9596 -0.2121 -0.1850
vn -0.9583 0.1010 -0.2671
vn -0.9738 0.1010 -0.2039
vn -0.9850 0.1010 -0.1398
vn -0.9921 0.1010 -0.0751
vn -0.9948 0.1010 -0.0100
vn -0.8256 0.5287 -0.1972
vn -0.2023 -0.8145 0.5438
vn -0.1057 0.8903 -0.4429
vn 0.0244 -0.8876 0.4599
vn -0.4089 0.8436 -0.3480
vn -0.9786 0.1660 0.1218
vn -0.9235 -0.2121 0.3195
vn -0.9635 0.1010 0.2478
vn -0.9453 0.1010 0.3103
vn -0.9229 0.1010 0.3715
vn -0.8967 0.1010 0.4310
vn -0.8666 0.1010 0.4888
vn -0.8136 0.5287 0.2420
vn 0.0967 -0.8145 0.5721
vn -0.3129 0.8903 -0.3307
vn 0.2510 -0.8876 0.3861
vn -0.5282 0.8436 -0.0969
vn -0.7866 0.1660 0.5948
vn -0.6400 -0.2121 0.7385
vn -0.7105 0.1010 0.6964
vn -0.6635 0.1010 0.7414
vn -0.6136 0.1010 0.7832
vn -0.5610 0.1010 0.8216
vn -0.5061 0.1010 0.8565
vn -0.5836 0.5287 0.6164
vn 0.3698 -0.8145 0.4471
vn -0.4364 0.8903 -0.1299
vn 0.4105 -0.8876 0.2089
vn -0.5058 0.8436 0.1802
vn -0.3838 0.1660 0.9084
vn -0.1850 -0.2121 0.9596
vn -0.2671 0.1010 0.9583
vn -0.2039 0.1010 0.9738
vn -0.1398 0.1010 0.9850
vn -0.0751 0.1010 0.9920
vn -0.0100 0.1010 0.9948
vn -0.1972 0.5287 0.8256
vn 0.5438 -0.8145 0.2023
vn -0.4429 0.8903 0.1057
vn 0.4599 -0.8876 -0.0244
vn -0.3480 0.8436 0.4089
vn 0.1218 0.1660 0.9786
vn 0.3195 -0.2121 0.9235
vn 0.2478 0.1010 0.9635
vn 0.3103 0.1010 0.9453
vn 0.3715 0.1010 0.9229
vn 0.4310 0.1010 0.8967
vn 0.4888 0.1010 0.8666
vn 0.2420 0.5287 0.8136
vn 0.5721 -0.8145 -0.0967
vn -0.3307 0.8903 0.3129
vn 0.3861 -0.8876 -0.2510
vn -0.0969 0.8436 0.5282
vn 0.5948 0.1660 0.7865
vn 0.7385 -0.2121 0.6400
vn 0.6964 0.1010 0.7105
vn 0.7414 0.1010 0.6635
vn 0.7832 0.1010 0.6136
vn 0.8216 0.1010 0.5610
vn 0.8565 0.1010 0.5061
vn 0.6164 0.5287 0.5836
vn 0.4471 -0.8145 -0.3698
vn -0.1299 0.8903 0.4364
vn 0.2089 -0.8876 -0.4105
vn 0.1802 0.8436 0.5058
vn 0.9084 0.1660 0.3838
vn 0.9596 -0.2121 0.1850
vn 0.9583 0.1010 0.2671
vn 0.9738 0.1010 0.2039
vn 0.9850 0.1010 0.1398
vn 0.9921 0.1010 0.0751
vn 0.9808 -0.0000 -0.1951
vn 0.7361 0.6564 0.1650
vn 0.4836 -0.6564 -0.5790
vn 0.1854 0.8889 0.4190
vn -0.1080 -0.8889 -0.4453
vn 0.8557 0.5164 0.0348
vn 0.9469 -0.0000 -0.3214
vn 0.6576 -0.5164 -0.5485
vn 0.8969 -0.0000 -0.4423
vn 0.8660 -0.0000 -0.5000
vn 0.8315 -0.0000 -0.5556
vn 0.7934 -0.0000 -0.6088
vn 0.7518 -0.0000 -0.6593
vn 0.7200 0.6564 -0.2252
vn 0.1293 -0.6564 -0.7432
vn 0.3700 0.8889 0.2702
vn -0.3161 -0.8889 -0.3316
vn 0.7584 0.5164 -0.3977
vn 0.6593 -0.0000 -0.7518
vn 0.2953 -0.5164 -0.8038
vn 0.5556 -0.0000 -0.8315
vn 0.5000 -0.0000 -0.8660
vn 0.4423 -0.0000 -0.8969
vn 0.3827 -0.0000 -0.9239
vn 0.3214 -0.0000 -0.9469
vn 0.5110 0.6564 -0.5550
vn -0.2597 -0.6564 -0.7083
vn 0.4555 0.8889 0.0489
vn -0.4396 -0.8889 -0.1291
vn 0.4580 0.5164 -0.7236
vn 0.1951 -0.0000 -0.9808
vn -0.1462 -0.5164 -0.8438
vn 0.0654 -0.0000 -0.9979
vn -0.0000 -0.0000 -1.0000
vn -0.0654 -0.0000 -0.9979
vn -0.1305 -0.0000 -0.9914
vn -0.1951 -0.0000 -0.9808
vn 0.1650 0.6564 -0.7361
vn -0.5790 -0.6564 -0.4836
vn 0.4190 0.8889 -0.1854
vn -0.4453 -0.8889 0.1080
vn 0.0348 0.5164 -0.8557
vn -0.3214 -0.0000 -0.9469
vn -0.5485 -0.5164 -0.6576
vn -0.4423 -0.0000 -0.8969
vn -0.5000 -0.0000 -0.8660
vn -0.5556 -0.0000 -0.8315
vn -0.6088 -0.0000 -0.7934
vn -0.6593 -0.0000 -0.7518
vn -0.2252 0.6564 -0.7200
vn -0.7432 -0.6564 -0.1293
vn 0.2702 0.8889 -0.3700
vn -0.3316 -0.8889 0.3161
vn -0.3977 0.5164 -0.7584
vn -0.7518 -0.0000 -0.6593
vn -0.8038 -0.5164 -0.2953
vn -0.8315 -0.0000 -0.5556
vn -0.8660 -0.0000 -0.5000
vn -0.8969 -0.0000 -0.4423
vn -0.9239 -0.0000 -0.3827
vn -0.9469 -0.0000 -0.3214
vn -0.5550 0.6564 -0.5110
vn -0.7083 -0.6564 0.2597
vn 0.0489 0.8889 -0.4555
vn -0.1291 -0.8889 0.4396
vn -0.7236 0.5164 -0.4580
vn -0.9808 -0.0000 -0.1951
vn -0.8438 -0.5164 0.1462
vn -0.9979 -0.0000 -0.0654
vn -1.0000 -0.0000 -0.0000
vn -0.9979 -0.0000 0.0654
vn -0.9914 -0.0000 0.1305
vn -0.9808 -0.0000 0.1951
vn -0.7361 0.6564 -0.1650
vn -0.4836 -0.6564 0.5790
vn -0.1854 0.8889 -0.4190
vn 0.1080 -0.8889 0.4453
vn -0.8557 0.5164 -0.0348
vn -0.9469 -0.0000 0.3214
vn -0.6576 -0.5164 0.5485
vn -0.8969 -0.0000 0.4423
vn -0.8660 -0.0000 0.5000
vn -0.8315 -0.0000 0.5556
vn -0.7934 -0.0000 0.6088
vn -0.7518 -0.0000 0.6593
vn -0.7200 0.6564 0.2252
vn -0.1293 -0.6564 0.7432
vn -0.3700 0.8889 -0.2702
vn 0.3161 -0.8889 0.3316
vn -0.7584 0.5164 0.3977
vn -0.6593 -0.0000 0.7518
vn -0.2953 -0.5164 0.8038
vn -0.5556 -0.0000 0.8315
vn -0.5000 -0.0000 0.8660
vn -0.4423 -0.0000 0.8969
vn -0.3827 -0.0000 0.9239
vn -0.3214 -0.0000 0.9469
vn -0.5110 0.6564 0.5550
vn 0.2597 -0.6564 0.7083
vn -0.4555 0.8889 -0.0489
vn 0.4396 -0.8889 0.1291
vn -0.4580 0.5164 0.7236
vn -0.1951 -0.0000 0.9808
vn 0.1462 -0.5164 0.8438
vn -0.0654 -0.0000 0.9979
vn -0.0000 -0.0000 1.0000
vn 0.0654 -0.0000 0.9979
vn 0.1305 -0.0000 0.9914
vn 0.1951 -0.0000 0.9808
vn -0.1650 0.6564 0.7361
vn 0.5790 -0.6564 0.4836
vn -0.4190 0.8889 0.1854
vn 0.4453 -0.8889 -0.1080
vn -0.0348 0.5164 0.8557
vn 0.3214 -0.0000 0.9469
vn 0.5485 -0.5164 0.6576
vn 0.4423 -0.0000 0.8969
vn 0.5000 -0.0000 0.8660
vn 0.5556 -0.0000 0.8315
vn 0.6088 -0.0000 0.7934
vn 0.6593 -0.0000 0.7518
vn 0.2252 0.6564 0.7200
vn 0.7432 -0.6564 0.1293
vn -0.2702 0.8889 0.3700
vn 0.3316 -0.8889 -0.3161
vn 0.3977 0.5164 0.7584
vn 0.7518 -0.0000 0.6593
vn 0.8038 -0.5164 0.2953
vn 0.8315 -0.0000 0.5556
vn 0.8660 -0.0000 0.5000
vn 0.8969 -0.0000 0.4423
vn 0.9239 -0.0000 0.3827
vn 0.9469 -0.0000 0.3214
vn 0.5550 0.6564 0.5110
vn 0.7083 -0.6564 -0.2597
vn -0.0489 0.8889 0.4555
vn 0.1291 -0.8889 -0.4396
vn 0.7236 0.5164 0.4580
vn 0.9808 -0.0000 0.1951
vn 0.8438 -0.5164 -0.1462
vn 0.9979 -0.0000 0.0654
vn 1.0000 -0.0000 -0.0000
vn 0.9979 -0.0000 -0.0654
vn 0.9914 -0.0000 -0.1305
vn 0.9239 -0.0000 -0.3827
vn 0.7542 0.6564 0.0182
vn 0.3613 -0.6564 -0.6622
vn 0.2636 0.8889 0.3748
vn -0.1928 -0.8889 -0.4156
vn 0.8460 0.5164 -0.1328
vn 0.5380 -0.5164 -0.6663
vn 0.7071 -0.0000 -0.7071
vn 0.6088 -0.0000 -0.7934
vn 0.6622 0.6564 -0.3613
vn -0.0182 -0.6564 -0.7542
vn 0.4156 0.8889 0.1928
vn -0.3748 -0.8889 -0.2636
vn 0.6663 0.5164 -0.5380
vn 0.1328 -0.5164 -0.8460
vn 0.2588 -0.0000 -0.9659
vn 0.1305 -0.0000 -0.9914
vn 0.3929 0.6564 -0.6440
vn -0.3929 -0.6564 -0.6440
vn 0.4563 0.8889 -0.0409
vn -0.4563 -0.8889 -0.0409
vn 0.3080 0.5164 -0.7991
vn -0.3080 -0.5164 -0.7991
vn -0.2588 -0.0000 -0.9659
vn -0.3827 -0.0000 -0.9239
vn 0.0182 0.6564 -0.7542
vn -0.6622 -0.6564 -0.3613
vn 0.3748 0.8889 -0.2636
vn -0.4156 -0.8889 0.1928
vn -0.1328 0.5164 -0.8460
vn -0.6663 -0.5164 -0.5380
vn -0.7071 -0.0000 -0.7071
vn -0.7934 -0.0000 -0.6088
vn -0.3613 0.6564 -0.6622
vn -0.7542 -0.6564 0.0182
vn 0.1928 0.8889 -0.4156
vn -0.2636 -0.8889 0.3748
vn -0.5380 0.5164 -0.6663
vn -0.8460 -0.5164 -0.1328
vn -0.9659 -0.0000 -0.2588
vn -0.9914 -0.0000 -0.1305
vn -0.6440 0.6564 -0.3929
vn -0.6440 -0.6564 0.3929
vn -0.0409 0.8889 -0.4563
vn -0.0409 -0.8889 0.4563
vn -0.7991 0.5164 -0.3080
vn -0.7991 -0.5164 0.3080
vn -0.9659 -0.0000 0.2588
vn -0.9239 -0.0000 0.3827
vn -0.7542 0.6564 -0.0182
vn -0.3613 -0.6564 0.6622
vn -0.2636 0.8889 -0.3748
vn 0.1928 -0.8889 0.4156
vn -0.8460 0.5164 0.1328
vn -0.5380 -0.5164 0.6663
vn -0.7071 -0.0000 0.7071
vn -0.6088 -0.0000 0.7934
vn -0.6622 0.6564 0.3613
vn 0.0182 -0.6564 0.7542
vn -0.4156 0.8889 -0.1928
vn 0.3748 -0.8889 0.2636
vn -0.6663 0.5164 0.5380
vn -0.1328 -0.5164 0.8460
vn -0.2588 -0.0000 0.9659
vn -0.1305 -0.0000 0.9914
vn -0.3929 0.6564 0.6440
vn 0.3929 -0.6564 0.6440
vn -0.4563 0.8889 0.0409
vn 0.4563 -0.8889 0.0409
vn -0.3080 0.5164 0.7991
vn 0.3080 -0.5164 0.7991
vn 0.2588 -0.0000 0.9659
vn 0.3827 -0.0000 0.9239
vn -0.0182 0.6564 0.7542
vn 0.6622 -0.6564 0.3613
vn -0.3748 0.8889 0.2636
vn 0.4156 -0.8889 -0.1928
vn 0.1328 0.5164 0.8460
vn 0.6663 -0.5164 0.5380
vn 0.7071 -0.0000 0.7071
vn 0.7934 -0.0000 0.6088
vn 0.3613 0.6564 0.6622
vn 0.7542 -0.6564 -0.0182
vn -0.1928 0.8889 0.4156
vn 0.2636 -0.8889 -0.3748
vn 0.5380 0.5164 0.6663
vn 0.8460 -0.5164 0.1328
vn 0.9659 -0.0000 0.2588
vn 0.9914 -0.0000 0.1305
vn 0.6440 0.6564 0.3929
vn 0.6440 -0.6564 -0.3929
vn 0.0409 0.8889 0.4563
vn 0.0409 -0.8889 -0.4563
vn 0.7991 0.5164 0.3080
vn 0.7991 -0.5164 -0.3080
vn 0.9659 -0.0000 -0.2588
vn 0.7471 0.6546 -0.1160
vn 0.2277 -0.6661 -0.7103
vn 0.3401 0.8854 0.3170
vn -0.2613 -0.8915 -0.3700
vn 0.8038 0.5164 -0.2953
vn 0.3977 -0.5164 -0.7584
vn 0.5790 0.6564 -0.4836
vn -0.1650 -0.6564 -0.7361
vn 0.4453 0.8889 0.1080
vn -0.4190 -0.8889 -0.1854
vn 0.5485 0.5164 -0.6576
vn -0.0348 -0.5164 -0.8557
vn 0.2597 0.6564 -0.7083
vn -0.5110 -0.6564 -0.5550
vn 0.4396 0.8889 -0.1291
vn -0.4555 -0.8889 0.0489
vn 0.1462 0.5164 -0.8438
vn -0.4580 -0.5164 -0.7236
vn -0.1160 0.6546 -0.7471
vn -0.7103 -0.6661 -0.2277
vn 0.3170 0.8854 -0.3401
vn -0.3700 -0.8915 0.2613
vn -0.2953 0.5164 -0.8038
vn -0.7584 -0.5164 -0.3977
vn -0.4836 0.6564 -0.5790
vn -0.7361 -0.6564 0.1650
vn 0.1080 0.8889 -0.4453
vn -0.1854 -0.8889 0.4190
vn -0.6576 0.5164 -0.5485
vn -0.8557 -0.5164 0.0348
vn -0.7083 0.6564 -0.2597
vn -0.5550 -0.6564 0.5110
vn -0.1291 0.8889 -0.4396
vn 0.0489 -0.8889 0.4555
vn -0.8438 0.5164 -0.1462
vn -0.7236 -0.5164 0.4580
vn -0.7471 0.6546 0.1160
vn -0.2277 -0.6661 0.7103
vn -0.3401 0.8854 -0.3170
vn 0.2613 -0.8915 0.3700
vn -0.8038 0.5164 0.2953
vn -0.3977 -0.5164 0.7584
vn -0.5790 0.6564 0.4836
vn 0.1650 -0.6564 0.7361
vn -0.4453 0.8889 -0.1080
vn 0.4190 -0.8889 0.1854
vn -0.5485 0.5164 0.6576
vn 0.0348 -0.5164 0.8557
vn -0.2597 0.6564 0.7083
vn 0.5110 -0.6564 0.5550
vn -0.4396 0.8889 0.1291
vn 0.4555 -0.8889 -0.0489
vn -0.1462 0.5164 0.8438
vn 0.4580 -0.5164 0.7236
vn 0.1160 0.6546 0.7471
vn 0.7103 -0.6661 0.2277
vn -0.3170 0.8854 0.3401
vn 0.3700 -0.8915 -0.2613
vn 0.2953 0.5164 0.8038
vn 0.7584 -0.5164 0.3977
vn 0.4836 0.6564 0.5790
vn 0.7361 -0.6564 -0.1650
vn -0.1080 0.8889 0.4453
vn 0.1854 -0.8889 -0.4190
vn 0.6576 0.5164 0.5485
vn 0.8557 -0.5164 -0.0348
vn 0.7083 0.6564 0.2597
vn 0.5550 -0.6564 -0.5110
vn 0.1291 0.8889 0.4396
vn -0.0489 -0.8889 -0.4555
vn 0.8438 0.5164 0.1462
vn 0.7236 -0.5164 -0.4580
vn 0.6939 0.6661 -0.2736
vn 0.0669 -0.6546 -0.7530
vn 0.3863 0.8915 0.2366
vn -0.3385 -0.8854 -0.3186
vn 0.7308 0.5164 -0.4464
vn 0.2421 -0.5164 -0.8214
vn 0.4736 0.6564 -0.5872
vn -0.3054 -0.6564 -0.6898
vn 0.4578 0.8889 0.0190
vn -0.4471 -0.8889 -0.1001
vn 0.4097 0.5164 -0.7520
vn -0.2011 -0.5164 -0.8324
vn 0.1165 0.6564 -0.7453
vn -0.5994 -0.6661 -0.4439
vn 0.4060 0.8889 -0.2124
vn -0.4344 -0.8915 0.1285
vn -0.0212 0.5164 -0.8561
vn -0.5903 -0.5164 -0.6204
vn -0.2736 0.6661 -0.6939
vn -0.7530 -0.6546 -0.0669
vn 0.2366 0.8915 -0.3863
vn -0.3186 -0.8854 0.3385
vn -0.4464 0.5164 -0.7308
vn -0.8214 -0.5164 -0.2421
vn -0.5872 0.6564 -0.4736
vn -0.6898 -0.6564 0.3054
vn 0.0190 0.8889 -0.4578
vn -0.1001 -0.8889 0.4471
vn -0.7520 0.5164 -0.4097
vn -0.8324 -0.5164 0.2011
vn -0.7453 0.6564 -0.1165
vn -0.4439 -0.6661 0.5994
vn -0.2124 0.8889 -0.4060
vn 0.1285 -0.8915 0.4344
vn -0.8561 0.5164 0.0212
vn -0.6204 -0.5164 0.5903
vn -0.6939 0.6661 0.2736
vn -0.0669 -0.6546 0.7530
vn -0.3863 0.8915 -0.2366
vn 0.3385 -0.8854 0.3186
vn -0.7308 0.5164 0.4464
vn -0.2421 -0.5164 0.8214
vn -0.4736 0.6564 0.5872
vn 0.3054 -0.6564 0.6898
vn -0.4578 0.8889 -0.0190
vn 0.4471 -0.8889 0.1001
vn -0.4097 0.5164 0.7520
vn 0.2011 -0.5164 0.8324
vn -0.1165 0.6564 0.7453
vn 0.5994 -0.6661 0.4439
vn -0.4060 0.8889 0.2124
vn 0.4344 -0.8915 -0.1285
vn 0.0212 0.5164 0.8561
vn 0.5903 -0.5164 0.6204
vn 0.2736 0.6661 0.6939
vn 0.7530 -0.6546 0.0669
vn -0.2366 0.8915 0.3863
vn 0.3186 -0.8854 -0.3385
vn 0.4464 0.5164 0.7308
vn 0.8214 -0.5164 0.2421
vn 0.5872 0.6564 0.4736
vn 0.6898 -0.6564 -0.3054
vn -0.0190 0.8889 0.4578
vn 0.1001 -0.8889 -0.4471
vn 0.7520 0.5164 0.4097
vn 0.8324 -0.5164 -0.2011
vn 0.7453 0.6564 0.1165
vn 0.4439 -0.6661 -0.5994
vn 0.2124 0.8889 0.4060
vn -0.1285 -0.8915 -0.4344
vn 0.8561 0.5164 -0.0212
vn 0.6204 -0.5164 -0.5903
vn 0.6458 0.6546 -0.3931
vn -0.0675 -0.6564 -0.7514
vn 0.4355 0.8854 0.1627
vn -0.3912 -0.8889 -0.2385
vn 0.6297 0.5164 -0.5804
vn 0.0772 -0.5164 -0.8529
vn 0.3499 0.6564 -0.6683
vn -0.4342 -0.6564 -0.6169
vn 0.4527 0.8889 -0.0706
vn -0.4580 -0.8889 -0.0109
vn 0.2551 0.5164 -0.8175
vn -0.3596 -0.5164 -0.7772
vn -0.0175 0.6546 -0.7558
vn -0.6916 -0.6546 -0.3054
vn 0.3587 0.8854 -0.2958
vn -0.4106 -0.8854 0.2182
vn -0.1878 0.5164 -0.8355
vn -0.7000 -0.5164 -0.4933
vn -0.3931 0.6546 -0.6458
vn -0.7514 -0.6564 0.0675
vn 0.1627 0.8854 -0.4355
vn -0.2385 -0.8889 0.3912
vn -0.5804 0.5164 -0.6297
vn -0.8529 -0.5164 -0.0772
vn -0.6683 0.6564 -0.3499
vn -0.6169 -0.6564 0.4341
vn -0.0706 0.8889 -0.4527
vn -0.0109 -0.8889 0.4580
vn -0.8175 0.5164 -0.2551
vn -0.7772 -0.5164 0.3596
vn -0.7558 0.6546 0.0175
vn -0.3054 -0.6546 0.6916
vn -0.2958 0.8854 -0.3587
vn 0.2182 -0.8854 0.4106
vn -0.8355 0.5164 0.1878
vn -0.4933 -0.5164 0.7000
vn -0.6458 0.6546 0.3931
vn 0.0675 -0.6564 0.7514
vn -0.4355 0.8854 -0.1627
vn 0.3912 -0.8889 0.2385
vn -0.6297 0.5164 0.5804
vn -0.0772 -0.5164 0.8529
vn -0.3499 0.6564 0.6683
vn 0.4342 -0.6564 0.6169
vn -0.4527 0.8889 0.0706
vn 0.4580 -0.8889 0.0109
vn -0.2551 0.5164 0.8175
vn 0.3596 -0.5164 0.7772
vn 0.0175 0.6546 0.7558
vn 0.6916 -0.6546 0.3054
vn -0.3587 0.8854 0.2958
vn 0.4106 -0.8854 -0.2182
vn 0.1878 0.5164 0.8355
vn 0.7000 -0.5164 0.4933
vn 0.3931 0.6546 0.6458
vn 0.7514 -0.6564 -0.0675
vn -0.1627 0.8854 0.4355
vn 0.2385 -0.8889 -0.3912
vn 0.5804 0.5164 0.6297
vn 0.8529 -0.5164 0.0772
vn 0.6683 0.6564 0.3499
vn 0.6169 -0.6564 -0.4341
vn 0.0706 0.8889 0.4527
vn 0.0109 -0.8889 -0.4580
vn 0.8175 0.5164 0.2551
vn 0.7772 -0.5164 -0.3596
vn 0.7558 0.6546 -0.0175
vn 0.3054 -0.6546 -0.6916
vn 0.2958 0.8854 0.3587
vn -0.2182 -0.8854 -0.4106
vn 0.8355 0.5164 -0.1878
vn 0.4933 -0.5164 -0.7000
vn 0.5469 0.6644 -0.5094
vn -0.2128 -0.6564 -0.7238
vn 0.4550 0.8880 0.0667
vn -0.4302 -0.8889 -0.1576
vn 0.5043 0.5164 -0.6921
vn -0.0907 -0.5164 -0.8515
vn 0.2128 0.6564 -0.7238
vn -0.5462 -0.6564 -0.5204
vn 0.4302 0.8889 -0.1576
vn -0.4514 -0.8889 0.0786
vn 0.0907 0.5164 -0.8515
vn -0.5043 -0.5164 -0.6921
vn -0.1677 0.6644 -0.7284
vn -0.7332 -0.6564 -0.1776
vn 0.2852 0.8880 -0.3606
vn -0.3516 -0.8889 0.2938
vn -0.3472 0.5164 -0.7828
vn -0.7828 -0.5164 -0.3472
vn -0.5094 0.6644 -0.5469
vn -0.7238 -0.6564 0.2128
vn 0.0667 0.8880 -0.4550
vn -0.1576 -0.8889 0.4302
vn -0.6921 0.5164 -0.5043
vn -0.8515 -0.5164 0.0907
vn -0.7238 0.6564 -0.2128
vn -0.5204 -0.6564 0.5462
vn -0.1576 0.8889 -0.4302
vn 0.0786 -0.8889 0.4514
vn -0.8515 0.5164 -0.0907
vn -0.6921 -0.5164 0.5043
vn -0.7284 0.6644 0.1677
vn -0.1776 -0.6564 0.7332
vn -0.3606 0.8880 -0.2852
vn 0.2938 -0.8889 0.3516
vn -0.7828 0.5164 0.3472
vn -0.3472 -0.5164 0.7828
vn -0.5469 0.6644 0.5094
vn 0.2128 -0.6564 0.7238
vn -0.4550 0.8880 -0.0667
vn 0.4302 -0.8889 0.1576
vn -0.5043 0.5164 0.6921
vn 0.0907 -0.5164 0.8515
vn -0.2128 0.6564 0.7238
vn 0.5462 -0.6564 0.5204
vn -0.4302 0.8889 0.1576
vn 0.4514 -0.8889 -0.0786
vn -0.0907 0.5164 0.8515
vn 0.5043 -0.5164 0.6921
vn 0.1677 0.6644 0.7284
vn 0.7332 -0.6564 0.1776
vn -0.2852 0.8880 0.3606
vn 0.3516 -0.8889 -0.2938
vn 0.3472 0.5164 0.7828
vn 0.7828 -0.5164 0.3472
vn 0.5094 0.6644 0.5469
vn 0.7238 -0.6564 -0.2128
vn -0.0667 0.8880 0.4550
vn 0.1576 -0.8889 -0.4302
vn 0.6921 0.5164 0.5043
vn 0.8515 -0.5164 -0.0907
vn 0.7238 0.6564 0.2128
vn 0.5204 -0.6564 -0.5462
vn 0.1576 0.8889 0.4302
vn -0.0786 -0.8889 -0.4514
vn 0.8515 0.5164 0.0907
vn 0.6921 -0.5164 -0.5043
vn 0.7284 0.6644 -0.1677
vn 0.1776 -0.6564 -0.7332
vn 0.3606 0.8880 0.2852
vn -0.2938 -0.8889 -0.3516
vn 0.7828 0.5164 -0.3472
vn 0.3472 -0.5164 -0.7828
vn 0.4370 0.6644 -0.6063
vn -0.3499 -0.6564 -0.6683
vn 0.4592 0.8880 -0.0233
vn -0.4527 -0.8889 -0.0706
vn 0.3596 0.5164 -0.7772
vn -0.2551 -0.5164 -0.8175
vn 0.0675 0.6564 -0.7514
vn -0.6372 -0.6564 -0.4038
vn 0.3912 0.8889 -0.2385
vn -0.4273 -0.8889 0.1652
vn -0.0772 0.5164 -0.8529
vn -0.6297 -0.5164 -0.5804
vn -0.3184 0.6661 -0.6745
vn -0.7450 -0.6661 -0.0361
vn 0.2108 0.8915 -0.4009
vn -0.2897 -0.8915 0.3482
vn -0.4933 0.5164 -0.7000
vn -0.8355 -0.5164 -0.1878
vn -0.6063 0.6644 -0.4370
vn -0.6683 -0.6564 0.3499
vn -0.0233 0.8880 -0.4592
vn -0.0706 -0.8889 0.4527
vn -0.7772 0.5164 -0.3596
vn -0.8175 -0.5164 0.2551
vn -0.7514 0.6564 -0.0675
vn -0.4038 -0.6564 0.6372
vn -0.2385 0.8889 -0.3912
vn 0.1652 -0.8889 0.4273
vn -0.8529 0.5164 0.0772
vn -0.5804 -0.5164 0.6297
vn -0.6745 0.6661 0.3184
vn -0.0361 -0.6661 0.7450
vn -0.4009 0.8915 -0.2108
vn 0.3482 -0.8915 0.2897
vn -0.7000 0.5164 0.4933
vn -0.1878 -0.5164 0.8355
vn -0.4370 0.6644 0.6063
vn 0.3499 -0.6564 0.6683
vn -0.4592 0.8880 0.0233
vn 0.4527 -0.8889 0.0706
vn -0.3596 0.5164 0.7772
vn 0.2551 -0.5164 0.8175
vn -0.0675 0.6564 0.7514
vn 0.6372 -0.6564 0.4038
vn -0.3912 0.8889 0.2385
vn 0.4273 -0.8889 -0.1652
vn 0.0772 0.5164 0.8529
vn 0.6297 -0.5164 0.5804
vn 0.3184 0.6661 0.6745
vn 0.7450 -0.6661 0.0361
vn -0.2108 0.8915 0.4009
vn 0.2897 -0.8915 -0.3482
vn 0.4933 0.5164 0.7000
vn 0.8355 -0.5164 0.1878
vn 0.6063 0.6644 0.4370
vn 0.6683 -0.6564 -0.3499
vn 0.0233 0.8880 0.4592
vn 0.0706 -0.8889 -0.4527
vn 0.7772 0.5164 0.3596
vn 0.8175 -0.5164 -0.2551
vn 0.7514 0.6564 0.0675
vn 0.4038 -0.6564 -0.6372
vn 0.2385 0.8889 0.3912
vn -0.1652 -0.8889 -0.4273
vn 0.8529 0.5164 -0.0772
vn 0.5804 -0.5164 -0.6297
vn 0.6745 0.6661 -0.3184
vn 0.0361 -0.6661 -0.7450
vn 0.4009 0.8915 0.2108
vn -0.3482 -0.8915 -0.2897
vn 0.7000 0.5164 -0.4933
vn 0.1878 -0.5164 -0.8355
vn 0.2971 0.6661 -0.6841
vn -0.4736 -0.6564 -0.5872
vn 0.4404 0.8915 -0.1059
vn -0.4578 -0.8889 0.0190
vn 0.2011 0.5164 -0.8324
vn -0.4097 -0.5164 -0.7520
vn -0.0804 0.6564 -0.7501
vn -0.7037 -0.6564 -0.2718
vn 0.3372 0.8889 -0.3102
vn -0.3869 -0.8889 0.2454
vn -0.2421 0.5164 -0.8214
vn -0.7308 -0.5164 -0.4464
vn -0.4447 0.6564 -0.6094
vn -0.7447 -0.6546 0.1303
vn 0.1369 0.8889 -0.4372
vn -0.2202 -0.8854 0.4095
vn -0.6204 0.5164 -0.5903
vn -0.8561 -0.5164 -0.0212
vn -0.6841 0.6661 -0.2971
vn -0.5872 -0.6564 0.4736
vn -0.1059 0.8915 -0.4404
vn 0.0190 -0.8889 0.4578
vn -0.8324 0.5164 -0.2011
vn -0.7520 -0.5164 0.4097
vn -0.7501 0.6564 0.0804
vn -0.2718 -0.6564 0.7037
vn -0.3102 0.8889 -0.3372
vn 0.2454 -0.8889 0.3869
vn -0.8214 0.5164 0.2421
vn -0.4464 -0.5164 0.7308
vn -0.6094 0.6564 0.4447
vn 0.1303 -0.6546 0.7447
vn -0.4372 0.8889 -0.1369
vn 0.4095 -0.8854 0.2202
vn -0.5903 0.5164 0.6204
vn -0.0212 -0.5164 0.8561
vn -0.2971 0.6661 0.6841
vn 0.4736 -0.6564 0.5872
vn -0.4404 0.8915 0.1059
vn 0.4578 -0.8889 -0.0190
vn -0.2011 0.5164 0.8324
vn 0.4097 -0.5164 0.7520
vn 0.0804 0.6564 0.7501
vn 0.7037 -0.6564 0.2718
vn -0.3372 0.8889 0.3102
vn 0.3869 -0.8889 -0.2454
vn 0.2421 0.5164 0.8214
vn 0.7308 -0.5164 0.4464
vn 0.4447 0.6564 0.6094
vn 0.7447 -0.6546 -0.1303
vn -0.1369 0.8889 0.4372
vn 0.2202 -0.8854 -0.4095
vn 0.6204 0.5164 0.5903
vn 0.8561 -0.5164 0.0212
vn 0.6841 0.6661 0.2971
vn 0.5872 -0.6564 -0.4736
vn 0.1059 0.8915 0.4404
vn -0.0190 -0.8889 -0.4578
vn 0.8324 0.5164 0.2011
vn 0.7520 -0.5164 -0.4097
vn 0.7501 0.6564 -0.0804
vn 0.2718 -0.6564 -0.7037
vn 0.3102 0.8889 0.3372
vn -0.2454 -0.8889 -0.3869
vn 0.8214 0.5164 -0.2421
vn 0.4464 -0.5164 -0.7308
vn 0.6094 0.6564 -0.4447
vn -0.1303 -0.6546 -0.7447
vn 0.4372 0.8889 0.1369
vn -0.4095 -0.8854 -0.2202
vn 0.5903 0.5164 -0.6204
vn 0.0212 -0.5164 -0.8561
vn 0.1787 0.6546 -0.7346
vn 0.4230 0.8854 -0.1929
vn -0.7346 0.6546 -0.1787
vn -0.1929 0.8854 -0.4230
vn -0.1787 0.6546 0.7346
vn -0.4230 0.8854 0.1929
vn 0.7346 0.6546 0.1787
vn 0.1929 0.8854 0.4230
vn 0.0265 0.6644 -0.7469
vn 0.3689 0.8880 -0.2745
vn -0.6395 -0.6661 0.3839
vn -0.0475 -0.8915 0.4505
vn -0.7469 0.6644 -0.0265
vn -0.2745 0.8880 -0.3689
vn 0.3839 -0.6661 0.6395
vn 0.4505 -0.8915 0.0475
vn -0.0265 0.6644 0.7469
vn -0.3689 0.8880 0.2745
vn 0.6395 -0.6661 -0.3839
vn 0.0475 -0.8915 -0.4505
vn 0.7469 0.6644 0.0265
vn 0.2745 0.8880 0.3689
vn -0.3839 -0.6661 -0.6395
vn -0.4505 -0.8915 -0.0475
vn -0.1330 0.6661 -0.7339
vn -0.7200 -0.6564 -0.2252
vn 0.3074 0.8915 -0.3327
vn -0.3700 -0.8889 0.2702
vn -0.7050 0.6546 -0.2730
vn -0.5441 -0.6644 0.5124
vn -0.1361 0.8854 -0.4446
vn 0.0368 -0.8880 0.4583
vn -0.7339 0.6661 0.1330
vn -0.2252 -0.6564 0.7200
vn -0.3327 0.8915 -0.3074
vn 0.2702 -0.8889 0.3700
vn -0.2730 0.6546 0.7050
vn 0.5124 -0.6644 0.5441
vn -0.4446 0.8854 0.1361
vn 0.4583 -0.8880 -0.0368
vn 0.1330 0.6661 0.7339
vn 0.7200 -0.6564 0.2252
vn -0.3074 0.8915 0.3327
vn 0.3700 -0.8889 -0.2702
vn 0.7050 0.6546 0.2730
vn 0.5441 -0.6644 -0.5124
vn 0.1361 0.8854 0.4446
vn -0.0368 -0.8880 -0.4583
vn 0.7339 0.6661 -0.1330
vn 0.2252 -0.6564 -0.7200
vn 0.3327 0.8915 0.3074
vn -0.2702 -0.8889 -0.3700
vn 0.2730 0.6546 -0.7050
vn -0.5124 -0.6644 -0.5441
vn 0.4446 0.8854 -0.1361
vn -0.4583 -0.8880 0.0368
vn -0.2718 0.6564 -0.7037
vn -0.7410 -0.6661 -0.0847
vn 0.2454 0.8889 -0.3869
vn -0.3119 -0.8915 0.3285
vn -0.6841 -0.6661 0.2971
vn -0.1059 -0.8915 0.4404
vn -0.7377 0.6661 -0.1100
vn -0.4337 -0.6644 0.6087
vn -0.2163 0.8915 -0.3980
vn 0.1255 -0.8880 0.4424
vn -0.7037 0.6564 0.2718
vn -0.0847 -0.6661 0.7410
vn -0.3869 0.8889 -0.2454
vn 0.3285 -0.8915 0.3119
vn 0.2971 -0.6661 0.6841
vn 0.4404 -0.8915 0.1059
vn -0.1100 0.6661 0.7377
vn 0.6087 -0.6644 0.4337
vn -0.3980 0.8915 0.2163
vn 0.4424 -0.8880 -0.1255
vn 0.2718 0.6564 0.7037
vn 0.7410 -0.6661 0.0847
vn -0.2454 0.8889 0.3869
vn 0.3119 -0.8915 -0.3285
vn 0.6841 -0.6661 -0.2971
vn 0.1059 -0.8915 -0.4404
vn 0.7377 0.6661 0.1100
vn 0.4337 -0.6644 -0.6087
vn 0.2163 0.8915 0.3980
vn -0.1255 -0.8880 -0.4424
vn 0.7037 0.6564 -0.2718
vn 0.0847 -0.6661 -0.7410
vn 0.3869 0.8889 0.2454
vn -0.3285 -0.8915 -0.3119
vn -0.2971 -0.6661 -0.6841
vn -0.4404 -0.8915 -0.1059
vn 0.1100 0.6661 -0.7377
vn -0.6087 -0.6644 -0.4337
vn 0.3980 0.8915 -0.2163
vn -0.4424 -0.8880 0.1255
vn -0.7516 -0.6546 0.0813
vn -0.2465 -0.8854 0.3942
vn -0.6103 -0.6546 0.4462
vn -0.0164 -0.8854 0.4646
vn -0.7538 0.6564 0.0311
vn -0.2875 0.8889 -0.3567
vn 0.0813 -0.6546 0.7516
vn 0.3942 -0.8854 0.2465
vn 0.4462 -0.6546 0.6103
vn 0.4646 -0.8854 0.0164
vn 0.0311 0.6564 0.7538
vn -0.3567 0.8889 0.2875
vn 0.7516 -0.6546 -0.0813
vn 0.2465 -0.8854 -0.3942
vn 0.6103 -0.6546 -0.4462
vn 0.0164 -0.8854 -0.4646
vn 0.7538 0.6564 -0.0311
vn 0.2875 0.8889 0.3567
vn -0.0813 -0.6546 -0.7516
vn -0.3942 -0.8854 -0.2465
vn -0.4462 -0.6546 -0.6103
vn -0.4646 -0.8854 -0.0164
vn -0.0311 0.6564 -0.7538
vn 0.3567 0.8889 -0.2875
vn -0.5183 0.6661 -0.5363
vn 0.0707 0.8915 -0.4474
vn -0.7379 0.6546 0.1646
vn -0.3601 0.8854 -0.2941
vn -0.5363 0.6661 0.5183
vn -0.4474 0.8915 -0.0707
vn 0.1646 0.6546 0.7379
vn -0.2941 0.8854 0.3601
vn 0.5183 0.6661 0.5363
vn -0.0707 0.8915 0.4474
vn 0.7379 0.6546 -0.1646
vn 0.3601 0.8854 0.2941
vn 0.5363 0.6661 -0.5183
vn 0.4474 0.8915 0.0707
vn -0.1646 0.6546 -0.7379
vn 0.2941 0.8854 -0.3601
vn -0.6103 0.6546 -0.4462
vn -0.0164 0.8854 -0.4646
vn -0.0311 -0.6564 0.7538
vn 0.3567 -0.8889 0.2875
vn -0.4462 0.6546 0.6103
vn -0.4646 0.8854 0.0164
vn 0.7538 -0.6564 0.0311
vn 0.2875 -0.8889 -0.3567
vn 0.6103 0.6546 0.4462
vn 0.0164 0.8854 0.4646
vn 0.0311 -0.6564 -0.7538
vn -0.3567 -0.8889 -0.2875
vn 0.4462 0.6546 -0.6103
vn 0.4646 0.8854 -0.0164
vn -0.7538 -0.6564 -0.0311
vn -0.2875 -0.8889 0.3567
vn -0.7530 0.6546 0.0669
vn -0.3187 0.8854 -0.3385
vn -0.6187 0.6546 0.4345
vn 0.1100 -0.6661 0.7377
vn -0.4452 0.8854 -0.1339
vn 0.3980 -0.8915 0.2163
vn 0.0669 0.6546 0.7530
vn -0.3385 0.8854 0.3187
vn 0.4345 0.6546 0.6187
vn 0.7377 -0.6661 -0.1100
vn -0.1339 0.8854 0.4452
vn 0.2163 -0.8915 -0.3980
vn 0.7530 0.6546 -0.0669
vn 0.3187 0.8854 0.3385
vn 0.6187 0.6546 -0.4345
vn -0.1100 -0.6661 -0.7377
vn 0.4452 0.8854 0.1339
vn -0.3980 -0.8915 -0.2163
vn -0.0669 0.6546 -0.7530
vn 0.3385 0.8854 -0.3187
vn -0.4345 0.6546 -0.6187
vn -0.7377 -0.6661 0.1100
vn 0.1339 0.8854 -0.4452
vn -0.2163 -0.8915 0.3980
vn -0.7103 0.6661 0.2277
vn -0.3700 0.8915 -0.2613
vn -0.5013 0.6661 0.5523
vn 0.2730 -0.6546 0.7050
vn -0.4511 0.8915 -0.0413
vn 0.4446 -0.8854 0.1361
vn 0.2277 0.6661 0.7103
vn -0.2613 0.8915 0.3700
vn 0.5523 0.6661 0.5013
vn 0.7050 -0.6546 -0.2730
vn -0.0413 0.8915 0.4511
vn 0.1361 -0.8854 -0.4446
vn 0.7103 0.6661 -0.2277
vn 0.3700 0.8915 0.2613
vn 0.5013 0.6661 -0.5523
vn -0.2730 -0.6546 -0.7050
vn 0.4511 0.8915 0.0413
vn -0.4446 -0.8854 -0.1361
vn -0.2277 0.6661 -0.7103
vn 0.2613 0.8915 -0.3700
vn -0.5523 0.6661 -0.5013
vn -0.7050 -0.6546 0.2730
vn 0.0413 0.8915 -0.4511
vn -0.1361 -0.8854 0.4446
vn -0.6701 0.6546 0.3500
vn -0.4240 0.8854 -0.1908
vn 0.3500 0.6546 0.6701
vn -0.1908 0.8854 0.4240
vn 0.6701 0.6546 -0.3500
vn 0.4240 0.8854 0.1908
vn -0.3500 0.6546 -0.6701
vn 0.1908 0.8854 -0.4240
vn -0.5691 0.6661 0.4821
vn 0.1580 -0.6661 0.7289
vn -0.4418 0.8915 -0.0998
vn 0.4113 -0.8915 0.1898
vn 0.4821 0.6661 0.5691
vn 0.7289 -0.6661 -0.1580
vn -0.0998 0.8915 0.4418
vn 0.1898 -0.8915 -0.4113
vn 0.5691 0.6661 -0.4821
vn -0.1580 -0.6661 -0.7289
vn 0.4418 0.8915 0.0998
vn -0.4113 -0.8915 -0.1898
vn -0.4821 0.6661 -0.5691
vn -0.7289 -0.6661 0.1580
vn 0.0998 0.8915 -0.4418
vn -0.1898 -0.8915 0.4113
vn 0.3385 -0.8854 0.3187
vn 0.3186 -0.6546 0.6856
vn 0.4525 -0.8854 0.1067
vn 0.6187 -0.6546 0.4345
vn 0.4452 -0.8854 -0.1339
vn 0.3187 -0.8854 -0.3385
vn 0.6856 -0.6546 -0.3186
vn 0.1067 -0.8854 -0.4525
vn 0.4345 -0.6546 -0.6187
vn -0.1339 -0.8854 -0.4452
vn -0.3385 -0.8854 -0.3187
vn -0.3186 -0.6546 -0.6856
vn -0.4525 -0.8854 -0.1067
vn -0.6187 -0.6546 -0.4345
vn -0.4452 -0.8854 0.1339
vn -0.3187 -0.8854 0.3385
vn -0.6856 -0.6546 0.3186
vn -0.1067 -0.8854 0.4525
vn -0.4345 -0.6546 0.6187
vn 0.1339 -0.8854 0.4452
vn -0.6372 0.6564 0.4038
vn -0.4273 0.8889 -0.1652
vn 0.6845 -0.6564 0.3172
vn 0.4021 -0.8889 -0.2195
vn 0.4038 0.6564 0.6372
vn -0.1652 0.8889 0.4273
vn 0.3172 -0.6564 -0.6845
vn -0.2195 -0.8889 -0.4021
vn 0.6372 0.6564 -0.4038
vn 0.4273 0.8889 0.1652
vn -0.6845 -0.6564 -0.3172
vn -0.4021 -0.8889 0.2195
vn -0.4038 0.6564 -0.6372
vn 0.1652 0.8889 -0.4273
vn -0.3172 -0.6564 0.6845
vn 0.2195 -0.8889 0.4021
vn -0.5462 0.6564 0.5204
vn -0.4514 0.8889 -0.0786
vn 0.1776 0.6564 0.7332
vn 0.7236 -0.6661 0.1807
vn -0.2938 0.8889 0.3516
vn 0.3521 -0.8915 -0.2850
vn 0.5204 0.6564 0.5462
vn -0.0786 0.8889 0.4514
vn 0.7332 0.6564 -0.1776
vn 0.1807 -0.6661 -0.7236
vn 0.3516 0.8889 0.2938
vn -0.2850 -0.8915 -0.3521
vn 0.5462 0.6564 -0.5204
vn 0.4514 0.8889 0.0786
vn -0.1776 0.6564 -0.7332
vn -0.7236 -0.6661 -0.1807
vn 0.2938 0.8889 -0.3516
vn -0.3521 -0.8915 0.2850
vn -0.5204 0.6564 -0.5462
vn 0.0786 0.8889 -0.4514
vn -0.7332 0.6564 0.1776
vn -0.1807 -0.6661 0.7236
vn -0.3516 0.8889 -0.2938
vn 0.2850 -0.8915 0.3521
vn -0.0813 0.6546 0.7516
vn -0.3942 0.8854 0.2465
vn 0.3054 0.6546 0.6916
vn 0.7558 -0.6546 0.0175
vn -0.2182 0.8854 0.4106
vn 0.2958 -0.8854 -0.3587
vn 0.7516 0.6546 0.0813
vn 0.2465 0.8854 0.3942
vn 0.6916 0.6546 -0.3054
vn 0.0175 -0.6546 -0.7558
vn 0.4106 0.8854 0.2182
vn -0.3587 -0.8854 -0.2958
vn 0.0813 0.6546 -0.7516
vn 0.3942 0.8854 -0.2465
vn -0.3054 0.6546 -0.6916
vn -0.7558 -0.6546 -0.0175
vn 0.2182 0.8854 -0.4106
vn -0.2958 -0.8854 0.3587
vn -0.7516 0.6546 -0.0813
vn -0.2465 0.8854 -0.3942
vn -0.6916 0.6546 0.3054
vn -0.0175 -0.6546 0.7558
vn -0.4106 0.8854 -0.2182
vn 0.3587 -0.8854 0.2958
vn 0.0712 0.6644 0.7440
vn -0.3299 0.8880 0.3203
vn 0.4337 0.6644 0.6087
vn 0.7453 -0.6564 -0.1165
vn -0.1255 0.8880 0.4424
vn 0.2124 -0.8889 -0.4060
vn 0.7440 0.6644 -0.0712
vn 0.3203 0.8880 0.3299
vn 0.6087 0.6644 -0.4337
vn -0.1165 -0.6564 -0.7453
vn 0.4424 0.8880 0.1255
vn -0.4060 -0.8889 -0.2124
vn -0.0712 0.6644 -0.7440
vn 0.3299 0.8880 -0.3203
vn -0.4337 0.6644 -0.6087
vn -0.7453 -0.6564 0.1165
vn 0.1255 0.8880 -0.4424
vn -0.2124 -0.8889 0.4060
vn -0.7440 0.6644 0.0712
vn -0.3203 0.8880 -0.3299
vn -0.6087 0.6644 0.4337
vn 0.1165 -0.6564 0.7453
vn -0.4424 0.8880 -0.1255
vn 0.4060 -0.8889 0.2124
vn 0.5691 -0.6661 0.4821
vn 0.4418 -0.8915 -0.0998
vn 0.7339 -0.6661 0.1330
vn 0.3327 -0.8915 -0.3074
vn 0.4821 -0.6661 -0.5691
vn -0.0998 -0.8915 -0.4418
vn 0.1330 -0.6661 -0.7339
vn -0.3074 -0.8915 -0.3327
vn -0.5691 -0.6661 -0.4821
vn -0.4418 -0.8915 0.0998
vn -0.7339 -0.6661 -0.1330
vn -0.3327 -0.8915 0.3074
vn -0.4821 -0.6661 0.5691
vn 0.0998 -0.8915 0.4418
vn -0.1330 -0.6661 0.7339
vn 0.3074 -0.8915 0.3327
vn -0.0319 0.6546 0.7553
vn 0.6701 -0.6546 0.3500
vn -0.3772 0.8854 0.2717
vn 0.4240 -0.8854 -0.1908
vn 0.7553 -0.6546 -0.0319
vn 0.2717 -0.8854 -0.3772
vn 0.7553 0.6546 0.0319
vn 0.3500 -0.6546 -0.6701
vn 0.2717 0.8854 0.3772
vn -0.1908 -0.8854 -0.4240
vn -0.0319 -0.6546 -0.7553
vn -0.3772 -0.8854 -0.2717
vn 0.0319 0.6546 -0.7553
vn -0.6701 -0.6546 -0.3500
vn 0.3772 0.8854 -0.2717
vn -0.4240 -0.8854 0.1908
vn -0.7553 -0.6546 0.0319
vn -0.2717 -0.8854 0.3772
vn -0.7553 0.6546 -0.0319
vn -0.3500 -0.6546 0.6701
vn -0.2717 0.8854 -0.3772
vn 0.1908 -0.8854 0.4240
vn 0.0319 -0.6546 0.7553
vn 0.3772 -0.8854 0.2717
vn 0.7501 -0.6564 0.0804
vn 0.3102 -0.8889 -0.3372
vn 0.5798 0.6546 0.4852
vn -0.0141 0.8854 0.4647
vn 0.4447 -0.6564 -0.6094
vn -0.1369 -0.8889 -0.4372
vn 0.0804 -0.6564 -0.7501
vn -0.3372 -0.8889 -0.3102
vn 0.4852 0.6546 -0.5798
vn 0.4647 0.8854 0.0141
vn -0.6094 -0.6564 -0.4447
vn -0.4372 -0.8889 0.1369
vn -0.7501 -0.6564 -0.0804
vn -0.3102 -0.8889 0.3372
vn -0.5798 0.6546 -0.4852
vn 0.0141 0.8854 -0.4647
vn -0.4447 -0.6564 0.6094
vn 0.1369 -0.8889 0.4372
vn -0.0804 -0.6564 0.7501
vn 0.3372 -0.8889 0.3102
vn -0.4852 0.6546 0.5798
vn -0.4647 0.8854 -0.0141
vn 0.6094 -0.6564 0.4447
vn 0.4372 -0.8889 -0.1369
vn 0.6632 0.6661 0.3413
vn 0.0768 0.8915 0.4464
vn 0.3413 0.6661 -0.6632
vn 0.4464 0.8915 -0.0768
vn -0.6632 0.6661 -0.3413
vn -0.0768 0.8915 -0.4464
vn -0.3413 0.6661 0.6632
vn -0.4464 0.8915 0.0768
vn 0.9777 -0.1010 0.1843
vn 0.2182 0.8376 0.5008
vn 0.8109 -0.5287 -0.2508
vn 0.0185 0.8925 0.4507
vn 0.0765 -0.8903 -0.4488
vn 0.9425 0.2121 0.2585
vn 0.9844 -0.1660 0.0576
vn 0.3853 -0.8436 -0.3740
vn 0.9921 -0.1010 -0.0751
vn 0.9850 -0.1010 -0.1398
vn 0.9738 -0.1010 -0.2039
vn 0.9583 -0.1010 -0.2671
vn 0.9388 -0.1010 -0.3293
vn 0.4703 0.8145 0.3398
vn 0.5769 -0.5287 -0.6227
vn 0.2353 0.8876 0.3959
vn -0.1582 -0.8903 -0.4269
vn 0.9454 0.2121 -0.2474
vn 0.8813 -0.1660 -0.4424
vn 0.1467 -0.8436 -0.5165
vn 0.8216 -0.1010 -0.5610
vn 0.7832 -0.1010 -0.6136
vn 0.7414 -0.1010 -0.6635
vn 0.6964 -0.1010 -0.7105
vn 0.6484 -0.1010 -0.7546
vn 0.5428 0.8376 0.0614
vn 0.1883 -0.5287 -0.8277
vn 0.3995 0.8925 0.2093
vn -0.3505 -0.8903 -0.2906
vn 0.6950 0.2121 -0.6870
vn 0.5421 -0.1660 -0.8238
vn -0.1312 -0.8436 -0.5207
vn 0.4310 -0.1010 -0.8967
vn 0.3715 -0.1010 -0.9229
vn 0.3103 -0.1010 -0.9453
vn 0.2478 -0.1010 -0.9635
vn 0.1843 -0.1010 -0.9777
vn 0.5008 0.8376 -0.2182
vn -0.2508 -0.5287 -0.8109
vn 0.4507 0.8925 -0.0185
vn -0.4488 -0.8903 -0.0765
vn 0.2584 0.2121 -0.9425
vn 0.0576 -0.1660 -0.9844
vn -0.3740 -0.8436 -0.3853
vn -0.0751 -0.1010 -0.9921
vn -0.1398 -0.1010 -0.9850
vn -0.2039 -0.1010 -0.9738
vn -0.2671 -0.1010 -0.9583
vn -0.3293 -0.1010 -0.9388
vn 0.3398 0.8145 -0.4703
vn -0.6227 -0.5287 -0.5769
vn 0.3959 0.8876 -0.2353
vn -0.4269 -0.8903 0.1582
vn -0.2474 0.2121 -0.9454
vn -0.4424 -0.1660 -0.8813
vn -0.5165 -0.8436 -0.1467
vn -0.5610 -0.1010 -0.8216
vn -0.6136 -0.1010 -0.7832
vn -0.6635 -0.1010 -0.7414
vn -0.7105 -0.1010 -0.6964
vn -0.7546 -0.1010 -0.6484
vn 0.0614 0.8376 -0.5428
vn -0.8277 -0.5287 -0.1883
vn 0.2093 0.8925 -0.3995
vn -0.2906 -0.8903 0.3505
vn -0.6870 0.2121 -0.6951
vn -0.8238 -0.1660 -0.5421
vn -0.5207 -0.8436 0.1312
vn -0.8967 -0.1010 -0.4310
vn -0.9229 -0.1010 -0.3715
vn -0.9453 -0.1010 -0.3103
vn -0.9635 -0.1010 -0.2478
vn -0.9777 -0.1010 -0.1843
vn -0.2182 0.8376 -0.5008
vn -0.8109 -0.5287 0.2508
vn -0.0185 0.8925 -0.4507
vn -0.0765 -0.8903 0.4488
vn -0.9425 0.2121 -0.2585
vn -0.9844 -0.1660 -0.0576
vn -0.3853 -0.8436 0.3740
vn -0.9921 -0.1010 0.0751
vn -0.9850 -0.1010 0.1398
vn -0.9738 -0.1010 0.2039
vn -0.9583 -0.1010 0.2671
vn -0.9388 -0.1010 0.3293
vn -0.4703 0.8145 -0.3398
vn -0.5769 -0.5287 0.6227
vn -0.2353 0.8876 -0.3959
vn 0.1582 -0.8903 0.4269
vn -0.9454 0.2121 0.2474
vn -0.8813 -0.1660 0.4424
vn -0.1467 -0.8436 0.5165
vn -0.8216 -0.1010 0.5610
vn -0.7832 -0.1010 0.6136
vn -0.7414 -0.1010 0.6635
vn -0.6964 -0.1010 0.7105
vn -0.6484 -0.1010 0.7546
vn -0.5428 0.8376 -0.0614
vn -0.1883 -0.5287 0.8277
vn -0.3995 0.8925 -0.2093
vn 0.3505 -0.8903 0.2906
vn -0.6950 0.2121 0.6870
vn -0.5421 -0.1660 0.8238
vn 0.1312 -0.8436 0.5207
vn -0.4310 -0.1010 0.8967
vn -0.3715 -0.1010 0.9229
vn -0.3103 -0.1010 0.9453
vn -0.2478 -0.1010 0.9635
vn -0.1843 -0.1010 0.9777
vn -0.5008 0.8376 0.2182
vn 0.2508 -0.5287 0.8109
vn -0.4507 0.8925 0.0185
vn 0.4488 -0.8903 0.0765
vn -0.2584 0.2121 0.9425
vn -0.0576 -0.1660 0.9844
vn 0.3740 -0.8436 0.3853
vn 0.0751 -0.1010 0.9921
vn 0.1398 -0.1010 0.9850
vn 0.2039 -0.1010 0.9738
vn 0.2671 -0.1010 0.9583
vn 0.3293 -0.1010 0.9388
vn -0.3398 0.8145 0.4703
vn 0.6227 -0.5287 0.5769
vn -0.3959 0.8876 0.2353
vn 0.4269 -0.8903 -0.1582
vn 0.2474 0.2121 0.9454
vn 0.4424 -0.1660 0.8813
vn 0.5165 -0.8436 0.1467
vn 0.5610 -0.1010 0.8216
vn 0.6136 -0.1010 0.7832
vn 0.6635 -0.1010 0.7414
vn 0.7105 -0.1010 0.6964
vn 0.7546 -0.1010 0.6484
vn -0.0614 0.8376 0.5428
vn 0.8277 -0.5287 0.1883
vn -0.2093 0.8925 0.3995
vn 0.2906 -0.8903 -0.3505
vn 0.6870 0.2121 0.6951
vn 0.8238 -0.1660 0.5421
vn 0.5207 -0.8436 -0.1312
vn 0.8967 -0.1010 0.4310
vn 0.9229 -0.1010 0.3715
vn 0.9453 -0.1010 0.3103
vn 0.9635 -0.1010 0.2478
s 1
usemtl matCorJade
f 1//1 288//288 144//144
f 145//145 2//2 146//146
f 2//2 148//148 146//146
f 148//148 6//6 150//150
f 150//150 7//7 151//151
f 151//151 8//8 152//152
f 152//152 5//5 149//149
f 5//5 147//147 149//149
f 147//147 9//9 153//153
f 153//153 10//10 154//154
f 154//154 11//11 155//155
f 155//155 12//12 156//156
f 156//156 13//13 157//157
f 157//157 14//14 158//158
f 14//14 160//160 158//158
f 160//160 18//18 162//162
f 162//162 19//19 163//163
f 163//163 20//20 164//164
f 164//164 17//17 161//161
f 17//17 159//159 161//161
f 159//159 21//21 165//165
f 165//165 22//22 166//166
f 166//166 23//23 167//167
f 167//167 24//24 168//168
f 168//168 25//25 169//169
f 169//169 26//26 170//170
f 26//26 172//172 170//170
f 172//172 30//30 174//174
f 174//174 31//31 175//175
f 175//175 32//32 176//176
f 176//176 29//29 173//173
f 29//29 171//171 173//173
f 171//171 33//33 177//177
f 177//177 34//34 178//178
f 178//178 35//35 179//179
f 179//179 36//36 180//180
f 180//180 37//37 181//181
f 181//181 38//38 182//182
f 38//38 184//184 182//182
f 184//184 42//42 186//186
f 186//186 43//43 187//187
f 187//187 44//44 188//188
f 188//188 41//41 185//185
f 41//41 183//183 185//185
f 183//183 45//45 189//189
f 189//189 46//46 190//190
f 190//190 47//47 191//191
f 191//191 48//48 192//192
f 192//192 49//49 193//193
f 193//193 50//50 194//194
f 50//50 196//196 194//194
f 196//196 54//54 198//198
f 198//198 55//55 199//199
f 199//199 56//56 200//200
f 200//200 53//53 197//197
f 53//53 195//195 197//197
f 195//195 57//57 201//201
f 201//201 58//58 202//202
f 202//202 59//59 203//203
f 203//203 60//60 204//204
f 204//204 61//61 205//205
f 205//205 62//62 206//206
f 62//62 208//208 206//206
f 208//208 66//66 210//210
f 210//210 67//67 211//211
f 211//211 68//68 212//212
f 212//212 65//65 209//209
f 65//65 207//207 209//209
f 207//207 69//69 213//213
f 213//213 70//70 214//214
f 214//214 71//71 215//215
f 215//215 72//72 216//216
f 216//216 73//73 217//217
f 217//217 74//74 218//218
f 74//74 220//220 218//218
f 220//220 78//78 222//222
f 222//222 79//79 223//223
f 223//223 80//80 224//224
f 224//224 77//77 221//221
f 77//77 219//219 221//221
f 219//219 81//81 225//225
f 225//225 82//82 226//226
f 226//226 83//83 227//227
f 227//227 84//84 228//228
f 228//228 85//85 229//229
f 229//229 86//86 230//230
f 86//86 232//232 230//230
f 232//232 90//90 234//234
f 234//234 91//91 235//235
f 235//235 92//92 236//236
f 236//236 89//89 233//233
f 89//89 231//231 233//233
f 231//231 93//93 237//237
f 237//237 94//94 238//238
f 238//238 95//95 239//239
f 239//239 96//96 240//240
f 240//240 97//97 241//241
f 241//241 98//98 242//242
f 98//98 244//244 242//242
f 244//244 102//102 246//246
f 246//246 103//103 247//247
f 247//247 104//104 248//248
f 248//248 101//101 245//245
f 101//101 243//243 245//245
f 243//243 105//105 249//249
f 249//249 106//106 250//250
f 250//250 107//107 251//251
f 251//251 108//108 252//252
f 252//252 109//109 253//253
f 253//253 110//110 254//254
f 110//110 256//256 254//254
f 256//256 114//114 258//258
f 258//258 115//115 259//259
f 259//259 116//116 260//260
f 260//260 113//113 257//257
f 113//113 255//255 257//257
f 255//255 117//117 261//261
f 261//261 118//118 262//262
f 262//262 119//119 263//263
f 263//263 120//120 264//264
f 264//264 121//121 265//265
f 265//265 122//122 266//266
f 122//122 268//268 266//266
f 268//268 126//126 270//270
f 270//270 127//127 271//271
f 271//271 128//128 272//272
f 272//272 125//125 269//269
f 125//125 267//267 269//269
f 267//267 129//129 273//273
f 273//273 130//130 274//274
f 274//274 131//131 275//275
f 275//275 132//132 276//276
f 276//276 133//133 277//277
f 277//277 134//134 278//278
f 134//134 280//280 278//278
f 280//280 138//138 282//282
f 282//282 139//139 283//283
f 283//283 140//140 284//284
f 284//284 137//137 281//281
f 137//137 279//279 281//281
f 279//279 141//141 285//285
f 285//285 142//142 286//286
f 286//286 143//143 287//287
f 287//287 144//144 288//288
f 145//145 432//151 288//288
f 289//289 146//146 290//290
f 146//146 292//292 290//290
f 292//292 150//150 294//294
f 294//294 151//151 295//154
f 295//154 152//152 296//295
f 296//295 149//149 293//293
f 149//149 291//291 293//293
f 291//291 153//153 297//156
f 297//156 154//154 298//157
f 298//157 155//155 299//296
f 299//296 156//156 300//163
f 300//163 157//157 301//297
f 301//297 158//158 302//298
f 158//158 304//300 302//298
f 304//300 162//162 306//302
f 306//302 163//163 307//166
f 307//166 164//164 308//303
f 308//303 161//161 305//301
f 161//161 303//299 305//301
f 303//299 165//165 309//168
f 309//168 166//166 310//169
f 310//169 167//167 311//304
f 311//304 168//168 312//175
f 312//175 169//169 313//305
f 313//305 170//170 314//306
f 170//170 316//308 314//306
f 316//308 174//174 318//310
f 318//310 175//175 319//178
f 319//178 176//176 320//311
f 320//311 173//173 317//309
f 173//173 315//307 317//309
f 315//307 177//177 321//180
f 321//180 178//178 322//181
f 322//181 179//179 323//312
f 323//312 180//180 324//187
f 324//187 181//181 325//313
f 325//313 182//182 326//314
f 182//182 328//316 326//314
f 328//316 186//186 330//318
f 330//318 187//187 331//190
f 331//190 188//188 332//319
f 332//319 185//185 329//317
f 185//185 327//315 329//317
f 327//315 189//189 333//192
f 333//192 190//190 334//193
f 334//193 191//191 335//320
f 335//320 192//192 336//199
f 336//199 193//193 337//321
f 337//321 194//194 338//322
f 194//194 340//324 338//322
f 340//324 198//198 342//326
f 342//326 199//199 343//202
f 343//202 200//200 344//327
f 344//327 197//197 341//325
f 197//197 339//323 341//325
f 339//323 201//201 345//204
f 345//204 202//202 346//205
f 346//205 203//203 347//328
f 347//328 204//204 348//211
f 348//211 205//205 349//329
f 349//329 206//206 350//330
f 206//206 352//332 350//330
f 352//332 210//210 354//334
f 354//334 211//211 355//214
f 355//214 212//212 356//335
f 356//335 209//209 353//333
f 209//209 351//331 353//333
f 351//331 213//213 357//216
f 357//216 214//214 358//217
f 358//217 215//215 359//336
f 359//336 216//216 360//223
f 360//223 217//217 361//337
f 361//337 218//218 362//338
f 218//218 364//340 362//338
f 364//340 222//222 366//342
f 366//342 223//223 367//226
f 367//226 224//224 368//343
f 368//343 221//221 365//341
f 221//221 363//339 365//341
f 363//339 225//225 369//228
f 369//228 226//226 370//229
f 370//229 227//227 371//344
f 371//344 228//228 372//235
f 372//235 229//229 373//345
f 373//345 230//230 374//346
f 230//230 376//348 374//346
f 376//348 234//234 378//350
f 378//350 235//235 379//238
f 379//238 236//236 380//351
f 380//351 233//233 377//349
f 233//233 375//347 377//349
f 375//347 237//237 381//240
f 381//240 238//238 382//241
f 382//241 239//239 383//352
f 383//352 240//240 384//247
f 384//247 241//241 385//353
f 385//353 242//242 386//354
f 242//242 388//356 386//354
f 388//356 246//246 390//358
f 390//358 247//247 391//250
f 391//250 248//248 392//359
f 392//359 245//245 389//357
f 245//245 387//355 389//357
f 387//355 249//249 393//252
f 393//252 250//250 394//253
f 394//253 251//251 395//360
f 395//360 252//252 396//259
f 396//259 253//253 397//361
f 397//361 254//254 398//362
f 254//254 400//364 398//362
f 400//364 258//258 402//366
f 402//366 259//259 403//262
f 403//262 260//260 404//367
f 404//367 257//257 401//365
f 257//257 399//363 401//365
f 399//363 261//261 405//264
f 405//264 262//262 406//265
f 406//265 263//263 407//368
f 407//368 264//264 408//271
f 408//271 265//265 409//369
f 409//369 266//266 410//370
f 266//266 412//372 410//370
f 412//372 270//270 414//374
f 414//374 271//271 415//274
f 415//274 272//272 416//375
f 416//375 269//269 413//373
f 269//269 411//371 413//373
f 411//371 273//273 417//276
f 417//276 274//274 418//277
f 418//277 275//275 419//376
f 419//376 276//276 420//283
f 420//283 277//277 421//377
f 421//377 278//278 422//378
f 278//278 424//380 422//378
f 424//380 282//282 426//382
f 426//382 283//283 427//286
f 427//286 284//284 428//383
f 428//383 281//281 425//381
f 281//281 423//379 425//381
f 423//379 285//285 429//288
f 429//288 286//286 430//145
f 430//145 287//287 431//384
f 431//384 288//288 432//151
f 289//289 576//154 432//151
f 433//155 290//290 434//385
f 290//290 436//387 434//385
f 436//387 294//294 438//389
f 438//389 295//154 439//157
f 439//157 296//295 440//390
f 440//390 293//293 437//388
f 293//293 435//386 437//388
f 435//386 297//156 441//163
f 441//163 298//157 442//297
f 442//297 299//296 443//165
f 443//165 300//163 444//166
f 444//166 301//297 445//167
f 445//167 302//298 446//391
f 302//298 448//393 446//391
f 448//393 306//302 450//395
f 450//395 307//166 451//169
f 451//169 308//303 452//396
f 452//396 305//301 449//394
f 305//301 447//392 449//394
f 447//392 309//168 453//175
f 453//175 310//169 454//305
f 454//305 311//304 455//177
f 455//177 312//175 456//178
f 456//178 313//305 457//179
f 457//179 314//306 458//397
f 314//306 460//399 458//397
f 460//399 318//310 462//401
f 462//401 319//178 463//181
f 463//181 320//311 464//402
f 464//402 317//309 461//400
f 317//309 459//398 461//400
f 459//398 321//180 465//187
f 465//187 322//181 466//313
f 466//313 323//312 467//189
f 467//189 324//187 468//190
f 468//190 325//313 469//191
f 469//191 326//314 470//403
f 326//314 472//405 470//403
f 472//405 330//318 474//407
f 474//407 331//190 475//193
f 475//193 332//319 476//408
f 476//408 329//317 473//406
f 329//317 471//404 473//406
f 471//404 333//192 477//199
f 477//199 334//193 478//321
f 478//321 335//320 479//201
f 479//201 336//199 480//202
f 480//202 337//321 481//203
f 481//203 338//322 482//409
f 338//322 484//411 482//409
f 484//411 342//326 486//413
f 486//413 343//202 487//205
f 487//205 344//327 488//414
f 488//414 341//325 485//412
f 341//325 483//410 485//412
f 483//410 345//204 489//211
f 489//211 346//205 490//329
f 490//329 347//328 491//213
f 491//213 348//211 492//214
f 492//214 349//329 493//215
f 493//215 350//330 494//415
f 350//330 496//417 494//415
f 496//417 354//334 498//419
f 498//419 355//214 499//217
f 499//217 356//335 500//420
f 500//420 353//333 497//418
f 353//333 495//416 497//418
f 495//416 357//216 501//223
f 501//223 358//217 502//337
f 502//337 359//336 503//225
f 503//225 360//223 504//226
f 504//226 361//337 505//227
f 505//227 362//338 506//421
f 362//338 508//423 506//421
f 508//423 366//342 510//425
f 510//425 367//226 511//229
f 511//229 368//343 512//426
f 512//426 365//341 509//424
f 365//341 507//422 509//424
f 507//422 369//228 513//235
f 513//235 370//229 514//345
f 514//345 371//344 515//237
f 515//237 372//235 516//238
f 516//238 373//345 517//239
f 517//239 374//346 518//427
f 374//346 520//429 518//427
f 520//429 378//350 522//431
f 522//431 379//238 523//241
f 523//241 380//351 524//432
f 524//432 377//349 521//430
f 377//349 519//428 521//430
f 519//428 381//240 525//247
f 525//247 382//241 526//353
f 526//353 383//352 527//249
f 527//249 384//247 528//250
f 528//250 385//353 529//251
f 529//251 386//354 530//433
f 386//354 532//435 530//433
f 532//435 390//358 534//437
f 534//437 391//250 535//253
f 535//253 392//359 536//438
f 536//438 389//357 533//436
f 389//357 531//434 533//436
f 531//434 393//252 537//259
f 537//259 394//253 538//361
f 538//361 395//360 539//261
f 539//261 396//259 540//262
f 540//262 397//361 541//263
f 541//263 398//362 542//439
f 398//362 544//441 542//439
f 544//441 402//366 546//443
f 546//443 403//262 547//265
f 547//265 404//367 548//444
f 548//444 401//365 545//442
f 401//365 543//440 545//442
f 543//440 405//264 549//271
f 549//271 406//265 550//369
f 550//369 407//368 551//273
f 551//273 408//271 552//274
f 552//274 409//369 553//275
f 553//275 410//370 554//445
f 410//370 556//447 554//445
f 556//447 414//374 558//449
f 558//449 415//274 559//277
f 559//277 416//375 560//450
f 560//450 413//373 557//448
f 413//373 555//446 557//448
f 555//446 417//276 561//283
f 561//283 418//277 562//377
f 562//377 419//376 563//285
f 563//285 420//283 564//286
f 564//286 421//377 565//287
f 565//287 422//378 566//451
f 422//378 568//453 566//451
f 568//453 426//382 570//455
f 570//455 427//286 571//145
f 571//145 428//383 572//456
f 572//456 425//381 569//454
f 425//381 567//452 569//454
f 567//452 429//288 573//151
f 573//151 430//145 574//289
f 574//289 431//384 575//153
f 575//153 432//151 576//154
f 433//155 720//157 576//154
f 577//296 434//385 578//457
f 578//457 436//387 580//459
f 580//459 438//389 582//461
f 582//461 439//157 583//297
f 583//297 440//390 584//462
f 584//462 437//388 581//460
f 581//460 435//386 579//458
f 579//458 441//163 585//166
f 585//166 442//297 586//167
f 586//167 443//165 587//168
f 587//168 444//166 588//169
f 588//169 445//167 589//304
f 589//304 446//391 590//463
f 446//391 592//465 590//463
f 592//465 450//395 594//467
f 594//467 451//169 595//305
f 595//305 452//396 596//468
f 596//468 449//394 593//466
f 449//394 591//464 593//466
f 591//464 453//175 597//178
f 597//178 454//305 598//179
f 598//179 455//177 599//180
f 599//180 456//178 600//181
f 600//181 457//179 601//312
f 601//312 458//397 602//469
f 458//397 604//471 602//469
f 604//471 462//401 606//473
f 606//473 463//181 607//313
f 607//313 464//402 608//474
f 608//474 461//400 605//472
f 461//400 603//470 605//472
f 603//470 465//187 609//190
f 609//190 466//313 610//191
f 610//191 467//189 611//192
f 611//192 468//190 612//193
f 612//193 469//191 613//320
f 613//320 470//403 614//475
f 614//475 472//405 616//477
f 616//477 474//407 618//479
f 618//479 475//193 619//321
f 619//321 476//408 620//480
f 620//480 473//406 617//478
f 617//478 471//404 615//476
f 615//476 477//199 621//202
f 621//202 478//321 622//203
f 622//203 479//201 623//204
f 623//204 480//202 624//205
f 624//205 481//203 625//328
f 625//328 482//409 626//481
f 482//409 628//483 626//481
f 628//483 486//413 630//485
f 630//485 487//205 631//329
f 631//329 488//414 632//486
f 632//486 485//412 629//484
f 485//412 627//482 629//484
f 627//482 489//211 633//214
f 633//214 490//329 634//215
f 634//215 491//213 635//216
f 635//216 492//214 636//217
f 636//217 493//215 637//336
f 637//336 494//415 638//487
f 494//415 640//489 638//487
f 640//489 498//419 642//491
f 642//491 499//217 643//337
f 643//337 500//420 644//492
f 644//492 497//418 641//490
f 497//418 639//488 641//490
f 639//488 501//223 645//226
f 645//226 502//337 646//227
f 646//227 503//225 647//228
f 647//228 504//226 648//229
f 648//229 505//227 649//344
f 649//344 506//421 650//493
f 650//493 508//423 652//495
f 652//495 510//425 654//497
f 654//497 511//229 655//345
f 655//345 512//426 656//498
f 656//498 509//424 653//496
f 653//496 507//422 651//494
f 651//494 513//235 657//238
f 657//238 514//345 658//239
f 658//239 515//237 659//240
f 659//240 516//238 660//241
f 660//241 517//239 661//352
f 661//352 518//427 662//499
f 518//427 664//501 662//499
f 664//501 522//431 666//503
f 666//503 523//241 667//353
f 667//353 524//432 668//504
f 668//504 521//430 665//502
f 521//430 663//500 665//502
f 663//500 525//247 669//250
f 669//250 526//353 670//251
f 670//251 527//249 671//252
f 671//252 528//250 672//253
f 672//253 529//251 673//360
f 673//360 530//433 674//505
f 530//433 676//507 674//505
f 676//507 534//437 678//509
f 678//509 535//253 679//361
f 679//361 536//438 680//510
f 680//510 533//436 677//508
f 533//436 675//506 677//508
f 675//506 537//259 681//262
f 681//262 538//361 682//263
f 682//263 539//261 683//264
f 683//264 540//262 684//265
f 684//265 541//263 685//368
f 685//368 542//439 686//511
f 686//511 544//441 688//513
f 688//513 546//443 690//515
f 690//515 547//265 691//369
f 691//369 548//444 692//516
f 692//516 545//442 689//514
f 689//514 543//440 687//512
f 687//512 549//271 693//274
f 693//274 550//369 694//275
f 694//275 551//273 695//276
f 695//276 552//274 696//277
f 696//277 553//275 697//376
f 697//376 554//445 698//517
f 554//445 700//519 698//517
f 700//519 558//449 702//521
f 702//521 559//277 703//377
f 703//377 560//450 704//522
f 704//522 557//448 701//520
f 557//448 699//518 701//520
f 699//518 561//283 705//286
f 705//286 562//377 706//287
f 706//287 563//285 707//288
f 707//288 564//286 708//145
f 708//145 565//287 709//384
f 709//384 566//451 710//523
f 566//451 712//525 710//523
f 712//525 570//455 714//527
f 714//527 571//145 715//289
f 715//289 572//456 716//528
f 716//528 569//454 713//526
f 569//454 711//524 713//526
f 711//524 573//151 717//154
f 717//154 574//289 718//155
f 718//155 575//153 719//156
f 719//156 576//154 720//157
f 577//296 864//297 720//157
f 721//165 578//457 722//529
f 578//457 724//531 722//529
f 724//531 582//461 726//533
f 726//533 583//297 727//167
f 727//167 584//462 728//534
f 728//534 581//460 725//532
f 581//460 723//530 725//532
f 723//530 585//166 729//169
f 729//169 586//167 730//304
f 730//304 587//168 731//175
f 731//175 588//169 732//305
f 732//305 589//304 733//177
f 733//177 590//463 734//535
f 590//463 736//537 734//535
f 736//537 594//467 738//539
f 738//539 595//305 739//179
f 739//179 596//468 740//540
f 740//540 593//466 737//538
f 593//466 735//536 737//538
f 735//536 597//178 741//181
f 741//181 598//179 742//312
f 742//312 599//180 743//187
f 743//187 600//181 744//313
f 744//313 601//312 745//189
f 745//189 602//469 746//541
f 602//469 748//543 746//541
f 748//543 606//473 750//545
f 750//545 607//313 751//191
f 751//191 608//474 752//546
f 752//546 605//472 749//544
f 749//544 603//470 747//542
f 747//542 609//190 753//193
f 753//193 610//191 754//320
f 754//320 611//192 755//199
f 755//199 612//193 756//321
f 756//321 613//320 757//201
f 757//201 614//475 758//547
f 614//475 760//549 758//547
f 760//549 618//479 762//551
f 762//551 619//321 763//203
f 763//203 620//480 764//552
f 764//552 617//478 761//550
f 617//478 759//548 761//550
f 759//548 621//202 765//205
f 765//205 622//203 766//328
f 766//328 623//204 767//211
f 767//211 624//205 768//329
f 768//329 625//328 769//213
f 769//213 626//481 770//553
f 626//481 772//555 770//553
f 772//555 630//485 774//557
f 774//557 631//329 775//215
f 775//215 632//486 776//558
f 776//558 629//484 773//556
f 629//484 771//554 773//556
f 771//554 633//214 777//217
f 777//217 634//215 778//336
f 778//336 635//216 779//223
f 779//223 636//217 780//337
f 780//337 637//336 781//225
f 781//225 638//487 782//559
f 638//487 784//561 782//559
f 784//561 642//491 786//563
f 786//563 643//337 787//227
f 787//227 644//492 788//564
f 788//564 641//490 785//562
f 785//562 639//488 783//560
f 783//560 645//226 789//229
f 789//229 646//227 790//344
f 790//344 647//228 791//235
f 791//235 648//229 792//345
f 792//345 649//344 793//237
f 793//237 650//493 794//565
f 650//493 796//567 794//565
f 796//567 654//497 798//569
f 798//569 655//345 799//239
f 799//239 656//498 800//570
f 800//570 653//496 797//568
f 653//496 795//566 797//568
f 795//566 657//238 801//241
f 801//241 658//239 802//352
f 802//352 659//240 803//247
f 803//247 660//241 804//353
f 804//353 661//352 805//249
f 805//249 662//499 806//571
f 662//499 808//573 806//571
f 808//573 666//503 810//575
f 810//575 667//353 811//251
f 811//251 668//504 812//576
f 812//576 665//502 809//574
f 665//502 807//572 809//574
f 807//572 669//250 813//253
f 813//253 670//251 814//360
f 814//360 671//252 815//259
f 815//259 672//253 816//361
f 816//361 673//360 817//261
f 817//261 674//505 818//577
f 674//505 820//579 818//577
f 820//579 678//509 822//581
f 822//581 679//361 823//263
f 823//263 680//510 824//582
f 824//582 677//508 821//580
f 821//580 675//506 819//578
f 819//578 681//262 825//265
f 825//265 682//263 826//368
f 826//368 683//264 827//271
f 827//271 684//265 828//369
f 828//369 685//368 829//273
f 829//273 686//511 830//583
f 686//511 832//585 830//583
f 832//585 690//515 834//587
f 834//587 691//369 835//275
f 835//275 692//516 836//588
f 836//588 689//514 833//586
f 689//514 831//584 833//586
f 831//584 693//274 837//277
f 837//277 694//275 838//376
f 838//376 695//276 839//283
f 839//283 696//277 840//377
f 840//377 697//376 841//285
f 841//285 698//517 842//589
f 698//517 844//591 842//589
f 844//591 702//521 846//593
f 846//593 703//377 847//287
f 847//287 704//522 848//594
f 848//594 701//520 845//592
f 701//520 843//590 845//592
f 843//590 705//286 849//145
f 849//145 706//287 850//384
f 850//384 707//288 851//151
f 851//151 708//145 852//289
f 852//289 709//384 853//153
f 853//153 710//523 854//595
f 710//523 856//597 854//595
f 856//597 714//527 858//599
f 858//599 715//289 859//155
f 859//155 716//528 860//600
f 860//600 713//526 857//598
f 857//598 711//524 855//596
f 855//596 717//154 861//157
f 861//157 718//155 862//296
f 862//296 719//156 863//163
f 863//163 720//157 864//297
f 721//165 1008//167 864//297
f 865//168 722//529 866//601
f 866//601 724//531 868//603
f 868//603 726//533 870//605
f 870//605 727//167 871//304
f 871//304 728//534 872//606
f 872//606 725//532 869//604
f 725//532 867//602 869//604
f 867//602 729//169 873//305
f 873//305 730//304 874//177
f 874//177 731//175 875//178
f 875//178 732//305 876//179
f 876//179 733//177 877//180
f 877//180 734//535 878//607
f 734//535 880//609 878//607
f 880//609 738//539 882//611
f 882//611 739//179 883//312
f 883//312 740//540 884//612
f 884//612 737//538 881//610
f 737//538 879//608 881//610
f 879//608 741//181 885//313
f 885//313 742//312 886//189
f 886//189 743//187 887//190
f 887//190 744//313 888//191
f 888//191 745//189 889//192
f 889//192 746//541 890//613
f 890//613 748//543 892//615
f 892//615 750//545 894//617
f 894//617 751//191 895//320
f 895//320 752//546 896//618
f 896//618 749//544 893//616
f 749//544 891//614 893//616
f 891//614 753//193 897//321
f 897//321 754//320 898//201
f 898//201 755//199 899//202
f 899//202 756//321 900//203
f 900//203 757//201 901//204
f 901//204 758//547 902//619
f 902//619 760//549 904//621
f 904//621 762//551 906//623
f 906//623 763//203 907//328
f 907//328 764//552 908//624
f 908//624 761//550 905//622
f 761//550 903//620 905//622
f 903//620 765//205 909//329
f 909//329 766//328 910//213
f 910//213 767//211 911//214
f 911//214 768//329 912//215
f 912//215 769//213 913//216
f 913//216 770//553 914//625
f 770//553 916//627 914//625
f 916//627 774//557 918//629
f 918//629 775//215 919//336
f 919//336 776//558 920//630
f 920//630 773//556 917//628
f 773//556 915//626 917//628
f 915//626 777//217 921//337
f 921//337 778//336 922//225
f 922//225 779//223 923//226
f 923//226 780//337 924//227
f 924//227 781//225 925//228
f 925//228 782//559 926//631
f 926//631 784//561 928//633
f 928//633 786//563 930//635
f 930//635 787//227 931//344
f 931//344 788//564 932//636
f 932//636 785//562 929//634
f 785//562 927//632 929//634
f 927//632 789//229 933//345
f 933//345 790//344 934//237
f 934//237 791//235 935//238
f 935//238 792//345 936//239
f 936//239 793//237 937//240
f 937//240 794//565 938//637
f 938//637 796//567 940//639
f 940//639 798//569 942//641
f 942//641 799//239 943//352
f 943//352 800//570 944//642
f 944//642 797//568 941//640
f 797//568 939//638 941//640
f 939//638 801//241 945//353
f 945//353 802//352 946//249
f 946//249 803//247 947//250
f 947//250 804//353 948//251
f 948//251 805//249 949//252
f 949//252 806//571 950//643
f 806//571 952//645 950//643
f 952//645 810//575 954//647
f 954//647 811//251 955//360
f 955//360 812//576 956//648
f 956//648 809//574 953//646
f 809//574 951//644 953//646
f 951//644 813//253 957//361
f 957//361 814//360 958//261
f 958//261 815//259 959//262
f 959//262 816//361 960//263
f 960//263 817//261 961//264
f 961//264 818//577 962//649
f 962//649 820//579 964//651
f 964//651 822//581 966//653
f 966//653 823//263 967//368
f 967//368 824//582 968//654
f 968//654 821//580 965//652
f 821//580 963//650 965//652
f 963//650 825//265 969//369
f 969//369 826//368 970//273
f 970//273 827//271 971//274
f 971//274 828//369 972//275
f 972//275 829//273 973//276
f 973//276 830//583 974//655
f 974//655 832//585 976//657
f 976//657 834//587 978//659
f 978//659 835//275 979//376
f 979//376 836//588 980//660
f 980//660 833//586 977//658
f 833//586 975//656 977//658
f 975//656 837//277 981//377
f 981//377 838//376 982//285
f 982//285 839//283 983//286
f 983//286 840//377 984//287
f 984//287 841//285 985//288
f 985//288 842//589 986//661
f 842//589 988//663 986//661
f 988//663 846//593 990//665
f 990//665 847//287 991//384
f 991//384 848//594 992//666
f 992//666 845//592 989//664
f 845//592 987//662 989//664
f 987//662 849//145 993//289
f 993//289 850//384 994//153
f 994//153 851//151 995//154
f 995//154 852//289 996//155
f 996//155 853//153 997//156
f 997//156 854//595 998//667
f 998//667 856//597 1000//669
f 1000//669 858//599 1002//671
f 1002//671 859//155 1003//296
f 1003//296 860//600 1004//672
f 1004//672 857//598 1001//670
f 857//598 999//668 1001//670
f 999//668 861//157 1005//297
f 1005//297 862//296 1006//165
f 1006//165 863//163 1007//166
f 1007//166 864//297 1008//167
f 865//168 1152//304 1008//167
f 1009//175 866//601 1010//673
f 1010//673 868//603 1012//675
f 1012//675 870//605 1014//677
f 1014//677 871//304 1015//177
f 1015//177 872//606 1016//678
f 1016//678 869//604 1013//676
f 869//604 1011//674 1013//676
f 1011//674 873//305 1017//179
f 1017//179 874//177 1018//180
f 1018//180 875//178 1019//181
f 1019//181 876//179 1020//312
f 1020//312 877//180 1021//187
f 1021//187 878//607 1022//679
f 878//607 1024//681 1022//679
f 1024//681 882//611 1026//683
f 1026//683 883//312 1027//189
f 1027//189 884//612 1028//684
f 1028//684 881//610 1025//682
f 881//610 1023//680 1025//682
f 1023//680 885//313 1029//191
f 1029//191 886//189 1030//192
f 1030//192 887//190 1031//193
f 1031//193 888//191 1032//320
f 1032//320 889//192 1033//199
f 1033//199 890//613 1034//685
f 1034//685 892//615 1036//687
f 1036//687 894//617 1038//689
f 1038//689 895//320 1039//201
f 1039//201 896//618 1040//690
f 1040//690 893//616 1037//688
f 893//616 1035//686 1037//688
f 1035//686 897//321 1041//203
f 1041//203 898//201 1042//204
f 1042//204 899//202 1043//205
f 1043//205 900//203 1044//328
f 1044//328 901//204 1045//211
f 1045//211 902//619 1046//691
f 1046//691 904//621 1048//693
f 1048//693 906//623 1050//695
f 1050//695 907//328 1051//213
f 1051//213 908//624 1052//696
f 1052//696 905//622 1049//694
f 905//622 1047//692 1049//694
f 1047//692 909//329 1053//215
f 1053//215 910//213 1054//216
f 1054//216 911//214 1055//217
f 1055//217 912//215 1056//336
f 1056//336 913//216 1057//223
f 1057//223 914//625 1058//697
f 914//625 1060//699 1058//697
f 1060//699 918//629 1062//701
f 1062//701 919//336 1063//225
f 1063//225 920//630 1064//702
f 1064//702 917//628 1061//700
f 917//628 1059//698 1061//700
f 1059//698 921//337 1065//227
f 1065//227 922//225 1066//228
f 1066//228 923//226 1067//229
f 1067//229 924//227 1068//344
f 1068//344 925//228 1069//235
f 1069//235 926//631 1070//703
f 1070//703 928//633 1072//705
f 1072//705 930//635 1074//707
f 1074//707 931//344 1075//237
f 1075//237 932//636 1076//708
f 1076//708 929//634 1073//706
f 929//634 1071//704 1073//706
f 1071//704 933//345 1077//239
f 1077//239 934//237 1078//240
f 1078//240 935//238 1079//241
f 1079//241 936//239 1080//352
f 1080//352 937//240 1081//247
f 1081//247 938//637 1082//709
f 1082//709 940//639 1084//711
f 1084//711 942//641 1086//713
f 1086//713 943//352 1087//249
f 1087//249 944//642 1088//714
f 1088//714 941//640 1085//712
f 941//640 1083//710 1085//712
f 1083//710 945//353 1089//251
f 1089//251 946//249 1090//252
f 1090//252 947//250 1091//253
f 1091//253 948//251 1092//360
f 1092//360 949//252 1093//259
f 1093//259 950//643 1094//715
f 950//643 1096//717 1094//715
f 1096//717 954//647 1098//719
f 1098//719 955//360 1099//261
f 1099//261 956//648 1100//720
f 1100//720 953//646 1097//718
f 953//646 1095//716 1097//718
f 1095//716 957//361 1101//263
f 1101//263 958//261 1102//264
f 1102//264 959//262 1103//265
f 1103//265 960//263 1104//368
f 1104//368 961//264 1105//271
f 1105//271 962//649 1106//721
f 1106//721 964//651 1108//723
f 1108//723 966//653 1110//725
f 1110//725 967//368 1111//273
f 1111//273 968//654 1112//726
f 1112//726 965//652 1109//724
f 965//652 1107//722 1109//724
f 1107//722 969//369 1113//275
f 1113//275 970//273 1114//276
f 1114//276 971//274 1115//277
f 1115//277 972//275 1116//376
f 1116//376 973//276 1117//283
f 1117//283 974//655 1118//727
f 1118//727 976//657 1120//729
f 1120//729 978//659 1122//731
f 1122//731 979//376 1123//285
f 1123//285 980//660 1124//732
f 1124//732 977//658 1121//730
f 977//658 1119//728 1121//730
f 1119//728 981//377 1125//287
f 1125//287 982//285 1126//288
f 1126//288 983//286 1127//145
f 1127//145 984//287 1128//384
f 1128//384 985//288 1129//151
f 1129//151 986//661 1130//733
f 986//661 1132//735 1130//733
f 1132//735 990//665 1134//737
f 1134//737 991//384 1135//153
f 1135//153 992//666 1136//738
f 1136//738 989//664 1133//736
f 989//664 1131//734 1133//736
f 1131//734 993//289 1137//155
f 1137//155 994//153 1138//156
f 1138//156 995//154 1139//157
f 1139//157 996//155 1140//296
f 1140//296 997//156 1141//163
f 1141//163 998//667 1142//739
f 1142//739 1000//669 1144//741
f 1144//741 1002//671 1146//743
f 1146//743 1003//296 1147//165
f 1147//165 1004//672 1148//744
f 1148//744 1001//670 1145//742
f 1001//670 1143//740 1145//742
f 1143//740 1005//297 1149//167
f 1149//167 1006//165 1150//168
f 1150//168 1007//166 1151//169
f 1151//169 1008//167 1152//304
f 1009//175 1296//177 1152//304
f 1153//178 1010//673 1154//745
f 1154//745 1012//675 1156//747
f 1156//747 1014//677 1158//749
f 1158//749 1015//177 1159//180
f 1159//180 1016//678 1160//750
f 1160//750 1013//676 1157//748
f 1013//676 1155//746 1157//748
f 1155//746 1017//179 1161//312
f 1161//312 1018//180 1162//187
f 1162//187 1019//181 1163//313
f 1163//313 1020//312 1164//189
f 1164//189 1021//187 1165//190
f 1165//190 1022//679 1166//751
f 1022//679 1168//753 1166//751
f 1168//753 1026//683 1170//755
f 1170//755 1027//189 1171//192
f 1171//192 1028//684 1172//756
f 1172//756 1025//682 1169//754
f 1025//682 1167//752 1169//754
f 1167//752 1029//191 1173//320
f 1173//320 1030//192 1174//199
f 1174//199 1031//193 1175//321
f 1175//321 1032//320 1176//201
f 1176//201 1033//199 1177//202
f 1177//202 1034//685 1178//757
f 1034//685 1180//759 1178//757
f 1180//759 1038//689 1182//761
f 1182//761 1039//201 1183//204
f 1183//204 1040//690 1184//762
f 1184//762 1037//688 1181//760
f 1181//760 1035//686 1179//758
f 1179//758 1041//203 1185//328
f 1185//328 1042//204 1186//211
f 1186//211 1043//205 1187//329
f 1187//329 1044//328 1188//213
f 1188//213 1045//211 1189//214
f 1189//214 1046//691 1190//763
f 1190//763 1048//693 1192//765
f 1192//765 1050//695 1194//767
f 1194//767 1051//213 1195//216
f 1195//216 1052//696 1196//768
f 1196//768 1049//694 1193//766
f 1049//694 1191//764 1193//766
f 1191//764 1053//215 1197//336
f 1197//336 1054//216 1198//223
f 1198//223 1055//217 1199//337
f 1199//337 1056//336 1200//225
f 1200//225 1057//223 1201//226
f 1201//226 1058//697 1202//769
f 1058//697 1204//771 1202//769
f 1204//771 1062//701 1206//773
f 1206//773 1063//225 1207//228
f 1207//228 1064//702 1208//774
f 1208//774 1061//700 1205//772
f 1061//700 1203//770 1205//772
f 1203//770 1065//227 1209//344
f 1209//344 1066//228 1210//235
f 1210//235 1067//229 1211//345
f 1211//345 1068//344 1212//237
f 1212//237 1069//235 1213//238
f 1213//238 1070//703 1214//775
f 1070//703 1216//777 1214//775
f 1216//777 1074//707 1218//779
f 1218//779 1075//237 1219//240
f 1219//240 1076//708 1220//780
f 1220//780 1073//706 1217//778
f 1217//778 1071//704 1215//776
f 1215//776 1077//239 1221//352
f 1221//352 1078//240 1222//247
f 1222//247 1079//241 1223//353
f 1223//353 1080//352 1224//249
f 1224//249 1081//247 1225//250
f 1225//250 1082//709 1226//781
f 1226//781 1084//711 1228//783
f 1228//783 1086//713 1230//785
f 1230//785 1087//249 1231//252
f 1231//252 1088//714 1232//786
f 1232//786 1085//712 1229//784
f 1085//712 1227//782 1229//784
f 1227//782 1089//251 1233//360
f 1233//360 1090//252 1234//259
f 1234//259 1091//253 1235//361
f 1235//361 1092//360 1236//261
f 1236//261 1093//259 1237//262
f 1237//262 1094//715 1238//787
f 1094//715 1240//789 1238//787
f 1240//789 1098//719 1242//791
f 1242//791 1099//261 1243//264
f 1243//264 1100//720 1244//792
f 1244//792 1097//718 1241//790
f 1097//718 1239//788 1241//790
f 1239//788 1101//263 1245//368
f 1245//368 1102//264 1246//271
f 1246//271 1103//265 1247//369
f 1247//369 1104//368 1248//273
f 1248//273 1105//271 1249//274
f 1249//274 1106//721 1250//793
f 1106//721 1252//795 1250//793
f 1252//795 1110//725 1254//797
f 1254//797 1111//273 1255//276
f 1255//276 1112//726 1256//798
f 1256//798 1109//724 1253//796
f 1253//796 1107//722 1251//794
f 1251//794 1113//275 1257//376
f 1257//376 1114//276 1258//283
f 1258//283 1115//277 1259//377
f 1259//377 1116//376 1260//285
f 1260//285 1117//283 1261//286
f 1261//286 1118//727 1262//799
f 1262//799 1120//729 1264//801
f 1264//801 1122//731 1266//803
f 1266//803 1123//285 1267//288
f 1267//288 1124//732 1268//804
f 1268//804 1121//730 1265//802
f 1121//730 1263//800 1265//802
f 1263//800 1125//287 1269//384
f 1269//384 1126//288 1270//151
f 1270//151 1127//145 1271//289
f 1271//289 1128//384 1272//153
f 1272//153 1129//151 1273//154
f 1273//154 1130//733 1274//805
f 1130//733 1276//807 1274//805
f 1276//807 1134//737 1278//809
f 1278//809 1135//153 1279//156
f 1279//156 1136//738 1280//810
f 1280//810 1133//736 1277//808
f 1133//736 1275//806 1277//808
f 1275//806 1137//155 1281//296
f 1281//296 1138//156 1282//163
f 1282//163 1139//157 1283//297
f 1283//297 1140//296 1284//165
f 1284//165 1141//163 1285//166
f 1285//166 1142//739 1286//811
f 1142//739 1288//813 1286//811
f 1288//813 1146//743 1290//815
f 1290//815 1147//165 1291//168
f 1291//168 1148//744 1292//816
f 1292//816 1145//742 1289//814
f 1289//814 1143//740 1287//812
f 1287//812 1149//167 1293//304
f 1293//304 1150//168 1294//175
f 1294//175 1151//169 1295//305
f 1295//305 1152//304 1296//177
f 1153//178 1440//180 1296//177
f 1297//181 1154//745 1298//817
f 1154//745 1300//818 1298//817
f 1300//818 1158//749 1302//186
f 1302//186 1159//180 1303//187
f 1303//187 1160//750 1304//188
f 1304//188 1157//748 1301//185
f 1157//748 1299//183 1301//185
f 1299//183 1161//312 1305//189
f 1305//189 1162//187 1306//190
f 1306//190 1163//313 1307//191
f 1307//191 1164//189 1308//192
f 1308//192 1165//190 1309//193
f 1309//193 1166//751 1310//194
f 1166//751 1312//196 1310//194
f 1312//196 1170//755 1314//198
f 1314//198 1171//192 1315//199
f 1315//199 1172//756 1316//200
f 1316//200 1169//754 1313//197
f 1169//754 1311//195 1313//197
f 1311//195 1173//320 1317//201
f 1317//201 1174//199 1318//202
f 1318//202 1175//321 1319//203
f 1319//203 1176//201 1320//204
f 1320//204 1177//202 1321//205
f 1321//205 1178//757 1322//206
f 1178//757 1324//208 1322//206
f 1324//208 1182//761 1326//210
f 1326//210 1183//204 1327//211
f 1327//211 1184//762 1328//212
f 1328//212 1181//760 1325//209
f 1181//760 1323//207 1325//209
f 1323//207 1185//328 1329//213
f 1329//213 1186//211 1330//214
f 1330//214 1187//329 1331//215
f 1331//215 1188//213 1332//216
f 1332//216 1189//214 1333//217
f 1333//217 1190//763 1334//819
f 1190//763 1336//820 1334//819
f 1336//820 1194//767 1338//222
f 1338//222 1195//216 1339//223
f 1339//223 1196//768 1340//224
f 1340//224 1193//766 1337//221
f 1193//766 1335//219 1337//221
f 1335//219 1197//336 1341//225
f 1341//225 1198//223 1342//226
f 1342//226 1199//337 1343//227
f 1343//227 1200//225 1344//228
f 1344//228 1201//226 1345//229
f 1345//229 1202//769 1346//230
f 1202//769 1348//232 1346//230
f 1348//232 1206//773 1350//234
f 1350//234 1207//228 1351//235
f 1351//235 1208//774 1352//236
f 1352//236 1205//772 1349//233
f 1205//772 1347//231 1349//233
f 1347//231 1209//344 1353//237
f 1353//237 1210//235 1354//238
f 1354//238 1211//345 1355//239
f 1355//239 1212//237 1356//240
f 1356//240 1213//238 1357//241
f 1357//241 1214//775 1358//242
f 1214//775 1360//244 1358//242
f 1360//244 1218//779 1362//246
f 1362//246 1219//240 1363//247
f 1363//247 1220//780 1364//248
f 1364//248 1217//778 1361//245
f 1217//778 1359//243 1361//245
f 1359//243 1221//352 1365//249
f 1365//249 1222//247 1366//250
f 1366//250 1223//353 1367//251
f 1367//251 1224//249 1368//252
f 1368//252 1225//250 1369//253
f 1369//253 1226//781 1370//821
f 1226//781 1372//822 1370//821
f 1372//822 1230//785 1374//258
f 1374//258 1231//252 1375//259
f 1375//259 1232//786 1376//260
f 1376//260 1229//784 1373//257
f 1229//784 1371//255 1373//257
f 1371//255 1233//360 1377//261
f 1377//261 1234//259 1378//262
f 1378//262 1235//361 1379//263
f 1379//263 1236//261 1380//264
f 1380//264 1237//262 1381//265
f 1381//265 1238//787 1382//266
f 1238//787 1384//268 1382//266
f 1384//268 1242//791 1386//270
f 1386//270 1243//264 1387//271
f 1387//271 1244//792 1388//272
f 1388//272 1241//790 1385//269
f 1241//790 1383//267 1385//269
f 1383//267 1245//368 1389//273
f 1389//273 1246//271 1390//274
f 1390//274 1247//369 1391//275
f 1391//275 1248//273 1392//276
f 1392//276 1249//274 1393//277
f 1393//277 1250//793 1394//278
f 1250//793 1396//280 1394//278
f 1396//280 1254//797 1398//282
f 1398//282 1255//276 1399//283
f 1399//283 1256//798 1400//284
f 1400//284 1253//796 1397//281
f 1253//796 1395//279 1397//281
f 1395//279 1257//376 1401//285
f 1401//285 1258//283 1402//286
f 1402//286 1259//377 1403//287
f 1403//287 1260//285 1404//288
f 1404//288 1261//286 1405//145
f 1405//145 1262//799 1406//823
f 1262//799 1408//824 1406//823
f 1408//824 1266//803 1410//150
f 1410//150 1267//288 1411//151
f 1411//151 1268//804 1412//152
f 1412//152 1265//802 1409//149
f 1265//802 1407//147 1409//149
f 1407//147 1269//384 1413//153
f 1413//153 1270//151 1414//154
f 1414//154 1271//289 1415//155
f 1415//155 1272//153 1416//156
f 1416//156 1273//154 1417//157
f 1417//157 1274//805 1418//158
f 1274//805 1420//160 1418//158
f 1420//160 1278//809 1422//162
f 1422//162 1279//156 1423//163
f 1423//163 1280//810 1424//164
f 1424//164 1277//808 1421//161
f 1277//808 1419//159 1421//161
f 1419//159 1281//296 1425//165
f 1425//165 1282//163 1426//166
f 1426//166 1283//297 1427//167
f 1427//167 1284//165 1428//168
f 1428//168 1285//166 1429//169
f 1429//169 1286//811 1430//170
f 1286//811 1432//172 1430//170
f 1432//172 1290//815 1434//174
f 1434//174 1291//168 1435//175
f 1435//175 1292//816 1436//176
f 1436//176 1289//814 1433//173
f 1289//814 1431//171 1433//173
f 1431//171 1293//304 1437//177
f 1437//177 1294//175 1438//178
f 1438//178 1295//305 1439//179
f 1439//179 1296//177 1440//180
f 1297//181 1584//187 1440//180
f 1441//313 1298//817 1442//825
f 1442//825 1300//818 1444//826
f 1444//826 1302//186 1446//318
f 1446//318 1303//187 1447//190
f 1447//190 1304//188 1448//319
f 1448//319 1301//185 1445//317
f 1301//185 1443//315 1445//317
f 1443//315 1305//189 1449//192
f 1449//192 1306//190 1450//193
f 1450//193 1307//191 1451//320
f 1451//320 1308//192 1452//199
f 1452//199 1309//193 1453//321
f 1453//321 1310//194 1454//322
f 1310//194 1456//324 1454//322
f 1456//324 1314//198 1458//326
f 1458//326 1315//199 1459//202
f 1459//202 1316//200 1460//327
f 1460//327 1313//197 1457//325
f 1313//197 1455//323 1457//325
f 1455//323 1317//201 1461//204
f 1461//204 1318//202 1462//205
f 1462//205 1319//203 1463//328
f 1463//328 1320//204 1464//211
f 1464//211 1321//205 1465//329
f 1465//329 1322//206 1466//330
f 1322//206 1468//332 1466//330
f 1468//332 1326//210 1470//334
f 1470//334 1327//211 1471//214
f 1471//214 1328//212 1472//335
f 1472//335 1325//209 1469//828
f 1325//209 1467//827 1469//828
f 1467//827 1329//213 1473//216
f 1473//216 1330//214 1474//217
f 1474//217 1331//215 1475//336
f 1475//336 1332//216 1476//223
f 1476//223 1333//217 1477//337
f 1477//337 1334//819 1478//829
f 1478//829 1336//820 1480//830
f 1480//830 1338//222 1482//342
f 1482//342 1339//223 1483//226
f 1483//226 1340//224 1484//343
f 1484//343 1337//221 1481//341
f 1337//221 1479//339 1481//341
f 1479//339 1341//225 1485//228
f 1485//228 1342//226 1486//229
f 1486//229 1343//227 1487//344
f 1487//344 1344//228 1488//235
f 1488//235 1345//229 1489//345
f 1489//345 1346//230 1490//346
f 1346//230 1492//348 1490//346
f 1492//348 1350//234 1494//350
f 1494//350 1351//235 1495//238
f 1495//238 1352//236 1496//351
f 1496//351 1349//233 1493//349
f 1349//233 1491//347 1493//349
f 1491//347 1353//237 1497//240
f 1497//240 1354//238 1498//241
f 1498//241 1355//239 1499//352
f 1499//352 1356//240 1500//247
f 1500//247 1357//241 1501//353
f 1501//353 1358//242 1502//354
f 1358//242 1504//356 1502//354
f 1504//356 1362//246 1506//358
f 1506//358 1363//247 1507//250
f 1507//250 1364//248 1508//359
f 1508//359 1361//245 1505//832
f 1361//245 1503//831 1505//832
f 1503//831 1365//249 1509//252
f 1509//252 1366//250 1510//253
f 1510//253 1367//251 1511//360
f 1511//360 1368//252 1512//259
f 1512//259 1369//253 1513//361
f 1513//361 1370//821 1514//833
f 1514//833 1372//822 1516//834
f 1516//834 1374//258 1518//366
f 1518//366 1375//259 1519//262
f 1519//262 1376//260 1520//367
f 1520//367 1373//257 1517//365
f 1373//257 1515//363 1517//365
f 1515//363 1377//261 1521//264
f 1521//264 1378//262 1522//265
f 1522//265 1379//263 1523//368
f 1523//368 1380//264 1524//271
f 1524//271 1381//265 1525//369
f 1525//369 1382//266 1526//370
f 1382//266 1528//372 1526//370
f 1528//372 1386//270 1530//374
f 1530//374 1387//271 1531//274
f 1531//274 1388//272 1532//375
f 1532//375 1385//269 1529//373
f 1385//269 1527//371 1529//373
f 1527//371 1389//273 1533//276
f 1533//276 1390//274 1534//277
f 1534//277 1391//275 1535//376
f 1535//376 1392//276 1536//283
f 1536//283 1393//277 1537//377
f 1537//377 1394//278 1538//378
f 1394//278 1540//380 1538//378
f 1540//380 1398//282 1542//382
f 1542//382 1399//283 1543//286
f 1543//286 1400//284 1544//383
f 1544//383 1397//281 1541//836
f 1397//281 1539//835 1541//836
f 1539//835 1401//285 1545//288
f 1545//288 1402//286 1546//145
f 1546//145 1403//287 1547//384
f 1547//384 1404//288 1548//151
f 1548//151 1405//145 1549//289
f 1549//289 1406//823 1550//837
f 1550//837 1408//824 1552//838
f 1552//838 1410//150 1554//294
f 1554//294 1411//151 1555//154
f 1555//154 1412//152 1556//295
f 1556//295 1409//149 1553//293
f 1409//149 1551//291 1553//293
f 1551//291 1413//153 1557//156
f 1557//156 1414//154 1558//157
f 1558//157 1415//155 1559//296
f 1559//296 1416//156 1560//163
f 1560//163 1417//157 1561//297
f 1561//297 1418//158 1562//298
f 1418//158 1564//300 1562//298
f 1564//300 1422//162 1566//302
f 1566//302 1423//163 1567//166
f 1567//166 1424//164 1568//303
f 1568//303 1421//161 1565//301
f 1421//161 1563//299 1565//301
f 1563//299 1425//165 1569//168
f 1569//168 1426//166 1570//169
f 1570//169 1427//167 1571//304
f 1571//304 1428//168 1572//175
f 1572//175 1429//169 1573//305
f 1573//305 1430//170 1574//306
f 1430//170 1576//308 1574//306
f 1576//308 1434//174 1578//310
f 1578//310 1435//175 1579//178
f 1579//178 1436//176 1580//311
f 1580//311 1433//173 1577//840
f 1433//173 1575//839 1577//840
f 1575//839 1437//177 1581//180
f 1581//180 1438//178 1582//181
f 1582//181 1439//179 1583//312
f 1583//312 1440//180 1584//187
f 1441//313 1728//190 1584//187
f 1585//191 1442//825 1586//841
f 1586//841 1444//826 1588//843
f 1588//843 1446//318 1590//407
f 1590//407 1447//190 1591//193
f 1591//193 1448//319 1592//408
f 1592//408 1445//317 1589//844
f 1445//317 1587//842 1589//844
f 1587//842 1449//192 1593//199
f 1593//199 1450//193 1594//321
f 1594//321 1451//320 1595//201
f 1595//201 1452//199 1596//202
f 1596//202 1453//321 1597//203
f 1597//203 1454//322 1598//409
f 1454//322 1600//411 1598//409
f 1600//411 1458//326 1602//413
f 1602//413 1459//202 1603//205
f 1603//205 1460//327 1604//414
f 1604//414 1457//325 1601//412
f 1457//325 1599//410 1601//412
f 1599//410 1461//204 1605//211
f 1605//211 1462//205 1606//329
f 1606//329 1463//328 1607//213
f 1607//213 1464//211 1608//214
f 1608//214 1465//329 1609//215
f 1609//215 1466//330 1610//845
f 1466//330 1612//847 1610//845
f 1612//847 1470//334 1614//419
f 1614//419 1471//214 1615//217
f 1615//217 1472//335 1616//420
f 1616//420 1469//828 1613//848
f 1613//848 1467//827 1611//846
f 1611//846 1473//216 1617//223
f 1617//223 1474//217 1618//337
f 1618//337 1475//336 1619//225
f 1619//225 1476//223 1620//226
f 1620//226 1477//337 1621//227
f 1621//227 1478//829 1622//849
f 1622//849 1480//830 1624//851
f 1624//851 1482//342 1626//425
f 1626//425 1483//226 1627//229
f 1627//229 1484//343 1628//426
f 1628//426 1481//341 1625//852
f 1481//341 1623//850 1625//852
f 1623//850 1485//228 1629//235
f 1629//235 1486//229 1630//345
f 1630//345 1487//344 1631//237
f 1631//237 1488//235 1632//238
f 1632//238 1489//345 1633//239
f 1633//239 1490//346 1634//427
f 1490//346 1636//429 1634//427
f 1636//429 1494//350 1638//431
f 1638//431 1495//238 1639//241
f 1639//241 1496//351 1640//432
f 1640//432 1493//349 1637//430
f 1493//349 1635//428 1637//430
f 1635//428 1497//240 1641//247
f 1641//247 1498//241 1642//353
f 1642//353 1499//352 1643//249
f 1643//249 1500//247 1644//250
f 1644//250 1501//353 1645//251
f 1645//251 1502//354 1646//853
f 1502//354 1648//855 1646//853
f 1648//855 1506//358 1650//437
f 1650//437 1507//250 1651//253
f 1651//253 1508//359 1652//438
f 1652//438 1505//832 1649//856
f 1649//856 1503//831 1647//854
f 1647//854 1509//252 1653//259
f 1653//259 1510//253 1654//361
f 1654//361 1511//360 1655//261
f 1655//261 1512//259 1656//262
f 1656//262 1513//361 1657//263
f 1657//263 1514//833 1658//857
f 1658//857 1516//834 1660//859
f 1660//859 1518//366 1662//443
f 1662//443 1519//262 1663//265
f 1663//265 1520//367 1664//444
f 1664//444 1517//365 1661//860
f 1517//365 1659//858 1661//860
f 1659//858 1521//264 1665//271
f 1665//271 1522//265 1666//369
f 1666//369 1523//368 1667//273
f 1667//273 1524//271 1668//274
f 1668//274 1525//369 1669//275
f 1669//275 1526//370 1670//445
f 1526//370 1672//447 1670//445
f 1672//447 1530//374 1674//449
f 1674//449 1531//274 1675//277
f 1675//277 1532//375 1676//450
f 1676//450 1529//373 1673//448
f 1529//373 1671//446 1673//448
f 1671//446 1533//276 1677//283
f 1677//283 1534//277 1678//377
f 1678//377 1535//376 1679//285
f 1679//285 1536//283 1680//286
f 1680//286 1537//377 1681//287
f 1681//287 1538//378 1682//861
f 1538//378 1684//863 1682//861
f 1684//863 1542//382 1686//455
f 1686//455 1543//286 1687//145
f 1687//145 1544//383 1688//456
f 1688//456 1541//836 1685//864
f 1685//864 1539//835 1683//862
f 1683//862 1545//288 1689//151
f 1689//151 1546//145 1690//289
f 1690//289 1547//384 1691//153
f 1691//153 1548//151 1692//154
f 1692//154 1549//289 1693//155
f 1693//155 1550//837 1694//865
f 1694//865 1552//838 1696//867
f 1696//867 1554//294 1698//389
f 1698//389 1555//154 1699//157
f 1699//157 1556//295 1700//390
f 1700//390 1553//293 1697//868
f 1553//293 1695//866 1697//868
f 1695//866 1557//156 1701//163
f 1701//163 1558//157 1702//297
f 1702//297 1559//296 1703//165
f 1703//165 1560//163 1704//166
f 1704//166 1561//297 1705//167
f 1705//167 1562//298 1706//391
f 1562//298 1708//393 1706//391
f 1708//393 1566//302 1710//395
f 1710//395 1567//166 1711//169
f 1711//169 1568//303 1712//396
f 1712//396 1565//301 1709//394
f 1565//301 1707//392 1709//394
f 1707//392 1569//168 1713//175
f 1713//175 1570//169 1714//305
f 1714//305 1571//304 1715//177
f 1715//177 1572//175 1716//178
f 1716//178 1573//305 1717//179
f 1717//179 1574//306 1718//869
f 1574//306 1720//871 1718//869
f 1720//871 1578//310 1722//401
f 1722//401 1579//178 1723//181
f 1723//181 1580//311 1724//402
f 1724//402 1577//840 1721//872
f 1721//872 1575//839 1719//870
f 1719//870 1581//180 1725//187
f 1725//187 1582//181 1726//313
f 1726//313 1583//312 1727//189
f 1727//189 1584//187 1728//190
f 1585//191 1872//193 1728//190
f 1729//320 1586//841 1730//873
f 1586//841 1732//875 1730//873
f 1732//875 1590//407 1734//479
f 1734//479 1591//193 1735//321
f 1735//321 1592//408 1736//480
f 1736//480 1589//844 1733//876
f 1589//844 1731//874 1733//876
f 1731//874 1593//199 1737//202
f 1737//202 1594//321 1738//203
f 1738//203 1595//201 1739//204
f 1739//204 1596//202 1740//205
f 1740//205 1597//203 1741//328
f 1741//328 1598//409 1742//481
f 1598//409 1744//483 1742//481
f 1744//483 1602//413 1746//485
f 1746//485 1603//205 1747//329
f 1747//329 1604//414 1748//486
f 1748//486 1601//412 1745//878
f 1601//412 1743//877 1745//878
f 1743//877 1605//211 1749//214
f 1749//214 1606//329 1750//215
f 1750//215 1607//213 1751//216
f 1751//216 1608//214 1752//217
f 1752//217 1609//215 1753//336
f 1753//336 1610//845 1754//879
f 1754//879 1612//847 1756//881
f 1756//881 1614//419 1758//491
f 1758//491 1615//217 1759//337
f 1759//337 1616//420 1760//492
f 1760//492 1613//848 1757//882
f 1757//882 1611//846 1755//880
f 1755//880 1617//223 1761//226
f 1761//226 1618//337 1762//227
f 1762//227 1619//225 1763//228
f 1763//228 1620//226 1764//229
f 1764//229 1621//227 1765//344
f 1765//344 1622//849 1766//883
f 1622//849 1768//885 1766//883
f 1768//885 1626//425 1770//497
f 1770//497 1627//229 1771//345
f 1771//345 1628//426 1772//498
f 1772//498 1625//852 1769//886
f 1625//852 1767//884 1769//886
f 1767//884 1629//235 1773//238
f 1773//238 1630//345 1774//239
f 1774//239 1631//237 1775//240
f 1775//240 1632//238 1776//241
f 1776//241 1633//239 1777//352
f 1777//352 1634//427 1778//499
f 1634//427 1780//501 1778//499
f 1780//501 1638//431 1782//503
f 1782//503 1639//241 1783//353
f 1783//353 1640//432 1784//504
f 1784//504 1637//430 1781//888
f 1637//430 1779//887 1781//888
f 1779//887 1641//247 1785//250
f 1785//250 1642//353 1786//251
f 1786//251 1643//249 1787//252
f 1787//252 1644//250 1788//253
f 1788//253 1645//251 1789//360
f 1789//360 1646//853 1790//889
f 1790//889 1648//855 1792//891
f 1792//891 1650//437 1794//509
f 1794//509 1651//253 1795//361
f 1795//361 1652//438 1796//510
f 1796//510 1649//856 1793//892
f 1793//892 1647//854 1791//890
f 1791//890 1653//259 1797//262
f 1797//262 1654//361 1798//263
f 1798//263 1655//261 1799//264
f 1799//264 1656//262 1800//265
f 1800//265 1657//263 1801//368
f 1801//368 1658//857 1802//893
f 1658//857 1804//895 1802//893
f 1804//895 1662//443 1806//515
f 1806//515 1663//265 1807//369
f 1807//369 1664//444 1808//516
f 1808//516 1661//860 1805//896
f 1661//860 1803//894 1805//896
f 1803//894 1665//271 1809//274
f 1809//274 1666//369 1810//275
f 1810//275 1667//273 1811//276
f 1811//276 1668//274 1812//277
f 1812//277 1669//275 1813//376
f 1813//376 1670//445 1814//517
f 1670//445 1816//519 1814//517
f 1816//519 1674//449 1818//521
f 1818//521 1675//277 1819//377
f 1819//377 1676//450 1820//522
f 1820//522 1673//448 1817//898
f 1673//448 1815//897 1817//898
f 1815//897 1677//283 1821//286
f 1821//286 1678//377 1822//287
f 1822//287 1679//285 1823//288
f 1823//288 1680//286 1824//145
f 1824//145 1681//287 1825//384
f 1825//384 1682//861 1826//899
f 1826//899 1684//863 1828//901
f 1828//901 1686//455 1830//527
f 1830//527 1687//145 1831//289
f 1831//289 1688//456 1832//528
f 1832//528 1685//864 1829//902
f 1829//902 1683//862 1827//900
f 1827//900 1689//151 1833//154
f 1833//154 1690//289 1834//155
f 1834//155 1691//153 1835//156
f 1835//156 1692//154 1836//157
f 1836//157 1693//155 1837//296
f 1837//296 1694//865 1838//903
f 1694//865 1840//905 1838//903
f 1840//905 1698//389 1842//461
f 1842//461 1699//157 1843//297
f 1843//297 1700//390 1844//462
f 1844//462 1697//868 1841//906
f 1697//868 1839//904 1841//906
f 1839//904 1701//163 1845//166
f 1845//166 1702//297 1846//167
f 1846//167 1703//165 1847//168
f 1847//168 1704//166 1848//169
f 1848//169 1705//167 1849//304
f 1849//304 1706//391 1850//463
f 1706//391 1852//465 1850//463
f 1852//465 1710//395 1854//467
f 1854//467 1711//169 1855//305
f 1855//305 1712//396 1856//468
f 1856//468 1709//394 1853//908
f 1709//394 1851//907 1853//908
f 1851//907 1713//175 1857//178
f 1857//178 1714//305 1858//179
f 1858//179 1715//177 1859//180
f 1859//180 1716//178 1860//181
f 1860//181 1717//179 1861//312
f 1861//312 1718//869 1862//909
f 1862//909 1720//871 1864//911
f 1864//911 1722//401 1866//473
f 1866//473 1723//181 1867//313
f 1867//313 1724//402 1868//474
f 1868//474 1721//872 1865//912
f 1865//912 1719//870 1863//910
f 1863//910 1725//187 1869//190
f 1869//190 1726//313 1870//191
f 1870//191 1727//189 1871//192
f 1871//192 1728//190 1872//193
f 1729//320 2016//321 1872//193
f 1873//201 1730//873 1874//547
f 1730//873 1876//549 1874//547
f 1876//549 1734//479 1878//551
f 1878//551 1735//321 1879//203
f 1879//203 1736//480 1880//552
f 1880//552 1733//876 1877//914
f 1877//914 1731//874 1875//913
f 1875//913 1737//202 1881//205
f 1881//205 1738//203 1882//328
f 1882//328 1739//204 1883//211
f 1883//211 1740//205 1884//329
f 1884//329 1741//328 1885//213
f 1885//213 1742//481 1886//553
f 1742//481 1888//555 1886//553
f 1888//555 1746//485 1890//557
f 1890//557 1747//329 1891//215
f 1891//215 1748//486 1892//558
f 1892//558 1745//878 1889//916
f 1889//916 1743//877 1887//915
f 1887//915 1749//214 1893//217
f 1893//217 1750//215 1894//336
f 1894//336 1751//216 1895//223
f 1895//223 1752//217 1896//337
f 1896//337 1753//336 1897//225
f 1897//225 1754//879 1898//917
f 1754//879 1900//918 1898//917
f 1900//918 1758//491 1902//563
f 1902//563 1759//337 1903//227
f 1903//227 1760//492 1904//564
f 1904//564 1757//882 1901//562
f 1901//562 1755//880 1899//560
f 1899//560 1761//226 1905//229
f 1905//229 1762//227 1906//344
f 1906//344 1763//228 1907//235
f 1907//235 1764//229 1908//345
f 1908//345 1765//344 1909//237
f 1909//237 1766//883 1910//565
f 1766//883 1912//567 1910//565
f 1912//567 1770//497 1914//569
f 1914//569 1771//345 1915//239
f 1915//239 1772//498 1916//570
f 1916//570 1769//886 1913//920
f 1913//920 1767//884 1911//919
f 1911//919 1773//238 1917//241
f 1917//241 1774//239 1918//352
f 1918//352 1775//240 1919//247
f 1919//247 1776//241 1920//353
f 1920//353 1777//352 1921//249
f 1921//249 1778//499 1922//571
f 1778//499 1924//573 1922//571
f 1924//573 1782//503 1926//575
f 1926//575 1783//353 1927//251
f 1927//251 1784//504 1928//576
f 1928//576 1781//888 1925//922
f 1925//922 1779//887 1923//921
f 1923//921 1785//250 1929//253
f 1929//253 1786//251 1930//360
f 1930//360 1787//252 1931//259
f 1931//259 1788//253 1932//361
f 1932//361 1789//360 1933//261
f 1933//261 1790//889 1934//923
f 1790//889 1936//924 1934//923
f 1936//924 1794//509 1938//581
f 1938//581 1795//361 1939//263
f 1939//263 1796//510 1940//582
f 1940//582 1793//892 1937//580
f 1937//580 1791//890 1935//578
f 1935//578 1797//262 1941//265
f 1941//265 1798//263 1942//368
f 1942//368 1799//264 1943//271
f 1943//271 1800//265 1944//369
f 1944//369 1801//368 1945//273
f 1945//273 1802//893 1946//583
f 1802//893 1948//585 1946//583
f 1948//585 1806//515 1950//587
f 1950//587 1807//369 1951//275
f 1951//275 1808//516 1952//588
f 1952//588 1805//896 1949//926
f 1949//926 1803//894 1947//925
f 1947//925 1809//274 1953//277
f 1953//277 1810//275 1954//376
f 1954//376 1811//276 1955//283
f 1955//283 1812//277 1956//377
f 1956//377 1813//376 1957//285
f 1957//285 1814//517 1958//589
f 1814//517 1960//591 1958//589
f 1960//591 1818//521 1962//593
f 1962//593 1819//377 1963//287
f 1963//287 1820//522 1964//594
f 1964//594 1817//898 1961//928
f 1961//928 1815//897 1959//927
f 1959//927 1821//286 1965//145
f 1965//145 1822//287 1966//384
f 1966//384 1823//288 1967//151
f 1967//151 1824//145 1968//289
f 1968//289 1825//384 1969//153
f 1969//153 1826//899 1970//929
f 1826//899 1972//930 1970//929
f 1972//930 1830//527 1974//599
f 1974//599 1831//289 1975//155
f 1975//155 1832//528 1976//600
f 1976//600 1829//902 1973//598
f 1973//598 1827//900 1971//596
f 1971//596 1833//154 1977//157
f 1977//157 1834//155 1978//296
f 1978//296 1835//156 1979//163
f 1979//163 1836//157 1980//297
f 1980//297 1837//296 1981//165
f 1981//165 1838//903 1982//529
f 1838//903 1984//531 1982//529
f 1984//531 1842//461 1986//533
f 1986//533 1843//297 1987//167
f 1987//167 1844//462 1988//534
f 1988//534 1841//906 1985//932
f 1985//932 1839//904 1983//931
f 1983//931 1845//166 1989//169
f 1989//169 1846//167 1990//304
f 1990//304 1847//168 1991//175
f 1991//175 1848//169 1992//305
f 1992//305 1849//304 1993//177
f 1993//177 1850//463 1994//535
f 1850//463 1996//537 1994//535
f 1996//537 1854//467 1998//539
f 1998//539 1855//305 1999//179
f 1999//179 1856//468 2000//540
f 2000//540 1853//908 1997//934
f 1997//934 1851//907 1995//933
f 1995//933 1857//178 2001//181
f 2001//181 1858//179 2002//312
f 2002//312 1859//180 2003//187
f 2003//187 1860//181 2004//313
f 2004//313 1861//312 2005//189
f 2005//189 1862//909 2006//935
f 1862//909 2008//936 2006//935
f 2008//936 1866//473 2010//545
f 2010//545 1867//313 2011//191
f 2011//191 1868//474 2012//546
f 2012//546 1865//912 2009//544
f 2009//544 1863//910 2007//542
f 2007//542 1869//190 2013//193
f 2013//193 1870//191 2014//320
f 2014//320 1871//192 2015//199
f 2015//199 1872//193 2016//321
f 1873//201 2160//203 2016//321
f 2017//204 1874//547 2018//937
f 2018//937 1876//549 2020//938
f 2020//938 1878//551 2022//623
f 2022//623 1879//203 2023//328
f 2023//328 1880//552 2024//624
f 2024//624 1877//914 2021//622
f 1877//914 2019//620 2021//622
f 2019//620 1881//205 2025//329
f 2025//329 1882//328 2026//213
f 2026//213 1883//211 2027//214
f 2027//214 1884//329 2028//215
f 2028//215 1885//213 2029//216
f 2029//216 1886//553 2030//625
f 1886//553 2032//627 2030//625
f 2032//627 1890//557 2034//629
f 2034//629 1891//215 2035//336
f 2035//336 1892//558 2036//630
f 2036//630 1889//916 2033//628
f 1889//916 2031//626 2033//628
f 2031//626 1893//217 2037//337
f 2037//337 1894//336 2038//225
f 2038//225 1895//223 2039//226
f 2039//226 1896//337 2040//227
f 2040//227 1897//225 2041//228
f 2041//228 1898//917 2042//939
f 1898//917 2044//940 2042//939
f 2044//940 1902//563 2046//635
f 2046//635 1903//227 2047//344
f 2047//344 1904//564 2048//636
f 2048//636 1901//562 2045//634
f 1901//562 2043//632 2045//634
f 2043//632 1905//229 2049//345
f 2049//345 1906//344 2050//237
f 2050//237 1907//235 2051//238
f 2051//238 1908//345 2052//239
f 2052//239 1909//237 2053//240
f 2053//240 1910//565 2054//941
f 2054//941 1912//567 2056//942
f 2056//942 1914//569 2058//641
f 2058//641 1915//239 2059//352
f 2059//352 1916//570 2060//642
f 2060//642 1913//920 2057//640
f 1913//920 2055//638 2057//640
f 2055//638 1917//241 2061//353
f 2061//353 1918//352 2062//249
f 2062//249 1919//247 2063//250
f 2063//250 1920//353 2064//251
f 2064//251 1921//249 2065//252
f 2065//252 1922//571 2066//643
f 1922//571 2068//645 2066//643
f 2068//645 1926//575 2070//647
f 2070//647 1927//251 2071//360
f 2071//360 1928//576 2072//648
f 2072//648 1925//922 2069//646
f 1925//922 2067//644 2069//646
f 2067//644 1929//253 2073//361
f 2073//361 1930//360 2074//261
f 2074//261 1931//259 2075//262
f 2075//262 1932//361 2076//263
f 2076//263 1933//261 2077//264
f 2077//264 1934//923 2078//943
f 1934//923 2080//944 2078//943
f 2080//944 1938//581 2082//653
f 2082//653 1939//263 2083//368
f 2083//368 1940//582 2084//654
f 2084//654 1937//580 2081//652
f 1937//580 2079//650 2081//652
f 2079//650 1941//265 2085//369
f 2085//369 1942//368 2086//273
f 2086//273 1943//271 2087//274
f 2087//274 1944//369 2088//275
f 2088//275 1945//273 2089//276
f 2089//276 1946//583 2090//945
f 2090//945 1948//585 2092//946
f 2092//946 1950//587 2094//659
f 2094//659 1951//275 2095//376
f 2095//376 1952//588 2096//660
f 2096//660 1949//926 2093//658
f 1949//926 2091//656 2093//658
f 2091//656 1953//277 2097//377
f 2097//377 1954//376 2098//285
f 2098//285 1955//283 2099//286
f 2099//286 1956//377 2100//287
f 2100//287 1957//285 2101//288
f 2101//288 1958//589 2102//661
f 1958//589 2104//663 2102//661
f 2104//663 1962//593 2106//665
f 2106//665 1963//287 2107//384
f 2107//384 1964//594 2108//666
f 2108//666 1961//928 2105//664
f 1961//928 2103//662 2105//664
f 2103//662 1965//145 2109//289
f 2109//289 1966//384 2110//153
f 2110//153 1967//151 2111//154
f 2111//154 1968//289 2112//155
f 2112//155 1969//153 2113//156
f 2113//156 1970//929 2114//947
f 1970//929 2116//948 2114//947
f 2116//948 1974//599 2118//671
f 2118//671 1975//155 2119//296
f 2119//296 1976//600 2120//672
f 2120//672 1973//598 2117//670
f 1973//598 2115//668 2117//670
f 2115//668 1977//157 2121//297
f 2121//297 1978//296 2122//165
f 2122//165 1979//163 2123//166
f 2123//166 1980//297 2124//167
f 2124//167 1981//165 2125//168
f 2125//168 1982//529 2126//949
f 2126//949 1984//531 2128//950
f 2128//950 1986//533 2130//605
f 2130//605 1987//167 2131//304
f 2131//304 1988//534 2132//606
f 2132//606 1985//932 2129//604
f 1985//932 2127//602 2129//604
f 2127//602 1989//169 2133//305
f 2133//305 1990//304 2134//177
f 2134//177 1991//175 2135//178
f 2135//178 1992//305 2136//179
f 2136//179 1993//177 2137//180
f 2137//180 1994//535 2138//607
f 1994//535 2140//609 2138//607
f 2140//609 1998//539 2142//611
f 2142//611 1999//179 2143//312
f 2143//312 2000//540 2144//612
f 2144//612 1997//934 2141//610
f 1997//934 2139//608 2141//610
f 2139//608 2001//181 2145//313
f 2145//313 2002//312 2146//189
f 2146//189 2003//187 2147//190
f 2147//190 2004//313 2148//191
f 2148//191 2005//189 2149//192
f 2149//192 2006//935 2150//951
f 2006//935 2152//952 2150//951
f 2152//952 2010//545 2154//617
f 2154//617 2011//191 2155//320
f 2155//320 2012//546 2156//618
f 2156//618 2009//544 2153//616
f 2009//544 2151//614 2153//616
f 2151//614 2013//193 2157//321
f 2157//321 2014//320 2158//201
f 2158//201 2015//199 2159//202
f 2159//202 2016//321 2160//203
f 2017//204 2304//328 2160//203
f 2161//211 2018//937 2162//953
f 2018//937 2164//954 2162//953
f 2164//954 2022//623 2166//695
f 2166//695 2023//328 2167//213
f 2167//213 2024//624 2168//696
f 2168//696 2021//622 2165//694
f 2021//622 2163//692 2165//694
f 2163//692 2025//329 2169//215
f 2169//215 2026//213 2170//216
f 2170//216 2027//214 2171//217
f 2171//217 2028//215 2172//336
f 2172//336 2029//216 2173//223
f 2173//223 2030//625 2174//697
f 2030//625 2176//699 2174//697
f 2176//699 2034//629 2178//701
f 2178//701 2035//336 2179//225
f 2179//225 2036//630 2180//702
f 2180//702 2033//628 2177//700
f 2033//628 2175//698 2177//700
f 2175//698 2037//337 2181//227
f 2181//227 2038//225 2182//228
f 2182//228 2039//226 2183//229
f 2183//229 2040//227 2184//344
f 2184//344 2041//228 2185//235
f 2185//235 2042//939 2186//703
f 2186//703 2044//940 2188//705
f 2188//705 2046//635 2190//707
f 2190//707 2047//344 2191//237
f 2191//237 2048//636 2192//708
f 2192//708 2045//634 2189//956
f 2045//634 2187//955 2189//956
f 2187//955 2049//345 2193//239
f 2193//239 2050//237 2194//240
f 2194//240 2051//238 2195//241
f 2195//241 2052//239 2196//352
f 2196//352 2053//240 2197//247
f 2197//247 2054//941 2198//957
f 2054//941 2200//958 2198//957
f 2200//958 2058//641 2202//713
f 2202//713 2059//352 2203//249
f 2203//249 2060//642 2204//714
f 2204//714 2057//640 2201//712
f 2057//640 2199//710 2201//712
f 2199//710 2061//353 2205//251
f 2205//251 2062//249 2206//252
f 2206//252 2063//250 2207//253
f 2207//253 2064//251 2208//360
f 2208//360 2065//252 2209//259
f 2209//259 2066//643 2210//715
f 2066//643 2212//717 2210//715
f 2212//717 2070//647 2214//719
f 2214//719 2071//360 2215//261
f 2215//261 2072//648 2216//720
f 2216//720 2069//646 2213//718
f 2069//646 2211//716 2213//718
f 2211//716 2073//361 2217//263
f 2217//263 2074//261 2218//264
f 2218//264 2075//262 2219//265
f 2219//265 2076//263 2220//368
f 2220//368 2077//264 2221//271
f 2221//271 2078//943 2222//721
f 2222//721 2080//944 2224//723
f 2224//723 2082//653 2226//725
f 2226//725 2083//368 2227//273
f 2227//273 2084//654 2228//726
f 2228//726 2081//652 2225//960
f 2081//652 2223//959 2225//960
f 2223//959 2085//369 2229//275
f 2229//275 2086//273 2230//276
f 2230//276 2087//274 2231//277
f 2231//277 2088//275 2232//376
f 2232//376 2089//276 2233//283
f 2233//283 2090//945 2234//961
f 2090//945 2236//962 2234//961
f 2236//962 2094//659 2238//731
f 2238//731 2095//376 2239//285
f 2239//285 2096//660 2240//732
f 2240//732 2093//658 2237//730
f 2093//658 2235//728 2237//730
f 2235//728 2097//377 2241//287
f 2241//287 2098//285 2242//288
f 2242//288 2099//286 2243//145
f 2243//145 2100//287 2244//384
f 2244//384 2101//288 2245//151
f 2245//151 2102//661 2246//733
f 2102//661 2248//735 2246//733
f 2248//735 2106//665 2250//737
f 2250//737 2107//384 2251//153
f 2251//153 2108//666 2252//738
f 2252//738 2105//664 2249//736
f 2105//664 2247//734 2249//736
f 2247//734 2109//289 2253//155
f 2253//155 2110//153 2254//156
f 2254//156 2111//154 2255//157
f 2255//157 2112//155 2256//296
f 2256//296 2113//156 2257//163
f 2257//163 2114//947 2258//739
f 2258//739 2116//948 2260//741
f 2260//741 2118//671 2262//743
f 2262//743 2119//296 2263//165
f 2263//165 2120//672 2264//744
f 2264//744 2117//670 2261//964
f 2117//670 2259//963 2261//964
f 2259//963 2121//297 2265//167
f 2265//167 2122//165 2266//168
f 2266//168 2123//166 2267//169
f 2267//169 2124//167 2268//304
f 2268//304 2125//168 2269//175
f 2269//175 2126//949 2270//965
f 2126//949 2272//966 2270//965
f 2272//966 2130//605 2274//677
f 2274//677 2131//304 2275//177
f 2275//177 2132//606 2276//678
f 2276//678 2129//604 2273//676
f 2129//604 2271//674 2273//676
f 2271//674 2133//305 2277//179
f 2277//179 2134//177 2278//180
f 2278//180 2135//178 2279//181
f 2279//181 2136//179 2280//312
f 2280//312 2137//180 2281//187
f 2281//187 2138//607 2282//679
f 2138//607 2284//681 2282//679
f 2284//681 2142//611 2286//683
f 2286//683 2143//312 2287//189
f 2287//189 2144//612 2288//684
f 2288//684 2141//610 2285//682
f 2141//610 2283//680 2285//682
f 2283//680 2145//313 2289//191
f 2289//191 2146//189 2290//192
f 2290//192 2147//190 2291//193
f 2291//193 2148//191 2292//320
f 2292//320 2149//192 2293//199
f 2293//199 2150//951 2294//685
f 2294//685 2152//952 2296//687
f 2296//687 2154//617 2298//689
f 2298//689 2155//320 2299//201
f 2299//201 2156//618 2300//690
f 2300//690 2153//616 2297//968
f 2153//616 2295//967 2297//968
f 2295//967 2157//321 2301//203
f 2301//203 2158//201 2302//204
f 2302//204 2159//202 2303//205
f 2303//205 2160//203 2304//328
f 2161//211 2448//213 2304//328
f 2305//214 2162//953 2306//763
f 2306//763 2164//954 2308//765
f 2308//765 2166//695 2310//767
f 2310//767 2167//213 2311//216
f 2311//216 2168//696 2312//768
f 2312//768 2165//694 2309//766
f 2165//694 2307//764 2309//766
f 2307//764 2169//215 2313//336
f 2313//336 2170//216 2314//223
f 2314//223 2171//217 2315//337
f 2315//337 2172//336 2316//225
f 2316//225 2173//223 2317//226
f 2317//226 2174//697 2318//969
f 2174//697 2320//970 2318//969
f 2320//970 2178//701 2322//773
f 2322//773 2179//225 2323//228
f 2323//228 2180//702 2324//774
f 2324//774 2177//700 2321//772
f 2177//700 2319//770 2321//772
f 2319//770 2181//227 2325//344
f 2325//344 2182//228 2326//235
f 2326//235 2183//229 2327//345
f 2327//345 2184//344 2328//237
f 2328//237 2185//235 2329//238
f 2329//238 2186//703 2330//971
f 2186//703 2332//973 2330//971
f 2332//973 2190//707 2334//779
f 2334//779 2191//237 2335//240
f 2335//240 2192//708 2336//780
f 2336//780 2189//956 2333//974
f 2189//956 2331//972 2333//974
f 2331//972 2193//239 2337//352
f 2337//352 2194//240 2338//247
f 2338//247 2195//241 2339//353
f 2339//353 2196//352 2340//249
f 2340//249 2197//247 2341//250
f 2341//250 2198//957 2342//781
f 2342//781 2200//958 2344//783
f 2344//783 2202//713 2346//785
f 2346//785 2203//249 2347//252
f 2347//252 2204//714 2348//786
f 2348//786 2201//712 2345//784
f 2201//712 2343//782 2345//784
f 2343//782 2205//251 2349//360
f 2349//360 2206//252 2350//259
f 2350//259 2207//253 2351//361
f 2351//361 2208//360 2352//261
f 2352//261 2209//259 2353//262
f 2353//262 2210//715 2354//975
f 2210//715 2356//976 2354//975
f 2356//976 2214//719 2358//791
f 2358//791 2215//261 2359//264
f 2359//264 2216//720 2360//792
f 2360//792 2213//718 2357//790
f 2213//718 2355//788 2357//790
f 2355//788 2217//263 2361//368
f 2361//368 2218//264 2362//271
f 2362//271 2219//265 2363//369
f 2363//369 2220//368 2364//273
f 2364//273 2221//271 2365//274
f 2365//274 2222//721 2366//977
f 2222//721 2368//979 2366//977
f 2368//979 2226//725 2370//797
f 2370//797 2227//273 2371//276
f 2371//276 2228//726 2372//798
f 2372//798 2225//960 2369//980
f 2225//960 2367//978 2369//980
f 2367//978 2229//275 2373//376
f 2373//376 2230//276 2374//283
f 2374//283 2231//277 2375//377
f 2375//377 2232//376 2376//285
f 2376//285 2233//283 2377//286
f 2377//286 2234//961 2378//799
f 2378//799 2236//962 2380//801
f 2380//801 2238//731 2382//803
f 2382//803 2239//285 2383//288
f 2383//288 2240//732 2384//804
f 2384//804 2237//730 2381//802
f 2237//730 2379//800 2381//802
f 2379//800 2241//287 2385//384
f 2385//384 2242//288 2386//151
f 2386//151 2243//145 2387//289
f 2387//289 2244//384 2388//153
f 2388//153 2245//151 2389//154
f 2389//154 2246//733 2390//981
f 2246//733 2392//982 2390//981
f 2392//982 2250//737 2394//809
f 2394//809 2251//153 2395//156
f 2395//156 2252//738 2396//810
f 2396//810 2249//736 2393//808
f 2249//736 2391//806 2393//808
f 2391//806 2253//155 2397//296
f 2397//296 2254//156 2398//163
f 2398//163 2255//157 2399//297
f 2399//297 2256//296 2400//165
f 2400//165 2257//163 2401//166
f 2401//166 2258//739 2402//983
f 2258//739 2404//985 2402//983
f 2404//985 2262//743 2406//815
f 2406//815 2263//165 2407//168
f 2407//168 2264//744 2408//816
f 2408//816 2261//964 2405//986
f 2261//964 2403//984 2405//986
f 2403//984 2265//167 2409//304
f 2409//304 2266//168 2410//175
f 2410//175 2267//169 2411//305
f 2411//305 2268//304 2412//177
f 2412//177 2269//175 2413//178
f 2413//178 2270//965 2414//745
f 2414//745 2272//966 2416//747
f 2416//747 2274//677 2418//749
f 2418//749 2275//177 2419//180
f 2419//180 2276//678 2420//750
f 2420//750 2273//676 2417//748
f 2273//676 2415//746 2417//748
f 2415//746 2277//179 2421//312
f 2421//312 2278//180 2422//187
f 2422//187 2279//181 2423//313
f 2423//313 2280//312 2424//189
f 2424//189 2281//187 2425//190
f 2425//190 2282//679 2426//987
f 2282//679 2428//988 2426//987
f 2428//988 2286//683 2430//755
f 2430//755 2287//189 2431//192
f 2431//192 2288//684 2432//756
f 2432//756 2285//682 2429//754
f 2285//682 2427//752 2429//754
f 2427//752 2289//191 2433//320
f 2433//320 2290//192 2434//199
f 2434//199 2291//193 2435//321
f 2435//321 2292//320 2436//201
f 2436//201 2293//199 2437//202
f 2437//202 2294//685 2438//989
f 2294//685 2440//991 2438//989
f 2440//991 2298//689 2442//761
f 2442//761 2299//201 2443//204
f 2443//204 2300//690 2444//762
f 2444//762 2297//968 2441//992
f 2297//968 2439//990 2441//992
f 2439//990 2301//203 2445//328
f 2445//328 2302//204 2446//211
f 2446//211 2303//205 2447//329
f 2447//329 2304//328 2448//213
f 2305//214 2592//216 2448//213
f 2449//217 2306//763 2450//218
f 2306//763 2452//220 2450//218
f 2452//220 2310//767 2454//222
f 2454//222 2311//216 2455//223
f 2455//223 2312//768 2456//224
f 2456//224 2309//766 2453//221
f 2309//766 2451//219 2453//221
f 2451//219 2313//336 2457//225
f 2457//225 2314//223 2458//226
f 2458//226 2315//337 2459//227
f 2459//227 2316//225 2460//228
f 2460//228 2317//226 2461//229
f 2461//229 2318//969 2462//993
f 2462//993 2320//970 2464//994
f 2464//994 2322//773 2466//234
f 2466//234 2323//228 2467//235
f 2467//235 2324//774 2468//236
f 2468//236 2321//772 2465//233
f 2321//772 2463//231 2465//233
f 2463//231 2325//344 2469//237
f 2469//237 2326//235 2470//238
f 2470//238 2327//345 2471//239
f 2471//239 2328//237 2472//240
f 2472//240 2329//238 2473//241
f 2473//241 2330//971 2474//995
f 2474//995 2332//973 2476//997
f 2476//997 2334//779 2478//246
f 2478//246 2335//240 2479//247
f 2479//247 2336//780 2480//248
f 2480//248 2333//974 2477//998
f 2477//998 2331//972 2475//996
f 2475//996 2337//352 2481//249
f 2481//249 2338//247 2482//250
f 2482//250 2339//353 2483//251
f 2483//251 2340//249 2484//252
f 2484//252 2341//250 2485//253
f 2485//253 2342//781 2486//254
f 2342//781 2488//256 2486//254
f 2488//256 2346//785 2490//258
f 2490//258 2347//252 2491//259
f 2491//259 2348//786 2492//260
f 2492//260 2345//784 2489//257
f 2345//784 2487//255 2489//257
f 2487//255 2349//360 2493//261
f 2493//261 2350//259 2494//262
f 2494//262 2351//361 2495//263
f 2495//263 2352//261 2496//264
f 2496//264 2353//262 2497//265
f 2497//265 2354//975 2498//999
f 2498//999 2356//976 2500//1000
f 2500//1000 2358//791 2502//270
f 2502//270 2359//264 2503//271
f 2503//271 2360//792 2504//272
f 2504//272 2357//790 2501//269
f 2357//790 2499//267 2501//269
f 2499//267 2361//368 2505//273
f 2505//273 2362//271 2506//274
f 2506//274 2363//369 2507//275
f 2507//275 2364//273 2508//276
f 2508//276 2365//274 2509//277
f 2509//277 2366//977 2510//1001
f 2510//1001 2368//979 2512//1003
f 2512//1003 2370//797 2514//282
f 2514//282 2371//276 2515//283
f 2515//283 2372//798 2516//284
f 2516//284 2369//980 2513//1004
f 2513//1004 2367//978 2511//1002
f 2511//1002 2373//376 2517//285
f 2517//285 2374//283 2518//286
f 2518//286 2375//377 2519//287
f 2519//287 2376//285 2520//288
f 2520//288 2377//286 2521//145
f 2521//145 2378//799 2522//146
f 2378//799 2524//148 2522//146
f 2524//148 2382//803 2526//150
f 2526//150 2383//288 2527//151
f 2527//151 2384//804 2528//152
f 2528//152 2381//802 2525//149
f 2381//802 2523//147 2525//149
f 2523//147 2385//384 2529//153
f 2529//153 2386//151 2530//154
f 2530//154 2387//289 2531//155
f 2531//155 2388//153 2532//156
f 2532//156 2389//154 2533//157
f 2533//157 2390//981 2534//1005
f 2534//1005 2392//982 2536//1006
f 2536//1006 2394//809 2538//162
f 2538//162 2395//156 2539//163
f 2539//163 2396//810 2540//164
f 2540//164 2393//808 2537//161
f 2393//808 2535//159 2537//161
f 2535//159 2397//296 2541//165
f 2541//165 2398//163 2542//166
f 2542//166 2399//297 2543//167
f 2543//167 2400//165 2544//168
f 2544//168 2401//166 2545//169
f 2545//169 2402//983 2546//1007
f 2546//1007 2404//985 2548//1009
f 2548//1009 2406//815 2550//174
f 2550//174 2407//168 2551//175
f 2551//175 2408//816 2552//176
f 2552//176 2405//986 2549//1010
f 2549//1010 2403//984 2547//1008
f 2547//1008 2409//304 2553//177
f 2553//177 2410//175 2554//178
f 2554//178 2411//305 2555//179
f 2555//179 2412//177 2556//180
f 2556//180 2413//178 2557//181
f 2557//181 2414//745 2558//182
f 2414//745 2560//184 2558//182
f 2560//184 2418//749 2562//186
f 2562//186 2419//180 2563//187
f 2563//187 2420//750 2564//188
f 2564//188 2417//748 2561//185
f 2417//748 2559//183 2561//185
f 2559//183 2421//312 2565//189
f 2565//189 2422//187 2566//190
f 2566//190 2423//313 2567//191
f 2567//191 2424//189 2568//192
f 2568//192 2425//190 2569//193
f 2569//193 2426//987 2570//1011
f 2570//1011 2428//988 2572//1012
f 2572//1012 2430//755 2574//198
f 2574//198 2431//192 2575//199
f 2575//199 2432//756 2576//200
f 2576//200 2429//754 2573//197
f 2429//754 2571//195 2573//197
f 2571//195 2433//320 2577//201
f 2577//201 2434//199 2578//202
f 2578//202 2435//321 2579//203
f 2579//203 2436//201 2580//204
f 2580//204 2437//202 2581//205
f 2581//205 2438//989 2582//1013
f 2582//1013 2440//991 2584//1015
f 2584//1015 2442//761 2586//210
f 2586//210 2443//204 2587//211
f 2587//211 2444//762 2588//212
f 2588//212 2441//992 2585//1016
f 2585//1016 2439//990 2583//1014
f 2583//1014 2445//328 2589//213
f 2589//213 2446//211 2590//214
f 2590//214 2447//329 2591//215
f 2591//215 2448//213 2592//216
f 2449//217 2736//223 2592//216
f 2593//337 2450//218 2594//338
f 2450//218 2596//340 2594//338
f 2596//340 2454//222 2598//342
f 2598//342 2455//223 2599//226
f 2599//226 2456//224 2600//343
f 2600//343 2453//221 2597//341
f 2453//221 2595//339 2597//341
f 2595//339 2457//225 2601//228
f 2601//228 2458//226 2602//229
f 2602//229 2459//227 2603//344
f 2603//344 2460//228 2604//235
f 2604//235 2461//229 2605//345
f 2605//345 2462//993 2606//1017
f 2462//993 2608//1018 2606//1017
f 2608//1018 2466//234 2610//350
f 2610//350 2467//235 2611//238
f 2611//238 2468//236 2612//351
f 2612//351 2465//233 2609//349
f 2465//233 2607//347 2609//349
f 2607//347 2469//237 2613//240
f 2613//240 2470//238 2614//241
f 2614//241 2471//239 2615//352
f 2615//352 2472//240 2616//247
f 2616//247 2473//241 2617//353
f 2617//353 2474//995 2618//354
f 2474//995 2620//356 2618//354
f 2620//356 2478//246 2622//358
f 2622//358 2479//247 2623//250
f 2623//250 2480//248 2624//359
f 2624//359 2477//998 2621//832
f 2477//998 2619//831 2621//832
f 2619//831 2481//249 2625//252
f 2625//252 2482//250 2626//253
f 2626//253 2483//251 2627//360
f 2627//360 2484//252 2628//259
f 2628//259 2485//253 2629//361
f 2629//361 2486//254 2630//362
f 2486//254 2632//364 2630//362
f 2632//364 2490//258 2634//366
f 2634//366 2491//259 2635//262
f 2635//262 2492//260 2636//367
f 2636//367 2489//257 2633//365
f 2489//257 2631//363 2633//365
f 2631//363 2493//261 2637//264
f 2637//264 2494//262 2638//265
f 2638//265 2495//263 2639//368
f 2639//368 2496//264 2640//271
f 2640//271 2497//265 2641//369
f 2641//369 2498//999 2642//1019
f 2498//999 2644//1020 2642//1019
f 2644//1020 2502//270 2646//374
f 2646//374 2503//271 2647//274
f 2647//274 2504//272 2648//375
f 2648//375 2501//269 2645//373
f 2501//269 2643//371 2645//373
f 2643//371 2505//273 2649//276
f 2649//276 2506//274 2650//277
f 2650//277 2507//275 2651//376
f 2651//376 2508//276 2652//283
f 2652//283 2509//277 2653//377
f 2653//377 2510//1001 2654//378
f 2510//1001 2656//380 2654//378
f 2656//380 2514//282 2658//382
f 2658//382 2515//283 2659//286
f 2659//286 2516//284 2660//383
f 2660//383 2513//1004 2657//836
f 2513//1004 2655//835 2657//836
f 2655//835 2517//285 2661//288
f 2661//288 2518//286 2662//145
f 2662//145 2519//287 2663//384
f 2663//384 2520//288 2664//151
f 2664//151 2521//145 2665//289
f 2665//289 2522//146 2666//290
f 2522//146 2668//292 2666//290
f 2668//292 2526//150 2670//294
f 2670//294 2527//151 2671//154
f 2671//154 2528//152 2672//295
f 2672//295 2525//149 2669//293
f 2525//149 2667//291 2669//293
f 2667//291 2529//153 2673//156
f 2673//156 2530//154 2674//157
f 2674//157 2531//155 2675//296
f 2675//296 2532//156 2676//163
f 2676//163 2533//157 2677//297
f 2677//297 2534//1005 2678//1021
f 2534//1005 2680//1022 2678//1021
f 2680//1022 2538//162 2682//302
f 2682//302 2539//163 2683//166
f 2683//166 2540//164 2684//303
f 2684//303 2537//161 2681//301
f 2537//161 2679//299 2681//301
f 2679//299 2541//165 2685//168
f 2685//168 2542//166 2686//169
f 2686//169 2543//167 2687//304
f 2687//304 2544//168 2688//175
f 2688//175 2545//169 2689//305
f 2689//305 2546//1007 2690//306
f 2546//1007 2692//308 2690//306
f 2692//308 2550//174 2694//310
f 2694//310 2551//175 2695//178
f 2695//178 2552//176 2696//311
f 2696//311 2549//1010 2693//840
f 2549//1010 2691//839 2693//840
f 2691//839 2553//177 2697//180
f 2697//180 2554//178 2698//181
f 2698//181 2555//179 2699//312
f 2699//312 2556//180 2700//187
f 2700//187 2557//181 2701//313
f 2701//313 2558//182 2702//314
f 2558//182 2704//316 2702//314
f 2704//316 2562//186 2706//318
f 2706//318 2563//187 2707//190
f 2707//190 2564//188 2708//319
f 2708//319 2561//185 2705//317
f 2561//185 2703//315 2705//317
f 2703//315 2565//189 2709//192
f 2709//192 2566//190 2710//193
f 2710//193 2567//191 2711//320
f 2711//320 2568//192 2712//199
f 2712//199 2569//193 2713//321
f 2713//321 2570//1011 2714//1023
f 2570//1011 2716//1024 2714//1023
f 2716//1024 2574//198 2718//326
f 2718//326 2575//199 2719//202
f 2719//202 2576//200 2720//327
f 2720//327 2573//197 2717//325
f 2573//197 2715//323 2717//325
f 2715//323 2577//201 2721//204
f 2721//204 2578//202 2722//205
f 2722//205 2579//203 2723//328
f 2723//328 2580//204 2724//211
f 2724//211 2581//205 2725//329
f 2725//329 2582//1013 2726//330
f 2582//1013 2728//332 2726//330
f 2728//332 2586//210 2730//334
f 2730//334 2587//211 2731//214
f 2731//214 2588//212 2732//335
f 2732//335 2585//1016 2729//828
f 2585//1016 2727//827 2729//828
f 2727//827 2589//213 2733//216
f 2733//216 2590//214 2734//217
f 2734//217 2591//215 2735//336
f 2735//336 2592//216 2736//223
f 2593//337 2880//226 2736//223
f 2737//227 2594//338 2738//421
f 2594//338 2740//423 2738//421
f 2740//423 2598//342 2742//425
f 2742//425 2599//226 2743//229
f 2743//229 2600//343 2744//426
f 2744//426 2597//341 2741//424
f 2597//341 2739//422 2741//424
f 2739//422 2601//228 2745//235
f 2745//235 2602//229 2746//345
f 2746//345 2603//344 2747//237
f 2747//237 2604//235 2748//238
f 2748//238 2605//345 2749//239
f 2749//239 2606//1017 2750//1025
f 2750//1025 2608//1018 2752//1027
f 2752//1027 2610//350 2754//431
f 2754//431 2611//238 2755//241
f 2755//241 2612//351 2756//432
f 2756//432 2609//349 2753//1028
f 2609//349 2751//1026 2753//1028
f 2751//1026 2613//240 2757//247
f 2757//247 2614//241 2758//353
f 2758//353 2615//352 2759//249
f 2759//249 2616//247 2760//250
f 2760//250 2617//353 2761//251
f 2761//251 2618//354 2762//433
f 2618//354 2764//435 2762//433
f 2764//435 2622//358 2766//437
f 2766//437 2623//250 2767//253
f 2767//253 2624//359 2768//438
f 2768//438 2621//832 2765//856
f 2765//856 2619//831 2763//854
f 2763//854 2625//252 2769//259
f 2769//259 2626//253 2770//361
f 2770//361 2627//360 2771//261
f 2771//261 2628//259 2772//262
f 2772//262 2629//361 2773//263
f 2773//263 2630//362 2774//439
f 2630//362 2776//441 2774//439
f 2776//441 2634//366 2778//443
f 2778//443 2635//262 2779//265
f 2779//265 2636//367 2780//444
f 2780//444 2633//365 2777//442
f 2633//365 2775//440 2777//442
f 2775//440 2637//264 2781//271
f 2781//271 2638//265 2782//369
f 2782//369 2639//368 2783//273
f 2783//273 2640//271 2784//274
f 2784//274 2641//369 2785//275
f 2785//275 2642//1019 2786//1029
f 2786//1029 2644//1020 2788//1031
f 2788//1031 2646//374 2790//449
f 2790//449 2647//274 2791//277
f 2791//277 2648//375 2792//450
f 2792//450 2645//373 2789//1032
f 2645//373 2787//1030 2789//1032
f 2787//1030 2649//276 2793//283
f 2793//283 2650//277 2794//377
f 2794//377 2651//376 2795//285
f 2795//285 2652//283 2796//286
f 2796//286 2653//377 2797//287
f 2797//287 2654//378 2798//451
f 2654//378 2800//453 2798//451
f 2800//453 2658//382 2802//455
f 2802//455 2659//286 2803//145
f 2803//145 2660//383 2804//456
f 2804//456 2657//836 2801//864
f 2801//864 2655//835 2799//862
f 2799//862 2661//288 2805//151
f 2805//151 2662//145 2806//289
f 2806//289 2663//384 2807//153
f 2807//153 2664//151 2808//154
f 2808//154 2665//289 2809//155
f 2809//155 2666//290 2810//385
f 2666//290 2812//387 2810//385
f 2812//387 2670//294 2814//389
f 2814//389 2671//154 2815//157
f 2815//157 2672//295 2816//390
f 2816//390 2669//293 2813//388
f 2669//293 2811//386 2813//388
f 2811//386 2673//156 2817//163
f 2817//163 2674//157 2818//297
f 2818//297 2675//296 2819//165
f 2819//165 2676//163 2820//166
f 2820//166 2677//297 2821//167
f 2821//167 2678//1021 2822//1033
f 2822//1033 2680//1022 2824//1035
f 2824//1035 2682//302 2826//395
f 2826//395 2683//166 2827//169
f 2827//169 2684//303 2828//396
f 2828//396 2681//301 2825//1036
f 2681//301 2823//1034 2825//1036
f 2823//1034 2685//168 2829//175
f 2829//175 2686//169 2830//305
f 2830//305 2687//304 2831//177
f 2831//177 2688//175 2832//178
f 2832//178 2689//305 2833//179
f 2833//179 2690//306 2834//397
f 2690//306 2836//399 2834//397
f 2836//399 2694//310 2838//401
f 2838//401 2695//178 2839//181
f 2839//181 2696//311 2840//402
f 2840//402 2693//840 2837//872
f 2837//872 2691//839 2835//870
f 2835//870 2697//180 2841//187
f 2841//187 2698//181 2842//313
f 2842//313 2699//312 2843//189
f 2843//189 2700//187 2844//190
f 2844//190 2701//313 2845//191
f 2845//191 2702//314 2846//403
f 2702//314 2848//405 2846//403
f 2848//405 2706//318 2850//407
f 2850//407 2707//190 2851//193
f 2851//193 2708//319 2852//408
f 2852//408 2705//317 2849//406
f 2705//317 2847//404 2849//406
f 2847//404 2709//192 2853//199
f 2853//199 2710//193 2854//321
f 2854//321 2711//320 2855//201
f 2855//201 2712//199 2856//202
f 2856//202 2713//321 2857//203
f 2857//203 2714//1023 2858//1037
f 2858//1037 2716//1024 2860//1039
f 2860//1039 2718//326 2862//413
f 2862//413 2719//202 2863//205
f 2863//205 2720//327 2864//414
f 2864//414 2717//325 2861//1040
f 2717//325 2859//1038 2861//1040
f 2859//1038 2721//204 2865//211
f 2865//211 2722//205 2866//329
f 2866//329 2723//328 2867//213
f 2867//213 2724//211 2868//214
f 2868//214 2725//329 2869//215
f 2869//215 2726//330 2870//415
f 2726//330 2872//417 2870//415
f 2872//417 2730//334 2874//419
f 2874//419 2731//214 2875//217
f 2875//217 2732//335 2876//420
f 2876//420 2729//828 2873//848
f 2873//848 2727//827 2871//846
f 2871//846 2733//216 2877//223
f 2877//223 2734//217 2878//337
f 2878//337 2735//336 2879//225
f 2879//225 2736//223 2880//226
f 2737//227 3024//229 2880//226
f 2881//344 2738//421 2882//493
f 2882//493 2740//423 2884//495
f 2884//495 2742//425 2886//497
f 2886//497 2743//229 2887//345
f 2887//345 2744//426 2888//498
f 2888//498 2741//424 2885//1041
f 2885//1041 2739//422 2883//494
f 2883//494 2745//235 2889//238
f 2889//238 2746//345 2890//239
f 2890//239 2747//237 2891//240
f 2891//240 2748//238 2892//241
f 2892//241 2749//239 2893//352
f 2893//352 2750//1025 2894//499
f 2750//1025 2896//501 2894//499
f 2896//501 2754//431 2898//503
f 2898//503 2755//241 2899//353
f 2899//353 2756//432 2900//504
f 2900//504 2753//1028 2897//1043
f 2897//1043 2751//1026 2895//1042
f 2895//1042 2757//247 2901//250
f 2901//250 2758//353 2902//251
f 2902//251 2759//249 2903//252
f 2903//252 2760//250 2904//253
f 2904//253 2761//251 2905//360
f 2905//360 2762//433 2906//505
f 2762//433 2908//507 2906//505
f 2908//507 2766//437 2910//509
f 2910//509 2767//253 2911//361
f 2911//361 2768//438 2912//510
f 2912//510 2765//856 2909//1045
f 2909//1045 2763//854 2907//1044
f 2907//1044 2769//259 2913//262
f 2913//262 2770//361 2914//263
f 2914//263 2771//261 2915//264
f 2915//264 2772//262 2916//265
f 2916//265 2773//263 2917//368
f 2917//368 2774//439 2918//511
f 2918//511 2776//441 2920//513
f 2920//513 2778//443 2922//515
f 2922//515 2779//265 2923//369
f 2923//369 2780//444 2924//516
f 2924//516 2777//442 2921//1046
f 2921//1046 2775//440 2919//512
f 2919//512 2781//271 2925//274
f 2925//274 2782//369 2926//275
f 2926//275 2783//273 2927//276
f 2927//276 2784//274 2928//277
f 2928//277 2785//275 2929//376
f 2929//376 2786//1029 2930//517
f 2786//1029 2932//519 2930//517
f 2932//519 2790//449 2934//521
f 2934//521 2791//277 2935//377
f 2935//377 2792//450 2936//522
f 2936//522 2789//1032 2933//1048
f 2933//1048 2787//1030 2931//1047
f 2931//1047 2793//283 2937//286
f 2937//286 2794//377 2938//287
f 2938//287 2795//285 2939//288
f 2939//288 2796//286 2940//145
f 2940//145 2797//287 2941//384
f 2941//384 2798//451 2942//523
f 2798//451 2944//525 2942//523
f 2944//525 2802//455 2946//527
f 2946//527 2803//145 2947//289
f 2947//289 2804//456 2948//528
f 2948//528 2801//864 2945//1050
f 2945//1050 2799//862 2943//1049
f 2943//1049 2805//151 2949//154
f 2949//154 2806//289 2950//155
f 2950//155 2807//153 2951//156
f 2951//156 2808//154 2952//157
f 2952//157 2809//155 2953//296
f 2953//296 2810//385 2954//457
f 2954//457 2812//387 2956//459
f 2956//459 2814//389 2958//461
f 2958//461 2815//157 2959//297
f 2959//297 2816//390 2960//462
f 2960//462 2813//388 2957//1051
f 2957//1051 2811//386 2955//458
f 2955//458 2817//163 2961//166
f 2961//166 2818//297 2962//167
f 2962//167 2819//165 2963//168
f 2963//168 2820//166 2964//169
f 2964//169 2821//167 2965//304
f 2965//304 2822//1033 2966//463
f 2822//1033 2968//465 2966//463
f 2968//465 2826//395 2970//467
f 2970//467 2827//169 2971//305
f 2971//305 2828//396 2972//468
f 2972//468 2825//1036 2969//1053
f 2969//1053 2823//1034 2967//1052
f 2967//1052 2829//175 2973//178
f 2973//178 2830//305 2974//179
f 2974//179 2831//177 2975//180
f 2975//180 2832//178 2976//181
f 2976//181 2833//179 2977//312
f 2977//312 2834//397 2978//469
f 2834//397 2980//471 2978//469
f 2980//471 2838//401 2982//473
f 2982//473 2839//181 2983//313
f 2983//313 2840//402 2984//474
f 2984//474 2837//872 2981//1055
f 2981//1055 2835//870 2979//1054
f 2979//1054 2841//187 2985//190
f 2985//190 2842//313 2986//191
f 2986//191 2843//189 2987//192
f 2987//192 2844//190 2988//193
f 2988//193 2845//191 2989//320
f 2989//320 2846//403 2990//475
f 2990//475 2848//405 2992//477
f 2992//477 2850//407 2994//479
f 2994//479 2851//193 2995//321
f 2995//321 2852//408 2996//480
f 2996//480 2849//406 2993//1056
f 2993//1056 2847//404 2991//476
f 2991//476 2853//199 2997//202
f 2997//202 2854//321 2998//203
f 2998//203 2855//201 2999//204
f 2999//204 2856//202 3000//205
f 3000//205 2857//203 3001//328
f 3001//328 2858//1037 3002//481
f 2858//1037 3004//483 3002//481
f 3004//483 2862//413 3006//485
f 3006//485 2863//205 3007//329
f 3007//329 2864//414 3008//486
f 3008//486 2861//1040 3005//1058
f 3005//1058 2859//1038 3003//1057
f 3003//1057 2865//211 3009//214
f 3009//214 2866//329 3010//215
f 3010//215 2867//213 3011//216
f 3011//216 2868//214 3012//217
f 3012//217 2869//215 3013//336
f 3013//336 2870//415 3014//487
f 2870//415 3016//489 3014//487
f 3016//489 2874//419 3018//491
f 3018//491 2875//217 3019//337
f 3019//337 2876//420 3020//492
f 3020//492 2873//848 3017//1060
f 3017//1060 2871//846 3015//1059
f 3015//1059 2877//223 3021//226
f 3021//226 2878//337 3022//227
f 3022//227 2879//225 3023//228
f 3023//228 2880//226 3024//229
f 2881//344 3168//345 3024//229
f 3025//237 2882//493 3026//1061
f 2882//493 3028//1062 3026//1061
f 3028//1062 2886//497 3030//569
f 3030//569 2887//345 3031//239
f 3031//239 2888//498 3032//570
f 3032//570 2885//1041 3029//568
f 2885//1041 3027//566 3029//568
f 3027//566 2889//238 3033//241
f 3033//241 2890//239 3034//352
f 3034//352 2891//240 3035//247
f 3035//247 2892//241 3036//353
f 3036//353 2893//352 3037//249
f 3037//249 2894//499 3038//571
f 2894//499 3040//573 3038//571
f 3040//573 2898//503 3042//575
f 3042//575 2899//353 3043//251
f 3043//251 2900//504 3044//576
f 3044//576 2897//1043 3041//574
f 2897//1043 3039//572 3041//574
f 3039//572 2901//250 3045//253
f 3045//253 2902//251 3046//360
f 3046//360 2903//252 3047//259
f 3047//259 2904//253 3048//361
f 3048//361 2905//360 3049//261
f 3049//261 2906//505 3050//923
f 2906//505 3052//924 3050//923
f 3052//924 2910//509 3054//581
f 3054//581 2911//361 3055//263
f 3055//263 2912//510 3056//582
f 3056//582 2909//1045 3053//1064
f 2909//1045 3051//1063 3053//1064
f 3051//1063 2913//262 3057//265
f 3057//265 2914//263 3058//368
f 3058//368 2915//264 3059//271
f 3059//271 2916//265 3060//369
f 3060//369 2917//368 3061//273
f 3061//273 2918//511 3062//1065
f 2918//511 3064//1066 3062//1065
f 3064//1066 2922//515 3066//587
f 3066//587 2923//369 3067//275
f 3067//275 2924//516 3068//588
f 3068//588 2921//1046 3065//586
f 2921//1046 3063//584 3065//586
f 3063//584 2925//274 3069//277
f 3069//277 2926//275 3070//376
f 3070//376 2927//276 3071//283
f 3071//283 2928//277 3072//377
f 3072//377 2929//376 3073//285
f 3073//285 2930//517 3074//589
f 2930//517 3076//591 3074//589
f 3076//591 2934//521 3078//593
f 3078//593 2935//377 3079//287
f 3079//287 2936//522 3080//594
f 3080//594 2933//1048 3077//592
f 2933//1048 3075//590 3077//592
f 3075//590 2937//286 3081//145
f 3081//145 2938//287 3082//384
f 3082//384 2939//288 3083//151
f 3083//151 2940//145 3084//289
f 3084//289 2941//384 3085//153
f 3085//153 2942//523 3086//929
f 2942//523 3088//930 3086//929
f 3088//930 2946//527 3090//599
f 3090//599 2947//289 3091//155
f 3091//155 2948//528 3092//600
f 3092//600 2945//1050 3089//1068
f 2945//1050 3087//1067 3089//1068
f 3087//1067 2949//154 3093//157
f 3093//157 2950//155 3094//296
f 3094//296 2951//156 3095//163
f 3095//163 2952//157 3096//297
f 3096//297 2953//296 3097//165
f 3097//165 2954//457 3098//1069
f 2954//457 3100//1070 3098//1069
f 3100//1070 2958//461 3102//533
f 3102//533 2959//297 3103//167
f 3103//167 2960//462 3104//534
f 3104//534 2957//1051 3101//532
f 2957//1051 3099//530 3101//532
f 3099//530 2961//166 3105//169
f 3105//169 2962//167 3106//304
f 3106//304 2963//168 3107//175
f 3107//175 2964//169 3108//305
f 3108//305 2965//304 3109//177
f 3109//177 2966//463 3110//535
f 2966//463 3112//537 3110//535
f 3112//537 2970//467 3114//539
f 3114//539 2971//305 3115//179
f 3115//179 2972//468 3116//540
f 3116//540 2969//1053 3113//538
f 2969//1053 3111//536 3113//538
f 3111//536 2973//178 3117//181
f 3117//181 2974//179 3118//312
f 3118//312 2975//180 3119//187
f 3119//187 2976//181 3120//313
f 3120//313 2977//312 3121//189
f 3121//189 2978//469 3122//935
f 2978//469 3124//936 3122//935
f 3124//936 2982//473 3126//545
f 3126//545 2983//313 3127//191
f 3127//191 2984//474 3128//546
f 3128//546 2981//1055 3125//1072
f 2981//1055 3123//1071 3125//1072
f 3123//1071 2985//190 3129//193
f 3129//193 2986//191 3130//320
f 3130//320 2987//192 3131//199
f 3131//199 2988//193 3132//321
f 3132//321 2989//320 3133//201
f 3133//201 2990//475 3134//1073
f 2990//475 3136//1074 3134//1073
f 3136//1074 2994//479 3138//551
f 3138//551 2995//321 3139//203
f 3139//203 2996//480 3140//552
f 3140//552 2993//1056 3137//550
f 2993//1056 3135//548 3137//550
f 3135//548 2997//202 3141//205
f 3141//205 2998//203 3142//328
f 3142//328 2999//204 3143//211
f 3143//211 3000//205 3144//329
f 3144//329 3001//328 3145//213
f 3145//213 3002//481 3146//553
f 3002//481 3148//555 3146//553
f 3148//555 3006//485 3150//557
f 3150//557 3007//329 3151//215
f 3151//215 3008//486 3152//558
f 3152//558 3005//1058 3149//556
f 3005//1058 3147//554 3149//556
f 3147//554 3009//214 3153//217
f 3153//217 3010//215 3154//336
f 3154//336 3011//216 3155//223
f 3155//223 3012//217 3156//337
f 3156//337 3013//336 3157//225
f 3157//225 3014//487 3158//917
f 3014//487 3160//918 3158//917
f 3160//918 3018//491 3162//563
f 3162//563 3019//337 3163//227
f 3163//227 3020//492 3164//564
f 3164//564 3017//1060 3161//1076
f 3017//1060 3159//1075 3161//1076
f 3159//1075 3021//226 3165//229
f 3165//229 3022//227 3166//344
f 3166//344 3023//228 3167//235
f 3167//235 3024//229 3168//345
f 3025//237 3312//239 3168//345
f 3169//240 3026//1061 3170//1077
f 3026//1061 3172//1078 3170//1077
f 3172//1078 3030//569 3174//641
f 3174//641 3031//239 3175//352
f 3175//352 3032//570 3176//642
f 3176//642 3029//568 3173//640
f 3029//568 3171//638 3173//640
f 3171//638 3033//241 3177//353
f 3177//353 3034//352 3178//249
f 3178//249 3035//247 3179//250
f 3179//250 3036//353 3180//251
f 3180//251 3037//249 3181//252
f 3181//252 3038//571 3182//643
f 3038//571 3184//645 3182//643
f 3184//645 3042//575 3186//647
f 3186//647 3043//251 3187//360
f 3187//360 3044//576 3188//648
f 3188//648 3041//574 3185//646
f 3041//574 3183//644 3185//646
f 3183//644 3045//253 3189//361
f 3189//361 3046//360 3190//261
f 3190//261 3047//259 3191//262
f 3191//262 3048//361 3192//263
f 3192//263 3049//261 3193//264
f 3193//264 3050//923 3194//1079
f 3050//923 3196//1081 3194//1079
f 3196//1081 3054//581 3198//653
f 3198//653 3055//263 3199//368
f 3199//368 3056//582 3200//654
f 3200//654 3053//1064 3197//1082
f 3053//1064 3195//1080 3197//1082
f 3195//1080 3057//265 3201//369
f 3201//369 3058//368 3202//273
f 3202//273 3059//271 3203//274
f 3203//274 3060//369 3204//275
f 3204//275 3061//273 3205//276
f 3205//276 3062//1065 3206//1083
f 3062//1065 3208//1084 3206//1083
f 3208//1084 3066//587 3210//659
f 3210//659 3067//275 3211//376
f 3211//376 3068//588 3212//660
f 3212//660 3065//586 3209//658
f 3065//586 3207//656 3209//658
f 3207//656 3069//277 3213//377
f 3213//377 3070//376 3214//285
f 3214//285 3071//283 3215//286
f 3215//286 3072//377 3216//287
f 3216//287 3073//285 3217//288
f 3217//288 3074//589 3218//661
f 3074//589 3220//663 3218//661
f 3220//663 3078//593 3222//665
f 3222//665 3079//287 3223//384
f 3223//384 3080//594 3224//666
f 3224//666 3077//592 3221//664
f 3077//592 3219//662 3221//664
f 3219//662 3081//145 3225//289
f 3225//289 3082//384 3226//153
f 3226//153 3083//151 3227//154
f 3227//154 3084//289 3228//155
f 3228//155 3085//153 3229//156
f 3229//156 3086//929 3230//1085
f 3086//929 3232//1087 3230//1085
f 3232//1087 3090//599 3234//671
f 3234//671 3091//155 3235//296
f 3235//296 3092//600 3236//672
f 3236//672 3089//1068 3233//1088
f 3089//1068 3231//1086 3233//1088
f 3231//1086 3093//157 3237//297
f 3237//297 3094//296 3238//165
f 3238//165 3095//163 3239//166
f 3239//166 3096//297 3240//167
f 3240//167 3097//165 3241//168
f 3241//168 3098//1069 3242//1089
f 3098//1069 3244//1090 3242//1089
f 3244//1090 3102//533 3246//605
f 3246//605 3103//167 3247//304
f 3247//304 3104//534 3248//606
f 3248//606 3101//532 3245//604
f 3101//532 3243//602 3245//604
f 3243//602 3105//169 3249//305
f 3249//305 3106//304 3250//177
f 3250//177 3107//175 3251//178
f 3251//178 3108//305 3252//179
f 3252//179 3109//177 3253//180
f 3253//180 3110//535 3254//607
f 3110//535 3256//609 3254//607
f 3256//609 3114//539 3258//611
f 3258//611 3115//179 3259//312
f 3259//312 3116//540 3260//612
f 3260//612 3113//538 3257//610
f 3113//538 3255//608 3257//610
f 3255//608 3117//181 3261//313
f 3261//313 3118//312 3262//189
f 3262//189 3119//187 3263//190
f 3263//190 3120//313 3264//191
f 3264//191 3121//189 3265//192
f 3265//192 3122//935 3266//1091
f 3122//935 3268//1093 3266//1091
f 3268//1093 3126//545 3270//617
f 3270//617 3127//191 3271//320
f 3271//320 3128//546 3272//618
f 3272//618 3125//1072 3269//1094
f 3125//1072 3267//1092 3269//1094
f 3267//1092 3129//193 3273//321
f 3273//321 3130//320 3274//201
f 3274//201 3131//199 3275//202
f 3275//202 3132//321 3276//203
f 3276//203 3133//201 3277//204
f 3277//204 3134//1073 3278//1095
f 3134//1073 3280//1096 3278//1095
f 3280//1096 3138//551 3282//623
f 3282//623 3139//203 3283//328
f 3283//328 3140//552 3284//624
f 3284//624 3137//550 3281//622
f 3137//550 3279//620 3281//622
f 3279//620 3141//205 3285//329
f 3285//329 3142//328 3286//213
f 3286//213 3143//211 3287//214
f 3287//214 3144//329 3288//215
f 3288//215 3145//213 3289//216
f 3289//216 3146//553 3290//625
f 3146//553 3292//627 3290//625
f 3292//627 3150//557 3294//629
f 3294//629 3151//215 3295//336
f 3295//336 3152//558 3296//630
f 3296//630 3149//556 3293//628
f 3149//556 3291//626 3293//628
f 3291//626 3153//217 3297//337
f 3297//337 3154//336 3298//225
f 3298//225 3155//223 3299//226
f 3299//226 3156//337 3300//227
f 3300//227 3157//225 3301//228
f 3301//228 3158//917 3302//1097
f 3158//917 3304//1099 3302//1097
f 3304//1099 3162//563 3306//635
f 3306//635 3163//227 3307//344
f 3307//344 3164//564 3308//636
f 3308//636 3161//1076 3305//1100
f 3161//1076 3303//1098 3305//1100
f 3303//1098 3165//229 3309//345
f 3309//345 3166//344 3310//237
f 3310//237 3167//235 3311//238
f 3311//238 3168//345 3312//239
f 3169//240 3456//352 3312//239
f 3313//247 3170//1077 3314//957
f 3170//1077 3316//958 3314//957
f 3316//958 3174//641 3318//713
f 3318//713 3175//352 3319//249
f 3319//249 3176//642 3320//714
f 3320//714 3173//640 3317//712
f 3173//640 3315//710 3317//712
f 3315//710 3177//353 3321//251
f 3321//251 3178//249 3322//252
f 3322//252 3179//250 3323//253
f 3323//253 3180//251 3324//360
f 3324//360 3181//252 3325//259
f 3325//259 3182//643 3326//1101
f 3182//643 3328//1102 3326//1101
f 3328//1102 3186//647 3330//719
f 3330//719 3187//360 3331//261
f 3331//261 3188//648 3332//720
f 3332//720 3185//646 3329//718
f 3185//646 3327//716 3329//718
f 3327//716 3189//361 3333//263
f 3333//263 3190//261 3334//264
f 3334//264 3191//262 3335//265
f 3335//265 3192//263 3336//368
f 3336//368 3193//264 3337//271
f 3337//271 3194//1079 3338//1103
f 3194//1079 3340//1105 3338//1103
f 3340//1105 3198//653 3342//725
f 3342//725 3199//368 3343//273
f 3343//273 3200//654 3344//726
f 3344//726 3197//1082 3341//1106
f 3341//1106 3195//1080 3339//1104
f 3339//1104 3201//369 3345//275
f 3345//275 3202//273 3346//276
f 3346//276 3203//274 3347//277
f 3347//277 3204//275 3348//376
f 3348//376 3205//276 3349//283
f 3349//283 3206//1083 3350//961
f 3206//1083 3352//962 3350//961
f 3352//962 3210//659 3354//731
f 3354//731 3211//376 3355//285
f 3355//285 3212//660 3356//732
f 3356//732 3209//658 3353//730
f 3209//658 3351//728 3353//730
f 3351//728 3213//377 3357//287
f 3357//287 3214//285 3358//288
f 3358//288 3215//286 3359//145
f 3359//145 3216//287 3360//384
f 3360//384 3217//288 3361//151
f 3361//151 3218//661 3362//1107
f 3218//661 3364//1108 3362//1107
f 3364//1108 3222//665 3366//737
f 3366//737 3223//384 3367//153
f 3367//153 3224//666 3368//738
f 3368//738 3221//664 3365//736
f 3221//664 3363//734 3365//736
f 3363//734 3225//289 3369//155
f 3369//155 3226//153 3370//156
f 3370//156 3227//154 3371//157
f 3371//157 3228//155 3372//296
f 3372//296 3229//156 3373//163
f 3373//163 3230//1085 3374//1109
f 3230//1085 3376//1111 3374//1109
f 3376//1111 3234//671 3378//743
f 3378//743 3235//296 3379//165
f 3379//165 3236//672 3380//744
f 3380//744 3233//1088 3377//1112
f 3377//1112 3231//1086 3375//1110
f 3375//1110 3237//297 3381//167
f 3381//167 3238//165 3382//168
f 3382//168 3239//166 3383//169
f 3383//169 3240//167 3384//304
f 3384//304 3241//168 3385//175
f 3385//175 3242//1089 3386//965
f 3242//1089 3388//966 3386//965
f 3388//966 3246//605 3390//677
f 3390//677 3247//304 3391//177
f 3391//177 3248//606 3392//678
f 3392//678 3245//604 3389//676
f 3245//604 3387//674 3389//676
f 3387//674 3249//305 3393//179
f 3393//179 3250//177 3394//180
f 3394//180 3251//178 3395//181
f 3395//181 3252//179 3396//312
f 3396//312 3253//180 3397//187
f 3397//187 3254//607 3398//1113
f 3254//607 3400//1114 3398//1113
f 3400//1114 3258//611 3402//683
f 3402//683 3259//312 3403//189
f 3403//189 3260//612 3404//684
f 3404//684 3257//610 3401//682
f 3257//610 3399//680 3401//682
f 3399//680 3261//313 3405//191
f 3405//191 3262//189 3406//192
f 3406//192 3263//190 3407//193
f 3407//193 3264//191 3408//320
f 3408//320 3265//192 3409//199
f 3409//199 3266//1091 3410//1115
f 3266//1091 3412//1117 3410//1115
f 3412//1117 3270//617 3414//689
f 3414//689 3271//320 3415//201
f 3415//201 3272//618 3416//690
f 3416//690 3269//1094 3413//1118
f 3413//1118 3267//1092 3411//1116
f 3411//1116 3273//321 3417//203
f 3417//203 3274//201 3418//204
f 3418//204 3275//202 3419//205
f 3419//205 3276//203 3420//328
f 3420//328 3277//204 3421//211
f 3421//211 3278//1095 3422//953
f 3278//1095 3424//954 3422//953
f 3424//954 3282//623 3426//695
f 3426//695 3283//328 3427//213
f 3427//213 3284//624 3428//696
f 3428//696 3281//622 3425//694
f 3281//622 3423//692 3425//694
f 3423//692 3285//329 3429//215
f 3429//215 3286//213 3430//216
f 3430//216 3287//214 3431//217
f 3431//217 3288//215 3432//336
f 3432//336 3289//216 3433//223
f 3433//223 3290//625 3434//1119
f 3290//625 3436//1120 3434//1119
f 3436//1120 3294//629 3438//701
f 3438//701 3295//336 3439//225
f 3439//225 3296//630 3440//702
f 3440//702 3293//628 3437//700
f 3293//628 3435//698 3437//700
f 3435//698 3297//337 3441//227
f 3441//227 3298//225 3442//228
f 3442//228 3299//226 3443//229
f 3443//229 3300//227 3444//344
f 3444//344 3301//228 3445//235
f 3445//235 3302//1097 3446//1121
f 3302//1097 3448//1123 3446//1121
f 3448//1123 3306//635 3450//707
f 3450//707 3307//344 3451//237
f 3451//237 3308//636 3452//708
f 3452//708 3305//1100 3449//1124
f 3449//1124 3303//1098 3447//1122
f 3447//1122 3309//345 3453//239
f 3453//239 3310//237 3454//240
f 3454//240 3311//238 3455//241
f 3455//241 3312//239 3456//352
f 3313//247 3600//249 3456//352
f 3457//250 3314//957 3458//781
f 3458//781 3316//958 3460//783
f 3460//783 3318//713 3462//785
f 3462//785 3319//249 3463//252
f 3463//252 3320//714 3464//786
f 3464//786 3317//712 3461//784
f 3317//712 3459//782 3461//784
f 3459//782 3321//251 3465//360
f 3465//360 3322//252 3466//259
f 3466//259 3323//253 3467//361
f 3467//361 3324//360 3468//261
f 3468//261 3325//259 3469//262
f 3469//262 3326//1101 3470//1125
f 3470//1125 3328//1102 3472//1126
f 3472//1126 3330//719 3474//791
f 3474//791 3331//261 3475//264
f 3475//264 3332//720 3476//792
f 3476//792 3329//718 3473//790
f 3329//718 3471//788 3473//790
f 3471//788 3333//263 3477//368
f 3477//368 3334//264 3478//271
f 3478//271 3335//265 3479//369
f 3479//369 3336//368 3480//273
f 3480//273 3337//271 3481//274
f 3481//274 3338//1103 3482//1127
f 3482//1127 3340//1105 3484//1129
f 3484//1129 3342//725 3486//797
f 3486//797 3343//273 3487//276
f 3487//276 3344//726 3488//798
f 3488//798 3341//1106 3485//1130
f 3341//1106 3483//1128 3485//1130
f 3483//1128 3345//275 3489//376
f 3489//376 3346//276 3490//283
f 3490//283 3347//277 3491//377
f 3491//377 3348//376 3492//285
f 3492//285 3349//283 3493//286
f 3493//286 3350//961 3494//799
f 3494//799 3352//962 3496//801
f 3496//801 3354//731 3498//803
f 3498//803 3355//285 3499//288
f 3499//288 3356//732 3500//804
f 3500//804 3353//730 3497//802
f 3353//730 3495//800 3497//802
f 3495//800 3357//287 3501//384
f 3501//384 3358//288 3502//151
f 3502//151 3359//145 3503//289
f 3503//289 3360//384 3504//153
f 3504//153 3361//151 3505//154
f 3505//154 3362//1107 3506//1131
f 3506//1131 3364//1108 3508//1132
f 3508//1132 3366//737 3510//809
f 3510//809 3367//153 3511//156
f 3511//156 3368//738 3512//810
f 3512//810 3365//736 3509//808
f 3365//736 3507//806 3509//808
f 3507//806 3369//155 3513//296
f 3513//296 3370//156 3514//163
f 3514//163 3371//157 3515//297
f 3515//297 3372//296 3516//165
f 3516//165 3373//163 3517//166
f 3517//166 3374//1109 3518//1133
f 3518//1133 3376//1111 3520//1135
f 3520//1135 3378//743 3522//815
f 3522//815 3379//165 3523//168
f 3523//168 3380//744 3524//816
f 3524//816 3377//1112 3521//1136
f 3377//1112 3519//1134 3521//1136
f 3519//1134 3381//167 3525//304
f 3525//304 3382//168 3526//175
f 3526//175 3383//169 3527//305
f 3527//305 3384//304 3528//177
f 3528//177 3385//175 3529//178
f 3529//178 3386//965 3530//745
f 3530//745 3388//966 3532//747
f 3532//747 3390//677 3534//749
f 3534//749 3391//177 3535//180
f 3535//180 3392//678 3536//750
f 3536//750 3389//676 3533//748
f 3389//676 3531//746 3533//748
f 3531//746 3393//179 3537//312
f 3537//312 3394//180 3538//187
f 3538//187 3395//181 3539//313
f 3539//313 3396//312 3540//189
f 3540//189 3397//187 3541//190
f 3541//190 3398//1113 3542//1137
f 3542//1137 3400//1114 3544//1138
f 3544//1138 3402//683 3546//755
f 3546//755 3403//189 3547//192
f 3547//192 3404//684 3548//756
f 3548//756 3401//682 3545//754
f 3401//682 3543//752 3545//754
f 3543//752 3405//191 3549//320
f 3549//320 3406//192 3550//199
f 3550//199 3407//193 3551//321
f 3551//321 3408//320 3552//201
f 3552//201 3409//199 3553//202
f 3553//202 3410//1115 3554//1139
f 3554//1139 3412//1117 3556//1141
f 3556//1141 3414//689 3558//761
f 3558//761 3415//201 3559//204
f 3559//204 3416//690 3560//762
f 3560//762 3413//1118 3557//1142
f 3413//1118 3555//1140 3557//1142
f 3555//1140 3417//203 3561//328
f 3561//328 3418//204 3562//211
f 3562//211 3419//205 3563//329
f 3563//329 3420//328 3564//213
f 3564//213 3421//211 3565//214
f 3565//214 3422//953 3566//763
f 3566//763 3424//954 3568//765
f 3568//765 3426//695 3570//767
f 3570//767 3427//213 3571//216
f 3571//216 3428//696 3572//768
f 3572//768 3425//694 3569//766
f 3425//694 3567//764 3569//766
f 3567//764 3429//215 3573//336
f 3573//336 3430//216 3574//223
f 3574//223 3431//217 3575//337
f 3575//337 3432//336 3576//225
f 3576//225 3433//223 3577//226
f 3577//226 3434//1119 3578//1143
f 3578//1143 3436//1120 3580//1144
f 3580//1144 3438//701 3582//773
f 3582//773 3439//225 3583//228
f 3583//228 3440//702 3584//774
f 3584//774 3437//700 3581//772
f 3437//700 3579//770 3581//772
f 3579//770 3441//227 3585//344
f 3585//344 3442//228 3586//235
f 3586//235 3443//229 3587//345
f 3587//345 3444//344 3588//237
f 3588//237 3445//235 3589//238
f 3589//238 3446//1121 3590//1145
f 3590//1145 3448//1123 3592//1147
f 3592//1147 3450//707 3594//779
f 3594//779 3451//237 3595//240
f 3595//240 3452//708 3596//780
f 3596//780 3449//1124 3593//1148
f 3449//1124 3591//1146 3593//1148
f 3591//1146 3453//239 3597//352
f 3597//352 3454//240 3598//247
f 3598//247 3455//241 3599//353
f 3599//353 3456//352 3600//249
f 3457//250 3744//252 3600//249
f 3601//253 3458//781 3602//254
f 3458//781 3604//256 3602//254
f 3604//256 3462//785 3606//258
f 3606//258 3463//252 3607//259
f 3607//259 3464//786 3608//260
f 3608//260 3461//784 3605//1150
f 3461//784 3603//1149 3605//1150
f 3603//1149 3465//360 3609//261
f 3609//261 3466//259 3610//262
f 3610//262 3467//361 3611//263
f 3611//263 3468//261 3612//264
f 3612//264 3469//262 3613//265
f 3613//265 3470//1125 3614//999
f 3614//999 3472//1126 3616//1000
f 3616//1000 3474//791 3618//270
f 3618//270 3475//264 3619//271
f 3619//271 3476//792 3620//272
f 3620//272 3473//790 3617//1152
f 3473//790 3615//1151 3617//1152
f 3615//1151 3477//368 3621//273
f 3621//273 3478//271 3622//274
f 3622//274 3479//369 3623//275
f 3623//275 3480//273 3624//276
f 3624//276 3481//274 3625//277
f 3625//277 3482//1127 3626//1001
f 3626//1001 3484//1129 3628//1003
f 3628//1003 3486//797 3630//282
f 3630//282 3487//276 3631//283
f 3631//283 3488//798 3632//284
f 3632//284 3485//1130 3629//281
f 3485//1130 3627//279 3629//281
f 3627//279 3489//376 3633//285
f 3633//285 3490//283 3634//286
f 3634//286 3491//377 3635//287
f 3635//287 3492//285 3636//288
f 3636//288 3493//286 3637//145
f 3637//145 3494//799 3638//146
f 3494//799 3640//148 3638//146
f 3640//148 3498//803 3642//150
f 3642//150 3499//288 3643//151
f 3643//151 3500//804 3644//152
f 3644//152 3497//802 3641//1154
f 3497//802 3639//1153 3641//1154
f 3639//1153 3501//384 3645//153
f 3645//153 3502//151 3646//154
f 3646//154 3503//289 3647//155
f 3647//155 3504//153 3648//156
f 3648//156 3505//154 3649//157
f 3649//157 3506//1131 3650//1005
f 3650//1005 3508//1132 3652//1006
f 3652//1006 3510//809 3654//162
f 3654//162 3511//156 3655//163
f 3655//163 3512//810 3656//164
f 3656//164 3509//808 3653//1156
f 3509//808 3651//1155 3653//1156
f 3651//1155 3513//296 3657//165
f 3657//165 3514//163 3658//166
f 3658//166 3515//297 3659//167
f 3659//167 3516//165 3660//168
f 3660//168 3517//166 3661//169
f 3661//169 3518//1133 3662//1007
f 3662//1007 3520//1135 3664//1009
f 3664//1009 3522//815 3666//174
f 3666//174 3523//168 3667//175
f 3667//175 3524//816 3668//176
f 3668//176 3521//1136 3665//173
f 3521//1136 3663//171 3665//173
f 3663//171 3525//304 3669//177
f 3669//177 3526//175 3670//178
f 3670//178 3527//305 3671//179
f 3671//179 3528//177 3672//180
f 3672//180 3529//178 3673//181
f 3673//181 3530//745 3674//182
f 3530//745 3676//184 3674//182
f 3676//184 3534//749 3678//186
f 3678//186 3535//180 3679//187
f 3679//187 3536//750 3680//188
f 3680//188 3533//748 3677//1158
f 3533//748 3675//1157 3677//1158
f 3675//1157 3537//312 3681//189
f 3681//189 3538//187 3682//190
f 3682//190 3539//313 3683//191
f 3683//191 3540//189 3684//192
f 3684//192 3541//190 3685//193
f 3685//193 3542//1137 3686//1011
f 3686//1011 3544//1138 3688//1012
f 3688//1012 3546//755 3690//198
f 3690//198 3547//192 3691//199
f 3691//199 3548//756 3692//200
f 3692//200 3545//754 3689//1160
f 3545//754 3687//1159 3689//1160
f 3687//1159 3549//320 3693//201
f 3693//201 3550//199 3694//202
f 3694//202 3551//321 3695//203
f 3695//203 3552//201 3696//204
f 3696//204 3553//202 3697//205
f 3697//205 3554//1139 3698//1013
f 3698//1013 3556//1141 3700//1015
f 3700//1015 3558//761 3702//210
f 3702//210 3559//204 3703//211
f 3703//211 3560//762 3704//212
f 3704//212 3557//1142 3701//209
f 3557//1142 3699//207 3701//209
f 3699//207 3561//328 3705//213
f 3705//213 3562//211 3706//214
f 3706//214 3563//329 3707//215
f 3707//215 3564//213 3708//216
f 3708//216 3565//214 3709//217
f 3709//217 3566//763 3710//218
f 3566//763 3712//220 3710//218
f 3712//220 3570//767 3714//222
f 3714//222 3571//216 3715//223
f 3715//223 3572//768 3716//224
f 3716//224 3569//766 3713//1162
f 3569//766 3711//1161 3713//1162
f 3711//1161 3573//336 3717//225
f 3717//225 3574//223 3718//226
f 3718//226 3575//337 3719//227
f 3719//227 3576//225 3720//228
f 3720//228 3577//226 3721//229
f 3721//229 3578//1143 3722//993
f 3722//993 3580//1144 3724//994
f 3724//994 3582//773 3726//234
f 3726//234 3583//228 3727//235
f 3727//235 3584//774 3728//236
f 3728//236 3581//772 3725//1164
f 3581//772 3723//1163 3725//1164
f 3723//1163 3585//344 3729//237
f 3729//237 3586//235 3730//238
f 3730//238 3587//345 3731//239
f 3731//239 3588//237 3732//240
f 3732//240 3589//238 3733//241
f 3733//241 3590//1145 3734//995
f 3734//995 3592//1147 3736//997
f 3736//997 3594//779 3738//246
f 3738//246 3595//240 3739//247
f 3739//247 3596//780 3740//248
f 3740//248 3593//1148 3737//245
f 3593//1148 3735//243 3737//245
f 3735//243 3597//352 3741//249
f 3741//249 3598//247 3742//250
f 3742//250 3599//353 3743//251
f 3743//251 3600//249 3744//252
f 3601//253 3888//259 3744//252
f 3745//361 3602//254 3746//1165
f 3602//254 3748//1167 3746//1165
f 3748//1167 3606//258 3750//366
f 3750//366 3607//259 3751//262
f 3751//262 3608//260 3752//367
f 3752//367 3605//1150 3749//1168
f 3749//1168 3603//1149 3747//1166
f 3747//1166 3609//261 3753//264
f 3753//264 3610//262 3754//265
f 3754//265 3611//263 3755//368
f 3755//368 3612//264 3756//271
f 3756//271 3613//265 3757//369
f 3757//369 3614//999 3758//370
f 3614//999 3760//372 3758//370
f 3760//372 3618//270 3762//374
f 3762//374 3619//271 3763//274
f 3763//274 3620//272 3764//375
f 3764//375 3617//1152 3761//1170
f 3761//1170 3615//1151 3759//1169
f 3759//1169 3621//273 3765//276
f 3765//276 3622//274 3766//277
f 3766//277 3623//275 3767//376
f 3767//376 3624//276 3768//283
f 3768//283 3625//277 3769//377
f 3769//377 3626//1001 3770//378
f 3626//1001 3772//380 3770//378
f 3772//380 3630//282 3774//382
f 3774//382 3631//283 3775//286
f 3775//286 3632//284 3776//383
f 3776//383 3629//281 3773//381
f 3629//281 3771//379 3773//381
f 3771//379 3633//285 3777//288
f 3777//288 3634//286 3778//145
f 3778//145 3635//287 3779//384
f 3779//384 3636//288 3780//151
f 3780//151 3637//145 3781//289
f 3781//289 3638//146 3782//1171
f 3638//146 3784//1173 3782//1171
f 3784//1173 3642//150 3786//294
f 3786//294 3643//151 3787//154
f 3787//154 3644//152 3788//295
f 3788//295 3641//1154 3785//1174
f 3785//1174 3639//1153 3783//1172
f 3783//1172 3645//153 3789//156
f 3789//156 3646//154 3790//157
f 3790//157 3647//155 3791//296
f 3791//296 3648//156 3792//163
f 3792//163 3649//157 3793//297
f 3793//297 3650//1005 3794//298
f 3650//1005 3796//300 3794//298
f 3796//300 3654//162 3798//302
f 3798//302 3655//163 3799//166
f 3799//166 3656//164 3800//303
f 3800//303 3653//1156 3797//1176
f 3797//1176 3651//1155 3795//1175
f 3795//1175 3657//165 3801//168
f 3801//168 3658//166 3802//169
f 3802//169 3659//167 3803//304
f 3803//304 3660//168 3804//175
f 3804//175 3661//169 3805//305
f 3805//305 3662//1007 3806//306
f 3662//1007 3808//308 3806//306
f 3808//308 3666//174 3810//310
f 3810//310 3667//175 3811//178
f 3811//178 3668//176 3812//311
f 3812//311 3665//173 3809//309
f 3665//173 3807//307 3809//309
f 3807//307 3669//177 3813//180
f 3813//180 3670//178 3814//181
f 3814//181 3671//179 3815//312
f 3815//312 3672//180 3816//187
f 3816//187 3673//181 3817//313
f 3817//313 3674//182 3818//1177
f 3674//182 3820//1179 3818//1177
f 3820//1179 3678//186 3822//318
f 3822//318 3679//187 3823//190
f 3823//190 3680//188 3824//319
f 3824//319 3677//1158 3821//1180
f 3821//1180 3675//1157 3819//1178
f 3819//1178 3681//189 3825//192
f 3825//192 3682//190 3826//193
f 3826//193 3683//191 3827//320
f 3827//320 3684//192 3828//199
f 3828//199 3685//193 3829//321
f 3829//321 3686//1011 3830//322
f 3686//1011 3832//324 3830//322
f 3832//324 3690//198 3834//326
f 3834//326 3691//199 3835//202
f 3835//202 3692//200 3836//327
f 3836//327 3689//1160 3833//1182
f 3833//1182 3687//1159 3831//1181
f 3831//1181 3693//201 3837//204
f 3837//204 3694//202 3838//205
f 3838//205 3695//203 3839//328
f 3839//328 3696//204 3840//211
f 3840//211 3697//205 3841//329
f 3841//329 3698//1013 3842//330
f 3698//1013 3844//332 3842//330
f 3844//332 3702//210 3846//334
f 3846//334 3703//211 3847//214
f 3847//214 3704//212 3848//335
f 3848//335 3701//209 3845//333
f 3701//209 3843//331 3845//333
f 3843//331 3705//213 3849//216
f 3849//216 3706//214 3850//217
f 3850//217 3707//215 3851//336
f 3851//336 3708//216 3852//223
f 3852//223 3709//217 3853//337
f 3853//337 3710//218 3854//1183
f 3710//218 3856//1185 3854//1183
f 3856//1185 3714//222 3858//342
f 3858//342 3715//223 3859//226
f 3859//226 3716//224 3860//343
f 3860//343 3713//1162 3857//1186
f 3857//1186 3711//1161 3855//1184
f 3855//1184 3717//225 3861//228
f 3861//228 3718//226 3862//229
f 3862//229 3719//227 3863//344
f 3863//344 3720//228 3864//235
f 3864//235 3721//229 3865//345
f 3865//345 3722//993 3866//346
f 3722//993 3868//348 3866//346
f 3868//348 3726//234 3870//350
f 3870//350 3727//235 3871//238
f 3871//238 3728//236 3872//351
f 3872//351 3725//1164 3869//1188
f 3869//1188 3723//1163 3867//1187
f 3867//1187 3729//237 3873//240
f 3873//240 3730//238 3874//241
f 3874//241 3731//239 3875//352
f 3875//352 3732//240 3876//247
f 3876//247 3733//241 3877//353
f 3877//353 3734//995 3878//354
f 3734//995 3880//356 3878//354
f 3880//356 3738//246 3882//358
f 3882//358 3739//247 3883//250
f 3883//250 3740//248 3884//359
f 3884//359 3737//245 3881//357
f 3737//245 3879//355 3881//357
f 3879//355 3741//249 3885//252
f 3885//252 3742//250 3886//253
f 3886//253 3743//251 3887//360
f 3887//360 3744//252 3888//259
f 3745//361 4032//262 3888//259
f 3889//263 3746//1165 3890//857
f 3890//857 3748//1167 3892//859
f 3892//859 3750//366 3894//443
f 3894//443 3751//262 3895//265
f 3895//265 3752//367 3896//444
f 3896//444 3749//1168 3893//860
f 3749//1168 3891//858 3893//860
f 3891//858 3753//264 3897//271
f 3897//271 3754//265 3898//369
f 3898//369 3755//368 3899//273
f 3899//273 3756//271 3900//274
f 3900//274 3757//369 3901//275
f 3901//275 3758//370 3902//445
f 3758//370 3904//447 3902//445
f 3904//447 3762//374 3906//449
f 3906//449 3763//274 3907//277
f 3907//277 3764//375 3908//450
f 3908//450 3761//1170 3905//1032
f 3761//1170 3903//1030 3905//1032
f 3903//1030 3765//276 3909//283
f 3909//283 3766//277 3910//377
f 3910//377 3767//376 3911//285
f 3911//285 3768//283 3912//286
f 3912//286 3769//377 3913//287
f 3913//287 3770//378 3914//451
f 3770//378 3916//453 3914//451
f 3916//453 3774//382 3918//455
f 3918//455 3775//286 3919//145
f 3919//145 3776//383 3920//456
f 3920//456 3773//381 3917//454
f 3773//381 3915//452 3917//454
f 3915//452 3777//288 3921//151
f 3921//151 3778//145 3922//289
f 3922//289 3779//384 3923//153
f 3923//153 3780//151 3924//154
f 3924//154 3781//289 3925//155
f 3925//155 3782//1171 3926//865
f 3926//865 3784//1173 3928//867
f 3928//867 3786//294 3930//389
f 3930//389 3787//154 3931//157
f 3931//157 3788//295 3932//390
f 3932//390 3785//1174 3929//868
f 3785//1174 3927//866 3929//868
f 3927//866 3789//156 3933//163
f 3933//163 3790//157 3934//297
f 3934//297 3791//296 3935//165
f 3935//165 3792//163 3936//166
f 3936//166 3793//297 3937//167
f 3937//167 3794//298 3938//391
f 3794//298 3940//393 3938//391
f 3940//393 3798//302 3942//395
f 3942//395 3799//166 3943//169
f 3943//169 3800//303 3944//396
f 3944//396 3797//1176 3941//1036
f 3797//1176 3939//1034 3941//1036
f 3939//1034 3801//168 3945//175
f 3945//175 3802//169 3946//305
f 3946//305 3803//304 3947//177
f 3947//177 3804//175 3948//178
f 3948//178 3805//305 3949//179
f 3949//179 3806//306 3950//397
f 3806//306 3952//399 3950//397
f 3952//399 3810//310 3954//401
f 3954//401 3811//178 3955//181
f 3955//181 3812//311 3956//402
f 3956//402 3809//309 3953//400
f 3809//309 3951//398 3953//400
f 3951//398 3813//180 3957//187
f 3957//187 3814//181 3958//313
f 3958//313 3815//312 3959//189
f 3959//189 3816//187 3960//190
f 3960//190 3817//313 3961//191
f 3961//191 3818//1177 3962//841
f 3962//841 3820//1179 3964//843
f 3964//843 3822//318 3966//407
f 3966//407 3823//190 3967//193
f 3967//193 3824//319 3968//408
f 3968//408 3821//1180 3965//844
f 3821//1180 3963//842 3965//844
f 3963//842 3825//192 3969//199
f 3969//199 3826//193 3970//321
f 3970//321 3827//320 3971//201
f 3971//201 3828//199 3972//202
f 3972//202 3829//321 3973//203
f 3973//203 3830//322 3974//409
f 3830//322 3976//411 3974//409
f 3976//411 3834//326 3978//413
f 3978//413 3835//202 3979//205
f 3979//205 3836//327 3980//414
f 3980//414 3833//1182 3977//1040
f 3833//1182 3975//1038 3977//1040
f 3975//1038 3837//204 3981//211
f 3981//211 3838//205 3982//329
f 3982//329 3839//328 3983//213
f 3983//213 3840//211 3984//214
f 3984//214 3841//329 3985//215
f 3985//215 3842//330 3986//415
f 3842//330 3988//417 3986//415
f 3988//417 3846//334 3990//419
f 3990//419 3847//214 3991//217
f 3991//217 3848//335 3992//420
f 3992//420 3845//333 3989//418
f 3845//333 3987//416 3989//418
f 3987//416 3849//216 3993//223
f 3993//223 3850//217 3994//337
f 3994//337 3851//336 3995//225
f 3995//225 3852//223 3996//226
f 3996//226 3853//337 3997//227
f 3997//227 3854//1183 3998//849
f 3998//849 3856//1185 4000//851
f 4000//851 3858//342 4002//425
f 4002//425 3859//226 4003//229
f 4003//229 3860//343 4004//426
f 4004//426 3857//1186 4001//852
f 3857//1186 3999//850 4001//852
f 3999//850 3861//228 4005//235
f 4005//235 3862//229 4006//345
f 4006//345 3863//344 4007//237
f 4007//237 3864//235 4008//238
f 4008//238 3865//345 4009//239
f 4009//239 3866//346 4010//427
f 3866//346 4012//429 4010//427
f 4012//429 3870//350 4014//431
f 4014//431 3871//238 4015//241
f 4015//241 3872//351 4016//432
f 4016//432 3869//1188 4013//1028
f 3869//1188 4011//1026 4013//1028
f 4011//1026 3873//240 4017//247
f 4017//247 3874//241 4018//353
f 4018//353 3875//352 4019//249
f 4019//249 3876//247 4020//250
f 4020//250 3877//353 4021//251
f 4021//251 3878//354 4022//433
f 3878//354 4024//435 4022//433
f 4024//435 3882//358 4026//437
f 4026//437 3883//250 4027//253
f 4027//253 3884//359 4028//438
f 4028//438 3881//357 4025//436
f 3881//357 4023//434 4025//436
f 4023//434 3885//252 4029//259
f 4029//259 3886//253 4030//361
f 4030//361 3887//360 4031//261
f 4031//261 3888//259 4032//262
f 3889//263 4176//265 4032//262
f 4033//368 3890//857 4034//893
f 3890//857 4036//895 4034//893
f 4036//895 3894//443 4038//515
f 4038//515 3895//265 4039//369
f 4039//369 3896//444 4040//516
f 4040//516 3893//860 4037//1190
f 3893//860 4035//1189 4037//1190
f 4035//1189 3897//271 4041//274
f 4041//274 3898//369 4042//275
f 4042//275 3899//273 4043//276
f 4043//276 3900//274 4044//277
f 4044//277 3901//275 4045//376
f 4045//376 3902//445 4046//1191
f 3902//445 4048//1192 4046//1191
f 4048//1192 3906//449 4050//521
f 4050//521 3907//277 4051//377
f 4051//377 3908//450 4052//522
f 4052//522 3905//1032 4049//1048
f 4049//1048 3903//1030 4047//1047
f 4047//1047 3909//283 4053//286
f 4053//286 3910//377 4054//287
f 4054//287 3911//285 4055//288
f 4055//288 3912//286 4056//145
f 4056//145 3913//287 4057//384
f 4057//384 3914//451 4058//523
f 3914//451 4060//525 4058//523
f 4060//525 3918//455 4062//527
f 4062//527 3919//145 4063//289
f 4063//289 3920//456 4064//528
f 4064//528 3917//454 4061//1194
f 3917//454 4059//1193 4061//1194
f 4059//1193 3921//151 4065//154
f 4065//154 3922//289 4066//155
f 4066//155 3923//153 4067//156
f 4067//156 3924//154 4068//157
f 4068//157 3925//155 4069//296
f 4069//296 3926//865 4070//903
f 3926//865 4072//905 4070//903
f 4072//905 3930//389 4074//461
f 4074//461 3931//157 4075//297
f 4075//297 3932//390 4076//462
f 4076//462 3929//868 4073//1196
f 3929//868 4071//1195 4073//1196
f 4071//1195 3933//163 4077//166
f 4077//166 3934//297 4078//167
f 4078//167 3935//165 4079//168
f 4079//168 3936//166 4080//169
f 4080//169 3937//167 4081//304
f 4081//304 3938//391 4082//1197
f 3938//391 4084//1198 4082//1197
f 4084//1198 3942//395 4086//467
f 4086//467 3943//169 4087//305
f 4087//305 3944//396 4088//468
f 4088//468 3941//1036 4085//1053
f 4085//1053 3939//1034 4083//1052
f 4083//1052 3945//175 4089//178
f 4089//178 3946//305 4090//179
f 4090//179 3947//177 4091//180
f 4091//180 3948//178 4092//181
f 4092//181 3949//179 4093//312
f 4093//312 3950//397 4094//469
f 3950//397 4096//471 4094//469
f 4096//471 3954//401 4098//473
f 4098//473 3955//181 4099//313
f 4099//313 3956//402 4100//474
f 4100//474 3953//400 4097//1200
f 3953//400 4095//1199 4097//1200
f 4095//1199 3957//187 4101//190
f 4101//190 3958//313 4102//191
f 4102//191 3959//189 4103//192
f 4103//192 3960//190 4104//193
f 4104//193 3961//191 4105//320
f 4105//320 3962//841 4106//873
f 3962//841 4108//875 4106//873
f 4108//875 3966//407 4110//479
f 4110//479 3967//193 4111//321
f 4111//321 3968//408 4112//480
f 4112//480 3965//844 4109//1202
f 3965//844 4107//1201 4109//1202
f 4107//1201 3969//199 4113//202
f 4113//202 3970//321 4114//203
f 4114//203 3971//201 4115//204
f 4115//204 3972//202 4116//205
f 4116//205 3973//203 4117//328
f 4117//328 3974//409 4118//1203
f 3974//409 4120//1204 4118//1203
f 4120//1204 3978//413 4122//485
f 4122//485 3979//205 4123//329
f 4123//329 3980//414 4124//486
f 4124//486 3977//1040 4121//1058
f 4121//1058 3975//1038 4119//1057
f 4119//1057 3981//211 4125//214
f 4125//214 3982//329 4126//215
f 4126//215 3983//213 4127//216
f 4127//216 3984//214 4128//217
f 4128//217 3985//215 4129//336
f 4129//336 3986//415 4130//487
f 3986//415 4132//489 4130//487
f 4132//489 3990//419 4134//491
f 4134//491 3991//217 4135//337
f 4135//337 3992//420 4136//492
f 4136//492 3989//418 4133//1206
f 3989//418 4131//1205 4133//1206
f 4131//1205 3993//223 4137//226
f 4137//226 3994//337 4138//227
f 4138//227 3995//225 4139//228
f 4139//228 3996//226 4140//229
f 4140//229 3997//227 4141//344
f 4141//344 3998//849 4142//883
f 3998//849 4144//885 4142//883
f 4144//885 4002//425 4146//497
f 4146//497 4003//229 4147//345
f 4147//345 4004//426 4148//498
f 4148//498 4001//852 4145//1208
f 4001//852 4143//1207 4145//1208
f 4143//1207 4005//235 4149//238
f 4149//238 4006//345 4150//239
f 4150//239 4007//237 4151//240
f 4151//240 4008//238 4152//241
f 4152//241 4009//239 4153//352
f 4153//352 4010//427 4154//1209
f 4010//427 4156//1210 4154//1209
f 4156//1210 4014//431 4158//503
f 4158//503 4015//241 4159//353
f 4159//353 4016//432 4160//504
f 4160//504 4013//1028 4157//1043
f 4157//1043 4011//1026 4155//1042
f 4155//1042 4017//247 4161//250
f 4161//250 4018//353 4162//251
f 4162//251 4019//249 4163//252
f 4163//252 4020//250 4164//253
f 4164//253 4021//251 4165//360
f 4165//360 4022//433 4166//505
f 4022//433 4168//507 4166//505
f 4168//507 4026//437 4170//509
f 4170//509 4027//253 4171//361
f 4171//361 4028//438 4172//510
f 4172//510 4025//436 4169//1212
f 4025//436 4167//1211 4169//1212
f 4167//1211 4029//259 4173//262
f 4173//262 4030//361 4174//263
f 4174//263 4031//261 4175//264
f 4175//264 4032//262 4176//265
f 4033//368 4320//369 4176//265
f 4177//273 4034//893 4178//583
f 4034//893 4180//585 4178//583
f 4180//585 4038//515 4182//587
f 4182//587 4039//369 4183//275
f 4183//275 4040//516 4184//588
f 4184//588 4037//1190 4181//586
f 4037//1190 4179//584 4181//586
f 4179//584 4041//274 4185//277
f 4185//277 4042//275 4186//376
f 4186//376 4043//276 4187//283
f 4187//283 4044//277 4188//377
f 4188//377 4045//376 4189//285
f 4189//285 4046//1191 4190//1213
f 4190//1213 4048//1192 4192//1214
f 4192//1214 4050//521 4194//593
f 4194//593 4051//377 4195//287
f 4195//287 4052//522 4196//594
f 4196//594 4049//1048 4193//592
f 4049//1048 4191//590 4193//592
f 4191//590 4053//286 4197//145
f 4197//145 4054//287 4198//384
f 4198//384 4055//288 4199//151
f 4199//151 4056//145 4200//289
f 4200//289 4057//384 4201//153
f 4201//153 4058//523 4202//929
f 4058//523 4204//930 4202//929
f 4204//930 4062//527 4206//599
f 4206//599 4063//289 4207//155
f 4207//155 4064//528 4208//600
f 4208//600 4061//1194 4205//1068
f 4061//1194 4203//1067 4205//1068
f 4203//1067 4065//154 4209//157
f 4209//157 4066//155 4210//296
f 4210//296 4067//156 4211//163
f 4211//163 4068//157 4212//297
f 4212//297 4069//296 4213//165
f 4213//165 4070//903 4214//529
f 4070//903 4216//531 4214//529
f 4216//531 4074//461 4218//533
f 4218//533 4075//297 4219//167
f 4219//167 4076//462 4220//534
f 4220//534 4073//1196 4217//532
f 4073//1196 4215//530 4217//532
f 4215//530 4077//166 4221//169
f 4221//169 4078//167 4222//304
f 4222//304 4079//168 4223//175
f 4223//175 4080//169 4224//305
f 4224//305 4081//304 4225//177
f 4225//177 4082//1197 4226//1215
f 4226//1215 4084//1198 4228//1216
f 4228//1216 4086//467 4230//539
f 4230//539 4087//305 4231//179
f 4231//179 4088//468 4232//540
f 4232//540 4085//1053 4229//538
f 4085//1053 4227//536 4229//538
f 4227//536 4089//178 4233//181
f 4233//181 4090//179 4234//312
f 4234//312 4091//180 4235//187
f 4235//187 4092//181 4236//313
f 4236//313 4093//312 4237//189
f 4237//189 4094//469 4238//935
f 4094//469 4240//936 4238//935
f 4240//936 4098//473 4242//545
f 4242//545 4099//313 4243//191
f 4243//191 4100//474 4244//546
f 4244//546 4097//1200 4241//1072
f 4097//1200 4239//1071 4241//1072
f 4239//1071 4101//190 4245//193
f 4245//193 4102//191 4246//320
f 4246//320 4103//192 4247//199
f 4247//199 4104//193 4248//321
f 4248//321 4105//320 4249//201
f 4249//201 4106//873 4250//547
f 4106//873 4252//549 4250//547
f 4252//549 4110//479 4254//551
f 4254//551 4111//321 4255//203
f 4255//203 4112//480 4256//552
f 4256//552 4109//1202 4253//550
f 4109//1202 4251//548 4253//550
f 4251//548 4113//202 4257//205
f 4257//205 4114//203 4258//328
f 4258//328 4115//204 4259//211
f 4259//211 4116//205 4260//329
f 4260//329 4117//328 4261//213
f 4261//213 4118//1203 4262//1217
f 4262//1217 4120//1204 4264//1218
f 4264//1218 4122//485 4266//557
f 4266//557 4123//329 4267//215
f 4267//215 4124//486 4268//558
f 4268//558 4121//1058 4265//556
f 4121//1058 4263//554 4265//556
f 4263//554 4125//214 4269//217
f 4269//217 4126//215 4270//336
f 4270//336 4127//216 4271//223
f 4271//223 4128//217 4272//337
f 4272//337 4129//336 4273//225
f 4273//225 4130//487 4274//917
f 4130//487 4276//918 4274//917
f 4276//918 4134//491 4278//563
f 4278//563 4135//337 4279//227
f 4279//227 4136//492 4280//564
f 4280//564 4133//1206 4277//1076
f 4133//1206 4275//1075 4277//1076
f 4275//1075 4137//226 4281//229
f 4281//229 4138//227 4282//344
f 4282//344 4139//228 4283//235
f 4283//235 4140//229 4284//345
f 4284//345 4141//344 4285//237
f 4285//237 4142//883 4286//565
f 4142//883 4288//567 4286//565
f 4288//567 4146//497 4290//569
f 4290//569 4147//345 4291//239
f 4291//239 4148//498 4292//570
f 4292//570 4145//1208 4289//568
f 4145//1208 4287//566 4289//568
f 4287//566 4149//238 4293//241
f 4293//241 4150//239 4294//352
f 4294//352 4151//240 4295//247
f 4295//247 4152//241 4296//353
f 4296//353 4153//352 4297//249
f 4297//249 4154//1209 4298//1219
f 4298//1219 4156//1210 4300//1220
f 4300//1220 4158//503 4302//575
f 4302//575 4159//353 4303//251
f 4303//251 4160//504 4304//576
f 4304//576 4157//1043 4301//574
f 4157//1043 4299//572 4301//574
f 4299//572 4161//250 4305//253
f 4305//253 4162//251 4306//360
f 4306//360 4163//252 4307//259
f 4307//259 4164//253 4308//361
f 4308//361 4165//360 4309//261
f 4309//261 4166//505 4310//923
f 4166//505 4312//924 4310//923
f 4312//924 4170//509 4314//581
f 4314//581 4171//361 4315//263
f 4315//263 4172//510 4316//582
f 4316//582 4169//1212 4313//1064
f 4169//1212 4311//1063 4313//1064
f 4311//1063 4173//262 4317//265
f 4317//265 4174//263 4318//368
f 4318//368 4175//264 4319//271
f 4319//271 4176//265 4320//369
f 4177//273 4464//275 4320//369
f 4321//276 4178//583 4322//655
f 4322//655 4180//585 4324//657
f 4324//657 4182//587 4326//659
f 4326//659 4183//275 4327//376
f 4327//376 4184//588 4328//660
f 4328//660 4181//586 4325//658
f 4181//586 4323//656 4325//658
f 4323//656 4185//277 4329//377
f 4329//377 4186//376 4330//285
f 4330//285 4187//283 4331//286
f 4331//286 4188//377 4332//287
f 4332//287 4189//285 4333//288
f 4333//288 4190//1213 4334//661
f 4190//1213 4336//663 4334//661
f 4336//663 4194//593 4338//665
f 4338//665 4195//287 4339//384
f 4339//384 4196//594 4340//666
f 4340//666 4193//592 4337//664
f 4193//592 4335//662 4337//664
f 4335//662 4197//145 4341//289
f 4341//289 4198//384 4342//153
f 4342//153 4199//151 4343//154
f 4343//154 4200//289 4344//155
f 4344//155 4201//153 4345//156
f 4345//156 4202//929 4346//947
f 4202//929 4348//948 4346//947
f 4348//948 4206//599 4350//671
f 4350//671 4207//155 4351//296
f 4351//296 4208//600 4352//672
f 4352//672 4205//1068 4349//670
f 4205//1068 4347//668 4349//670
f 4347//668 4209//157 4353//297
f 4353//297 4210//296 4354//165
f 4354//165 4211//163 4355//166
f 4355//166 4212//297 4356//167
f 4356//167 4213//165 4357//168
f 4357//168 4214//529 4358//601
f 4358//601 4216//531 4360//603
f 4360//603 4218//533 4362//605
f 4362//605 4219//167 4363//304
f 4363//304 4220//534 4364//606
f 4364//606 4217//532 4361//604
f 4217//532 4359//602 4361//604
f 4359//602 4221//169 4365//305
f 4365//305 4222//304 4366//177
f 4366//177 4223//175 4367//178
f 4367//178 4224//305 4368//179
f 4368//179 4225//177 4369//180
f 4369//180 4226//1215 4370//607
f 4226//1215 4372//609 4370//607
f 4372//609 4230//539 4374//611
f 4374//611 4231//179 4375//312
f 4375//312 4232//540 4376//612
f 4376//612 4229//538 4373//610
f 4229//538 4371//608 4373//610
f 4371//608 4233//181 4377//313
f 4377//313 4234//312 4378//189
f 4378//189 4235//187 4379//190
f 4379//190 4236//313 4380//191
f 4380//191 4237//189 4381//192
f 4381//192 4238//935 4382//951
f 4238//935 4384//952 4382//951
f 4384//952 4242//545 4386//617
f 4386//617 4243//191 4387//320
f 4387//320 4244//546 4388//618
f 4388//618 4241//1072 4385//616
f 4241//1072 4383//614 4385//616
f 4383//614 4245//193 4389//321
f 4389//321 4246//320 4390//201
f 4390//201 4247//199 4391//202
f 4391//202 4248//321 4392//203
f 4392//203 4249//201 4393//204
f 4393//204 4250//547 4394//619
f 4394//619 4252//549 4396//621
f 4396//621 4254//551 4398//623
f 4398//623 4255//203 4399//328
f 4399//328 4256//552 4400//624
f 4400//624 4253//550 4397//622
f 4253//550 4395//620 4397//622
f 4395//620 4257//205 4401//329
f 4401//329 4258//328 4402//213
f 4402//213 4259//211 4403//214
f 4403//214 4260//329 4404//215
f 4404//215 4261//213 4405//216
f 4405//216 4262//1217 4406//625
f 4262//1217 4408//627 4406//625
f 4408//627 4266//557 4410//629
f 4410//629 4267//215 4411//336
f 4411//336 4268//558 4412//630
f 4412//630 4265//556 4409//628
f 4265//556 4407//626 4409//628
f 4407//626 4269//217 4413//337
f 4413//337 4270//336 4414//225
f 4414//225 4271//223 4415//226
f 4415//226 4272//337 4416//227
f 4416//227 4273//225 4417//228
f 4417//228 4274//917 4418//939
f 4274//917 4420//940 4418//939
f 4420//940 4278//563 4422//635
f 4422//635 4279//227 4423//344
f 4423//344 4280//564 4424//636
f 4424//636 4277//1076 4421//634
f 4277//1076 4419//632 4421//634
f 4419//632 4281//229 4425//345
f 4425//345 4282//344 4426//237
f 4426//237 4283//235 4427//238
f 4427//238 4284//345 4428//239
f 4428//239 4285//237 4429//240
f 4429//240 4286//565 4430//637
f 4430//637 4288//567 4432//639
f 4432//639 4290//569 4434//641
f 4434//641 4291//239 4435//352
f 4435//352 4292//570 4436//642
f 4436//642 4289//568 4433//640
f 4289//568 4431//638 4433//640
f 4431//638 4293//241 4437//353
f 4437//353 4294//352 4438//249
f 4438//249 4295//247 4439//250
f 4439//250 4296//353 4440//251
f 4440//251 4297//249 4441//252
f 4441//252 4298//1219 4442//643
f 4298//1219 4444//645 4442//643
f 4444//645 4302//575 4446//647
f 4446//647 4303//251 4447//360
f 4447//360 4304//576 4448//648
f 4448//648 4301//574 4445//646
f 4301//574 4443//644 4445//646
f 4443//644 4305//253 4449//361
f 4449//361 4306//360 4450//261
f 4450//261 4307//259 4451//262
f 4451//262 4308//361 4452//263
f 4452//263 4309//261 4453//264
f 4453//264 4310//923 4454//943
f 4310//923 4456//944 4454//943
f 4456//944 4314//581 4458//653
f 4458//653 4315//263 4459//368
f 4459//368 4316//582 4460//654
f 4460//654 4313//1064 4457//652
f 4313//1064 4455//650 4457//652
f 4455//650 4317//265 4461//369
f 4461//369 4318//368 4462//273
f 4462//273 4319//271 4463//274
f 4463//274 4320//369 4464//275
f 4321//276 4608//1364 4464//275
f 4465//1221 4322//655 4466//1222
f 4466//1222 4324//657 4468//1224
f 4468//1224 4326//659 4470//1226
f 4470//1226 4327//376 4471//1227
f 4471//1227 4328//660 4472//1228
f 4472//1228 4325//658 4469//1225
f 4325//658 4467//1223 4469//1225
f 4467//1223 4329//377 4473//1229
f 4473//1229 4330//285 4474//1230
f 4474//1230 4331//286 4475//1231
f 4475//1231 4332//287 4476//1232
f 4476//1232 4333//288 4477//1233
f 4477//1233 4334//661 4478//1234
f 4334//661 4480//1236 4478//1234
f 4480//1236 4338//665 4482//1238
f 4482//1238 4339//384 4483//1239
f 4483//1239 4340//666 4484//1240
f 4484//1240 4337//664 4481//1237
f 4337//664 4479//1235 4481//1237
f 4479//1235 4341//289 4485//1241
f 4485//1241 4342//153 4486//1242
f 4486//1242 4343//154 4487//1243
f 4487//1243 4344//155 4488//1244
f 4488//1244 4345//156 4489//1245
f 4489//1245 4346//947 4490//1246
f 4490//1246 4348//948 4492//1248
f 4492//1248 4350//671 4494//1250
f 4494//1250 4351//296 4495//1251
f 4495//1251 4352//672 4496//1252
f 4496//1252 4349//670 4493//1249
f 4349//670 4491//1247 4493//1249
f 4491//1247 4353//297 4497//1253
f 4497//1253 4354//165 4498//1254
f 4498//1254 4355//166 4499//1255
f 4499//1255 4356//167 4500//1256
f 4500//1256 4357//168 4501//1257
f 4501//1257 4358//601 4502//1258
f 4502//1258 4360//603 4504//1260
f 4504//1260 4362//605 4506//1262
f 4506//1262 4363//304 4507//1263
f 4507//1263 4364//606 4508//1264
f 4508//1264 4361//604 4505//1261
f 4361//604 4503//1259 4505//1261
f 4503//1259 4365//305 4509//1265
f 4509//1265 4366//177 4510//1266
f 4510//1266 4367//178 4511//1267
f 4511//1267 4368//179 4512//1268
f 4512//1268 4369//180 4513//1269
f 4513//1269 4370//607 4514//1270
f 4370//607 4516//1272 4514//1270
f 4516//1272 4374//611 4518//1274
f 4518//1274 4375//312 4519//1275
f 4519//1275 4376//612 4520//1276
f 4520//1276 4373//610 4517//1273
f 4373//610 4515//1271 4517//1273
f 4515//1271 4377//313 4521//1277
f 4521//1277 4378//189 4522//1278
f 4522//1278 4379//190 4523//1279
f 4523//1279 4380//191 4524//1280
f 4524//1280 4381//192 4525//1281
f 4525//1281 4382//951 4526//1282
f 4526//1282 4384//952 4528//1284
f 4528//1284 4386//617 4530//1286
f 4530//1286 4387//320 4531//1287
f 4531//1287 4388//618 4532//1288
f 4532//1288 4385//616 4529//1285
f 4385//616 4527//1283 4529//1285
f 4527//1283 4389//321 4533//1289
f 4533//1289 4390//201 4534//1290
f 4534//1290 4391//202 4535//1291
f 4535//1291 4392//203 4536//1292
f 4536//1292 4393//204 4537//1293
f 4537//1293 4394//619 4538//1294
f 4538//1294 4396//621 4540//1296
f 4540//1296 4398//623 4542//1298
f 4542//1298 4399//328 4543//1299
f 4543//1299 4400//624 4544//1300
f 4544//1300 4397//622 4541//1297
f 4397//622 4539//1295 4541//1297
f 4539//1295 4401//329 4545//1301
f 4545//1301 4402//213 4546//1302
f 4546//1302 4403//214 4547//1303
f 4547//1303 4404//215 4548//1304
f 4548//1304 4405//216 4549//1305
f 4549//1305 4406//625 4550//1306
f 4406//625 4552//1308 4550//1306
f 4552//1308 4410//629 4554//1310
f 4554//1310 4411//336 4555//1311
f 4555//1311 4412//630 4556//1312
f 4556//1312 4409//628 4553//1309
f 4409//628 4551//1307 4553//1309
f 4551//1307 4413//337 4557//1313
f 4557//1313 4414//225 4558//1314
f 4558//1314 4415//226 4559//1315
f 4559//1315 4416//227 4560//1316
f 4560//1316 4417//228 4561//1317
f 4561//1317 4418//939 4562//1318
f 4562//1318 4420//940 4564//1320
f 4564//1320 4422//635 4566//1322
f 4566//1322 4423//344 4567//1323
f 4567//1323 4424//636 4568//1324
f 4568//1324 4421//634 4565//1321
f 4421//634 4563//1319 4565//1321
f 4563//1319 4425//345 4569//1325
f 4569//1325 4426//237 4570//1326
f 4570//1326 4427//238 4571//1327
f 4571//1327 4428//239 4572//1328
f 4572//1328 4429//240 4573//1329
f 4573//1329 4430//637 4574//1330
f 4574//1330 4432//639 4576//1332
f 4576//1332 4434//641 4578//1334
f 4578//1334 4435//352 4579//1335
f 4579//1335 4436//642 4580//1336
f 4580//1336 4433//640 4577//1333
f 4433//640 4575//1331 4577//1333
f 4575//1331 4437//353 4581//1337
f 4581//1337 4438//249 4582//1338
f 4582//1338 4439//250 4583//1339
f 4583//1339 4440//251 4584//1340
f 4584//1340 4441//252 4585//1341
f 4585//1341 4442//643 4586//1342
f 4442//643 4588//1344 4586//1342
f 4588//1344 4446//647 4590//1346
f 4590//1346 4447//360 4591//1347
f 4591//1347 4448//648 4592//1348
f 4592//1348 4445//646 4589//1345
f 4445//646 4587//1343 4589//1345
f 4587//1343 4449//361 4593//1349
f 4593//1349 4450//261 4594//1350
f 4594//1350 4451//262 4595//1351
f 4595//1351 4452//263 4596//1352
f 4596//1352 4453//264 4597//1353
f 4597//1353 4454//943 4598//1354
f 4598//1354 4456//944 4600//1356
f 4600//1356 4458//653 4602//1358
f 4602//1358 4459//368 4603//1359
f 4603//1359 4460//654 4604//1360
f 4604//1360 4457//652 4601//1357
f 4457//652 4599//1355 4601//1357
f 4599//1355 4461//369 4605//1361
f 4605//1361 4462//273 4606//1362
f 4606//1362 4463//274 4607//1363
f 4607//1363 4464//275 4608//1364
f 1//1 145//145 288//288
f 145//145 1//1 2//2
f 2//2 4//4 148//148
f 148//148 4//4 6//6
f 150//150 6//6 7//7
f 151//151 7//7 8//8
f 152//152 8//8 5//5
f 5//5 3//3 147//147
f 147//147 3//3 9//9
f 153//153 9//9 10//10
f 154//154 10//10 11//11
f 155//155 11//11 12//12
f 156//156 12//12 13//13
f 157//157 13//13 14//14
f 14//14 16//16 160//160
f 160//160 16//16 18//18
f 162//162 18//18 19//19
f 163//163 19//19 20//20
f 164//164 20//20 17//17
f 17//17 15//15 159//159
f 159//159 15//15 21//21
f 165//165 21//21 22//22
f 166//166 22//22 23//23
f 167//167 23//23 24//24
f 168//168 24//24 25//25
f 169//169 25//25 26//26
f 26//26 28//28 172//172
f 172//172 28//28 30//30
f 174//174 30//30 31//31
f 175//175 31//31 32//32
f 176//176 32//32 29//29
f 29//29 27//27 171//171
f 171//171 27//27 33//33
f 177//177 33//33 34//34
f 178//178 34//34 35//35
f 179//179 35//35 36//36
f 180//180 36//36 37//37
f 181//181 37//37 38//38
f 38//38 40//40 184//184
f 184//184 40//40 42//42
f 186//186 42//42 43//43
f 187//187 43//43 44//44
f 188//188 44//44 41//41
f 41//41 39//39 183//183
f 183//183 39//39 45//45
f 189//189 45//45 46//46
f 190//190 46//46 47//47
f 191//191 47//47 48//48
f 192//192 48//48 49//49
f 193//193 49//49 50//50
f 50//50 52//52 196//196
f 196//196 52//52 54//54
f 198//198 54//54 55//55
f 199//199 55//55 56//56
f 200//200 56//56 53//53
f 53//53 51//51 195//195
f 195//195 51//51 57//57
f 201//201 57//57 58//58
f 202//202 58//58 59//59
f 203//203 59//59 60//60
f 204//204 60//60 61//61
f 205//205 61//61 62//62
f 62//62 64//64 208//208
f 208//208 64//64 66//66
f 210//210 66//66 67//67
f 211//211 67//67 68//68
f 212//212 68//68 65//65
f 65//65 63//63 207//207
f 207//207 63//63 69//69
f 213//213 69//69 70//70
f 214//214 70//70 71//71
f 215//215 71//71 72//72
f 216//216 72//72 73//73
f 217//217 73//73 74//74
f 74//74 76//76 220//220
f 220//220 76//76 78//78
f 222//222 78//78 79//79
f 223//223 79//79 80//80
f 224//224 80//80 77//77
f 77//77 75//75 219//219
f 219//219 75//75 81//81
f 225//225 81//81 82//82
f 226//226 82//82 83//83
f 227//227 83//83 84//84
f 228//228 84//84 85//85
f 229//229 85//85 86//86
f 86//86 88//88 232//232
f 232//232 88//88 90//90
f 234//234 90//90 91//91
f 235//235 91//91 92//92
f 236//236 92//92 89//89
f 89//89 87//87 231//231
f 231//231 87//87 93//93
f 237//237 93//93 94//94
f 238//238 94//94 95//95
f 239//239 95//95 96//96
f 240//240 96//96 97//97
f 241//241 97//97 98//98
f 98//98 100//100 244//244
f 244//244 100//100 102//102
f 246//246 102//102 103//103
f 247//247 103//103 104//104
f 248//248 104//104 101//101
f 101//101 99//99 243//243
f 243//243 99//99 105//105
f 249//249 105//105 106//106
f 250//250 106//106 107//107
f 251//251 107//107 108//108
f 252//252 108//108 109//109
f 253//253 109//109 110//110
f 110//110 112//112 256//256
f 256//256 112//112 114//114
f 258//258 114//114 115//115
f 259//259 115//115 116//116
f 260//260 116//116 113//113
f 113//113 111//111 255//255
f 255//255 111//111 117//117
f 261//261 117//117 118//118
f 262//262 118//118 119//119
f 263//263 119//119 120//120
f 264//264 120//120 121//121
f 265//265 121//121 122//122
f 122//122 124//124 268//268
f 268//268 124//124 126//126
f 270//270 126//126 127//127
f 271//271 127//127 128//128
f 272//272 128//128 125//125
f 125//125 123//123 267//267
f 267//267 123//123 129//129
f 273//273 129//129 130//130
f 274//274 130//130 131//131
f 275//275 131//131 132//132
f 276//276 132//132 133//133
f 277//277 133//133 134//134
f 134//134 136//136 280//280
f 280//280 136//136 138//138
f 282//282 138//138 139//139
f 283//283 139//139 140//140
f 284//284 140//140 137//137
f 137//137 135//135 279//279
f 279//279 135//135 141//141
f 285//285 141//141 142//142
f 286//286 142//142 143//143
f 287//287 143//143 144//144
f 145//145 289//289 432//151
f 289//289 145//145 146//146
f 146//146 148//148 292//292
f 292//292 148//148 150//150
f 294//294 150//150 151//151
f 295//154 151//151 152//152
f 296//295 152//152 149//149
f 149//149 147//147 291//291
f 291//291 147//147 153//153
f 297//156 153//153 154//154
f 298//157 154//154 155//155
f 299//296 155//155 156//156
f 300//163 156//156 157//157
f 301//297 157//157 158//158
f 158//158 160//160 304//300
f 304//300 160//160 162//162
f 306//302 162//162 163//163
f 307//166 163//163 164//164
f 308//303 164//164 161//161
f 161//161 159//159 303//299
f 303//299 159//159 165//165
f 309//168 165//165 166//166
f 310//169 166//166 167//167
f 311//304 167//167 168//168
f 312//175 168//168 169//169
f 313//305 169//169 170//170
f 170//170 172//172 316//308
f 316//308 172//172 174//174
f 318//310 174//174 175//175
f 319//178 175//175 176//176
f 320//311 176//176 173//173
f 173//173 171//171 315//307
f 315//307 171//171 177//177
f 321//180 177//177 178//178
f 322//181 178//178 179//179
f 323//312 179//179 180//180
f 324//187 180//180 181//181
f 325//313 181//181 182//182
f 182//182 184//184 328//316
f 328//316 184//184 186//186
f 330//318 186//186 187//187
f 331//190 187//187 188//188
f 332//319 188//188 185//185
f 185//185 183//183 327//315
f 327//315 183//183 189//189
f 333//192 189//189 190//190
f 334//193 190//190 191//191
f 335//320 191//191 192//192
f 336//199 192//192 193//193
f 337//321 193//193 194//194
f 194//194 196//196 340//324
f 340//324 196//196 198//198
f 342//326 198//198 199//199
f 343//202 199//199 200//200
f 344//327 200//200 197//197
f 197//197 195//195 339//323
f 339//323 195//195 201//201
f 345//204 201//201 202//202
f 346//205 202//202 203//203
f 347//328 203//203 204//204
f 348//211 204//204 205//205
f 349//329 205//205 206//206
f 206//206 208//208 352//332
f 352//332 208//208 210//210
f 354//334 210//210 211//211
f 355//214 211//211 212//212
f 356//335 212//212 209//209
f 209//209 207//207 351//331
f 351//331 207//207 213//213
f 357//216 213//213 214//214
f 358//217 214//214 215//215
f 359//336 215//215 216//216
f 360//223 216//216 217//217
f 361//337 217//217 218//218
f 218//218 220//220 364//340
f 364//340 220//220 222//222
f 366//342 222//222 223//223
f 367//226 223//223 224//224
f 368//343 224//224 221//221
f 221//221 219//219 363//339
f 363//339 219//219 225//225
f 369//228 225//225 226//226
f 370//229 226//226 227//227
f 371//344 227//227 228//228
f 372//235 228//228 229//229
f 373//345 229//229 230//230
f 230//230 232//232 376//348
f 376//348 232//232 234//234
f 378//350 234//234 235//235
f 379//238 235//235 236//236
f 380//351 236//236 233//233
f 233//233 231//231 375//347
f 375//347 231//231 237//237
f 381//240 237//237 238//238
f 382//241 238//238 239//239
f 383//352 239//239 240//240
f 384//247 240//240 241//241
f 385//353 241//241 242//242
f 242//242 244//244 388//356
f 388//356 244//244 246//246
f 390//358 246//246 247//247
f 391//250 247//247 248//248
f 392//359 248//248 245//245
f 245//245 243//243 387//355
f 387//355 243//243 249//249
f 393//252 249//249 250//250
f 394//253 250//250 251//251
f 395//360 251//251 252//252
f 396//259 252//252 253//253
f 397//361 253//253 254//254
f 254//254 256//256 400//364
f 400//364 256//256 258//258
f 402//366 258//258 259//259
f 403//262 259//259 260//260
f 404//367 260//260 257//257
f 257//257 255//255 399//363
f 399//363 255//255 261//261
f 405//264 261//261 262//262
f 406//265 262//262 263//263
f 407//368 263//263 264//264
f 408//271 264//264 265//265
f 409//369 265//265 266//266
f 266//266 268//268 412//372
f 412//372 268//268 270//270
f 414//374 270//270 271//271
f 415//274 271//271 272//272
f 416//375 272//272 269//269
f 269//269 267//267 411//371
f 411//371 267//267 273//273
f 417//276 273//273 274//274
f 418//277 274//274 275//275
f 419//376 275//275 276//276
f 420//283 276//276 277//277
f 421//377 277//277 278//278
f 278//278 280//280 424//380
f 424//380 280//280 282//282
f 426//382 282//282 283//283
f 427//286 283//283 284//284
f 428//383 284//284 281//281
f 281//281 279//279 423//379
f 423//379 279//279 285//285
f 429//288 285//285 286//286
f 430//145 286//286 287//287
f 431//384 287//287 288//288
f 289//289 433//155 576//154
f 433//155 289//289 290//290
f 290//290 292//292 436//387
f 436//387 292//292 294//294
f 438//389 294//294 295//154
f 439//157 295//154 296//295
f 440//390 296//295 293//293
f 293//293 291//291 435//386
f 435//386 291//291 297//156
f 441//163 297//156 298//157
f 442//297 298//157 299//296
f 443//165 299//296 300//163
f 444//166 300//163 301//297
f 445//167 301//297 302//298
f 302//298 304//300 448//393
f 448//393 304//300 306//302
f 450//395 306//302 307//166
f 451//169 307//166 308//303
f 452//396 308//303 305//301
f 305//301 303//299 447//392
f 447//392 303//299 309//168
f 453//175 309//168 310//169
f 454//305 310//169 311//304
f 455//177 311//304 312//175
f 456//178 312//175 313//305
f 457//179 313//305 314//306
f 314//306 316//308 460//399
f 460//399 316//308 318//310
f 462//401 318//310 319//178
f 463//181 319//178 320//311
f 464//402 320//311 317//309
f 317//309 315//307 459//398
f 459//398 315//307 321//180
f 465//187 321//180 322//181
f 466//313 322//181 323//312
f 467//189 323//312 324//187
f 468//190 324//187 325//313
f 469//191 325//313 326//314
f 326//314 328//316 472//405
f 472//405 328//316 330//318
f 474//407 330//318 331//190
f 475//193 331//190 332//319
f 476//408 332//319 329//317
f 329//317 327//315 471//404
f 471//404 327//315 333//192
f 477//199 333//192 334//193
f 478//321 334//193 335//320
f 479//201 335//320 336//199
f 480//202 336//199 337//321
f 481//203 337//321 338//322
f 338//322 340//324 484//411
f 484//411 340//324 342//326
f 486//413 342//326 343//202
f 487//205 343//202 344//327
f 488//414 344//327 341//325
f 341//325 339//323 483//410
f 483//410 339//323 345//204
f 489//211 345//204 346//205
f 490//329 346//205 347//328
f 491//213 347//328 348//211
f 492//214 348//211 349//329
f 493//215 349//329 350//330
f 350//330 352//332 496//417
f 496//417 352//332 354//334
f 498//419 354//334 355//214
f 499//217 355//214 356//335
f 500//420 356//335 353//333
f 353//333 351//331 495//416
f 495//416 351//331 357//216
f 501//223 357//216 358//217
f 502//337 358//217 359//336
f 503//225 359//336 360//223
f 504//226 360//223 361//337
f 505//227 361//337 362//338
f 362//338 364//340 508//423
f 508//423 364//340 366//342
f 510//425 366//342 367//226
f 511//229 367//226 368//343
f 512//426 368//343 365//341
f 365//341 363//339 507//422
f 507//422 363//339 369//228
f 513//235 369//228 370//229
f 514//345 370//229 371//344
f 515//237 371//344 372//235
f 516//238 372//235 373//345
f 517//239 373//345 374//346
f 374//346 376//348 520//429
f 520//429 376//348 378//350
f 522//431 378//350 379//238
f 523//241 379//238 380//351
f 524//432 380//351 377//349
f 377//349 375//347 519//428
f 519//428 375//347 381//240
f 525//247 381//240 382//241
f 526//353 382//241 383//352
f 527//249 383//352 384//247
f 528//250 384//247 385//353
f 529//251 385//353 386//354
f 386//354 388//356 532//435
f 532//435 388//356 390//358
f 534//437 390//358 391//250
f 535//253 391//250 392//359
f 536//438 392//359 389//357
f 389//357 387//355 531//434
f 531//434 387//355 393//252
f 537//259 393//252 394//253
f 538//361 394//253 395//360
f 539//261 395//360 396//259
f 540//262 396//259 397//361
f 541//263 397//361 398//362
f 398//362 400//364 544//441
f 544//441 400//364 402//366
f 546//443 402//366 403//262
f 547//265 403//262 404//367
f 548//444 404//367 401//365
f 401//365 399//363 543//440
f 543//440 399//363 405//264
f 549//271 405//264 406//265
f 550//369 406//265 407//368
f 551//273 407//368 408//271
f 552//274 408//271 409//369
f 553//275 409//369 410//370
f 410//370 412//372 556//447
f 556//447 412//372 414//374
f 558//449 414//374 415//274
f 559//277 415//274 416//375
f 560//450 416//375 413//373
f 413//373 411//371 555//446
f 555//446 411//371 417//276
f 561//283 417//276 418//277
f 562//377 418//277 419//376
f 563//285 419//376 420//283
f 564//286 420//283 421//377
f 565//287 421//377 422//378
f 422//378 424//380 568//453
f 568//453 424//380 426//382
f 570//455 426//382 427//286
f 571//145 427//286 428//383
f 572//456 428//383 425//381
f 425//381 423//379 567//452
f 567//452 423//379 429//288
f 573//151 429//288 430//145
f 574//289 430//145 431//384
f 575//153 431//384 432//151
f 433//155 577//296 720//157
f 577//296 433//155 434//385
f 578//457 434//385 436//387
f 580//459 436//387 438//389
f 582//461 438//389 439//157
f 583//297 439//157 440//390
f 584//462 440//390 437//388
f 581//460 437//388 435//386
f 579//458 435//386 441//163
f 585//166 441//163 442//297
f 586//167 442//297 443//165
f 587//168 443//165 444//166
f 588//169 444//166 445//167
f 589//304 445//167 446//391
f 446//391 448//393 592//465
f 592//465 448//393 450//395
f 594//467 450//395 451//169
f 595//305 451//169 452//396
f 596//468 452//396 449//394
f 449//394 447//392 591//464
f 591//464 447//392 453//175
f 597//178 453//175 454//305
f 598//179 454//305 455//177
f 599//180 455//177 456//178
f 600//181 456//178 457//179
f 601//312 457//179 458//397
f 458//397 460//399 604//471
f 604//471 460//399 462//401
f 606//473 462//401 463//181
f 607//313 463//181 464//402
f 608//474 464//402 461//400
f 461//400 459//398 603//470
f 603//470 459//398 465//187
f 609//190 465//187 466//313
f 610//191 466//313 467//189
f 611//192 467//189 468//190
f 612//193 468//190 469//191
f 613//320 469//191 470//403
f 614//475 470//403 472//405
f 616//477 472//405 474//407
f 618//479 474//407 475//193
f 619//321 475//193 476//408
f 620//480 476//408 473//406
f 617//478 473//406 471//404
f 615//476 471//404 477//199
f 621//202 477//199 478//321
f 622//203 478//321 479//201
f 623//204 479//201 480//202
f 624//205 480//202 481//203
f 625//328 481//203 482//409
f 482//409 484//411 628//483
f 628//483 484//411 486//413
f 630//485 486//413 487//205
f 631//329 487//205 488//414
f 632//486 488//414 485//412
f 485//412 483//410 627//482
f 627//482 483//410 489//211
f 633//214 489//211 490//329
f 634//215 490//329 491//213
f 635//216 491//213 492//214
f 636//217 492//214 493//215
f 637//336 493//215 494//415
f 494//415 496//417 640//489
f 640//489 496//417 498//419
f 642//491 498//419 499//217
f 643//337 499//217 500//420
f 644//492 500//420 497//418
f 497//418 495//416 639//488
f 639//488 495//416 501//223
f 645//226 501//223 502//337
f 646//227 502//337 503//225
f 647//228 503//225 504//226
f 648//229 504//226 505//227
f 649//344 505//227 506//421
f 650//493 506//421 508//423
f 652//495 508//423 510//425
f 654//497 510//425 511//229
f 655//345 511//229 512//426
f 656//498 512//426 509//424
f 653//496 509//424 507//422
f 651//494 507//422 513//235
f 657//238 513//235 514//345
f 658//239 514//345 515//237
f 659//240 515//237 516//238
f 660//241 516//238 517//239
f 661//352 517//239 518//427
f 518//427 520//429 664//501
f 664//501 520//429 522//431
f 666//503 522//431 523//241
f 667//353 523//241 524//432
f 668//504 524//432 521//430
f 521//430 519//428 663//500
f 663//500 519//428 525//247
f 669//250 525//247 526//353
f 670//251 526//353 527//249
f 671//252 527//249 528//250
f 672//253 528//250 529//251
f 673//360 529//251 530//433
f 530//433 532//435 676//507
f 676//507 532//435 534//437
f 678//509 534//437 535//253
f 679//361 535//253 536//438
f 680//510 536//438 533//436
f 533//436 531//434 675//506
f 675//506 531//434 537//259
f 681//262 537//259 538//361
f 682//263 538//361 539//261
f 683//264 539//261 540//262
f 684//265 540//262 541//263
f 685//368 541//263 542//439
f 686//511 542//439 544//441
f 688//513 544//441 546//443
f 690//515 546//443 547//265
f 691//369 547//265 548//444
f 692//516 548//444 545//442
f 689//514 545//442 543//440
f 687//512 543//440 549//271
f 693//274 549//271 550//369
f 694//275 550//369 551//273
f 695//276 551//273 552//274
f 696//277 552//274 553//275
f 697//376 553//275 554//445
f 554//445 556//447 700//519
f 700//519 556//447 558//449
f 702//521 558//449 559//277
f 703//377 559//277 560//450
f 704//522 560//450 557//448
f 557//448 555//446 699//518
f 699//518 555//446 561//283
f 705//286 561//283 562//377
f 706//287 562//377 563//285
f 707//288 563//285 564//286
f 708//145 564//286 565//287
f 709//384 565//287 566//451
f 566//451 568//453 712//525
f 712//525 568//453 570//455
f 714//527 570//455 571//145
f 715//289 571//145 572//456
f 716//528 572//456 569//454
f 569//454 567//452 711//524
f 711//524 567//452 573//151
f 717//154 573//151 574//289
f 718//155 574//289 575//153
f 719//156 575//153 576//154
f 577//296 721//165 864//297
f 721//165 577//296 578//457
f 578//457 580//459 724//531
f 724//531 580//459 582//461
f 726//533 582//461 583//297
f 727//167 583//297 584//462
f 728//534 584//462 581//460
f 581//460 579//458 723//530
f 723//530 579//458 585//166
f 729//169 585//166 586//167
f 730//304 586//167 587//168
f 731//175 587//168 588//169
f 732//305 588//169 589//304
f 733//177 589//304 590//463
f 590//463 592//465 736//537
f 736//537 592//465 594//467
f 738//539 594//467 595//305
f 739//179 595//305 596//468
f 740//540 596//468 593//466
f 593//466 591//464 735//536
f 735//536 591//464 597//178
f 741//181 597//178 598//179
f 742//312 598//179 599//180
f 743//187 599//180 600//181
f 744//313 600//181 601//312
f 745//189 601//312 602//469
f 602//469 604//471 748//543
f 748//543 604//471 606//473
f 750//545 606//473 607//313
f 751//191 607//313 608//474
f 752//546 608//474 605//472
f 749//544 605//472 603//470
f 747//542 603//470 609//190
f 753//193 609//190 610//191
f 754//320 610//191 611//192
f 755//199 611//192 612//193
f 756//321 612//193 613//320
f 757//201 613//320 614//475
f 614//475 616//477 760//549
f 760//549 616//477 618//479
f 762//551 618//479 619//321
f 763//203 619//321 620//480
f 764//552 620//480 617//478
f 617//478 615//476 759//548
f 759//548 615//476 621//202
f 765//205 621//202 622//203
f 766//328 622//203 623//204
f 767//211 623//204 624//205
f 768//329 624//205 625//328
f 769//213 625//328 626//481
f 626//481 628//483 772//555
f 772//555 628//483 630//485
f 774//557 630//485 631//329
f 775//215 631//329 632//486
f 776//558 632//486 629//484
f 629//484 627//482 771//554
f 771//554 627//482 633//214
f 777//217 633//214 634//215
f 778//336 634//215 635//216
f 779//223 635//216 636//217
f 780//337 636//217 637//336
f 781//225 637//336 638//487
f 638//487 640//489 784//561
f 784//561 640//489 642//491
f 786//563 642//491 643//337
f 787//227 643//337 644//492
f 788//564 644//492 641//490
f 785//562 641//490 639//488
f 783//560 639//488 645//226
f 789//229 645//226 646//227
f 790//344 646//227 647//228
f 791//235 647//228 648//229
f 792//345 648//229 649//344
f 793//237 649//344 650//493
f 650//493 652//495 796//567
f 796//567 652//495 654//497
f 798//569 654//497 655//345
f 799//239 655//345 656//498
f 800//570 656//498 653//496
f 653//496 651//494 795//566
f 795//566 651//494 657//238
f 801//241 657//238 658//239
f 802//352 658//239 659//240
f 803//247 659//240 660//241
f 804//353 660//241 661//352
f 805//249 661//352 662//499
f 662//499 664//501 808//573
f 808//573 664//501 666//503
f 810//575 666//503 667//353
f 811//251 667//353 668//504
f 812//576 668//504 665//502
f 665//502 663//500 807//572
f 807//572 663//500 669//250
f 813//253 669//250 670//251
f 814//360 670//251 671//252
f 815//259 671//252 672//253
f 816//361 672//253 673//360
f 817//261 673//360 674//505
f 674//505 676//507 820//579
f 820//579 676//507 678//509
f 822//581 678//509 679//361
f 823//263 679//361 680//510
f 824//582 680//510 677//508
f 821//580 677//508 675//506
f 819//578 675//506 681//262
f 825//265 681//262 682//263
f 826//368 682//263 683//264
f 827//271 683//264 684//265
f 828//369 684//265 685//368
f 829//273 685//368 686//511
f 686//511 688//513 832//585
f 832//585 688//513 690//515
f 834//587 690//515 691//369
f 835//275 691//369 692//516
f 836//588 692//516 689//514
f 689//514 687//512 831//584
f 831//584 687//512 693//274
f 837//277 693//274 694//275
f 838//376 694//275 695//276
f 839//283 695//276 696//277
f 840//377 696//277 697//376
f 841//285 697//376 698//517
f 698//517 700//519 844//591
f 844//591 700//519 702//521
f 846//593 702//521 703//377
f 847//287 703//377 704//522
f 848//594 704//522 701//520
f 701//520 699//518 843//590
f 843//590 699//518 705//286
f 849//145 705//286 706//287
f 850//384 706//287 707//288
f 851//151 707//288 708//145
f 852//289 708//145 709//384
f 853//153 709//384 710//523
f 710//523 712//525 856//597
f 856//597 712//525 714//527
f 858//599 714//527 715//289
f 859//155 715//289 716//528
f 860//600 716//528 713//526
f 857//598 713//526 711//524
f 855//596 711//524 717//154
f 861//157 717//154 718//155
f 862//296 718//155 719//156
f 863//163 719//156 720//157
f 721//165 865//168 1008//167
f 865//168 721//165 722//529
f 866//601 722//529 724//531
f 868//603 724//531 726//533
f 870//605 726//533 727//167
f 871//304 727//167 728//534
f 872//606 728//534 725//532
f 725//532 723//530 867//602
f 867//602 723//530 729//169
f 873//305 729//169 730//304
f 874//177 730//304 731//175
f 875//178 731//175 732//305
f 876//179 732//305 733//177
f 877//180 733//177 734//535
f 734//535 736//537 880//609
f 880//609 736//537 738//539
f 882//611 738//539 739//179
f 883//312 739//179 740//540
f 884//612 740//540 737//538
f 737//538 735//536 879//608
f 879//608 735//536 741//181
f 885//313 741//181 742//312
f 886//189 742//312 743//187
f 887//190 743//187 744//313
f 888//191 744//313 745//189
f 889//192 745//189 746//541
f 890//613 746//541 748//543
f 892//615 748//543 750//545
f 894//617 750//545 751//191
f 895//320 751//191 752//546
f 896//618 752//546 749//544
f 749//544 747//542 891//614
f 891//614 747//542 753//193
f 897//321 753//193 754//320
f 898//201 754//320 755//199
f 899//202 755//199 756//321
f 900//203 756//321 757//201
f 901//204 757//201 758//547
f 902//619 758//547 760//549
f 904//621 760//549 762//551
f 906//623 762//551 763//203
f 907//328 763//203 764//552
f 908//624 764//552 761//550
f 761//550 759//548 903//620
f 903//620 759//548 765//205
f 909//329 765//205 766//328
f 910//213 766//328 767//211
f 911//214 767//211 768//329
f 912//215 768//329 769//213
f 913//216 769//213 770//553
f 770//553 772//555 916//627
f 916//627 772//555 774//557
f 918//629 774//557 775//215
f 919//336 775//215 776//558
f 920//630 776//558 773//556
f 773//556 771//554 915//626
f 915//626 771//554 777//217
f 921//337 777//217 778//336
f 922//225 778//336 779//223
f 923//226 779//223 780//337
f 924//227 780//337 781//225
f 925//228 781//225 782//559
f 926//631 782//559 784//561
f 928//633 784//561 786//563
f 930//635 786//563 787//227
f 931//344 787//227 788//564
f 932//636 788//564 785//562
f 785//562 783//560 927//632
f 927//632 783//560 789//229
f 933//345 789//229 790//344
f 934//237 790//344 791//235
f 935//238 791//235 792//345
f 936//239 792//345 793//237
f 937//240 793//237 794//565
f 938//637 794//565 796//567
f 940//639 796//567 798//569
f 942//641 798//569 799//239
f 943//352 799//239 800//570
f 944//642 800//570 797//568
f 797//568 795//566 939//638
f 939//638 795//566 801//241
f 945//353 801//241 802//352
f 946//249 802//352 803//247
f 947//250 803//247 804//353
f 948//251 804//353 805//249
f 949//252 805//249 806//571
f 806//571 808//573 952//645
f 952//645 808//573 810//575
f 954//647 810//575 811//251
f 955//360 811//251 812//576
f 956//648 812//576 809//574
f 809//574 807//572 951//644
f 951//644 807//572 813//253
f 957//361 813//253 814//360
f 958//261 814//360 815//259
f 959//262 815//259 816//361
f 960//263 816//361 817//261
f 961//264 817//261 818//577
f 962//649 818//577 820//579
f 964//651 820//579 822//581
f 966//653 822//581 823//263
f 967//368 823//263 824//582
f 968//654 824//582 821//580
f 821//580 819//578 963//650
f 963//650 819//578 825//265
f 969//369 825//265 826//368
f 970//273 826//368 827//271
f 971//274 827//271 828//369
f 972//275 828//369 829//273
f 973//276 829//273 830//583
f 974//655 830//583 832//585
f 976//657 832//585 834//587
f 978//659 834//587 835//275
f 979//376 835//275 836//588
f 980//660 836//588 833//586
f 833//586 831//584 975//656
f 975//656 831//584 837//277
f 981//377 837//277 838//376
f 982//285 838//376 839//283
f 983//286 839//283 840//377
f 984//287 840//377 841//285
f 985//288 841//285 842//589
f 842//589 844//591 988//663
f 988//663 844//591 846//593
f 990//665 846//593 847//287
f 991//384 847//287 848//594
f 992//666 848//594 845//592
f 845//592 843//590 987//662
f 987//662 843//590 849//145
f 993//289 849//145 850//384
f 994//153 850//384 851//151
f 995//154 851//151 852//289
f 996//155 852//289 853//153
f 997//156 853//153 854//595
f 998//667 854//595 856//597
f 1000//669 856//597 858//599
f 1002//671 858//599 859//155
f 1003//296 859//155 860//600
f 1004//672 860//600 857//598
f 857//598 855//596 999//668
f 999//668 855//596 861//157
f 1005//297 861//157 862//296
f 1006//165 862//296 863//163
f 1007//166 863//163 864//297
f 865//168 1009//175 1152//304
f 1009//175 865//168 866//601
f 1010//673 866//601 868//603
f 1012//675 868//603 870//605
f 1014//677 870//605 871//304
f 1015//177 871//304 872//606
f 1016//678 872//606 869//604
f 869//604 867//602 1011//674
f 1011//674 867//602 873//305
f 1017//179 873//305 874//177
f 1018//180 874//177 875//178
f 1019//181 875//178 876//179
f 1020//312 876//179 877//180
f 1021//187 877//180 878//607
f 878//607 880//609 1024//681
f 1024//681 880//609 882//611
f 1026//683 882//611 883//312
f 1027//189 883//312 884//612
f 1028//684 884//612 881//610
f 881//610 879//608 1023//680
f 1023//680 879//608 885//313
f 1029//191 885//313 886//189
f 1030//192 886//189 887//190
f 1031//193 887//190 888//191
f 1032//320 888//191 889//192
f 1033//199 889//192 890//613
f 1034//685 890//613 892//615
f 1036//687 892//615 894//617
f 1038//689 894//617 895//320
f 1039//201 895//320 896//618
f 1040//690 896//618 893//616
f 893//616 891//614 1035//686
f 1035//686 891//614 897//321
f 1041//203 897//321 898//201
f 1042//204 898//201 899//202
f 1043//205 899//202 900//203
f 1044//328 900//203 901//204
f 1045//211 901//204 902//619
f 1046//691 902//619 904//621
f 1048//693 904//621 906//623
f 1050//695 906//623 907//328
f 1051//213 907//328 908//624
f 1052//696 908//624 905//622
f 905//622 903//620 1047//692
f 1047//692 903//620 909//329
f 1053//215 909//329 910//213
f 1054//216 910//213 911//214
f 1055//217 911//214 912//215
f 1056//336 912//215 913//216
f 1057//223 913//216 914//625
f 914//625 916//627 1060//699
f 1060//699 916//627 918//629
f 1062//701 918//629 919//336
f 1063//225 919//336 920//630
f 1064//702 920//630 917//628
f 917//628 915//626 1059//698
f 1059//698 915//626 921//337
f 1065//227 921//337 922//225
f 1066//228 922//225 923//226
f 1067//229 923//226 924//227
f 1068//344 924//227 925//228
f 1069//235 925//228 926//631
f 1070//703 926//631 928//633
f 1072//705 928//633 930//635
f 1074//707 930//635 931//344
f 1075//237 931//344 932//636
f 1076//708 932//636 929//634
f 929//634 927//632 1071//704
f 1071//704 927//632 933//345
f 1077//239 933//345 934//237
f 1078//240 934//237 935//238
f 1079//241 935//238 936//239
f 1080//352 936//239 937//240
f 1081//247 937//240 938//637
f 1082//709 938//637 940//639
f 1084//711 940//639 942//641
f 1086//713 942//641 943//352
f 1087//249 943//352 944//642
f 1088//714 944//642 941//640
f 941//640 939//638 1083//710
f 1083//710 939//638 945//353
f 1089//251 945//353 946//249
f 1090//252 946//249 947//250
f 1091//253 947//250 948//251
f 1092//360 948//251 949//252
f 1093//259 949//252 950//643
f 950//643 952//645 1096//717
f 1096//717 952//645 954//647
f 1098//719 954//647 955//360
f 1099//261 955//360 956//648
f 1100//720 956//648 953//646
f 953//646 951//644 1095//716
f 1095//716 951//644 957//361
f 1101//263 957//361 958//261
f 1102//264 958//261 959//262
f 1103//265 959//262 960//263
f 1104//368 960//263 961//264
f 1105//271 961//264 962//649
f 1106//721 962//649 964//651
f 1108//723 964//651 966//653
f 1110//725 966//653 967//368
f 1111//273 967//368 968//654
f 1112//726 968//654 965//652
f 965//652 963//650 1107//722
f 1107//722 963//650 969//369
f 1113//275 969//369 970//273
f 1114//276 970//273 971//274
f 1115//277 971//274 972//275
f 1116//376 972//275 973//276
f 1117//283 973//276 974//655
f 1118//727 974//655 976//657
f 1120//729 976//657 978//659
f 1122//731 978//659 979//376
f 1123//285 979//376 980//660
f 1124//732 980//660 977//658
f 977//658 975//656 1119//728
f 1119//728 975//656 981//377
f 1125//287 981//377 982//285
f 1126//288 982//285 983//286
f 1127//145 983//286 984//287
f 1128//384 984//287 985//288
f 1129//151 985//288 986//661
f 986//661 988//663 1132//735
f 1132//735 988//663 990//665
f 1134//737 990//665 991//384
f 1135//153 991//384 992//666
f 1136//738 992//666 989//664
f 989//664 987//662 1131//734
f 1131//734 987//662 993//289
f 1137//155 993//289 994//153
f 1138//156 994//153 995//154
f 1139//157 995//154 996//155
f 1140//296 996//155 997//156
f 1141//163 997//156 998//667
f 1142//739 998//667 1000//669
f 1144//741 1000//669 1002//671
f 1146//743 1002//671 1003//296
f 1147//165 1003//296 1004//672
f 1148//744 1004//672 1001//670
f 1001//670 999//668 1143//740
f 1143//740 999//668 1005//297
f 1149//167 1005//297 1006//165
f 1150//168 1006//165 1007//166
f 1151//169 1007//166 1008//167
f 1009//175 1153//178 1296//177
f 1153//178 1009//175 1010//673
f 1154//745 1010//673 1012//675
f 1156//747 1012//675 1014//677
f 1158//749 1014//677 1015//177
f 1159//180 1015//177 1016//678
f 1160//750 1016//678 1013//676
f 1013//676 1011//674 1155//746
f 1155//746 1011//674 1017//179
f 1161//312 1017//179 1018//180
f 1162//187 1018//180 1019//181
f 1163//313 1019//181 1020//312
f 1164//189 1020//312 1021//187
f 1165//190 1021//187 1022//679
f 1022//679 1024//681 1168//753
f 1168//753 1024//681 1026//683
f 1170//755 1026//683 1027//189
f 1171//192 1027//189 1028//684
f 1172//756 1028//684 1025//682
f 1025//682 1023//680 1167//752
f 1167//752 1023//680 1029//191
f 1173//320 1029//191 1030//192
f 1174//199 1030//192 1031//193
f 1175//321 1031//193 1032//320
f 1176//201 1032//320 1033//199
f 1177//202 1033//199 1034//685
f 1034//685 1036//687 1180//759
f 1180//759 1036//687 1038//689
f 1182//761 1038//689 1039//201
f 1183//204 1039//201 1040//690
f 1184//762 1040//690 1037//688
f 1181//760 1037//688 1035//686
f 1179//758 1035//686 1041//203
f 1185//328 1041//203 1042//204
f 1186//211 1042//204 1043//205
f 1187//329 1043//205 1044//328
f 1188//213 1044//328 1045//211
f 1189//214 1045//211 1046//691
f 1190//763 1046//691 1048//693
f 1192//765 1048//693 1050//695
f 1194//767 1050//695 1051//213
f 1195//216 1051//213 1052//696
f 1196//768 1052//696 1049//694
f 1049//694 1047//692 1191//764
f 1191//764 1047//692 1053//215
f 1197//336 1053//215 1054//216
f 1198//223 1054//216 1055//217
f 1199//337 1055//217 1056//336
f 1200//225 1056//336 1057//223
f 1201//226 1057//223 1058//697
f 1058//697 1060//699 1204//771
f 1204//771 1060//699 1062//701
f 1206//773 1062//701 1063//225
f 1207//228 1063//225 1064//702
f 1208//774 1064//702 1061//700
f 1061//700 1059//698 1203//770
f 1203//770 1059//698 1065//227
f 1209//344 1065//227 1066//228
f 1210//235 1066//228 1067//229
f 1211//345 1067//229 1068//344
f 1212//237 1068//344 1069//235
f 1213//238 1069//235 1070//703
f 1070//703 1072//705 1216//777
f 1216//777 1072//705 1074//707
f 1218//779 1074//707 1075//237
f 1219//240 1075//237 1076//708
f 1220//780 1076//708 1073//706
f 1217//778 1073//706 1071//704
f 1215//776 1071//704 1077//239
f 1221//352 1077//239 1078//240
f 1222//247 1078//240 1079//241
f 1223//353 1079//241 1080//352
f 1224//249 1080//352 1081//247
f 1225//250 1081//247 1082//709
f 1226//781 1082//709 1084//711
f 1228//783 1084//711 1086//713
f 1230//785 1086//713 1087//249
f 1231//252 1087//249 1088//714
f 1232//786 1088//714 1085//712
f 1085//712 1083//710 1227//782
f 1227//782 1083//710 1089//251
f 1233//360 1089//251 1090//252
f 1234//259 1090//252 1091//253
f 1235//361 1091//253 1092//360
f 1236//261 1092//360 1093//259
f 1237//262 1093//259 1094//715
f 1094//715 1096//717 1240//789
f 1240//789 1096//717 1098//719
f 1242//791 1098//719 1099//261
f 1243//264 1099//261 1100//720
f 1244//792 1100//720 1097//718
f 1097//718 1095//716 1239//788
f 1239//788 1095//716 1101//263
f 1245//368 1101//263 1102//264
f 1246//271 1102//264 1103//265
f 1247//369 1103//265 1104//368
f 1248//273 1104//368 1105//271
f 1249//274 1105//271 1106//721
f 1106//721 1108//723 1252//795
f 1252//795 1108//723 1110//725
f 1254//797 1110//725 1111//273
f 1255//276 1111//273 1112//726
f 1256//798 1112//726 1109//724
f 1253//796 1109//724 1107//722
f 1251//794 1107//722 1113//275
f 1257//376 1113//275 1114//276
f 1258//283 1114//276 1115//277
f 1259//377 1115//277 1116//376
f 1260//285 1116//376 1117//283
f 1261//286 1117//283 1118//727
f 1262//799 1118//727 1120//729
f 1264//801 1120//729 1122//731
f 1266//803 1122//731 1123//285
f 1267//288 1123//285 1124//732
f 1268//804 1124//732 1121//730
f 1121//730 1119//728 1263//800
f 1263//800 1119//728 1125//287
f 1269//384 1125//287 1126//288
f 1270//151 1126//288 1127//145
f 1271//289 1127//145 1128//384
f 1272//153 1128//384 1129//151
f 1273//154 1129//151 1130//733
f 1130//733 1132//735 1276//807
f 1276//807 1132//735 1134//737
f 1278//809 1134//737 1135//153
f 1279//156 1135//153 1136//738
f 1280//810 1136//738 1133//736
f 1133//736 1131//734 1275//806
f 1275//806 1131//734 1137//155
f 1281//296 1137//155 1138//156
f 1282//163 1138//156 1139//157
f 1283//297 1139//157 1140//296
f 1284//165 1140//296 1141//163
f 1285//166 1141//163 1142//739
f 1142//739 1144//741 1288//813
f 1288//813 1144//741 1146//743
f 1290//815 1146//743 1147//165
f 1291//168 1147//165 1148//744
f 1292//816 1148//744 1145//742
f 1289//814 1145//742 1143//740
f 1287//812 1143//740 1149//167
f 1293//304 1149//167 1150//168
f 1294//175 1150//168 1151//169
f 1295//305 1151//169 1152//304
f 1153//178 1297//181 1440//180
f 1297//181 1153//178 1154//745
f 1154//745 1156//747 1300//818
f 1300//818 1156//747 1158//749
f 1302//186 1158//749 1159//180
f 1303//187 1159//180 1160//750
f 1304//188 1160//750 1157//748
f 1157//748 1155//746 1299//183
f 1299//183 1155//746 1161//312
f 1305//189 1161//312 1162//187
f 1306//190 1162//187 1163//313
f 1307//191 1163//313 1164//189
f 1308//192 1164//189 1165//190
f 1309//193 1165//190 1166//751
f 1166//751 1168//753 1312//196
f 1312//196 1168//753 1170//755
f 1314//198 1170//755 1171//192
f 1315//199 1171//192 1172//756
f 1316//200 1172//756 1169//754
f 1169//754 1167//752 1311//195
f 1311//195 1167//752 1173//320
f 1317//201 1173//320 1174//199
f 1318//202 1174//199 1175//321
f 1319//203 1175//321 1176//201
f 1320//204 1176//201 1177//202
f 1321//205 1177//202 1178//757
f 1178//757 1180//759 1324//208
f 1324//208 1180//759 1182//761
f 1326//210 1182//761 1183//204
f 1327//211 1183//204 1184//762
f 1328//212 1184//762 1181//760
f 1181//760 1179//758 1323//207
f 1323//207 1179//758 1185//328
f 1329//213 1185//328 1186//211
f 1330//214 1186//211 1187//329
f 1331//215 1187//329 1188//213
f 1332//216 1188//213 1189//214
f 1333//217 1189//214 1190//763
f 1190//763 1192//765 1336//820
f 1336//820 1192//765 1194//767
f 1338//222 1194//767 1195//216
f 1339//223 1195//216 1196//768
f 1340//224 1196//768 1193//766
f 1193//766 1191//764 1335//219
f 1335//219 1191//764 1197//336
f 1341//225 1197//336 1198//223
f 1342//226 1198//223 1199//337
f 1343//227 1199//337 1200//225
f 1344//228 1200//225 1201//226
f 1345//229 1201//226 1202//769
f 1202//769 1204//771 1348//232
f 1348//232 1204//771 1206//773
f 1350//234 1206//773 1207//228
f 1351//235 1207//228 1208//774
f 1352//236 1208//774 1205//772
f 1205//772 1203//770 1347//231
f 1347//231 1203//770 1209//344
f 1353//237 1209//344 1210//235
f 1354//238 1210//235 1211//345
f 1355//239 1211//345 1212//237
f 1356//240 1212//237 1213//238
f 1357//241 1213//238 1214//775
f 1214//775 1216//777 1360//244
f 1360//244 1216//777 1218//779
f 1362//246 1218//779 1219//240
f 1363//247 1219//240 1220//780
f 1364//248 1220//780 1217//778
f 1217//778 1215//776 1359//243
f 1359//243 1215//776 1221//352
f 1365//249 1221//352 1222//247
f 1366//250 1222//247 1223//353
f 1367//251 1223//353 1224//249
f 1368//252 1224//249 1225//250
f 1369//253 1225//250 1226//781
f 1226//781 1228//783 1372//822
f 1372//822 1228//783 1230//785
f 1374//258 1230//785 1231//252
f 1375//259 1231//252 1232//786
f 1376//260 1232//786 1229//784
f 1229//784 1227//782 1371//255
f 1371//255 1227//782 1233//360
f 1377//261 1233//360 1234//259
f 1378//262 1234//259 1235//361
f 1379//263 1235//361 1236//261
f 1380//264 1236//261 1237//262
f 1381//265 1237//262 1238//787
f 1238//787 1240//789 1384//268
f 1384//268 1240//789 1242//791
f 1386//270 1242//791 1243//264
f 1387//271 1243//264 1244//792
f 1388//272 1244//792 1241//790
f 1241//790 1239//788 1383//267
f 1383//267 1239//788 1245//368
f 1389//273 1245//368 1246//271
f 1390//274 1246//271 1247//369
f 1391//275 1247//369 1248//273
f 1392//276 1248//273 1249//274
f 1393//277 1249//274 1250//793
f 1250//793 1252//795 1396//280
f 1396//280 1252//795 1254//797
f 1398//282 1254//797 1255//276
f 1399//283 1255//276 1256//798
f 1400//284 1256//798 1253//796
f 1253//796 1251//794 1395//279
f 1395//279 1251//794 1257//376
f 1401//285 1257//376 1258//283
f 1402//286 1258//283 1259//377
f 1403//287 1259//377 1260//285
f 1404//288 1260//285 1261//286
f 1405//145 1261//286 1262//799
f 1262//799 1264//801 1408//824
f 1408//824 1264//801 1266//803
f 1410//150 1266//803 1267//288
f 1411//151 1267//288 1268//804
f 1412//152 1268//804 1265//802
f 1265//802 1263//800 1407//147
f 1407//147 1263//800 1269//384
f 1413//153 1269//384 1270//151
f 1414//154 1270//151 1271//289
f 1415//155 1271//289 1272//153
f 1416//156 1272//153 1273//154
f 1417//157 1273//154 1274//805
f 1274//805 1276//807 1420//160
f 1420//160 1276//807 1278//809
f 1422//162 1278//809 1279//156
f 1423//163 1279//156 1280//810
f 1424//164 1280//810 1277//808
f 1277//808 1275//806 1419//159
f 1419//159 1275//806 1281//296
f 1425//165 1281//296 1282//163
f 1426//166 1282//163 1283//297
f 1427//167 1283//297 1284//165
f 1428//168 1284//165 1285//166
f 1429//169 1285//166 1286//811
f 1286//811 1288//813 1432//172
f 1432//172 1288//813 1290//815
f 1434//174 1290//815 1291//168
f 1435//175 1291//168 1292//816
f 1436//176 1292//816 1289//814
f 1289//814 1287//812 1431//171
f 1431//171 1287//812 1293//304
f 1437//177 1293//304 1294//175
f 1438//178 1294//175 1295//305
f 1439//179 1295//305 1296//177
f 1297//181 1441//313 1584//187
f 1441//313 1297//181 1298//817
f 1442//825 1298//817 1300//818
f 1444//826 1300//818 1302//186
f 1446//318 1302//186 1303//187
f 1447//190 1303//187 1304//188
f 1448//319 1304//188 1301//185
f 1301//185 1299//183 1443//315
f 1443//315 1299//183 1305//189
f 1449//192 1305//189 1306//190
f 1450//193 1306//190 1307//191
f 1451//320 1307//191 1308//192
f 1452//199 1308//192 1309//193
f 1453//321 1309//193 1310//194
f 1310//194 1312//196 1456//324
f 1456//324 1312//196 1314//198
f 1458//326 1314//198 1315//199
f 1459//202 1315//199 1316//200
f 1460//327 1316//200 1313//197
f 1313//197 1311//195 1455//323
f 1455//323 1311//195 1317//201
f 1461//204 1317//201 1318//202
f 1462//205 1318//202 1319//203
f 1463//328 1319//203 1320//204
f 1464//211 1320//204 1321//205
f 1465//329 1321//205 1322//206
f 1322//206 1324//208 1468//332
f 1468//332 1324//208 1326//210
f 1470//334 1326//210 1327//211
f 1471//214 1327//211 1328//212
f 1472//335 1328//212 1325//209
f 1325//209 1323//207 1467//827
f 1467//827 1323//207 1329//213
f 1473//216 1329//213 1330//214
f 1474//217 1330//214 1331//215
f 1475//336 1331//215 1332//216
f 1476//223 1332//216 1333//217
f 1477//337 1333//217 1334//819
f 1478//829 1334//819 1336//820
f 1480//830 1336//820 1338//222
f 1482//342 1338//222 1339//223
f 1483//226 1339//223 1340//224
f 1484//343 1340//224 1337//221
f 1337//221 1335//219 1479//339
f 1479//339 1335//219 1341//225
f 1485//228 1341//225 1342//226
f 1486//229 1342//226 1343//227
f 1487//344 1343//227 1344//228
f 1488//235 1344//228 1345//229
f 1489//345 1345//229 1346//230
f 1346//230 1348//232 1492//348
f 1492//348 1348//232 1350//234
f 1494//350 1350//234 1351//235
f 1495//238 1351//235 1352//236
f 1496//351 1352//236 1349//233
f 1349//233 1347//231 1491//347
f 1491//347 1347//231 1353//237
f 1497//240 1353//237 1354//238
f 1498//241 1354//238 1355//239
f 1499//352 1355//239 1356//240
f 1500//247 1356//240 1357//241
f 1501//353 1357//241 1358//242
f 1358//242 1360//244 1504//356
f 1504//356 1360//244 1362//246
f 1506//358 1362//246 1363//247
f 1507//250 1363//247 1364//248
f 1508//359 1364//248 1361//245
f 1361//245 1359//243 1503//831
f 1503//831 1359//243 1365//249
f 1509//252 1365//249 1366//250
f 1510//253 1366//250 1367//251
f 1511//360 1367//251 1368//252
f 1512//259 1368//252 1369//253
f 1513//361 1369//253 1370//821
f 1514//833 1370//821 1372//822
f 1516//834 1372//822 1374//258
f 1518//366 1374//258 1375//259
f 1519//262 1375//259 1376//260
f 1520//367 1376//260 1373//257
f 1373//257 1371//255 1515//363
f 1515//363 1371//255 1377//261
f 1521//264 1377//261 1378//262
f 1522//265 1378//262 1379//263
f 1523//368 1379//263 1380//264
f 1524//271 1380//264 1381//265
f 1525//369 1381//265 1382//266
f 1382//266 1384//268 1528//372
f 1528//372 1384//268 1386//270
f 1530//374 1386//270 1387//271
f 1531//274 1387//271 1388//272
f 1532//375 1388//272 1385//269
f 1385//269 1383//267 1527//371
f 1527//371 1383//267 1389//273
f 1533//276 1389//273 1390//274
f 1534//277 1390//274 1391//275
f 1535//376 1391//275 1392//276
f 1536//283 1392//276 1393//277
f 1537//377 1393//277 1394//278
f 1394//278 1396//280 1540//380
f 1540//380 1396//280 1398//282
f 1542//382 1398//282 1399//283
f 1543//286 1399//283 1400//284
f 1544//383 1400//284 1397//281
f 1397//281 1395//279 1539//835
f 1539//835 1395//279 1401//285
f 1545//288 1401//285 1402//286
f 1546//145 1402//286 1403//287
f 1547//384 1403//287 1404//288
f 1548//151 1404//288 1405//145
f 1549//289 1405//145 1406//823
f 1550//837 1406//823 1408//824
f 1552//838 1408//824 1410//150
f 1554//294 1410//150 1411//151
f 1555//154 1411//151 1412//152
f 1556//295 1412//152 1409//149
f 1409//149 1407//147 1551//291
f 1551//291 1407//147 1413//153
f 1557//156 1413//153 1414//154
f 1558//157 1414//154 1415//155
f 1559//296 1415//155 1416//156
f 1560//163 1416//156 1417//157
f 1561//297 1417//157 1418//158
f 1418//158 1420//160 1564//300
f 1564//300 1420//160 1422//162
f 1566//302 1422//162 1423//163
f 1567//166 1423//163 1424//164
f 1568//303 1424//164 1421//161
f 1421//161 1419//159 1563//299
f 1563//299 1419//159 1425//165
f 1569//168 1425//165 1426//166
f 1570//169 1426//166 1427//167
f 1571//304 1427//167 1428//168
f 1572//175 1428//168 1429//169
f 1573//305 1429//169 1430//170
f 1430//170 1432//172 1576//308
f 1576//308 1432//172 1434//174
f 1578//310 1434//174 1435//175
f 1579//178 1435//175 1436//176
f 1580//311 1436//176 1433//173
f 1433//173 1431//171 1575//839
f 1575//839 1431//171 1437//177
f 1581//180 1437//177 1438//178
f 1582//181 1438//178 1439//179
f 1583//312 1439//179 1440//180
f 1441//313 1585//191 1728//190
f 1585//191 1441//313 1442//825
f 1586//841 1442//825 1444//826
f 1588//843 1444//826 1446//318
f 1590//407 1446//318 1447//190
f 1591//193 1447//190 1448//319
f 1592//408 1448//319 1445//317
f 1445//317 1443//315 1587//842
f 1587//842 1443//315 1449//192
f 1593//199 1449//192 1450//193
f 1594//321 1450//193 1451//320
f 1595//201 1451//320 1452//199
f 1596//202 1452//199 1453//321
f 1597//203 1453//321 1454//322
f 1454//322 1456//324 1600//411
f 1600//411 1456//324 1458//326
f 1602//413 1458//326 1459//202
f 1603//205 1459//202 1460//327
f 1604//414 1460//327 1457//325
f 1457//325 1455//323 1599//410
f 1599//410 1455//323 1461//204
f 1605//211 1461//204 1462//205
f 1606//329 1462//205 1463//328
f 1607//213 1463//328 1464//211
f 1608//214 1464//211 1465//329
f 1609//215 1465//329 1466//330
f 1466//330 1468//332 1612//847
f 1612//847 1468//332 1470//334
f 1614//419 1470//334 1471//214
f 1615//217 1471//214 1472//335
f 1616//420 1472//335 1469//828
f 1613//848 1469//828 1467//827
f 1611//846 1467//827 1473//216
f 1617//223 1473//216 1474//217
f 1618//337 1474//217 1475//336
f 1619//225 1475//336 1476//223
f 1620//226 1476//223 1477//337
f 1621//227 1477//337 1478//829
f 1622//849 1478//829 1480//830
f 1624//851 1480//830 1482//342
f 1626//425 1482//342 1483//226
f 1627//229 1483//226 1484//343
f 1628//426 1484//343 1481//341
f 1481//341 1479//339 1623//850
f 1623//850 1479//339 1485//228
f 1629//235 1485//228 1486//229
f 1630//345 1486//229 1487//344
f 1631//237 1487//344 1488//235
f 1632//238 1488//235 1489//345
f 1633//239 1489//345 1490//346
f 1490//346 1492//348 1636//429
f 1636//429 1492//348 1494//350
f 1638//431 1494//350 1495//238
f 1639//241 1495//238 1496//351
f 1640//432 1496//351 1493//349
f 1493//349 1491//347 1635//428
f 1635//428 1491//347 1497//240
f 1641//247 1497//240 1498//241
f 1642//353 1498//241 1499//352
f 1643//249 1499//352 1500//247
f 1644//250 1500//247 1501//353
f 1645//251 1501//353 1502//354
f 1502//354 1504//356 1648//855
f 1648//855 1504//356 1506//358
f 1650//437 1506//358 1507//250
f 1651//253 1507//250 1508//359
f 1652//438 1508//359 1505//832
f 1649//856 1505//832 1503//831
f 1647//854 1503//831 1509//252
f 1653//259 1509//252 1510//253
f 1654//361 1510//253 1511//360
f 1655//261 1511//360 1512//259
f 1656//262 1512//259 1513//361
f 1657//263 1513//361 1514//833
f 1658//857 1514//833 1516//834
f 1660//859 1516//834 1518//366
f 1662//443 1518//366 1519//262
f 1663//265 1519//262 1520//367
f 1664//444 1520//367 1517//365
f 1517//365 1515//363 1659//858
f 1659//858 1515//363 1521//264
f 1665//271 1521//264 1522//265
f 1666//369 1522//265 1523//368
f 1667//273 1523//368 1524//271
f 1668//274 1524//271 1525//369
f 1669//275 1525//369 1526//370
f 1526//370 1528//372 1672//447
f 1672//447 1528//372 1530//374
f 1674//449 1530//374 1531//274
f 1675//277 1531//274 1532//375
f 1676//450 1532//375 1529//373
f 1529//373 1527//371 1671//446
f 1671//446 1527//371 1533//276
f 1677//283 1533//276 1534//277
f 1678//377 1534//277 1535//376
f 1679//285 1535//376 1536//283
f 1680//286 1536//283 1537//377
f 1681//287 1537//377 1538//378
f 1538//378 1540//380 1684//863
f 1684//863 1540//380 1542//382
f 1686//455 1542//382 1543//286
f 1687//145 1543//286 1544//383
f 1688//456 1544//383 1541//836
f 1685//864 1541//836 1539//835
f 1683//862 1539//835 1545//288
f 1689//151 1545//288 1546//145
f 1690//289 1546//145 1547//384
f 1691//153 1547//384 1548//151
f 1692//154 1548//151 1549//289
f 1693//155 1549//289 1550//837
f 1694//865 1550//837 1552//838
f 1696//867 1552//838 1554//294
f 1698//389 1554//294 1555//154
f 1699//157 1555//154 1556//295
f 1700//390 1556//295 1553//293
f 1553//293 1551//291 1695//866
f 1695//866 1551//291 1557//156
f 1701//163 1557//156 1558//157
f 1702//297 1558//157 1559//296
f 1703//165 1559//296 1560//163
f 1704//166 1560//163 1561//297
f 1705//167 1561//297 1562//298
f 1562//298 1564//300 1708//393
f 1708//393 1564//300 1566//302
f 1710//395 1566//302 1567//166
f 1711//169 1567//166 1568//303
f 1712//396 1568//303 1565//301
f 1565//301 1563//299 1707//392
f 1707//392 1563//299 1569//168
f 1713//175 1569//168 1570//169
f 1714//305 1570//169 1571//304
f 1715//177 1571//304 1572//175
f 1716//178 1572//175 1573//305
f 1717//179 1573//305 1574//306
f 1574//306 1576//308 1720//871
f 1720//871 1576//308 1578//310
f 1722//401 1578//310 1579//178
f 1723//181 1579//178 1580//311
f 1724//402 1580//311 1577//840
f 1721//872 1577//840 1575//839
f 1719//870 1575//839 1581//180
f 1725//187 1581//180 1582//181
f 1726//313 1582//181 1583//312
f 1727//189 1583//312 1584//187
f 1585//191 1729//320 1872//193
f 1729//320 1585//191 1586//841
f 1586//841 1588//843 1732//875
f 1732//875 1588//843 1590//407
f 1734//479 1590//407 1591//193
f 1735//321 1591//193 1592//408
f 1736//480 1592//408 1589//844
f 1589//844 1587//842 1731//874
f 1731//874 1587//842 1593//199
f 1737//202 1593//199 1594//321
f 1738//203 1594//321 1595//201
f 1739//204 1595//201 1596//202
f 1740//205 1596//202 1597//203
f 1741//328 1597//203 1598//409
f 1598//409 1600//411 1744//483
f 1744//483 1600//411 1602//413
f 1746//485 1602//413 1603//205
f 1747//329 1603//205 1604//414
f 1748//486 1604//414 1601//412
f 1601//412 1599//410 1743//877
f 1743//877 1599//410 1605//211
f 1749//214 1605//211 1606//329
f 1750//215 1606//329 1607//213
f 1751//216 1607//213 1608//214
f 1752//217 1608//214 1609//215
f 1753//336 1609//215 1610//845
f 1754//879 1610//845 1612//847
f 1756//881 1612//847 1614//419
f 1758//491 1614//419 1615//217
f 1759//337 1615//217 1616//420
f 1760//492 1616//420 1613//848
f 1757//882 1613//848 1611//846
f 1755//880 1611//846 1617//223
f 1761//226 1617//223 1618//337
f 1762//227 1618//337 1619//225
f 1763//228 1619//225 1620//226
f 1764//229 1620//226 1621//227
f 1765//344 1621//227 1622//849
f 1622//849 1624//851 1768//885
f 1768//885 1624//851 1626//425
f 1770//497 1626//425 1627//229
f 1771//345 1627//229 1628//426
f 1772//498 1628//426 1625//852
f 1625//852 1623//850 1767//884
f 1767//884 1623//850 1629//235
f 1773//238 1629//235 1630//345
f 1774//239 1630//345 1631//237
f 1775//240 1631//237 1632//238
f 1776//241 1632//238 1633//239
f 1777//352 1633//239 1634//427
f 1634//427 1636//429 1780//501
f 1780//501 1636//429 1638//431
f 1782//503 1638//431 1639//241
f 1783//353 1639//241 1640//432
f 1784//504 1640//432 1637//430
f 1637//430 1635//428 1779//887
f 1779//887 1635//428 1641//247
f 1785//250 1641//247 1642//353
f 1786//251 1642//353 1643//249
f 1787//252 1643//249 1644//250
f 1788//253 1644//250 1645//251
f 1789//360 1645//251 1646//853
f 1790//889 1646//853 1648//855
f 1792//891 1648//855 1650//437
f 1794//509 1650//437 1651//253
f 1795//361 1651//253 1652//438
f 1796//510 1652//438 1649//856
f 1793//892 1649//856 1647//854
f 1791//890 1647//854 1653//259
f 1797//262 1653//259 1654//361
f 1798//263 1654//361 1655//261
f 1799//264 1655//261 1656//262
f 1800//265 1656//262 1657//263
f 1801//368 1657//263 1658//857
f 1658//857 1660//859 1804//895
f 1804//895 1660//859 1662//443
f 1806//515 1662//443 1663//265
f 1807//369 1663//265 1664//444
f 1808//516 1664//444 1661//860
f 1661//860 1659//858 1803//894
f 1803//894 1659//858 1665//271
f 1809//274 1665//271 1666//369
f 1810//275 1666//369 1667//273
f 1811//276 1667//273 1668//274
f 1812//277 1668//274 1669//275
f 1813//376 1669//275 1670//445
f 1670//445 1672//447 1816//519
f 1816//519 1672//447 1674//449
f 1818//521 1674//449 1675//277
f 1819//377 1675//277 1676//450
f 1820//522 1676//450 1673//448
f 1673//448 1671//446 1815//897
f 1815//897 1671//446 1677//283
f 1821//286 1677//283 1678//377
f 1822//287 1678//377 1679//285
f 1823//288 1679//285 1680//286
f 1824//145 1680//286 1681//287
f 1825//384 1681//287 1682//861
f 1826//899 1682//861 1684//863
f 1828//901 1684//863 1686//455
f 1830//527 1686//455 1687//145
f 1831//289 1687//145 1688//456
f 1832//528 1688//456 1685//864
f 1829//902 1685//864 1683//862
f 1827//900 1683//862 1689//151
f 1833//154 1689//151 1690//289
f 1834//155 1690//289 1691//153
f 1835//156 1691//153 1692//154
f 1836//157 1692//154 1693//155
f 1837//296 1693//155 1694//865
f 1694//865 1696//867 1840//905
f 1840//905 1696//867 1698//389
f 1842//461 1698//389 1699//157
f 1843//297 1699//157 1700//390
f 1844//462 1700//390 1697//868
f 1697//868 1695//866 1839//904
f 1839//904 1695//866 1701//163
f 1845//166 1701//163 1702//297
f 1846//167 1702//297 1703//165
f 1847//168 1703//165 1704//166
f 1848//169 1704//166 1705//167
f 1849//304 1705//167 1706//391
f 1706//391 1708//393 1852//465
f 1852//465 1708//393 1710//395
f 1854//467 1710//395 1711//169
f 1855//305 1711//169 1712//396
f 1856//468 1712//396 1709//394
f 1709//394 1707//392 1851//907
f 1851//907 1707//392 1713//175
f 1857//178 1713//175 1714//305
f 1858//179 1714//305 1715//177
f 1859//180 1715//177 1716//178
f 1860//181 1716//178 1717//179
f 1861//312 1717//179 1718//869
f 1862//909 1718//869 1720//871
f 1864//911 1720//871 1722//401
f 1866//473 1722//401 1723//181
f 1867//313 1723//181 1724//402
f 1868//474 1724//402 1721//872
f 1865//912 1721//872 1719//870
f 1863//910 1719//870 1725//187
f 1869//190 1725//187 1726//313
f 1870//191 1726//313 1727//189
f 1871//192 1727//189 1728//190
f 1729//320 1873//201 2016//321
f 1873//201 1729//320 1730//873
f 1730//873 1732//875 1876//549
f 1876//549 1732//875 1734//479
f 1878//551 1734//479 1735//321
f 1879//203 1735//321 1736//480
f 1880//552 1736//480 1733//876
f 1877//914 1733//876 1731//874
f 1875//913 1731//874 1737//202
f 1881//205 1737//202 1738//203
f 1882//328 1738//203 1739//204
f 1883//211 1739//204 1740//205
f 1884//329 1740//205 1741//328
f 1885//213 1741//328 1742//481
f 1742//481 1744//483 1888//555
f 1888//555 1744//483 1746//485
f 1890//557 1746//485 1747//329
f 1891//215 1747//329 1748//486
f 1892//558 1748//486 1745//878
f 1889//916 1745//878 1743//877
f 1887//915 1743//877 1749//214
f 1893//217 1749//214 1750//215
f 1894//336 1750//215 1751//216
f 1895//223 1751//216 1752//217
f 1896//337 1752//217 1753//336
f 1897//225 1753//336 1754//879
f 1754//879 1756//881 1900//918
f 1900//918 1756//881 1758//491
f 1902//563 1758//491 1759//337
f 1903//227 1759//337 1760//492
f 1904//564 1760//492 1757//882
f 1901//562 1757//882 1755//880
f 1899//560 1755//880 1761//226
f 1905//229 1761//226 1762//227
f 1906//344 1762//227 1763//228
f 1907//235 1763//228 1764//229
f 1908//345 1764//229 1765//344
f 1909//237 1765//344 1766//883
f 1766//883 1768//885 1912//567
f 1912//567 1768//885 1770//497
f 1914//569 1770//497 1771//345
f 1915//239 1771//345 1772//498
f 1916//570 1772//498 1769//886
f 1913//920 1769//886 1767//884
f 1911//919 1767//884 1773//238
f 1917//241 1773//238 1774//239
f 1918//352 1774//239 1775//240
f 1919//247 1775//240 1776//241
f 1920//353 1776//241 1777//352
f 1921//249 1777//352 1778//499
f 1778//499 1780//501 1924//573
f 1924//573 1780//501 1782//503
f 1926//575 1782//503 1783//353
f 1927//251 1783//353 1784//504
f 1928//576 1784//504 1781//888
f 1925//922 1781//888 1779//887
f 1923//921 1779//887 1785//250
f 1929//253 1785//250 1786//251
f 1930//360 1786//251 1787//252
f 1931//259 1787//252 1788//253
f 1932//361 1788//253 1789//360
f 1933//261 1789//360 1790//889
f 1790//889 1792//891 1936//924
f 1936//924 1792//891 1794//509
f 1938//581 1794//509 1795//361
f 1939//263 1795//361 1796//510
f 1940//582 1796//510 1793//892
f 1937//580 1793//892 1791//890
f 1935//578 1791//890 1797//262
f 1941//265 1797//262 1798//263
f 1942//368 1798//263 1799//264
f 1943//271 1799//264 1800//265
f 1944//369 1800//265 1801//368
f 1945//273 1801//368 1802//893
f 1802//893 1804//895 1948//585
f 1948//585 1804//895 1806//515
f 1950//587 1806//515 1807//369
f 1951//275 1807//369 1808//516
f 1952//588 1808//516 1805//896
f 1949//926 1805//896 1803//894
f 1947//925 1803//894 1809//274
f 1953//277 1809//274 1810//275
f 1954//376 1810//275 1811//276
f 1955//283 1811//276 1812//277
f 1956//377 1812//277 1813//376
f 1957//285 1813//376 1814//517
f 1814//517 1816//519 1960//591
f 1960//591 1816//519 1818//521
f 1962//593 1818//521 1819//377
f 1963//287 1819//377 1820//522
f 1964//594 1820//522 1817//898
f 1961//928 1817//898 1815//897
f 1959//927 1815//897 1821//286
f 1965//145 1821//286 1822//287
f 1966//384 1822//287 1823//288
f 1967//151 1823//288 1824//145
f 1968//289 1824//145 1825//384
f 1969//153 1825//384 1826//899
f 1826//899 1828//901 1972//930
f 1972//930 1828//901 1830//527
f 1974//599 1830//527 1831//289
f 1975//155 1831//289 1832//528
f 1976//600 1832//528 1829//902
f 1973//598 1829//902 1827//900
f 1971//596 1827//900 1833//154
f 1977//157 1833//154 1834//155
f 1978//296 1834//155 1835//156
f 1979//163 1835//156 1836//157
f 1980//297 1836//157 1837//296
f 1981//165 1837//296 1838//903
f 1838//903 1840//905 1984//531
f 1984//531 1840//905 1842//461
f 1986//533 1842//461 1843//297
f 1987//167 1843//297 1844//462
f 1988//534 1844//462 1841//906
f 1985//932 1841//906 1839//904
f 1983//931 1839//904 1845//166
f 1989//169 1845//166 1846//167
f 1990//304 1846//167 1847//168
f 1991//175 1847//168 1848//169
f 1992//305 1848//169 1849//304
f 1993//177 1849//304 1850//463
f 1850//463 1852//465 1996//537
f 1996//537 1852//465 1854//467
f 1998//539 1854//467 1855//305
f 1999//179 1855//305 1856//468
f 2000//540 1856//468 1853//908
f 1997//934 1853//908 1851//907
f 1995//933 1851//907 1857//178
f 2001//181 1857//178 1858//179
f 2002//312 1858//179 1859//180
f 2003//187 1859//180 1860//181
f 2004//313 1860//181 1861//312
f 2005//189 1861//312 1862//909
f 1862//909 1864//911 2008//936
f 2008//936 1864//911 1866//473
f 2010//545 1866//473 1867//313
f 2011//191 1867//313 1868//474
f 2012//546 1868//474 1865//912
f 2009//544 1865//912 1863//910
f 2007//542 1863//910 1869//190
f 2013//193 1869//190 1870//191
f 2014//320 1870//191 1871//192
f 2015//199 1871//192 1872//193
f 1873//201 2017//204 2160//203
f 2017//204 1873//201 1874//547
f 2018//937 1874//547 1876//549
f 2020//938 1876//549 1878//551
f 2022//623 1878//551 1879//203
f 2023//328 1879//203 1880//552
f 2024//624 1880//552 1877//914
f 1877//914 1875//913 2019//620
f 2019//620 1875//913 1881//205
f 2025//329 1881//205 1882//328
f 2026//213 1882//328 1883//211
f 2027//214 1883//211 1884//329
f 2028//215 1884//329 1885//213
f 2029//216 1885//213 1886//553
f 1886//553 1888//555 2032//627
f 2032//627 1888//555 1890//557
f 2034//629 1890//557 1891//215
f 2035//336 1891//215 1892//558
f 2036//630 1892//558 1889//916
f 1889//916 1887//915 2031//626
f 2031//626 1887//915 1893//217
f 2037//337 1893//217 1894//336
f 2038//225 1894//336 1895//223
f 2039//226 1895//223 1896//337
f 2040//227 1896//337 1897//225
f 2041//228 1897//225 1898//917
f 1898//917 1900//918 2044//940
f 2044//940 1900//918 1902//563
f 2046//635 1902//563 1903//227
f 2047//344 1903//227 1904//564
f 2048//636 1904//564 1901//562
f 1901//562 1899//560 2043//632
f 2043//632 1899//560 1905//229
f 2049//345 1905//229 1906//344
f 2050//237 1906//344 1907//235
f 2051//238 1907//235 1908//345
f 2052//239 1908//345 1909//237
f 2053//240 1909//237 1910//565
f 2054//941 1910//565 1912//567
f 2056//942 1912//567 1914//569
f 2058//641 1914//569 1915//239
f 2059//352 1915//239 1916//570
f 2060//642 1916//570 1913//920
f 1913//920 1911//919 2055//638
f 2055//638 1911//919 1917//241
f 2061//353 1917//241 1918//352
f 2062//249 1918//352 1919//247
f 2063//250 1919//247 1920//353
f 2064//251 1920//353 1921//249
f 2065//252 1921//249 1922//571
f 1922//571 1924//573 2068//645
f 2068//645 1924//573 1926//575
f 2070//647 1926//575 1927//251
f 2071//360 1927//251 1928//576
f 2072//648 1928//576 1925//922
f 1925//922 1923//921 2067//644
f 2067//644 1923//921 1929//253
f 2073//361 1929//253 1930//360
f 2074//261 1930//360 1931//259
f 2075//262 1931//259 1932//361
f 2076//263 1932//361 1933//261
f 2077//264 1933//261 1934//923
f 1934//923 1936//924 2080//944
f 2080//944 1936//924 1938//581
f 2082//653 1938//581 1939//263
f 2083//368 1939//263 1940//582
f 2084//654 1940//582 1937//580
f 1937//580 1935//578 2079//650
f 2079//650 1935//578 1941//265
f 2085//369 1941//265 1942//368
f 2086//273 1942//368 1943//271
f 2087//274 1943//271 1944//369
f 2088//275 1944//369 1945//273
f 2089//276 1945//273 1946//583
f 2090//945 1946//583 1948//585
f 2092//946 1948//585 1950//587
f 2094//659 1950//587 1951//275
f 2095//376 1951//275 1952//588
f 2096//660 1952//588 1949//926
f 1949//926 1947//925 2091//656
f 2091//656 1947//925 1953//277
f 2097//377 1953//277 1954//376
f 2098//285 1954//376 1955//283
f 2099//286 1955//283 1956//377
f 2100//287 1956//377 1957//285
f 2101//288 1957//285 1958//589
f 1958//589 1960//591 2104//663
f 2104//663 1960//591 1962//593
f 2106//665 1962//593 1963//287
f 2107//384 1963//287 1964//594
f 2108//666 1964//594 1961//928
f 1961//928 1959//927 2103//662
f 2103//662 1959//927 1965//145
f 2109//289 1965//145 1966//384
f 2110//153 1966//384 1967//151
f 2111//154 1967//151 1968//289
f 2112//155 1968//289 1969//153
f 2113//156 1969//153 1970//929
f 1970//929 1972//930 2116//948
f 2116//948 1972//930 1974//599
f 2118//671 1974//599 1975//155
f 2119//296 1975//155 1976//600
f 2120//672 1976//600 1973//598
f 1973//598 1971//596 2115//668
f 2115//668 1971//596 1977//157
f 2121//297 1977//157 1978//296
f 2122//165 1978//296 1979//163
f 2123//166 1979//163 1980//297
f 2124//167 1980//297 1981//165
f 2125//168 1981//165 1982//529
f 2126//949 1982//529 1984//531
f 2128//950 1984//531 1986//533
f 2130//605 1986//533 1987//167
f 2131//304 1987//167 1988//534
f 2132//606 1988//534 1985//932
f 1985//932 1983//931 2127//602
f 2127//602 1983//931 1989//169
f 2133//305 1989//169 1990//304
f 2134//177 1990//304 1991//175
f 2135//178 1991//175 1992//305
f 2136//179 1992//305 1993//177
f 2137//180 1993//177 1994//535
f 1994//535 1996//537 2140//609
f 2140//609 1996//537 1998//539
f 2142//611 1998//539 1999//179
f 2143//312 1999//179 2000//540
f 2144//612 2000//540 1997//934
f 1997//934 1995//933 2139//608
f 2139//608 1995//933 2001//181
f 2145//313 2001//181 2002//312
f 2146//189 2002//312 2003//187
f 2147//190 2003//187 2004//313
f 2148//191 2004//313 2005//189
f 2149//192 2005//189 2006//935
f 2006//935 2008//936 2152//952
f 2152//952 2008//936 2010//545
f 2154//617 2010//545 2011//191
f 2155//320 2011//191 2012//546
f 2156//618 2012//546 2009//544
f 2009//544 2007//542 2151//614
f 2151//614 2007//542 2013//193
f 2157//321 2013//193 2014//320
f 2158//201 2014//320 2015//199
f 2159//202 2015//199 2016//321
f 2017//204 2161//211 2304//328
f 2161//211 2017//204 2018//937
f 2018//937 2020//938 2164//954
f 2164//954 2020//938 2022//623
f 2166//695 2022//623 2023//328
f 2167//213 2023//328 2024//624
f 2168//696 2024//624 2021//622
f 2021//622 2019//620 2163//692
f 2163//692 2019//620 2025//329
f 2169//215 2025//329 2026//213
f 2170//216 2026//213 2027//214
f 2171//217 2027//214 2028//215
f 2172//336 2028//215 2029//216
f 2173//223 2029//216 2030//625
f 2030//625 2032//627 2176//699
f 2176//699 2032//627 2034//629
f 2178//701 2034//629 2035//336
f 2179//225 2035//336 2036//630
f 2180//702 2036//630 2033//628
f 2033//628 2031//626 2175//698
f 2175//698 2031//626 2037//337
f 2181//227 2037//337 2038//225
f 2182//228 2038//225 2039//226
f 2183//229 2039//226 2040//227
f 2184//344 2040//227 2041//228
f 2185//235 2041//228 2042//939
f 2186//703 2042//939 2044//940
f 2188//705 2044//940 2046//635
f 2190//707 2046//635 2047//344
f 2191//237 2047//344 2048//636
f 2192//708 2048//636 2045//634
f 2045//634 2043//632 2187//955
f 2187//955 2043//632 2049//345
f 2193//239 2049//345 2050//237
f 2194//240 2050//237 2051//238
f 2195//241 2051//238 2052//239
f 2196//352 2052//239 2053//240
f 2197//247 2053//240 2054//941
f 2054//941 2056//942 2200//958
f 2200//958 2056//942 2058//641
f 2202//713 2058//641 2059//352
f 2203//249 2059//352 2060//642
f 2204//714 2060//642 2057//640
f 2057//640 2055//638 2199//710
f 2199//710 2055//638 2061//353
f 2205//251 2061//353 2062//249
f 2206//252 2062//249 2063//250
f 2207//253 2063//250 2064//251
f 2208//360 2064//251 2065//252
f 2209//259 2065//252 2066//643
f 2066//643 2068//645 2212//717
f 2212//717 2068//645 2070//647
f 2214//719 2070//647 2071//360
f 2215//261 2071//360 2072//648
f 2216//720 2072//648 2069//646
f 2069//646 2067//644 2211//716
f 2211//716 2067//644 2073//361
f 2217//263 2073//361 2074//261
f 2218//264 2074//261 2075//262
f 2219//265 2075//262 2076//263
f 2220//368 2076//263 2077//264
f 2221//271 2077//264 2078//943
f 2222//721 2078//943 2080//944
f 2224//723 2080//944 2082//653
f 2226//725 2082//653 2083//368
f 2227//273 2083//368 2084//654
f 2228//726 2084//654 2081//652
f 2081//652 2079//650 2223//959
f 2223//959 2079//650 2085//369
f 2229//275 2085//369 2086//273
f 2230//276 2086//273 2087//274
f 2231//277 2087//274 2088//275
f 2232//376 2088//275 2089//276
f 2233//283 2089//276 2090//945
f 2090//945 2092//946 2236//962
f 2236//962 2092//946 2094//659
f 2238//731 2094//659 2095//376
f 2239//285 2095//376 2096//660
f 2240//732 2096//660 2093//658
f 2093//658 2091//656 2235//728
f 2235//728 2091//656 2097//377
f 2241//287 2097//377 2098//285
f 2242//288 2098//285 2099//286
f 2243//145 2099//286 2100//287
f 2244//384 2100//287 2101//288
f 2245//151 2101//288 2102//661
f 2102//661 2104//663 2248//735
f 2248//735 2104//663 2106//665
f 2250//737 2106//665 2107//384
f 2251//153 2107//384 2108//666
f 2252//738 2108//666 2105//664
f 2105//664 2103//662 2247//734
f 2247//734 2103//662 2109//289
f 2253//155 2109//289 2110//153
f 2254//156 2110//153 2111//154
f 2255//157 2111//154 2112//155
f 2256//296 2112//155 2113//156
f 2257//163 2113//156 2114//947
f 2258//739 2114//947 2116//948
f 2260//741 2116//948 2118//671
f 2262//743 2118//671 2119//296
f 2263//165 2119//296 2120//672
f 2264//744 2120//672 2117//670
f 2117//670 2115//668 2259//963
f 2259//963 2115//668 2121//297
f 2265//167 2121//297 2122//165
f 2266//168 2122//165 2123//166
f 2267//169 2123//166 2124//167
f 2268//304 2124//167 2125//168
f 2269//175 2125//168 2126//949
f 2126//949 2128//950 2272//966
f 2272//966 2128//950 2130//605
f 2274//677 2130//605 2131//304
f 2275//177 2131//304 2132//606
f 2276//678 2132//606 2129//604
f 2129//604 2127//602 2271//674
f 2271//674 2127//602 2133//305
f 2277//179 2133//305 2134//177
f 2278//180 2134//177 2135//178
f 2279//181 2135//178 2136//179
f 2280//312 2136//179 2137//180
f 2281//187 2137//180 2138//607
f 2138//607 2140//609 2284//681
f 2284//681 2140//609 2142//611
f 2286//683 2142//611 2143//312
f 2287//189 2143//312 2144//612
f 2288//684 2144//612 2141//610
f 2141//610 2139//608 2283//680
f 2283//680 2139//608 2145//313
f 2289//191 2145//313 2146//189
f 2290//192 2146//189 2147//190
f 2291//193 2147//190 2148//191
f 2292//320 2148//191 2149//192
f 2293//199 2149//192 2150//951
f 2294//685 2150//951 2152//952
f 2296//687 2152//952 2154//617
f 2298//689 2154//617 2155//320
f 2299//201 2155//320 2156//618
f 2300//690 2156//618 2153//616
f 2153//616 2151//614 2295//967
f 2295//967 2151//614 2157//321
f 2301//203 2157//321 2158//201
f 2302//204 2158//201 2159//202
f 2303//205 2159//202 2160//203
f 2161//211 2305//214 2448//213
f 2305//214 2161//211 2162//953
f 2306//763 2162//953 2164//954
f 2308//765 2164//954 2166//695
f 2310//767 2166//695 2167//213
f 2311//216 2167//213 2168//696
f 2312//768 2168//696 2165//694
f 2165//694 2163//692 2307//764
f 2307//764 2163//692 2169//215
f 2313//336 2169//215 2170//216
f 2314//223 2170//216 2171//217
f 2315//337 2171//217 2172//336
f 2316//225 2172//336 2173//223
f 2317//226 2173//223 2174//697
f 2174//697 2176//699 2320//970
f 2320//970 2176//699 2178//701
f 2322//773 2178//701 2179//225
f 2323//228 2179//225 2180//702
f 2324//774 2180//702 2177//700
f 2177//700 2175//698 2319//770
f 2319//770 2175//698 2181//227
f 2325//344 2181//227 2182//228
f 2326//235 2182//228 2183//229
f 2327//345 2183//229 2184//344
f 2328//237 2184//344 2185//235
f 2329//238 2185//235 2186//703
f 2186//703 2188//705 2332//973
f 2332//973 2188//705 2190//707
f 2334//779 2190//707 2191//237
f 2335//240 2191//237 2192//708
f 2336//780 2192//708 2189//956
f 2189//956 2187//955 2331//972
f 2331//972 2187//955 2193//239
f 2337//352 2193//239 2194//240
f 2338//247 2194//240 2195//241
f 2339//353 2195//241 2196//352
f 2340//249 2196//352 2197//247
f 2341//250 2197//247 2198//957
f 2342//781 2198//957 2200//958
f 2344//783 2200//958 2202//713
f 2346//785 2202//713 2203//249
f 2347//252 2203//249 2204//714
f 2348//786 2204//714 2201//712
f 2201//712 2199//710 2343//782
f 2343//782 2199//710 2205//251
f 2349//360 2205//251 2206//252
f 2350//259 2206//252 2207//253
f 2351//361 2207//253 2208//360
f 2352//261 2208//360 2209//259
f 2353//262 2209//259 2210//715
f 2210//715 2212//717 2356//976
f 2356//976 2212//717 2214//719
f 2358//791 2214//719 2215//261
f 2359//264 2215//261 2216//720
f 2360//792 2216//720 2213//718
f 2213//718 2211//716 2355//788
f 2355//788 2211//716 2217//263
f 2361//368 2217//263 2218//264
f 2362//271 2218//264 2219//265
f 2363//369 2219//265 2220//368
f 2364//273 2220//368 2221//271
f 2365//274 2221//271 2222//721
f 2222//721 2224//723 2368//979
f 2368//979 2224//723 2226//725
f 2370//797 2226//725 2227//273
f 2371//276 2227//273 2228//726
f 2372//798 2228//726 2225//960
f 2225//960 2223//959 2367//978
f 2367//978 2223//959 2229//275
f 2373//376 2229//275 2230//276
f 2374//283 2230//276 2231//277
f 2375//377 2231//277 2232//376
f 2376//285 2232//376 2233//283
f 2377//286 2233//283 2234//961
f 2378//799 2234//961 2236//962
f 2380//801 2236//962 2238//731
f 2382//803 2238//731 2239//285
f 2383//288 2239//285 2240//732
f 2384//804 2240//732 2237//730
f 2237//730 2235//728 2379//800
f 2379//800 2235//728 2241//287
f 2385//384 2241//287 2242//288
f 2386//151 2242//288 2243//145
f 2387//289 2243//145 2244//384
f 2388//153 2244//384 2245//151
f 2389//154 2245//151 2246//733
f 2246//733 2248//735 2392//982
f 2392//982 2248//735 2250//737
f 2394//809 2250//737 2251//153
f 2395//156 2251//153 2252//738
f 2396//810 2252//738 2249//736
f 2249//736 2247//734 2391//806
f 2391//806 2247//734 2253//155
f 2397//296 2253//155 2254//156
f 2398//163 2254//156 2255//157
f 2399//297 2255//157 2256//296
f 2400//165 2256//296 2257//163
f 2401//166 2257//163 2258//739
f 2258//739 2260//741 2404//985
f 2404//985 2260//741 2262//743
f 2406//815 2262//743 2263//165
f 2407//168 2263//165 2264//744
f 2408//816 2264//744 2261//964
f 2261//964 2259//963 2403//984
f 2403//984 2259//963 2265//167
f 2409//304 2265//167 2266//168
f 2410//175 2266//168 2267//169
f 2411//305 2267//169 2268//304
f 2412//177 2268//304 2269//175
f 2413//178 2269//175 2270//965
f 2414//745 2270//965 2272//966
f 2416//747 2272//966 2274//677
f 2418//749 2274//677 2275//177
f 2419//180 2275//177 2276//678
f 2420//750 2276//678 2273//676
f 2273//676 2271//674 2415//746
f 2415//746 2271//674 2277//179
f 2421//312 2277//179 2278//180
f 2422//187 2278//180 2279//181
f 2423//313 2279//181 2280//312
f 2424//189 2280//312 2281//187
f 2425//190 2281//187 2282//679
f 2282//679 2284//681 2428//988
f 2428//988 2284//681 2286//683
f 2430//755 2286//683 2287//189
f 2431//192 2287//189 2288//684
f 2432//756 2288//684 2285//682
f 2285//682 2283//680 2427//752
f 2427//752 2283//680 2289//191
f 2433//320 2289//191 2290//192
f 2434//199 2290//192 2291//193
f 2435//321 2291//193 2292//320
f 2436//201 2292//320 2293//199
f 2437//202 2293//199 2294//685
f 2294//685 2296//687 2440//991
f 2440//991 2296//687 2298//689
f 2442//761 2298//689 2299//201
f 2443//204 2299//201 2300//690
f 2444//762 2300//690 2297//968
f 2297//968 2295//967 2439//990
f 2439//990 2295//967 2301//203
f 2445//328 2301//203 2302//204
f 2446//211 2302//204 2303//205
f 2447//329 2303//205 2304//328
f 2305//214 2449//217 2592//216
f 2449//217 2305//214 2306//763
f 2306//763 2308//765 2452//220
f 2452//220 2308//765 2310//767
f 2454//222 2310//767 2311//216
f 2455//223 2311//216 2312//768
f 2456//224 2312//768 2309//766
f 2309//766 2307//764 2451//219
f 2451//219 2307//764 2313//336
f 2457//225 2313//336 2314//223
f 2458//226 2314//223 2315//337
f 2459//227 2315//337 2316//225
f 2460//228 2316//225 2317//226
f 2461//229 2317//226 2318//969
f 2462//993 2318//969 2320//970
f 2464//994 2320//970 2322//773
f 2466//234 2322//773 2323//228
f 2467//235 2323//228 2324//774
f 2468//236 2324//774 2321//772
f 2321//772 2319//770 2463//231
f 2463//231 2319//770 2325//344
f 2469//237 2325//344 2326//235
f 2470//238 2326//235 2327//345
f 2471//239 2327//345 2328//237
f 2472//240 2328//237 2329//238
f 2473//241 2329//238 2330//971
f 2474//995 2330//971 2332//973
f 2476//997 2332//973 2334//779
f 2478//246 2334//779 2335//240
f 2479//247 2335//240 2336//780
f 2480//248 2336//780 2333//974
f 2477//998 2333//974 2331//972
f 2475//996 2331//972 2337//352
f 2481//249 2337//352 2338//247
f 2482//250 2338//247 2339//353
f 2483//251 2339//353 2340//249
f 2484//252 2340//249 2341//250
f 2485//253 2341//250 2342//781
f 2342//781 2344//783 2488//256
f 2488//256 2344//783 2346//785
f 2490//258 2346//785 2347//252
f 2491//259 2347//252 2348//786
f 2492//260 2348//786 2345//784
f 2345//784 2343//782 2487//255
f 2487//255 2343//782 2349//360
f 2493//261 2349//360 2350//259
f 2494//262 2350//259 2351//361
f 2495//263 2351//361 2352//261
f 2496//264 2352//261 2353//262
f 2497//265 2353//262 2354//975
f 2498//999 2354//975 2356//976
f 2500//1000 2356//976 2358//791
f 2502//270 2358//791 2359//264
f 2503//271 2359//264 2360//792
f 2504//272 2360//792 2357//790
f 2357//790 2355//788 2499//267
f 2499//267 2355//788 2361//368
f 2505//273 2361//368 2362//271
f 2506//274 2362//271 2363//369
f 2507//275 2363//369 2364//273
f 2508//276 2364//273 2365//274
f 2509//277 2365//274 2366//977
f 2510//1001 2366//977 2368//979
f 2512//1003 2368//979 2370//797
f 2514//282 2370//797 2371//276
f 2515//283 2371//276 2372//798
f 2516//284 2372//798 2369//980
f 2513//1004 2369//980 2367//978
f 2511//1002 2367//978 2373//376
f 2517//285 2373//376 2374//283
f 2518//286 2374//283 2375//377
f 2519//287 2375//377 2376//285
f 2520//288 2376//285 2377//286
f 2521//145 2377//286 2378//799
f 2378//799 2380//801 2524//148
f 2524//148 2380//801 2382//803
f 2526//150 2382//803 2383//288
f 2527//151 2383//288 2384//804
f 2528//152 2384//804 2381//802
f 2381//802 2379//800 2523//147
f 2523//147 2379//800 2385//384
f 2529//153 2385//384 2386//151
f 2530//154 2386//151 2387//289
f 2531//155 2387//289 2388//153
f 2532//156 2388//153 2389//154
f 2533//157 2389//154 2390//981
f 2534//1005 2390//981 2392//982
f 2536//1006 2392//982 2394//809
f 2538//162 2394//809 2395//156
f 2539//163 2395//156 2396//810
f 2540//164 2396//810 2393//808
f 2393//808 2391//806 2535//159
f 2535//159 2391//806 2397//296
f 2541//165 2397//296 2398//163
f 2542//166 2398//163 2399//297
f 2543//167 2399//297 2400//165
f 2544//168 2400//165 2401//166
f 2545//169 2401//166 2402//983
f 2546//1007 2402//983 2404//985
f 2548//1009 2404//985 2406//815
f 2550//174 2406//815 2407//168
f 2551//175 2407//168 2408//816
f 2552//176 2408//816 2405//986
f 2549//1010 2405//986 2403//984
f 2547//1008 2403//984 2409//304
f 2553//177 2409//304 2410//175
f 2554//178 2410//175 2411//305
f 2555//179 2411//305 2412//177
f 2556//180 2412//177 2413//178
f 2557//181 2413//178 2414//745
f 2414//745 2416//747 2560//184
f 2560//184 2416//747 2418//749
f 2562//186 2418//749 2419//180
f 2563//187 2419//180 2420//750
f 2564//188 2420//750 2417//748
f 2417//748 2415//746 2559//183
f 2559//183 2415//746 2421//312
f 2565//189 2421//312 2422//187
f 2566//190 2422//187 2423//313
f 2567//191 2423//313 2424//189
f 2568//192 2424//189 2425//190
f 2569//193 2425//190 2426//987
f 2570//1011 2426//987 2428//988
f 2572//1012 2428//988 2430//755
f 2574//198 2430//755 2431//192
f 2575//199 2431//192 2432//756
f 2576//200 2432//756 2429//754
f 2429//754 2427//752 2571//195
f 2571//195 2427//752 2433//320
f 2577//201 2433//320 2434//199
f 2578//202 2434//199 2435//321
f 2579//203 2435//321 2436//201
f 2580//204 2436//201 2437//202
f 2581//205 2437//202 2438//989
f 2582//1013 2438//989 2440//991
f 2584//1015 2440//991 2442//761
f 2586//210 2442//761 2443//204
f 2587//211 2443//204 2444//762
f 2588//212 2444//762 2441//992
f 2585//1016 2441//992 2439//990
f 2583//1014 2439//990 2445//328
f 2589//213 2445//328 2446//211
f 2590//214 2446//211 2447//329
f 2591//215 2447//329 2448//213
f 2449//217 2593//337 2736//223
f 2593//337 2449//217 2450//218
f 2450//218 2452//220 2596//340
f 2596//340 2452//220 2454//222
f 2598//342 2454//222 2455//223
f 2599//226 2455//223 2456//224
f 2600//343 2456//224 2453//221
f 2453//221 2451//219 2595//339
f 2595//339 2451//219 2457//225
f 2601//228 2457//225 2458//226
f 2602//229 2458//226 2459//227
f 2603//344 2459//227 2460//228
f 2604//235 2460//228 2461//229
f 2605//345 2461//229 2462//993
f 2462//993 2464//994 2608//1018
f 2608//1018 2464//994 2466//234
f 2610//350 2466//234 2467//235
f 2611//238 2467//235 2468//236
f 2612//351 2468//236 2465//233
f 2465//233 2463//231 2607//347
f 2607//347 2463//231 2469//237
f 2613//240 2469//237 2470//238
f 2614//241 2470//238 2471//239
f 2615//352 2471//239 2472//240
f 2616//247 2472//240 2473//241
f 2617//353 2473//241 2474//995
f 2474//995 2476//997 2620//356
f 2620//356 2476//997 2478//246
f 2622//358 2478//246 2479//247
f 2623//250 2479//247 2480//248
f 2624//359 2480//248 2477//998
f 2477//998 2475//996 2619//831
f 2619//831 2475//996 2481//249
f 2625//252 2481//249 2482//250
f 2626//253 2482//250 2483//251
f 2627//360 2483//251 2484//252
f 2628//259 2484//252 2485//253
f 2629//361 2485//253 2486//254
f 2486//254 2488//256 2632//364
f 2632//364 2488//256 2490//258
f 2634//366 2490//258 2491//259
f 2635//262 2491//259 2492//260
f 2636//367 2492//260 2489//257
f 2489//257 2487//255 2631//363
f 2631//363 2487//255 2493//261
f 2637//264 2493//261 2494//262
f 2638//265 2494//262 2495//263
f 2639//368 2495//263 2496//264
f 2640//271 2496//264 2497//265
f 2641//369 2497//265 2498//999
f 2498//999 2500//1000 2644//1020
f 2644//1020 2500//1000 2502//270
f 2646//374 2502//270 2503//271
f 2647//274 2503//271 2504//272
f 2648//375 2504//272 2501//269
f 2501//269 2499//267 2643//371
f 2643//371 2499//267 2505//273
f 2649//276 2505//273 2506//274
f 2650//277 2506//274 2507//275
f 2651//376 2507//275 2508//276
f 2652//283 2508//276 2509//277
f 2653//377 2509//277 2510//1001
f 2510//1001 2512//1003 2656//380
f 2656//380 2512//1003 2514//282
f 2658//382 2514//282 2515//283
f 2659//286 2515//283 2516//284
f 2660//383 2516//284 2513//1004
f 2513//1004 2511//1002 2655//835
f 2655//835 2511//1002 2517//285
f 2661//288 2517//285 2518//286
f 2662//145 2518//286 2519//287
f 2663//384 2519//287 2520//288
f 2664//151 2520//288 2521//145
f 2665//289 2521//145 2522//146
f 2522//146 2524//148 2668//292
f 2668//292 2524//148 2526//150
f 2670//294 2526//150 2527//151
f 2671//154 2527//151 2528//152
f 2672//295 2528//152 2525//149
f 2525//149 2523//147 2667//291
f 2667//291 2523//147 2529//153
f 2673//156 2529//153 2530//154
f 2674//157 2530//154 2531//155
f 2675//296 2531//155 2532//156
f 2676//163 2532//156 2533//157
f 2677//297 2533//157 2534//1005
f 2534//1005 2536//1006 2680//1022
f 2680//1022 2536//1006 2538//162
f 2682//302 2538//162 2539//163
f 2683//166 2539//163 2540//164
f 2684//303 2540//164 2537//161
f 2537//161 2535//159 2679//299
f 2679//299 2535//159 2541//165
f 2685//168 2541//165 2542//166
f 2686//169 2542//166 2543//167
f 2687//304 2543//167 2544//168
f 2688//175 2544//168 2545//169
f 2689//305 2545//169 2546//1007
f 2546//1007 2548//1009 2692//308
f 2692//308 2548//1009 2550//174
f 2694//310 2550//174 2551//175
f 2695//178 2551//175 2552//176
f 2696//311 2552//176 2549//1010
f 2549//1010 2547//1008 2691//839
f 2691//839 2547//1008 2553//177
f 2697//180 2553//177 2554//178
f 2698//181 2554//178 2555//179
f 2699//312 2555//179 2556//180
f 2700//187 2556//180 2557//181
f 2701//313 2557//181 2558//182
f 2558//182 2560//184 2704//316
f 2704//316 2560//184 2562//186
f 2706//318 2562//186 2563//187
f 2707//190 2563//187 2564//188
f 2708//319 2564//188 2561//185
f 2561//185 2559//183 2703//315
f 2703//315 2559//183 2565//189
f 2709//192 2565//189 2566//190
f 2710//193 2566//190 2567//191
f 2711//320 2567//191 2568//192
f 2712//199 2568//192 2569//193
f 2713//321 2569//193 2570//1011
f 2570//1011 2572//1012 2716//1024
f 2716//1024 2572//1012 2574//198
f 2718//326 2574//198 2575//199
f 2719//202 2575//199 2576//200
f 2720//327 2576//200 2573//197
f 2573//197 2571//195 2715//323
f 2715//323 2571//195 2577//201
f 2721//204 2577//201 2578//202
f 2722//205 2578//202 2579//203
f 2723//328 2579//203 2580//204
f 2724//211 2580//204 2581//205
f 2725//329 2581//205 2582//1013
f 2582//1013 2584//1015 2728//332
f 2728//332 2584//1015 2586//210
f 2730//334 2586//210 2587//211
f 2731//214 2587//211 2588//212
f 2732//335 2588//212 2585//1016
f 2585//1016 2583//1014 2727//827
f 2727//827 2583//1014 2589//213
f 2733//216 2589//213 2590//214
f 2734//217 2590//214 2591//215
f 2735//336 2591//215 2592//216
f 2593//337 2737//227 2880//226
f 2737//227 2593//337 2594//338
f 2594//338 2596//340 2740//423
f 2740//423 2596//340 2598//342
f 2742//425 2598//342 2599//226
f 2743//229 2599//226 2600//343
f 2744//426 2600//343 2597//341
f 2597//341 2595//339 2739//422
f 2739//422 2595//339 2601//228
f 2745//235 2601//228 2602//229
f 2746//345 2602//229 2603//344
f 2747//237 2603//344 2604//235
f 2748//238 2604//235 2605//345
f 2749//239 2605//345 2606//1017
f 2750//1025 2606//1017 2608//1018
f 2752//1027 2608//1018 2610//350
f 2754//431 2610//350 2611//238
f 2755//241 2611//238 2612//351
f 2756//432 2612//351 2609//349
f 2609//349 2607//347 2751//1026
f 2751//1026 2607//347 2613//240
f 2757//247 2613//240 2614//241
f 2758//353 2614//241 2615//352
f 2759//249 2615//352 2616//247
f 2760//250 2616//247 2617//353
f 2761//251 2617//353 2618//354
f 2618//354 2620//356 2764//435
f 2764//435 2620//356 2622//358
f 2766//437 2622//358 2623//250
f 2767//253 2623//250 2624//359
f 2768//438 2624//359 2621//832
f 2765//856 2621//832 2619//831
f 2763//854 2619//831 2625//252
f 2769//259 2625//252 2626//253
f 2770//361 2626//253 2627//360
f 2771//261 2627//360 2628//259
f 2772//262 2628//259 2629//361
f 2773//263 2629//361 2630//362
f 2630//362 2632//364 2776//441
f 2776//441 2632//364 2634//366
f 2778//443 2634//366 2635//262
f 2779//265 2635//262 2636//367
f 2780//444 2636//367 2633//365
f 2633//365 2631//363 2775//440
f 2775//440 2631//363 2637//264
f 2781//271 2637//264 2638//265
f 2782//369 2638//265 2639//368
f 2783//273 2639//368 2640//271
f 2784//274 2640//271 2641//369
f 2785//275 2641//369 2642//1019
f 2786//1029 2642//1019 2644//1020
f 2788//1031 2644//1020 2646//374
f 2790//449 2646//374 2647//274
f 2791//277 2647//274 2648//375
f 2792//450 2648//375 2645//373
f 2645//373 2643//371 2787//1030
f 2787//1030 2643//371 2649//276
f 2793//283 2649//276 2650//277
f 2794//377 2650//277 2651//376
f 2795//285 2651//376 2652//283
f 2796//286 2652//283 2653//377
f 2797//287 2653//377 2654//378
f 2654//378 2656//380 2800//453
f 2800//453 2656//380 2658//382
f 2802//455 2658//382 2659//286
f 2803//145 2659//286 2660//383
f 2804//456 2660//383 2657//836
f 2801//864 2657//836 2655//835
f 2799//862 2655//835 2661//288
f 2805//151 2661//288 2662//145
f 2806//289 2662//145 2663//384
f 2807//153 2663//384 2664//151
f 2808//154 2664//151 2665//289
f 2809//155 2665//289 2666//290
f 2666//290 2668//292 2812//387
f 2812//387 2668//292 2670//294
f 2814//389 2670//294 2671//154
f 2815//157 2671//154 2672//295
f 2816//390 2672//295 2669//293
f 2669//293 2667//291 2811//386
f 2811//386 2667//291 2673//156
f 2817//163 2673//156 2674//157
f 2818//297 2674//157 2675//296
f 2819//165 2675//296 2676//163
f 2820//166 2676//163 2677//297
f 2821//167 2677//297 2678//1021
f 2822//1033 2678//1021 2680//1022
f 2824//1035 2680//1022 2682//302
f 2826//395 2682//302 2683//166
f 2827//169 2683//166 2684//303
f 2828//396 2684//303 2681//301
f 2681//301 2679//299 2823//1034
f 2823//1034 2679//299 2685//168
f 2829//175 2685//168 2686//169
f 2830//305 2686//169 2687//304
f 2831//177 2687//304 2688//175
f 2832//178 2688//175 2689//305
f 2833//179 2689//305 2690//306
f 2690//306 2692//308 2836//399
f 2836//399 2692//308 2694//310
f 2838//401 2694//310 2695//178
f 2839//181 2695//178 2696//311
f 2840//402 2696//311 2693//840
f 2837//872 2693//840 2691//839
f 2835//870 2691//839 2697//180
f 2841//187 2697//180 2698//181
f 2842//313 2698//181 2699//312
f 2843//189 2699//312 2700//187
f 2844//190 2700//187 2701//313
f 2845//191 2701//313 2702//314
f 2702//314 2704//316 2848//405
f 2848//405 2704//316 2706//318
f 2850//407 2706//318 2707//190
f 2851//193 2707//190 2708//319
f 2852//408 2708//319 2705//317
f 2705//317 2703//315 2847//404
f 2847//404 2703//315 2709//192
f 2853//199 2709//192 2710//193
f 2854//321 2710//193 2711//320
f 2855//201 2711//320 2712//199
f 2856//202 2712//199 2713//321
f 2857//203 2713//321 2714//1023
f 2858//1037 2714//1023 2716//1024
f 2860//1039 2716//1024 2718//326
f 2862//413 2718//326 2719//202
f 2863//205 2719//202 2720//327
f 2864//414 2720//327 2717//325
f 2717//325 2715//323 2859//1038
f 2859//1038 2715//323 2721//204
f 2865//211 2721//204 2722//205
f 2866//329 2722//205 2723//328
f 2867//213 2723//328 2724//211
f 2868//214 2724//211 2725//329
f 2869//215 2725//329 2726//330
f 2726//330 2728//332 2872//417
f 2872//417 2728//332 2730//334
f 2874//419 2730//334 2731//214
f 2875//217 2731//214 2732//335
f 2876//420 2732//335 2729//828
f 2873//848 2729//828 2727//827
f 2871//846 2727//827 2733//216
f 2877//223 2733//216 2734//217
f 2878//337 2734//217 2735//336
f 2879//225 2735//336 2736//223
f 2737//227 2881//344 3024//229
f 2881//344 2737//227 2738//421
f 2882//493 2738//421 2740//423
f 2884//495 2740//423 2742//425
f 2886//497 2742//425 2743//229
f 2887//345 2743//229 2744//426
f 2888//498 2744//426 2741//424
f 2885//1041 2741//424 2739//422
f 2883//494 2739//422 2745//235
f 2889//238 2745//235 2746//345
f 2890//239 2746//345 2747//237
f 2891//240 2747//237 2748//238
f 2892//241 2748//238 2749//239
f 2893//352 2749//239 2750//1025
f 2750//1025 2752//1027 2896//501
f 2896//501 2752//1027 2754//431
f 2898//503 2754//431 2755//241
f 2899//353 2755//241 2756//432
f 2900//504 2756//432 2753//1028
f 2897//1043 2753//1028 2751//1026
f 2895//1042 2751//1026 2757//247
f 2901//250 2757//247 2758//353
f 2902//251 2758//353 2759//249
f 2903//252 2759//249 2760//250
f 2904//253 2760//250 2761//251
f 2905//360 2761//251 2762//433
f 2762//433 2764//435 2908//507
f 2908//507 2764//435 2766//437
f 2910//509 2766//437 2767//253
f 2911//361 2767//253 2768//438
f 2912//510 2768//438 2765//856
f 2909//1045 2765//856 2763//854
f 2907//1044 2763//854 2769//259
f 2913//262 2769//259 2770//361
f 2914//263 2770//361 2771//261
f 2915//264 2771//261 2772//262
f 2916//265 2772//262 2773//263
f 2917//368 2773//263 2774//439
f 2918//511 2774//439 2776//441
f 2920//513 2776//441 2778//443
f 2922//515 2778//443 2779//265
f 2923//369 2779//265 2780//444
f 2924//516 2780//444 2777//442
f 2921//1046 2777//442 2775//440
f 2919//512 2775//440 2781//271
f 2925//274 2781//271 2782//369
f 2926//275 2782//369 2783//273
f 2927//276 2783//273 2784//274
f 2928//277 2784//274 2785//275
f 2929//376 2785//275 2786//1029
f 2786//1029 2788//1031 2932//519
f 2932//519 2788//1031 2790//449
f 2934//521 2790//449 2791//277
f 2935//377 2791//277 2792//450
f 2936//522 2792//450 2789//1032
f 2933//1048 2789//1032 2787//1030
f 2931//1047 2787//1030 2793//283
f 2937//286 2793//283 2794//377
f 2938//287 2794//377 2795//285
f 2939//288 2795//285 2796//286
f 2940//145 2796//286 2797//287
f 2941//384 2797//287 2798//451
f 2798//451 2800//453 2944//525
f 2944//525 2800//453 2802//455
f 2946//527 2802//455 2803//145
f 2947//289 2803//145 2804//456
f 2948//528 2804//456 2801//864
f 2945//1050 2801//864 2799//862
f 2943//1049 2799//862 2805//151
f 2949//154 2805//151 2806//289
f 2950//155 2806//289 2807//153
f 2951//156 2807//153 2808//154
f 2952//157 2808//154 2809//155
f 2953//296 2809//155 2810//385
f 2954//457 2810//385 2812//387
f 2956//459 2812//387 2814//389
f 2958//461 2814//389 2815//157
f 2959//297 2815//157 2816//390
f 2960//462 2816//390 2813//388
f 2957//1051 2813//388 2811//386
f 2955//458 2811//386 2817//163
f 2961//166 2817//163 2818//297
f 2962//167 2818//297 2819//165
f 2963//168 2819//165 2820//166
f 2964//169 2820//166 2821//167
f 2965//304 2821//167 2822//1033
f 2822//1033 2824//1035 2968//465
f 2968//465 2824//1035 2826//395
f 2970//467 2826//395 2827//169
f 2971//305 2827//169 2828//396
f 2972//468 2828//396 2825//1036
f 2969//1053 2825//1036 2823//1034
f 2967//1052 2823//1034 2829//175
f 2973//178 2829//175 2830//305
f 2974//179 2830//305 2831//177
f 2975//180 2831//177 2832//178
f 2976//181 2832//178 2833//179
f 2977//312 2833//179 2834//397
f 2834//397 2836//399 2980//471
f 2980//471 2836//399 2838//401
f 2982//473 2838//401 2839//181
f 2983//313 2839//181 2840//402
f 2984//474 2840//402 2837//872
f 2981//1055 2837//872 2835//870
f 2979//1054 2835//870 2841//187
f 2985//190 2841//187 2842//313
f 2986//191 2842//313 2843//189
f 2987//192 2843//189 2844//190
f 2988//193 2844//190 2845//191
f 2989//320 2845//191 2846//403
f 2990//475 2846//403 2848//405
f 2992//477 2848//405 2850//407
f 2994//479 2850//407 2851//193
f 2995//321 2851//193 2852//408
f 2996//480 2852//408 2849//406
f 2993//1056 2849//406 2847//404
f 2991//476 2847//404 2853//199
f 2997//202 2853//199 2854//321
f 2998//203 2854//321 2855//201
f 2999//204 2855//201 2856//202
f 3000//205 2856//202 2857//203
f 3001//328 2857//203 2858//1037
f 2858//1037 2860//1039 3004//483
f 3004//483 2860//1039 2862//413
f 3006//485 2862//413 2863//205
f 3007//329 2863//205 2864//414
f 3008//486 2864//414 2861//1040
f 3005//1058 2861//1040 2859//1038
f 3003//1057 2859//1038 2865//211
f 3009//214 2865//211 2866//329
f 3010//215 2866//329 2867//213
f 3011//216 2867//213 2868//214
f 3012//217 2868//214 2869//215
f 3013//336 2869//215 2870//415
f 2870//415 2872//417 3016//489
f 3016//489 2872//417 2874//419
f 3018//491 2874//419 2875//217
f 3019//337 2875//217 2876//420
f 3020//492 2876//420 2873//848
f 3017//1060 2873//848 2871//846
f 3015//1059 2871//846 2877//223
f 3021//226 2877//223 2878//337
f 3022//227 2878//337 2879//225
f 3023//228 2879//225 2880//226
f 2881//344 3025//237 3168//345
f 3025//237 2881//344 2882//493
f 2882//493 2884//495 3028//1062
f 3028//1062 2884//495 2886//497
f 3030//569 2886//497 2887//345
f 3031//239 2887//345 2888//498
f 3032//570 2888//498 2885//1041
f 2885//1041 2883//494 3027//566
f 3027//566 2883//494 2889//238
f 3033//241 2889//238 2890//239
f 3034//352 2890//239 2891//240
f 3035//247 2891//240 2892//241
f 3036//353 2892//241 2893//352
f 3037//249 2893//352 2894//499
f 2894//499 2896//501 3040//573
f 3040//573 2896//501 2898//503
f 3042//575 2898//503 2899//353
f 3043//251 2899//353 2900//504
f 3044//576 2900//504 2897//1043
f 2897//1043 2895//1042 3039//572
f 3039//572 2895//1042 2901//250
f 3045//253 2901//250 2902//251
f 3046//360 2902//251 2903//252
f 3047//259 2903//252 2904//253
f 3048//361 2904//253 2905//360
f 3049//261 2905//360 2906//505
f 2906//505 2908//507 3052//924
f 3052//924 2908//507 2910//509
f 3054//581 2910//509 2911//361
f 3055//263 2911//361 2912//510
f 3056//582 2912//510 2909//1045
f 2909//1045 2907//1044 3051//1063
f 3051//1063 2907//1044 2913//262
f 3057//265 2913//262 2914//263
f 3058//368 2914//263 2915//264
f 3059//271 2915//264 2916//265
f 3060//369 2916//265 2917//368
f 3061//273 2917//368 2918//511
f 2918//511 2920//513 3064//1066
f 3064//1066 2920//513 2922//515
f 3066//587 2922//515 2923//369
f 3067//275 2923//369 2924//516
f 3068//588 2924//516 2921//1046
f 2921//1046 2919//512 3063//584
f 3063//584 2919//512 2925//274
f 3069//277 2925//274 2926//275
f 3070//376 2926//275 2927//276
f 3071//283 2927//276 2928//277
f 3072//377 2928//277 2929//376
f 3073//285 2929//376 2930//517
f 2930//517 2932//519 3076//591
f 3076//591 2932//519 2934//521
f 3078//593 2934//521 2935//377
f 3079//287 2935//377 2936//522
f 3080//594 2936//522 2933//1048
f 2933//1048 2931//1047 3075//590
f 3075//590 2931//1047 2937//286
f 3081//145 2937//286 2938//287
f 3082//384 2938//287 2939//288
f 3083//151 2939//288 2940//145
f 3084//289 2940//145 2941//384
f 3085//153 2941//384 2942//523
f 2942//523 2944//525 3088//930
f 3088//930 2944//525 2946//527
f 3090//599 2946//527 2947//289
f 3091//155 2947//289 2948//528
f 3092//600 2948//528 2945//1050
f 2945//1050 2943//1049 3087//1067
f 3087//1067 2943//1049 2949//154
f 3093//157 2949//154 2950//155
f 3094//296 2950//155 2951//156
f 3095//163 2951//156 2952//157
f 3096//297 2952//157 2953//296
f 3097//165 2953//296 2954//457
f 2954//457 2956//459 3100//1070
f 3100//1070 2956//459 2958//461
f 3102//533 2958//461 2959//297
f 3103//167 2959//297 2960//462
f 3104//534 2960//462 2957//1051
f 2957//1051 2955//458 3099//530
f 3099//530 2955//458 2961//166
f 3105//169 2961//166 2962//167
f 3106//304 2962//167 2963//168
f 3107//175 2963//168 2964//169
f 3108//305 2964//169 2965//304
f 3109//177 2965//304 2966//463
f 2966//463 2968//465 3112//537
f 3112//537 2968//465 2970//467
f 3114//539 2970//467 2971//305
f 3115//179 2971//305 2972//468
f 3116//540 2972//468 2969//1053
f 2969//1053 2967//1052 3111//536
f 3111//536 2967//1052 2973//178
f 3117//181 2973//178 2974//179
f 3118//312 2974//179 2975//180
f 3119//187 2975//180 2976//181
f 3120//313 2976//181 2977//312
f 3121//189 2977//312 2978//469
f 2978//469 2980//471 3124//936
f 3124//936 2980//471 2982//473
f 3126//545 2982//473 2983//313
f 3127//191 2983//313 2984//474
f 3128//546 2984//474 2981//1055
f 2981//1055 2979//1054 3123//1071
f 3123//1071 2979//1054 2985//190
f 3129//193 2985//190 2986//191
f 3130//320 2986//191 2987//192
f 3131//199 2987//192 2988//193
f 3132//321 2988//193 2989//320
f 3133//201 2989//320 2990//475
f 2990//475 2992//477 3136//1074
f 3136//1074 2992//477 2994//479
f 3138//551 2994//479 2995//321
f 3139//203 2995//321 2996//480
f 3140//552 2996//480 2993//1056
f 2993//1056 2991//476 3135//548
f 3135//548 2991//476 2997//202
f 3141//205 2997//202 2998//203
f 3142//328 2998//203 2999//204
f 3143//211 2999//204 3000//205
f 3144//329 3000//205 3001//328
f 3145//213 3001//328 3002//481
f 3002//481 3004//483 3148//555
f 3148//555 3004//483 3006//485
f 3150//557 3006//485 3007//329
f 3151//215 3007//329 3008//486
f 3152//558 3008//486 3005//1058
f 3005//1058 3003//1057 3147//554
f 3147//554 3003//1057 3009//214
f 3153//217 3009//214 3010//215
f 3154//336 3010//215 3011//216
f 3155//223 3011//216 3012//217
f 3156//337 3012//217 3013//336
f 3157//225 3013//336 3014//487
f 3014//487 3016//489 3160//918
f 3160//918 3016//489 3018//491
f 3162//563 3018//491 3019//337
f 3163//227 3019//337 3020//492
f 3164//564 3020//492 3017//1060
f 3017//1060 3015//1059 3159//1075
f 3159//1075 3015//1059 3021//226
f 3165//229 3021//226 3022//227
f 3166//344 3022//227 3023//228
f 3167//235 3023//228 3024//229
f 3025//237 3169//240 3312//239
f 3169//240 3025//237 3026//1061
f 3026//1061 3028//1062 3172//1078
f 3172//1078 3028//1062 3030//569
f 3174//641 3030//569 3031//239
f 3175//352 3031//239 3032//570
f 3176//642 3032//570 3029//568
f 3029//568 3027//566 3171//638
f 3171//638 3027//566 3033//241
f 3177//353 3033//241 3034//352
f 3178//249 3034//352 3035//247
f 3179//250 3035//247 3036//353
f 3180//251 3036//353 3037//249
f 3181//252 3037//249 3038//571
f 3038//571 3040//573 3184//645
f 3184//645 3040//573 3042//575
f 3186//647 3042//575 3043//251
f 3187//360 3043//251 3044//576
f 3188//648 3044//576 3041//574
f 3041//574 3039//572 3183//644
f 3183//644 3039//572 3045//253
f 3189//361 3045//253 3046//360
f 3190//261 3046//360 3047//259
f 3191//262 3047//259 3048//361
f 3192//263 3048//361 3049//261
f 3193//264 3049//261 3050//923
f 3050//923 3052//924 3196//1081
f 3196//1081 3052//924 3054//581
f 3198//653 3054//581 3055//263
f 3199//368 3055//263 3056//582
f 3200//654 3056//582 3053//1064
f 3053//1064 3051//1063 3195//1080
f 3195//1080 3051//1063 3057//265
f 3201//369 3057//265 3058//368
f 3202//273 3058//368 3059//271
f 3203//274 3059//271 3060//369
f 3204//275 3060//369 3061//273
f 3205//276 3061//273 3062//1065
f 3062//1065 3064//1066 3208//1084
f 3208//1084 3064//1066 3066//587
f 3210//659 3066//587 3067//275
f 3211//376 3067//275 3068//588
f 3212//660 3068//588 3065//586
f 3065//586 3063//584 3207//656
f 3207//656 3063//584 3069//277
f 3213//377 3069//277 3070//376
f 3214//285 3070//376 3071//283
f 3215//286 3071//283 3072//377
f 3216//287 3072//377 3073//285
f 3217//288 3073//285 3074//589
f 3074//589 3076//591 3220//663
f 3220//663 3076//591 3078//593
f 3222//665 3078//593 3079//287
f 3223//384 3079//287 3080//594
f 3224//666 3080//594 3077//592
f 3077//592 3075//590 3219//662
f 3219//662 3075//590 3081//145
f 3225//289 3081//145 3082//384
f 3226//153 3082//384 3083//151
f 3227//154 3083//151 3084//289
f 3228//155 3084//289 3085//153
f 3229//156 3085//153 3086//929
f 3086//929 3088//930 3232//1087
f 3232//1087 3088//930 3090//599
f 3234//671 3090//599 3091//155
f 3235//296 3091//155 3092//600
f 3236//672 3092//600 3089//1068
f 3089//1068 3087//1067 3231//1086
f 3231//1086 3087//1067 3093//157
f 3237//297 3093//157 3094//296
f 3238//165 3094//296 3095//163
f 3239//166 3095//163 3096//297
f 3240//167 3096//297 3097//165
f 3241//168 3097//165 3098//1069
f 3098//1069 3100//1070 3244//1090
f 3244//1090 3100//1070 3102//533
f 3246//605 3102//533 3103//167
f 3247//304 3103//167 3104//534
f 3248//606 3104//534 3101//532
f 3101//532 3099//530 3243//602
f 3243//602 3099//530 3105//169
f 3249//305 3105//169 3106//304
f 3250//177 3106//304 3107//175
f 3251//178 3107//175 3108//305
f 3252//179 3108//305 3109//177
f 3253//180 3109//177 3110//535
f 3110//535 3112//537 3256//609
f 3256//609 3112//537 3114//539
f 3258//611 3114//539 3115//179
f 3259//312 3115//179 3116//540
f 3260//612 3116//540 3113//538
f 3113//538 3111//536 3255//608
f 3255//608 3111//536 3117//181
f 3261//313 3117//181 3118//312
f 3262//189 3118//312 3119//187
f 3263//190 3119//187 3120//313
f 3264//191 3120//313 3121//189
f 3265//192 3121//189 3122//935
f 3122//935 3124//936 3268//1093
f 3268//1093 3124//936 3126//545
f 3270//617 3126//545 3127//191
f 3271//320 3127//191 3128//546
f 3272//618 3128//546 3125//1072
f 3125//1072 3123//1071 3267//1092
f 3267//1092 3123//1071 3129//193
f 3273//321 3129//193 3130//320
f 3274//201 3130//320 3131//199
f 3275//202 3131//199 3132//321
f 3276//203 3132//321 3133//201
f 3277//204 3133//201 3134//1073
f 3134//1073 3136//1074 3280//1096
f 3280//1096 3136//1074 3138//551
f 3282//623 3138//551 3139//203
f 3283//328 3139//203 3140//552
f 3284//624 3140//552 3137//550
f 3137//550 3135//548 3279//620
f 3279//620 3135//548 3141//205
f 3285//329 3141//205 3142//328
f 3286//213 3142//328 3143//211
f 3287//214 3143//211 3144//329
f 3288//215 3144//329 3145//213
f 3289//216 3145//213 3146//553
f 3146//553 3148//555 3292//627
f 3292//627 3148//555 3150//557
f 3294//629 3150//557 3151//215
f 3295//336 3151//215 3152//558
f 3296//630 3152//558 3149//556
f 3149//556 3147//554 3291//626
f 3291//626 3147//554 3153//217
f 3297//337 3153//217 3154//336
f 3298//225 3154//336 3155//223
f 3299//226 3155//223 3156//337
f 3300//227 3156//337 3157//225
f 3301//228 3157//225 3158//917
f 3158//917 3160//918 3304//1099
f 3304//1099 3160//918 3162//563
f 3306//635 3162//563 3163//227
f 3307//344 3163//227 3164//564
f 3308//636 3164//564 3161//1076
f 3161//1076 3159//1075 3303//1098
f 3303//1098 3159//1075 3165//229
f 3309//345 3165//229 3166//344
f 3310//237 3166//344 3167//235
f 3311//238 3167//235 3168//345
f 3169//240 3313//247 3456//352
f 3313//247 3169//240 3170//1077
f 3170//1077 3172//1078 3316//958
f 3316//958 3172//1078 3174//641
f 3318//713 3174//641 3175//352
f 3319//249 3175//352 3176//642
f 3320//714 3176//642 3173//640
f 3173//640 3171//638 3315//710
f 3315//710 3171//638 3177//353
f 3321//251 3177//353 3178//249
f 3322//252 3178//249 3179//250
f 3323//253 3179//250 3180//251
f 3324//360 3180//251 3181//252
f 3325//259 3181//252 3182//643
f 3182//643 3184//645 3328//1102
f 3328//1102 3184//645 3186//647
f 3330//719 3186//647 3187//360
f 3331//261 3187//360 3188//648
f 3332//720 3188//648 3185//646
f 3185//646 3183//644 3327//716
f 3327//716 3183//644 3189//361
f 3333//263 3189//361 3190//261
f 3334//264 3190//261 3191//262
f 3335//265 3191//262 3192//263
f 3336//368 3192//263 3193//264
f 3337//271 3193//264 3194//1079
f 3194//1079 3196//1081 3340//1105
f 3340//1105 3196//1081 3198//653
f 3342//725 3198//653 3199//368
f 3343//273 3199//368 3200//654
f 3344//726 3200//654 3197//1082
f 3341//1106 3197//1082 3195//1080
f 3339//1104 3195//1080 3201//369
f 3345//275 3201//369 3202//273
f 3346//276 3202//273 3203//274
f 3347//277 3203//274 3204//275
f 3348//376 3204//275 3205//276
f 3349//283 3205//276 3206//1083
f 3206//1083 3208//1084 3352//962
f 3352//962 3208//1084 3210//659
f 3354//731 3210//659 3211//376
f 3355//285 3211//376 3212//660
f 3356//732 3212//660 3209//658
f 3209//658 3207//656 3351//728
f 3351//728 3207//656 3213//377
f 3357//287 3213//377 3214//285
f 3358//288 3214//285 3215//286
f 3359//145 3215//286 3216//287
f 3360//384 3216//287 3217//288
f 3361//151 3217//288 3218//661
f 3218//661 3220//663 3364//1108
f 3364//1108 3220//663 3222//665
f 3366//737 3222//665 3223//384
f 3367//153 3223//384 3224//666
f 3368//738 3224//666 3221//664
f 3221//664 3219//662 3363//734
f 3363//734 3219//662 3225//289
f 3369//155 3225//289 3226//153
f 3370//156 3226//153 3227//154
f 3371//157 3227//154 3228//155
f 3372//296 3228//155 3229//156
f 3373//163 3229//156 3230//1085
f 3230//1085 3232//1087 3376//1111
f 3376//1111 3232//1087 3234//671
f 3378//743 3234//671 3235//296
f 3379//165 3235//296 3236//672
f 3380//744 3236//672 3233//1088
f 3377//1112 3233//1088 3231//1086
f 3375//1110 3231//1086 3237//297
f 3381//167 3237//297 3238//165
f 3382//168 3238//165 3239//166
f 3383//169 3239//166 3240//167
f 3384//304 3240//167 3241//168
f 3385//175 3241//168 3242//1089
f 3242//1089 3244//1090 3388//966
f 3388//966 3244//1090 3246//605
f 3390//677 3246//605 3247//304
f 3391//177 3247//304 3248//606
f 3392//678 3248//606 3245//604
f 3245//604 3243//602 3387//674
f 3387//674 3243//602 3249//305
f 3393//179 3249//305 3250//177
f 3394//180 3250//177 3251//178
f 3395//181 3251//178 3252//179
f 3396//312 3252//179 3253//180
f 3397//187 3253//180 3254//607
f 3254//607 3256//609 3400//1114
f 3400//1114 3256//609 3258//611
f 3402//683 3258//611 3259//312
f 3403//189 3259//312 3260//612
f 3404//684 3260//612 3257//610
f 3257//610 3255//608 3399//680
f 3399//680 3255//608 3261//313
f 3405//191 3261//313 3262//189
f 3406//192 3262//189 3263//190
f 3407//193 3263//190 3264//191
f 3408//320 3264//191 3265//192
f 3409//199 3265//192 3266//1091
f 3266//1091 3268//1093 3412//1117
f 3412//1117 3268//1093 3270//617
f 3414//689 3270//617 3271//320
f 3415//201 3271//320 3272//618
f 3416//690 3272//618 3269//1094
f 3413//1118 3269//1094 3267//1092
f 3411//1116 3267//1092 3273//321
f 3417//203 3273//321 3274//201
f 3418//204 3274//201 3275//202
f 3419//205 3275//202 3276//203
f 3420//328 3276//203 3277//204
f 3421//211 3277//204 3278//1095
f 3278//1095 3280//1096 3424//954
f 3424//954 3280//1096 3282//623
f 3426//695 3282//623 3283//328
f 3427//213 3283//328 3284//624
f 3428//696 3284//624 3281//622
f 3281//622 3279//620 3423//692
f 3423//692 3279//620 3285//329
f 3429//215 3285//329 3286//213
f 3430//216 3286//213 3287//214
f 3431//217 3287//214 3288//215
f 3432//336 3288//215 3289//216
f 3433//223 3289//216 3290//625
f 3290//625 3292//627 3436//1120
f 3436//1120 3292//627 3294//629
f 3438//701 3294//629 3295//336
f 3439//225 3295//336 3296//630
f 3440//702 3296//630 3293//628
f 3293//628 3291//626 3435//698
f 3435//698 3291//626 3297//337
f 3441//227 3297//337 3298//225
f 3442//228 3298//225 3299//226
f 3443//229 3299//226 3300//227
f 3444//344 3300//227 3301//228
f 3445//235 3301//228 3302//1097
f 3302//1097 3304//1099 3448//1123
f 3448//1123 3304//1099 3306//635
f 3450//707 3306//635 3307//344
f 3451//237 3307//344 3308//636
f 3452//708 3308//636 3305//1100
f 3449//1124 3305//1100 3303//1098
f 3447//1122 3303//1098 3309//345
f 3453//239 3309//345 3310//237
f 3454//240 3310//237 3311//238
f 3455//241 3311//238 3312//239
f 3313//247 3457//250 3600//249
f 3457//250 3313//247 3314//957
f 3458//781 3314//957 3316//958
f 3460//783 3316//958 3318//713
f 3462//785 3318//713 3319//249
f 3463//252 3319//249 3320//714
f 3464//786 3320//714 3317//712
f 3317//712 3315//710 3459//782
f 3459//782 3315//710 3321//251
f 3465//360 3321//251 3322//252
f 3466//259 3322//252 3323//253
f 3467//361 3323//253 3324//360
f 3468//261 3324//360 3325//259
f 3469//262 3325//259 3326//1101
f 3470//1125 3326//1101 3328//1102
f 3472//1126 3328//1102 3330//719
f 3474//791 3330//719 3331//261
f 3475//264 3331//261 3332//720
f 3476//792 3332//720 3329//718
f 3329//718 3327//716 3471//788
f 3471//788 3327//716 3333//263
f 3477//368 3333//263 3334//264
f 3478//271 3334//264 3335//265
f 3479//369 3335//265 3336//368
f 3480//273 3336//368 3337//271
f 3481//274 3337//271 3338//1103
f 3482//1127 3338//1103 3340//1105
f 3484//1129 3340//1105 3342//725
f 3486//797 3342//725 3343//273
f 3487//276 3343//273 3344//726
f 3488//798 3344//726 3341//1106
f 3341//1106 3339//1104 3483//1128
f 3483//1128 3339//1104 3345//275
f 3489//376 3345//275 3346//276
f 3490//283 3346//276 3347//277
f 3491//377 3347//277 3348//376
f 3492//285 3348//376 3349//283
f 3493//286 3349//283 3350//961
f 3494//799 3350//961 3352//962
f 3496//801 3352//962 3354//731
f 3498//803 3354//731 3355//285
f 3499//288 3355//285 3356//732
f 3500//804 3356//732 3353//730
f 3353//730 3351//728 3495//800
f 3495//800 3351//728 3357//287
f 3501//384 3357//287 3358//288
f 3502//151 3358//288 3359//145
f 3503//289 3359//145 3360//384
f 3504//153 3360//384 3361//151
f 3505//154 3361//151 3362//1107
f 3506//1131 3362//1107 3364//1108
f 3508//1132 3364//1108 3366//737
f 3510//809 3366//737 3367//153
f 3511//156 3367//153 3368//738
f 3512//810 3368//738 3365//736
f 3365//736 3363//734 3507//806
f 3507//806 3363//734 3369//155
f 3513//296 3369//155 3370//156
f 3514//163 3370//156 3371//157
f 3515//297 3371//157 3372//296
f 3516//165 3372//296 3373//163
f 3517//166 3373//163 3374//1109
f 3518//1133 3374//1109 3376//1111
f 3520//1135 3376//1111 3378//743
f 3522//815 3378//743 3379//165
f 3523//168 3379//165 3380//744
f 3524//816 3380//744 3377//1112
f 3377//1112 3375//1110 3519//1134
f 3519//1134 3375//1110 3381//167
f 3525//304 3381//167 3382//168
f 3526//175 3382//168 3383//169
f 3527//305 3383//169 3384//304
f 3528//177 3384//304 3385//175
f 3529//178 3385//175 3386//965
f 3530//745 3386//965 3388//966
f 3532//747 3388//966 3390//677
f 3534//749 3390//677 3391//177
f 3535//180 3391//177 3392//678
f 3536//750 3392//678 3389//676
f 3389//676 3387//674 3531//746
f 3531//746 3387//674 3393//179
f 3537//312 3393//179 3394//180
f 3538//187 3394//180 3395//181
f 3539//313 3395//181 3396//312
f 3540//189 3396//312 3397//187
f 3541//190 3397//187 3398//1113
f 3542//1137 3398//1113 3400//1114
f 3544//1138 3400//1114 3402//683
f 3546//755 3402//683 3403//189
f 3547//192 3403//189 3404//684
f 3548//756 3404//684 3401//682
f 3401//682 3399//680 3543//752
f 3543//752 3399//680 3405//191
f 3549//320 3405//191 3406//192
f 3550//199 3406//192 3407//193
f 3551//321 3407//193 3408//320
f 3552//201 3408//320 3409//199
f 3553//202 3409//199 3410//1115
f 3554//1139 3410//1115 3412//1117
f 3556//1141 3412//1117 3414//689
f 3558//761 3414//689 3415//201
f 3559//204 3415//201 3416//690
f 3560//762 3416//690 3413//1118
f 3413//1118 3411//1116 3555//1140
f 3555//1140 3411//1116 3417//203
f 3561//328 3417//203 3418//204
f 3562//211 3418//204 3419//205
f 3563//329 3419//205 3420//328
f 3564//213 3420//328 3421//211
f 3565//214 3421//211 3422//953
f 3566//763 3422//953 3424//954
f 3568//765 3424//954 3426//695
f 3570//767 3426//695 3427//213
f 3571//216 3427//213 3428//696
f 3572//768 3428//696 3425//694
f 3425//694 3423//692 3567//764
f 3567//764 3423//692 3429//215
f 3573//336 3429//215 3430//216
f 3574//223 3430//216 3431//217
f 3575//337 3431//217 3432//336
f 3576//225 3432//336 3433//223
f 3577//226 3433//223 3434//1119
f 3578//1143 3434//1119 3436//1120
f 3580//1144 3436//1120 3438//701
f 3582//773 3438//701 3439//225
f 3583//228 3439//225 3440//702
f 3584//774 3440//702 3437//700
f 3437//700 3435//698 3579//770
f 3579//770 3435//698 3441//227
f 3585//344 3441//227 3442//228
f 3586//235 3442//228 3443//229
f 3587//345 3443//229 3444//344
f 3588//237 3444//344 3445//235
f 3589//238 3445//235 3446//1121
f 3590//1145 3446//1121 3448//1123
f 3592//1147 3448//1123 3450//707
f 3594//779 3450//707 3451//237
f 3595//240 3451//237 3452//708
f 3596//780 3452//708 3449//1124
f 3449//1124 3447//1122 3591//1146
f 3591//1146 3447//1122 3453//239
f 3597//352 3453//239 3454//240
f 3598//247 3454//240 3455//241
f 3599//353 3455//241 3456//352
f 3457//250 3601//253 3744//252
f 3601//253 3457//250 3458//781
f 3458//781 3460//783 3604//256
f 3604//256 3460//783 3462//785
f 3606//258 3462//785 3463//252
f 3607//259 3463//252 3464//786
f 3608//260 3464//786 3461//784
f 3461//784 3459//782 3603//1149
f 3603//1149 3459//782 3465//360
f 3609//261 3465//360 3466//259
f 3610//262 3466//259 3467//361
f 3611//263 3467//361 3468//261
f 3612//264 3468//261 3469//262
f 3613//265 3469//262 3470//1125
f 3614//999 3470//1125 3472//1126
f 3616//1000 3472//1126 3474//791
f 3618//270 3474//791 3475//264
f 3619//271 3475//264 3476//792
f 3620//272 3476//792 3473//790
f 3473//790 3471//788 3615//1151
f 3615//1151 3471//788 3477//368
f 3621//273 3477//368 3478//271
f 3622//274 3478//271 3479//369
f 3623//275 3479//369 3480//273
f 3624//276 3480//273 3481//274
f 3625//277 3481//274 3482//1127
f 3626//1001 3482//1127 3484//1129
f 3628//1003 3484//1129 3486//797
f 3630//282 3486//797 3487//276
f 3631//283 3487//276 3488//798
f 3632//284 3488//798 3485//1130
f 3485//1130 3483//1128 3627//279
f 3627//279 3483//1128 3489//376
f 3633//285 3489//376 3490//283
f 3634//286 3490//283 3491//377
f 3635//287 3491//377 3492//285
f 3636//288 3492//285 3493//286
f 3637//145 3493//286 3494//799
f 3494//799 3496//801 3640//148
f 3640//148 3496//801 3498//803
f 3642//150 3498//803 3499//288
f 3643//151 3499//288 3500//804
f 3644//152 3500//804 3497//802
f 3497//802 3495//800 3639//1153
f 3639//1153 3495//800 3501//384
f 3645//153 3501//384 3502//151
f 3646//154 3502//151 3503//289
f 3647//155 3503//289 3504//153
f 3648//156 3504//153 3505//154
f 3649//157 3505//154 3506//1131
f 3650//1005 3506//1131 3508//1132
f 3652//1006 3508//1132 3510//809
f 3654//162 3510//809 3511//156
f 3655//163 3511//156 3512//810
f 3656//164 3512//810 3509//808
f 3509//808 3507//806 3651//1155
f 3651//1155 3507//806 3513//296
f 3657//165 3513//296 3514//163
f 3658//166 3514//163 3515//297
f 3659//167 3515//297 3516//165
f 3660//168 3516//165 3517//166
f 3661//169 3517//166 3518//1133
f 3662//1007 3518//1133 3520//1135
f 3664//1009 3520//1135 3522//815
f 3666//174 3522//815 3523//168
f 3667//175 3523//168 3524//816
f 3668//176 3524//816 3521//1136
f 3521//1136 3519//1134 3663//171
f 3663//171 3519//1134 3525//304
f 3669//177 3525//304 3526//175
f 3670//178 3526//175 3527//305
f 3671//179 3527//305 3528//177
f 3672//180 3528//177 3529//178
f 3673//181 3529//178 3530//745
f 3530//745 3532//747 3676//184
f 3676//184 3532//747 3534//749
f 3678//186 3534//749 3535//180
f 3679//187 3535//180 3536//750
f 3680//188 3536//750 3533//748
f 3533//748 3531//746 3675//1157
f 3675//1157 3531//746 3537//312
f 3681//189 3537//312 3538//187
f 3682//190 3538//187 3539//313
f 3683//191 3539//313 3540//189
f 3684//192 3540//189 3541//190
f 3685//193 3541//190 3542//1137
f 3686//1011 3542//1137 3544//1138
f 3688//1012 3544//1138 3546//755
f 3690//198 3546//755 3547//192
f 3691//199 3547//192 3548//756
f 3692//200 3548//756 3545//754
f 3545//754 3543//752 3687//1159
f 3687//1159 3543//752 3549//320
f 3693//201 3549//320 3550//199
f 3694//202 3550//199 3551//321
f 3695//203 3551//321 3552//201
f 3696//204 3552//201 3553//202
f 3697//205 3553//202 3554//1139
f 3698//1013 3554//1139 3556//1141
f 3700//1015 3556//1141 3558//761
f 3702//210 3558//761 3559//204
f 3703//211 3559//204 3560//762
f 3704//212 3560//762 3557//1142
f 3557//1142 3555//1140 3699//207
f 3699//207 3555//1140 3561//328
f 3705//213 3561//328 3562//211
f 3706//214 3562//211 3563//329
f 3707//215 3563//329 3564//213
f 3708//216 3564//213 3565//214
f 3709//217 3565//214 3566//763
f 3566//763 3568//765 3712//220
f 3712//220 3568//765 3570//767
f 3714//222 3570//767 3571//216
f 3715//223 3571//216 3572//768
f 3716//224 3572//768 3569//766
f 3569//766 3567//764 3711//1161
f 3711//1161 3567//764 3573//336
f 3717//225 3573//336 3574//223
f 3718//226 3574//223 3575//337
f 3719//227 3575//337 3576//225
f 3720//228 3576//225 3577//226
f 3721//229 3577//226 3578//1143
f 3722//993 3578//1143 3580//1144
f 3724//994 3580//1144 3582//773
f 3726//234 3582//773 3583//228
f 3727//235 3583//228 3584//774
f 3728//236 3584//774 3581//772
f 3581//772 3579//770 3723//1163
f 3723//1163 3579//770 3585//344
f 3729//237 3585//344 3586//235
f 3730//238 3586//235 3587//345
f 3731//239 3587//345 3588//237
f 3732//240 3588//237 3589//238
f 3733//241 3589//238 3590//1145
f 3734//995 3590//1145 3592//1147
f 3736//997 3592//1147 3594//779
f 3738//246 3594//779 3595//240
f 3739//247 3595//240 3596//780
f 3740//248 3596//780 3593//1148
f 3593//1148 3591//1146 3735//243
f 3735//243 3591//1146 3597//352
f 3741//249 3597//352 3598//247
f 3742//250 3598//247 3599//353
f 3743//251 3599//353 3600//249
f 3601//253 3745//361 3888//259
f 3745//361 3601//253 3602//254
f 3602//254 3604//256 3748//1167
f 3748//1167 3604//256 3606//258
f 3750//366 3606//258 3607//259
f 3751//262 3607//259 3608//260
f 3752//367 3608//260 3605//1150
f 3749//1168 3605//1150 3603//1149
f 3747//1166 3603//1149 3609//261
f 3753//264 3609//261 3610//262
f 3754//265 3610//262 3611//263
f 3755//368 3611//263 3612//264
f 3756//271 3612//264 3613//265
f 3757//369 3613//265 3614//999
f 3614//999 3616//1000 3760//372
f 3760//372 3616//1000 3618//270
f 3762//374 3618//270 3619//271
f 3763//274 3619//271 3620//272
f 3764//375 3620//272 3617//1152
f 3761//1170 3617//1152 3615//1151
f 3759//1169 3615//1151 3621//273
f 3765//276 3621//273 3622//274
f 3766//277 3622//274 3623//275
f 3767//376 3623//275 3624//276
f 3768//283 3624//276 3625//277
f 3769//377 3625//277 3626//1001
f 3626//1001 3628//1003 3772//380
f 3772//380 3628//1003 3630//282
f 3774//382 3630//282 3631//283
f 3775//286 3631//283 3632//284
f 3776//383 3632//284 3629//281
f 3629//281 3627//279 3771//379
f 3771//379 3627//279 3633//285
f 3777//288 3633//285 3634//286
f 3778//145 3634//286 3635//287
f 3779//384 3635//287 3636//288
f 3780//151 3636//288 3637//145
f 3781//289 3637//145 3638//146
f 3638//146 3640//148 3784//1173
f 3784//1173 3640//148 3642//150
f 3786//294 3642//150 3643//151
f 3787//154 3643//151 3644//152
f 3788//295 3644//152 3641//1154
f 3785//1174 3641//1154 3639//1153
f 3783//1172 3639//1153 3645//153
f 3789//156 3645//153 3646//154
f 3790//157 3646//154 3647//155
f 3791//296 3647//155 3648//156
f 3792//163 3648//156 3649//157
f 3793//297 3649//157 3650//1005
f 3650//1005 3652//1006 3796//300
f 3796//300 3652//1006 3654//162
f 3798//302 3654//162 3655//163
f 3799//166 3655//163 3656//164
f 3800//303 3656//164 3653//1156
f 3797//1176 3653//1156 3651//1155
f 3795//1175 3651//1155 3657//165
f 3801//168 3657//165 3658//166
f 3802//169 3658//166 3659//167
f 3803//304 3659//167 3660//168
f 3804//175 3660//168 3661//169
f 3805//305 3661//169 3662//1007
f 3662//1007 3664//1009 3808//308
f 3808//308 3664//1009 3666//174
f 3810//310 3666//174 3667//175
f 3811//178 3667//175 3668//176
f 3812//311 3668//176 3665//173
f 3665//173 3663//171 3807//307
f 3807//307 3663//171 3669//177
f 3813//180 3669//177 3670//178
f 3814//181 3670//178 3671//179
f 3815//312 3671//179 3672//180
f 3816//187 3672//180 3673//181
f 3817//313 3673//181 3674//182
f 3674//182 3676//184 3820//1179
f 3820//1179 3676//184 3678//186
f 3822//318 3678//186 3679//187
f 3823//190 3679//187 3680//188
f 3824//319 3680//188 3677//1158
f 3821//1180 3677//1158 3675//1157
f 3819//1178 3675//1157 3681//189
f 3825//192 3681//189 3682//190
f 3826//193 3682//190 3683//191
f 3827//320 3683//191 3684//192
f 3828//199 3684//192 3685//193
f 3829//321 3685//193 3686//1011
f 3686//1011 3688//1012 3832//324
f 3832//324 3688//1012 3690//198
f 3834//326 3690//198 3691//199
f 3835//202 3691//199 3692//200
f 3836//327 3692//200 3689//1160
f 3833//1182 3689//1160 3687//1159
f 3831//1181 3687//1159 3693//201
f 3837//204 3693//201 3694//202
f 3838//205 3694//202 3695//203
f 3839//328 3695//203 3696//204
f 3840//211 3696//204 3697//205
f 3841//329 3697//205 3698//1013
f 3698//1013 3700//1015 3844//332
f 3844//332 3700//1015 3702//210
f 3846//334 3702//210 3703//211
f 3847//214 3703//211 3704//212
f 3848//335 3704//212 3701//209
f 3701//209 3699//207 3843//331
f 3843//331 3699//207 3705//213
f 3849//216 3705//213 3706//214
f 3850//217 3706//214 3707//215
f 3851//336 3707//215 3708//216
f 3852//223 3708//216 3709//217
f 3853//337 3709//217 3710//218
f 3710//218 3712//220 3856//1185
f 3856//1185 3712//220 3714//222
f 3858//342 3714//222 3715//223
f 3859//226 3715//223 3716//224
f 3860//343 3716//224 3713//1162
f 3857//1186 3713//1162 3711//1161
f 3855//1184 3711//1161 3717//225
f 3861//228 3717//225 3718//226
f 3862//229 3718//226 3719//227
f 3863//344 3719//227 3720//228
f 3864//235 3720//228 3721//229
f 3865//345 3721//229 3722//993
f 3722//993 3724//994 3868//348
f 3868//348 3724//994 3726//234
f 3870//350 3726//234 3727//235
f 3871//238 3727//235 3728//236
f 3872//351 3728//236 3725//1164
f 3869//1188 3725//1164 3723//1163
f 3867//1187 3723//1163 3729//237
f 3873//240 3729//237 3730//238
f 3874//241 3730//238 3731//239
f 3875//352 3731//239 3732//240
f 3876//247 3732//240 3733//241
f 3877//353 3733//241 3734//995
f 3734//995 3736//997 3880//356
f 3880//356 3736//997 3738//246
f 3882//358 3738//246 3739//247
f 3883//250 3739//247 3740//248
f 3884//359 3740//248 3737//245
f 3737//245 3735//243 3879//355
f 3879//355 3735//243 3741//249
f 3885//252 3741//249 3742//250
f 3886//253 3742//250 3743//251
f 3887//360 3743//251 3744//252
f 3745//361 3889//263 4032//262
f 3889//263 3745//361 3746//1165
f 3890//857 3746//1165 3748//1167
f 3892//859 3748//1167 3750//366
f 3894//443 3750//366 3751//262
f 3895//265 3751//262 3752//367
f 3896//444 3752//367 3749//1168
f 3749//1168 3747//1166 3891//858
f 3891//858 3747//1166 3753//264
f 3897//271 3753//264 3754//265
f 3898//369 3754//265 3755//368
f 3899//273 3755//368 3756//271
f 3900//274 3756//271 3757//369
f 3901//275 3757//369 3758//370
f 3758//370 3760//372 3904//447
f 3904//447 3760//372 3762//374
f 3906//449 3762//374 3763//274
f 3907//277 3763//274 3764//375
f 3908//450 3764//375 3761//1170
f 3761//1170 3759//1169 3903//1030
f 3903//1030 3759//1169 3765//276
f 3909//283 3765//276 3766//277
f 3910//377 3766//277 3767//376
f 3911//285 3767//376 3768//283
f 3912//286 3768//283 3769//377
f 3913//287 3769//377 3770//378
f 3770//378 3772//380 3916//453
f 3916//453 3772//380 3774//382
f 3918//455 3774//382 3775//286
f 3919//145 3775//286 3776//383
f 3920//456 3776//383 3773//381
f 3773//381 3771//379 3915//452
f 3915//452 3771//379 3777//288
f 3921//151 3777//288 3778//145
f 3922//289 3778//145 3779//384
f 3923//153 3779//384 3780//151
f 3924//154 3780//151 3781//289
f 3925//155 3781//289 3782//1171
f 3926//865 3782//1171 3784//1173
f 3928//867 3784//1173 3786//294
f 3930//389 3786//294 3787//154
f 3931//157 3787//154 3788//295
f 3932//390 3788//295 3785//1174
f 3785//1174 3783//1172 3927//866
f 3927//866 3783//1172 3789//156
f 3933//163 3789//156 3790//157
f 3934//297 3790//157 3791//296
f 3935//165 3791//296 3792//163
f 3936//166 3792//163 3793//297
f 3937//167 3793//297 3794//298
f 3794//298 3796//300 3940//393
f 3940//393 3796//300 3798//302
f 3942//395 3798//302 3799//166
f 3943//169 3799//166 3800//303
f 3944//396 3800//303 3797//1176
f 3797//1176 3795//1175 3939//1034
f 3939//1034 3795//1175 3801//168
f 3945//175 3801//168 3802//169
f 3946//305 3802//169 3803//304
f 3947//177 3803//304 3804//175
f 3948//178 3804//175 3805//305
f 3949//179 3805//305 3806//306
f 3806//306 3808//308 3952//399
f 3952//399 3808//308 3810//310
f 3954//401 3810//310 3811//178
f 3955//181 3811//178 3812//311
f 3956//402 3812//311 3809//309
f 3809//309 3807//307 3951//398
f 3951//398 3807//307 3813//180
f 3957//187 3813//180 3814//181
f 3958//313 3814//181 3815//312
f 3959//189 3815//312 3816//187
f 3960//190 3816//187 3817//313
f 3961//191 3817//313 3818//1177
f 3962//841 3818//1177 3820//1179
f 3964//843 3820//1179 3822//318
f 3966//407 3822//318 3823//190
f 3967//193 3823//190 3824//319
f 3968//408 3824//319 3821//1180
f 3821//1180 3819//1178 3963//842
f 3963//842 3819//1178 3825//192
f 3969//199 3825//192 3826//193
f 3970//321 3826//193 3827//320
f 3971//201 3827//320 3828//199
f 3972//202 3828//199 3829//321
f 3973//203 3829//321 3830//322
f 3830//322 3832//324 3976//411
f 3976//411 3832//324 3834//326
f 3978//413 3834//326 3835//202
f 3979//205 3835//202 3836//327
f 3980//414 3836//327 3833//1182
f 3833//1182 3831//1181 3975//1038
f 3975//1038 3831//1181 3837//204
f 3981//211 3837//204 3838//205
f 3982//329 3838//205 3839//328
f 3983//213 3839//328 3840//211
f 3984//214 3840//211 3841//329
f 3985//215 3841//329 3842//330
f 3842//330 3844//332 3988//417
f 3988//417 3844//332 3846//334
f 3990//419 3846//334 3847//214
f 3991//217 3847//214 3848//335
f 3992//420 3848//335 3845//333
f 3845//333 3843//331 3987//416
f 3987//416 3843//331 3849//216
f 3993//223 3849//216 3850//217
f 3994//337 3850//217 3851//336
f 3995//225 3851//336 3852//223
f 3996//226 3852//223 3853//337
f 3997//227 3853//337 3854//1183
f 3998//849 3854//1183 3856//1185
f 4000//851 3856//1185 3858//342
f 4002//425 3858//342 3859//226
f 4003//229 3859//226 3860//343
f 4004//426 3860//343 3857//1186
f 3857//1186 3855//1184 3999//850
f 3999//850 3855//1184 3861//228
f 4005//235 3861//228 3862//229
f 4006//345 3862//229 3863//344
f 4007//237 3863//344 3864//235
f 4008//238 3864//235 3865//345
f 4009//239 3865//345 3866//346
f 3866//346 3868//348 4012//429
f 4012//429 3868//348 3870//350
f 4014//431 3870//350 3871//238
f 4015//241 3871//238 3872//351
f 4016//432 3872//351 3869//1188
f 3869//1188 3867//1187 4011//1026
f 4011//1026 3867//1187 3873//240
f 4017//247 3873//240 3874//241
f 4018//353 3874//241 3875//352
f 4019//249 3875//352 3876//247
f 4020//250 3876//247 3877//353
f 4021//251 3877//353 3878//354
f 3878//354 3880//356 4024//435
f 4024//435 3880//356 3882//358
f 4026//437 3882//358 3883//250
f 4027//253 3883//250 3884//359
f 4028//438 3884//359 3881//357
f 3881//357 3879//355 4023//434
f 4023//434 3879//355 3885//252
f 4029//259 3885//252 3886//253
f 4030//361 3886//253 3887//360
f 4031//261 3887//360 3888//259
f 3889//263 4033//368 4176//265
f 4033//368 3889//263 3890//857
f 3890//857 3892//859 4036//895
f 4036//895 3892//859 3894//443
f 4038//515 3894//443 3895//265
f 4039//369 3895//265 3896//444
f 4040//516 3896//444 3893//860
f 3893//860 3891//858 4035//1189
f 4035//1189 3891//858 3897//271
f 4041//274 3897//271 3898//369
f 4042//275 3898//369 3899//273
f 4043//276 3899//273 3900//274
f 4044//277 3900//274 3901//275
f 4045//376 3901//275 3902//445
f 3902//445 3904//447 4048//1192
f 4048//1192 3904//447 3906//449
f 4050//521 3906//449 3907//277
f 4051//377 3907//277 3908//450
f 4052//522 3908//450 3905//1032
f 4049//1048 3905//1032 3903//1030
f 4047//1047 3903//1030 3909//283
f 4053//286 3909//283 3910//377
f 4054//287 3910//377 3911//285
f 4055//288 3911//285 3912//286
f 4056//145 3912//286 3913//287
f 4057//384 3913//287 3914//451
f 3914//451 3916//453 4060//525
f 4060//525 3916//453 3918//455
f 4062//527 3918//455 3919//145
f 4063//289 3919//145 3920//456
f 4064//528 3920//456 3917//454
f 3917//454 3915//452 4059//1193
f 4059//1193 3915//452 3921//151
f 4065//154 3921//151 3922//289
f 4066//155 3922//289 3923//153
f 4067//156 3923//153 3924//154
f 4068//157 3924//154 3925//155
f 4069//296 3925//155 3926//865
f 3926//865 3928//867 4072//905
f 4072//905 3928//867 3930//389
f 4074//461 3930//389 3931//157
f 4075//297 3931//157 3932//390
f 4076//462 3932//390 3929//868
f 3929//868 3927//866 4071//1195
f 4071//1195 3927//866 3933//163
f 4077//166 3933//163 3934//297
f 4078//167 3934//297 3935//165
f 4079//168 3935//165 3936//166
f 4080//169 3936//166 3937//167
f 4081//304 3937//167 3938//391
f 3938//391 3940//393 4084//1198
f 4084//1198 3940//393 3942//395
f 4086//467 3942//395 3943//169
f 4087//305 3943//169 3944//396
f 4088//468 3944//396 3941//1036
f 4085//1053 3941//1036 3939//1034
f 4083//1052 3939//1034 3945//175
f 4089//178 3945//175 3946//305
f 4090//179 3946//305 3947//177
f 4091//180 3947//177 3948//178
f 4092//181 3948//178 3949//179
f 4093//312 3949//179 3950//397
f 3950//397 3952//399 4096//471
f 4096//471 3952//399 3954//401
f 4098//473 3954//401 3955//181
f 4099//313 3955//181 3956//402
f 4100//474 3956//402 3953//400
f 3953//400 3951//398 4095//1199
f 4095//1199 3951//398 3957//187
f 4101//190 3957//187 3958//313
f 4102//191 3958//313 3959//189
f 4103//192 3959//189 3960//190
f 4104//193 3960//190 3961//191
f 4105//320 3961//191 3962//841
f 3962//841 3964//843 4108//875
f 4108//875 3964//843 3966//407
f 4110//479 3966//407 3967//193
f 4111//321 3967//193 3968//408
f 4112//480 3968//408 3965//844
f 3965//844 3963//842 4107//1201
f 4107//1201 3963//842 3969//199
f 4113//202 3969//199 3970//321
f 4114//203 3970//321 3971//201
f 4115//204 3971//201 3972//202
f 4116//205 3972//202 3973//203
f 4117//328 3973//203 3974//409
f 3974//409 3976//411 4120//1204
f 4120//1204 3976//411 3978//413
f 4122//485 3978//413 3979//205
f 4123//329 3979//205 3980//414
f 4124//486 3980//414 3977//1040
f 4121//1058 3977//1040 3975//1038
f 4119//1057 3975//1038 3981//211
f 4125//214 3981//211 3982//329
f 4126//215 3982//329 3983//213
f 4127//216 3983//213 3984//214
f 4128//217 3984//214 3985//215
f 4129//336 3985//215 3986//415
f 3986//415 3988//417 4132//489
f 4132//489 3988//417 3990//419
f 4134//491 3990//419 3991//217
f 4135//337 3991//217 3992//420
f 4136//492 3992//420 3989//418
f 3989//418 3987//416 4131//1205
f 4131//1205 3987//416 3993//223
f 4137//226 3993//223 3994//337
f 4138//227 3994//337 3995//225
f 4139//228 3995//225 3996//226
f 4140//229 3996//226 3997//227
f 4141//344 3997//227 3998//849
f 3998//849 4000//851 4144//885
f 4144//885 4000//851 4002//425
f 4146//497 4002//425 4003//229
f 4147//345 4003//229 4004//426
f 4148//498 4004//426 4001//852
f 4001//852 3999//850 4143//1207
f 4143//1207 3999//850 4005//235
f 4149//238 4005//235 4006//345
f 4150//239 4006//345 4007//237
f 4151//240 4007//237 4008//238
f 4152//241 4008//238 4009//239
f 4153//352 4009//239 4010//427
f 4010//427 4012//429 4156//1210
f 4156//1210 4012//429 4014//431
f 4158//503 4014//431 4015//241
f 4159//353 4015//241 4016//432
f 4160//504 4016//432 4013//1028
f 4157//1043 4013//1028 4011//1026
f 4155//1042 4011//1026 4017//247
f 4161//250 4017//247 4018//353
f 4162//251 4018//353 4019//249
f 4163//252 4019//249 4020//250
f 4164//253 4020//250 4021//251
f 4165//360 4021//251 4022//433
f 4022//433 4024//435 4168//507
f 4168//507 4024//435 4026//437
f 4170//509 4026//437 4027//253
f 4171//361 4027//253 4028//438
f 4172//510 4028//438 4025//436
f 4025//436 4023//434 4167//1211
f 4167//1211 4023//434 4029//259
f 4173//262 4029//259 4030//361
f 4174//263 4030//361 4031//261
f 4175//264 4031//261 4032//262
f 4033//368 4177//273 4320//369
f 4177//273 4033//368 4034//893
f 4034//893 4036//895 4180//585
f 4180//585 4036//895 4038//515
f 4182//587 4038//515 4039//369
f 4183//275 4039//369 4040//516
f 4184//588 4040//516 4037//1190
f 4037//1190 4035//1189 4179//584
f 4179//584 4035//1189 4041//274
f 4185//277 4041//274 4042//275
f 4186//376 4042//275 4043//276
f 4187//283 4043//276 4044//277
f 4188//377 4044//277 4045//376
f 4189//285 4045//376 4046//1191
f 4190//1213 4046//1191 4048//1192
f 4192//1214 4048//1192 4050//521
f 4194//593 4050//521 4051//377
f 4195//287 4051//377 4052//522
f 4196//594 4052//522 4049//1048
f 4049//1048 4047//1047 4191//590
f 4191//590 4047//1047 4053//286
f 4197//145 4053//286 4054//287
f 4198//384 4054//287 4055//288
f 4199//151 4055//288 4056//145
f 4200//289 4056//145 4057//384
f 4201//153 4057//384 4058//523
f 4058//523 4060//525 4204//930
f 4204//930 4060//525 4062//527
f 4206//599 4062//527 4063//289
f 4207//155 4063//289 4064//528
f 4208//600 4064//528 4061//1194
f 4061//1194 4059//1193 4203//1067
f 4203//1067 4059//1193 4065//154
f 4209//157 4065//154 4066//155
f 4210//296 4066//155 4067//156
f 4211//163 4067//156 4068//157
f 4212//297 4068//157 4069//296
f 4213//165 4069//296 4070//903
f 4070//903 4072//905 4216//531
f 4216//531 4072//905 4074//461
f 4218//533 4074//461 4075//297
f 4219//167 4075//297 4076//462
f 4220//534 4076//462 4073//1196
f 4073//1196 4071//1195 4215//530
f 4215//530 4071//1195 4077//166
f 4221//169 4077//166 4078//167
f 4222//304 4078//167 4079//168
f 4223//175 4079//168 4080//169
f 4224//305 4080//169 4081//304
f 4225//177 4081//304 4082//1197
f 4226//1215 4082//1197 4084//1198
f 4228//1216 4084//1198 4086//467
f 4230//539 4086//467 4087//305
f 4231//179 4087//305 4088//468
f 4232//540 4088//468 4085//1053
f 4085//1053 4083//1052 4227//536
f 4227//536 4083//1052 4089//178
f 4233//181 4089//178 4090//179
f 4234//312 4090//179 4091//180
f 4235//187 4091//180 4092//181
f 4236//313 4092//181 4093//312
f 4237//189 4093//312 4094//469
f 4094//469 4096//471 4240//936
f 4240//936 4096//471 4098//473
f 4242//545 4098//473 4099//313
f 4243//191 4099//313 4100//474
f 4244//546 4100//474 4097//1200
f 4097//1200 4095//1199 4239//1071
f 4239//1071 4095//1199 4101//190
f 4245//193 4101//190 4102//191
f 4246//320 4102//191 4103//192
f 4247//199 4103//192 4104//193
f 4248//321 4104//193 4105//320
f 4249//201 4105//320 4106//873
f 4106//873 4108//875 4252//549
f 4252//549 4108//875 4110//479
f 4254//551 4110//479 4111//321
f 4255//203 4111//321 4112//480
f 4256//552 4112//480 4109//1202
f 4109//1202 4107//1201 4251//548
f 4251//548 4107//1201 4113//202
f 4257//205 4113//202 4114//203
f 4258//328 4114//203 4115//204
f 4259//211 4115//204 4116//205
f 4260//329 4116//205 4117//328
f 4261//213 4117//328 4118//1203
f 4262//1217 4118//1203 4120//1204
f 4264//1218 4120//1204 4122//485
f 4266//557 4122//485 4123//329
f 4267//215 4123//329 4124//486
f 4268//558 4124//486 4121//1058
f 4121//1058 4119//1057 4263//554
f 4263//554 4119//1057 4125//214
f 4269//217 4125//214 4126//215
f 4270//336 4126//215 4127//216
f 4271//223 4127//216 4128//217
f 4272//337 4128//217 4129//336
f 4273//225 4129//336 4130//487
f 4130//487 4132//489 4276//918
f 4276//918 4132//489 4134//491
f 4278//563 4134//491 4135//337
f 4279//227 4135//337 4136//492
f 4280//564 4136//492 4133//1206
f 4133//1206 4131//1205 4275//1075
f 4275//1075 4131//1205 4137//226
f 4281//229 4137//226 4138//227
f 4282//344 4138//227 4139//228
f 4283//235 4139//228 4140//229
f 4284//345 4140//229 4141//344
f 4285//237 4141//344 4142//883
f 4142//883 4144//885 4288//567
f 4288//567 4144//885 4146//497
f 4290//569 4146//497 4147//345
f 4291//239 4147//345 4148//498
f 4292//570 4148//498 4145//1208
f 4145//1208 4143//1207 4287//566
f 4287//566 4143//1207 4149//238
f 4293//241 4149//238 4150//239
f 4294//352 4150//239 4151//240
f 4295//247 4151//240 4152//241
f 4296//353 4152//241 4153//352
f 4297//249 4153//352 4154//1209
f 4298//1219 4154//1209 4156//1210
f 4300//1220 4156//1210 4158//503
f 4302//575 4158//503 4159//353
f 4303//251 4159//353 4160//504
f 4304//576 4160//504 4157//1043
f 4157//1043 4155//1042 4299//572
f 4299//572 4155//1042 4161//250
f 4305//253 4161//250 4162//251
f 4306//360 4162//251 4163//252
f 4307//259 4163//252 4164//253
f 4308//361 4164//253 4165//360
f 4309//261 4165//360 4166//505
f 4166//505 4168//507 4312//924
f 4312//924 4168//507 4170//509
f 4314//581 4170//509 4171//361
f 4315//263 4171//361 4172//510
f 4316//582 4172//510 4169//1212
f 4169//1212 4167//1211 4311//1063
f 4311//1063 4167//1211 4173//262
f 4317//265 4173//262 4174//263
f 4318//368 4174//263 4175//264
f 4319//271 4175//264 4176//265
f 4177//273 4321//276 4464//275
f 4321//276 4177//273 4178//583
f 4322//655 4178//583 4180//585
f 4324//657 4180//585 4182//587
f 4326//659 4182//587 4183//275
f 4327//376 4183//275 4184//588
f 4328//660 4184//588 4181//586
f 4181//586 4179//584 4323//656
f 4323//656 4179//584 4185//277
f 4329//377 4185//277 4186//376
f 4330//285 4186//376 4187//283
f 4331//286 4187//283 4188//377
f 4332//287 4188//377 4189//285
f 4333//288 4189//285 4190//1213
f 4190//1213 4192//1214 4336//663
f 4336//663 4192//1214 4194//593
f 4338//665 4194//593 4195//287
f 4339//384 4195//287 4196//594
f 4340//666 4196//594 4193//592
f 4193//592 4191//590 4335//662
f 4335//662 4191//590 4197//145
f 4341//289 4197//145 4198//384
f 4342//153 4198//384 4199//151
f 4343//154 4199//151 4200//289
f 4344//155 4200//289 4201//153
f 4345//156 4201//153 4202//929
f 4202//929 4204//930 4348//948
f 4348//948 4204//930 4206//599
f 4350//671 4206//599 4207//155
f 4351//296 4207//155 4208//600
f 4352//672 4208//600 4205//1068
f 4205//1068 4203//1067 4347//668
f 4347//668 4203//1067 4209//157
f 4353//297 4209//157 4210//296
f 4354//165 4210//296 4211//163
f 4355//166 4211//163 4212//297
f 4356//167 4212//297 4213//165
f 4357//168 4213//165 4214//529
f 4358//601 4214//529 4216//531
f 4360//603 4216//531 4218//533
f 4362//605 4218//533 4219//167
f 4363//304 4219//167 4220//534
f 4364//606 4220//534 4217//532
f 4217//532 4215//530 4359//602
f 4359//602 4215//530 4221//169
f 4365//305 4221//169 4222//304
f 4366//177 4222//304 4223//175
f 4367//178 4223//175 4224//305
f 4368//179 4224//305 4225//177
f 4369//180 4225//177 4226//1215
f 4226//1215 4228//1216 4372//609
f 4372//609 4228//1216 4230//539
f 4374//611 4230//539 4231//179
f 4375//312 4231//179 4232//540
f 4376//612 4232//540 4229//538
f 4229//538 4227//536 4371//608
f 4371//608 4227//536 4233//181
f 4377//313 4233//181 4234//312
f 4378//189 4234//312 4235//187
f 4379//190 4235//187 4236//313
f 4380//191 4236//313 4237//189
f 4381//192 4237//189 4238//935
f 4238//935 4240//936 4384//952
f 4384//952 4240//936 4242//545
f 4386//617 4242//545 4243//191
f 4387//320 4243//191 4244//546
f 4388//618 4244//546 4241//1072
f 4241//1072 4239//1071 4383//614
f 4383//614 4239//1071 4245//193
f 4389//321 4245//193 4246//320
f 4390//201 4246//320 4247//199
f 4391//202 4247//199 4248//321
f 4392//203 4248//321 4249//201
f 4393//204 4249//201 4250//547
f 4394//619 4250//547 4252//549
f 4396//621 4252//549 4254//551
f 4398//623 4254//551 4255//203
f 4399//328 4255//203 4256//552
f 4400//624 4256//552 4253//550
f 4253//550 4251//548 4395//620
f 4395//620 4251//548 4257//205
f 4401//329 4257//205 4258//328
f 4402//213 4258//328 4259//211
f 4403//214 4259//211 4260//329
f 4404//215 4260//329 4261//213
f 4405//216 4261//213 4262//1217
f 4262//1217 4264//1218 4408//627
f 4408//627 4264//1218 4266//557
f 4410//629 4266//557 4267//215
f 4411//336 4267//215 4268//558
f 4412//630 4268//558 4265//556
f 4265//556 4263//554 4407//626
f 4407//626 4263//554 4269//217
f 4413//337 4269//217 4270//336
f 4414//225 4270//336 4271//223
f 4415//226 4271//223 4272//337
f 4416//227 4272//337 4273//225
f 4417//228 4273//225 4274//917
f 4274//917 4276//918 4420//940
f 4420//940 4276//918 4278//563
f 4422//635 4278//563 4279//227
f 4423//344 4279//227 4280//564
f 4424//636 4280//564 4277//1076
f 4277//1076 4275//1075 4419//632
f 4419//632 4275//1075 4281//229
f 4425//345 4281//229 4282//344
f 4426//237 4282//344 4283//235
f 4427//238 4283//235 4284//345
f 4428//239 4284//345 4285//237
f 4429//240 4285//237 4286//565
f 4430//637 4286//565 4288//567
f 4432//639 4288//567 4290//569
f 4434//641 4290//569 4291//239
f 4435//352 4291//239 4292//570
f 4436//642 4292//570 4289//568
f 4289//568 4287//566 4431//638
f 4431//638 4287//566 4293//241
f 4437//353 4293//241 4294//352
f 4438//249 4294//352 4295//247
f 4439//250 4295//247 4296//353
f 4440//251 4296//353 4297//249
f 4441//252 4297//249 4298//1219
f 4298//1219 4300//1220 4444//645
f 4444//645 4300//1220 4302//575
f 4446//647 4302//575 4303//251
f 4447//360 4303//251 4304//576
f 4448//648 4304//576 4301//574
f 4301//574 4299//572 4443//644
f 4443//644 4299//572 4305//253
f 4449//361 4305//253 4306//360
f 4450//261 4306//360 4307//259
f 4451//262 4307//259 4308//361
f 4452//263 4308//361 4309//261
f 4453//264 4309//261 4310//923
f 4310//923 4312//924 4456//944
f 4456//944 4312//924 4314//581
f 4458//653 4314//581 4315//263
f 4459//368 4315//263 4316//582
f 4460//654 4316//582 4313//1064
f 4313//1064 4311//1063 4455//650
f 4455//650 4311//1063 4317//265
f 4461//369 4317//265 4318//368
f 4462//273 4318//368 4319//271
f 4463//274 4319//271 4320//369
f 4321//276 4465//1221 4608//1364
f 4465//1221 4321//276 4322//655
f 4466//1222 4322//655 4324//657
f 4468//1224 4324//657 4326//659
f 4470//1226 4326//659 4327//376
f 4471//1227 4327//376 4328//660
f 4472//1228 4328//660 4325//658
f 4325//658 4323//656 4467//1223
f 4467//1223 4323//656 4329//377
f 4473//1229 4329//377 4330//285
f 4474//1230 4330//285 4331//286
f 4475//1231 4331//286 4332//287
f 4476//1232 4332//287 4333//288
f 4477//1233 4333//288 4334//661
f 4334//661 4336//663 4480//1236
f 4480//1236 4336//663 4338//665
f 4482//1238 4338//665 4339//384
f 4483//1239 4339//384 4340//666
f 4484//1240 4340//666 4337//664
f 4337//664 4335//662 4479//1235
f 4479//1235 4335//662 4341//289
f 4485//1241 4341//289 4342//153
f 4486//1242 4342//153 4343//154
f 4487//1243 4343//154 4344//155
f 4488//1244 4344//155 4345//156
f 4489//1245 4345//156 4346//947
f 4490//1246 4346//947 4348//948
f 4492//1248 4348//948 4350//671
f 4494//1250 4350//671 4351//296
f 4495//1251 4351//296 4352//672
f 4496//1252 4352//672 4349//670
f 4349//670 4347//668 4491//1247
f 4491//1247 4347//668 4353//297
f 4497//1253 4353//297 4354//165
f 4498//1254 4354//165 4355//166
f 4499//1255 4355//166 4356//167
f 4500//1256 4356//167 4357//168
f 4501//1257 4357//168 4358//601
f 4502//1258 4358//601 4360//603
f 4504//1260 4360//603 4362//605
f 4506//1262 4362//605 4363//304
f 4507//1263 4363//304 4364//606
f 4508//1264 4364//606 4361//604
f 4361//604 4359//602 4503//1259
f 4503//1259 4359//602 4365//305
f 4509//1265 4365//305 4366//177
f 4510//1266 4366//177 4367//178
f 4511//1267 4367//178 4368//179
f 4512//1268 4368//179 4369//180
f 4513//1269 4369//180 4370//607
f 4370//607 4372//609 4516//1272
f 4516//1272 4372//609 4374//611
f 4518//1274 4374//611 4375//312
f 4519//1275 4375//312 4376//612
f 4520//1276 4376//612 4373//610
f 4373//610 4371//608 4515//1271
f 4515//1271 4371//608 4377//313
f 4521//1277 4377//313 4378//189
f 4522//1278 4378//189 4379//190
f 4523//1279 4379//190 4380//191
f 4524//1280 4380//191 4381//192
f 4525//1281 4381//192 4382//951
f 4526//1282 4382//951 4384//952
f 4528//1284 4384//952 4386//617
f 4530//1286 4386//617 4387//320
f 4531//1287 4387//320 4388//618
f 4532//1288 4388//618 4385//616
f 4385//616 4383//614 4527//1283
f 4527//1283 4383//614 4389//321
f 4533//1289 4389//321 4390//201
f 4534//1290 4390//201 4391//202
f 4535//1291 4391//202 4392//203
f 4536//1292 4392//203 4393//204
f 4537//1293 4393//204 4394//619
f 4538//1294 4394//619 4396//621
f 4540//1296 4396//621 4398//623
f 4542//1298 4398//623 4399//328
f 4543//1299 4399//328 4400//624
f 4544//1300 4400//624 4397//622
f 4397//622 4395//620 4539//1295
f 4539//1295 4395//620 4401//329
f 4545//1301 4401//329 4402//213
f 4546//1302 4402//213 4403//214
f 4547//1303 4403//214 4404//215
f 4548//1304 4404//215 4405//216
f 4549//1305 4405//216 4406//625
f 4406//625 4408//627 4552//1308
f 4552//1308 4408//627 4410//629
f 4554//1310 4410//629 4411//336
f 4555//1311 4411//336 4412//630
f 4556//1312 4412//630 4409//628
f 4409//628 4407//626 4551//1307
f 4551//1307 4407//626 4413//337
f 4557//1313 4413//337 4414//225
f 4558//1314 4414//225 4415//226
f 4559//1315 4415//226 4416//227
f 4560//1316 4416//227 4417//228
f 4561//1317 4417//228 4418//939
f 4562//1318 4418//939 4420//940
f 4564//1320 4420//940 4422//635
f 4566//1322 4422//635 4423//344
f 4567//1323 4423//344 4424//636
f 4568//1324 4424//636 4421//634
f 4421//634 4419//632 4563//1319
f 4563//1319 4419//632 4425//345
f 4569//1325 4425//345 4426//237
f 4570//1326 4426//237 4427//238
f 4571//1327 4427//238 4428//239
f 4572//1328 4428//239 4429//240
f 4573//1329 4429//240 4430//637
f 4574//1330 4430//637 4432//639
f 4576//1332 4432//639 4434//641
f 4578//1334 4434//641 4435//352
f 4579//1335 4435//352 4436//642
f 4580//1336 4436//642 4433//640
f 4433//640 4431//638 4575//1331
f 4575//1331 4431//638 4437//353
f 4581//1337 4437//353 4438//249
f 4582//1338 4438//249 4439//250
f 4583//1339 4439//250 4440//251
f 4584//1340 4440//251 4441//252
f 4585//1341 4441//252 4442//643
f 4442//643 4444//645 4588//1344
f 4588//1344 4444//645 4446//647
f 4590//1346 4446//647 4447//360
f 4591//1347 4447//360 4448//648
f 4592//1348 4448//648 4445//646
f 4445//646 4443//644 4587//1343
f 4587//1343 4443//644 4449//361
f 4593//1349 4449//361 4450//261
f 4594//1350 4450//261 4451//262
f 4595//1351 4451//262 4452//263
f 4596//1352 4452//263 4453//264
f 4597//1353 4453//264 4454//943
f 4598//1354 4454//943 4456//944
f 4600//1356 4456//944 4458//653
f 4602//1358 4458//653 4459//368
f 4603//1359 4459//368 4460//654
f 4604//1360 4460//654 4457//652
f 4457//652 4455//650 4599//1355
f 4599//1355 4455//650 4461//369
f 4605//1361 4461//369 4462//273
f 4606//1362 4462//273 4463//274
f 4607//1363 4463//274 4464//275
