# Blender 4.4.1
# www.blender.org
mtllib mat29Cores.mtl
o torusknot
v 9.484517 0.767355 1.003858
v 9.472283 0.701213 0.963940
v 9.436780 0.641782 0.927533
v 9.381482 0.594881 0.898202
v 9.311802 0.565100 0.878817
v 9.234562 0.555354 0.871276
v 9.157321 0.566598 0.876318
v 9.087642 0.597731 0.893447
v 9.032343 0.645705 0.920989
v 8.996840 0.705824 0.956247
v 8.984606 0.772204 0.995769
v 8.996840 0.838347 1.035687
v 9.032343 0.897777 1.072093
v 9.087642 0.944679 1.101424
v 9.157321 0.974460 1.120809
v 9.234562 0.984205 1.128350
v 9.311802 0.972961 1.123309
v 9.381482 0.941828 1.106179
v 9.436780 0.893854 1.078637
v 9.472283 0.833735 1.043380
v 9.485886 0.809480 0.933435
v 9.473636 0.743483 0.893283
v 9.438151 0.684666 0.855874
v 9.382908 0.638786 0.824872
v 9.313313 0.610335 0.803310
v 9.236177 0.602098 0.793300
v 9.159053 0.614880 0.795821
v 9.089488 0.647431 0.810627
v 9.034294 0.696564 0.836267
v 8.998872 0.757470 0.870233
v 8.986691 0.824187 0.909199
v 8.998941 0.890184 0.949352
v 9.034425 0.949002 0.986760
v 9.089668 0.994881 1.017763
v 9.159264 1.023332 1.039324
v 9.236400 1.031570 1.049334
v 9.313524 1.018788 1.046813
v 9.383088 0.986237 1.032008
v 9.438282 0.937103 1.006367
v 9.473704 0.876197 0.972402
v 9.490333 0.850951 0.863233
v 9.477982 0.785020 0.823003
v 9.442478 0.726768 0.784739
v 9.387298 0.681897 0.752186
v 9.317842 0.654800 0.728531
v 9.240910 0.648129 0.716089
v 9.164031 0.662537 0.716079
v 9.094731 0.696614 0.728501
v 9.039795 0.747024 0.752139
v 9.004599 0.808832 0.784679
v 8.992588 0.875989 0.822937
v 9.004939 0.941921 0.863167
v 9.040442 1.000173 0.901431
v 9.095623 1.045043 0.933983
v 9.165079 1.072141 0.957638
v 9.242011 1.078812 0.970080
v 9.318890 1.064404 0.970091
v 9.388189 1.030327 0.957669
v 9.443126 0.979917 0.934031
v 9.478322 0.918108 0.901490
v 9.497811 0.891208 0.793498
v 9.485214 0.825280 0.753339
v 9.449599 0.767574 0.714358
v 9.394451 0.723739 0.680371
v 9.325169 0.698065 0.654705
v 9.248533 0.693066 0.639873
v 9.172048 0.709231 0.637326
v 9.103197 0.744978 0.647314
v 9.048722 0.796807 0.668858
v 9.013955 0.859646 0.699851
v 9.002300 0.927342 0.737258
v 9.014896 0.993270 0.777417
v 9.050511 1.050976 0.816398
v 9.105659 1.094811 0.850385
v 9.174942 1.120485 0.876050
v 9.251577 1.125484 0.890882
v 9.328064 1.109319 0.893429
v 9.396914 1.073572 0.883442
v 9.451388 1.021743 0.861897
v 9.486156 0.958904 0.830905
v 9.508245 0.929715 0.724494
v 9.495205 0.863750 0.684538
v 9.459341 0.806603 0.644966
v 9.404163 0.763870 0.609651
v 9.335073 0.739732 0.582049
v 9.258833 0.736553 0.564864
v 9.182907 0.754643 0.559777
v 9.114726 0.792233 0.567286
v 9.060966 0.845642 0.586656
v 9.026887 0.909642 0.615991
v 9.015826 0.977969 0.652419
v 9.028867 1.043934 0.692375
v 9.064731 1.101081 0.731947
v 9.119908 1.143814 0.767263
v 9.188999 1.167952 0.794864
v 9.265239 1.171131 0.812049
v 9.341165 1.153041 0.817136
v 9.409346 1.115451 0.809628
v 9.463106 1.062042 0.790258
v 9.497185 0.998042 0.760923
v 9.521524 0.965973 0.656508
v 9.507800 0.899955 0.616869
v 9.471518 0.843415 0.576810
v 9.416228 0.801886 0.540253
v 9.347345 0.779435 0.510775
v 9.271610 0.778259 0.491262
v 9.196437 0.798472 0.483625
v 9.129184 0.838097 0.488611
v 9.076434 0.893254 0.505731
v 9.043351 0.958544 0.533311
v 9.033175 1.027577 0.568650
v 9.046899 1.093595 0.608289
v 9.083181 1.150135 0.648348
v 9.138470 1.191663 0.684905
v 9.207354 1.214115 0.714383
v 9.283089 1.215291 0.733896
v 9.358262 1.195078 0.741533
v 9.425515 1.155453 0.736547
v 9.478265 1.100296 0.719427
v 9.511347 1.035005 0.691847
v 9.537498 0.999531 0.589846
v 9.522820 0.933475 0.550615
v 9.485932 0.877620 0.510149
v 9.430446 0.837435 0.472409
v 9.361792 0.816852 0.441089
v 9.286691 0.817886 0.419256
v 9.212494 0.840437 0.409045
v 9.146464 0.882297 0.411458
v 9.095066 0.939368 0.426257
v 9.063329 1.006063 0.451994
v 9.054360 1.075855 0.486150
v 9.069038 1.141911 0.525381
v 9.105926 1.197766 0.565847
v 9.161412 1.237951 0.603587
v 9.230066 1.258534 0.634907
v 9.305167 1.257500 0.656740
v 9.379364 1.234949 0.666951
v 9.445393 1.193089 0.664538
v 9.496792 1.136019 0.649739
v 9.528529 1.069323 0.624002
v 9.555973 1.030001 0.524839
v 9.540059 0.963951 0.486081
v 9.502379 0.908893 0.445256
v 9.446620 0.870215 0.406360
v 9.378242 0.851703 0.373200
v 9.303935 0.855170 0.349023
v 9.230976 0.880276 0.336195
v 9.166505 0.924564 0.335971
v 9.116834 0.983698 0.348374
v 9.086823 1.051891 0.372189
v 9.079413 1.122465 0.405086
v 9.095326 1.188515 0.443844
v 9.133007 1.243573 0.484669
v 9.188766 1.282251 0.523565
v 9.257145 1.300763 0.556724
v 9.331450 1.297296 0.580902
v 9.404410 1.272190 0.593730
v 9.468881 1.227902 0.593954
v 9.518553 1.168768 0.581551
v 9.548562 1.100576 0.557735
v 9.576718 1.057065 0.461832
v 9.559291 0.991099 0.423585
v 9.520646 0.936974 0.382415
v 9.464569 0.899986 0.342351
v 9.396546 0.883757 0.307314
v 9.323238 0.889876 0.280735
v 9.251821 0.917742 0.265216
v 9.189283 0.964629 0.262274
v 9.141748 1.025947 0.272199
v 9.113870 1.095694 0.294019
v 9.108375 1.167042 0.325598
v 9.125803 1.233007 0.363844
v 9.164447 1.287133 0.405014
v 9.220525 1.324120 0.445078
v 9.288547 1.340349 0.480115
v 9.361855 1.334231 0.506694
v 9.433272 1.306364 0.522213
v 9.495810 1.259477 0.525155
v 9.543344 1.198159 0.515230
v 9.571223 1.128413 0.493410
v 9.599463 1.080492 0.401180
v 9.580265 1.014718 0.363455
v 9.540522 0.961681 0.321916
v 9.484124 0.926572 0.280630
v 9.416592 0.912829 0.243636
v 9.344537 0.921795 0.214557
v 9.275011 0.952595 0.196240
v 9.214821 1.002212 0.190476
v 9.169858 1.065790 0.197831
v 9.144524 1.137106 0.217584
v 9.141298 1.209178 0.247802
v 9.160497 1.274952 0.285526
v 9.200239 1.327989 0.327065
v 9.256638 1.363098 0.368352
v 9.324169 1.376842 0.405345
v 9.396224 1.367875 0.434424
v 9.465750 1.337075 0.452742
v 9.525940 1.287458 0.458506
v 9.570903 1.223880 0.451151
v 9.596237 1.152564 0.431398
v 9.623908 1.100144 0.343236
v 9.602720 1.034694 0.306016
v 9.561794 0.982909 0.264048
v 9.505136 0.949857 0.221442
v 9.438292 0.938774 0.182367
v 9.367804 0.950745 0.150648
v 9.300571 0.984598 0.129391
v 9.243178 1.037018 0.120675
v 9.201241 1.102876 0.125355
v 9.178864 1.175724 0.142973
v 9.178238 1.248432 0.171803
v 9.199426 1.313882 0.209023
v 9.240352 1.365667 0.250990
v 9.297009 1.398719 0.293597
v 9.363854 1.409802 0.332672
v 9.434342 1.397831 0.364391
v 9.501574 1.363979 0.385648
v 9.558968 1.311558 0.394363
v 9.600905 1.245700 0.389683
v 9.623282 1.172852 0.372066
v 9.649735 1.115982 0.288334
v 9.626393 1.051007 0.251575
v 9.584268 1.000630 0.209083
v 9.527479 0.969784 0.165020
v 9.461589 0.961488 0.123697
v 9.393046 0.976554 0.089160
v 9.328560 1.013507 0.064790
v 9.274443 1.068730 0.052971
v 9.235991 1.136817 0.054862
v 9.216970 1.211104 0.070277
v 9.219242 1.284319 0.097706
v 9.242584 1.349295 0.134466
v 9.284711 1.399671 0.176957
v 9.341498 1.430517 0.221021
v 9.407389 1.438813 0.262344
v 9.475932 1.423747 0.296880
v 9.540418 1.386794 0.321251
v 9.594536 1.331571 0.333069
v 9.632986 1.263484 0.331178
v 9.652007 1.189197 0.315764
v 9.676626 1.128065 0.236769
v 9.651030 1.063720 0.200404
v 9.607759 1.014887 0.157265
v 9.551051 0.986347 0.111574
v 9.486456 0.980894 0.067805
v 9.420298 0.999060 0.030243
v 9.359052 1.039068 0.002562
v 9.308713 1.097002 -0.012525
v 9.274209 1.167190 -0.013544
v 9.258918 1.242763 -0.000394
v 9.264337 1.316321 0.025638
v 9.289933 1.380666 0.062004
v 9.333203 1.429499 0.105143
v 9.389912 1.458039 0.150833
v 9.454507 1.463493 0.194602
v 9.520665 1.445326 0.232165
v 9.581911 1.405318 0.259845
v 9.632250 1.347384 0.274933
v 9.666754 1.277196 0.275952
v 9.682044 1.201624 0.262801
v 9.704279 1.136541 0.188780
v 9.676395 1.072977 0.152722
v 9.632115 1.025785 0.108790
v 9.575772 0.999583 0.061283
v 9.512883 0.996936 0.014851
v 9.449604 1.018104 -0.025960
v 9.392128 1.061013 -0.057155
v 9.346081 1.121465 -0.075682
v 9.315971 1.193542 -0.079726
v 9.304747 1.270187 -0.068891
v 9.313504 1.343899 -0.044238
v 9.341389 1.407463 -0.008181
v 9.385669 1.454655 0.035751
v 9.442011 1.480857 0.083259
v 9.504900 1.483504 0.129690
v 9.568180 1.462336 0.170501
v 9.625656 1.419427 0.201697
v 9.671702 1.358975 0.220223
v 9.701813 1.286898 0.224267
v 9.713037 1.210253 0.213432
v 9.732430 1.141633 0.144525
v 9.702297 1.078984 0.108677
v 9.657214 1.033474 0.063797
v 9.601591 1.009557 0.014279
v 9.540874 1.009575 -0.035031
v 9.481008 1.033526 -0.079305
v 9.427850 1.079065 -0.114210
v 9.386605 1.141736 -0.136329
v 9.361311 1.215402 -0.143497
v 9.354443 1.292854 -0.135012
v 9.366673 1.366509 -0.111704
v 9.396805 1.429158 -0.075856
v 9.441889 1.474669 -0.030976
v 9.497511 1.498586 0.018542
v 9.558228 1.498568 0.067852
v 9.618094 1.474617 0.112126
v 9.671252 1.429077 0.147031
v 9.712497 1.366407 0.169150
v 9.737791 1.292740 0.176317
v 9.744659 1.215289 0.167832
v 9.760870 1.143617 0.104071
v 9.728595 1.081985 0.068327
v 9.682976 1.038133 0.022350
v 9.628478 1.016353 -0.029357
v 9.570438 1.018778 -0.081734
v 9.514536 1.045170 -0.129654
v 9.466244 1.092946 -0.168426
v 9.430288 1.157429 -0.194255
v 9.410191 1.232307 -0.204612
v 9.407916 1.310251 -0.198483
v 9.423689 1.383630 -0.176469
v 9.455965 1.445263 -0.140725
v 9.501584 1.489115 -0.094749
v 9.556081 1.510895 -0.043041
v 9.614121 1.508470 0.009336
v 9.670024 1.482077 0.057256
v 9.718316 1.434301 0.096028
v 9.754271 1.369818 0.121856
v 9.774369 1.294940 0.132213
v 9.776643 1.216997 0.126085
v 9.789473 1.142787 0.067384
v 9.755212 1.082236 0.031639
v 9.709368 1.039947 -0.015562
v 9.656429 1.020059 -0.069598
v 9.601579 1.024518 -0.125180
v 9.550183 1.052889 -0.176867
v 9.507276 1.102394 -0.219601
v 9.477056 1.168187 -0.249196
v 9.462481 1.243829 -0.262758
v 9.464978 1.321914 -0.258958
v 9.484303 1.394799 -0.238167
v 9.518564 1.455350 -0.202422
v 9.564408 1.497639 -0.155221
v 9.617347 1.517527 -0.101185
v 9.672198 1.513068 -0.045603
v 9.723593 1.484697 0.006084
v 9.766500 1.435192 0.048818
v 9.796721 1.369398 0.078413
v 9.811296 1.293757 0.091975
v 9.808798 1.215672 0.088174
v 9.818198 1.139423 0.034337
v 9.782150 1.079976 -0.001504
v 9.736415 1.039085 -0.050022
v 9.685468 1.020751 -0.106469
v 9.634296 1.026770 -0.165318
v 9.587911 1.056552 -0.220809
v 9.550850 1.107182 -0.267511
v 9.526743 1.173705 -0.300851
v 9.517948 1.249607 -0.317567
v 9.525329 1.327460 -0.316021
v 9.548160 1.399643 -0.296366
v 9.584208 1.459089 -0.260525
v 9.629944 1.499981 -0.212006
v 9.680891 1.518314 -0.155560
v 9.732061 1.512296 -0.096711
v 9.778448 1.482513 -0.041219
v 9.815508 1.431883 0.005482
v 9.839616 1.365361 0.038823
v 9.848410 1.289459 0.055538
v 9.841030 1.211606 0.053993
v 9.847099 1.133754 0.004731
v 9.809487 1.075393 -0.031286
v 9.764188 1.035673 -0.081169
v 9.715634 1.018484 -0.140033
v 9.668579 1.025507 -0.202117
v 9.627629 1.056056 -0.261344
v 9.596793 1.107139 -0.311916
v 9.579088 1.173757 -0.348883
v 9.576249 1.249388 -0.368626
v 9.588552 1.326629 -0.369213
v 9.614794 1.397920 -0.350586
v 9.652405 1.456281 -0.314568
v 9.697704 1.496001 -0.264686
v 9.746259 1.513190 -0.205822
v 9.793313 1.506167 -0.143737
v 9.834263 1.475618 -0.084510
v 9.865100 1.424535 -0.033938
v 9.882804 1.357917 0.003029
v 9.885644 1.282286 0.022772
v 9.873341 1.205045 0.023358
v 9.876307 1.125932 -0.021670
v 9.837365 1.068600 -0.057925
v 9.792806 1.029782 -0.109165
v 9.746990 1.013278 -0.170373
v 9.704403 1.020703 -0.235559
v 9.669214 1.051331 -0.298341
v 9.644868 1.102163 -0.352575
v 9.633747 1.168224 -0.392950
v 9.636940 1.243048 -0.415515
v 9.654134 1.319309 -0.418062
v 9.683647 1.389544 -0.400340
v 9.722589 1.446876 -0.364085
v 9.767149 1.485694 -0.312845
v 9.812964 1.502198 -0.251637
v 9.855552 1.494773 -0.186451
v 9.890740 1.464145 -0.123669
v 9.915087 1.413313 -0.069435
v 9.926208 1.347251 -0.029060
v 9.923015 1.272428 -0.006495
v 9.905821 1.196167 -0.003948
v 9.906009 1.116018 -0.045099
v 9.865964 1.059629 -0.081631
v 9.822405 1.021415 -0.134169
v 9.779593 1.005118 -0.197569
v 9.741722 1.012332 -0.265625
v 9.712497 1.042351 -0.331675
v 9.694778 1.092237 -0.389255
v 9.690302 1.157107 -0.432727
v 9.699506 1.230611 -0.457836
v 9.721488 1.305553 -0.462125
v 9.754098 1.374598 -0.445173
v 9.794142 1.430987 -0.408641
v 9.837702 1.469200 -0.356103
v 9.880513 1.485498 -0.292703
v 9.918385 1.478284 -0.224647
v 9.947610 1.448264 -0.158596
v 9.965328 1.398378 -0.101017
v 9.969804 1.333508 -0.057545
v 9.960601 1.260005 -0.032436
v 9.938619 1.185063 -0.028147
v 9.936399 1.103986 -0.065742
v 9.895468 1.048433 -0.102572
v 9.853115 1.010522 -0.156302
v 9.813487 0.993963 -0.221673
v 9.780462 1.000378 -0.292285
v 9.757275 1.029138 -0.361228
v 9.746193 1.077429 -0.421752
v 9.748302 1.140522 -0.467933
v 9.763395 1.212244 -0.495250
v 9.789995 1.285571 -0.501029
v 9.825500 1.353328 -0.484705
v 9.866430 1.408881 -0.447875
v 9.908783 1.446792 -0.394145
v 9.948412 1.463351 -0.328774
v 9.981436 1.456936 -0.258162
v 10.004624 1.428176 -0.189219
v 10.015706 1.379885 -0.128695
v 10.013597 1.316791 -0.082514
v 9.998504 1.245070 -0.055197
v 9.971903 1.171743 -0.049418
v 9.967649 1.089748 -0.083718
v 9.926027 1.034912 -0.120846
v 9.885032 0.997012 -0.175627
v 9.848677 0.979759 -0.242699
v 9.820521 0.984841 -0.315495
v 9.803320 1.011761 -0.386891
v 9.798759 1.057883 -0.449898
v 9.807282 1.118694 -0.498348
v 9.828056 1.188240 -0.527498
v 9.859049 1.259713 -0.534495
v 9.897224 1.326118 -0.518654
v 9.938848 1.380954 -0.481526
v 9.979842 1.418854 -0.426745
v 10.016197 1.436107 -0.359674
v 10.044353 1.431025 -0.286877
v 10.061554 1.404105 -0.215481
v 10.066115 1.357982 -0.152474
v 10.057592 1.297172 -0.104025
v 10.036818 1.227626 -0.074875
v 10.005825 1.156152 -0.067877
v 9.999865 1.073186 -0.099065
v 9.957726 1.018942 -0.136478
v 9.918185 0.980788 -0.192145
v 9.885116 0.962459 -0.260617
v 9.861753 0.965750 -0.335191
v 9.850385 0.990339 -0.408568
v 9.852123 1.033817 -0.473564
v 9.866798 1.091930 -0.523818
v 9.892975 1.158989 -0.554411
v 9.928088 1.228429 -0.562347
v 9.968703 1.293454 -0.546850
v 10.010842 1.347698 -0.509436
v 10.050383 1.385852 -0.453769
v 10.083452 1.404180 -0.385297
v 10.106815 1.400889 -0.310723
v 10.118183 1.376301 -0.237347
v 10.116445 1.332823 -0.172350
v 10.101769 1.274710 -0.122096
v 10.075593 1.207651 -0.091504
v 10.040480 1.138211 -0.083568
v 10.033065 1.054196 -0.111749
v 9.990561 1.000418 -0.149423
v 9.952530 0.961776 -0.205800
v 9.922695 0.942051 -0.275361
v 9.903976 0.943175 -0.351297
v 9.898206 0.965037 -0.426175
v 9.905948 1.005497 -0.492665
v 9.926446 1.060596 -0.544259
v 9.957693 1.124939 -0.575906
v 9.996631 1.192228 -0.584509
v 10.039446 1.255876 -0.569225
v 10.081950 1.309654 -0.531551
v 10.119981 1.348296 -0.475174
v 10.149816 1.368021 -0.405613
v 10.168535 1.366898 -0.329677
v 10.174306 1.345036 -0.254799
v 10.166563 1.304575 -0.188309
v 10.146065 1.249477 -0.136715
v 10.114818 1.185134 -0.105068
v 10.075881 1.117845 -0.096465
v 10.067178 1.032717 -0.121683
v 10.024445 0.979283 -0.159586
v 9.987944 0.939950 -0.216495
v 9.961248 0.918568 -0.286837
v 9.946971 0.917229 -0.363729
v 9.946511 0.936066 -0.439643
v 9.959911 0.973233 -0.507148
v 9.985862 1.025093 -0.559636
v 10.021821 1.086570 -0.591970
v 10.064270 1.151645 -0.600985
v 10.109053 1.213949 -0.585797
v 10.151786 1.267383 -0.547894
v 10.188287 1.306716 -0.490986
v 10.214982 1.328098 -0.420643
v 10.229259 1.329437 -0.343752
v 10.229719 1.310600 -0.267838
v 10.216318 1.273433 -0.200333
v 10.190369 1.221573 -0.147844
v 10.154409 1.160096 -0.115510
v 10.111960 1.095021 -0.106496
v 10.102047 1.008755 -0.128754
v 10.059202 0.955546 -0.166847
v 10.024229 0.915351 -0.224112
v 10.000553 0.892104 -0.294942
v 9.990490 0.888081 -0.372405
v 9.995026 0.903676 -0.448918
v 10.013716 0.937361 -0.516990
v 10.044730 0.985841 -0.569960
v 10.085034 1.044368 -0.602641
v 10.130682 1.107215 -0.611835
v 10.177205 1.168229 -0.596642
v 10.220050 1.221437 -0.558549
v 10.255022 1.261632 -0.501284
v 10.278698 1.284879 -0.430453
v 10.288761 1.288902 -0.352991
v 10.284226 1.273307 -0.276478
v 10.265536 1.239622 -0.208405
v 10.234522 1.191143 -0.155436
v 10.194218 1.132615 -0.122754
v 10.148570 1.069769 -0.113560
v 10.137446 0.982394 -0.132841
v 10.094596 0.929295 -0.171082
v 10.061138 0.888092 -0.228535
v 10.040348 0.862819 -0.299577
v 10.034262 0.855948 -0.377254
v 10.043473 0.868153 -0.453962
v 10.067081 0.898239 -0.522192
v 10.102777 0.943260 -0.575266
v 10.147063 0.998811 -0.607989
v 10.195607 1.059452 -0.617157
v 10.243656 1.119249 -0.601873
v 10.286506 1.172348 -0.563632
v 10.319963 1.213550 -0.506179
v 10.340754 1.238824 -0.435137
v 10.346840 1.245695 -0.357460
v 10.337628 1.233490 -0.280752
v 10.314020 1.203404 -0.212522
v 10.278325 1.158382 -0.159448
v 10.234038 1.102832 -0.126725
v 10.185494 1.042190 -0.117557
v 10.173100 0.953796 -0.133843
v 10.130340 0.900696 -0.172182
v 10.098377 0.858360 -0.229662
v 10.080342 0.830931 -0.300658
v 10.078000 0.821096 -0.378219
v 10.091579 0.829815 -0.454753
v 10.119751 0.856237 -0.522769
v 10.159758 0.897774 -0.575609
v 10.207684 0.950361 -0.608100
v 10.258837 1.008851 -0.617062
v 10.308209 1.067517 -0.601618
v 10.350970 1.120617 -0.563279
v 10.382933 1.162953 -0.505799
v 10.400968 1.190382 -0.434804
v 10.403310 1.200217 -0.357243
v 10.389730 1.191498 -0.280708
v 10.361559 1.165076 -0.212692
v 10.321552 1.123538 -0.159853
v 10.273626 1.070951 -0.127361
v 10.222474 1.012462 -0.118399
v 10.208702 0.923200 -0.131685
v 10.166119 0.869989 -0.170067
v 10.135633 0.826407 -0.227418
v 10.120230 0.796719 -0.298124
v 10.121415 0.783832 -0.375263
v 10.139074 0.789008 -0.451285
v 10.171477 0.811739 -0.518748
v 10.215454 0.849801 -0.571048
v 10.266700 0.899467 -0.603066
v 10.320196 0.955876 -0.611667
v 10.370708 1.013507 -0.596010
v 10.413292 1.066718 -0.557628
v 10.443777 1.110300 -0.500277
v 10.459181 1.139988 -0.429571
v 10.457995 1.152875 -0.352432
v 10.440336 1.147699 -0.276410
v 10.407932 1.124968 -0.208947
v 10.363955 1.086906 -0.156647
v 10.312711 1.037240 -0.124629
v 10.259214 0.980831 -0.116028
v 10.243928 0.890902 -0.126329
v 10.201604 0.837472 -0.164694
v 10.172580 0.792541 -0.221762
v 10.159696 0.760506 -0.291945
v 10.164214 0.744503 -0.368375
v 10.185693 0.746099 -0.443568
v 10.222028 0.765137 -0.510166
v 10.269663 0.799754 -0.561648
v 10.323936 0.846561 -0.592976
v 10.379535 0.900977 -0.601083
v 10.431015 0.957675 -0.585175
v 10.473339 1.011104 -0.546809
v 10.502363 1.056036 -0.489742
v 10.515246 1.088071 -0.419558
v 10.510728 1.104073 -0.343129
v 10.489250 1.102478 -0.267936
v 10.452915 1.083439 -0.201338
v 10.405279 1.048822 -0.149855
v 10.351007 1.002015 -0.118528
v 10.295408 0.947599 -0.110421
v 10.278453 0.857250 -0.117781
v 10.236465 0.803494 -0.156061
v 10.208892 0.757115 -0.212688
v 10.198433 0.722653 -0.282120
v 10.206112 0.703480 -0.357562
v 10.231177 0.701474 -0.431627
v 10.271175 0.716830 -0.497066
v 10.322191 0.748047 -0.547473
v 10.379230 0.792067 -0.577914
v 10.436709 0.844583 -0.585410
v 10.489003 0.900453 -0.569226
v 10.530991 0.954208 -0.530947
v 10.558564 1.000587 -0.474319
v 10.569023 1.035050 -0.404887
v 10.561343 1.054222 -0.329445
v 10.536278 1.056229 -0.255381
v 10.496280 1.040872 -0.189942
v 10.445265 1.009655 -0.139534
v 10.388226 0.965635 -0.109093
v 10.330746 0.913120 -0.101597
v 10.311959 0.822629 -0.106091
v 10.270380 0.768440 -0.144205
v 10.244254 0.720517 -0.200230
v 10.236139 0.683550 -0.268681
v 10.246830 0.661159 -0.342858
v 10.275280 0.655534 -0.415501
v 10.318705 0.667226 -0.479497
v 10.372852 0.695092 -0.528584
v 10.432423 0.736402 -0.557955
v 10.491586 0.787114 -0.564736
v 10.544549 0.842264 -0.548264
v 10.586129 0.896452 -0.510150
v 10.612255 0.944375 -0.454125
v 10.620369 0.981342 -0.385674
v 10.609678 1.003734 -0.311497
v 10.581228 1.009359 -0.238855
v 10.537805 0.997666 -0.174858
v 10.483657 0.969801 -0.125772
v 10.424086 0.928490 -0.096400
v 10.364923 0.877778 -0.089619
v 10.344143 0.787448 -0.091354
v 10.303041 0.732719 -0.129212
v 10.278363 0.683155 -0.184460
v 10.272527 0.643608 -0.251690
v 10.286101 0.617949 -0.324321
v 10.317760 0.608689 -0.395243
v 10.364403 0.616735 -0.457514
v 10.421463 0.641300 -0.505039
v 10.483357 0.679979 -0.533164
v 10.544025 0.728985 -0.539138
v 10.597529 0.783522 -0.522375
v 10.638632 0.838251 -0.484517
v 10.663309 0.887815 -0.429269
v 10.669146 0.927362 -0.362039
v 10.655571 0.953021 -0.289408
v 10.623912 0.962281 -0.218486
v 10.577270 0.954235 -0.156215
v 10.520208 0.929670 -0.108690
v 10.458315 0.890991 -0.080565
v 10.397647 0.841985 -0.074591
v 10.374719 0.752129 -0.073704
v 10.334159 0.696752 -0.111203
v 10.310936 0.645450 -0.165487
v 10.307323 0.603244 -0.231241
v 10.323673 0.574268 -0.302029
v 10.358386 0.561356 -0.370922
v 10.408064 0.565773 -0.431176
v 10.467844 0.587086 -0.476893
v 10.531874 0.623209 -0.503598
v 10.593887 0.670607 -0.508677
v 10.647812 0.724639 -0.491632
v 10.688372 0.780017 -0.454133
v 10.711595 0.831319 -0.399849
v 10.715208 0.873524 -0.334095
v 10.698857 0.902501 -0.263307
v 10.664145 0.915413 -0.194414
v 10.614467 0.910996 -0.134160
v 10.554688 0.889683 -0.088443
v 10.490657 0.853559 -0.061738
v 10.428644 0.806162 -0.056659
v 10.403426 0.717093 -0.053320
v 10.363472 0.660959 -0.090342
v 10.341713 0.607821 -0.143453
v 10.340278 0.562880 -0.207455
v 10.359307 0.530535 -0.276081
v 10.396938 0.513953 -0.342616
v 10.449489 0.514756 -0.400545
v 10.511812 0.532867 -0.444199
v 10.577810 0.566511 -0.469304
v 10.641022 0.612397 -0.473403
v 10.695258 0.666032 -0.456094
v 10.735212 0.722166 -0.419072
v 10.756971 0.775304 -0.365961
v 10.758407 0.820245 -0.301960
v 10.739377 0.852590 -0.233333
v 10.701746 0.869172 -0.166798
v 10.649196 0.868369 -0.108869
v 10.586872 0.850258 -0.065215
v 10.520874 0.816613 -0.040110
v 10.457663 0.770728 -0.036011
v 10.430033 0.682747 -0.030418
v 10.390744 0.625750 -0.066827
v 10.370458 0.570680 -0.118534
v 10.371161 0.522927 -0.180479
v 10.392782 0.487166 -0.246597
v 10.433208 0.466898 -0.310416
v 10.488481 0.464106 -0.365689
v 10.553188 0.479064 -0.407007
v 10.620997 0.510307 -0.430323
v 10.685271 0.554778 -0.433356
v 10.739717 0.608122 -0.415809
v 10.779007 0.665119 -0.379400
v 10.799293 0.720190 -0.327693
v 10.798591 0.767942 -0.265748
v 10.776968 0.803703 -0.199630
v 10.736543 0.823971 -0.135811
v 10.681271 0.826763 -0.080538
v 10.616563 0.811806 -0.039221
v 10.548753 0.780562 -0.015904
v 10.484480 0.736092 -0.012871
v 10.454338 0.649476 -0.005245
v 10.415769 0.591511 -0.040888
v 10.396964 0.534418 -0.090934
v 10.399765 0.483784 -0.150485
v 10.423897 0.444566 -0.213711
v 10.466997 0.420604 -0.274424
v 10.524849 0.414242 -0.326680
v 10.591787 0.426104 -0.365365
v 10.661261 0.455028 -0.386690
v 10.726468 0.498183 -0.388570
v 10.781027 0.551345 -0.370820
v 10.819596 0.609310 -0.335178
v 10.838402 0.666404 -0.285131
v 10.835601 0.717037 -0.225580
v 10.811469 0.756255 -0.162354
v 10.768368 0.780217 -0.101641
v 10.710517 0.786579 -0.049385
v 10.643579 0.774717 -0.010701
v 10.574105 0.745793 0.010625
v 10.508898 0.702638 0.012505
v 10.476176 0.617626 0.021922
v 10.438376 0.558594 -0.012780
v 10.421057 0.499394 -0.060878
v 10.425911 0.445823 -0.117663
v 10.452466 0.403124 -0.177575
v 10.498120 0.375476 -0.234752
v 10.558407 0.365586 -0.283596
v 10.627423 0.374423 -0.319325
v 10.698414 0.401121 -0.338443
v 10.764430 0.443066 -0.339077
v 10.819009 0.496154 -0.321167
v 10.856809 0.555186 -0.286464
v 10.874129 0.614386 -0.238366
v 10.869274 0.667957 -0.181582
v 10.842720 0.710656 -0.121669
v 10.797065 0.738304 -0.064492
v 10.736778 0.748193 -0.015649
v 10.667762 0.739357 0.020081
v 10.596771 0.712659 0.039198
v 10.530755 0.670714 0.039833
v 10.495419 0.587493 0.050795
v 10.458433 0.527299 0.017227
v 10.442594 0.465927 -0.028605
v 10.449449 0.409384 -0.082213
v 10.478328 0.363205 -0.138350
v 10.526404 0.331910 -0.191521
v 10.588972 0.318562 -0.236522
v 10.659906 0.324468 -0.268947
v 10.732264 0.349051 -0.285623
v 10.798961 0.389902 -0.284916
v 10.853470 0.443025 -0.266897
v 10.890454 0.503219 -0.233329
v 10.906294 0.564591 -0.187498
v 10.899439 0.621134 -0.133890
v 10.870560 0.667313 -0.077752
v 10.822483 0.698608 -0.024581
v 10.759916 0.711956 0.020420
v 10.688982 0.706050 0.052845
v 10.616625 0.681467 0.069520
v 10.549927 0.640615 0.068814
v 10.511977 0.559308 0.081082
v 10.475846 0.497871 0.048863
v 10.461470 0.434283 0.005646
v 10.470255 0.374767 -0.044340
v 10.501342 0.325149 -0.096202
v 10.551687 0.290287 -0.144862
v 10.616364 0.273592 -0.185558
v 10.689040 0.276700 -0.214307
v 10.762602 0.299305 -0.228293
v 10.829848 0.339195 -0.226148
v 10.884197 0.392466 -0.208082
v 10.920328 0.453903 -0.175864
v 10.934705 0.517491 -0.132646
v 10.925920 0.577007 -0.082660
v 10.894833 0.626625 -0.030799
v 10.844486 0.661487 0.017862
v 10.779810 0.678182 0.058558
v 10.707134 0.675074 0.087306
v 10.633573 0.652469 0.101292
v 10.566326 0.612579 0.099148
v 10.525805 0.533233 0.112511
v 10.490559 0.470486 0.081877
v 10.477613 0.404669 0.041646
v 10.488236 0.342225 -0.004242
v 10.521388 0.289266 -0.051298
v 10.573823 0.250976 -0.094914
v 10.640409 0.231103 -0.130821
v 10.714628 0.231592 -0.155504
v 10.789214 0.252397 -0.166548
v 10.856868 0.291479 -0.162870
v 10.910965 0.345014 -0.144831
v 10.946212 0.407761 -0.114198
v 10.959157 0.473578 -0.073967
v 10.948534 0.536022 -0.028079
v 10.915382 0.588982 0.018977
v 10.862947 0.627272 0.062593
v 10.796361 0.647145 0.098500
v 10.722142 0.646655 0.123183
v 10.647556 0.625851 0.134227
v 10.579903 0.586768 0.130549
v 10.536890 0.509351 0.144854
v 10.502550 0.445246 0.116057
v 10.490984 0.377231 0.079206
v 10.503326 0.311962 0.037907
v 10.538366 0.255829 -0.003798
v 10.592675 0.214328 -0.041825
v 10.660937 0.191519 -0.072453
v 10.736469 0.189637 -0.092683
v 10.811878 0.208864 -0.100535
v 10.879784 0.247320 -0.095240
v 10.933537 0.301239 -0.077318
v 10.967876 0.365344 -0.048521
v 10.979443 0.433360 -0.011670
v 10.967101 0.498629 0.029629
v 10.932060 0.554761 0.071334
v 10.877751 0.596263 0.109361
v 10.809489 0.619071 0.139989
v 10.733957 0.620954 0.160218
v 10.658548 0.601726 0.168071
v 10.590643 0.563271 0.162776
v 10.545246 0.487674 0.177952
v 10.511826 0.422188 0.151258
v 10.501568 0.352054 0.118184
v 10.515477 0.284137 0.081967
v 10.552194 0.225085 0.046151
v 10.608122 0.180678 0.014244
v 10.677787 0.155264 -0.010631
v 10.754371 0.151330 -0.026041
v 10.830376 0.169261 -0.030475
v 10.898361 0.207303 -0.023501
v 10.951674 0.261730 -0.005801
v 10.985096 0.327216 0.020893
v 10.995354 0.397350 0.053967
v 10.981443 0.465268 0.090185
v 10.944727 0.524320 0.126000
v 10.888800 0.568726 0.157907
v 10.819134 0.594140 0.182782
v 10.742551 0.598074 0.198192
v 10.666546 0.580143 0.202626
v 10.598559 0.542102 0.195652
v 10.550901 0.468153 0.211741
v 10.518401 0.401292 0.187422
v 10.509358 0.329178 0.158514
v 10.524656 0.258868 0.127848
v 10.562799 0.197246 0.098424
v 10.620052 0.150342 0.073124
v 10.690811 0.122750 0.054423
v 10.768150 0.117168 0.044152
v 10.844498 0.134145 0.043317
v 10.912382 0.172017 0.051999
v 10.965157 0.227079 0.069349
v 10.997657 0.293939 0.093668
v 11.006700 0.366053 0.122576
v 10.991402 0.436363 0.153242
v 10.953259 0.497986 0.182666
v 10.896006 0.544889 0.207967
v 10.825247 0.572482 0.226667
v 10.747908 0.578063 0.236938
v 10.671559 0.561086 0.237773
v 10.603676 0.523214 0.229091
v 10.553875 0.450708 0.246265
v 10.522289 0.382513 0.224591
v 10.514347 0.308617 0.200212
v 10.530828 0.236255 0.175514
v 10.570116 0.172508 0.152914
v 10.628367 0.123618 0.134625
v 10.699879 0.094370 0.122437
v 10.777651 0.087626 0.117543
v 10.854071 0.104047 0.120422
v 10.921658 0.142026 0.130793
v 10.973796 0.197845 0.147639
v 11.005382 0.266040 0.169313
v 11.013323 0.339935 0.193692
v 10.996843 0.412298 0.218390
v 10.957555 0.476044 0.240990
v 10.899303 0.524935 0.259279
v 10.827792 0.554183 0.271467
v 10.750020 0.560927 0.276361
v 10.673600 0.544505 0.273482
v 10.606013 0.506526 0.263111
v 10.554162 0.435262 0.281673
v 10.523474 0.365808 0.262904
v 10.516506 0.290391 0.243368
v 10.533943 0.216393 0.224977
v 10.574078 0.151059 0.209532
v 10.632979 0.100782 0.198543
v 10.704884 0.070485 0.193087
v 10.782752 0.063133 0.193699
v 10.858962 0.079446 0.200317
v 10.926054 0.117828 0.212294
v 10.977461 0.174520 0.228459
v 11.008149 0.243974 0.247228
v 11.015116 0.319392 0.266764
v 10.997680 0.393389 0.285155
v 10.957546 0.458724 0.300600
v 10.898643 0.509001 0.311589
v 10.826739 0.539298 0.317045
v 10.748871 0.546650 0.316433
v 10.672661 0.530336 0.309815
v 10.605568 0.491955 0.297837
v 10.551715 0.421783 0.318200
v 10.521899 0.351180 0.302575
v 10.515772 0.274553 0.288131
v 10.533933 0.199401 0.276284
v 10.574606 0.133082 0.268192
v 10.633808 0.082088 0.264648
v 10.705745 0.051409 0.265998
v 10.783375 0.044049 0.272111
v 10.859098 0.060729 0.282388
v 10.925505 0.099815 0.295823
v 10.976091 0.157483 0.311102
v 11.005907 0.228085 0.326727
v 11.012034 0.304713 0.341170
v 10.993874 0.379864 0.353018
v 10.953200 0.446183 0.361110
v 10.893998 0.497178 0.364654
v 10.822062 0.527856 0.363303
v 10.744431 0.535216 0.357190
v 10.668708 0.518536 0.346913
v 10.602303 0.479450 0.333478
v 10.546439 0.410308 0.356125
v 10.517463 0.338701 0.343850
v 10.512039 0.261214 0.334670
v 10.530699 0.185432 0.329484
v 10.571615 0.118774 0.328798
v 10.630783 0.067764 0.332681
v 10.702411 0.037396 0.340752
v 10.779488 0.030642 0.352221
v 10.854467 0.048164 0.365966
v 10.920012 0.088245 0.380640
v 10.969704 0.146964 0.394808
v 10.998680 0.218571 0.407083
v 11.004105 0.296058 0.416263
v 10.985445 0.371840 0.421449
v 10.944529 0.438498 0.422135
v 10.885361 0.489508 0.418252
v 10.813732 0.519876 0.410181
v 10.736656 0.526630 0.398712
v 10.661675 0.509108 0.384967
v 10.596131 0.469027 0.370293
v 10.538198 0.400968 0.395717
v 10.510022 0.328529 0.386960
v 10.505171 0.250556 0.383129
v 10.524117 0.174683 0.384597
v 10.565008 0.108335 0.391221
v 10.623840 0.058008 0.402352
v 10.694855 0.028628 0.416902
v 10.771100 0.023070 0.433445
v 10.845113 0.041880 0.450362
v 10.909649 0.083215 0.465998
v 10.958389 0.143029 0.478822
v 10.986566 0.215468 0.487578
v 10.991417 0.293441 0.491410
v 10.972470 0.369314 0.489942
v 10.931580 0.435662 0.483318
v 10.872747 0.485989 0.472187
v 10.801733 0.515369 0.457637
v 10.725488 0.520927 0.441094
v 10.651475 0.502117 0.424176
v 10.586939 0.460782 0.408540
v 10.526833 0.393982 0.437184
v 10.499411 0.320908 0.432066
v 10.495007 0.242829 0.433579
v 10.514051 0.167389 0.441576
v 10.554682 0.101971 0.455274
v 10.612921 0.052980 0.473331
v 10.683066 0.025210 0.493981
v 10.758252 0.021381 0.515201
v 10.831120 0.041866 0.534916
v 10.894535 0.084662 0.551194
v 10.942291 0.145578 0.562443
v 10.969713 0.218651 0.567561
v 10.974117 0.296730 0.566047
v 10.955071 0.372170 0.558050
v 10.914441 0.437588 0.544353
v 10.856203 0.486579 0.526295
v 10.786057 0.514349 0.505646
v 10.710871 0.518178 0.484425
v 10.638004 0.497693 0.464711
v 10.574589 0.454898 0.448433
v 10.512184 0.389639 0.480637
v 10.485457 0.316143 0.479222
v 10.481385 0.238326 0.485994
v 10.500365 0.163805 0.500289
v 10.540539 0.099874 0.520708
v 10.597975 0.052793 0.545252
v 10.667049 0.027169 0.571518
v 10.741003 0.025511 0.596937
v 10.812595 0.047980 0.619018
v 10.874819 0.092378 0.635602
v 10.921582 0.154359 0.645064
v 10.948308 0.227855 0.646479
v 10.952381 0.305672 0.639707
v 10.933401 0.380193 0.625412
v 10.893228 0.444123 0.604993
v 10.835792 0.491204 0.580449
v 10.766716 0.516828 0.554182
v 10.692762 0.518487 0.528764
v 10.621170 0.496017 0.506682
v 10.558948 0.451619 0.490099
v 10.494118 0.388267 0.526062
v 10.468018 0.314569 0.528358
v 10.464164 0.237353 0.540224
v 10.482933 0.164178 0.560500
v 10.522489 0.102207 0.587200
v 10.578959 0.057507 0.617711
v 10.646815 0.034452 0.649047
v 10.719416 0.035299 0.678140
v 10.789654 0.059966 0.702142
v 10.850654 0.106038 0.718704
v 10.896445 0.169005 0.726204
v 10.922544 0.242703 0.723908
v 10.926399 0.319919 0.712042
v 10.907629 0.393094 0.691766
v 10.868073 0.455065 0.665066
v 10.811604 0.499765 0.634555
v 10.743748 0.522820 0.603219
v 10.671146 0.521973 0.574126
v 10.600908 0.497306 0.550124
v 10.539908 0.451234 0.533563
v 10.472538 0.390197 0.573324
v 10.446980 0.316513 0.579274
v 10.443232 0.240198 0.596005
v 10.461660 0.168722 0.621879
v 10.500463 0.109082 0.654364
v 10.555842 0.067115 0.690280
v 10.622375 0.046930 0.726111
v 10.693550 0.050502 0.758350
v 10.762400 0.077482 0.783841
v 10.822184 0.125229 0.800089
v 10.867051 0.189069 0.805503
v 10.892611 0.262752 0.799553
v 10.896358 0.339067 0.782822
v 10.877929 0.410543 0.756948
v 10.839126 0.470183 0.724463
v 10.783748 0.512150 0.688547
v 10.717215 0.532336 0.652716
v 10.646040 0.528763 0.620477
v 10.577190 0.501783 0.594986
v 10.517406 0.454037 0.578739
v 10.447403 0.395727 0.622174
v 10.422284 0.322263 0.631659
v 10.418523 0.247098 0.652968
v 10.436489 0.177591 0.684015
v 10.474422 0.120544 0.721760
v 10.528610 0.081543 0.762508
v 10.593749 0.064405 0.802272
v 10.663462 0.070807 0.837159
v 10.730926 0.100123 0.863753
v 10.789535 0.149483 0.879451
v 10.833553 0.214056 0.882718
v 10.858673 0.287520 0.873232
v 10.862433 0.362684 0.851923
v 10.844468 0.432192 0.820877
v 10.806534 0.489238 0.783132
v 10.752346 0.528239 0.742383
v 10.687207 0.545378 0.702619
v 10.617495 0.538976 0.667733
v 10.550032 0.509660 0.641139
v 10.491422 0.460300 0.625440
v 10.418719 0.405095 0.672271
v 10.393922 0.332033 0.685115
v 10.390021 0.258211 0.710671
v 10.407400 0.190857 0.746438
v 10.444356 0.136562 0.788916
v 10.497272 0.100643 0.833945
v 10.560967 0.086614 0.877118
v 10.629209 0.095849 0.914210
v 10.695315 0.127444 0.941589
v 10.752816 0.178307 0.956575
v 10.796082 0.243458 0.957701
v 10.820880 0.316520 0.944857
v 10.824780 0.390341 0.919301
v 10.807402 0.457696 0.883534
v 10.770447 0.511990 0.841056
v 10.717530 0.547910 0.796027
v 10.653834 0.561939 0.752854
v 10.585593 0.552704 0.715762
v 10.519486 0.521108 0.688383
v 10.461986 0.470246 0.673397
v 10.386542 0.418455 0.723214
v 10.361936 0.345947 0.739183
v 10.357759 0.273602 0.768624
v 10.374423 0.208502 0.808652
v 10.410294 0.157020 0.855351
v 10.461861 0.124194 0.904149
v 10.524076 0.113239 0.950269
v 10.590851 0.125226 0.989197
v 10.655648 0.158981 1.017122
v 10.712125 0.211202 1.031311
v 10.754753 0.276776 1.030375
v 10.779359 0.349284 1.014405
v 10.783535 0.421629 0.984965
v 10.766872 0.486729 0.944936
v 10.731002 0.538211 0.898237
v 10.679435 0.571037 0.849439
v 10.617218 0.581993 0.803319
v 10.550444 0.570006 0.764391
v 10.485646 0.536250 0.736466
v 10.429170 0.484029 0.722277
v 10.350966 0.435868 0.774564
v 10.326411 0.364030 0.793383
v 10.321815 0.293236 0.826323
v 10.337629 0.230416 0.870158
v 10.372305 0.181720 0.920599
v 10.422448 0.151915 0.972707
v 10.483150 0.143917 1.021382
v 10.548469 0.158511 1.061859
v 10.612011 0.194266 1.090176
v 10.667557 0.247684 1.103561
v 10.709668 0.313536 1.100705
v 10.734223 0.385374 1.081885
v 10.738819 0.456169 1.048946
v 10.723005 0.518988 1.005110
v 10.688330 0.567684 0.954669
v 10.638186 0.597489 0.902561
v 10.577484 0.605487 0.853886
v 10.512165 0.590893 0.813409
v 10.448624 0.555138 0.785092
v 10.393078 0.501720 0.771707
v 10.312117 0.457293 0.825873
v 10.287470 0.386199 0.847231
v 10.282309 0.316975 0.883276
v 10.297136 0.256396 0.930481
v 10.330503 0.210392 0.984223
v 10.379142 0.183467 1.039243
v 10.438293 0.178256 1.090156
v 10.502164 0.195269 1.131976
v 10.564505 0.232841 1.160611
v 10.619211 0.287294 1.173257
v 10.660930 0.353298 1.168677
v 10.685576 0.424392 1.147319
v 10.690739 0.493616 1.111274
v 10.675910 0.554195 1.064070
v 10.642544 0.600199 1.010327
v 10.593904 0.627124 0.955307
v 10.534755 0.632335 0.904395
v 10.470883 0.615322 0.862575
v 10.408543 0.577750 0.833940
v 10.353836 0.523297 0.821293
v 10.270143 0.482587 0.876706
v 10.245268 0.412274 0.900270
v 10.239396 0.344589 0.939028
v 10.253101 0.286158 0.989187
v 10.285043 0.242700 1.045836
v 10.332092 0.218469 1.103430
v 10.389646 0.215838 1.156332
v 10.452068 0.235063 1.199364
v 10.513250 0.274263 1.228312
v 10.567204 0.329601 1.240343
v 10.608645 0.395660 1.234280
v 10.633520 0.465973 1.210717
v 10.639392 0.533658 1.171958
v 10.625687 0.592090 1.121800
v 10.593746 0.635547 1.065151
v 10.546696 0.659778 1.007556
v 10.489142 0.662409 0.954654
v 10.426720 0.643184 0.911623
v 10.365538 0.603984 0.882674
v 10.311584 0.548646 0.870643
v 10.225207 0.511517 0.926653
v 10.199983 0.441982 0.952082
v 10.193267 0.375767 0.993171
v 10.205718 0.319352 1.045899
v 10.236117 0.278259 1.105104
v 10.281488 0.256512 1.164991
v 10.337390 0.256239 1.219698
v 10.398351 0.277466 1.263869
v 10.458403 0.318116 1.293182
v 10.511668 0.374210 1.304766
v 10.552933 0.440257 1.297487
v 10.578157 0.509791 1.272059
v 10.584873 0.576007 1.230970
v 10.572422 0.632422 1.178242
v 10.542024 0.673515 1.119036
v 10.496653 0.695262 1.059149
v 10.440750 0.695535 1.004443
v 10.379789 0.674308 0.960271
v 10.319737 0.633658 0.930959
v 10.266472 0.577564 0.919375
v 10.177484 0.543763 0.975346
v 10.151809 0.474972 1.002302
v 10.144135 0.410125 1.045359
v 10.155212 0.355570 1.100303
v 10.183958 0.316646 1.161757
v 10.227558 0.297163 1.223703
v 10.281745 0.299029 1.280080
v 10.341213 0.322062 1.325367
v 10.400143 0.364005 1.355132
v 10.452765 0.420755 1.366462
v 10.493928 0.486755 1.358247
v 10.519604 0.555545 1.331292
v 10.527278 0.620392 1.288235
v 10.516200 0.674948 1.233290
v 10.487453 0.713872 1.171837
v 10.443853 0.733355 1.109890
v 10.389668 0.731488 1.053514
v 10.330198 0.708456 1.008227
v 10.271269 0.666512 0.978461
v 10.218647 0.609763 0.967131
v 10.127151 0.578933 1.022460
v 10.100955 0.510826 1.050620
v 10.092232 0.447227 1.095309
v 10.101836 0.394363 1.152151
v 10.128829 0.357409 1.215584
v 10.170568 0.339981 1.279397
v 10.222965 0.343785 1.337344
v 10.280894 0.368450 1.383753
v 10.338684 0.411560 1.414081
v 10.390677 0.468897 1.425360
v 10.431784 0.534847 1.416484
v 10.457981 0.602954 1.388324
v 10.466704 0.666553 1.343636
v 10.457100 0.719416 1.286793
v 10.430107 0.756371 1.223360
v 10.388369 0.773799 1.159547
v 10.335971 0.769995 1.101600
v 10.278042 0.745330 1.055191
v 10.220252 0.702219 1.024863
v 10.168259 0.644883 1.013584
v 10.074391 0.616577 1.067715
v 10.047636 0.549071 1.096785
v 10.037806 0.486591 1.142801
v 10.045862 0.435252 1.201259
v 10.071017 0.400080 1.266437
v 10.110807 0.384517 1.331954
v 10.161339 0.390088 1.391397
v 10.217665 0.416247 1.438947
v 10.274272 0.460433 1.469951
v 10.325619 0.518320 1.481372
v 10.366678 0.584244 1.472094
v 10.393434 0.651750 1.443024
v 10.403264 0.714230 1.397008
v 10.395207 0.765569 1.338550
v 10.370052 0.800741 1.273372
v 10.330262 0.816304 1.207856
v 10.279731 0.810733 1.148412
v 10.223405 0.784575 1.100862
v 10.166798 0.740389 1.069858
v 10.115452 0.682501 1.058437
v 10.019382 0.656196 1.110876
v 9.992074 0.589197 1.140597
v 9.981114 0.527703 1.187675
v 9.987577 0.477734 1.247501
v 10.010830 0.444180 1.314220
v 10.048595 0.430326 1.381300
v 10.097178 0.437529 1.442176
v 10.151821 0.465083 1.490888
v 10.207176 0.510291 1.522667
v 10.257826 0.568728 1.534404
v 10.298810 0.634673 1.524950
v 10.326118 0.701672 1.495229
v 10.337077 0.763166 1.448151
v 10.330614 0.813136 1.388324
v 10.307363 0.846690 1.321606
v 10.269596 0.860543 1.254525
v 10.221014 0.853340 1.193650
v 10.166371 0.825786 1.144938
v 10.111015 0.780578 1.113158
v 10.060367 0.722142 1.101421
v 9.962306 0.697254 1.151746
v 9.934489 0.630661 1.181904
v 9.922419 0.570029 1.229821
v 9.927277 0.521294 1.290806
v 9.948586 0.489226 1.358890
v 9.984262 0.476964 1.427409
v 10.030812 0.485708 1.489655
v 10.083680 0.514603 1.539535
v 10.137691 0.560820 1.572166
v 10.187557 0.619835 1.584355
v 10.228397 0.685871 1.574908
v 10.256214 0.752464 1.544750
v 10.268285 0.813096 1.496833
v 10.263428 0.861831 1.435848
v 10.242118 0.893899 1.367764
v 10.206441 0.906161 1.299245
v 10.159891 0.897417 1.236999
v 10.107023 0.868522 1.187119
v 10.053013 0.822305 1.154488
v 10.003146 0.763290 1.142299
v 9.903346 0.739191 1.190160
v 9.875108 0.672902 1.220593
v 9.861982 0.613022 1.269173
v 9.865257 0.565413 1.331146
v 9.884609 0.534736 1.400445
v 9.918146 0.523994 1.470286
v 9.962584 0.534237 1.533834
v 10.013573 0.564464 1.584867
v 10.066122 0.611716 1.618390
v 10.115088 0.671366 1.631122
v 10.155677 0.737577 1.621816
v 10.183916 0.803867 1.591383
v 10.197041 0.863747 1.542802
v 10.193767 0.911356 1.480829
v 10.174414 0.942033 1.411531
v 10.140878 0.952775 1.341689
v 10.096439 0.942531 1.278142
v 10.045450 0.912304 1.227109
v 9.992901 0.865053 1.193586
v 9.943935 0.805402 1.180854
v 9.842692 0.781434 1.225980
v 9.814157 0.715350 1.256582
v 9.800072 0.656131 1.305701
v 9.801819 0.609574 1.368529
v 9.819224 0.580236 1.438916
v 9.850586 0.570990 1.509971
v 9.892834 0.582740 1.574740
v 9.941832 0.614336 1.626883
v 9.992784 0.662685 1.661294
v 10.040702 0.723055 1.674607
v 10.080896 0.789536 1.665518
v 10.109433 0.855620 1.634916
v 10.123517 0.914839 1.585797
v 10.121771 0.961396 1.522969
v 10.104365 0.990734 1.452582
v 10.073004 0.999980 1.381526
v 10.030756 0.988230 1.316758
v 9.981758 0.956634 1.264615
v 9.930806 0.908285 1.230203
v 9.882887 0.847915 1.216891
v 9.780546 0.823405 1.259091
v 9.751872 0.757438 1.289817
v 9.736956 0.698813 1.339401
v 9.737259 0.653269 1.402990
v 9.752750 0.625264 1.474360
v 9.781915 0.617540 1.546524
v 9.821897 0.630852 1.612419
v 9.868783 0.663898 1.665595
v 9.917984 0.713442 1.700845
v 9.964683 0.774635 1.714720
v 10.004309 0.841488 1.705861
v 10.032984 0.907455 1.675136
v 10.047899 0.966080 1.625552
v 10.047597 1.011624 1.561963
v 10.032104 1.039628 1.490593
v 10.002940 1.047353 1.418428
v 9.962958 1.034040 1.352533
v 9.916072 1.000995 1.299358
v 9.866872 0.951450 1.264107
v 9.820172 0.890257 1.250233
v 9.717128 0.864532 1.289397
v 9.688501 0.798608 1.320259
v 9.672908 0.740538 1.370286
v 9.671874 0.696008 1.434581
v 9.685500 0.669375 1.506851
v 9.712454 0.663248 1.580022
v 9.750095 0.678225 1.646930
v 9.794741 0.712841 1.701027
v 9.842019 0.763707 1.737017
v 9.887303 0.825844 1.751377
v 9.926161 0.893170 1.742702
v 9.954787 0.959095 1.711840
v 9.970381 1.017164 1.661813
v 9.971416 1.061695 1.597517
v 9.957788 1.088327 1.525247
v 9.930836 1.094455 1.452077
v 9.893194 1.079477 1.385169
v 9.848549 1.044862 1.331072
v 9.801270 0.993995 1.295082
v 9.755985 0.931858 1.280722
v 9.652683 0.904263 1.316819
v 9.624311 0.838326 1.347888
v 9.608212 0.780804 1.398384
v 9.605960 0.737327 1.463366
v 9.617778 0.712151 1.536471
v 9.642508 0.707740 1.610545
v 9.677729 0.724526 1.678336
v 9.719993 0.760867 1.733208
v 9.765164 0.813205 1.769791
v 9.808821 0.876416 1.784503
v 9.846688 0.944313 1.775903
v 9.875061 1.010250 1.744835
v 9.891161 1.067772 1.694338
v 9.893412 1.111249 1.629357
v 9.881595 1.136426 1.556251
v 9.856865 1.140836 1.482177
v 9.821644 1.124050 1.414386
v 9.779379 1.087709 1.359514
v 9.734208 1.035372 1.322931
v 9.690552 0.972161 1.308220
v 9.587492 0.942074 1.341298
v 9.559590 0.876092 1.372695
v 9.543161 0.819140 1.423730
v 9.539815 0.776795 1.489408
v 9.549876 0.753201 1.563300
v 9.572362 0.750668 1.638173
v 9.605071 0.769443 1.706697
v 9.644800 0.807689 1.762165
v 9.687662 0.861662 1.799148
v 9.729461 0.926078 1.814025
v 9.766105 0.994633 1.805340
v 9.794005 1.060616 1.773943
v 9.810434 1.117567 1.722908
v 9.813782 1.159912 1.657229
v 9.803720 1.183506 1.583338
v 9.781234 1.186039 1.508465
v 9.748526 1.167264 1.439941
v 9.708796 1.129018 1.384472
v 9.665934 1.075045 1.347490
v 9.624135 1.010629 1.332613
v 9.521868 0.977479 1.362794
v 9.494656 0.911446 1.394684
v 9.478071 0.855124 1.446363
v 9.473738 0.814026 1.512772
v 9.482080 0.792176 1.587411
v 9.502282 0.791713 1.662973
v 9.532366 0.812681 1.732061
v 9.569386 0.853028 1.787914
v 9.609719 0.908805 1.825064
v 9.649417 0.974552 1.839873
v 9.684594 1.043833 1.830894
v 9.711807 1.109867 1.799004
v 9.728392 1.166189 1.747325
v 9.732724 1.207287 1.680916
v 9.724381 1.229137 1.606277
v 9.704180 1.229600 1.530715
v 9.674096 1.208632 1.461626
v 9.637076 1.168285 1.405774
v 9.596743 1.112508 1.368624
v 9.557045 1.046761 1.353814
v 9.456167 1.010048 1.381292
v 9.429852 0.943988 1.413873
v 9.413266 0.888385 1.466324
v 9.408032 0.848682 1.533512
v 9.414663 0.828766 1.608860
v 9.432510 0.830587 1.684993
v 9.459825 0.853966 1.754457
v 9.493935 0.896614 1.810454
v 9.531500 0.954357 1.847501
v 9.568844 1.021543 1.861973
v 9.602311 1.091594 1.852453
v 9.628626 1.157655 1.819872
v 9.645211 1.213258 1.767421
v 9.650445 1.252960 1.700232
v 9.643814 1.272876 1.624884
v 9.625968 1.271055 1.548752
v 9.598653 1.247677 1.479288
v 9.564544 1.205029 1.423291
v 9.526978 1.147286 1.386244
v 9.489634 1.080100 1.371772
v 9.390782 1.039414 1.396803
v 9.365556 0.973382 1.430290
v 9.349093 0.918618 1.483655
v 9.343005 0.880483 1.551674
v 9.347887 0.862709 1.627688
v 9.363262 0.867036 1.704257
v 9.387625 0.893041 1.773886
v 9.418590 0.938177 1.829759
v 9.453127 0.998028 1.866406
v 9.487855 1.066734 1.880241
v 9.519375 1.137570 1.869909
v 9.544601 1.203601 1.836421
v 9.561064 1.258365 1.783056
v 9.567152 1.296500 1.715037
v 9.562270 1.314274 1.639023
v 9.546895 1.309947 1.562454
v 9.522532 1.283943 1.492825
v 9.491568 1.238806 1.436952
v 9.457030 1.178955 1.400305
v 9.422302 1.110249 1.386470
v 9.326140 1.065287 1.409363
v 9.302164 0.999372 1.443980
v 9.285906 0.945591 1.498397
v 9.278957 0.909209 1.567288
v 9.281998 0.893787 1.643909
v 9.294730 0.900834 1.720761
v 9.315907 0.929662 1.790320
v 9.343458 0.977447 1.845777
v 9.374684 1.039512 1.881704
v 9.406529 1.109782 1.894584
v 9.435877 1.181379 1.883157
v 9.459852 1.247294 1.848540
v 9.476110 1.301075 1.794123
v 9.483060 1.337457 1.725231
v 9.480020 1.352879 1.648610
v 9.467287 1.345832 1.571759
v 9.446109 1.317004 1.502200
v 9.418558 1.269219 1.446743
v 9.387332 1.207154 1.410815
v 9.355487 1.136884 1.397935
v 9.262690 1.087466 1.419039
v 9.240088 1.021785 1.454997
v 9.224063 0.969146 1.510588
v 9.216185 0.934705 1.580371
v 9.217224 0.921830 1.657514
v 9.227080 0.931784 1.734467
v 9.244787 0.963591 1.803696
v 9.268612 1.014138 1.858426
v 9.296223 1.078477 1.893298
v 9.324916 1.150310 1.904899
v 9.351884 1.222606 1.892094
v 9.374486 1.288288 1.856136
v 9.390511 1.340926 1.800545
v 9.398389 1.375368 1.730762
v 9.397349 1.388242 1.653619
v 9.387493 1.378289 1.576666
v 9.369786 1.346482 1.507437
v 9.345962 1.295935 1.452707
v 9.318352 1.231595 1.417835
v 9.289658 1.159762 1.406234
v 9.200886 1.105847 1.425921
v 9.179735 1.040537 1.463409
v 9.163914 0.989205 1.520265
v 9.154969 0.956874 1.590923
v 9.153778 0.946709 1.668468
v 9.160456 0.959705 1.745308
v 9.174350 0.994590 1.813923
v 9.194100 1.047949 1.867594
v 9.217773 1.114560 1.901070
v 9.243051 1.187901 1.911072
v 9.267460 1.260793 1.896622
v 9.288610 1.326102 1.859135
v 9.304433 1.377435 1.802279
v 9.313376 1.409766 1.731621
v 9.314569 1.419931 1.654076
v 9.307890 1.406935 1.577235
v 9.293996 1.372050 1.508621
v 9.274245 1.318691 1.454949
v 9.250573 1.252080 1.421474
v 9.225295 1.178739 1.411472
v 9.141168 1.120422 1.430127
v 9.121496 1.055639 1.469295
v 9.105783 1.005763 1.527463
v 9.095565 0.975678 1.598936
v 9.091843 0.968327 1.676718
v 9.094980 0.984431 1.753195
v 9.104671 1.022412 1.820882
v 9.119966 1.078554 1.873151
v 9.139367 1.147360 1.904888
v 9.160977 1.222095 1.912985
v 9.182680 1.295444 1.896650
v 9.202351 1.360227 1.857481
v 9.218064 1.410102 1.799314
v 9.228283 1.440188 1.727841
v 9.232005 1.447539 1.650059
v 9.228868 1.431435 1.573581
v 9.219177 1.393454 1.505895
v 9.203882 1.337312 1.453625
v 9.184481 1.268506 1.421889
v 9.162870 1.193771 1.413792
v 9.083935 1.131281 1.431789
v 9.065719 1.067181 1.472743
v 9.049957 1.018887 1.532217
v 9.038194 0.991126 1.604390
v 9.031579 0.986617 1.682196
v 9.030760 1.005800 1.758020
v 9.035818 1.046799 1.824440
v 9.046258 1.105598 1.874952
v 9.061057 1.176444 1.904614
v 9.078767 1.252400 1.910522
v 9.097654 1.326033 1.892097
v 9.115870 1.390133 1.851143
v 9.131631 1.438427 1.791668
v 9.143394 1.466188 1.719496
v 9.150010 1.470697 1.641689
v 9.150828 1.451513 1.565865
v 9.145770 1.410515 1.499446
v 9.135331 1.351716 1.448933
v 9.120532 1.280870 1.419271
v 9.102822 1.204913 1.413364
v 9.029518 1.138601 1.431053
v 9.012683 1.075329 1.473845
v 8.996665 1.028696 1.534563
v 8.983032 1.003266 1.607264
v 8.973120 1.001529 1.684831
v 8.967898 1.023654 1.759671
v 8.967877 1.067477 1.824460
v 8.973061 1.128707 1.872854
v 8.982941 1.201351 1.900116
v 8.996549 1.278297 1.903578
v 9.012554 1.352014 1.882901
v 9.029389 1.415287 1.840109
v 9.045408 1.461920 1.779391
v 9.059040 1.487350 1.706691
v 9.068953 1.489087 1.629123
v 9.074174 1.466961 1.554283
v 9.074195 1.423139 1.489495
v 9.069012 1.361909 1.441101
v 9.059133 1.289265 1.413838
v 9.045524 1.212319 1.410376
v 8.978154 1.142626 1.428069
v 8.962580 1.080306 1.472696
v 8.946057 1.035354 1.534537
v 8.930203 1.012171 1.607538
v 8.916573 1.013026 1.684553
v 8.906496 1.037834 1.758044
v 8.900962 1.084169 1.820817
v 8.900512 1.147494 1.866727
v 8.905190 1.221610 1.891280
v 8.914536 1.299262 1.892073
v 8.927639 1.372850 1.869027
v 8.943214 1.435170 1.824400
v 8.959737 1.480122 1.762559
v 8.975590 1.503305 1.689558
v 8.989222 1.502450 1.612543
v 8.999297 1.477641 1.539052
v 9.004831 1.431307 1.476279
v 9.005281 1.367982 1.430369
v 9.000605 1.293866 1.405816
v 8.991257 1.216214 1.405023
v 8.929963 1.143639 1.422977
v 8.915496 1.082362 1.469386
v 8.898202 1.039045 1.532175
v 8.879774 1.017927 1.605199
v 8.862016 1.021077 1.681308
v 8.846666 1.048186 1.753054
v 8.835228 1.096600 1.813413
v 8.828819 1.161580 1.856476
v 8.828069 1.236766 1.878029
v 8.833050 1.314797 1.875962
v 8.843274 1.388035 1.850476
v 8.857741 1.449312 1.804068
v 8.875035 1.492629 1.741279
v 8.893463 1.513747 1.668255
v 8.911221 1.510597 1.592145
v 8.926570 1.483488 1.520400
v 8.938009 1.435074 1.460041
v 8.944417 1.370094 1.416977
v 8.945168 1.294908 1.395424
v 8.940187 1.216877 1.397492
v 8.884936 1.141935 1.415899
v 8.871401 1.081752 1.463990
v 8.853073 1.039950 1.527508
v 8.831746 1.020621 1.600238
v 8.809508 1.025658 1.675058
v 8.788536 1.054567 1.744645
v 8.770882 1.104518 1.802187
v 8.758274 1.170622 1.842053
v 8.751947 1.246408 1.860338
v 8.752521 1.324458 1.855255
v 8.759938 1.397131 1.827299
v 8.773473 1.457314 1.779209
v 8.791800 1.499116 1.715690
v 8.813128 1.518445 1.642961
v 8.835365 1.513408 1.568141
v 8.856339 1.484499 1.498554
v 8.873992 1.434548 1.441011
v 8.886600 1.368444 1.401146
v 8.892926 1.292658 1.382860
v 8.892353 1.214608 1.387944
v 8.842944 1.137780 1.406918
v 8.830158 1.078699 1.456556
v 8.810562 1.038226 1.520554
v 8.786073 1.020323 1.592649
v 8.759089 1.026741 1.665783
v 8.732250 1.056853 1.732798
v 8.708186 1.107712 1.787132
v 8.689250 1.174338 1.823469
v 8.677297 1.250210 1.838250
v 8.673495 1.327901 1.830029
v 8.678219 1.399806 1.799611
v 8.691005 1.458887 1.749973
v 8.710601 1.499360 1.685974
v 8.735090 1.517263 1.613879
v 8.762074 1.510845 1.540745
v 8.788913 1.480733 1.473731
v 8.812977 1.429874 1.419396
v 8.831913 1.363248 1.383060
v 8.843867 1.287376 1.368279
v 8.847668 1.209685 1.376500
v 8.803761 1.131381 1.396071
v 8.791545 1.073370 1.447096
v 8.770494 1.033983 1.511310
v 8.742666 1.017075 1.582427
v 8.710787 1.024301 1.653486
v 8.677977 1.054953 1.717532
v 8.647447 1.106031 1.768295
v 8.622185 1.172536 1.800806
v 8.604666 1.247957 1.811882
v 8.596603 1.324911 1.800440
v 8.598786 1.395867 1.767599
v 8.611001 1.453877 1.716574
v 8.632052 1.493264 1.652360
v 8.659880 1.510172 1.581243
v 8.691759 1.502947 1.510184
v 8.724570 1.472295 1.446138
v 8.755100 1.421216 1.395375
v 8.780361 1.354712 1.362864
v 8.797880 1.279291 1.351788
v 8.805943 1.202336 1.363230
v 8.767100 1.122860 1.383346
v 8.755293 1.065853 1.435583
v 8.732661 1.027270 1.499748
v 8.701423 1.010888 1.569560
v 8.664634 1.018310 1.638185
v 8.625896 1.048810 1.698906
v 8.589001 1.099403 1.745779
v 8.557561 1.165136 1.774216
v 8.534653 1.239574 1.781433
v 8.522519 1.315432 1.766723
v 8.522348 1.385283 1.731528
v 8.534156 1.442290 1.679291
v 8.556787 1.480873 1.615126
v 8.588026 1.497255 1.545314
v 8.624815 1.489832 1.476689
v 8.663552 1.459332 1.415968
v 8.700447 1.408739 1.369095
v 8.731888 1.343007 1.340658
v 8.754795 1.268568 1.333441
v 8.766929 1.192711 1.348150
v 8.732676 1.112246 1.368685
v 8.721134 1.056149 1.421955
v 8.696868 1.018069 1.485823
v 8.662251 1.001735 1.554035
v 8.620674 1.008746 1.619915
v 8.576206 1.038415 1.677013
v 8.533199 1.087838 1.719741
v 8.495864 1.152177 1.743917
v 8.467854 1.225135 1.747173
v 8.451913 1.299569 1.729191
v 8.449599 1.368194 1.691731
v 8.461141 1.424291 1.638460
v 8.485407 1.462371 1.574593
v 8.520023 1.478705 1.506381
v 8.561600 1.471694 1.440501
v 8.606069 1.442025 1.383403
v 8.649076 1.392602 1.340674
v 8.686411 1.328263 1.316499
v 8.714420 1.255305 1.313243
v 8.730362 1.180871 1.331225
v 8.700245 1.099491 1.352004
v 8.688854 1.044190 1.406134
v 8.662961 1.006314 1.469481
v 8.625101 0.989570 1.535846
v 8.578979 0.995596 1.598730
v 8.529112 1.023803 1.651979
v 8.480379 1.071431 1.690381
v 8.437551 1.133815 1.710176
v 8.404820 1.204851 1.709426
v 8.385391 1.277584 1.688206
v 8.381165 1.344896 1.648592
v 8.392556 1.400196 1.594462
v 8.418448 1.438072 1.531115
v 8.456308 1.454816 1.464751
v 8.502430 1.448790 1.401866
v 8.552298 1.420583 1.348617
v 8.601030 1.372956 1.310215
v 8.643859 1.310571 1.290420
v 8.676589 1.239535 1.291170
v 8.696018 1.166802 1.312390
v 8.669654 1.084491 1.333219
v 8.658323 1.029866 1.388042
v 8.630868 0.991910 1.450680
v 8.589977 0.974338 1.515001
v 8.539654 0.978870 1.574707
v 8.484822 1.005062 1.623956
v 8.430851 1.050351 1.657925
v 8.383022 1.110304 1.673291
v 8.346020 1.179051 1.668548
v 8.323463 1.249864 1.644161
v 8.317562 1.315810 1.602518
v 8.328893 1.370435 1.547694
v 8.356348 1.408391 1.485056
v 8.397239 1.425964 1.420736
v 8.447562 1.421431 1.361029
v 8.502394 1.395239 1.311781
v 8.556365 1.349950 1.277811
v 8.604193 1.289997 1.262446
v 8.641196 1.221250 1.267188
v 8.663753 1.150437 1.291575
v 8.640853 1.067130 1.312266
v 8.629513 1.013055 1.367631
v 8.600602 0.974763 1.429403
v 8.556952 0.956002 1.491536
v 8.502832 0.958608 1.547948
v 8.443544 0.982326 1.593117
v 8.384889 1.024835 1.622622
v 8.332609 1.081974 1.633573
v 8.291821 1.148149 1.624900
v 8.266520 1.216882 1.597451
v 8.259179 1.281446 1.553914
v 8.270519 1.335521 1.498549
v 8.299431 1.373813 1.436777
v 8.343081 1.392575 1.374644
v 8.397200 1.389968 1.318232
v 8.456489 1.366250 1.273063
v 8.515144 1.323741 1.243558
v 8.567424 1.266603 1.232607
v 8.608212 1.200428 1.241280
v 8.633513 1.131694 1.268728
v 8.613894 1.047314 1.289129
v 8.602495 0.993665 1.344894
v 8.572262 0.954813 1.405676
v 8.526154 0.934562 1.465525
v 8.468684 0.934893 1.518582
v 8.405478 0.955776 1.559654
v 8.342724 0.995165 1.584721
v 8.286564 1.049204 1.591328
v 8.242495 1.112605 1.578830
v 8.214830 1.179160 1.548449
v 8.206280 1.242356 1.503160
v 8.217678 1.296005 1.447395
v 8.247911 1.334857 1.386613
v 8.294020 1.355108 1.326764
v 8.351490 1.354777 1.273707
v 8.414696 1.333894 1.232635
v 8.477449 1.294505 1.207568
v 8.533610 1.240466 1.200961
v 8.577680 1.177065 1.213459
v 8.605343 1.110510 1.243840
v 8.588913 1.025003 1.263847
v 8.577420 0.971657 1.319883
v 8.546013 0.932054 1.379575
v 8.497763 0.910071 1.437078
v 8.437395 0.907860 1.486765
v 8.370818 0.925636 1.523771
v 8.304549 0.961660 1.544474
v 8.245074 1.012405 1.546848
v 8.198217 1.072905 1.530659
v 8.168562 1.137237 1.497494
v 8.159014 1.199103 1.450597
v 8.170506 1.252449 1.394561
v 8.201915 1.292052 1.334869
v 8.250164 1.314035 1.277366
v 8.310532 1.316247 1.227679
v 8.377109 1.298471 1.190673
v 8.443378 1.262447 1.169970
v 8.502852 1.211701 1.167596
v 8.549710 1.151201 1.183784
v 8.579365 1.086870 1.216950
v 8.566103 1.000228 1.236516
v 8.554495 0.947068 1.292706
v 8.522065 0.906552 1.351227
v 8.471987 0.882646 1.406350
v 8.409163 0.877690 1.452681
v 8.339743 0.892168 1.485683
v 8.270521 0.924664 1.502126
v 8.208275 0.971996 1.500401
v 8.159097 1.029532 1.480677
v 8.127800 1.091639 1.444884
v 8.117450 1.152239 1.396526
v 8.129057 1.205398 1.340336
v 8.161488 1.245914 1.281815
v 8.211566 1.269820 1.226691
v 8.274389 1.274777 1.180361
v 8.343810 1.260298 1.147359
v 8.413032 1.227803 1.130915
v 8.475277 1.180470 1.132640
v 8.524456 1.122934 1.152365
v 8.555752 1.060827 1.188158
v 8.545687 0.973099 1.207293
v 8.533951 0.920013 1.263524
v 8.500650 0.878445 1.320806
v 8.449044 0.852466 1.373530
v 8.384184 0.844618 1.416535
v 8.312418 0.855670 1.445612
v 8.240772 0.884539 1.457915
v 8.176260 0.928400 1.452240
v 8.125195 0.982960 1.429141
v 8.092576 1.042877 1.390879
v 8.081596 1.102286 1.341202
v 8.093332 1.155373 1.284970
v 8.126633 1.196941 1.227688
v 8.178239 1.222920 1.174964
v 8.243099 1.230768 1.131959
v 8.314865 1.219716 1.102882
v 8.386511 1.190847 1.090579
v 8.451023 1.146986 1.096255
v 8.502089 1.092426 1.119354
v 8.534707 1.032509 1.157615
v 8.527889 0.943806 1.176377
v 8.516025 0.890681 1.232545
v 8.482001 0.847941 1.288525
v 8.429151 0.819770 1.338835
v 8.362646 0.808926 1.378552
v 8.288997 0.816469 1.403788
v 8.215412 0.841662 1.412072
v 8.149096 0.882039 1.402593
v 8.096539 0.933647 1.376280
v 8.062887 0.991434 1.335708
v 8.051433 1.049744 1.284849
v 8.063297 1.102868 1.228680
v 8.097321 1.145608 1.172701
v 8.150171 1.173779 1.122391
v 8.216676 1.184624 1.082674
v 8.290325 1.177080 1.057438
v 8.363910 1.151887 1.049154
v 8.430225 1.111511 1.058632
v 8.482782 1.059903 1.084946
v 8.516435 1.002116 1.125518
v 8.512924 0.912607 1.144011
v 8.500935 0.859335 1.200014
v 8.466333 0.815314 1.254629
v 8.412504 0.784853 1.302510
v 8.344719 0.770934 1.338970
v 8.269612 0.774920 1.360441
v 8.194535 0.796419 1.364820
v 8.126838 0.833328 1.351679
v 8.073147 0.882034 1.322304
v 8.038716 0.937769 1.279570
v 8.026918 0.995077 1.227662
v 8.038907 1.048349 1.171659
v 8.073509 1.092370 1.117044
v 8.127337 1.122831 1.069163
v 8.195123 1.136750 1.032702
v 8.270230 1.132764 1.011232
v 8.345306 1.111265 1.006853
v 8.413004 1.074355 1.019994
v 8.466696 1.025650 1.049369
v 8.501126 0.969915 1.092103
v 8.500972 0.879816 1.110464
v 8.488874 0.826290 1.166201
v 8.453834 0.780887 1.219386
v 8.399281 0.748051 1.264814
v 8.330555 0.730998 1.298038
v 8.254383 0.731395 1.315806
v 8.178223 0.749204 1.316379
v 8.109529 0.782683 1.299700
v 8.055024 0.828553 1.267403
v 8.020044 0.882324 1.222648
v 8.008016 0.938734 1.169816
v 8.020113 0.992260 1.114080
v 8.055153 1.037663 1.060895
v 8.109706 1.070499 1.015467
v 8.178432 1.087553 0.982242
v 8.254603 1.087155 0.964474
v 8.330764 1.069346 0.963902
v 8.399459 1.035868 0.980580
v 8.453963 0.989998 1.012878
v 8.488942 0.936226 1.057633
v 8.492178 0.845797 1.076027
v 8.479997 0.791909 1.131396
v 8.444658 0.745026 1.183079
v 8.389624 0.709738 1.226019
v 8.320279 0.689497 1.256011
v 8.243412 0.686287 1.270120
v 8.166547 0.700420 1.266965
v 8.097208 0.730514 1.246854
v 8.042183 0.773622 1.211757
v 8.006857 0.825526 1.165108
v 7.994690 0.881143 1.111475
v 8.006871 0.935031 1.056106
v 8.042209 0.981914 1.004423
v 8.097243 1.017203 0.961484
v 8.166589 1.037443 0.931491
v 8.243456 1.040654 0.917382
v 8.320320 1.026521 0.920538
v 8.389660 0.996427 0.940648
v 8.444685 0.953318 0.975745
v 8.480010 0.901415 1.022394
v 8.486643 0.810943 1.041004
v 8.474414 0.756587 1.095902
v 8.438924 0.708127 1.146002
v 8.383646 0.670309 1.186402
v 8.313993 0.646834 1.213146
v 8.236782 0.639999 1.223617
v 8.159571 0.650474 1.216789
v 8.089917 0.677234 1.193331
v 8.034639 0.717658 1.155539
v 7.999150 0.767791 1.107113
v 7.986920 0.822724 1.052793
v 7.999150 0.877081 0.997895
v 8.034639 0.925540 0.947794
v 8.089917 0.963358 0.907395
v 8.159571 0.986834 0.880650
v 8.236782 0.993669 0.870180
v 8.313993 0.983194 0.877008
v 8.383646 0.956434 0.900465
v 8.438924 0.916009 0.938257
v 8.474414 0.865877 0.986684
v 8.484423 0.775670 1.005708
v 8.472194 0.720737 1.060028
v 8.436704 0.670604 1.108454
v 8.381426 0.630179 1.146246
v 8.311773 0.603420 1.169704
v 8.234562 0.592945 1.176532
v 8.157351 0.599779 1.166061
v 8.087697 0.623255 1.139317
v 8.032420 0.661073 1.098917
v 7.996930 0.709532 1.048816
v 7.984701 0.763889 0.993919
v 7.996930 0.818823 0.939598
v 8.032420 0.868955 0.891172
v 8.087697 0.909380 0.853380
v 8.157351 0.936139 0.829922
v 8.234562 0.946615 0.823095
v 8.311773 0.939780 0.833565
v 8.381426 0.916304 0.860309
v 8.436704 0.878486 0.900709
v 8.472194 0.830027 0.950810
v 8.485525 0.740398 0.970452
v 8.473358 0.684781 1.024085
v 8.438032 0.632877 1.070734
v 8.383007 0.589769 1.105831
v 8.313669 0.559675 1.125942
v 8.236804 0.545542 1.129097
v 8.159937 0.548752 1.114988
v 8.090591 0.568993 1.084996
v 8.035557 0.604282 1.042056
v 8.000219 0.651165 0.990373
v 7.988038 0.705052 0.935004
v 8.000205 0.760670 0.881371
v 8.035531 0.812574 0.834722
v 8.090556 0.855682 0.799625
v 8.159895 0.885776 0.779514
v 8.236760 0.899909 0.776359
v 8.313627 0.896698 0.790468
v 8.382972 0.876458 0.820460
v 8.438007 0.841169 0.863400
v 8.473345 0.794286 0.915083
v 8.489912 0.705548 0.935551
v 8.477882 0.649138 0.988383
v 8.442904 0.595366 1.033138
v 8.388399 0.549496 1.065435
v 8.319704 0.516018 1.082114
v 8.243544 0.498209 1.081541
v 8.167372 0.497811 1.063773
v 8.098646 0.514865 1.030549
v 8.044093 0.547701 0.985121
v 8.009053 0.593104 0.931935
v 7.996955 0.646630 0.876199
v 8.008985 0.703040 0.823368
v 8.043964 0.756811 0.778613
v 8.098469 0.802682 0.746315
v 8.167163 0.836160 0.729636
v 8.243323 0.853969 0.730209
v 8.319495 0.854367 0.747977
v 8.388221 0.837313 0.781202
v 8.442774 0.804477 0.826630
v 8.477815 0.759074 0.879815
v 8.497496 0.671519 0.901311
v 8.485699 0.614211 0.953220
v 8.451268 0.558476 0.995953
v 8.397576 0.509770 1.025328
v 8.329879 0.472861 1.038469
v 8.254803 0.451362 1.034091
v 8.179695 0.447376 1.012620
v 8.111910 0.461295 0.976160
v 8.058082 0.491756 0.928279
v 8.023479 0.535777 0.873664
v 8.011491 0.589049 0.817661
v 8.023289 0.646357 0.765752
v 8.057718 0.702092 0.723019
v 8.111410 0.750798 0.693644
v 8.179108 0.787707 0.680503
v 8.254185 0.809206 0.684882
v 8.329291 0.813192 0.706352
v 8.397077 0.799273 0.742812
v 8.450905 0.768812 0.790693
v 8.485507 0.724791 0.845308
v 8.508150 0.638686 0.868026
v 8.496696 0.580376 0.918885
v 8.463042 0.522589 0.959457
v 8.410486 0.470981 0.985770
v 8.344170 0.430605 0.995249
v 8.270585 0.405412 0.986965
v 8.196937 0.397868 0.961729
v 8.130431 0.408713 0.922012
v 8.077580 0.436884 0.871702
v 8.043558 0.479624 0.815722
v 8.031693 0.532749 0.759554
v 8.043147 0.591059 0.708695
v 8.076799 0.648846 0.668123
v 8.129356 0.700453 0.641809
v 8.195673 0.740830 0.632331
v 8.269257 0.766023 0.640615
v 8.342906 0.773566 0.665851
v 8.409410 0.762722 0.705568
v 8.462261 0.734551 0.755878
v 8.496284 0.691811 0.811857
v 8.521706 0.607378 0.835968
v 8.510727 0.547968 0.885646
v 8.478108 0.488051 0.923907
v 8.427043 0.433492 0.947006
v 8.362530 0.389631 0.952682
v 8.290884 0.360761 0.940379
v 8.219118 0.349710 0.911302
v 8.154258 0.357558 0.868296
v 8.102652 0.383537 0.815572
v 8.069351 0.425104 0.758291
v 8.057616 0.478191 0.702059
v 8.068596 0.537601 0.652381
v 8.101213 0.597518 0.614120
v 8.152279 0.652077 0.591021
v 8.216792 0.695938 0.585345
v 8.288438 0.724807 0.597648
v 8.360204 0.735859 0.626725
v 8.425064 0.728011 0.669731
v 8.476670 0.702032 0.722455
v 8.509971 0.660465 0.779736
v 8.537968 0.577872 0.805384
v 8.527617 0.517272 0.853742
v 8.496321 0.455165 0.889535
v 8.447143 0.397629 0.909260
v 8.384896 0.350297 0.910985
v 8.315676 0.317801 0.894541
v 8.246255 0.303323 0.861539
v 8.183431 0.308279 0.815209
v 8.133353 0.332186 0.760085
v 8.100923 0.372701 0.701564
v 8.089315 0.425861 0.645375
v 8.099666 0.486460 0.597016
v 8.130962 0.548567 0.561223
v 8.180140 0.606103 0.541499
v 8.242387 0.653436 0.539774
v 8.311607 0.685932 0.556217
v 8.381028 0.700410 0.589219
v 8.443852 0.695453 0.635550
v 8.493930 0.671547 0.690673
v 8.526361 0.631031 0.749194
v 8.556726 0.550376 0.776481
v 8.547177 0.488510 0.823377
v 8.517523 0.424178 0.856543
v 8.470665 0.363678 0.872731
v 8.411191 0.312932 0.870358
v 8.344922 0.276909 0.849655
v 8.278345 0.259132 0.812649
v 8.217977 0.261344 0.762962
v 8.169727 0.283327 0.705458
v 8.138319 0.322930 0.645767
v 8.126827 0.376276 0.589730
v 8.136375 0.438142 0.542834
v 8.166030 0.502474 0.509668
v 8.212888 0.562974 0.493480
v 8.272362 0.613720 0.495853
v 8.338631 0.649744 0.516556
v 8.405208 0.667520 0.553562
v 8.465576 0.665308 0.603249
v 8.513825 0.643325 0.660753
v 8.545234 0.603722 0.720444
v 8.577771 0.525027 0.749419
v 8.569220 0.461831 0.794709
v 8.541556 0.395276 0.825090
v 8.497487 0.331875 0.837588
v 8.441326 0.277836 0.830981
v 8.378572 0.238447 0.805914
v 8.315367 0.217564 0.764842
v 8.257896 0.217233 0.711785
v 8.211788 0.237484 0.651936
v 8.181555 0.276336 0.591154
v 8.170156 0.329985 0.535389
v 8.178707 0.393181 0.490100
v 8.206371 0.459736 0.459719
v 8.250441 0.523137 0.447221
v 8.306601 0.577176 0.453828
v 8.369355 0.616565 0.478895
v 8.432561 0.637448 0.519967
v 8.490030 0.637779 0.573024
v 8.536139 0.617528 0.632873
v 8.566372 0.578676 0.693655
v 8.600924 0.501882 0.724306
v 8.593584 0.437318 0.767843
v 8.568281 0.368585 0.795292
v 8.527494 0.302410 0.803965
v 8.475214 0.245271 0.793014
v 8.416559 0.202762 0.763509
v 8.357270 0.179044 0.718340
v 8.303152 0.176438 0.661928
v 8.259501 0.195199 0.599795
v 8.230590 0.233491 0.538023
v 8.219250 0.287566 0.482658
v 8.226590 0.352130 0.439120
v 8.251892 0.420864 0.411672
v 8.292680 0.487038 0.402999
v 8.344959 0.544177 0.413950
v 8.403614 0.586686 0.443455
v 8.462903 0.610404 0.488623
v 8.517021 0.613011 0.545036
v 8.560673 0.594249 0.607169
v 8.589583 0.555957 0.668941
v 8.626062 0.480931 0.701186
v 8.620161 0.414984 0.742830
v 8.597605 0.344172 0.767216
v 8.560601 0.275424 0.771959
v 8.512774 0.215472 0.756594
v 8.458802 0.170183 0.722624
v 8.403971 0.143990 0.673376
v 8.353647 0.139458 0.613669
v 8.312757 0.157030 0.549349
v 8.285301 0.194986 0.486711
v 8.273970 0.249611 0.431887
v 8.279871 0.315558 0.390243
v 8.302427 0.386370 0.365857
v 8.339431 0.455118 0.361114
v 8.387259 0.515070 0.376479
v 8.441231 0.560359 0.410449
v 8.496062 0.586552 0.459697
v 8.546386 0.591084 0.519404
v 8.587276 0.573512 0.583724
v 8.614731 0.535556 0.646362
v 8.653148 0.462111 0.680052
v 8.648922 0.394800 0.719666
v 8.629493 0.322067 0.740887
v 8.596762 0.251031 0.741636
v 8.553934 0.188646 0.721841
v 8.505200 0.141019 0.683439
v 8.455333 0.112812 0.630190
v 8.409212 0.106785 0.567306
v 8.371351 0.123530 0.500942
v 8.345459 0.161406 0.437594
v 8.334068 0.216706 0.383464
v 8.338294 0.284017 0.343850
v 8.357723 0.356751 0.322630
v 8.390454 0.427786 0.321880
v 8.433282 0.490171 0.341675
v 8.482016 0.537798 0.380077
v 8.531883 0.566005 0.433326
v 8.578005 0.572032 0.496211
v 8.615864 0.555288 0.562575
v 8.641757 0.517411 0.625922
v 8.682242 0.445340 0.660852
v 8.679930 0.376715 0.698311
v 8.663988 0.302281 0.716293
v 8.635979 0.229323 0.713037
v 8.598642 0.164984 0.688862
v 8.555635 0.115561 0.646134
v 8.511168 0.085892 0.589035
v 8.469590 0.078881 0.523155
v 8.434975 0.095215 0.454943
v 8.410708 0.133295 0.391076
v 8.399167 0.189392 0.337805
v 8.401481 0.258017 0.300345
v 8.417422 0.332451 0.282363
v 8.445432 0.405409 0.285619
v 8.482767 0.469748 0.309795
v 8.525774 0.519171 0.352523
v 8.570242 0.548840 0.409622
v 8.611819 0.555851 0.475501
v 8.646435 0.539517 0.543713
v 8.670701 0.501438 0.607581
v 8.713513 0.430551 0.643509
v 8.713342 0.360700 0.678705
v 8.701208 0.284842 0.693414
v 8.678301 0.210404 0.686197
v 8.646860 0.144671 0.657761
v 8.609965 0.094078 0.610888
v 8.571228 0.063578 0.550166
v 8.534439 0.056155 0.481541
v 8.503200 0.072538 0.411729
v 8.480569 0.111121 0.347565
v 8.468761 0.168128 0.295328
v 8.468932 0.237979 0.260132
v 8.481066 0.313836 0.245423
v 8.503974 0.388275 0.252640
v 8.535415 0.454007 0.281076
v 8.572309 0.504600 0.327950
v 8.611047 0.535100 0.388671
v 8.647836 0.542523 0.457296
v 8.679074 0.526141 0.527108
v 8.701706 0.487558 0.591272
v 8.747211 0.417731 0.627953
v 8.749394 0.346776 0.660794
v 8.741331 0.269821 0.672236
v 8.723812 0.194400 0.661160
v 8.698551 0.127895 0.628649
v 8.668021 0.076817 0.577887
v 8.635210 0.046165 0.513841
v 8.603331 0.038939 0.442782
v 8.575503 0.055848 0.371664
v 8.554452 0.095235 0.307450
v 8.542237 0.153245 0.256426
v 8.540054 0.224200 0.223585
v 8.548117 0.301155 0.212143
v 8.565636 0.376576 0.223219
v 8.590898 0.443081 0.255730
v 8.621428 0.494159 0.306492
v 8.654238 0.524811 0.370538
v 8.686117 0.532037 0.441598
v 8.713944 0.515128 0.512715
v 8.734996 0.475741 0.576929
v 8.783636 0.406948 0.614138
v 8.788360 0.335043 0.644556
v 8.784558 0.257352 0.652777
v 8.772605 0.181480 0.637996
v 8.753669 0.114854 0.601659
v 8.729604 0.063996 0.547325
v 8.702766 0.033883 0.480311
v 8.675781 0.027465 0.407177
v 8.651293 0.045369 0.335082
v 8.631697 0.085842 0.271083
v 8.618911 0.144922 0.221445
v 8.614187 0.216828 0.191027
v 8.617988 0.294519 0.182806
v 8.629942 0.370391 0.197587
v 8.648877 0.437017 0.233923
v 8.672942 0.487875 0.288258
v 8.699780 0.517987 0.355272
v 8.726765 0.524406 0.428406
v 8.751253 0.506502 0.500501
v 8.770850 0.466029 0.564500
v 8.823081 0.398364 0.602062
v 8.830498 0.325691 0.630018
v 8.831071 0.247641 0.635101
v 8.824744 0.171855 0.616816
v 8.812137 0.105751 0.576950
v 8.794483 0.055800 0.519408
v 8.773510 0.026891 0.449820
v 8.751272 0.021855 0.375000
v 8.729945 0.041183 0.302271
v 8.711617 0.082985 0.238753
v 8.698082 0.143168 0.190662
v 8.690665 0.215842 0.162706
v 8.690092 0.293891 0.157623
v 8.696419 0.369677 0.175909
v 8.709026 0.435781 0.215774
v 8.726681 0.485733 0.273317
v 8.747653 0.514641 0.342904
v 8.769891 0.519678 0.417724
v 8.791218 0.500349 0.490453
v 8.809546 0.458547 0.553972
v 8.865781 0.392225 0.591777
v 8.876005 0.318986 0.617262
v 8.880986 0.240955 0.619330
v 8.880236 0.165769 0.597777
v 8.873828 0.100789 0.554713
v 8.862389 0.052376 0.494354
v 8.847039 0.025267 0.422609
v 8.829282 0.022117 0.346499
v 8.810854 0.043234 0.273476
v 8.793560 0.086551 0.210686
v 8.779093 0.147828 0.164278
v 8.768868 0.221067 0.138792
v 8.763887 0.299098 0.136725
v 8.764638 0.374283 0.158278
v 8.771047 0.439263 0.201341
v 8.782485 0.487677 0.261700
v 8.797834 0.514786 0.333446
v 8.815592 0.517936 0.409555
v 8.834020 0.496819 0.482579
v 8.851314 0.453502 0.545368
v 8.911876 0.388835 0.583379
v 8.924978 0.315247 0.606424
v 8.934326 0.237594 0.605631
v 8.939003 0.163478 0.581078
v 8.938553 0.100153 0.535168
v 8.933020 0.053819 0.472396
v 8.922943 0.029010 0.398905
v 8.909311 0.028155 0.321889
v 8.893458 0.051338 0.248888
v 8.876936 0.096290 0.187047
v 8.861361 0.158610 0.142420
v 8.848259 0.232198 0.119375
v 8.838911 0.309850 0.120168
v 8.834233 0.383967 0.144721
v 8.834683 0.447291 0.190631
v 8.840218 0.493626 0.253403
v 8.850294 0.518435 0.326894
v 8.863926 0.519289 0.403910
v 8.879779 0.496106 0.476911
v 8.896301 0.451155 0.538752
v 8.961379 0.388528 0.577003
v 8.977385 0.314811 0.597679
v 8.990993 0.237864 0.594217
v 9.000872 0.165220 0.566955
v 9.006055 0.103990 0.518561
v 9.006035 0.060168 0.453773
v 9.000813 0.038042 0.378932
v 8.990901 0.039779 0.301365
v 8.977268 0.065209 0.228664
v 8.961250 0.111843 0.167946
v 8.944415 0.175115 0.125154
v 8.928410 0.248832 0.104477
v 8.914801 0.325778 0.107940
v 8.904922 0.398422 0.135202
v 8.899738 0.459652 0.183596
v 8.899758 0.503475 0.248384
v 8.904981 0.525600 0.323225
v 8.914893 0.523863 0.400792
v 8.928525 0.498433 0.473493
v 8.944543 0.451800 0.534211
v 9.014176 0.391627 0.572803
v 9.033064 0.317995 0.591228
v 9.050774 0.242038 0.585321
v 9.065573 0.171193 0.555659
v 9.076013 0.112393 0.505146
v 9.081070 0.071395 0.438727
v 9.080252 0.052211 0.362903
v 9.073637 0.056721 0.285096
v 9.061872 0.084481 0.212924
v 9.046112 0.132775 0.153449
v 9.027896 0.196876 0.112495
v 9.009008 0.270508 0.094070
v 8.991299 0.346464 0.099978
v 8.976500 0.417310 0.129640
v 8.966060 0.476110 0.180153
v 8.961002 0.517108 0.246572
v 8.961821 0.536291 0.322396
v 8.968435 0.531782 0.400202
v 8.980200 0.504022 0.472375
v 8.995960 0.455728 0.531849
v 9.070038 0.398414 0.570945
v 9.091741 0.325065 0.587280
v 9.113351 0.250329 0.579183
v 9.132752 0.181523 0.547447
v 9.148047 0.125382 0.495177
v 9.157738 0.087400 0.427490
v 9.160875 0.071297 0.351013
v 9.157153 0.078647 0.273231
v 9.146935 0.108733 0.201758
v 9.131222 0.158608 0.143591
v 9.111550 0.223391 0.104422
v 9.089848 0.296740 0.088087
v 9.068238 0.371475 0.096184
v 9.048836 0.440281 0.127921
v 9.033541 0.496423 0.180190
v 9.023850 0.534404 0.247877
v 9.020713 0.550508 0.324354
v 9.024435 0.543157 0.402136
v 9.034654 0.513072 0.473609
v 9.050367 0.463197 0.531777
v 9.128636 0.409100 0.571588
v 9.153046 0.336207 0.586038
v 9.178324 0.262866 0.576036
v 9.201997 0.196256 0.542560
v 9.221746 0.142896 0.488889
v 9.235641 0.108011 0.420274
v 9.242319 0.095015 0.343434
v 9.241128 0.105180 0.265889
v 9.232183 0.137511 0.195231
v 9.216361 0.188844 0.138375
v 9.195210 0.254153 0.100887
v 9.170802 0.327046 0.086438
v 9.145524 0.400387 0.096440
v 9.121851 0.466997 0.129915
v 9.102101 0.520356 0.183587
v 9.088207 0.555241 0.252201
v 9.081529 0.568237 0.329042
v 9.082720 0.558072 0.406587
v 9.091664 0.525741 0.477245
v 9.107486 0.474409 0.534101
v 9.189576 0.423809 0.574882
v 9.216544 0.351513 0.587687
v 9.245237 0.279680 0.576086
v 9.272848 0.215341 0.541214
v 9.296673 0.164794 0.486484
v 9.314380 0.132987 0.417255
v 9.324235 0.123033 0.340302
v 9.325274 0.135908 0.263159
v 9.317397 0.170350 0.193376
v 9.301373 0.222988 0.137785
v 9.278769 0.288669 0.101827
v 9.251802 0.360965 0.089022
v 9.223108 0.432798 0.100623
v 9.195498 0.497138 0.135495
v 9.171673 0.547685 0.190225
v 9.153966 0.579492 0.259454
v 9.144111 0.589445 0.336407
v 9.143071 0.576571 0.413550
v 9.150949 0.542129 0.483333
v 9.166973 0.489491 0.538924
v 9.252419 0.442569 0.580957
v 9.281766 0.370972 0.592384
v 9.313611 0.300702 0.579504
v 9.344837 0.238636 0.543577
v 9.372387 0.190852 0.488120
v 9.393565 0.162024 0.418561
v 9.406298 0.154977 0.341710
v 9.409338 0.170399 0.265088
v 9.402390 0.206781 0.196197
v 9.386131 0.260562 0.141780
v 9.362155 0.326477 0.107163
v 9.332808 0.398074 0.095736
v 9.300962 0.468344 0.108616
v 9.269737 0.530409 0.144543
v 9.242187 0.578194 0.200000
v 9.221008 0.607022 0.269559
v 9.208276 0.614069 0.346410
v 9.205235 0.598647 0.423032
v 9.212185 0.562265 0.491923
v 9.228443 0.508484 0.546340
v 9.316711 0.465304 0.589920
v 9.348231 0.394469 0.600252
v 9.382959 0.325763 0.586417
v 9.417497 0.265912 0.549770
v 9.448462 0.220775 0.493897
v 9.472825 0.194770 0.424269
v 9.488200 0.190443 0.347699
v 9.493082 0.208218 0.271685
v 9.486994 0.246353 0.203666
v 9.470531 0.301117 0.150301
v 9.445305 0.367148 0.116814
v 9.413785 0.437984 0.106481
v 9.379057 0.506690 0.120316
v 9.344520 0.566540 0.156963
v 9.313554 0.611677 0.212836
v 9.289191 0.637682 0.282465
v 9.273817 0.642009 0.359034
v 9.268934 0.624235 0.435048
v 9.275023 0.586100 0.503067
v 9.291486 0.531336 0.556432
v 9.382007 0.491841 0.601851
v 9.415474 0.421789 0.611371
v 9.452818 0.354603 0.596899
v 9.490383 0.296860 0.559852
v 9.524493 0.254212 0.503855
v 9.551807 0.230833 0.434391
v 9.569654 0.229013 0.358259
v 9.576284 0.248929 0.282911
v 9.571052 0.288631 0.215723
v 9.554465 0.344234 0.163271
v 9.528151 0.410295 0.130691
v 9.494683 0.480346 0.121170
v 9.457339 0.547532 0.135642
v 9.419774 0.605275 0.172690
v 9.385665 0.647923 0.228686
v 9.358350 0.671302 0.298150
v 9.340504 0.673122 0.374283
v 9.333873 0.653207 0.449631
v 9.339107 0.613504 0.516819
v 9.355692 0.557901 0.569270
v 9.447876 0.521915 0.616804
v 9.483053 0.452634 0.625784
v 9.522751 0.386887 0.610974
v 9.563084 0.331110 0.573824
v 9.600104 0.290762 0.517972
v 9.630187 0.269794 0.448883
v 9.650390 0.270258 0.373321
v 9.658732 0.292108 0.298682
v 9.654399 0.333205 0.232273
v 9.637815 0.389527 0.180594
v 9.610602 0.455561 0.148704
v 9.575425 0.524842 0.139725
v 9.535728 0.590589 0.154534
v 9.495394 0.646366 0.191684
v 9.458374 0.686714 0.247537
v 9.428290 0.707682 0.316625
v 9.408089 0.707218 0.392187
v 9.399746 0.685368 0.466826
v 9.404078 0.644271 0.533235
v 9.420663 0.587949 0.584914
v 9.513925 0.555182 0.634804
v 9.550569 0.486628 0.643489
v 9.592366 0.422211 0.628612
v 9.635228 0.368238 0.591629
v 9.674958 0.329992 0.536161
v 9.707667 0.311217 0.467637
v 9.730153 0.313750 0.392764
v 9.740214 0.337344 0.318872
v 9.736867 0.379690 0.253194
v 9.720439 0.436641 0.202158
v 9.692537 0.502623 0.170762
v 9.655894 0.571178 0.162076
v 9.614096 0.635595 0.176953
v 9.571234 0.689567 0.213936
v 9.531504 0.727813 0.269404
v 9.498795 0.746589 0.337929
v 9.476309 0.744055 0.412801
v 9.466248 0.720461 0.486693
v 9.469595 0.678116 0.552371
v 9.486023 0.621165 0.603407
v 9.579796 0.591230 0.655850
v 9.617663 0.523333 0.664449
v 9.661320 0.460122 0.649737
v 9.706491 0.407785 0.613155
v 9.748755 0.371444 0.558282
v 9.783977 0.354657 0.490491
v 9.808706 0.359068 0.416418
v 9.820524 0.384244 0.343312
v 9.818273 0.427722 0.278330
v 9.802173 0.485244 0.227834
v 9.773800 0.551181 0.196765
v 9.735932 0.619078 0.188166
v 9.692276 0.682289 0.202878
v 9.647105 0.734627 0.239460
v 9.604840 0.770967 0.294333
v 9.569619 0.787754 0.362124
v 9.544889 0.783343 0.436198
v 9.533072 0.758167 0.509303
v 9.535323 0.714690 0.574285
v 9.551423 0.657167 0.624781
v 9.645169 0.629590 0.679917
v 9.684027 0.562264 0.688593
v 9.729311 0.500127 0.674233
v 9.776590 0.449261 0.638243
v 9.821236 0.414645 0.584146
v 9.858877 0.399668 0.517238
v 9.885830 0.405795 0.444067
v 9.899457 0.432428 0.371797
v 9.898422 0.476958 0.307502
v 9.882829 0.535028 0.257475
v 9.854202 0.600952 0.226613
v 9.815346 0.668278 0.217937
v 9.770061 0.730415 0.232298
v 9.722782 0.781281 0.268288
v 9.678137 0.815897 0.322384
v 9.640495 0.830875 0.389293
v 9.613542 0.824747 0.462463
v 9.599916 0.798114 0.534733
v 9.600949 0.753584 0.599029
v 9.616543 0.695514 0.649056
v 9.709764 0.669749 0.706962
v 9.749390 0.602897 0.715821
v 9.796088 0.541704 0.701946
v 9.845289 0.492160 0.666695
v 9.892176 0.459114 0.613520
v 9.932158 0.445802 0.547625
v 9.961322 0.453526 0.475461
v 9.976813 0.481531 0.404091
v 9.977117 0.527074 0.340501
v 9.962200 0.585699 0.290917
v 9.933526 0.651667 0.260192
v 9.893900 0.718519 0.251333
v 9.847200 0.779712 0.265208
v 9.798000 0.829256 0.300459
v 9.751114 0.862302 0.353634
v 9.711132 0.875614 0.419529
v 9.681968 0.867890 0.491693
v 9.666475 0.839885 0.563063
v 9.666173 0.794341 0.626653
v 9.681088 0.735717 0.676237
v 9.773325 0.711164 0.736919
v 9.813520 0.644683 0.746008
v 9.861439 0.584313 0.732696
v 9.912391 0.535964 0.698284
v 9.961389 0.504368 0.646141
v 10.003636 0.492618 0.581372
v 10.034998 0.501864 0.510317
v 10.052403 0.531202 0.439930
v 10.054150 0.577759 0.377102
v 10.040066 0.636978 0.327983
v 10.011530 0.703062 0.297381
v 9.971335 0.769543 0.288292
v 9.923416 0.829913 0.301605
v 9.872464 0.878262 0.336016
v 9.823466 0.909858 0.388159
v 9.781219 0.921608 0.452928
v 9.749857 0.912362 0.523983
v 9.732451 0.883024 0.594370
v 9.730705 0.836467 0.657198
v 9.744789 0.777248 0.706317
v 9.835629 0.753267 0.769705
v 9.876218 0.687056 0.779011
v 9.925184 0.627406 0.766280
v 9.977734 0.580154 0.732757
v 10.028723 0.549927 0.681724
v 10.073160 0.539684 0.618176
v 10.106697 0.550426 0.548335
v 10.126049 0.581103 0.479036
v 10.129324 0.628712 0.417063
v 10.116199 0.688592 0.368482
v 10.087960 0.754881 0.338050
v 10.047371 0.821092 0.328744
v 9.998405 0.880743 0.341475
v 9.945856 0.927994 0.374998
v 9.894867 0.958221 0.426031
v 9.850429 0.968465 0.489579
v 9.816893 0.957722 0.559420
v 9.797540 0.927045 0.628719
v 9.794266 0.879437 0.690692
v 9.807390 0.819557 0.739273
v 9.896466 0.795483 0.805220
v 9.937306 0.729447 0.814666
v 9.987172 0.670432 0.802478
v 10.041183 0.624215 0.769846
v 10.094050 0.595320 0.719966
v 10.140601 0.586576 0.657721
v 10.176277 0.598838 0.589202
v 10.197587 0.630906 0.521118
v 10.202444 0.679642 0.460132
v 10.190374 0.740273 0.412216
v 10.162558 0.806867 0.382058
v 10.121716 0.872903 0.372611
v 10.071851 0.931918 0.384800
v 10.017840 0.978134 0.417431
v 9.964972 1.007029 0.467311
v 9.918422 1.015774 0.529557
v 9.882746 1.003512 0.598075
v 9.861436 0.971443 0.666159
v 9.856579 0.922708 0.727145
v 9.868649 0.862076 0.775062
v 9.955638 0.837235 0.843336
v 9.996622 0.771290 0.852791
v 10.047272 0.712853 0.841054
v 10.102627 0.667645 0.809274
v 10.157269 0.640091 0.760563
v 10.205853 0.632888 0.699687
v 10.243618 0.646742 0.632607
v 10.266870 0.680296 0.565888
v 10.273334 0.730265 0.506061
v 10.262374 0.791759 0.458984
v 10.235065 0.858758 0.429263
v 10.194081 0.924704 0.419808
v 10.143433 0.983141 0.431545
v 10.088077 1.028349 0.463325
v 10.033434 1.055903 0.512036
v 9.984851 1.063105 0.572912
v 9.947085 1.049252 0.639992
v 9.923833 1.015698 0.706711
v 9.917370 0.965728 0.766537
v 9.928329 0.904234 0.813615
v 10.012952 0.877958 0.883903
v 10.054012 0.812034 0.893181
v 10.105359 0.754146 0.881760
v 10.161966 0.709961 0.850756
v 10.218292 0.683802 0.803206
v 10.268824 0.678231 0.743762
v 10.308614 0.693794 0.678246
v 10.333769 0.728966 0.613068
v 10.341825 0.780305 0.554610
v 10.331995 0.842785 0.508594
v 10.305240 0.910291 0.479524
v 10.264179 0.976215 0.470246
v 10.212832 1.034103 0.481667
v 10.156226 1.078288 0.512671
v 10.099900 1.104447 0.560221
v 10.049369 1.110018 0.619665
v 10.009579 1.094455 0.685181
v 9.984424 1.059283 0.750359
v 9.976367 1.007944 0.808817
v 9.986197 0.945464 0.854833
v 10.068218 0.917105 0.926734
v 10.109325 0.851155 0.935610
v 10.161319 0.793819 0.924331
v 10.219109 0.750709 0.894003
v 10.277038 0.726044 0.847594
v 10.329435 0.722239 0.789647
v 10.371174 0.739667 0.725834
v 10.398167 0.776622 0.662401
v 10.407771 0.829486 0.605558
v 10.399048 0.893084 0.560870
v 10.372850 0.961192 0.532709
v 10.331744 1.027142 0.523834
v 10.279751 1.084478 0.535113
v 10.221961 1.127589 0.565441
v 10.164032 1.152253 0.611850
v 10.111634 1.156058 0.669797
v 10.069896 1.138630 0.733610
v 10.042903 1.101675 0.797043
v 10.033298 1.048811 0.853885
v 10.042022 0.985213 0.898574
v 10.121246 0.954165 0.971605
v 10.162410 0.888165 0.979820
v 10.215032 0.831416 0.968490
v 10.273961 0.789472 0.938725
v 10.333429 0.766440 0.893437
v 10.387615 0.764574 0.837061
v 10.431216 0.784056 0.775114
v 10.459962 0.822980 0.713661
v 10.471040 0.877536 0.658716
v 10.463366 0.942383 0.615659
v 10.437690 1.011173 0.588704
v 10.396526 1.077173 0.580489
v 10.343904 1.133923 0.591819
v 10.284975 1.175866 0.621584
v 10.225507 1.198899 0.666872
v 10.171320 1.200765 0.723248
v 10.127720 1.181282 0.785195
v 10.098974 1.142358 0.846648
v 10.087896 1.087803 0.901592
v 10.095571 1.022956 0.944650
v 10.171843 0.988670 1.018247
v 10.213108 0.922624 1.025525
v 10.266374 0.866530 1.013941
v 10.326426 0.825879 0.984629
v 10.387386 0.804652 0.940457
v 10.443288 0.804925 0.885750
v 10.488659 0.826672 0.825863
v 10.519058 0.867765 0.766658
v 10.531509 0.924180 0.713930
v 10.524794 0.990396 0.672841
v 10.499569 1.059930 0.647413
v 10.458304 1.125977 0.640134
v 10.405039 1.182071 0.651718
v 10.344986 1.222721 0.681030
v 10.284025 1.243949 0.725202
v 10.228124 1.243675 0.779909
v 10.182753 1.221928 0.839796
v 10.152354 1.180836 0.899001
v 10.139903 1.124421 0.951729
v 10.146618 1.058205 0.992818
v 10.219819 1.020209 1.066344
v 10.261261 0.954150 1.072406
v 10.315213 0.898812 1.060375
v 10.376396 0.859612 1.031427
v 10.438819 0.840386 0.988395
v 10.496372 0.843018 0.935493
v 10.543422 0.867248 0.877899
v 10.575363 0.910706 0.821250
v 10.589067 0.969138 0.771091
v 10.583196 1.036823 0.732333
v 10.558321 1.107136 0.708769
v 10.516880 1.173195 0.702706
v 10.462927 1.228532 0.714738
v 10.401745 1.267733 0.743686
v 10.339321 1.286958 0.786717
v 10.281769 1.284327 0.839619
v 10.234718 1.260096 0.897214
v 10.202778 1.216638 0.953863
v 10.189073 1.158207 1.004022
v 10.194944 1.090522 1.042780
v 10.264988 1.048438 1.115535
v 10.306706 0.982434 1.120115
v 10.361413 0.927981 1.107469
v 10.423754 0.890409 1.078834
v 10.487625 0.873396 1.037014
v 10.546776 0.878607 0.986101
v 10.595414 0.905532 0.931081
v 10.628780 0.951536 0.877339
v 10.643609 1.012115 0.830134
v 10.638447 1.081339 0.794089
v 10.613800 1.152433 0.772731
v 10.572082 1.218437 0.768151
v 10.517375 1.272890 0.780798
v 10.455034 1.310462 0.809433
v 10.391163 1.327475 0.851253
v 10.332013 1.322264 0.902165
v 10.283374 1.295339 0.957185
v 10.250008 1.249335 1.010928
v 10.235179 1.188756 1.058132
v 10.240341 1.119532 1.094177
v 10.307173 1.073098 1.165421
v 10.349284 1.007246 1.168278
v 10.404829 0.953828 1.154893
v 10.468371 0.918073 1.126576
v 10.533690 0.903479 1.086099
v 10.594393 0.911477 1.037424
v 10.644535 0.941282 0.985316
v 10.679211 0.989978 0.934875
v 10.695025 1.052797 0.891040
v 10.690430 1.123592 0.858100
v 10.665874 1.195430 0.839281
v 10.623763 1.261282 0.836424
v 10.568217 1.314700 0.849809
v 10.504675 1.350455 0.878126
v 10.439356 1.365049 0.918603
v 10.378654 1.357051 0.967278
v 10.328511 1.327246 1.019387
v 10.293836 1.278550 1.069827
v 10.278022 1.215730 1.113663
v 10.282618 1.144936 1.146602
v 10.346211 1.094018 1.215573
v 10.388840 1.028444 1.216509
v 10.445316 0.976223 1.202320
v 10.510113 0.942467 1.174395
v 10.576888 0.930480 1.135467
v 10.639104 0.941436 1.089347
v 10.690672 0.974261 1.040549
v 10.726542 1.025744 0.993850
v 10.743205 1.090844 0.953822
v 10.739029 1.163189 0.924382
v 10.714422 1.235697 0.908412
v 10.671795 1.301271 0.907475
v 10.615318 1.353491 0.921664
v 10.550521 1.387247 0.949589
v 10.483747 1.399234 0.988517
v 10.421530 1.388278 1.034637
v 10.369963 1.355453 1.083435
v 10.334092 1.303970 1.130134
v 10.317430 1.238870 1.170163
v 10.321606 1.166526 1.199603
v 10.381966 1.111125 1.265547
v 10.425232 1.045974 1.264421
v 10.482734 0.995111 1.249435
v 10.548840 0.963516 1.222056
v 10.617081 0.954281 1.184965
v 10.680777 0.968310 1.141791
v 10.733693 1.004230 1.096762
v 10.770649 1.058524 1.054285
v 10.788027 1.125878 1.018517
v 10.784126 1.199700 0.992961
v 10.759329 1.272762 0.980117
v 10.716063 1.337913 0.981244
v 10.658562 1.388776 0.996230
v 10.592455 1.420371 1.023608
v 10.524214 1.429606 1.060700
v 10.460518 1.415577 1.103873
v 10.407602 1.379658 1.148903
v 10.370646 1.325363 1.191380
v 10.353269 1.258009 1.227147
v 10.357168 1.184187 1.252704
v 10.414326 1.124447 1.314913
v 10.458344 1.059875 1.311646
v 10.516954 1.010514 1.295947
v 10.584417 0.981199 1.269353
v 10.654130 0.974796 1.234467
v 10.719269 0.991935 1.194703
v 10.773457 1.030936 1.153954
v 10.811391 1.087982 1.116209
v 10.829356 1.157490 1.085163
v 10.825596 1.232654 1.063854
v 10.800476 1.306119 1.054368
v 10.756457 1.370691 1.057635
v 10.697848 1.420051 1.073333
v 10.630384 1.449367 1.099928
v 10.560672 1.455769 1.134814
v 10.495533 1.438631 1.174578
v 10.441345 1.399630 1.215327
v 10.403412 1.342583 1.253072
v 10.385446 1.273076 1.284118
v 10.389207 1.197911 1.305427
v 10.443222 1.134104 1.363270
v 10.488090 1.070264 1.357856
v 10.547874 1.022517 1.341608
v 10.616723 0.995537 1.316117
v 10.687898 0.991965 1.283878
v 10.754431 1.012150 1.248047
v 10.809809 1.054117 1.212131
v 10.848612 1.113757 1.179646
v 10.867042 1.185233 1.153772
v 10.863294 1.261548 1.137041
v 10.837735 1.335232 1.131092
v 10.792868 1.399072 1.136506
v 10.733083 1.446818 1.152753
v 10.664233 1.473799 1.178244
v 10.593059 1.477371 1.210483
v 10.526525 1.457185 1.246314
v 10.471148 1.415219 1.282230
v 10.432344 1.355578 1.314715
v 10.413915 1.284102 1.340589
v 10.417663 1.207787 1.357320
v 10.468631 1.140295 1.410284
v 10.514422 1.077328 1.402783
v 10.575422 1.031256 1.386222
v 10.645660 1.006590 1.362220
v 10.718261 1.005742 1.333127
v 10.786118 1.028797 1.301791
v 10.842587 1.073498 1.271280
v 10.882143 1.135469 1.244580
v 10.900912 1.208643 1.224304
v 10.897058 1.285859 1.212438
v 10.870958 1.359558 1.210142
v 10.825168 1.422524 1.217642
v 10.764167 1.468596 1.234204
v 10.693929 1.493263 1.258206
v 10.621328 1.494111 1.287299
v 10.553473 1.471056 1.318635
v 10.497003 1.426355 1.349146
v 10.457447 1.364384 1.375846
v 10.438677 1.291210 1.396122
v 10.442531 1.213994 1.407988
v 10.490582 1.143283 1.455707
v 10.537346 1.081303 1.446245
v 10.599568 1.036905 1.429661
v 10.671161 1.014435 1.407580
v 10.745114 1.016094 1.382161
v 10.814190 1.041718 1.355895
v 10.871626 1.088799 1.331350
v 10.911799 1.152729 1.310932
v 10.930779 1.227250 1.296637
v 10.926706 1.305067 1.289865
v 10.899981 1.378563 1.291280
v 10.853217 1.440544 1.300742
v 10.790994 1.484942 1.317325
v 10.719401 1.507411 1.339407
v 10.645448 1.505753 1.364825
v 10.576372 1.480129 1.391092
v 10.518937 1.433047 1.415636
v 10.478763 1.369117 1.436055
v 10.459784 1.294596 1.450350
v 10.463856 1.216779 1.457122
v 10.509153 1.143359 1.499405
v 10.556910 1.082443 1.488157
v 10.620325 1.039647 1.471878
v 10.693192 1.019162 1.452164
v 10.768378 1.022991 1.430943
v 10.838524 1.050761 1.410294
v 10.896763 1.099752 1.392236
v 10.937393 1.165170 1.378539
v 10.956438 1.240610 1.370542
v 10.952034 1.318689 1.369028
v 10.924612 1.391762 1.374147
v 10.876856 1.452678 1.385395
v 10.813440 1.495474 1.401674
v 10.740574 1.515959 1.421388
v 10.665387 1.512130 1.442609
v 10.595242 1.484360 1.463258
v 10.537004 1.435369 1.481316
v 10.496373 1.369951 1.495013
v 10.477327 1.294511 1.503010
v 10.481731 1.216432 1.504524
v 10.524466 1.140810 1.541366
v 10.573207 1.080996 1.528542
v 10.637743 1.039661 1.512906
v 10.711756 1.020851 1.495989
v 10.788001 1.026409 1.479445
v 10.859015 1.055789 1.464896
v 10.917848 1.106116 1.453764
v 10.958738 1.172464 1.447140
v 10.977685 1.248337 1.445672
v 10.972834 1.326310 1.449504
v 10.944657 1.398749 1.458260
v 10.895916 1.458563 1.471084
v 10.831381 1.499898 1.486720
v 10.757368 1.518708 1.503638
v 10.681122 1.513150 1.520181
v 10.610107 1.483770 1.534730
v 10.551275 1.433443 1.545862
v 10.510386 1.367095 1.552486
v 10.491438 1.291222 1.553954
v 10.496290 1.213249 1.550122
v 10.536661 1.135888 1.581699
v 10.586353 1.077170 1.567531
v 10.651897 1.037088 1.552856
v 10.726878 1.019567 1.539112
v 10.803954 1.026320 1.527643
v 10.875583 1.056689 1.519572
v 10.934751 1.107698 1.515689
v 10.975667 1.174356 1.516374
v 10.994327 1.250138 1.521561
v 10.988903 1.327625 1.530741
v 10.959927 1.399233 1.543015
v 10.910233 1.457951 1.557184
v 10.844689 1.498033 1.571858
v 10.769710 1.515555 1.585602
v 10.692633 1.508801 1.597071
v 10.621005 1.478433 1.605142
v 10.561837 1.427423 1.609025
v 10.520921 1.360765 1.608340
v 10.502261 1.284983 1.603153
v 10.507685 1.207496 1.593973
v 10.545884 1.128773 1.620610
v 10.596471 1.071106 1.605332
v 10.662876 1.032019 1.591897
v 10.738600 1.015340 1.581620
v 10.816230 1.022699 1.575507
v 10.888166 1.053378 1.574157
v 10.947370 1.104373 1.577701
v 10.988042 1.170692 1.585793
v 11.006204 1.245843 1.597640
v 11.000076 1.322471 1.612084
v 10.970260 1.393073 1.627709
v 10.919673 1.450741 1.642987
v 10.853268 1.489827 1.656422
v 10.777543 1.506507 1.666699
v 10.699913 1.499147 1.672812
v 10.627976 1.468468 1.674163
v 10.568774 1.417474 1.670619
v 10.528102 1.351155 1.662527
v 10.509940 1.276003 1.650679
v 10.516068 1.199376 1.636236
v 10.552254 1.119555 1.658368
v 10.603661 1.062863 1.642204
v 10.670753 1.024482 1.630226
v 10.746963 1.008168 1.623608
v 10.824831 1.015520 1.622997
v 10.896735 1.045817 1.628453
v 10.955638 1.096094 1.639441
v 10.995771 1.161429 1.654887
v 11.013208 1.235426 1.673278
v 11.006241 1.310843 1.692814
v 10.975553 1.380298 1.711583
v 10.924147 1.436990 1.727747
v 10.857054 1.475371 1.739725
v 10.780844 1.491685 1.746343
v 10.702975 1.484333 1.746954
v 10.631071 1.454036 1.741498
v 10.572168 1.403759 1.730510
v 10.532035 1.338424 1.715064
v 10.514599 1.264427 1.696673
v 10.521565 1.189010 1.677137
v 10.555851 1.108237 1.695248
v 10.607989 1.052418 1.678401
v 10.675576 1.014439 1.668031
v 10.751996 0.998018 1.665152
v 10.829768 1.004761 1.670045
v 10.901279 1.034010 1.682233
v 10.959531 1.082900 1.700522
v 10.998819 1.146646 1.723122
v 11.015299 1.219009 1.747820
v 11.007358 1.292904 1.772199
v 10.975772 1.361099 1.793873
v 10.923634 1.416918 1.810720
v 10.856047 1.454897 1.821090
v 10.779627 1.471318 1.823969
v 10.701855 1.464575 1.819075
v 10.630343 1.435326 1.806887
v 10.572092 1.386436 1.788599
v 10.532804 1.322689 1.765999
v 10.516323 1.250327 1.741301
v 10.524265 1.176431 1.716921
v 10.556707 1.094746 1.731478
v 10.609482 1.039685 1.714129
v 10.677366 1.001812 1.705446
v 10.753715 0.984836 1.706281
v 10.831053 0.990417 1.716552
v 10.901813 1.018010 1.735253
v 10.959065 1.064913 1.760553
v 10.997208 1.126535 1.789977
v 11.012506 1.196845 1.820644
v 11.003463 1.268960 1.849551
v 10.970963 1.335820 1.873870
v 10.918188 1.390881 1.891220
v 10.850305 1.428754 1.899902
v 10.773956 1.445730 1.899067
v 10.696617 1.440149 1.888797
v 10.625858 1.412556 1.870096
v 10.568605 1.365653 1.844795
v 10.530463 1.304030 1.815372
v 10.515164 1.233721 1.784705
v 10.524208 1.161606 1.755797
v 10.554814 1.078972 1.767205
v 10.608128 1.024544 1.749505
v 10.676114 0.986503 1.742531
v 10.752119 0.968572 1.746965
v 10.828702 0.972505 1.762375
v 10.898368 0.997919 1.787250
v 10.954296 1.042326 1.819157
v 10.991012 1.101378 1.854972
v 11.004922 1.169295 1.891190
v 10.994664 1.239429 1.924264
v 10.961243 1.304915 1.950958
v 10.907930 1.359343 1.968658
v 10.839944 1.397384 1.975632
v 10.763939 1.415316 1.971198
v 10.687355 1.411382 1.955788
v 10.617690 1.385968 1.930912
v 10.561762 1.341561 1.899005
v 10.525046 1.282509 1.863190
v 10.511136 1.214592 1.826973
v 10.521394 1.144458 1.793899
v 10.550137 1.060801 1.802465
v 10.603890 1.006881 1.784543
v 10.671795 0.968426 1.779248
v 10.747205 0.949198 1.787100
v 10.822737 0.951081 1.807330
v 10.890999 0.973890 1.837958
v 10.945308 1.015391 1.875985
v 10.980348 1.071524 1.917689
v 10.992689 1.136792 1.958989
v 10.981124 1.204808 1.995840
v 10.946784 1.268913 2.024637
v 10.893031 1.322833 2.042559
v 10.825126 1.361288 2.047853
v 10.749717 1.380516 2.040001
v 10.674184 1.378633 2.019772
v 10.605923 1.355825 1.989144
v 10.551613 1.314323 1.951117
v 10.516573 1.258190 1.909412
v 10.504231 1.192922 1.868113
v 10.515797 1.124906 1.831262
v 10.542633 1.040154 1.837188
v 10.596731 0.986619 1.819149
v 10.664384 0.947537 1.815471
v 10.738971 0.926733 1.826515
v 10.813190 0.926243 1.851198
v 10.879775 0.946116 1.887105
v 10.932211 0.984406 1.930721
v 10.965363 1.037365 1.977777
v 10.975986 1.099810 2.023665
v 10.963040 1.165627 2.063896
v 10.927794 1.228374 2.094529
v 10.873695 1.281908 2.112568
v 10.806043 1.320991 2.116246
v 10.731456 1.341795 2.105202
v 10.657237 1.342285 2.080519
v 10.590652 1.322412 2.044612
v 10.538216 1.284122 2.000996
v 10.505064 1.231163 1.953940
v 10.494441 1.168718 1.908051
v 10.507386 1.102901 1.867821
v 10.532275 1.017015 1.871205
v 10.586624 0.963744 1.853139
v 10.653871 0.923854 1.850994
v 10.727432 0.901248 1.864980
v 10.800108 0.898141 1.893729
v 10.864784 0.914835 1.934425
v 10.915131 0.949698 1.983085
v 10.946218 0.999315 2.034947
v 10.955003 1.058831 2.084933
v 10.940626 1.122420 2.128150
v 10.904495 1.183856 2.160369
v 10.850146 1.237127 2.178435
v 10.782900 1.277017 2.180580
v 10.709338 1.299623 2.166593
v 10.636662 1.302730 2.137845
v 10.571985 1.286036 2.097149
v 10.521640 1.251173 2.048488
v 10.490553 1.201556 1.996627
v 10.481768 1.142040 1.946641
v 10.496144 1.078451 1.903423
v 10.519061 0.991438 1.904281
v 10.573570 0.938316 1.886261
v 10.640268 0.897464 1.885555
v 10.712626 0.872882 1.902231
v 10.783560 0.866975 1.934656
v 10.846127 0.880323 1.979656
v 10.894203 0.911618 2.032828
v 10.923082 0.957797 2.088965
v 10.929937 1.014341 2.142573
v 10.914098 1.075713 2.188405
v 10.877113 1.135906 2.221973
v 10.822604 1.189029 2.239992
v 10.755906 1.229881 2.240698
v 10.683549 1.254463 2.224023
v 10.612616 1.260369 2.191598
v 10.550047 1.247022 2.146597
v 10.501971 1.215726 2.093426
v 10.473092 1.169547 2.037288
v 10.466237 1.113004 1.983680
v 10.482077 1.051632 1.937849
v 10.503027 0.963564 1.936133
v 10.557607 0.910477 1.918223
v 10.623623 0.868531 1.918857
v 10.694613 0.841833 1.937975
v 10.763630 0.832997 1.973704
v 10.823915 0.842886 2.022548
v 10.869571 0.870534 2.079724
v 10.896126 0.913233 2.139637
v 10.900980 0.966805 2.196422
v 10.883660 1.026004 2.244519
v 10.845860 1.085037 2.279222
v 10.791282 1.138124 2.297132
v 10.725266 1.180069 2.296498
v 10.654275 1.206767 2.277380
v 10.585258 1.215604 2.241651
v 10.524972 1.205714 2.192808
v 10.479317 1.178067 2.135631
v 10.452763 1.135367 2.075718
v 10.447907 1.081796 2.018933
v 10.465228 1.022597 1.970836
v 10.484248 0.933604 1.966461
v 10.538807 0.880442 1.948711
v 10.604015 0.837287 1.950591
v 10.673489 0.808362 1.971917
v 10.740427 0.796501 2.010601
v 10.798278 0.802862 2.062857
v 10.841379 0.826825 2.123570
v 10.865511 0.866042 2.186796
v 10.868311 0.916676 2.246347
v 10.849506 0.973770 2.296393
v 10.810937 1.031735 2.332036
v 10.756378 1.084897 2.349786
v 10.691170 1.128052 2.347906
v 10.621696 1.156976 2.326581
v 10.554758 1.168838 2.287896
v 10.496907 1.162476 2.235640
v 10.453806 1.138514 2.174927
v 10.429674 1.099296 2.111701
v 10.426874 1.048662 2.052150
v 10.445679 0.991569 2.002104
v 10.462841 0.901836 1.994963
v 10.517286 0.848491 1.977417
v 10.581560 0.804021 1.980450
v 10.649370 0.772778 2.003766
v 10.714078 0.757820 2.045083
v 10.769350 0.760612 2.100357
v 10.809775 0.780880 2.164176
v 10.831398 0.816641 2.230294
v 10.832100 0.864394 2.292238
v 10.811814 0.919464 2.343946
v 10.772525 0.976461 2.380355
v 10.718079 1.029806 2.397902
v 10.653805 1.074276 2.394868
v 10.585996 1.105520 2.371552
v 10.521288 1.120477 2.330235
v 10.466016 1.117685 2.274961
v 10.425590 1.097417 2.211143
v 10.403968 1.061656 2.145025
v 10.403265 1.013903 2.083080
v 10.423552 0.958833 2.031373
v 10.438959 0.868594 2.021353
v 10.493196 0.814959 2.004044
v 10.556407 0.769074 2.008143
v 10.622405 0.735429 2.033248
v 10.684729 0.717318 2.076902
v 10.737279 0.716515 2.134831
v 10.774910 0.733097 2.201366
v 10.793940 0.765442 2.269992
v 10.792504 0.810383 2.333994
v 10.770745 0.863521 2.387105
v 10.730791 0.919655 2.424127
v 10.676555 0.973290 2.441436
v 10.613343 1.019176 2.437337
v 10.547346 1.052820 2.412232
v 10.485022 1.070931 2.368578
v 10.432472 1.071734 2.310649
v 10.394840 1.055152 2.244114
v 10.375811 1.022807 2.175488
v 10.377246 0.977866 2.111486
v 10.399006 0.924728 2.058375
v 10.412795 0.834252 2.045369
v 10.466721 0.780219 2.028325
v 10.528733 0.732822 2.033404
v 10.592764 0.696698 2.060109
v 10.652544 0.675385 2.105825
v 10.702222 0.670968 2.166080
v 10.736935 0.683880 2.234972
v 10.753284 0.712857 2.305760
v 10.749671 0.755062 2.371515
v 10.726448 0.806364 2.425798
v 10.685889 0.861742 2.463298
v 10.631964 0.915774 2.480342
v 10.569951 0.963172 2.475263
v 10.505920 0.999295 2.448558
v 10.446140 1.020609 2.402842
v 10.396462 1.025025 2.342587
v 10.361750 1.012114 2.273695
v 10.345400 0.983137 2.202907
v 10.349013 0.940932 2.137152
v 10.372236 0.889629 2.082869
v 10.384572 0.799212 2.066783
v 10.438076 0.744675 2.050021
v 10.498744 0.695668 2.055995
v 10.560638 0.656990 2.084120
v 10.617699 0.632425 2.131645
v 10.664341 0.624379 2.193916
v 10.696000 0.633638 2.264838
v 10.709575 0.659298 2.337469
v 10.703738 0.698845 2.404699
v 10.679061 0.748409 2.459947
v 10.637959 0.803138 2.497806
v 10.584455 0.857675 2.514568
v 10.523787 0.906681 2.508595
v 10.461892 0.945360 2.480469
v 10.404832 0.969925 2.432944
v 10.358190 0.977971 2.370673
v 10.326530 0.968711 2.299751
v 10.312956 0.943052 2.227120
v 10.318792 0.903505 2.159890
v 10.343470 0.853941 2.104642
v 10.354541 0.763892 2.085405
v 10.407505 0.708742 2.068932
v 10.466667 0.658030 2.075714
v 10.526238 0.616720 2.105085
v 10.580386 0.588854 2.154171
v 10.623810 0.577162 2.218168
v 10.652260 0.582787 2.290810
v 10.662951 0.605178 2.364987
v 10.654837 0.642145 2.433439
v 10.628711 0.690068 2.489463
v 10.587131 0.744257 2.527577
v 10.534167 0.799406 2.544050
v 10.475004 0.850118 2.537268
v 10.415434 0.891429 2.507897
v 10.361286 0.919294 2.458810
v 10.317862 0.930987 2.394814
v 10.289412 0.925362 2.322171
v 10.278721 0.902970 2.247994
v 10.286836 0.866003 2.179543
v 10.312962 0.818080 2.123518
v 10.322979 0.728715 2.101082
v 10.375273 0.672845 2.084898
v 10.432752 0.620329 2.092393
v 10.489791 0.576309 2.122835
v 10.540807 0.545092 2.173242
v 10.580805 0.529736 2.238681
v 10.605870 0.531742 2.312746
v 10.613549 0.550915 2.388187
v 10.603090 0.585377 2.457620
v 10.575518 0.631756 2.514247
v 10.533529 0.685511 2.552526
v 10.481236 0.741381 2.568710
v 10.423757 0.793897 2.561215
v 10.366718 0.837917 2.530774
v 10.315702 0.869134 2.480366
v 10.275704 0.884490 2.414927
v 10.250639 0.882484 2.340862
v 10.242960 0.863311 2.265421
v 10.253418 0.828849 2.195989
v 10.280992 0.782470 2.139361
v 10.290184 0.694094 2.113707
v 10.341665 0.637397 2.097799
v 10.397263 0.582981 2.105906
v 10.451536 0.536174 2.137234
v 10.499171 0.501557 2.188716
v 10.535507 0.482519 2.255314
v 10.556985 0.480923 2.330507
v 10.561503 0.496926 2.406937
v 10.548620 0.528961 2.477120
v 10.519595 0.573892 2.534187
v 10.477272 0.627321 2.572553
v 10.425791 0.684019 2.588461
v 10.370193 0.738435 2.580354
v 10.315920 0.785242 2.549026
v 10.268284 0.819859 2.497544
v 10.231949 0.838897 2.430946
v 10.210471 0.840493 2.355753
v 10.205953 0.824490 2.279324
v 10.218836 0.792455 2.209140
v 10.247860 0.747524 2.152072
v 10.256468 0.660425 2.123215
v 10.306980 0.602794 2.107558
v 10.360477 0.546385 2.116160
v 10.411722 0.496718 2.148178
v 10.455699 0.458657 2.200478
v 10.488103 0.435925 2.267941
v 10.505762 0.430750 2.343962
v 10.506948 0.443637 2.421102
v 10.491543 0.473324 2.491807
v 10.461058 0.516906 2.549159
v 10.418474 0.570117 2.587541
v 10.367963 0.627748 2.603198
v 10.314466 0.684158 2.594596
v 10.263221 0.733824 2.562579
v 10.219244 0.771886 2.510279
v 10.186840 0.794617 2.442816
v 10.169181 0.799792 2.366794
v 10.167995 0.786906 2.289655
v 10.183399 0.757218 2.218949
v 10.213885 0.713636 2.161598
v 10.222151 0.628066 2.129587
v 10.271523 0.569400 2.114142
v 10.322677 0.510911 2.123105
v 10.370603 0.458324 2.155596
v 10.410609 0.416786 2.208436
v 10.438781 0.390365 2.276452
v 10.452360 0.381645 2.352986
v 10.450018 0.391481 2.430547
v 10.431982 0.418909 2.501542
v 10.400021 0.461246 2.559023
v 10.357260 0.514346 2.597361
v 10.307886 0.573011 2.612805
v 10.256733 0.631501 2.603843
v 10.208808 0.684088 2.571352
v 10.168801 0.725625 2.518512
v 10.140629 0.752047 2.450496
v 10.127050 0.760767 2.373962
v 10.129393 0.750931 2.296401
v 10.147428 0.723502 2.225405
v 10.179390 0.681166 2.167925
v 10.187551 0.597331 2.132842
v 10.235599 0.537534 2.117557
v 10.284142 0.476892 2.126725
v 10.328429 0.421342 2.159448
v 10.364124 0.376320 2.212522
v 10.387733 0.346234 2.280752
v 10.396944 0.334029 2.357460
v 10.390858 0.340900 2.435137
v 10.370068 0.366174 2.506179
v 10.336610 0.407376 2.563632
v 10.293760 0.460475 2.601872
v 10.245711 0.520272 2.617157
v 10.197167 0.580913 2.607989
v 10.152881 0.636464 2.575266
v 10.117186 0.681485 2.522192
v 10.093577 0.711571 2.453962
v 10.084366 0.723776 2.377254
v 10.090452 0.716905 2.299577
v 10.111242 0.691632 2.228535
v 10.144700 0.650429 2.171082
v 10.152971 0.568475 2.133039
v 10.199494 0.507461 2.117846
v 10.245143 0.444614 2.127040
v 10.285446 0.386087 2.159721
v 10.316462 0.337608 2.212691
v 10.335152 0.303922 2.280764
v 10.339686 0.288328 2.357276
v 10.329623 0.292351 2.434739
v 10.305947 0.315597 2.505569
v 10.270975 0.355792 2.562834
v 10.228130 0.409001 2.600927
v 10.181607 0.470015 2.616121
v 10.135960 0.532861 2.606927
v 10.095655 0.591389 2.574245
v 10.064640 0.639868 2.521276
v 10.045951 0.673554 2.453203
v 10.041415 0.689148 2.376691
v 10.051478 0.685125 2.299228
v 10.075154 0.661878 2.228397
v 10.110126 0.621683 2.171133
v 10.118689 0.541684 2.130267
v 10.163471 0.479380 2.115080
v 10.205919 0.414305 2.124094
v 10.241879 0.352828 2.156428
v 10.267829 0.300968 2.208917
v 10.281230 0.263800 2.276422
v 10.280769 0.244964 2.352335
v 10.266493 0.246302 2.429227
v 10.239798 0.267685 2.499570
v 10.203297 0.307018 2.556478
v 10.160563 0.360452 2.594381
v 10.115781 0.422755 2.609569
v 10.073332 0.487831 2.600554
v 10.037373 0.549307 2.568220
v 10.011422 0.601167 2.515732
v 9.998021 0.638335 2.448227
v 9.998482 0.657171 2.372313
v 10.012758 0.655833 2.295421
v 10.039454 0.634450 2.225079
v 10.075954 0.595117 2.168170
v 10.084925 0.517066 2.124629
v 10.127740 0.453418 2.109345
v 10.166677 0.386129 2.117948
v 10.197925 0.321786 2.149595
v 10.218423 0.266687 2.201189
v 10.226165 0.226227 2.267679
v 10.220394 0.204365 2.342556
v 10.201675 0.203241 2.418493
v 10.171841 0.222966 2.488054
v 10.133810 0.261608 2.544430
v 10.091306 0.315386 2.582105
v 10.048490 0.379035 2.597388
v 10.009553 0.446324 2.588786
v 9.978306 0.510667 2.557138
v 9.957808 0.565765 2.505545
v 9.950065 0.606226 2.439054
v 9.955835 0.628088 2.364177
v 9.974555 0.629211 2.288241
v 10.004390 0.609486 2.218680
v 10.042420 0.570844 2.162303
v 10.051837 0.494657 2.116221
v 10.092451 0.429632 2.100724
v 10.127565 0.360192 2.108660
v 10.153741 0.293133 2.139253
v 10.168416 0.235020 2.189507
v 10.170155 0.191542 2.254503
v 10.158787 0.166953 2.327879
v 10.135424 0.163663 2.402453
v 10.102354 0.181991 2.470925
v 10.062814 0.220145 2.526592
v 10.020675 0.274389 2.564006
v 9.980060 0.339414 2.579503
v 9.944946 0.408854 2.571567
v 9.918770 0.475913 2.540975
v 9.904095 0.534026 2.490721
v 9.902356 0.577504 2.425724
v 9.913725 0.602093 2.352348
v 9.937087 0.605383 2.277773
v 9.970157 0.587055 2.209301
v 10.009697 0.548901 2.153635
v 10.019497 0.474425 2.105116
v 10.057673 0.408020 2.089275
v 10.088664 0.336546 2.096272
v 10.109439 0.267000 2.125422
v 10.117963 0.206190 2.173872
v 10.113400 0.160067 2.236878
v 10.096200 0.133147 2.308275
v 10.068045 0.128065 2.381071
v 10.031690 0.145318 2.448143
v 9.990694 0.183218 2.502924
v 9.949072 0.238054 2.540052
v 9.910895 0.304459 2.555892
v 9.879904 0.375932 2.548895
v 9.859129 0.445478 2.519745
v 9.850605 0.506289 2.471296
v 9.855167 0.552411 2.408289
v 9.872368 0.579331 2.336893
v 9.900524 0.584414 2.264096
v 9.936878 0.567160 2.197025
v 9.977874 0.529261 2.142244
v 9.987887 0.456297 2.091331
v 10.023391 0.388541 2.075007
v 10.049992 0.315213 2.080786
v 10.065084 0.243492 2.108103
v 10.067194 0.180398 2.154284
v 10.056112 0.132107 2.214808
v 10.032924 0.103347 2.283751
v 9.999899 0.096933 2.354363
v 9.960271 0.113491 2.419734
v 9.917918 0.151403 2.473464
v 9.876987 0.206955 2.510294
v 9.841483 0.274712 2.526618
v 9.814882 0.348040 2.520839
v 9.799789 0.419761 2.493522
v 9.797680 0.482855 2.447341
v 9.808763 0.531145 2.386817
v 9.831950 0.559905 2.317874
v 9.864975 0.566320 2.247262
v 9.904603 0.549761 2.181891
v 9.946956 0.511850 2.128161
v 9.956904 0.440192 2.074813
v 9.989514 0.371147 2.057861
v 10.011497 0.296205 2.062150
v 10.020700 0.222702 2.087259
v 10.016224 0.157832 2.130731
v 9.998506 0.107946 2.188310
v 9.969281 0.077926 2.254361
v 9.931409 0.070712 2.322417
v 9.888598 0.087010 2.385817
v 9.845038 0.125223 2.438354
v 9.804994 0.181612 2.474887
v 9.772385 0.250657 2.491839
v 9.750401 0.325599 2.487550
v 9.741199 0.399103 2.462441
v 9.745675 0.463973 2.418969
v 9.763392 0.513859 2.361389
v 9.792618 0.543878 2.295339
v 9.830489 0.551092 2.227283
v 9.873301 0.534795 2.163883
v 9.916861 0.496581 2.111345
v 9.926384 0.426057 2.055428
v 9.955896 0.355823 2.037706
v 9.973091 0.279561 2.040252
v 9.976284 0.204738 2.062817
v 9.965162 0.138677 2.103193
v 9.940816 0.087844 2.157426
v 9.905627 0.057216 2.220208
v 9.863041 0.049791 2.285394
v 9.817225 0.066295 2.346602
v 9.772665 0.105113 2.397842
v 9.733723 0.162446 2.434097
v 9.704210 0.232680 2.451819
v 9.687016 0.308941 2.449273
v 9.683823 0.383765 2.426707
v 9.694943 0.449826 2.386332
v 9.719291 0.500659 2.332099
v 9.754479 0.531286 2.269316
v 9.797066 0.538712 2.204131
v 9.842881 0.522207 2.142922
v 9.887442 0.483389 2.091682
v 9.896131 0.413904 2.032973
v 9.922372 0.342614 2.014346
v 9.934675 0.265372 2.014932
v 9.931835 0.189741 2.034676
v 9.914130 0.123123 2.071642
v 9.883294 0.072040 2.122215
v 9.842344 0.041492 2.181442
v 9.795289 0.034468 2.243526
v 9.746736 0.051658 2.302390
v 9.701436 0.091377 2.352273
v 9.663825 0.149738 2.388290
v 9.637583 0.221029 2.406917
v 9.625279 0.298270 2.406330
v 9.628119 0.373901 2.386587
v 9.645824 0.440519 2.349620
v 9.676661 0.491602 2.299048
v 9.717610 0.522151 2.239821
v 9.764666 0.529174 2.177737
v 9.813219 0.511985 2.118873
v 9.858519 0.472266 2.068990
v 9.865966 0.403832 2.007202
v 9.888797 0.331649 1.987547
v 9.896177 0.253796 1.986001
v 9.887383 0.177894 2.002717
v 9.863276 0.111372 2.036057
v 9.826215 0.060742 2.082759
v 9.779829 0.030959 2.138250
v 9.728658 0.024941 2.197099
v 9.677711 0.043274 2.253546
v 9.631975 0.084166 2.302064
v 9.595927 0.143612 2.337905
v 9.573095 0.215795 2.357561
v 9.565716 0.293648 2.359106
v 9.574510 0.369550 2.342391
v 9.598618 0.436073 2.309050
v 9.635677 0.486703 2.262349
v 9.682064 0.516485 2.206857
v 9.733234 0.522504 2.148008
v 9.784182 0.504170 2.091561
v 9.829918 0.463279 2.043043
v 9.835764 0.396032 1.977865
v 9.855089 0.323147 1.957075
v 9.857587 0.245062 1.953274
v 9.843012 0.169421 1.966836
v 9.812792 0.103628 1.996432
v 9.769884 0.054123 2.039165
v 9.718489 0.025752 2.090852
v 9.663637 0.021292 2.146434
v 9.610699 0.041180 2.200470
v 9.564856 0.083470 2.247671
v 9.530594 0.144021 2.283416
v 9.511269 0.216906 2.304206
v 9.508772 0.294991 2.308007
v 9.523346 0.370632 2.294446
v 9.553567 0.436425 2.264850
v 9.596475 0.485930 2.222116
v 9.647869 0.514301 2.170429
v 9.702721 0.518761 2.114847
v 9.755659 0.498872 2.060811
v 9.801502 0.456583 2.013610
v 9.805479 0.390773 1.944748
v 9.821252 0.317393 1.922734
v 9.818977 0.239450 1.916605
v 9.798880 0.164572 1.926962
v 9.762924 0.100088 1.952791
v 9.714632 0.052312 1.991563
v 9.658730 0.025920 2.039483
v 9.600690 0.023495 2.091860
v 9.546192 0.045275 2.143568
v 9.500573 0.089127 2.189544
v 9.468298 0.150760 2.225288
v 9.452525 0.224139 2.247302
v 9.454799 0.302083 2.253430
v 9.474897 0.376961 2.243073
v 9.510852 0.441444 2.217245
v 9.559144 0.489220 2.178473
v 9.615047 0.515612 2.130553
v 9.673087 0.518037 2.078176
v 9.727584 0.496257 2.026468
v 9.773203 0.452405 1.980492
v 9.775158 0.388373 1.907711
v 9.787388 0.314718 1.884404
v 9.780520 0.237266 1.875918
v 9.755225 0.163600 1.883086
v 9.713981 0.100929 1.905205
v 9.660823 0.055390 1.940110
v 9.600956 0.031439 1.984384
v 9.540239 0.031421 2.033694
v 9.484617 0.055338 2.083212
v 9.439533 0.100848 2.128092
v 9.409402 0.163497 2.163940
v 9.397171 0.237153 2.187247
v 9.404039 0.314605 2.195733
v 9.429334 0.388271 2.188565
v 9.470578 0.450941 2.166446
v 9.523736 0.496481 2.131541
v 9.583603 0.520432 2.087267
v 9.644320 0.520450 2.037957
v 9.699943 0.496533 1.988439
v 9.745026 0.451023 1.943559
v 9.744939 0.389167 1.866707
v 9.753696 0.315455 1.842054
v 9.742472 0.238810 1.831220
v 9.712362 0.166733 1.835264
v 9.666315 0.106281 1.853790
v 9.608839 0.063372 1.884986
v 9.545560 0.042204 1.925797
v 9.482671 0.044851 1.972228
v 9.426329 0.071053 2.019735
v 9.382048 0.118245 2.063668
v 9.354164 0.181809 2.099725
v 9.345406 0.255521 2.124378
v 9.356631 0.332166 2.135212
v 9.386741 0.404243 2.131169
v 9.432787 0.464695 2.112642
v 9.490263 0.507604 2.081447
v 9.553543 0.528772 2.040636
v 9.616432 0.526125 1.994204
v 9.672774 0.499923 1.946697
v 9.717054 0.452731 1.902764
v 9.715037 0.393468 1.821790
v 9.720455 0.319909 1.795758
v 9.705164 0.244336 1.782608
v 9.670660 0.174148 1.783626
v 9.620321 0.116214 1.798714
v 9.559075 0.076206 1.826394
v 9.492917 0.058040 1.863957
v 9.428322 0.063493 1.907726
v 9.371614 0.092033 1.953417
v 9.328344 0.140866 1.996556
v 9.302747 0.205211 2.032921
v 9.297329 0.278770 2.058953
v 9.312620 0.354342 2.072104
v 9.347123 0.424531 2.071085
v 9.397462 0.482464 2.055997
v 9.458708 0.522472 2.028317
v 9.524867 0.540639 1.990754
v 9.589461 0.535185 1.946985
v 9.646170 0.506645 1.901295
v 9.689440 0.457812 1.858156
v 9.685727 0.401534 1.773109
v 9.687999 0.328320 1.745679
v 9.668979 0.254033 1.730264
v 9.630527 0.185945 1.728374
v 9.576410 0.130722 1.740192
v 9.511924 0.093769 1.764562
v 9.443381 0.078703 1.799099
v 9.377491 0.087000 1.840422
v 9.320703 0.117846 1.884486
v 9.278577 0.168222 1.926977
v 9.255235 0.233198 1.963737
v 9.252963 0.306413 1.991166
v 9.271984 0.380699 2.006581
v 9.310434 0.448787 2.008471
v 9.364552 0.504010 1.996653
v 9.429038 0.540963 1.972283
v 9.497581 0.556029 1.937746
v 9.563472 0.547733 1.896423
v 9.620259 0.516886 1.852360
v 9.662386 0.466510 1.809868
v 9.657324 0.413552 1.720889
v 9.656698 0.340845 1.692059
v 9.634321 0.267997 1.674442
v 9.592383 0.202139 1.669762
v 9.534990 0.149718 1.678477
v 9.467758 0.115865 1.699735
v 9.397270 0.103895 1.731453
v 9.330425 0.114978 1.770528
v 9.273767 0.148030 1.813135
v 9.232841 0.199815 1.855103
v 9.211654 0.265265 1.892323
v 9.212279 0.337972 1.921153
v 9.234656 0.410820 1.938770
v 9.276594 0.476678 1.943450
v 9.333988 0.529099 1.934735
v 9.401219 0.562952 1.913478
v 9.471707 0.574923 1.881759
v 9.538552 0.563840 1.842684
v 9.595210 0.530788 1.800077
v 9.636136 0.479002 1.758110
v 9.630156 0.429614 1.665418
v 9.626929 0.357542 1.635200
v 9.601595 0.286226 1.615447
v 9.556632 0.222648 1.608092
v 9.496442 0.173031 1.613856
v 9.426917 0.142231 1.632174
v 9.354861 0.133265 1.661252
v 9.287330 0.147008 1.698246
v 9.230932 0.182117 1.739533
v 9.191189 0.235154 1.781071
v 9.171990 0.300928 1.818796
v 9.175217 0.373000 1.849014
v 9.200551 0.444316 1.868767
v 9.245514 0.507894 1.876122
v 9.305704 0.557511 1.870358
v 9.375229 0.588311 1.852040
v 9.447285 0.597278 1.822962
v 9.514816 0.583534 1.785968
v 9.571214 0.548425 1.744681
v 9.610957 0.495388 1.703143
v 9.604552 0.449712 1.607019
v 9.599057 0.378364 1.575440
v 9.571178 0.308618 1.553620
v 9.523643 0.247300 1.543695
v 9.461106 0.200413 1.546637
v 9.389688 0.172546 1.562156
v 9.316381 0.166428 1.588735
v 9.248359 0.182657 1.623772
v 9.192281 0.219645 1.663836
v 9.153637 0.273770 1.705006
v 9.136209 0.339736 1.743253
v 9.141704 0.411084 1.774831
v 9.169582 0.480830 1.796651
v 9.217117 0.542148 1.806576
v 9.279655 0.589035 1.803634
v 9.351072 0.616902 1.788115
v 9.424380 0.623020 1.761536
v 9.492403 0.606791 1.726499
v 9.548480 0.569803 1.686435
v 9.587125 0.515678 1.645265
v 9.580827 0.473738 1.546035
v 9.573416 0.403163 1.513139
v 9.543406 0.334971 1.489323
v 9.493734 0.275837 1.476920
v 9.429264 0.231549 1.477144
v 9.356304 0.206443 1.489972
v 9.281999 0.202976 1.514150
v 9.213619 0.221488 1.547309
v 9.157861 0.260166 1.586205
v 9.120180 0.315224 1.627030
v 9.104266 0.381274 1.665788
v 9.111677 0.451849 1.698685
v 9.141687 0.520041 1.722500
v 9.191359 0.579175 1.734903
v 9.255830 0.623463 1.734679
v 9.328789 0.648569 1.721851
v 9.403094 0.652036 1.697674
v 9.471474 0.633524 1.664514
v 9.527232 0.594846 1.625618
v 9.564913 0.539788 1.584793
v 9.559261 0.501488 1.482816
v 9.550293 0.431696 1.448660
v 9.518557 0.365001 1.422923
v 9.467157 0.307930 1.408124
v 9.401128 0.266070 1.405711
v 9.326931 0.243520 1.415922
v 9.251830 0.242485 1.437755
v 9.183176 0.263068 1.469075
v 9.127689 0.303253 1.506815
v 9.090802 0.359108 1.547282
v 9.076124 0.425164 1.586513
v 9.085093 0.494956 1.620668
v 9.116830 0.561652 1.646405
v 9.168229 0.618722 1.661204
v 9.234259 0.660582 1.663617
v 9.308455 0.683133 1.653406
v 9.383556 0.684167 1.631573
v 9.452209 0.663584 1.600253
v 9.507696 0.623399 1.562513
v 9.544583 0.567544 1.522047
v 9.540104 0.532668 1.417699
v 9.529926 0.463636 1.382360
v 9.496844 0.398345 1.354781
v 9.444095 0.343188 1.337660
v 9.376842 0.303563 1.332675
v 9.301668 0.283350 1.340312
v 9.225933 0.284527 1.359824
v 9.157049 0.306978 1.389302
v 9.101761 0.348506 1.425860
v 9.065478 0.405046 1.465919
v 9.051754 0.471064 1.505558
v 9.061931 0.540097 1.540896
v 9.095014 0.605387 1.568476
v 9.147763 0.660544 1.585597
v 9.215016 0.700169 1.590582
v 9.290190 0.720382 1.582945
v 9.365925 0.719206 1.563433
v 9.434808 0.696755 1.533955
v 9.490097 0.655226 1.497397
v 9.526380 0.598686 1.457338
v 9.523559 0.566911 1.351010
v 9.512498 0.498585 1.314581
v 9.478419 0.434584 1.285246
v 9.424659 0.381175 1.265877
v 9.356479 0.343586 1.258368
v 9.280552 0.325495 1.263455
v 9.204312 0.328674 1.280640
v 9.135222 0.352812 1.308241
v 9.080044 0.395546 1.343557
v 9.044180 0.452692 1.383129
v 9.031139 0.518657 1.423085
v 9.042200 0.586984 1.459514
v 9.076279 0.650985 1.488848
v 9.130040 0.704394 1.508218
v 9.198220 0.741983 1.515727
v 9.274146 0.760074 1.510640
v 9.350387 0.756894 1.493455
v 9.419477 0.732757 1.465853
v 9.474654 0.690023 1.430538
v 9.510519 0.632877 1.390966
v 9.509791 0.603785 1.283050
v 9.498136 0.536088 1.245643
v 9.463369 0.473250 1.214650
v 9.408895 0.421420 1.193106
v 9.340044 0.385674 1.183118
v 9.263557 0.369508 1.185665
v 9.186923 0.374507 1.200497
v 9.117640 0.400181 1.226163
v 9.062492 0.444016 1.260150
v 9.026876 0.501722 1.299130
v 9.014280 0.567650 1.339290
v 9.025936 0.635347 1.376697
v 9.060703 0.698185 1.407689
v 9.115177 0.750014 1.429234
v 9.184028 0.785761 1.439221
v 9.260514 0.801926 1.436674
v 9.337149 0.796927 1.421842
v 9.406431 0.771254 1.396177
v 9.461579 0.727418 1.362190
v 9.497195 0.669712 1.323209
v 9.498927 0.642803 1.214101
v 9.486917 0.575646 1.175843
v 9.451721 0.513838 1.143303
v 9.396785 0.463428 1.119665
v 9.327485 0.429351 1.107243
v 9.250607 0.414943 1.107253
v 9.173674 0.421614 1.119695
v 9.104218 0.448711 1.143350
v 9.049038 0.493582 1.175903
v 9.013535 0.551834 1.214167
v 9.001184 0.617765 1.254397
v 9.013194 0.684922 1.292654
v 9.048389 0.746731 1.325195
v 9.103327 0.797140 1.348833
v 9.172626 0.831217 1.361254
v 9.249504 0.845625 1.361244
v 9.326437 0.838954 1.348802
v 9.395893 0.811857 1.325147
v 9.451074 0.766986 1.292595
v 9.486577 0.708734 1.254330
v 9.491058 0.683442 1.144424
v 9.478876 0.616725 1.105457
v 9.443455 0.555819 1.071491
v 9.388260 0.506686 1.045851
v 9.318696 0.474135 1.031045
v 9.241571 0.461353 1.028525
v 9.164436 0.469590 1.038535
v 9.094840 0.498042 1.060096
v 9.039597 0.543921 1.091099
v 9.004113 0.602738 1.128507
v 8.991862 0.668736 1.168660
v 9.004045 0.735452 1.207626
v 9.039466 0.796359 1.241592
v 9.094661 0.845492 1.267232
v 9.164225 0.878043 1.282038
v 9.241349 0.890825 1.284559
v 9.318484 0.882587 1.274549
v 9.388081 0.854136 1.252987
v 9.443324 0.808257 1.221985
v 9.478807 0.749440 1.184576
v 9.486244 0.725150 1.074265
v 9.474010 0.658770 1.034742
v 9.438506 0.598651 0.999485
v 9.383208 0.550677 0.971943
v 9.313529 0.519544 0.954814
v 9.236288 0.508300 0.949772
v 9.159048 0.518045 0.957313
v 9.089368 0.547827 0.976698
v 9.034070 0.594728 1.006029
v 8.998567 0.654158 1.042436
v 8.986333 0.720301 1.082354
v 8.998567 0.786681 1.121876
v 9.034070 0.846800 1.157133
v 9.089368 0.894774 1.184675
v 9.159048 0.925907 1.201805
v 9.236288 0.937151 1.206846
v 9.313529 0.927405 1.199305
v 9.383208 0.897624 1.179920
v 9.438506 0.850723 1.150589
v 9.474010 0.791292 1.114183
vn 1.0000 0.0012 -0.0018
vn 0.9509 -0.2645 -0.1608
vn 0.8084 -0.5041 -0.3038
vn 0.5866 -0.6942 -0.4170
vn 0.3074 -0.8161 -0.4894
vn -0.0018 -0.8577 -0.5141
vn -0.3107 -0.8152 -0.4888
vn -0.5891 -0.6928 -0.4159
vn -0.8097 -0.5028 -0.3027
vn -0.9513 -0.2637 -0.1599
vn -1.0000 0.0010 -0.0015
vn -0.9513 0.2654 0.1571
vn -0.8097 0.5040 0.3006
vn -0.5891 0.6935 0.4148
vn -0.3108 0.8154 0.4885
vn -0.0019 0.8577 0.5141
vn 0.3074 0.8163 0.4891
vn 0.5866 0.6950 0.4158
vn 0.8084 0.5056 0.3015
vn 0.9509 0.2665 0.1575
vn 0.9994 -0.0183 0.0305
vn 0.9502 -0.2833 -0.1298
vn 0.8077 -0.5203 -0.2772
vn 0.5860 -0.7062 -0.3973
vn 0.3069 -0.8227 -0.4785
vn -0.0022 -0.8583 -0.5131
vn -0.3109 -0.8097 -0.4977
vn -0.5890 -0.6818 -0.4339
vn -0.8094 -0.4872 -0.3280
vn -0.9507 -0.2451 -0.1901
vn -0.9992 0.0207 -0.0336
vn -0.9503 0.2846 0.1262
vn -0.8088 0.5205 0.2738
vn -0.5883 0.7057 0.3949
vn -0.3101 0.8222 0.4773
vn -0.0015 0.8584 0.5129
vn 0.3075 0.8108 0.4980
vn 0.5865 0.6839 0.4339
vn 0.8080 0.4901 0.3270
vn 0.9504 0.2481 0.1878
vn 0.9973 -0.0390 0.0628
vn 0.9478 -0.3034 -0.0985
vn 0.8052 -0.5379 -0.2497
vn 0.5835 -0.7197 -0.3762
vn 0.3047 -0.8307 -0.4658
vn -0.0038 -0.8601 -0.5100
vn -0.3118 -0.8051 -0.5046
vn -0.5891 -0.6711 -0.4501
vn -0.8086 -0.4715 -0.3519
vn -0.9491 -0.2260 -0.2194
vn -0.9970 0.0414 -0.0655
vn -0.9477 0.3048 0.0951
vn -0.8058 0.5385 0.2464
vn -0.5856 0.7195 0.3734
vn -0.3079 0.8304 0.4643
vn 0.0001 0.8603 0.5097
vn 0.3083 0.8063 0.5049
vn 0.5864 0.6734 0.4502
vn 0.8072 0.4745 0.3510
vn 0.9487 0.2292 0.2178
vn 0.9937 -0.0612 0.0941
vn 0.9433 -0.3252 -0.0671
vn 0.8002 -0.5574 -0.2213
vn 0.5785 -0.7349 -0.3538
vn 0.3002 -0.8403 -0.4515
vn -0.0075 -0.8630 -0.5052
vn -0.3142 -0.8010 -0.5097
vn -0.5899 -0.6604 -0.4646
vn -0.8078 -0.4553 -0.3744
vn -0.9467 -0.2057 -0.2478
vn -0.9932 0.0637 -0.0970
vn -0.9430 0.3268 0.0634
vn -0.8006 0.5580 0.2181
vn -0.5800 0.7349 0.3513
vn -0.3033 0.8401 0.4497
vn 0.0037 0.8633 0.5046
vn 0.3105 0.8023 0.5099
vn 0.5872 0.6628 0.4647
vn 0.8059 0.4586 0.3745
vn 0.9463 0.2089 0.2468
vn 0.9885 -0.0852 0.1252
vn 0.9364 -0.3492 -0.0355
vn 0.7923 -0.5790 -0.1924
vn 0.5704 -0.7521 -0.3302
vn 0.2925 -0.8512 -0.4357
vn -0.0139 -0.8667 -0.4986
vn -0.3187 -0.7971 -0.5130
vn -0.5920 -0.6492 -0.4776
vn -0.8073 -0.4378 -0.3957
vn -0.9436 -0.1838 -0.2754
vn -0.9878 0.0881 -0.1283
vn -0.9358 0.3512 0.0315
vn -0.7926 0.5799 0.1884
vn -0.5717 0.7521 0.3278
vn -0.2958 0.8505 0.4350
vn 0.0097 0.8663 0.4994
vn 0.3145 0.7976 0.5148
vn 0.5888 0.6507 0.4794
vn 0.8052 0.4410 0.3964
vn 0.9434 0.1870 0.2739
vn 0.9814 -0.1117 0.1561
vn 0.9267 -0.3757 -0.0038
vn 0.7809 -0.6030 -0.1629
vn 0.5584 -0.7712 -0.3058
vn 0.2811 -0.8636 -0.4186
vn -0.0236 -0.8711 -0.4906
vn -0.3257 -0.7930 -0.5149
vn -0.5957 -0.6370 -0.4892
vn -0.8072 -0.4188 -0.4160
vn -0.9397 -0.1597 -0.3024
vn -0.9805 0.1149 -0.1593
vn -0.9258 0.3780 -0.0006
vn -0.7809 0.6042 0.1584
vn -0.5599 0.7715 0.3021
vn -0.2842 0.8636 0.4165
vn 0.0196 0.8715 0.4901
vn 0.3216 0.7943 0.5155
vn 0.5925 0.6394 0.4899
vn 0.8056 0.4220 0.4159
vn 0.9396 0.1632 0.3008
vn 0.9723 -0.1409 0.1867
vn 0.9139 -0.4049 0.0282
vn 0.7657 -0.6293 -0.1328
vn 0.5422 -0.7921 -0.2804
vn 0.2655 -0.8770 -0.4004
vn -0.0371 -0.8757 -0.4814
vn -0.3357 -0.7883 -0.5156
vn -0.6012 -0.6235 -0.4998
vn -0.8076 -0.3976 -0.4356
vn -0.9349 -0.1330 -0.3290
vn -0.9710 0.1445 -0.1904
vn -0.9125 0.4076 -0.0331
vn -0.7652 0.6310 0.1276
vn -0.5434 0.7928 0.2761
vn -0.2684 0.8773 0.3978
vn 0.0330 0.8763 0.4806
vn 0.3315 0.7898 0.5161
vn 0.5979 0.6261 0.5006
vn 0.8059 0.4011 0.4354
vn 0.9350 0.1369 0.3272
vn 0.9606 -0.1729 0.2176
vn 0.8975 -0.4368 0.0605
vn 0.7461 -0.6579 -0.1020
vn 0.5213 -0.8146 -0.2542
vn 0.2454 -0.8913 -0.3814
vn -0.0545 -0.8803 -0.4713
vn -0.3487 -0.7826 -0.5156
vn -0.6084 -0.6081 -0.5099
vn -0.8082 -0.3741 -0.4548
vn -0.9289 -0.1035 -0.3557
vn -0.9589 0.1769 -0.2218
vn -0.8956 0.4400 -0.0663
vn -0.7451 0.6600 0.0959
vn -0.5221 0.8157 0.2491
vn -0.2481 0.8919 0.3781
vn 0.0504 0.8812 0.4701
vn 0.3443 0.7845 0.5158
vn 0.6049 0.6111 0.5105
vn 0.8065 0.3780 0.4545
vn 0.9292 0.1078 0.3535
vn 0.9460 -0.2077 0.2490
vn 0.8771 -0.4711 0.0936
vn 0.7218 -0.6885 -0.0705
vn 0.4955 -0.8384 -0.2272
vn 0.2204 -0.9059 -0.3615
vn -0.0760 -0.8843 -0.4606
vn -0.3646 -0.7757 -0.5152
vn -0.6170 -0.5908 -0.5199
vn -0.8087 -0.3480 -0.4743
vn -0.9211 -0.0713 -0.3828
vn -0.9436 0.2122 -0.2541
vn -0.8743 0.4748 -0.1004
vn -0.7200 0.6910 0.0632
vn -0.4957 0.8399 0.2210
vn -0.2230 0.9069 0.3574
vn 0.0718 0.8856 0.4589
vn 0.3600 0.7778 0.5151
vn 0.6134 0.5941 0.5203
vn 0.8071 0.3523 0.4738
vn 0.9218 0.0760 0.3801
vn 0.9278 -0.2450 0.2813
vn 0.8521 -0.5076 0.1277
vn 0.6924 -0.7205 -0.0379
vn 0.4644 -0.8629 -0.1993
vn 0.1908 -0.9205 -0.3409
vn -0.1013 -0.8875 -0.4495
vn -0.3830 -0.7671 -0.5147
vn -0.6266 -0.5712 -0.5303
vn -0.8083 -0.3193 -0.4946
vn -0.9109 -0.0363 -0.4110
vn -0.9246 0.2500 -0.2875
vn -0.8483 0.5118 -0.1359
vn -0.6897 0.7235 0.0293
vn -0.4640 0.8648 0.1919
vn -0.1930 0.9219 0.3360
vn 0.0971 0.8891 0.4472
vn 0.3782 0.7696 0.5144
vn 0.6229 0.5750 0.5304
vn 0.8070 0.3241 0.4936
vn 0.9122 0.0416 0.4076
vn 0.9055 -0.2842 0.3152
vn 0.8221 -0.5454 0.1632
vn 0.6576 -0.7534 -0.0041
vn 0.4281 -0.8875 -0.1703
vn 0.1566 -0.9345 -0.3198
vn -0.1301 -0.8894 -0.4383
vn -0.4033 -0.7566 -0.5147
vn -0.6363 -0.5494 -0.5416
vn -0.8065 -0.2883 -0.5162
vn -0.8975 0.0009 -0.4409
vn -0.9010 0.2897 -0.3228
vn -0.8170 0.5501 -0.1731
vn -0.6536 0.7568 -0.0063
vn -0.4268 0.8898 0.1615
vn -0.1583 0.9362 0.3138
vn 0.1260 0.8914 0.4354
vn 0.3985 0.7596 0.5140
vn 0.6327 0.5537 0.5414
vn 0.8055 0.2937 0.5147
vn 0.8997 0.0049 0.4366
vn 0.8783 -0.3245 0.3511
vn 0.7867 -0.5839 0.2006
vn 0.6172 -0.7862 0.0313
vn 0.3867 -0.9115 -0.1404
vn 0.1181 -0.9472 -0.2981
vn -0.1617 -0.8896 -0.4272
vn -0.4249 -0.7442 -0.5155
vn -0.6455 -0.5255 -0.5543
vn -0.8022 -0.2554 -0.5397
vn -0.8802 0.0396 -0.4730
vn -0.8723 0.3304 -0.3604
vn -0.7797 0.5889 -0.2125
vn -0.6116 0.7900 -0.0436
vn -0.3841 0.9141 0.1299
vn -0.1192 0.9493 0.2910
vn 0.1577 0.8920 0.4236
vn 0.4200 0.7478 0.5143
vn 0.6419 0.5305 0.5537
vn 0.8018 0.2613 0.5375
vn 0.8834 -0.0333 0.4675
vn 0.8457 -0.3649 0.3893
vn 0.7454 -0.6219 0.2401
vn 0.5712 -0.8180 0.0684
vn 0.3403 -0.9340 -0.1092
vn 0.0758 -0.9582 -0.2760
vn -0.1956 -0.8879 -0.4165
vn -0.4467 -0.7299 -0.5173
vn -0.6530 -0.5001 -0.5688
vn -0.7944 -0.2214 -0.5656
vn -0.8579 0.0789 -0.5078
vn -0.8377 0.3712 -0.4007
vn -0.7362 0.6271 -0.2544
vn -0.5635 0.8219 -0.0830
vn -0.3362 0.9368 0.0969
vn -0.0761 0.9605 0.2676
vn 0.1918 0.8907 0.4121
vn 0.4418 0.7341 0.5157
vn 0.6497 0.5057 0.5677
vn 0.7948 0.2278 0.5625
vn 0.8626 -0.0722 0.5008
vn 0.8072 -0.4043 0.4302
vn 0.6981 -0.6582 0.2819
vn 0.5196 -0.8477 0.1073
vn 0.2892 -0.9542 -0.0768
vn 0.0303 -0.9669 -0.2534
vn -0.2308 -0.8842 -0.4062
vn -0.4680 -0.7141 -0.5206
vn -0.6579 -0.4738 -0.5854
vn -0.7823 -0.1872 -0.5941
vn -0.8299 0.1175 -0.5454
vn -0.7966 0.4105 -0.4438
vn -0.6861 0.6633 -0.2988
vn -0.5093 0.8515 -0.1244
vn -0.2833 0.9570 0.0626
vn -0.0297 0.9694 0.2438
vn 0.2274 0.8874 0.4010
vn 0.4632 0.7188 0.5184
vn 0.6550 0.4799 0.5837
vn 0.7837 0.1941 0.5900
vn 0.8364 -0.1106 0.5368
vn 0.7622 -0.4411 0.4737
vn 0.6446 -0.6915 0.3261
vn 0.4624 -0.8742 0.1481
vn 0.2338 -0.9713 -0.0433
vn -0.0178 -0.9729 -0.2306
vn -0.2667 -0.8784 -0.3966
vn -0.4877 -0.6972 -0.5254
vn -0.6592 -0.4475 -0.6043
vn -0.7650 -0.1541 -0.6254
vn -0.7955 0.1540 -0.5861
vn -0.7485 0.4469 -0.4899
vn -0.6292 0.6961 -0.3458
vn -0.4492 0.8776 -0.1677
vn -0.2259 0.9738 0.0272
vn 0.0195 0.9754 0.2197
vn 0.2636 0.8820 0.3906
vn 0.4831 0.7025 0.5226
vn 0.6569 0.4542 0.6019
vn 0.7678 0.1613 0.6201
vn 0.8044 -0.1473 0.5756
vn 0.7107 -0.4740 0.5198
vn 0.5849 -0.7205 0.3725
vn 0.4000 -0.8965 0.1906
vn 0.1746 -0.9846 -0.0088
vn -0.0680 -0.9758 -0.2076
vn -0.3025 -0.8708 -0.3877
vn -0.5051 -0.6798 -0.5317
vn -0.6562 -0.4221 -0.6254
vn -0.7418 -0.1234 -0.6592
vn -0.7543 0.1870 -0.6294
vn -0.6934 0.4788 -0.5384
vn -0.5656 0.7240 -0.3949
vn -0.3834 0.8988 -0.2125
vn -0.1643 0.9864 -0.0090
vn 0.0708 0.9781 0.1957
vn 0.2998 0.8746 0.3811
vn 0.5008 0.6856 0.5284
vn 0.6547 0.4293 0.6222
vn 0.7462 0.1307 0.6527
vn 0.7659 -0.1807 0.6170
vn 0.6526 -0.5015 0.5680
vn 0.5192 -0.7440 0.4207
vn 0.3327 -0.9134 0.2343
vn 0.1121 -0.9933 0.0263
vn -0.1194 -0.9755 -0.1848
vn -0.3374 -0.8614 -0.3797
vn -0.5196 -0.6626 -0.5395
vn -0.6485 -0.3989 -0.6483
vn -0.7124 -0.0966 -0.6951
vn -0.7062 0.2147 -0.6746
vn -0.6314 0.5048 -0.5887
vn -0.4957 0.7456 -0.4453
vn -0.3126 0.9141 -0.2581
vn -0.0994 0.9940 -0.0454
vn 0.1235 0.9773 0.1720
vn 0.3351 0.8654 0.3724
vn 0.5156 0.6688 0.5355
vn 0.6478 0.4063 0.6444
vn 0.7188 0.1036 0.6875
vn 0.7209 -0.2094 0.6606
vn 0.5882 -0.5223 0.6174
vn 0.4478 -0.7607 0.4699
vn 0.2610 -0.9242 0.2788
vn 0.0468 -0.9970 0.0616
vn -0.1716 -0.9717 -0.1624
vn -0.3709 -0.8507 -0.3725
vn -0.5306 -0.6462 -0.5485
vn -0.6357 -0.3788 -0.6726
vn -0.6770 -0.0748 -0.7321
vn -0.6516 0.2359 -0.7209
vn -0.5630 0.5233 -0.6397
vn -0.4203 0.7598 -0.4960
vn -0.2374 0.9227 -0.3037
vn -0.0320 0.9962 -0.0814
vn 0.1767 0.9729 0.1490
vn 0.3691 0.8548 0.3648
vn 0.5272 0.6528 0.5439
vn 0.6362 0.3863 0.6679
vn 0.6854 0.0812 0.7236
vn 0.6694 -0.2321 0.7057
vn 0.5180 -0.5353 0.6672
vn 0.3714 -0.7697 0.5193
vn 0.1855 -0.9280 0.3230
vn -0.0206 -0.9951 0.0963
vn -0.2239 -0.9644 -0.1408
vn -0.4025 -0.8389 -0.3664
vn -0.5381 -0.6314 -0.5583
vn -0.6182 -0.3627 -0.6974
vn -0.6360 -0.0592 -0.7694
vn -0.5912 0.2494 -0.7670
vn -0.4891 0.5335 -0.6900
vn -0.3402 0.7658 -0.5458
vn -0.1590 0.9239 -0.3481
vn 0.0372 0.9925 -0.1162
vn 0.2300 0.9648 0.1273
vn 0.4013 0.8430 0.3582
vn 0.5354 0.6383 0.5532
vn 0.6198 0.3701 0.6920
vn 0.6464 0.0647 0.7602
vn 0.6120 -0.2476 0.7511
vn 0.4428 -0.5397 0.7160
vn 0.2908 -0.7702 0.5676
vn 0.1070 -0.9244 0.3660
vn -0.0892 -0.9875 0.1297
vn -0.2758 -0.9536 -0.1205
vn -0.4321 -0.8264 -0.3612
vn -0.5422 -0.6187 -0.5685
vn -0.5962 -0.3513 -0.7219
vn -0.5903 -0.0504 -0.8056
vn -0.5261 0.2547 -0.8114
vn -0.4111 0.5348 -0.7382
vn -0.2569 0.7630 -0.5932
vn -0.0785 0.9174 -0.3901
vn 0.1071 0.9831 -0.1488
vn 0.2824 0.9533 0.1073
vn 0.4313 0.8304 0.3527
vn 0.5402 0.6256 0.5628
vn 0.5991 0.3584 0.7160
vn 0.6025 0.0547 0.7962
vn 0.5494 -0.2552 0.7957
vn 0.3639 -0.5350 0.7624
vn 0.2072 -0.7621 0.6134
vn 0.0267 -0.9132 0.4066
vn -0.1583 -0.9742 0.1607
vn -0.3265 -0.9397 -0.1020
vn -0.4592 -0.8135 -0.3569
vn -0.5431 -0.6084 -0.5787
vn -0.5707 -0.3450 -0.7452
vn -0.5409 -0.0488 -0.8397
vn -0.4578 0.2515 -0.8527
vn -0.3305 0.5270 -0.7829
vn -0.1719 0.7516 -0.6369
vn 0.0027 0.9034 -0.4287
vn 0.1765 0.9680 -0.1785
vn 0.3334 0.9385 0.0893
vn 0.4606 0.8162 0.3489
vn 0.5430 0.6161 0.5706
vn 0.5747 0.3516 0.7390
vn 0.5546 0.0517 0.8305
vn 0.4827 -0.2543 0.8381
vn 0.2827 -0.5215 0.8051
vn 0.1219 -0.7453 0.6555
vn -0.0542 -0.8946 0.4435
vn -0.2267 -0.9555 0.1887
vn -0.3755 -0.9228 -0.0858
vn -0.4840 -0.8005 -0.3536
vn -0.5412 -0.6009 -0.5883
vn -0.5425 -0.3437 -0.7665
vn -0.4892 -0.0541 -0.8705
vn -0.3878 0.2401 -0.8899
vn -0.2490 0.5107 -0.8229
vn -0.0867 0.7320 -0.6758
vn 0.0831 0.8826 -0.4628
vn 0.2446 0.9478 -0.2045
vn 0.3836 0.9205 0.0744
vn 0.4853 0.8030 0.3460
vn 0.5415 0.6083 0.5804
vn 0.5500 0.3485 0.7590
vn 0.5059 0.0568 0.8607
vn 0.4133 -0.2451 0.8770
vn 0.2008 -0.4996 0.8427
vn 0.0368 -0.7206 0.6924
vn -0.1342 -0.8693 0.4757
vn -0.2933 -0.9320 0.2128
vn -0.4222 -0.9036 -0.0720
vn -0.5063 -0.7877 -0.3512
vn -0.5370 -0.5959 -0.5971
vn -0.5125 -0.3473 -0.7853
vn -0.4365 -0.0659 -0.8973
vn -0.3175 0.2213 -0.9221
vn -0.1681 0.4867 -0.8572
vn -0.0030 0.7052 -0.7090
vn 0.1616 0.8556 -0.4918
vn 0.3111 0.9231 -0.2261
vn 0.4296 0.9009 0.0618
vn 0.5064 0.7911 0.3430
vn 0.5369 0.6022 0.5908
vn 0.5177 0.3525 0.7795
vn 0.4525 0.0696 0.8891
vn 0.3429 -0.2281 0.9113
vn 0.1200 -0.4704 0.8743
vn -0.0468 -0.6889 0.7233
vn -0.2118 -0.8382 0.5025
vn -0.3573 -0.9046 0.2325
vn -0.4662 -0.8826 -0.0610
vn -0.5261 -0.7753 -0.3496
vn -0.5311 -0.5935 -0.6047
vn -0.4816 -0.3552 -0.8012
vn -0.3839 -0.0834 -0.9196
vn -0.2484 0.1960 -0.9486
vn -0.0892 0.4562 -0.8854
vn 0.0780 0.6723 -0.7362
vn 0.2377 0.8236 -0.5150
vn 0.3732 0.8952 -0.2436
vn 0.4719 0.8801 0.0512
vn 0.5266 0.7784 0.3416
vn 0.5318 0.5994 0.5983
vn 0.4875 0.3597 0.7956
vn 0.4002 0.0836 0.9126
vn 0.2746 -0.2034 0.9398
vn 0.0417 -0.4352 0.8994
vn -0.1271 -0.6517 0.7477
vn -0.2860 -0.8026 0.5234
vn -0.4177 -0.8741 0.2478
vn -0.5069 -0.8604 -0.0528
vn -0.5435 -0.7635 -0.3488
vn -0.5238 -0.5935 -0.6111
vn -0.4506 -0.3669 -0.8138
vn -0.3324 -0.1056 -0.9372
vn -0.1815 0.1655 -0.9694
vn -0.0134 0.4203 -0.9073
vn 0.1554 0.6346 -0.7571
vn 0.3087 0.7881 -0.5325
vn 0.4310 0.8649 -0.2574
vn 0.5122 0.8578 0.0439
vn 0.5444 0.7664 0.3410
vn 0.5252 0.5987 0.6047
vn 0.4570 0.3705 0.8086
vn 0.3467 0.1040 0.9322
vn 0.2056 -0.1720 0.9634
vn -0.0320 -0.3952 0.9180
vn -0.2034 -0.6103 0.7656
vn -0.3559 -0.7638 0.5385
vn -0.4741 -0.8417 0.2586
vn -0.5443 -0.8375 -0.0472
vn -0.5586 -0.7526 -0.3487
vn -0.5155 -0.5955 -0.6162
vn -0.4200 -0.3817 -0.8234
vn -0.2826 -0.1316 -0.9502
vn -0.1176 0.1308 -0.9844
vn 0.0586 0.3804 -0.9230
vn 0.2284 0.5933 -0.7719
vn 0.3756 0.7494 -0.5453
vn 0.4856 0.8326 -0.2665
vn 0.5490 0.8349 0.0391
vn 0.5598 0.7551 0.3412
vn 0.5175 0.6002 0.6099
vn 0.4267 0.3846 0.8186
vn 0.2964 0.1293 0.9463
vn 0.1398 -0.1393 0.9803
vn -0.1029 -0.3512 0.9306
vn -0.2748 -0.5660 0.7772
vn -0.4209 -0.7228 0.5482
vn -0.5260 -0.8081 0.2652
vn -0.5783 -0.8147 -0.0441
vn -0.5715 -0.7427 -0.3491
vn -0.5064 -0.5994 -0.6199
vn -0.3902 -0.3990 -0.8298
vn -0.2351 -0.1606 -0.9586
vn -0.0570 0.0930 -0.9940
vn 0.1263 0.3375 -0.9328
vn 0.2969 0.5495 -0.7809
vn 0.4379 0.7087 -0.5532
vn 0.5360 0.7993 -0.2717
vn 0.5825 0.8120 0.0367
vn 0.5730 0.7449 0.3419
vn 0.5090 0.6035 0.6138
vn 0.3971 0.4012 0.8255
vn 0.2482 0.1578 0.9558
vn 0.0762 -0.1021 0.9918
vn -0.1689 -0.3062 0.9369
vn -0.3412 -0.5200 0.7831
vn -0.4809 -0.6806 0.5527
vn -0.5736 -0.7741 0.2680
vn -0.6088 -0.7921 -0.0432
vn -0.5823 -0.7338 -0.3500
vn -0.4968 -0.6050 -0.6222
vn -0.3613 -0.4184 -0.8333
vn -0.1899 -0.1918 -0.9629
vn -0.0000 0.0530 -0.9986
vn 0.1896 0.2927 -0.9372
vn 0.3602 0.5045 -0.7847
vn 0.4951 0.6673 -0.5564
vn 0.5820 0.7658 -0.2735
vn 0.6125 0.7896 0.0364
vn 0.5840 0.7357 0.3430
vn 0.4998 0.6085 0.6164
vn 0.3683 0.4199 0.8295
vn 0.2023 0.1886 0.9610
vn 0.0175 -0.0622 0.9979
vn -0.2304 -0.2598 0.9378
vn -0.4025 -0.4731 0.7837
vn -0.5359 -0.6382 0.5527
vn -0.6168 -0.7403 0.2674
vn -0.6361 -0.7704 -0.0442
vn -0.5912 -0.7261 -0.3511
vn -0.4866 -0.6121 -0.6233
vn -0.3333 -0.4395 -0.8341
vn -0.1470 -0.2248 -0.9633
vn 0.0536 0.0115 -0.9985
vn 0.2486 0.2466 -0.9367
vn 0.4190 0.4583 -0.7839
vn 0.5481 0.6256 -0.5551
vn 0.6240 0.7325 -0.2721
vn 0.6394 0.7679 0.0378
vn 0.5931 0.7277 0.3445
vn 0.4900 0.6150 0.6178
vn 0.3404 0.4404 0.8308
vn 0.1589 0.2211 0.9622
vn -0.0376 -0.0207 0.9991
vn -0.2874 -0.2128 0.9339
vn -0.4591 -0.4260 0.7796
vn -0.5863 -0.5959 0.5487
vn -0.6560 -0.7071 0.2639
vn -0.6603 -0.7496 -0.0468
vn -0.5982 -0.7197 -0.3525
vn -0.4760 -0.6206 -0.6231
vn -0.3064 -0.4620 -0.8323
vn -0.1064 -0.2590 -0.9600
vn 0.1038 -0.0311 -0.9941
vn 0.3037 0.1999 -0.9316
vn 0.4734 0.4118 -0.7787
vn 0.5968 0.5841 -0.5502
vn 0.6622 0.6998 -0.2679
vn 0.6633 0.7472 0.0408
vn 0.6004 0.7210 0.3460
vn 0.4798 0.6229 0.6178
vn 0.3135 0.4623 0.8294
vn 0.1177 0.2549 0.9598
vn -0.0891 0.0219 0.9958
vn -0.3404 -0.1654 0.9256
vn -0.5112 -0.3790 0.7713
vn -0.6325 -0.5542 0.5412
vn -0.6915 -0.6748 0.2578
vn -0.6817 -0.7299 -0.0508
vn -0.6035 -0.7146 -0.3538
vn -0.4650 -0.6304 -0.6215
vn -0.2803 -0.4857 -0.8280
vn -0.0678 -0.2943 -0.9533
vn 0.1511 -0.0744 -0.9857
vn 0.3549 0.1529 -0.9223
vn 0.5237 0.3654 -0.7695
vn 0.6415 0.5430 -0.5419
vn 0.6968 0.6679 -0.2613
vn 0.6845 0.7276 0.0451
vn 0.6060 0.7156 0.3476
vn 0.4691 0.6322 0.6166
vn 0.2875 0.4855 0.8256
vn 0.0787 0.2898 0.9538
vn -0.1374 0.0652 0.9884
vn -0.3898 -0.1180 0.9133
vn -0.5595 -0.3325 0.7593
vn -0.6747 -0.5133 0.5304
vn -0.7236 -0.6437 0.2494
vn -0.7004 -0.7115 -0.0558
vn -0.6073 -0.7108 -0.3549
vn -0.4536 -0.6416 -0.6186
vn -0.2549 -0.5106 -0.8212
vn -0.0311 -0.3304 -0.9433
vn 0.1956 -0.1182 -0.9735
vn 0.4029 0.1056 -0.9091
vn 0.5706 0.3194 -0.7566
vn 0.6826 0.5026 -0.5305
vn 0.7282 0.6371 -0.2526
vn 0.7031 0.7093 0.0504
vn 0.6099 0.7115 0.3489
vn 0.4580 0.6429 0.6140
vn 0.2622 0.5098 0.8194
vn 0.0415 0.3255 0.9446
vn -0.1829 0.1089 0.9771
vn -0.4359 -0.0707 0.8972
vn -0.6042 -0.2865 0.7436
vn -0.7135 -0.4733 0.5166
vn -0.7526 -0.6136 0.2389
vn -0.7168 -0.6945 -0.0618
vn -0.6096 -0.7084 -0.3558
vn -0.4417 -0.6540 -0.6142
vn -0.2300 -0.5366 -0.8119
vn 0.0042 -0.3673 -0.9301
vn 0.2378 -0.1625 -0.9576
vn 0.4479 0.0583 -0.8922
vn 0.6142 0.2737 -0.7402
vn 0.7205 0.4630 -0.5163
vn 0.7567 0.6073 -0.2419
vn 0.7195 0.6922 0.0565
vn 0.6125 0.7088 0.3500
vn 0.4464 0.6548 0.6099
vn 0.2375 0.5352 0.8107
vn 0.0061 0.3620 0.9322
vn -0.2257 0.1529 0.9621
vn -0.4792 -0.0236 0.8774
vn -0.6458 -0.2411 0.7245
vn -0.7492 -0.4342 0.5001
vn -0.7789 -0.5848 0.2266
vn -0.7311 -0.6788 -0.0686
vn -0.6105 -0.7073 -0.3562
vn -0.4293 -0.6677 -0.6082
vn -0.2056 -0.5636 -0.8000
vn 0.0381 -0.4051 -0.9135
vn 0.2780 -0.2072 -0.9380
vn 0.4904 0.0110 -0.8714
vn 0.6549 0.2285 -0.7204
vn 0.7555 0.4241 -0.4993
vn 0.7827 0.5787 -0.2294
vn 0.7337 0.6765 0.0634
vn 0.6137 0.7075 0.3506
vn 0.4343 0.6680 0.6043
vn 0.2133 0.5616 0.7994
vn -0.0280 0.3991 0.9165
vn -0.2664 0.1972 0.9435
vn -0.5201 0.0234 0.8538
vn -0.6846 -0.1963 0.7020
vn -0.7822 -0.3961 0.4808
vn -0.8027 -0.5572 0.2126
vn -0.7434 -0.6645 -0.0759
vn -0.6102 -0.7077 -0.3561
vn -0.4164 -0.6827 -0.6004
vn -0.1816 -0.5918 -0.7854
vn 0.0710 -0.4436 -0.8934
vn 0.3164 -0.2523 -0.9145
vn 0.5307 -0.0363 -0.8468
vn 0.6931 0.1836 -0.6970
vn 0.7880 0.3861 -0.4795
vn 0.8062 0.5511 -0.2151
vn 0.7461 0.6621 0.0708
vn 0.6136 0.7075 0.3506
vn 0.4218 0.6825 0.5969
vn 0.1894 0.5892 0.7855
vn -0.0609 0.4370 0.8974
vn -0.3051 0.2418 0.9211
vn -0.5588 0.0703 0.8263
vn -0.7211 -0.1521 0.6759
vn -0.8128 -0.3589 0.4588
vn -0.8243 -0.5308 0.1967
vn -0.7540 -0.6515 -0.0838
vn -0.6087 -0.7095 -0.3551
vn -0.4030 -0.6991 -0.5906
vn -0.1577 -0.6211 -0.7677
vn 0.1030 -0.4830 -0.8696
vn 0.3533 -0.2978 -0.8868
vn 0.5690 -0.0836 -0.8181
vn 0.7291 0.1392 -0.6701
vn 0.8182 0.3488 -0.4570
vn 0.8277 0.5246 -0.1992
vn 0.7567 0.6490 0.0787
vn 0.6124 0.7090 0.3498
vn 0.4087 0.6983 0.5876
vn 0.1658 0.6178 0.7687
vn -0.0928 0.4757 0.8747
vn -0.3422 0.2868 0.8948
vn -0.5957 0.1171 0.7947
vn -0.7554 -0.1084 0.6462
vn -0.8412 -0.3226 0.4338
vn -0.8440 -0.5056 0.1792
vn -0.7629 -0.6399 -0.0922
vn -0.6060 -0.7127 -0.3532
vn -0.3891 -0.7168 -0.5786
vn -0.1340 -0.6516 -0.7467
vn 0.1341 -0.5232 -0.8416
vn 0.3889 -0.3438 -0.8547
vn 0.6055 -0.1308 -0.7850
vn 0.7630 0.0952 -0.6393
vn 0.8463 0.3124 -0.4315
vn 0.8472 0.4993 -0.1814
vn 0.7658 0.6372 0.0871
vn 0.6100 0.7118 0.3481
vn 0.3952 0.7154 0.5761
vn 0.1425 0.6475 0.7487
vn -0.1238 0.5150 0.8482
vn -0.3778 0.3321 0.8643
vn -0.6307 0.1634 0.7586
vn -0.7877 -0.0653 0.6125
vn -0.8676 -0.2873 0.4058
vn -0.8617 -0.4816 0.1597
vn -0.7702 -0.6297 -0.1009
vn -0.6022 -0.7174 -0.3503
vn -0.3747 -0.7358 -0.5640
vn -0.1104 -0.6831 -0.7219
vn 0.1645 -0.5641 -0.8091
vn 0.4232 -0.3902 -0.8177
vn 0.6404 -0.1780 -0.7471
vn 0.7950 0.0516 -0.6044
vn 0.8724 0.2768 -0.4028
vn 0.8649 0.4751 -0.1618
vn 0.7734 0.6267 0.0959
vn 0.6067 0.7160 0.3453
vn 0.3813 0.7338 0.5623
vn 0.1192 0.6781 0.7252
vn -0.1540 0.5550 0.8175
vn -0.4119 0.3776 0.8293
vn -0.6641 0.2096 0.7177
vn -0.8181 -0.0230 0.5746
vn -0.8920 -0.2531 0.3745
vn -0.8776 -0.4589 0.1383
vn -0.7761 -0.6210 -0.1100
vn -0.5975 -0.7234 -0.3460
vn -0.3599 -0.7561 -0.5466
vn -0.0870 -0.7156 -0.6931
vn 0.1942 -0.6057 -0.7717
vn 0.4561 -0.4367 -0.7754
vn 0.6736 -0.2250 -0.7040
vn 0.8252 0.0087 -0.5648
vn 0.8966 0.2422 -0.3707
vn 0.8809 0.4522 -0.1401
vn 0.7794 0.6176 0.1050
vn 0.6023 0.7216 0.3413
vn 0.3669 0.7534 0.5457
vn 0.0962 0.7098 0.6979
vn -0.1834 0.5955 0.7822
vn -0.4448 0.4232 0.7894
vn -0.6957 0.2551 0.6715
vn -0.8466 0.0183 0.5319
vn -0.9144 -0.2201 0.3397
vn -0.8917 -0.4377 0.1149
vn -0.7804 -0.6137 -0.1195
vn -0.5917 -0.7309 -0.3402
vn -0.3446 -0.7775 -0.5261
vn -0.0638 -0.7489 -0.6596
vn 0.2230 -0.6475 -0.7287
vn 0.4878 -0.4831 -0.7271
vn 0.7051 -0.2713 -0.6552
vn 0.8533 -0.0332 -0.5203
vn 0.9188 0.2088 -0.3349
vn 0.8950 0.4306 -0.1164
vn 0.7841 0.6100 0.1146
vn 0.5970 0.7286 0.3358
vn 0.3521 0.7741 0.5261
vn 0.0733 0.7421 0.6663
vn -0.2121 0.6362 0.7418
vn -0.4762 0.4687 0.7440
vn -0.7255 0.2996 0.6196
vn -0.8730 0.0583 0.4842
vn -0.9348 -0.1887 0.3009
vn -0.9040 -0.4182 0.0892
vn -0.7833 -0.6081 -0.1292
vn -0.5850 -0.7396 -0.3327
vn -0.3291 -0.7999 -0.5019
vn -0.0411 -0.7826 -0.6212
vn 0.2507 -0.6893 -0.6797
vn 0.5178 -0.5289 -0.6724
vn 0.7346 -0.3165 -0.6002
vn 0.8793 -0.0738 -0.4705
vn 0.9389 0.1771 -0.2950
vn 0.9073 0.4108 -0.0903
vn 0.7873 0.6039 0.1244
vn 0.5908 0.7368 0.3288
vn 0.3370 0.7958 0.5031
vn 0.0508 0.7749 0.6300
vn -0.2393 0.6777 0.6953
vn -0.5071 0.5135 0.6922
vn -0.7532 0.3426 0.5615
vn -0.8971 0.0963 0.4312
vn -0.9528 -0.1595 0.2582
vn -0.9141 -0.4007 0.0613
vn -0.7846 -0.6042 -0.1391
vn -0.5774 -0.7498 -0.3233
vn -0.3134 -0.8229 -0.4739
vn -0.0189 -0.8163 -0.5773
vn 0.2771 -0.7304 -0.6242
vn 0.5459 -0.5734 -0.6109
vn 0.7614 -0.3600 -0.5391
vn 0.9029 -0.1116 -0.4151
vn 0.9567 0.1475 -0.2510
vn 0.9175 0.3929 -0.0620
vn 0.7889 0.5996 0.1345
vn 0.5836 0.7464 0.3199
vn 0.3216 0.8182 0.4766
vn 0.0288 0.8079 0.5887
vn -0.2648 0.7180 0.6437
vn -0.5360 0.5565 0.6348
vn -0.7786 0.3832 0.4970
vn -0.9186 0.1317 0.3726
vn -0.9683 -0.1329 0.2113
vn -0.9221 -0.3858 0.0312
vn -0.7842 -0.6023 -0.1490
vn -0.5689 -0.7611 -0.3116
vn -0.2977 -0.8463 -0.4417
vn 0.0023 -0.8495 -0.5277
vn 0.3018 -0.7701 -0.5621
vn 0.5716 -0.6157 -0.5423
vn 0.7857 -0.4013 -0.4707
vn 0.9239 -0.1468 -0.3534
vn 0.9718 0.1207 -0.2027
vn 0.9254 0.3776 -0.0313
vn 0.7889 0.5972 0.1447
vn 0.5755 0.7571 0.3090
vn 0.3062 0.8410 0.4460
vn 0.0085 0.8412 0.5407
vn -0.2913 0.7574 0.5844
vn -0.5627 0.5982 0.5705
vn -0.8011 0.4205 0.4259
vn -0.9371 0.1635 0.3083
vn -0.9809 -0.1099 0.1604
vn -0.9275 -0.3738 -0.0009
vn -0.7821 -0.6026 -0.1586
vn -0.5595 -0.7735 -0.2976
vn -0.2822 -0.8696 -0.4052
vn 0.0223 -0.8812 -0.4722
vn 0.3243 -0.8072 -0.4932
vn 0.5946 -0.6547 -0.4668
vn 0.8069 -0.4384 -0.3959
vn 0.9410 -0.1783 -0.2875
vn 0.9836 0.0988 -0.1509
vn 0.9308 0.3654 0.0013
vn 0.7872 0.5970 0.1548
vn 0.5666 0.7690 0.2959
vn 0.2908 0.8638 0.4114
vn -0.0100 0.8723 0.4889
vn -0.3158 0.7934 0.5204
vn -0.5870 0.6373 0.4992
vn -0.8204 0.4534 0.3483
vn -0.9522 0.1907 0.2387
vn -0.9902 -0.0912 0.1058
vn -0.9302 -0.3655 -0.0346
vn -0.7781 -0.6054 -0.1677
vn -0.5494 -0.7869 -0.2809
vn -0.2672 -0.8921 -0.3643
vn 0.0407 -0.9107 -0.4110
vn 0.3443 -0.8408 -0.4178
vn 0.6142 -0.6891 -0.3846
vn 0.8244 -0.4703 -0.3150
vn 0.9546 -0.2055 -0.2155
vn 0.9922 0.0806 -0.0956
vn 0.9329 0.3584 0.0349
vn 0.7835 0.5993 0.1644
vn 0.5568 0.7820 0.2802
vn 0.2774 0.8865 0.3704
vn -0.0310 0.9027 0.4291
vn -0.3373 0.8275 0.4488
vn -0.6086 0.6726 0.4210
vn -0.8360 0.4806 0.2647
vn -0.9633 0.2121 0.1643
vn -0.9958 -0.0778 0.0483
vn -0.9298 -0.3614 -0.0693
vn -0.7721 -0.6107 -0.1757
vn -0.5387 -0.8010 -0.2613
vn -0.2528 -0.9134 -0.3190
vn 0.0572 -0.9370 -0.3446
vn 0.3612 -0.8696 -0.3366
vn 0.6300 -0.7177 -0.2967
vn 0.8377 -0.4959 -0.2289
vn 0.9641 -0.2257 -0.1397
vn 0.9971 0.0667 -0.0370
vn 0.9326 0.3542 0.0694
vn 0.7777 0.6052 0.1699
vn 0.5461 0.7970 0.2581
vn 0.2627 0.9081 0.3263
vn -0.0505 0.9289 0.3669
vn -0.3564 0.8576 0.3708
vn -0.6269 0.7028 0.3362
vn -0.8474 0.5010 0.1760
vn -0.9701 0.2266 0.0863
vn -0.9974 -0.0706 -0.0111
vn -0.9264 -0.3620 -0.1039
vn -0.7642 -0.6188 -0.1821
vn -0.5273 -0.8155 -0.2387
vn -0.2393 -0.9327 -0.2698
vn 0.0715 -0.9592 -0.2735
vn 0.3749 -0.8925 -0.2508
vn 0.6418 -0.7391 -0.2044
vn 0.8465 -0.5139 -0.1391
vn 0.9692 -0.2386 -0.0611
vn 0.9979 0.0603 0.0227
vn 0.9295 0.3534 0.1052
vn 0.7701 0.6121 0.1795
vn 0.5349 0.8102 0.2397
vn 0.2465 0.9276 0.2806
vn -0.0664 0.9523 0.2977
vn -0.3725 0.8826 0.2869
vn -0.6415 0.7268 0.2456
vn -0.8541 0.5133 0.0838
vn -0.9724 0.2333 0.0063
vn -0.9950 -0.0702 -0.0709
vn -0.9198 -0.3676 -0.1374
vn -0.7544 -0.6295 -0.1862
vn -0.5155 -0.8300 -0.2131
vn -0.2268 -0.9495 -0.2170
vn 0.0834 -0.9765 -0.1989
vn 0.3851 -0.9086 -0.1616
vn 0.6494 -0.7526 -0.1093
vn 0.8507 -0.5235 -0.0474
vn 0.9698 -0.2433 0.0184
vn 0.9948 0.0607 0.0823
vn 0.9228 0.3592 0.1391
vn 0.7605 0.6226 0.1845
vn 0.5229 0.8248 0.2152
vn 0.2331 0.9451 0.2291
vn -0.0801 0.9713 0.2241
vn -0.3852 0.9013 0.1982
vn -0.6518 0.7433 0.1505
vn -0.8561 0.5167 -0.0098
vn -0.9700 0.2315 -0.0737
vn -0.9886 -0.0769 -0.1293
vn -0.9102 -0.3782 -0.1687
vn -0.7429 -0.6427 -0.1874
vn -0.5034 -0.8441 -0.1844
vn -0.2155 -0.9631 -0.1614
vn 0.0929 -0.9882 -0.1219
vn 0.3919 -0.9173 -0.0707
vn 0.6528 -0.7574 -0.0134
vn 0.8505 -0.5240 0.0442
vn 0.9660 -0.2396 0.0969
vn 0.9878 0.0683 0.1402
vn 0.9132 0.3700 0.1707
vn 0.7490 0.6358 0.1866
vn 0.5104 0.8392 0.1876
vn 0.2207 0.9597 0.1742
vn -0.0914 0.9849 0.1470
vn -0.3943 0.9128 0.1063
vn -0.6578 0.7513 0.0528
vn -0.8535 0.5110 -0.1025
vn -0.9633 0.2213 -0.1517
vn -0.9786 -0.0904 -0.1848
vn -0.8981 -0.3935 -0.1965
vn -0.7300 -0.6578 -0.1852
vn -0.4913 -0.8575 -0.1528
vn -0.2053 -0.9732 -0.1037
vn 0.1000 -0.9940 -0.0439
vn 0.3954 -0.9183 0.0200
vn 0.6524 -0.7535 0.0813
vn 0.8463 -0.5157 0.1338
vn 0.9583 -0.2276 0.1727
vn 0.9773 0.0828 0.1948
vn 0.9010 0.3856 0.1988
vn 0.7360 0.6511 0.1854
vn 0.4978 0.8529 0.1570
vn 0.2096 0.9708 0.1167
vn -0.1001 0.9927 0.0679
vn -0.3998 0.9165 0.0131
vn -0.6594 0.7504 -0.0452
vn -0.8467 0.4963 -0.1920
vn -0.9529 0.2030 -0.2255
vn -0.9655 -0.1103 -0.2358
vn -0.8839 -0.4128 -0.2200
vn -0.7162 -0.6744 -0.1795
vn -0.4794 -0.8695 -0.1188
vn -0.1965 -0.9795 -0.0449
vn 0.1050 -0.9939 0.0338
vn 0.3960 -0.9118 0.1090
vn 0.6486 -0.7413 0.1729
vn 0.8385 -0.4989 0.2193
vn 0.9473 -0.2080 0.2438
vn 0.9641 0.1035 0.2447
vn 0.8867 0.4053 0.2226
vn 0.7220 0.6680 0.1806
vn 0.4853 0.8655 0.1236
vn 0.1998 0.9781 0.0576
vn -0.1062 0.9943 -0.0116
vn -0.4017 0.9123 -0.0793
vn -0.6569 0.7407 -0.1411
vn -0.8363 0.4736 -0.2761
vn -0.9393 0.1779 -0.2934
vn -0.9501 -0.1354 -0.2810
vn -0.8682 -0.4351 -0.2386
vn -0.7019 -0.6916 -0.1701
vn -0.4679 -0.8799 -0.0827
vn -0.1890 -0.9819 0.0140
vn 0.1078 -0.9881 0.1098
vn 0.3939 -0.8983 0.1946
vn 0.6418 -0.7214 0.2599
vn 0.8277 -0.4747 0.2993
vn 0.9335 -0.1817 0.3092
vn 0.9486 0.1293 0.2890
vn 0.8709 0.4281 0.2415
vn 0.7073 0.6857 0.1720
vn 0.4733 0.8765 0.0880
vn 0.1915 0.9815 -0.0021
vn -0.1100 0.9899 -0.0900
vn -0.4005 0.9006 -0.1688
vn -0.6508 0.7227 -0.2327
vn -0.8232 0.4443 -0.3534
vn -0.9234 0.1471 -0.3545
vn -0.9330 -0.1645 -0.3200
vn -0.8516 -0.4595 -0.2521
vn -0.6876 -0.7089 -0.1573
vn -0.4572 -0.8882 -0.0452
vn -0.1829 -0.9805 0.0723
vn 0.1087 -0.9771 0.1830
vn 0.3896 -0.8787 0.2757
vn 0.6327 -0.6952 0.3411
vn 0.8147 -0.4443 0.3727
vn 0.9177 -0.1502 0.3678
vn 0.9315 0.1589 0.3271
vn 0.8542 0.4530 0.2553
vn 0.6926 0.7034 0.1599
vn 0.4619 0.8855 0.0507
vn 0.1847 0.9809 -0.0613
vn -0.1114 0.9799 -0.1658
vn -0.3964 0.8823 -0.2538
vn -0.6418 0.6977 -0.3184
vn -0.8080 0.4100 -0.4231
vn -0.9059 0.1125 -0.4083
vn -0.9150 -0.1960 -0.3527
vn -0.8349 -0.4848 -0.2608
vn -0.6737 -0.7253 -0.1416
vn -0.4475 -0.8943 -0.0072
vn -0.1783 -0.9755 0.1288
vn 0.1078 -0.9616 0.2525
vn 0.3833 -0.8542 0.3514
vn 0.6216 -0.6640 0.4156
vn 0.7998 -0.4094 0.4390
vn 0.9005 -0.1149 0.4194
vn 0.9136 0.1910 0.3590
vn 0.8372 0.4788 0.2643
vn 0.6782 0.7205 0.1448
vn 0.4517 0.8921 0.0127
vn 0.1797 0.9765 -0.1189
vn -0.1107 0.9650 -0.2378
vn -0.3900 0.8584 -0.3332
vn -0.6303 0.6672 -0.3970
vn -0.7912 0.3725 -0.4850
vn -0.8874 0.0755 -0.4547
vn -0.8966 -0.2286 -0.3793
vn -0.8183 -0.5099 -0.2653
vn -0.6606 -0.7404 -0.1240
vn -0.4391 -0.8979 0.0306
vn -0.1753 -0.9674 0.1829
vn 0.1051 -0.9424 0.3175
vn 0.3751 -0.8258 0.4210
vn 0.6088 -0.6292 0.4832
vn 0.7836 -0.3715 0.4980
vn 0.8824 -0.0776 0.4641
vn 0.8952 0.2241 0.3851
vn 0.8204 0.5045 0.2690
vn 0.6647 0.7362 0.1275
vn 0.4428 0.8963 -0.0252
vn 0.1764 0.9688 -0.1741
vn -0.1079 0.9462 -0.3051
vn -0.3815 0.8304 -0.4061
vn -0.6170 0.6327 -0.4680
vn -0.7733 0.3333 -0.5393
vn -0.8684 0.0378 -0.4945
vn -0.8782 -0.2611 -0.4007
vn -0.8024 -0.5339 -0.2666
vn -0.6487 -0.7538 -0.1052
vn -0.4322 -0.8993 0.0673
vn -0.1741 -0.9566 0.2338
vn 0.1005 -0.9205 0.3775
vn 0.3652 -0.7950 0.4844
vn 0.5946 -0.5923 0.5438
vn 0.7663 -0.3321 0.5500
vn 0.8637 -0.0396 0.5025
vn 0.8769 0.2571 0.4061
vn 0.8043 0.5292 0.2704
vn 0.6523 0.7501 0.1090
vn 0.4355 0.8981 -0.0620
vn 0.1750 0.9583 -0.2260
vn -0.1031 0.9244 -0.3671
vn -0.3711 0.7996 -0.4722
vn -0.6021 0.5958 -0.5315
vn -0.7546 0.2938 -0.5867
vn -0.8490 0.0006 -0.5284
vn -0.8602 -0.2924 -0.4178
vn -0.7874 -0.5563 -0.2655
vn -0.6381 -0.7651 -0.0863
vn -0.4270 -0.8985 0.1020
vn -0.1748 -0.9437 0.2807
vn 0.0940 -0.8969 0.4322
vn 0.3536 -0.7628 0.5414
vn 0.5790 -0.5546 0.5977
vn 0.7481 -0.2926 0.5955
vn 0.8447 -0.0021 0.5353
vn 0.8589 0.2889 0.4229
vn 0.7890 0.5521 0.2695
vn 0.6413 0.7619 0.0903
vn 0.4300 0.8976 -0.0969
vn 0.1756 0.9456 -0.2739
vn -0.0964 0.9007 -0.4235
vn -0.3589 0.7673 -0.5315
vn -0.5858 0.5581 -0.5877
vn -0.7350 0.2554 -0.6281
vn -0.8295 -0.0350 -0.5574
vn -0.8426 -0.3218 -0.4318
vn -0.7734 -0.5766 -0.2632
vn -0.6290 -0.7744 -0.0682
vn -0.4237 -0.8958 0.1340
vn -0.1775 -0.9295 0.3234
vn 0.0856 -0.8723 0.4814
vn 0.3403 -0.7303 0.5923
vn 0.5620 -0.5173 0.6454
vn 0.7291 -0.2541 0.6354
vn 0.8255 0.0338 0.5634
vn 0.8413 0.3188 0.4366
vn 0.7747 0.5730 0.2673
vn 0.6319 0.7717 0.0723
vn 0.4263 0.8953 -0.1292
vn 0.1783 0.9314 -0.3174
vn -0.0877 0.8761 -0.4741
vn -0.3450 0.7346 -0.5842
vn -0.5681 0.5207 -0.6372
vn -0.7147 0.2189 -0.6643
vn -0.8098 -0.0685 -0.5827
vn -0.8255 -0.3489 -0.4437
vn -0.7605 -0.5947 -0.2608
vn -0.6215 -0.7817 -0.0518
vn -0.4222 -0.8918 0.1627
vn -0.1822 -0.9144 0.3615
vn 0.0753 -0.8477 0.5251
vn 0.3253 -0.6985 0.6374
vn 0.5437 -0.4814 0.6875
vn 0.7093 -0.2176 0.6705
vn 0.8060 0.0675 0.5880
vn 0.8241 0.3463 0.4482
vn 0.7615 0.5916 0.2649
vn 0.6239 0.7795 0.0559
vn 0.4246 0.8915 -0.1581
vn 0.1830 0.9163 -0.3562
vn -0.0770 0.8513 -0.5190
vn -0.3294 0.7026 -0.6307
vn -0.5492 0.4846 -0.6808
vn -0.6936 0.1847 -0.6963
vn -0.7899 -0.0993 -0.6051
vn -0.8087 -0.3734 -0.4545
vn -0.7484 -0.6106 -0.2590
vn -0.6153 -0.7874 -0.0377
vn -0.4224 -0.8868 0.1876
vn -0.1888 -0.8992 0.3947
vn 0.0630 -0.8238 0.5634
vn 0.3085 -0.6681 0.6771
vn 0.5241 -0.4475 0.7246
vn 0.6887 -0.1834 0.7015
vn 0.7863 0.0986 0.6099
vn 0.8073 0.3712 0.4588
vn 0.7492 0.6078 0.2630
vn 0.6175 0.7855 0.0418
vn 0.4246 0.8866 -0.1833
vn 0.1896 0.9011 -0.3900
vn -0.0644 0.8272 -0.5582
vn -0.3122 0.6720 -0.6716
vn -0.5290 0.4506 -0.7191
vn -0.6716 0.1534 -0.7248
vn -0.7696 -0.1273 -0.6257
vn -0.7921 -0.3954 -0.4650
vn -0.7371 -0.6244 -0.2586
vn -0.6102 -0.7918 -0.0265
vn -0.4242 -0.8813 0.2085
vn -0.1970 -0.8844 0.4232
vn 0.0490 -0.8010 0.5966
vn 0.2902 -0.6396 0.7118
vn 0.5031 -0.4160 0.7575
vn 0.6671 -0.1520 0.7293
vn 0.7662 0.1269 0.6300
vn 0.7906 0.3935 0.4691
vn 0.7377 0.6221 0.2625
vn 0.6122 0.7901 0.0304
vn 0.4262 0.8812 -0.2045
vn 0.1980 0.8861 -0.4190
vn -0.0501 0.8042 -0.5922
vn -0.2933 0.6433 -0.7073
vn -0.5075 0.4190 -0.7529
vn -0.6487 0.1248 -0.7507
vn -0.7488 -0.1527 -0.6449
vn -0.7754 -0.4151 -0.4758
vn -0.7262 -0.6365 -0.2599
vn -0.6061 -0.7952 -0.0183
vn -0.4271 -0.8757 0.2253
vn -0.2067 -0.8703 0.4470
vn 0.0335 -0.7798 0.6251
vn 0.2703 -0.6133 0.7421
vn 0.4808 -0.3872 0.7867
vn 0.6445 -0.1234 0.7546
vn 0.7455 0.1524 0.6488
vn 0.7739 0.4135 0.4797
vn 0.7258 0.6354 0.2636
vn 0.6067 0.7946 0.0231
vn 0.4290 0.8760 -0.2203
vn 0.2078 0.8720 -0.4432
vn -0.0342 0.7828 -0.6213
vn -0.2729 0.6168 -0.7383
vn -0.4848 0.3900 -0.7829
vn -0.6249 0.0989 -0.7744
vn -0.7274 -0.1756 -0.6634
vn -0.7585 -0.4328 -0.4872
vn -0.7153 -0.6474 -0.2632
vn -0.6023 -0.7981 -0.0132
vn -0.4308 -0.8704 0.2383
vn -0.2175 -0.8574 0.4665
vn 0.0167 -0.7605 0.6492
vn 0.2491 -0.5894 0.7685
vn 0.4573 -0.3609 0.8128
vn 0.6209 -0.0974 0.7778
vn 0.7240 0.1762 0.6669
vn 0.7562 0.4321 0.4914
vn 0.7151 0.6462 0.2664
vn 0.6043 0.7966 0.0165
vn 0.4331 0.8705 -0.2338
vn 0.2179 0.8595 -0.4624
vn -0.0170 0.7638 -0.6452
vn -0.2513 0.5926 -0.7653
vn -0.4608 0.3637 -0.8096
vn -0.6000 0.0754 -0.7964
vn -0.7051 -0.1965 -0.6814
vn -0.7409 -0.4490 -0.4994
vn -0.7041 -0.6574 -0.2685
vn -0.5986 -0.8010 -0.0111
vn -0.4349 -0.8658 0.2475
vn -0.2289 -0.8457 0.4820
vn -0.0010 -0.7429 0.6693
vn 0.2270 -0.5677 0.7914
vn 0.4327 -0.3371 0.8361
vn 0.5964 -0.0738 0.7993
vn 0.7023 0.1971 0.6841
vn 0.7395 0.4478 0.5026
vn 0.7044 0.6557 0.2718
vn 0.6003 0.7996 0.0144
vn 0.4371 0.8656 -0.2444
vn 0.2307 0.8469 -0.4791
vn 0.0013 0.7459 -0.6661
vn -0.2287 0.5711 -0.7883
vn -0.4358 0.3398 -0.8334
vn -0.5742 0.0538 -0.8169
vn -0.6818 -0.2159 -0.6989
vn -0.7225 -0.4643 -0.5124
vn -0.6923 -0.6670 -0.2755
vn -0.5944 -0.8041 -0.0116
vn -0.4388 -0.8621 0.2536
vn -0.2405 -0.8356 0.4940
vn -0.0190 -0.7273 0.6861
vn 0.2041 -0.5480 0.8112
vn 0.4073 -0.3154 0.8571
vn 0.5708 -0.0520 0.8194
vn 0.6789 0.2164 0.7016
vn 0.7209 0.4633 0.5154
vn 0.6923 0.6655 0.2788
vn 0.5959 0.8029 0.0149
vn 0.4409 0.8619 -0.2505
vn 0.2423 0.8367 -0.4912
vn 0.0196 0.7295 -0.6837
vn -0.2052 0.5512 -0.8088
vn -0.4101 0.3182 -0.8547
vn -0.5476 0.0335 -0.8361
vn -0.6576 -0.2343 -0.7160
vn -0.7029 -0.4790 -0.5258
vn -0.6793 -0.6767 -0.2839
vn -0.5893 -0.8078 -0.0142
vn -0.4419 -0.8594 0.2570
vn -0.2516 -0.8268 0.5031
vn -0.0371 -0.7132 0.6999
vn 0.1809 -0.5300 0.8284
vn 0.3812 -0.2952 0.8761
vn 0.5445 -0.0317 0.8382
vn 0.6547 0.2347 0.7185
vn 0.7012 0.4784 0.5287
vn 0.6791 0.6755 0.2872
vn 0.5906 0.8068 0.0175
vn 0.4440 0.8593 -0.2539
vn 0.2535 0.8279 -0.5003
vn 0.0378 0.7154 -0.6977
vn -0.1817 0.5328 -0.8265
vn -0.3835 0.2980 -0.8742
vn -0.5202 0.0140 -0.8539
vn -0.6322 -0.2523 -0.7325
vn -0.6821 -0.4939 -0.5393
vn -0.6650 -0.6869 -0.2932
vn -0.5829 -0.8124 -0.0183
vn -0.4439 -0.8580 0.2584
vn -0.2619 -0.8194 0.5099
vn -0.0546 -0.7006 0.7114
vn 0.1579 -0.5134 0.8435
vn 0.3548 -0.2761 0.8932
vn 0.5172 -0.0121 0.8558
vn 0.6293 0.2531 0.7348
vn 0.6801 0.4936 0.5421
vn 0.6645 0.6860 0.2964
vn 0.5839 0.8116 0.0216
vn 0.4458 0.8579 -0.2553
vn 0.2638 0.8205 -0.5071
vn 0.0555 0.7028 -0.7092
vn -0.1584 0.5162 -0.8417
vn -0.3569 0.2788 -0.8916
vn -0.4922 -0.0053 -0.8705
vn -0.6058 -0.2707 -0.7482
vn -0.6597 -0.5094 -0.5525
vn -0.6489 -0.6981 -0.3027
vn -0.5746 -0.8181 -0.0232
vn -0.4442 -0.8578 0.2586
vn -0.2707 -0.8133 0.5151
vn -0.0711 -0.6891 0.7212
vn 0.1353 -0.4976 0.8568
vn 0.3283 -0.2576 0.9088
vn 0.4894 0.0074 0.8720
vn 0.6028 0.2717 0.7502
vn 0.6575 0.5093 0.5552
vn 0.6481 0.6974 0.3059
vn 0.5753 0.8175 0.0266
vn 0.4460 0.8578 -0.2554
vn 0.2727 0.8144 -0.5123
vn 0.0722 0.6912 -0.7190
vn -0.1356 0.5004 -0.8551
vn -0.3302 0.2604 -0.9073
vn -0.4637 -0.0249 -0.8856
vn -0.5782 -0.2898 -0.7627
vn -0.6358 -0.5260 -0.5649
vn -0.6308 -0.7105 -0.3118
vn -0.5641 -0.8252 -0.0281
vn -0.4424 -0.8588 0.2584
vn -0.2777 -0.8081 0.5195
vn -0.0862 -0.6782 0.7298
vn 0.1135 -0.4820 0.8688
vn 0.3020 -0.2388 0.9229
vn 0.4610 0.0275 0.8870
vn 0.5751 0.2913 0.7644
vn 0.6332 0.5263 0.5675
vn 0.6297 0.7101 0.3150
vn 0.5646 0.8248 0.0315
vn 0.4441 0.8589 -0.2550
vn 0.2797 0.8092 -0.5167
vn 0.0874 0.6804 -0.7276
vn -0.1137 0.4849 -0.8672
vn -0.3037 0.2418 -0.9216
vn -0.4345 -0.0462 -0.8995
vn -0.5495 -0.3104 -0.7757
vn -0.6100 -0.5442 -0.5760
vn -0.6105 -0.7246 -0.3198
vn -0.5512 -0.8338 -0.0323
vn -0.4381 -0.8610 0.2584
vn -0.2824 -0.8037 0.5238
vn -0.0996 -0.6676 0.7379
vn 0.0928 -0.4662 0.8798
vn 0.2759 -0.2194 0.9358
vn 0.4321 0.0487 0.9005
vn 0.5465 0.3119 0.7772
vn 0.6074 0.5448 0.5781
vn 0.6090 0.7244 0.3230
vn 0.5514 0.8335 0.0358
vn 0.4396 0.8612 -0.2550
vn 0.2844 0.8049 -0.5208
vn 0.1010 0.6698 -0.7356
vn -0.0928 0.4692 -0.8782
vn -0.2770 0.2228 -0.9347
vn -0.4056 -0.0689 -0.9115
vn -0.5196 -0.3329 -0.7869
vn -0.5823 -0.5644 -0.5851
vn -0.5878 -0.7404 -0.3260
vn -0.5356 -0.8438 -0.0349
vn -0.4311 -0.8642 0.2596
vn -0.2848 -0.7997 0.5286
vn -0.1110 -0.6567 0.7459
vn 0.0733 -0.4496 0.8902
vn 0.2502 -0.1986 0.9476
vn 0.4027 0.0716 0.9125
vn 0.5161 0.3347 0.7884
vn 0.5797 0.5651 0.5870
vn 0.5869 0.7399 0.3288
vn 0.5358 0.8435 0.0377
vn 0.4325 0.8645 -0.2560
vn 0.2868 0.8010 -0.5255
vn 0.1125 0.6591 -0.7435
vn -0.0721 0.4530 -0.8886
vn -0.2508 0.2019 -0.9468
vn -0.3758 -0.0937 -0.9220
vn -0.4883 -0.3578 -0.7960
vn -0.5526 -0.5868 -0.5919
vn -0.5624 -0.7582 -0.3298
vn -0.5171 -0.8552 -0.0354
vn -0.4213 -0.8681 0.2625
vn -0.2846 -0.7957 0.5346
vn -0.1205 -0.6453 0.7544
vn 0.0549 -0.4317 0.9004
vn 0.2248 -0.1760 0.9584
vn 0.3727 0.0967 0.9229
vn 0.4844 0.3598 0.7974
vn 0.5491 0.5878 0.5941
vn 0.5604 0.7584 0.3328
vn 0.5174 0.8549 0.0382
vn 0.4241 0.8677 -0.2593
vn 0.2884 0.7962 -0.5319
vn 0.1240 0.6468 -0.7525
vn -0.0531 0.4350 -0.8989
vn -0.2261 0.1793 -0.9574
vn -0.3453 -0.1211 -0.9306
vn -0.4555 -0.3851 -0.8026
vn -0.5206 -0.6115 -0.5959
vn -0.5343 -0.7779 -0.3307
vn -0.4956 -0.8679 -0.0331
vn -0.4085 -0.8726 0.2678
vn -0.2818 -0.7915 0.5423
vn -0.1281 -0.6327 0.7637
vn 0.0377 -0.4120 0.9104
vn 0.1995 -0.1511 0.9682
vn 0.3419 0.1244 0.9315
vn 0.4510 0.3876 0.8040
vn 0.5164 0.6129 0.5981
vn 0.5317 0.7784 0.3338
vn 0.4951 0.8681 0.0368
vn 0.4100 0.8731 -0.2640
vn 0.2844 0.7928 -0.5390
vn 0.1304 0.6351 -0.7613
vn -0.0369 0.4153 -0.9089
vn -0.2010 0.1547 -0.9673
vn -0.3137 -0.1512 -0.9374
vn -0.4207 -0.4152 -0.8066
vn -0.4860 -0.6386 -0.5966
vn -0.5032 -0.7994 -0.3281
vn -0.4710 -0.8817 -0.0275
vn -0.3929 -0.8773 0.2758
vn -0.2767 -0.7865 0.5521
vn -0.1341 -0.6186 0.7742
vn 0.0211 -0.3900 0.9206
vn 0.1739 -0.1235 0.9770
vn 0.3097 0.1550 0.9381
vn 0.4155 0.4181 0.8078
vn 0.4810 0.6404 0.5988
vn 0.4998 0.8003 0.3313
vn 0.4700 0.8821 0.0314
vn 0.3941 0.8780 -0.2718
vn 0.2792 0.7881 -0.5485
vn 0.1364 0.6213 -0.7716
vn -0.0204 0.3937 -0.9190
vn -0.1757 0.1275 -0.9762
vn -0.2806 -0.1842 -0.9420
vn -0.3837 -0.4480 -0.8075
vn -0.4486 -0.6679 -0.5938
vn -0.4691 -0.8224 -0.3219
vn -0.4434 -0.8961 -0.0183
vn -0.3745 -0.8817 0.2870
vn -0.2696 -0.7805 0.5641
vn -0.1389 -0.6026 0.7859
vn 0.0047 -0.3657 0.9307
vn 0.1475 -0.0931 0.9847
vn 0.2758 0.1884 0.9426
vn 0.3773 0.4513 0.8087
vn 0.4424 0.6702 0.5960
vn 0.4647 0.8237 0.3251
vn 0.4417 0.8969 0.0224
vn 0.3754 0.8827 -0.2826
vn 0.2720 0.7824 -0.5602
vn 0.1412 0.6057 -0.7831
vn -0.0042 0.3697 -0.9291
vn -0.1497 0.0975 -0.9839
vn -0.2453 -0.2199 -0.9442
vn -0.3439 -0.4831 -0.8052
vn -0.4080 -0.6990 -0.5872
vn -0.4316 -0.8465 -0.3116
vn -0.4127 -0.9108 -0.0055
vn -0.3537 -0.8855 0.3012
vn -0.2608 -0.7730 0.5783
vn -0.1431 -0.5845 0.7987
vn -0.0122 -0.3387 0.9408
vn 0.1194 -0.0599 0.9910
vn 0.2393 0.2246 0.9446
vn 0.3360 0.4869 0.8062
vn 0.4004 0.7017 0.5893
vn 0.4260 0.8482 0.3149
vn 0.4102 0.9120 0.0097
vn 0.3542 0.8869 -0.2967
vn 0.2630 0.7753 -0.5742
vn 0.1452 0.5880 -0.7957
vn 0.0123 0.3432 -0.9392
vn -0.1224 0.0648 -0.9904
vn -0.2072 -0.2579 -0.9437
vn -0.3006 -0.5201 -0.7995
vn -0.3639 -0.7314 -0.5767
vn -0.3908 -0.8711 -0.2974
vn -0.3792 -0.9253 0.0112
vn -0.3308 -0.8883 0.3186
vn -0.2509 -0.7638 0.5947
vn -0.1475 -0.5641 0.8124
vn -0.0304 -0.3092 0.9505
vn 0.0890 -0.0242 0.9957
vn 0.1996 0.2630 0.9439
vn 0.2910 0.5244 0.8002
vn 0.3544 0.7346 0.5786
vn 0.3836 0.8732 0.3006
vn 0.3756 0.9268 -0.0068
vn 0.3307 0.8900 -0.3138
vn 0.2529 0.7665 -0.5903
vn 0.1493 0.5681 -0.8093
vn 0.0301 0.3142 -0.9489
vn -0.0930 0.0296 -0.9952
vn -0.1654 -0.2975 -0.9403
vn -0.2535 -0.5582 -0.7900
vn -0.3158 -0.7644 -0.5621
vn -0.3464 -0.8956 -0.2791
vn -0.3428 -0.9389 0.0314
vn -0.3062 -0.8896 0.3388
vn -0.2407 -0.7527 0.6129
vn -0.1528 -0.5416 0.8266
vn -0.0509 -0.2775 0.9594
vn 0.0552 0.0136 0.9984
vn 0.1559 0.3032 0.9401
vn 0.2415 0.5630 0.7903
vn 0.3041 0.7679 0.5637
vn 0.3374 0.8980 0.2822
vn 0.3381 0.9407 -0.0269
vn 0.3055 0.8918 -0.3337
vn 0.2423 0.7559 -0.6082
vn 0.1543 0.5462 -0.8233
vn 0.0498 0.2831 -0.9578
vn -0.0606 -0.0077 -0.9981
vn -0.1192 -0.3380 -0.9336
vn -0.2019 -0.5967 -0.7767
vn -0.2636 -0.7969 -0.5435
vn -0.2985 -0.9192 -0.2569
vn -0.3040 -0.9511 0.0550
vn -0.2805 -0.8892 0.3614
vn -0.2307 -0.7396 0.6322
vn -0.1599 -0.5172 0.8408
vn -0.0746 -0.2441 0.9669
vn 0.0173 0.0527 0.9985
vn 0.1073 0.3441 0.9328
vn 0.1871 0.6018 0.7764
vn 0.2492 0.8008 0.5446
vn 0.2874 0.9219 0.2598
vn 0.2979 0.9533 -0.0504
vn 0.2790 0.8918 -0.3561
vn 0.2320 0.7434 -0.6273
vn 0.1610 0.5223 -0.8374
vn 0.0725 0.2502 -0.9655
vn -0.0243 -0.0462 -0.9986
vn -0.0681 -0.3782 -0.9232
vn -0.1454 -0.6342 -0.7594
vn -0.2070 -0.8281 -0.5209
vn -0.2472 -0.9410 -0.2311
vn -0.2630 -0.9613 0.0815
vn -0.2540 -0.8869 0.3859
vn -0.2219 -0.7248 0.6522
vn -0.1697 -0.4914 0.8542
vn -0.1023 -0.2099 0.9723
vn -0.0257 0.0919 0.9954
vn 0.0532 0.3845 0.9216
vn 0.1272 0.6395 0.7582
vn 0.1894 0.8321 0.5213
vn 0.2337 0.9438 0.2336
vn 0.2554 0.9638 -0.0770
vn 0.2519 0.8899 -0.3804
vn 0.2227 0.7291 -0.6471
vn 0.1701 0.4972 -0.8508
vn 0.0990 0.2165 -0.9712
vn 0.0166 -0.0851 -0.9962
vn -0.0116 -0.4169 -0.9089
vn -0.0838 -0.6697 -0.7379
vn -0.1460 -0.8569 -0.4943
vn -0.1925 -0.9603 -0.2020
vn -0.2202 -0.9692 0.1104
vn -0.2275 -0.8825 0.4117
vn -0.2147 -0.7086 0.6722
vn -0.1829 -0.4650 0.8662
vn -0.1347 -0.1760 0.9751
vn -0.0743 0.1300 0.9887
vn -0.0067 0.4230 0.9061
vn 0.0618 0.6747 0.7355
vn 0.1249 0.8607 0.4936
vn 0.1764 0.9630 0.2038
vn 0.2110 0.9717 -0.1061
vn 0.2245 0.8858 -0.4061
vn 0.2150 0.7135 -0.6669
vn 0.1825 0.4713 -0.8629
vn 0.1299 0.1830 -0.9745
vn 0.0626 -0.1231 -0.9904
vn 0.0504 -0.4525 -0.8903
vn -0.0171 -0.7017 -0.7123
vn -0.0807 -0.8822 -0.4640
vn -0.1349 -0.9762 -0.1698
vn -0.1759 -0.9742 0.1412
vn -0.2014 -0.8761 0.4381
vn -0.2098 -0.6914 0.6913
vn -0.1999 -0.4389 0.8760
vn -0.1722 -0.1435 0.9746
vn -0.1286 0.1655 0.9778
vn -0.0726 0.4581 0.8859
vn -0.0091 0.7060 0.7082
vn 0.0559 0.8852 0.4618
vn 0.1160 0.9785 0.1706
vn 0.1651 0.9767 -0.1374
vn 0.1976 0.8797 -0.4324
vn 0.2095 0.6969 -0.6859
vn 0.1986 0.4457 -0.8729
vn 0.1656 0.1508 -0.9746
vn 0.1141 -0.1588 -0.9807
vn 0.1179 -0.4838 -0.8672
vn 0.0545 -0.7290 -0.6823
vn -0.0115 -0.9028 -0.4300
vn -0.0746 -0.9880 -0.1349
vn -0.1307 -0.9761 0.1736
vn -0.1762 -0.8678 0.4646
vn -0.2074 -0.6740 0.7090
vn -0.2210 -0.4141 0.8830
vn -0.2147 -0.1140 0.9700
vn -0.1884 0.1969 0.9622
vn -0.1439 0.4882 0.8608
vn -0.0849 0.7320 0.6760
vn -0.0170 0.9046 0.4259
vn 0.0532 0.9895 0.1345
vn 0.1184 0.9783 -0.1703
vn 0.1716 0.8717 -0.4590
vn 0.2065 0.6799 -0.7036
vn 0.2186 0.4213 -0.8802
vn 0.2063 0.1212 -0.9710
vn 0.1709 -0.1908 -0.9666
vn 0.1901 -0.5092 -0.8394
vn 0.1305 -0.7503 -0.6481
vn 0.0611 -0.9178 -0.3924
vn -0.0123 -0.9952 -0.0975
vn -0.0851 -0.9746 0.2071
vn -0.1523 -0.8580 0.4906
vn -0.2079 -0.6570 0.7247
vn -0.2460 -0.3918 0.8866
vn -0.2619 -0.0887 0.9610
vn -0.2532 0.2226 0.9415
vn -0.2199 0.5118 0.8305
vn -0.1647 0.7512 0.6391
vn -0.0928 0.9178 0.3861
vn -0.0112 0.9954 0.0956
vn 0.0716 0.9763 -0.2044
vn 0.1469 0.8620 -0.4851
vn 0.2062 0.6634 -0.7193
vn 0.2425 0.3993 -0.8842
vn 0.2515 0.0955 -0.9631
vn 0.2328 -0.2177 -0.9478
vn 0.2664 -0.5275 -0.8067
vn 0.2098 -0.7646 -0.6094
vn 0.1361 -0.9263 -0.3514
vn 0.0512 -0.9970 -0.0579
vn -0.0398 -0.9696 0.2413
vn -0.1299 -0.8469 0.5157
vn -0.2110 -0.6411 0.7379
vn -0.2744 -0.3729 0.8864
vn -0.3129 -0.0689 0.9473
vn -0.3217 0.2413 0.9156
vn -0.2992 0.5277 0.7950
vn -0.2470 0.7628 0.5976
vn -0.1702 0.9239 0.3426
vn -0.0762 0.9956 0.0544
vn 0.0254 0.9706 -0.2393
vn 0.1239 0.8510 -0.5104
vn 0.2085 0.6478 -0.7327
vn 0.2697 0.3804 -0.8846
vn 0.3007 0.0750 -0.9508
vn 0.2988 -0.2381 -0.9241
vn 0.3453 -0.5377 -0.7692
vn 0.2913 -0.7708 -0.5666
vn 0.2125 -0.9277 -0.3070
vn 0.1149 -0.9932 -0.0163
vn 0.0047 -0.9612 0.2759
vn -0.1094 -0.8348 0.5396
vn -0.2165 -0.6269 0.7484
vn -0.3054 -0.3583 0.8822
vn -0.3663 -0.0555 0.9288
vn -0.3922 0.2521 0.8846
vn -0.3800 0.5350 0.7546
vn -0.3302 0.7658 0.5518
vn -0.2477 0.9226 0.2958
vn -0.1405 0.9900 0.0113
vn -0.0195 0.9614 -0.2746
vn 0.1027 0.8389 -0.5346
vn 0.2131 0.6338 -0.7435
vn 0.2996 0.3657 -0.8812
vn 0.3527 0.0606 -0.9338
vn 0.3677 -0.2511 -0.8954
vn 0.4253 -0.5391 -0.7269
vn 0.3735 -0.7685 -0.5196
vn 0.2888 -0.9215 -0.2596
vn 0.1777 -0.9837 0.0271
vn 0.0476 -0.9493 0.3107
vn -0.0908 -0.8221 0.5621
vn -0.2239 -0.6150 0.7561
vn -0.3380 -0.3486 0.8742
vn -0.4207 -0.0491 0.9059
vn -0.4631 0.2546 0.8490
vn -0.4604 0.5332 0.7098
vn -0.4124 0.7601 0.5021
vn -0.3237 0.9136 0.2463
vn -0.2029 0.9786 -0.0333
vn -0.0623 0.9487 -0.3100
vn 0.0837 0.8261 -0.5573
vn 0.2197 0.6219 -0.7516
vn 0.3312 0.3556 -0.8740
vn 0.4062 0.0529 -0.9122
vn 0.4378 -0.2558 -0.8619
vn 0.5045 -0.5315 -0.6804
vn 0.4544 -0.7574 -0.4689
vn 0.3633 -0.9078 -0.2094
vn 0.2382 -0.9686 0.0717
vn 0.0881 -0.9344 0.3453
vn -0.0742 -0.8091 0.5829
vn -0.2326 -0.6056 0.7610
vn -0.3709 -0.3440 0.8626
vn -0.4745 -0.0498 0.8788
vn -0.5324 0.2486 0.8092
vn -0.5384 0.5225 0.6611
vn -0.4916 0.7459 0.4494
vn -0.3964 0.8972 0.1946
vn -0.2622 0.9618 -0.0789
vn -0.1024 0.9330 -0.3451
vn 0.0665 0.8118 -0.5801
vn 0.2252 0.6114 -0.7586
vn 0.3611 0.3515 -0.8638
vn 0.4597 0.0522 -0.8865
vn 0.5075 -0.2521 -0.8239
vn 0.5809 -0.5151 -0.6303
vn 0.5321 -0.7379 -0.4151
vn 0.4344 -0.8869 -0.1572
vn 0.2953 -0.9482 0.1172
vn 0.1256 -0.9167 0.3794
vn -0.0596 -0.7962 0.6021
vn -0.2421 -0.5989 0.7633
vn -0.4032 -0.3444 0.8478
vn -0.5262 -0.0574 0.8484
vn -0.5984 0.2346 0.7661
vn -0.6122 0.5035 0.6096
vn -0.5661 0.7238 0.3945
vn -0.4645 0.8742 0.1416
vn -0.3173 0.9401 -0.1248
vn -0.1392 0.9142 -0.3807
vn 0.0523 0.7987 -0.5995
vn 0.2371 0.6055 -0.7597
vn 0.3935 0.3512 -0.8496
vn 0.5096 0.0595 -0.8583
vn 0.5749 -0.2402 -0.7822
vn 0.6526 -0.4906 -0.5774
vn 0.6048 -0.7107 -0.3592
vn 0.5004 -0.8595 -0.1037
vn 0.3479 -0.9233 0.1629
vn 0.1597 -0.8968 0.4126
vn -0.0470 -0.7835 0.6197
vn -0.2518 -0.5949 0.7634
vn -0.4338 -0.3495 0.8304
vn -0.5746 -0.0711 0.8154
vn -0.6596 0.2135 0.7206
vn -0.6804 0.4772 0.5562
vn -0.6347 0.6948 0.3383
vn -0.5268 0.8454 0.0881
vn -0.3674 0.9141 -0.1714
vn -0.1718 0.8940 -0.4139
vn 0.0399 0.7868 -0.6159
vn 0.2462 0.6010 -0.7604
vn 0.4261 0.3545 -0.8323
vn 0.5594 0.0723 -0.8258
vn 0.6369 -0.2199 -0.7389
vn 0.7182 -0.4593 -0.5227
vn 0.6711 -0.6771 -0.3020
vn 0.5603 -0.8268 -0.0498
vn 0.3951 -0.8947 0.2082
vn 0.1899 -0.8753 0.4448
vn -0.0364 -0.7713 0.6355
vn -0.2613 -0.5933 0.7614
vn -0.4621 -0.3587 0.8110
vn -0.6187 -0.0903 0.7804
vn -0.7152 0.1863 0.6736
vn -0.7420 0.4447 0.5017
vn -0.6963 0.6602 0.2816
vn -0.5827 0.8120 0.0340
vn -0.4118 0.8853 -0.2162
vn -0.2009 0.8728 -0.4449
vn 0.0292 0.7743 -0.6321
vn 0.2553 0.5989 -0.7590
vn 0.4544 0.3629 -0.8135
vn 0.6064 0.0893 -0.7901
vn 0.6961 -0.1920 -0.6918
vn 0.7767 -0.4224 -0.4673
vn 0.7299 -0.6383 -0.2447
vn 0.6131 -0.7900 0.0038
vn 0.4366 -0.8635 0.2525
vn 0.2161 -0.8528 0.4754
vn -0.0276 -0.7598 0.6496
vn -0.2703 -0.5939 0.7578
vn -0.4877 -0.3715 0.7900
vn -0.6581 -0.1139 0.7443
vn -0.7645 0.1543 0.6259
vn -0.7964 0.4074 0.4470
vn -0.7506 0.6212 0.2253
vn -0.6311 0.7755 -0.0184
vn -0.4508 0.8542 -0.2590
vn -0.2260 0.8502 -0.4755
vn 0.0204 0.7625 -0.6466
vn 0.2640 0.5990 -0.7560
vn 0.4800 0.3749 -0.7931
vn 0.6470 0.1121 -0.7542
vn 0.7482 -0.1613 -0.6436
vn 0.8272 -0.3811 -0.4128
vn 0.7809 -0.5958 -0.1878
vn 0.6587 -0.7503 0.0563
vn 0.4722 -0.8306 0.2954
vn 0.2383 -0.8299 0.5045
vn -0.0205 -0.7492 0.6621
vn -0.2785 -0.5966 0.7526
vn -0.5102 -0.3872 0.7680
vn -0.6925 -0.1410 0.7075
vn -0.8073 0.1185 0.5781
vn -0.8435 0.3663 0.3928
vn -0.7976 0.5789 0.1695
vn -0.6737 0.7358 -0.0695
vn -0.4841 0.8215 -0.3012
vn -0.2473 0.8272 -0.5045
vn 0.0134 0.7516 -0.6595
vn 0.2721 0.6011 -0.7514
vn 0.5028 0.3899 -0.7715
vn 0.6826 0.1385 -0.7175
vn 0.7936 -0.1272 -0.5950
vn 0.8710 -0.3364 -0.3581
vn 0.8241 -0.5508 -0.1323
vn 0.6972 -0.7088 0.1072
vn 0.5020 -0.7967 0.3365
vn 0.2567 -0.8071 0.5317
vn -0.0149 -0.7396 0.6729
vn -0.2860 -0.6011 0.7462
vn -0.5297 -0.4052 0.7451
vn -0.7219 -0.1708 0.6705
vn -0.8439 0.0799 0.5306
vn -0.8835 0.3228 0.3394
vn -0.8370 0.5349 0.1155
vn -0.7092 0.6950 -0.1186
vn -0.5120 0.7881 -0.3415
vn -0.2649 0.8045 -0.5316
vn 0.0079 0.7417 -0.6707
vn 0.2795 0.6050 -0.7456
vn 0.5226 0.4072 -0.7490
vn 0.7133 0.1678 -0.6805
vn 0.8331 -0.0891 -0.5459
vn 0.9071 -0.2909 -0.3044
vn 0.8599 -0.5044 -0.0783
vn 0.7290 -0.6665 0.1562
vn 0.5265 -0.7628 0.3756
vn 0.2716 -0.7848 0.5571
vn -0.0107 -0.7311 0.6822
vn -0.2926 -0.6072 0.7387
vn -0.5463 -0.4252 0.7216
vn -0.7467 -0.2026 0.6335
vn -0.8743 0.0393 0.4837
vn -0.9168 0.2774 0.2872
vn -0.8699 0.4891 0.0631
vn -0.7385 0.6534 -0.1663
vn -0.5349 0.7547 -0.3799
vn -0.2792 0.7823 -0.5569
vn 0.0038 0.7329 -0.6803
vn 0.2860 0.6105 -0.7386
vn 0.5395 0.4266 -0.7259
vn 0.7392 0.1992 -0.6434
vn 0.8656 -0.0485 -0.4983
vn 0.9364 -0.2442 -0.2521
vn 0.8889 -0.4574 -0.0261
vn 0.7545 -0.6240 0.2032
vn 0.5460 -0.7291 0.4126
vn 0.2834 -0.7633 0.5806
vn -0.0076 -0.7238 0.6899
vn -0.2983 -0.6148 0.7301
vn -0.5600 -0.4468 0.6977
vn -0.7670 -0.2360 0.5967
vn -0.8992 -0.0026 0.4375
vn -0.9438 0.2311 0.2362
vn -0.8965 0.4428 0.0123
vn -0.7621 0.6117 -0.2122
vn -0.5532 0.7215 -0.4163
vn -0.2904 0.7609 -0.5803
vn 0.0009 0.7253 -0.6884
vn 0.2918 0.6175 -0.7304
vn 0.5536 0.4476 -0.7023
vn 0.7605 0.2322 -0.6064
vn 0.8922 -0.0066 -0.4515
vn 0.9595 -0.1970 -0.2012
vn 0.9116 -0.4103 0.0244
vn 0.7745 -0.5819 0.2482
vn 0.5611 -0.6962 0.4477
vn 0.2923 -0.7429 0.6022
vn -0.0055 -0.7178 0.6962
vn -0.3031 -0.6237 0.7205
vn -0.5710 -0.4698 0.6733
vn -0.7831 -0.2707 0.5599
vn -0.9188 -0.0455 0.3920
vn -0.9651 0.1842 0.1864
vn -0.9174 0.3963 -0.0369
vn -0.7804 0.5703 -0.2563
vn -0.5674 0.6891 -0.4508
vn -0.2989 0.7405 -0.6019
vn -0.0011 0.7190 -0.6950
vn 0.2967 0.6259 -0.7213
vn 0.5651 0.4699 -0.6781
vn 0.7776 0.2665 -0.5696
vn 0.9134 0.0363 -0.4055
vn 0.9771 -0.1496 -0.1516
vn 0.9287 -0.3634 0.0732
vn 0.7893 -0.5405 0.2913
vn 0.5723 -0.6643 0.4808
vn 0.2988 -0.7236 0.6222
vn -0.0043 -0.7131 0.7010
vn -0.3069 -0.6340 0.7098
vn -0.5795 -0.4939 0.6483
vn -0.7953 -0.3062 0.5231
vn -0.9336 -0.0890 0.3471
vn -0.9809 0.1371 0.1377
vn -0.9329 0.3500 -0.0846
vn -0.7941 0.5294 -0.2986
vn -0.5778 0.6575 -0.4835
vn -0.3050 0.7214 -0.6218
vn -0.0023 0.7140 -0.7001
vn 0.3006 0.6356 -0.7110
vn 0.5740 0.4935 -0.6535
vn 0.7907 0.3016 -0.5328
vn 0.9295 0.0797 -0.3601
vn 0.9894 -0.1022 -0.1030
vn 0.9407 -0.3171 0.1205
vn 0.7996 -0.4998 0.3328
vn 0.5799 -0.6335 0.5122
vn 0.3031 -0.7057 0.6404
vn -0.0036 -0.7098 0.7044
vn -0.3098 -0.6456 0.6981
vn -0.5855 -0.5191 0.6227
vn -0.8039 -0.3426 0.4862
vn -0.9438 -0.1329 0.3025
vn -0.9919 0.0898 0.0898
vn -0.9436 0.3041 -0.1312
vn -0.8034 0.4893 -0.3394
vn -0.5848 0.6270 -0.5146
vn -0.3091 0.7035 -0.6400
vn -0.0029 0.7104 -0.7038
vn 0.3036 0.6467 -0.6997
vn 0.5804 0.5181 -0.6282
vn 0.8000 0.3376 -0.4960
vn 0.9409 0.1235 -0.3153
vn 0.9970 -0.0550 -0.0552
vn 0.9479 -0.2713 0.1667
vn 0.8058 -0.4602 0.3728
vn 0.5844 -0.6039 0.5421
vn 0.3055 -0.6891 0.6571
vn -0.0033 -0.7079 0.7063
vn -0.3115 -0.6584 0.6852
vn -0.5890 -0.5455 0.5963
vn -0.8088 -0.3798 0.4489
vn -0.9497 -0.1773 0.2580
vn -0.9982 0.0425 0.0424
vn -0.9496 0.2586 -0.1769
vn -0.8087 0.4499 -0.3789
vn -0.5889 0.5976 -0.5441
vn -0.3114 0.6868 -0.6567
vn -0.0032 0.7082 -0.7060
vn 0.3055 0.6590 -0.6873
vn 0.5844 0.5439 -0.6022
vn 0.8058 0.3743 -0.4589
vn 0.9479 0.1677 -0.2707
vn 0.9999 -0.0079 -0.0079
vn 0.9507 -0.2261 0.2120
vn 0.8081 -0.4214 0.4116
vn 0.5859 -0.5755 0.5705
vn 0.3063 -0.6739 0.6724
vn -0.0032 -0.7073 0.7069
vn -0.3121 -0.6726 0.6710
vn -0.5901 -0.5729 0.5688
vn -0.8103 -0.4178 0.4110
vn -0.9514 -0.2222 0.2133
vn -1.0000 -0.0048 -0.0047
vn -0.9514 0.2135 -0.2219
vn -0.8103 0.4114 -0.4174
vn -0.5901 0.5693 -0.5724
vn -0.3121 0.6715 -0.6721
vn -0.0032 0.7073 -0.7069
vn 0.3063 0.6727 -0.6736
vn 0.5859 0.5707 -0.5753
vn 0.8080 0.4117 -0.4214
vn 0.9507 0.2121 -0.2262
vn 0.9985 0.0391 0.0392
vn 0.9493 -0.1815 0.2568
vn 0.8067 -0.3836 0.4496
vn 0.5848 -0.5483 0.5979
vn 0.3056 -0.6600 0.6863
vn -0.0033 -0.7082 0.7060
vn -0.3113 -0.6880 0.6555
vn -0.5885 -0.6015 0.5402
vn -0.8081 -0.4566 0.3721
vn -0.9488 -0.2674 0.1680
vn -0.9973 -0.0520 -0.0520
vn -0.9489 0.1688 -0.2666
vn -0.8082 0.3736 -0.4552
vn -0.5887 0.5422 -0.5996
vn -0.3114 0.6575 -0.6861
vn -0.0032 0.7079 -0.7063
vn 0.3057 0.6876 -0.6586
vn 0.5849 0.5986 -0.5473
vn 0.8068 0.4498 -0.3831
vn 0.9493 0.2568 -0.1813
vn 0.9925 0.0859 0.0865
vn 0.9435 -0.1374 0.3014
vn 0.8017 -0.3467 0.4869
vn 0.5810 -0.5223 0.6242
vn 0.3036 -0.6475 0.6990
vn -0.0032 -0.7104 0.7037
vn -0.3090 -0.7049 0.6385
vn -0.5842 -0.6312 0.5102
vn -0.8021 -0.4963 0.3321
vn -0.9418 -0.3131 0.1219
vn -0.9900 -0.0993 -0.0997
vn -0.9421 0.1245 -0.3113
vn -0.8026 0.3366 -0.4925
vn -0.5847 0.5161 -0.6259
vn -0.3094 0.6449 -0.6989
vn -0.0033 0.7098 -0.7044
vn 0.3036 0.7039 -0.6422
vn 0.5812 0.6276 -0.5180
vn 0.8019 0.4887 -0.3438
vn 0.9437 0.3018 -0.1358
vn 0.9820 0.1326 0.1346
vn 0.9335 -0.0940 0.3460
vn 0.7931 -0.3107 0.5239
vn 0.5748 -0.4975 0.6497
vn 0.3004 -0.6364 0.7105
vn -0.0027 -0.7141 0.7000
vn -0.3049 -0.7230 0.6199
vn -0.5768 -0.6620 0.4786
vn -0.7921 -0.5367 0.2907
vn -0.9302 -0.3593 0.0747
vn -0.9780 -0.1466 -0.1482
vn -0.9309 0.0806 -0.3561
vn -0.7933 0.3004 -0.5295
vn -0.5783 0.4911 -0.6515
vn -0.3063 0.6335 -0.7105
vn -0.0038 0.7131 -0.7011
vn 0.2999 0.7214 -0.6242
vn 0.5746 0.6576 -0.4873
vn 0.7931 0.5282 -0.3033
vn 0.9335 0.3472 -0.0894
vn 0.9667 0.1789 0.1832
vn 0.9190 -0.0511 0.3910
vn 0.7807 -0.2758 0.5607
vn 0.5660 -0.4739 0.6746
vn 0.2962 -0.6267 0.7208
vn -0.0018 -0.7192 0.6948
vn -0.2988 -0.7424 0.5996
vn -0.5660 -0.6938 0.4452
vn -0.7777 -0.5779 0.2475
vn -0.9136 -0.4057 0.0260
vn -0.9609 -0.1937 -0.1977
vn -0.9151 0.0372 -0.4016
vn -0.7803 0.2651 -0.5664
vn -0.5693 0.4673 -0.6764
vn -0.3021 0.6235 -0.7211
vn -0.0047 0.7177 -0.6963
vn 0.2942 0.7402 -0.6046
vn 0.5648 0.6886 -0.4548
vn 0.7802 0.5684 -0.2612
vn 0.9187 0.3928 -0.0420
vn 0.9461 0.2248 0.2329
vn 0.8997 -0.0091 0.4365
vn 0.7645 -0.2419 0.5975
vn 0.5545 -0.4517 0.6989
vn 0.2908 -0.6184 0.7301
vn -0.0003 -0.7257 0.6880
vn -0.2904 -0.7631 0.5774
vn -0.5514 -0.7266 0.4098
vn -0.7584 -0.6196 0.2024
vn -0.8916 -0.4522 -0.0243
vn -0.9383 -0.2405 -0.2484
vn -0.8942 -0.0054 -0.4477
vn -0.7632 0.2309 -0.6035
vn -0.5576 0.4448 -0.7009
vn -0.2969 0.6149 -0.7306
vn -0.0062 0.7238 -0.6900
vn 0.2862 0.7602 -0.5832
vn 0.5514 0.7205 -0.4206
vn 0.7628 0.6090 -0.2174
vn 0.8988 0.4384 0.0070
vn 0.9200 0.2701 0.2838
vn 0.8752 0.0318 0.4827
vn 0.7441 -0.2094 0.6344
vn 0.5403 -0.4310 0.7227
vn 0.2845 -0.6116 0.7382
vn 0.0022 -0.7336 0.6795
vn -0.2792 -0.7849 0.5532
vn -0.5326 -0.7601 0.3723
vn -0.7337 -0.6615 0.1553
vn -0.8635 -0.4985 -0.0764
vn -0.9097 -0.2865 -0.3006
vn -0.8679 -0.0469 -0.4946
vn -0.7418 0.1980 -0.6407
vn -0.5431 0.4238 -0.7249
vn -0.2907 0.6078 -0.7390
vn -0.0085 0.7312 -0.6822
vn 0.2758 0.7813 -0.5600
vn 0.5341 0.7530 -0.3843
vn 0.7404 0.6499 -0.1718
vn 0.8733 0.4837 0.0574
vn 0.8879 0.3142 0.3360
vn 0.8452 0.0712 0.5296
vn 0.7192 -0.1787 0.6714
vn 0.5232 -0.4121 0.7459
vn 0.2772 -0.6066 0.7451
vn 0.0057 -0.7429 0.6694
vn -0.2650 -0.8075 0.5270
vn -0.5090 -0.7939 0.3327
vn -0.7031 -0.7031 0.1061
vn -0.8289 -0.5440 -0.1304
vn -0.8748 -0.3313 -0.3536
vn -0.8358 -0.0864 -0.5422
vn -0.7157 0.1669 -0.6781
vn -0.5257 0.4046 -0.7483
vn -0.2834 0.6022 -0.7463
vn -0.0119 0.7399 -0.6727
vn 0.2625 0.8032 -0.5347
vn 0.5125 0.7859 -0.3460
vn 0.7118 0.6913 -0.1243
vn 0.8418 0.5283 0.1108
vn 0.8493 0.3564 0.3895
vn 0.8093 0.1084 0.5772
vn 0.6896 -0.1503 0.7084
vn 0.5031 -0.3954 0.7684
vn 0.2690 -0.6033 0.7507
vn 0.0105 -0.7534 0.6575
vn -0.2475 -0.8307 0.4987
vn -0.4803 -0.8275 0.2908
vn -0.6661 -0.7439 0.0549
vn -0.7873 -0.5878 -0.1860
vn -0.8326 -0.3744 -0.4082
vn -0.7972 -0.1237 -0.5909
vn -0.6848 0.1382 -0.7155
vn -0.5052 0.3875 -0.7711
vn -0.2752 0.5985 -0.7524
vn -0.0164 0.7498 -0.6614
vn 0.2461 0.8258 -0.5075
vn 0.4861 0.8188 -0.3055
vn 0.6779 0.7312 -0.0759
vn 0.8045 0.5706 0.1650
vn 0.8038 0.3960 0.4440
vn 0.7672 0.1428 0.6253
vn 0.6551 -0.1248 0.7452
vn 0.4800 -0.3814 0.7900
vn 0.2600 -0.6022 0.7549
vn 0.0169 -0.7651 0.6437
vn -0.2262 -0.8541 0.4684
vn -0.4461 -0.8602 0.2470
vn -0.6223 -0.7828 0.0018
vn -0.7383 -0.6291 -0.2430
vn -0.7833 -0.4141 -0.4637
vn -0.7523 -0.1577 -0.6396
vn -0.6489 0.1126 -0.7525
vn -0.4817 0.3732 -0.7929
vn -0.2660 0.5969 -0.7569
vn -0.0223 0.7610 -0.6484
vn 0.2262 0.8486 -0.4782
vn 0.4527 0.8519 -0.2633
vn 0.6376 0.7701 -0.0226
vn 0.7597 0.6116 0.2208
vn 0.7511 0.4320 0.4993
vn 0.7187 0.1732 0.6734
vn 0.6156 -0.1031 0.7812
vn 0.4539 -0.3706 0.8103
vn 0.2504 -0.6033 0.7572
vn 0.0250 -0.7779 0.6279
vn -0.2009 -0.8772 0.4361
vn -0.4061 -0.8913 0.2014
vn -0.5716 -0.8189 -0.0525
vn -0.6819 -0.6667 -0.3009
vn -0.7266 -0.4496 -0.5195
vn -0.7018 -0.1877 -0.6872
vn -0.6084 0.0922 -0.7883
vn -0.4551 0.3621 -0.8135
vn -0.2562 0.5975 -0.7599
vn -0.0297 0.7733 -0.6334
vn 0.2003 0.8717 -0.4472
vn 0.4152 0.8831 -0.2183
vn 0.5923 0.8051 0.0313
vn 0.7077 0.6495 0.2779
vn 0.6911 0.4632 0.5549
vn 0.6638 0.1986 0.7211
vn 0.5715 -0.0861 0.8161
vn 0.4253 -0.3637 0.8288
vn 0.2405 -0.6069 0.7576
vn 0.0351 -0.7915 0.6101
vn -0.1716 -0.8994 0.4020
vn -0.3605 -0.9199 0.1545
vn -0.5141 -0.8510 -0.1077
vn -0.6182 -0.6993 -0.3589
vn -0.6630 -0.4796 -0.5748
vn -0.6442 -0.2130 -0.7346
vn -0.5634 0.0757 -0.8227
vn -0.4263 0.3566 -0.8313
vn -0.2459 0.6006 -0.7608
vn -0.0415 0.7861 -0.6166
vn 0.1721 0.8940 -0.4136
vn 0.3746 0.9112 -0.1714
vn 0.5387 0.8381 0.0862
vn 0.6483 0.6833 0.3359
vn 0.6242 0.4883 0.6099
vn 0.6031 0.2178 0.7673
vn 0.5232 -0.0747 0.8490
vn 0.3945 -0.3611 0.8450
vn 0.2306 -0.6131 0.7556
vn 0.0474 -0.8058 0.5903
vn -0.1383 -0.9201 0.3665
vn -0.3094 -0.9449 0.1068
vn -0.4502 -0.8779 -0.1629
vn -0.5479 -0.7256 -0.4162
vn -0.5932 -0.5028 -0.6288
vn -0.5816 -0.2309 -0.7800
vn -0.5138 0.0638 -0.8555
vn -0.3957 0.3540 -0.8474
vn -0.2386 0.6075 -0.7576
vn -0.0535 0.8002 -0.5973
vn 0.1430 0.9147 -0.3781
vn 0.3262 0.9372 -0.1237
vn 0.4784 0.8666 0.1419
vn 0.5816 0.7116 0.3942
vn 0.5511 0.5061 0.6634
vn 0.5375 0.2298 0.8114
vn 0.4716 -0.0697 0.8790
vn 0.3624 -0.3633 0.8583
vn 0.2214 -0.6221 0.7510
vn 0.0620 -0.8203 0.5685
vn -0.1012 -0.9386 0.3298
vn -0.2535 -0.9655 0.0589
vn -0.3810 -0.8987 -0.2173
vn -0.4721 -0.7445 -0.4720
vn -0.5183 -0.5181 -0.6804
vn -0.5149 -0.2411 -0.8226
vn -0.4617 0.0596 -0.8850
vn -0.3628 0.3548 -0.8617
vn -0.2264 0.6153 -0.7551
vn -0.0646 0.8151 -0.5758
vn 0.1075 0.9337 -0.3415
vn 0.2726 0.9592 -0.0751
vn 0.4118 0.8896 0.1977
vn 0.5083 0.7332 0.4518
vn 0.4732 0.5155 0.7144
vn 0.4683 0.2337 0.8521
vn 0.4182 -0.0716 0.9055
vn 0.3301 -0.3706 0.8681
vn 0.2135 -0.6336 0.7436
vn 0.0792 -0.8348 0.5449
vn -0.0606 -0.9544 0.2924
vn -0.1936 -0.9810 0.0115
vn -0.3076 -0.9124 -0.2701
vn -0.3925 -0.7552 -0.5251
vn -0.4401 -0.5247 -0.7287
vn -0.4457 -0.2430 -0.8615
vn -0.4082 0.0625 -0.9108
vn -0.3301 0.3622 -0.8717
vn -0.2177 0.6267 -0.7482
vn -0.0807 0.8296 -0.5525
vn 0.0684 0.9503 -0.3038
vn 0.2141 0.9764 -0.0265
vn 0.3396 0.9060 0.2527
vn 0.4294 0.7469 0.5076
vn 0.3924 0.5158 0.7615
vn 0.3975 0.2291 0.8886
vn 0.3644 -0.0806 0.9277
vn 0.2987 -0.3828 0.8742
vn 0.2074 -0.6475 0.7333
vn 0.0988 -0.8487 0.5196
vn -0.0173 -0.9669 0.2547
vn -0.1308 -0.9908 -0.0348
vn -0.2317 -0.9185 -0.3205
vn -0.3106 -0.7571 -0.5747
vn -0.3603 -0.5222 -0.7729
vn -0.3758 -0.2365 -0.8960
vn -0.3548 0.0724 -0.9321
vn -0.2984 0.3747 -0.8778
vn -0.2108 0.6407 -0.7383
vn -0.0992 0.8439 -0.5273
vn 0.0260 0.9638 -0.2655
vn 0.1519 0.9882 0.0215
vn 0.2634 0.9149 0.3058
vn 0.3467 0.7520 0.5606
vn 0.3108 0.5070 0.8040
vn 0.3270 0.2161 0.9200
vn 0.3120 -0.0964 0.9452
vn 0.2693 -0.3995 0.8763
vn 0.2036 -0.6632 0.7202
vn 0.1209 -0.8617 0.4929
vn 0.0282 -0.9757 0.2173
vn -0.0664 -0.9946 -0.0793
vn -0.1547 -0.9169 -0.3678
vn -0.2285 -0.7503 -0.6203
vn -0.2810 -0.5110 -0.8124
vn -0.3069 -0.2219 -0.9255
vn -0.3030 0.0890 -0.9488
vn -0.2687 0.3917 -0.8800
vn -0.2061 0.6566 -0.7255
vn -0.1203 0.8573 -0.5006
vn -0.0189 0.9737 -0.2271
vn 0.0870 0.9939 0.0680
vn 0.1849 0.9160 0.3561
vn 0.2624 0.7481 0.6095
vn 0.2307 0.4896 0.8409
vn 0.2588 0.1954 0.9460
vn 0.2625 -0.1182 0.9577
vn 0.2430 -0.4199 0.8744
vn 0.2027 -0.6801 0.7046
vn 0.1451 -0.8732 0.4653
vn 0.0750 -0.9807 0.1805
vn -0.0017 -0.9926 -0.1216
vn -0.0783 -0.9080 -0.4115
vn -0.1480 -0.7354 -0.6612
vn -0.2040 -0.4916 -0.8466
vn -0.2408 -0.1999 -0.9498
vn -0.2542 0.1115 -0.9607
vn -0.2421 0.4126 -0.8782
vn -0.2043 0.6738 -0.7101
vn -0.1437 0.8694 -0.4727
vn -0.0657 0.9797 -0.1893
vn 0.0210 0.9935 0.1123
vn 0.1060 0.9092 0.4026
vn 0.1785 0.7355 0.6536
vn 0.1540 0.4645 0.8721
vn 0.1946 0.1682 0.9664
vn 0.2170 -0.1447 0.9654
vn 0.2203 -0.4431 0.8690
vn 0.2047 -0.6974 0.6868
vn 0.1712 -0.8829 0.4372
vn 0.1225 -0.9818 0.1450
vn 0.0624 -0.9850 -0.1611
vn -0.0039 -0.8924 -0.4512
vn -0.0704 -0.7134 -0.6973
vn -0.1307 -0.4651 -0.8755
vn -0.1789 -0.1717 -0.9688
vn -0.2096 0.1388 -0.9679
vn -0.2191 0.4362 -0.8728
vn -0.2054 0.6916 -0.6924
vn -0.1691 0.8797 -0.4443
vn -0.1135 0.9817 -0.1527
vn -0.0448 0.9871 0.1537
vn 0.0285 0.8952 0.4448
vn 0.0972 0.7151 0.6923
vn 0.0822 0.4334 0.8975
vn 0.1356 0.1359 0.9814
vn 0.1764 -0.1748 0.9687
vn 0.2017 -0.4679 0.8605
vn 0.2095 -0.7145 0.6676
vn 0.1987 -0.8905 0.4093
vn 0.1697 -0.9792 0.1112
vn 0.1246 -0.9724 -0.1974
vn 0.0673 -0.8711 -0.4866
vn 0.0029 -0.6853 -0.7283
vn -0.0623 -0.4331 -0.8992
vn -0.1220 -0.1387 -0.9828
vn -0.1697 0.1694 -0.9708
vn -0.2002 0.4615 -0.8642
vn -0.2095 0.7092 -0.6731
vn -0.1962 0.8879 -0.4160
vn -0.1613 0.9798 -0.1180
vn -0.1091 0.9754 0.1916
vn -0.0461 0.8749 0.4822
vn 0.0200 0.6881 0.7254
vn 0.0162 0.3978 0.9173
vn 0.0822 0.1003 0.9915
vn 0.1408 -0.2068 0.9682
vn 0.1871 -0.4932 0.8496
vn 0.2169 -0.7305 0.6475
vn 0.2270 -0.8958 0.3822
vn 0.2160 -0.9731 0.0798
vn 0.1843 -0.9555 -0.2301
vn 0.1346 -0.8451 -0.5174
vn 0.0714 -0.6527 -0.7543
vn 0.0006 -0.3970 -0.9178
vn -0.0705 -0.1027 -0.9922
vn -0.1347 0.2020 -0.9701
vn -0.1852 0.4874 -0.8533
vn -0.2162 0.7259 -0.6530
vn -0.2242 0.8938 -0.3885
vn -0.2084 0.9743 -0.0856
vn -0.1708 0.9591 0.2256
vn -0.1166 0.8495 0.5146
vn -0.0520 0.6560 0.7530
vn -0.0437 0.3595 0.9321
vn 0.0346 0.0630 0.9974
vn 0.1101 -0.2395 0.9646
vn 0.1760 -0.5180 0.8371
vn 0.2262 -0.7451 0.6274
vn 0.2556 -0.8986 0.3566
vn 0.2608 -0.9640 0.0512
vn 0.2409 -0.9354 -0.2589
vn 0.1975 -0.8158 -0.5436
vn 0.1345 -0.6170 -0.7754
vn 0.0580 -0.3584 -0.9318
vn -0.0245 -0.0649 -0.9976
vn -0.1046 0.2352 -0.9663
vn -0.1738 0.5129 -0.8407
vn -0.2250 0.7410 -0.6327
vn -0.2526 0.8971 -0.3624
vn -0.2540 0.9656 -0.0563
vn -0.2294 0.9392 0.2555
vn -0.1823 0.8204 0.5420
vn -0.1183 0.6206 0.7752
vn -0.0978 0.3201 0.9423
vn -0.0076 0.0253 0.9997
vn 0.0838 -0.2717 0.9587
vn 0.1679 -0.5416 0.8237
vn 0.2369 -0.7578 0.6080
vn 0.2837 -0.8992 0.3331
vn 0.3035 -0.9525 0.0259
vn 0.2940 -0.9128 -0.2835
vn 0.2558 -0.7843 -0.5652
vn 0.1924 -0.5797 -0.7918
vn 0.1099 -0.3189 -0.9414
vn 0.0164 -0.0270 -0.9995
vn -0.0786 0.2679 -0.9602
vn -0.1655 0.5370 -0.8272
vn -0.2352 0.7543 -0.6130
vn -0.2807 0.8982 -0.3384
vn -0.2974 0.9543 -0.0303
vn -0.2842 0.9167 0.2809
vn -0.2431 0.7889 0.5644
vn -0.1788 0.5833 0.7923
vn -0.1465 0.2809 0.9485
vn -0.0451 -0.0115 0.9989
vn 0.0610 -0.3025 0.9512
vn 0.1620 -0.5633 0.8102
vn 0.2480 -0.7684 0.5899
vn 0.3107 -0.8978 0.3122
vn 0.3436 -0.9391 0.0043
vn 0.3433 -0.8887 -0.3038
vn 0.3095 -0.7519 -0.5821
vn 0.2452 -0.5421 -0.8037
vn 0.1568 -0.2796 -0.9472
vn 0.0529 0.0101 -0.9985
vn -0.0561 0.2991 -0.9526
vn -0.1593 0.5593 -0.8135
vn -0.2461 0.7654 -0.5946
vn -0.3078 0.8970 -0.3171
vn -0.3384 0.9410 -0.0082
vn -0.3351 0.8926 0.3017
vn -0.2989 0.7564 0.5819
vn -0.2339 0.5455 0.8048
vn -0.1907 0.2430 0.9511
vn -0.0789 -0.0464 0.9958
vn 0.0409 -0.3311 0.9427
vn 0.1572 -0.5829 0.7972
vn 0.2590 -0.7770 0.5737
vn 0.3362 -0.8946 0.2944
vn 0.3810 -0.9245 -0.0134
vn 0.3888 -0.8641 -0.3196
vn 0.3588 -0.7196 -0.5945
vn 0.2936 -0.5052 -0.8116
vn 0.1995 -0.2417 -0.9496
vn 0.0859 0.0453 -0.9953
vn -0.0362 0.3282 -0.9439
vn -0.1544 0.5794 -0.8003
vn -0.2568 0.7745 -0.5781
vn -0.3333 0.8942 -0.2989
vn -0.3764 0.9264 0.0099
vn -0.3819 0.8678 0.3179
vn -0.3499 0.7238 0.5947
vn -0.2840 0.5085 0.8129
vn -0.2310 0.2072 0.9506
vn -0.1097 -0.0790 0.9908
vn 0.0225 -0.3574 0.9337
vn 0.1529 -0.6002 0.7851
vn 0.2691 -0.7838 0.5597
vn 0.3595 -0.8902 0.2799
vn 0.4152 -0.9093 -0.0270
vn 0.4306 -0.8396 -0.3310
vn 0.4040 -0.6882 -0.6026
vn 0.3379 -0.4699 -0.8155
vn 0.2387 -0.2059 -0.9490
vn 0.1160 0.0782 -0.9902
vn -0.0179 0.3548 -0.9348
vn -0.1499 0.5972 -0.7879
vn -0.2667 0.7817 -0.5638
vn -0.3568 0.8899 -0.2841
vn -0.4112 0.9112 0.0238
vn -0.4248 0.8432 0.3296
vn -0.3966 0.6922 0.6030
vn -0.3298 0.4730 0.8170
vn -0.2683 0.1740 0.9475
vn -0.1386 -0.1089 0.9843
vn 0.0049 -0.3810 0.9246
vn 0.1483 -0.6154 0.7742
vn 0.2776 -0.7890 0.5481
vn 0.3803 -0.8850 0.2687
vn 0.4462 -0.8942 -0.0367
vn 0.4687 -0.8160 -0.3382
vn 0.4455 -0.6584 -0.6066
vn 0.3788 -0.4367 -0.8159
vn 0.2750 -0.1726 -0.9458
vn 0.1443 0.1083 -0.9836
vn -0.0005 0.3789 -0.9254
vn -0.1451 0.6128 -0.7768
vn -0.2752 0.7872 -0.5519
vn -0.3777 0.8849 -0.2727
vn -0.4427 0.8960 0.0337
vn -0.4638 0.8194 0.3369
vn -0.4394 0.6622 0.6071
vn -0.3719 0.4397 0.8175
vn -0.3034 0.1436 0.9420
vn -0.1661 -0.1361 0.9767
vn -0.0125 -0.4022 0.9155
vn 0.1426 -0.6286 0.7645
vn 0.2841 -0.7930 0.5389
vn 0.3983 -0.8794 0.2608
vn 0.4739 -0.8796 -0.0425
vn 0.5034 -0.7938 -0.3414
vn 0.4838 -0.6306 -0.6069
vn 0.4169 -0.4061 -0.8132
vn 0.3093 -0.1421 -0.9403
vn 0.1714 0.1357 -0.9758
vn 0.0167 0.4004 -0.9162
vn -0.1394 0.6264 -0.7669
vn -0.2817 0.7914 -0.5425
vn -0.3959 0.8794 -0.2645
vn -0.4709 0.8813 0.0396
vn -0.4993 0.7969 0.3401
vn -0.4786 0.6342 0.6073
vn -0.4110 0.4090 0.8147
vn -0.3367 0.1159 0.9344
vn -0.1930 -0.1606 0.9680
vn -0.0304 -0.4212 0.9065
vn 0.1354 -0.6403 0.7561
vn 0.2883 -0.7962 0.5319
vn 0.4134 -0.8739 0.2558
vn 0.4983 -0.8658 -0.0449
vn 0.5347 -0.7732 -0.3410
vn 0.5190 -0.6051 -0.6037
vn 0.4526 -0.3782 -0.8076
vn 0.3420 -0.1144 -0.9327
vn 0.1979 0.1604 -0.9670
vn 0.0347 0.4206 -0.9066
vn -0.1311 0.6390 -0.7579
vn -0.2847 0.7956 -0.5348
vn -0.4098 0.8746 -0.2590
vn -0.4948 0.8680 0.0416
vn -0.5313 0.7761 0.3398
vn -0.5146 0.6085 0.6041
vn -0.4475 0.3810 0.8091
vn -0.3689 0.0909 0.9250
vn -0.2197 -0.1828 0.9583
vn -0.0491 -0.4384 0.8975
vn 0.1265 -0.6508 0.7487
vn 0.2900 -0.7991 0.5267
vn 0.4254 -0.8688 0.2534
vn 0.5195 -0.8533 -0.0444
vn 0.5629 -0.7544 -0.3376
vn 0.5515 -0.5819 -0.5977
vn 0.4863 -0.3527 -0.7994
vn 0.3735 -0.0893 -0.9233
vn 0.2243 0.1833 -0.9571
vn 0.0527 0.4378 -0.8975
vn -0.1239 0.6489 -0.7507
vn -0.2881 0.7976 -0.5299
vn -0.4238 0.8685 -0.2570
vn -0.5169 0.8551 0.0409
vn -0.5592 0.7576 0.3365
vn -0.5475 0.5857 0.5977
vn -0.4819 0.3555 0.8009
vn -0.4000 0.0680 0.9140
vn -0.2465 -0.2031 0.9476
vn -0.0688 -0.4542 0.8882
vn 0.1158 -0.6606 0.7418
vn 0.2892 -0.8019 0.5228
vn 0.4345 -0.8645 0.2528
vn 0.5376 -0.8422 -0.0416
vn 0.5883 -0.7375 -0.3316
vn 0.5816 -0.5609 -0.5891
vn 0.5182 -0.3297 -0.7892
vn 0.4043 -0.0661 -0.9122
vn 0.2504 0.2036 -0.9465
vn 0.0722 0.4531 -0.8885
vn -0.1130 0.6590 -0.7436
vn -0.2871 0.8007 -0.5258
vn -0.4329 0.8642 -0.2563
vn -0.5360 0.8433 0.0386
vn -0.5863 0.7398 0.3300
vn -0.5786 0.5643 0.5889
vn -0.5143 0.3327 0.7904
vn -0.4304 0.0469 0.9014
vn -0.2733 -0.2221 0.9359
vn -0.0895 -0.4692 0.8785
vn 0.1031 -0.6702 0.7350
vn 0.2858 -0.8052 0.5196
vn 0.4408 -0.8611 0.2535
vn 0.5528 -0.8325 -0.0371
vn 0.6110 -0.7224 -0.3238
vn 0.6095 -0.5418 -0.5787
vn 0.5486 -0.3085 -0.7771
vn 0.4339 -0.0450 -0.8998
vn 0.2770 0.2224 -0.9348
vn 0.0929 0.4684 -0.8786
vn -0.1003 0.6688 -0.7366
vn -0.2837 0.8041 -0.5224
vn -0.4391 0.8609 -0.2569
vn -0.5513 0.8336 0.0341
vn -0.6092 0.7246 0.3221
vn -0.6072 0.5446 0.5785
vn -0.5457 0.3114 0.7780
vn -0.4601 0.0269 0.8875
vn -0.3003 -0.2403 0.9231
vn -0.1112 -0.4840 0.8680
vn 0.0889 -0.6800 0.7278
vn 0.2803 -0.8092 0.5164
vn 0.4445 -0.8588 0.2546
vn 0.5654 -0.8242 -0.0318
vn 0.6312 -0.7089 -0.3148
vn 0.6354 -0.5244 -0.5669
vn 0.5776 -0.2888 -0.7636
vn 0.4633 -0.0251 -0.8858
vn 0.3038 0.2408 -0.9218
vn 0.1146 0.4834 -0.8679
vn -0.0859 0.6789 -0.7292
vn -0.2780 0.8083 -0.5191
vn -0.4428 0.8587 -0.2579
vn -0.5640 0.8253 0.0288
vn -0.6296 0.7111 0.3129
vn -0.6334 0.5271 0.5665
vn -0.5749 0.2915 0.7645
vn -0.4890 0.0076 0.8723
vn -0.3272 -0.2584 0.9089
vn -0.1335 -0.4990 0.8563
vn 0.0733 -0.6905 0.7196
vn 0.2729 -0.8142 0.5125
vn 0.4461 -0.8578 0.2554
vn 0.5757 -0.8172 -0.0264
vn 0.6492 -0.6967 -0.3053
vn 0.6594 -0.5080 -0.5542
vn 0.6052 -0.2699 -0.7489
vn 0.4920 -0.0056 -0.8706
vn 0.3307 0.2592 -0.9075
vn 0.1369 0.4987 -0.8559
vn -0.0702 0.6897 -0.7207
vn -0.2705 0.8134 -0.5150
vn -0.4442 0.8578 -0.2586
vn -0.5743 0.8183 0.0233
vn -0.6478 0.6988 0.3033
vn -0.6576 0.5108 0.5537
vn -0.6028 0.2726 0.7498
vn -0.5170 -0.0117 0.8559
vn -0.3539 -0.2769 0.8934
vn -0.1562 -0.5148 0.8430
vn 0.0567 -0.7021 0.7099
vn 0.2641 -0.8203 0.5072
vn 0.4458 -0.8580 0.2551
vn 0.5840 -0.8114 -0.0217
vn 0.6653 -0.6854 -0.2960
vn 0.6816 -0.4924 -0.5413
vn 0.6315 -0.2514 -0.7335
vn 0.5197 0.0140 -0.8543
vn 0.3571 0.2781 -0.8917
vn 0.1597 0.5148 -0.8423
vn -0.0535 0.7015 -0.7107
vn -0.2615 0.8197 -0.5095
vn -0.4439 0.8581 -0.2583
vn -0.5826 0.8125 0.0186
vn -0.6640 0.6876 0.2939
vn -0.6801 0.4952 0.5407
vn -0.6293 0.2542 0.7344
vn -0.5442 -0.0321 0.8384
vn -0.3800 -0.2965 0.8762
vn -0.1789 -0.5319 0.8277
vn 0.0397 -0.7150 0.6980
vn 0.2544 -0.8279 0.4999
vn 0.4443 -0.8594 0.2530
vn 0.5909 -0.8065 -0.0184
vn 0.6798 -0.6746 -0.2876
vn 0.7024 -0.4768 -0.5285
vn 0.6565 -0.2325 -0.7176
vn 0.5465 0.0344 -0.8368
vn 0.3830 0.2978 -0.8744
vn 0.1821 0.5323 -0.8267
vn -0.0363 0.7147 -0.6985
vn -0.2516 0.8275 -0.5019
vn -0.4422 0.8596 -0.2561
vn -0.5894 0.8077 0.0152
vn -0.6786 0.6769 0.2854
vn -0.7010 0.4797 0.5278
vn -0.6548 0.2356 0.7182
vn -0.5699 -0.0536 0.8199
vn -0.4053 -0.3177 0.8572
vn -0.2011 -0.5507 0.8101
vn 0.0227 -0.7297 0.6834
vn 0.2443 -0.8369 0.4898
vn 0.4420 -0.8619 0.2483
vn 0.5967 -0.8023 -0.0171
vn 0.6931 -0.6640 -0.2805
vn 0.7219 -0.4608 -0.5163
vn 0.6803 -0.2127 -0.7014
vn 0.5723 0.0561 -0.8181
vn 0.4084 0.3192 -0.8552
vn 0.2042 0.5512 -0.8090
vn -0.0197 0.7296 -0.6836
vn -0.2412 0.8367 -0.4916
vn -0.4398 0.8622 -0.2513
vn -0.5951 0.8035 0.0139
vn -0.6918 0.6663 0.2782
vn -0.7205 0.4639 0.5154
vn -0.6787 0.2166 0.7017
vn -0.5947 -0.0769 0.8003
vn -0.4296 -0.3409 0.8362
vn -0.2226 -0.5716 0.7898
vn 0.0061 -0.7462 0.6657
vn 0.2343 -0.8474 0.4764
vn 0.4395 -0.8654 0.2406
vn 0.6019 -0.7984 -0.0184
vn 0.7056 -0.6530 -0.2752
vn 0.7404 -0.4438 -0.5049
vn 0.7030 -0.1913 -0.6850
vn 0.5970 0.0797 -0.7983
vn 0.4327 0.3428 -0.8338
vn 0.2261 0.5724 -0.7882
vn -0.0033 0.7461 -0.6658
vn -0.2320 0.8467 -0.4789
vn -0.4380 0.8654 -0.2434
vn -0.6002 0.7997 0.0151
vn -0.7046 0.6556 0.2716
vn -0.7403 0.4462 0.5029
vn -0.7021 0.1947 0.6850
vn -0.6183 -0.1026 0.7792
vn -0.4527 -0.3666 0.8128
vn -0.2429 -0.5947 0.7663
vn -0.0095 -0.7646 0.6445
vn 0.2249 -0.8593 0.4594
vn 0.4373 -0.8696 0.2294
vn 0.6070 -0.7944 -0.0226
vn 0.7175 -0.6412 -0.2720
vn 0.7581 -0.4253 -0.4944
vn 0.7247 -0.1680 -0.6683
vn 0.6206 0.1056 -0.7770
vn 0.4560 0.3688 -0.8100
vn 0.2467 0.5959 -0.7643
vn 0.0132 0.7648 -0.6441
vn -0.2216 0.8593 -0.4610
vn -0.4359 0.8694 -0.2326
vn -0.6066 0.7948 0.0178
vn -0.7170 0.6436 0.2677
vn -0.7572 0.4285 0.4930
vn -0.7233 0.1714 0.6690
vn -0.6406 -0.1308 0.7566
vn -0.4744 -0.3949 0.7868
vn -0.2619 -0.6203 0.7394
vn -0.0238 -0.7849 0.6192
vn 0.2165 -0.8724 0.4382
vn 0.4357 -0.8741 0.2145
vn 0.6125 -0.7899 -0.0298
vn 0.7295 -0.6282 -0.2707
vn 0.7753 -0.4049 -0.4847
vn 0.7456 -0.1422 -0.6511
vn 0.6431 0.1343 -0.7539
vn 0.4779 0.3975 -0.7833
vn 0.2660 0.6218 -0.7366
vn 0.0280 0.7855 -0.6182
vn -0.2129 0.8726 -0.4395
vn -0.4331 0.8747 -0.2176
vn -0.6108 0.7914 0.0259
vn -0.7284 0.6307 0.2675
vn -0.7744 0.4083 0.4833
vn -0.7441 0.1459 0.6520
vn -0.6619 -0.1619 0.7319
vn -0.4947 -0.4259 0.7575
vn -0.2793 -0.6482 0.7084
vn -0.0366 -0.8069 0.5895
vn 0.2096 -0.8865 0.4127
vn 0.4353 -0.8788 0.1956
vn 0.6186 -0.7847 -0.0401
vn 0.7416 -0.6135 -0.2714
vn 0.7923 -0.3822 -0.4755
vn 0.7658 -0.1137 -0.6329
vn 0.6646 0.1658 -0.7286
vn 0.4986 0.4289 -0.7533
vn 0.2839 0.6501 -0.7048
vn 0.0413 0.8079 -0.5879
vn -0.2055 0.8870 -0.4136
vn -0.4323 0.8796 -0.1986
vn -0.6167 0.7864 0.0362
vn -0.7405 0.6163 0.2680
vn -0.7913 0.3860 0.4742
vn -0.7642 0.1178 0.6342
vn -0.6821 -0.1958 0.7046
vn -0.5136 -0.4594 0.7247
vn -0.2950 -0.6781 0.6731
vn -0.0477 -0.8304 0.5552
vn 0.2042 -0.9010 0.3827
vn 0.4363 -0.8831 0.1729
vn 0.6258 -0.7782 -0.0533
vn 0.7543 -0.5968 -0.2735
vn 0.8094 -0.3570 -0.4663
vn 0.7856 -0.0823 -0.6133
vn 0.6852 0.2002 -0.7003
vn 0.5180 0.4629 -0.7193
vn 0.3002 0.6805 -0.6684
vn 0.0529 0.8317 -0.5527
vn -0.1997 0.9019 -0.3830
vn -0.4328 0.8842 -0.1757
vn -0.6236 0.7802 0.0493
vn -0.7530 0.6000 0.2701
vn -0.8082 0.3612 0.4652
vn -0.7837 0.0869 0.6150
vn -0.7013 -0.2323 0.6739
vn -0.5311 -0.4952 0.6875
vn -0.3091 -0.7097 0.6331
vn -0.0570 -0.8547 0.5160
vn 0.2007 -0.9157 0.3482
vn 0.4388 -0.8866 0.1466
vn 0.6342 -0.7701 -0.0687
vn 0.7678 -0.5780 -0.2764
vn 0.8267 -0.3291 -0.4564
vn 0.8050 -0.0483 -0.5913
vn 0.7049 0.2372 -0.6685
vn 0.5361 0.4993 -0.6807
vn 0.3149 0.7126 -0.6269
vn 0.0629 0.8565 -0.5123
vn -0.1955 0.9169 -0.3478
vn -0.4349 0.8881 -0.1491
vn -0.6316 0.7726 0.0648
vn -0.7662 0.5816 0.2732
vn -0.8252 0.3338 0.4556
vn -0.8028 0.0534 0.5938
vn -0.7198 -0.2709 0.6392
vn -0.5473 -0.5327 0.6455
vn -0.3215 -0.7424 0.5878
vn -0.0644 -0.8793 0.4718
vn 0.1989 -0.9299 0.3094
vn 0.4429 -0.8889 0.1170
vn 0.6439 -0.7603 -0.0860
vn 0.7822 -0.5569 -0.2795
vn 0.8443 -0.2989 -0.4448
vn 0.8242 -0.0118 -0.5661
vn 0.7239 0.2763 -0.6322
vn 0.5530 0.5372 -0.6368
vn 0.3282 0.7457 -0.5799
vn 0.0711 0.8815 -0.4667
vn -0.1930 0.9315 -0.3082
vn -0.4385 0.8908 -0.1192
vn -0.6410 0.7632 0.0821
vn -0.7803 0.5610 0.2763
vn -0.8426 0.3041 0.4445
vn -0.8217 0.0174 0.5697
vn -0.7375 -0.3110 0.5995
vn -0.5623 -0.5711 0.5981
vn -0.3324 -0.7753 0.5371
vn -0.0702 -0.9036 0.4226
vn 0.1988 -0.9431 0.2665
vn 0.4486 -0.8897 0.0848
vn 0.6549 -0.7485 -0.1041
vn 0.7974 -0.5337 -0.2816
vn 0.8624 -0.2665 -0.4304
vn 0.8434 0.0265 -0.5367
vn 0.7423 0.3168 -0.5905
vn 0.5689 0.5760 -0.5870
vn 0.3400 0.7790 -0.5269
vn 0.0777 0.9061 -0.4158
vn -0.1923 0.9451 -0.2642
vn -0.4437 0.8920 -0.0866
vn -0.6516 0.7519 0.1004
vn -0.7953 0.5384 0.2787
vn -0.8604 0.2723 0.4309
vn -0.8403 -0.0204 0.5417
vn -0.7545 -0.3515 0.5542
vn -0.5762 -0.6093 0.5447
vn -0.3419 -0.8075 0.4806
vn -0.0745 -0.9267 0.3684
vn 0.2003 -0.9547 0.2199
vn 0.4558 -0.8887 0.0506
vn 0.6671 -0.7349 -0.1223
vn 0.8135 -0.5087 -0.2817
vn 0.8808 -0.2328 -0.4123
vn 0.8624 0.0658 -0.5020
vn 0.7600 0.3577 -0.5426
vn 0.5837 0.6145 -0.5307
vn 0.3504 0.8115 -0.4677
vn 0.0828 0.9295 -0.3595
vn -0.1931 0.9570 -0.2164
vn -0.4503 0.8914 -0.0518
vn -0.6634 0.7388 0.1188
vn -0.8110 0.5141 0.2792
vn -0.8784 0.2391 0.4138
vn -0.8588 -0.0592 0.5088
vn -0.7708 -0.3914 0.5026
vn -0.5891 -0.6463 0.4850
vn -0.3502 -0.8381 0.4183
vn -0.0774 -0.9477 0.3095
vn 0.2031 -0.9643 0.1701
vn 0.4642 -0.8856 0.0151
vn 0.6803 -0.7195 -0.1396
vn 0.8303 -0.4826 -0.2788
vn 0.8995 -0.1985 -0.3893
vn 0.8811 0.1048 -0.4611
vn 0.7771 0.3976 -0.4878
vn 0.5975 0.6515 -0.4674
vn 0.3596 0.8420 -0.4021
vn 0.0865 0.9506 -0.2982
vn -0.1952 0.9667 -0.1653
vn -0.4581 0.8887 -0.0158
vn -0.6761 0.7241 0.1364
vn -0.8274 0.4886 0.2769
vn -0.8967 0.2053 0.3921
vn -0.8771 -0.0979 0.4702
vn -0.7864 -0.4292 0.4443
vn -0.6010 -0.6808 0.4187
vn -0.3574 -0.8658 0.3503
vn -0.0791 -0.9660 0.2462
vn 0.2071 -0.9712 0.1178
vn 0.4735 -0.8805 -0.0208
vn 0.6941 -0.7029 -0.1551
vn 0.8473 -0.4562 -0.2720
vn 0.9180 -0.1649 -0.3607
vn 0.8994 0.1422 -0.4134
vn 0.7934 0.4352 -0.4257
vn 0.6102 0.6856 -0.3970
vn 0.3675 0.8693 -0.3304
vn 0.0889 0.9686 -0.2322
vn -0.1986 0.9737 -0.1114
vn -0.4670 0.8840 0.0208
vn -0.6896 0.7080 0.1523
vn -0.8441 0.4627 0.2709
vn -0.9149 0.1720 0.3651
vn -0.8949 -0.1353 0.4253
vn -0.8010 -0.4635 0.3789
vn -0.6118 -0.7114 0.3459
vn -0.3633 -0.8896 0.2768
vn -0.0797 -0.9806 0.1788
vn 0.2120 -0.9752 0.0634
vn 0.4835 -0.8735 -0.0564
vn 0.7083 -0.6856 -0.1680
vn 0.8642 -0.4304 -0.2605
vn 0.9360 -0.1333 -0.3258
vn 0.9167 0.1765 -0.3585
vn 0.8083 0.4688 -0.3561
vn 0.6214 0.7153 -0.3197
vn 0.3740 0.8923 -0.2529
vn 0.0899 0.9827 -0.1620
vn -0.2031 0.9776 -0.0555
vn -0.4766 0.8773 0.0571
vn -0.7034 0.6912 0.1657
vn -0.8607 0.4374 0.2604
vn -0.9327 0.1406 0.3322
vn -0.9119 -0.1700 0.3736
vn -0.8142 -0.4930 0.3067
vn -0.6211 -0.7368 0.2669
vn -0.3681 -0.9084 0.1982
vn -0.0793 -0.9910 0.1081
vn 0.2177 -0.9760 0.0077
vn 0.4940 -0.8647 -0.0911
vn 0.7224 -0.6682 -0.1777
vn 0.8805 -0.4063 -0.2441
vn 0.9529 -0.1050 -0.2846
vn 0.9325 0.2061 -0.2965
vn 0.8216 0.4969 -0.2795
vn 0.6308 0.7392 -0.2359
vn 0.3787 0.9097 -0.1702
vn 0.0895 0.9920 -0.0885
vn -0.2086 0.9780 0.0017
vn -0.4867 0.8687 0.0925
vn -0.7171 0.6743 0.1761
vn -0.8768 0.4137 0.2451
vn -0.9495 0.1121 0.2931
vn -0.9277 -0.2004 0.3150
vn -0.8255 -0.5162 0.2282
vn -0.6288 -0.7559 0.1822
vn -0.3713 -0.9214 0.1152
vn -0.0776 -0.9964 0.0347
vn 0.2241 -0.9733 -0.0486
vn 0.5045 -0.8544 -0.1243
vn 0.7360 -0.6515 -0.1840
vn 0.8957 -0.3851 -0.2225
vn 0.9680 -0.0814 -0.2373
vn 0.9462 0.2296 -0.2280
vn 0.8325 0.5180 -0.1965
vn 0.6379 0.7560 -0.1467
vn 0.3814 0.9207 -0.0834
vn 0.0876 0.9961 -0.0126
vn -0.2151 0.9748 0.0594
vn -0.4970 0.8585 0.1264
vn -0.7304 0.6580 0.1831
vn -0.8918 0.3926 0.2248
vn -0.9647 0.0881 0.2481
vn -0.9417 -0.2253 0.2499
vn -0.8345 -0.5319 0.1441
vn -0.6342 -0.7676 0.0927
vn -0.3726 -0.9276 0.0286
vn -0.0745 -0.9964 -0.0406
vn 0.2313 -0.9672 -0.1049
vn 0.5151 -0.8429 -0.1555
vn 0.7486 -0.6361 -0.1867
vn 0.9091 -0.3675 -0.1963
vn 0.9807 -0.0637 -0.1846
vn 0.9570 0.2458 -0.1541
vn 0.8403 0.5311 -0.1087
vn 0.6421 0.7648 -0.0534
vn 0.3815 0.9243 0.0062
vn 0.0837 0.9944 0.0646
vn -0.2225 0.9679 0.1166
vn -0.5074 0.8470 0.1583
vn -0.7428 0.6429 0.1866
vn -0.9052 0.3750 0.2000
vn -0.9778 0.0695 0.1976
vn -0.9533 -0.2433 0.1791
vn -0.8403 -0.5392 0.0557
vn -0.6368 -0.7710 -0.0003
vn -0.3715 -0.9265 -0.0604
vn -0.0697 -0.9907 -0.1168
vn 0.2394 -0.9576 -0.1604
vn 0.5254 -0.8306 -0.1845
vn 0.7600 -0.6227 -0.1861
vn 0.9202 -0.3545 -0.1662
vn 0.9904 -0.0526 -0.1279
vn 0.9642 0.2539 -0.0764
vn 0.8444 0.5354 -0.0177
vn 0.6428 0.7649 0.0421
vn 0.3788 0.9204 0.0969
vn 0.0778 0.9869 0.1417
vn -0.2310 0.9575 0.1727
vn -0.5177 0.8347 0.1879
vn -0.7541 0.6296 0.1869
vn -0.9164 0.3618 0.1711
vn -0.9881 0.0572 0.1427
vn -0.9617 -0.2536 0.1038
vn -0.8425 -0.5376 -0.0354
vn -0.6360 -0.7658 -0.0955
vn -0.3675 -0.9178 -0.1503
vn -0.0629 -0.9793 -0.1925
vn 0.2484 -0.9447 -0.2143
vn 0.5354 -0.8178 -0.2110
vn 0.7698 -0.6116 -0.1827
vn 0.9285 -0.3465 -0.1331
vn 0.9965 -0.0486 -0.0686
vn 0.9673 0.2535 0.0032
vn 0.8443 0.5306 0.0746
vn 0.6395 0.7563 0.1379
vn 0.3727 0.9089 0.1870
vn 0.0696 0.9736 0.2174
vn -0.2406 0.9438 0.2267
vn -0.5279 0.8217 0.2149
vn -0.7639 0.6185 0.1844
vn -0.9251 0.3533 0.1393
vn -0.9951 0.0519 0.0848
vn -0.9665 -0.2555 0.0254
vn -0.8403 -0.5270 -0.1273
vn -0.6312 -0.7518 -0.1907
vn -0.3602 -0.9016 -0.2394
vn -0.0537 -0.9623 -0.2666
vn 0.2584 -0.9287 -0.2658
vn 0.5451 -0.8048 -0.2349
vn 0.7778 -0.6031 -0.1769
vn 0.9340 -0.3436 -0.0983
vn 0.9986 -0.0516 -0.0084
vn 0.9660 0.2448 0.0829
vn 0.8397 0.5171 0.1659
vn 0.6321 0.7394 0.2321
vn 0.3632 0.8902 0.2749
vn 0.0589 0.9551 0.2905
vn -0.2525 0.9266 0.2788
vn -0.5378 0.8077 0.2416
vn -0.7721 0.6088 0.1821
vn -0.9303 0.3508 0.1077
vn -0.9982 0.0535 0.0252
vn -0.9670 -0.2491 -0.0541
vn -0.8335 -0.5078 -0.2179
vn -0.6220 -0.7297 -0.2840
vn -0.3493 -0.8784 -0.3260
vn -0.0420 -0.9403 -0.3376
vn 0.2696 -0.9103 -0.3143
vn 0.5543 -0.7919 -0.2563
vn 0.7840 -0.5973 -0.1693
vn 0.9363 -0.3456 -0.0629
vn 0.9968 -0.0613 0.0512
vn 0.9602 0.2283 0.1608
vn 0.8305 0.4955 0.2545
vn 0.6204 0.7148 0.3227
vn 0.3502 0.8652 0.3589
vn 0.0451 0.9317 0.3604
vn -0.2643 0.9076 0.3261
vn -0.5472 0.7954 0.2604
vn -0.7784 0.6037 0.1721
vn -0.9332 0.3521 0.0724
vn -0.9975 0.0629 -0.0321
vn -0.9630 -0.2345 -0.1329
vn -0.8220 -0.4809 -0.3051
vn -0.6085 -0.7002 -0.3735
vn -0.3348 -0.8492 -0.4084
vn -0.0279 -0.9141 -0.4045
vn 0.2817 -0.8898 -0.3591
vn 0.5630 -0.7793 -0.2751
vn 0.7882 -0.5941 -0.1606
vn 0.9355 -0.3521 -0.0280
vn 0.9911 -0.0770 0.1088
vn 0.9500 0.2051 0.2353
vn 0.8168 0.4670 0.3386
vn 0.6046 0.6838 0.4084
vn 0.3339 0.8347 0.4379
vn 0.0293 0.9052 0.4240
vn -0.2759 0.8874 0.3693
vn -0.5563 0.7826 0.2795
vn -0.7829 0.6000 0.1642
vn -0.9335 0.3568 0.0357
vn -0.9928 0.0776 -0.0908
vn -0.9550 -0.2120 -0.2073
vn -0.8060 -0.4475 -0.3874
vn -0.5908 -0.6647 -0.4574
vn -0.3169 -0.8149 -0.4852
vn -0.0116 -0.8846 -0.4663
vn 0.2947 -0.8679 -0.4000
vn 0.5712 -0.7674 -0.2914
vn 0.7907 -0.5933 -0.1513
vn 0.9319 -0.3626 0.0058
vn 0.9817 -0.0977 0.1634
vn 0.9358 0.1761 0.3053
vn 0.7991 0.4328 0.4172
vn 0.5852 0.6476 0.4880
vn 0.3141 0.8000 0.5112
vn 0.0128 0.8751 0.4838
vn -0.2894 0.8653 0.4093
vn -0.5648 0.7703 0.2960
vn -0.7857 0.5987 0.1555
vn -0.9304 0.3665 0.0023
vn -0.9842 0.0965 -0.1482
vn -0.9424 -0.1823 -0.2806
vn -0.7866 -0.4088 -0.4627
vn -0.5693 -0.6245 -0.5348
vn -0.2960 -0.7770 -0.5555
vn 0.0067 -0.8527 -0.5224
vn 0.3083 -0.8452 -0.4366
vn 0.5788 -0.7561 -0.3053
vn 0.7914 -0.5946 -0.1416
vn 0.9257 -0.3764 0.0377
vn 0.9691 -0.1225 0.2143
vn 0.9180 0.1427 0.3701
vn 0.7779 0.3940 0.4896
vn 0.5625 0.6074 0.5610
vn 0.2921 0.7625 0.5772
vn -0.0054 0.8435 0.5372
vn -0.3036 0.8425 0.4450
vn -0.5728 0.7588 0.3101
vn -0.7869 0.5995 0.1463
vn -0.9247 0.3796 -0.0296
vn -0.9723 0.1205 -0.2000
vn -0.9253 -0.1511 -0.3478
vn -0.7632 -0.3657 -0.5328
vn -0.5446 -0.5810 -0.6049
vn -0.2726 -0.7366 -0.6190
vn 0.0265 -0.8193 -0.5727
vn 0.3225 -0.8223 -0.4689
vn 0.5859 -0.7459 -0.3169
vn 0.7906 -0.5979 -0.1318
vn 0.9171 -0.3930 0.0676
vn 0.9535 -0.1506 0.2611
vn 0.8970 0.1059 0.4292
vn 0.7535 0.3521 0.5553
vn 0.5368 0.5643 0.6272
vn 0.2685 0.7223 0.6374
vn -0.0256 0.8105 0.5852
vn -0.3181 0.8196 0.4765
vn -0.5802 0.7482 0.3218
vn -0.7865 0.6022 0.1370
vn -0.9166 0.3954 -0.0594
vn -0.9574 0.1480 -0.2479
vn -0.9045 -0.1150 -0.4107
vn -0.7364 -0.3214 -0.5954
vn -0.5172 -0.5355 -0.6677
vn -0.2471 -0.6948 -0.6755
vn 0.0475 -0.7854 -0.6172
vn 0.3370 -0.7996 -0.4971
vn 0.5923 -0.7366 -0.3265
vn 0.7883 -0.6030 -0.1222
vn 0.9063 -0.4117 0.0951
vn 0.9354 -0.1812 0.3037
vn 0.8732 0.0665 0.4827
vn 0.7264 0.3078 0.6145
vn 0.5091 0.5197 0.6861
vn 0.2432 0.6812 0.6906
vn -0.0469 0.7770 0.6278
vn -0.3328 0.7970 0.5040
vn -0.5870 0.7386 0.3315
vn -0.7846 0.6067 0.1277
vn -0.9063 0.4135 -0.0871
vn -0.9398 0.1781 -0.2916
vn -0.8813 -0.0757 -0.4665
vn -0.7071 -0.2754 -0.6512
vn -0.4877 -0.4888 -0.7234
vn -0.2200 -0.6523 -0.7253
vn 0.0694 -0.7515 -0.6561
vn 0.3515 -0.7775 -0.5215
vn 0.5980 -0.7285 -0.3342
vn 0.7846 -0.6096 -0.1128
vn 0.8937 -0.4323 0.1204
vn 0.9150 -0.2136 0.3423
vn 0.8471 0.0255 0.5308
vn 0.6971 0.2621 0.6673
vn 0.4796 0.4737 0.7386
vn 0.2160 0.6395 0.7378
vn -0.0690 0.7435 0.6651
vn -0.3476 0.7750 0.5277
vn -0.5930 0.7302 0.3393
vn -0.7814 0.6127 0.1185
vn -0.8941 0.4334 -0.1125
vn -0.9199 0.2101 -0.3312
vn -0.8555 -0.0347 -0.5166
vn -0.6759 -0.2285 -0.7007
vn -0.4564 -0.4417 -0.7724
vn -0.1917 -0.6099 -0.7689
vn 0.0919 -0.7181 -0.6899
vn 0.3659 -0.7564 -0.5422
vn 0.6029 -0.7217 -0.3402
vn 0.7796 -0.6176 -0.1037
vn 0.8792 -0.4543 0.1436
vn 0.8925 -0.2475 0.3771
vn 0.8189 -0.0168 0.5737
vn 0.6658 0.2155 0.7143
vn 0.4484 0.4273 0.7851
vn 0.1877 0.5979 0.7793
vn -0.0915 0.7106 0.6976
vn -0.3622 0.7540 0.5480
vn -0.5983 0.7231 0.3453
vn -0.7768 0.6201 0.1095
vn -0.8801 0.4549 -0.1359
vn -0.8978 0.2435 -0.3669
vn -0.8276 0.0076 -0.5613
vn -0.6428 -0.1812 -0.7443
vn -0.4236 -0.3946 -0.8154
vn -0.1624 -0.5680 -0.8068
vn 0.1148 -0.6855 -0.7190
vn 0.3801 -0.7363 -0.5598
vn 0.6070 -0.7161 -0.3446
vn 0.7732 -0.6270 -0.0949
vn 0.8630 -0.4777 0.1647
vn 0.8681 -0.2824 0.4083
vn 0.7886 -0.0599 0.6119
vn 0.6327 0.1685 0.7558
vn 0.4157 0.3808 0.8259
vn 0.1584 0.5566 0.8155
vn -0.1144 0.6785 0.7257
vn -0.3766 0.7340 0.5652
vn -0.6027 0.7172 0.3498
vn -0.7708 0.6290 0.1008
vn -0.8644 0.4776 -0.1572
vn -0.8738 0.2781 -0.3989
vn -0.7976 0.0507 -0.6010
vn -0.6080 -0.1338 -0.7826
vn -0.3895 -0.3479 -0.8528
vn -0.1322 -0.5268 -0.8396
vn 0.1380 -0.6539 -0.7439
vn 0.3940 -0.7175 -0.5744
vn 0.6102 -0.7119 -0.3477
vn 0.7654 -0.6377 -0.0863
vn 0.8450 -0.5022 0.1839
vn 0.8417 -0.3183 0.4362
vn 0.7565 -0.1036 0.6458
vn 0.5979 0.1213 0.7923
vn 0.3816 0.3347 0.8616
vn 0.1283 0.5160 0.8469
vn -0.1376 0.6473 0.7497
vn -0.3906 0.7153 0.5795
vn -0.6062 0.7127 0.3530
vn -0.7635 0.6392 0.0924
vn -0.8469 0.5016 -0.1766
vn -0.8479 0.3135 -0.4275
vn -0.7658 0.0943 -0.6361
vn -0.5716 -0.0865 -0.8160
vn -0.3540 -0.3018 -0.8852
vn -0.1012 -0.4865 -0.8678
vn 0.1615 -0.6235 -0.7650
vn 0.4075 -0.7000 -0.5864
vn 0.6124 -0.7090 -0.3496
vn 0.7562 -0.6497 -0.0781
vn 0.8252 -0.5278 0.2013
vn 0.8133 -0.3549 0.4610
vn 0.7223 -0.1477 0.6757
vn 0.5613 0.0740 0.8243
vn 0.3461 0.2889 0.8926
vn 0.0974 0.4761 0.8740
vn -0.1610 0.6171 0.7702
vn -0.4042 0.6978 0.5914
vn -0.6087 0.7095 0.3550
vn -0.7547 0.6507 0.0842
vn -0.8276 0.5266 -0.1942
vn -0.8201 0.3497 -0.4530
vn -0.7320 0.1382 -0.6671
vn -0.5334 -0.0393 -0.8450
vn -0.3172 -0.2562 -0.9131
vn -0.0693 -0.4471 -0.8918
vn 0.1852 -0.5943 -0.7826
vn 0.4207 -0.6839 -0.5961
vn 0.6136 -0.7075 -0.3505
vn 0.7453 -0.6630 -0.0702
vn 0.8034 -0.5545 0.2170
vn 0.7827 -0.3924 0.4830
vn 0.6859 -0.1922 0.7018
vn 0.5228 0.0268 0.8521
vn 0.3091 0.2435 0.9193
vn 0.0655 0.4370 0.8971
vn -0.1847 0.5881 0.7874
vn -0.4174 0.6816 0.6010
vn -0.6102 0.7078 0.3560
vn -0.7443 0.6634 0.0765
vn -0.8065 0.5527 -0.2101
vn -0.7901 0.3867 -0.4756
vn -0.6963 0.1824 -0.6942
vn -0.4932 0.0078 -0.8699
vn -0.2788 -0.2112 -0.9369
vn -0.0365 -0.4087 -0.9119
vn 0.2092 -0.5663 -0.7972
vn 0.4333 -0.6691 -0.6037
vn 0.6137 -0.7074 -0.3506
vn 0.7328 -0.6776 -0.0628
vn 0.7794 -0.5823 0.2311
vn 0.7498 -0.4307 0.5024
vn 0.6472 -0.2372 0.7245
vn 0.4821 -0.0205 0.8759
vn 0.2704 0.1985 0.9421
vn 0.0325 0.3987 0.9165
vn -0.2087 0.5602 0.8017
vn -0.4302 0.6667 0.6086
vn -0.6106 0.7074 0.3562
vn -0.7323 0.6775 0.0691
vn -0.7832 0.5799 -0.2243
vn -0.7580 0.4243 -0.4954
vn -0.6583 0.2269 -0.7177
vn -0.4509 0.0547 -0.8909
vn -0.2386 -0.1668 -0.9567
vn -0.0025 -0.3712 -0.9285
vn 0.2336 -0.5395 -0.8090
vn 0.4456 -0.6557 -0.6095
vn 0.6125 -0.7088 -0.3499
vn 0.7183 -0.6935 -0.0559
vn 0.7531 -0.6112 0.2435
vn 0.7141 -0.4698 0.5190
vn 0.6058 -0.2826 0.7437
vn 0.4389 -0.0678 0.8960
vn 0.2298 0.1540 0.9610
vn -0.0016 0.3612 0.9325
vn -0.2331 0.5333 0.8131
vn -0.4425 0.6532 0.6144
vn -0.6097 0.7083 0.3557
vn -0.7183 0.6929 0.0623
vn -0.7577 0.6081 -0.2369
vn -0.7233 0.4627 -0.5126
vn -0.6179 0.2717 -0.7378
vn -0.4061 0.1015 -0.9082
vn -0.1965 -0.1229 -0.9728
vn 0.0328 -0.3346 -0.9418
vn 0.2584 -0.5139 -0.8180
vn 0.4574 -0.6437 -0.6136
vn 0.6101 -0.7115 -0.3487
vn 0.7017 -0.7108 -0.0496
vn 0.7240 -0.6413 0.2542
vn 0.6754 -0.5097 0.5329
vn 0.5613 -0.3285 0.7596
vn 0.3930 -0.1151 0.9123
vn 0.1870 0.1098 0.9762
vn -0.0372 0.3245 0.9452
vn -0.2581 0.5076 0.8220
vn -0.4544 0.6409 0.6186
vn -0.6075 0.7107 0.3547
vn -0.7024 0.7096 0.0561
vn -0.7296 0.6374 -0.2478
vn -0.6859 0.5018 -0.5271
vn -0.5747 0.3168 -0.7546
vn -0.3582 0.1481 -0.9218
vn -0.1520 -0.0796 -0.9852
vn 0.0697 -0.2990 -0.9517
vn 0.2839 -0.4895 -0.8245
vn 0.4688 -0.6330 -0.6161
vn 0.6061 -0.7157 -0.3470
vn 0.6827 -0.7293 -0.0441
vn 0.6919 -0.6725 0.2629
vn 0.6333 -0.5504 0.5440
vn 0.5134 -0.3747 0.7720
vn 0.3440 -0.1623 0.9248
vn 0.1416 0.0661 0.9877
vn -0.0745 0.2886 0.9546
vn -0.2837 0.4830 0.8284
vn -0.4660 0.6300 0.6213
vn -0.6039 0.7145 0.3533
vn -0.6842 0.7276 0.0507
vn -0.6986 0.6678 -0.2568
vn -0.6453 0.5416 -0.5388
vn -0.5283 0.3624 -0.7678
vn -0.3073 0.1943 -0.9316
vn -0.1049 -0.0370 -0.9938
vn 0.1083 -0.2643 -0.9583
vn 0.3101 -0.4663 -0.8285
vn 0.4798 -0.6237 -0.6171
vn 0.6006 -0.7212 -0.3451
vn 0.6612 -0.7492 -0.0396
vn 0.6564 -0.7047 0.2695
vn 0.5874 -0.5918 0.5521
vn 0.4616 -0.4212 0.7807
vn 0.2913 -0.2094 0.9334
vn 0.0934 0.0229 0.9954
vn -0.1137 0.2536 0.9606
vn -0.3101 0.4597 0.8322
vn -0.4771 0.6205 0.6224
vn -0.5988 0.7196 0.3516
vn -0.6635 0.7468 0.0462
vn -0.6646 0.6991 -0.2638
vn -0.6012 0.5819 -0.5477
vn -0.4787 0.4080 -0.7774
vn -0.2527 0.2400 -0.9373
vn -0.0548 0.0047 -0.9985
vn 0.1490 -0.2309 -0.9615
vn 0.3372 -0.4446 -0.8298
vn 0.4903 -0.6160 -0.6166
vn 0.5933 -0.7282 -0.3430
vn 0.6367 -0.7703 -0.0362
vn 0.6171 -0.7377 0.2737
vn 0.5373 -0.6336 0.5567
vn 0.4055 -0.4677 0.7854
vn 0.2347 -0.2560 0.9378
vn 0.0419 -0.0194 0.9989
vn -0.1551 0.2198 0.9631
vn -0.3374 0.4376 0.8334
vn -0.4878 0.6123 0.6222
vn -0.5920 0.7261 0.3497
vn -0.6401 0.7671 0.0427
vn -0.6270 0.7313 -0.2686
vn -0.5533 0.6226 -0.5534
vn -0.4250 0.4535 -0.7834
vn -0.1943 0.2849 -0.9387
vn -0.0014 0.0451 -0.9990
vn 0.1919 -0.1990 -0.9610
vn 0.3652 -0.4245 -0.8285
vn 0.5003 -0.6098 -0.6147
vn 0.5841 -0.7366 -0.3410
vn 0.6091 -0.7923 -0.0343
vn 0.5738 -0.7713 0.2752
vn 0.4826 -0.6754 0.5576
vn 0.3448 -0.5138 0.7856
vn 0.1738 -0.3016 0.9375
vn -0.0131 -0.0605 0.9981
vn -0.1989 0.1875 0.9619
vn -0.3657 0.4172 0.8320
vn -0.4981 0.6057 0.6205
vn -0.5834 0.7339 0.3478
vn -0.6137 0.7885 0.0406
vn -0.5857 0.7640 -0.2708
vn -0.5009 0.6641 -0.5550
vn -0.3662 0.4987 -0.7856
vn -0.1316 0.3285 -0.9353
vn 0.0554 0.0839 -0.9949
vn 0.2372 -0.1690 -0.9567
vn 0.3941 -0.4063 -0.8244
vn 0.5098 -0.6053 -0.6114
vn 0.5729 -0.7462 -0.3390
vn 0.5782 -0.8152 -0.0341
vn 0.5262 -0.8051 0.2736
vn 0.4230 -0.7169 0.5542
vn 0.2791 -0.5588 0.7809
vn 0.1089 -0.3458 0.9320
vn -0.0716 -0.0991 0.9925
vn -0.2451 0.1571 0.9567
vn -0.3951 0.3986 0.8276
vn -0.5078 0.6008 0.6174
vn -0.5729 0.7430 0.3460
vn -0.5841 0.8107 0.0401
vn -0.5403 0.7969 -0.2703
vn -0.4450 0.7046 -0.5527
vn -0.3037 0.5421 -0.7835
vn -0.0645 0.3699 -0.9268
vn 0.1158 0.1202 -0.9860
vn 0.2848 -0.1414 -0.9481
vn 0.4239 -0.3904 -0.8172
vn 0.5185 -0.6027 -0.6066
vn 0.5594 -0.7572 -0.3373
vn 0.5437 -0.8385 -0.0359
vn 0.4742 -0.8385 0.2684
vn 0.3585 -0.7571 0.5462
vn 0.2085 -0.6019 0.7708
vn 0.0390 -0.3880 0.9208
vn -0.1343 -0.1354 0.9816
vn -0.2936 0.1293 0.9471
vn -0.4253 0.3824 0.8203
vn -0.5169 0.5977 0.6128
vn -0.5601 0.7534 0.3444
vn -0.5512 0.8334 0.0413
vn -0.4906 0.8296 -0.2666
vn -0.3838 0.7443 -0.5465
vn -0.2363 0.5846 -0.7762
vn 0.0069 0.4085 -0.9128
vn 0.1796 0.1534 -0.9717
vn 0.3346 -0.1171 -0.9351
vn 0.4544 -0.3774 -0.8069
vn 0.5262 -0.6023 -0.6004
vn 0.5434 -0.7693 -0.3361
vn 0.5056 -0.8619 -0.0399
vn 0.4176 -0.8708 0.2594
vn 0.2891 -0.7952 0.5330
vn 0.1331 -0.6422 0.7549
vn -0.0351 -0.4265 0.9038
vn -0.2000 -0.1681 0.9653
vn -0.3443 0.1049 0.9330
vn -0.4562 0.3691 0.8097
vn -0.5251 0.5968 0.6067
vn -0.5451 0.7650 0.3431
vn -0.5146 0.8563 0.0445
vn -0.4359 0.8624 -0.2574
vn -0.3156 0.7825 -0.5367
vn -0.1640 0.6247 -0.7635
vn 0.0825 0.4430 -0.8927
vn 0.2465 0.1822 -0.9519
vn 0.3861 -0.0969 -0.9174
vn 0.4849 -0.3678 -0.7934
vn 0.5325 -0.6042 -0.5928
vn 0.5248 -0.7824 -0.3354
vn 0.4638 -0.8847 -0.0465
vn 0.3568 -0.9012 0.2461
vn 0.2152 -0.8301 0.5145
vn 0.0534 -0.6782 0.7329
vn -0.1128 -0.4603 0.8806
vn -0.2672 -0.1965 0.9434
vn -0.3959 0.0862 0.9142
vn -0.4873 0.3593 0.7959
vn -0.5321 0.5982 0.5991
vn -0.5275 0.7776 0.3422
vn -0.4737 0.8791 0.0524
vn -0.3766 0.8931 -0.2461
vn -0.2448 0.8165 -0.5228
vn -0.0870 0.6613 -0.7451
vn 0.1617 0.4723 -0.8665
vn 0.3159 0.2057 -0.9262
vn 0.4386 -0.0816 -0.8950
vn 0.5151 -0.3623 -0.7768
vn 0.5372 -0.6086 -0.5840
vn 0.5034 -0.7962 -0.3356
vn 0.4185 -0.9065 -0.0558
vn 0.2921 -0.9287 0.2286
vn 0.1375 -0.8606 0.4904
vn -0.0298 -0.7089 0.7047
vn -0.1933 -0.4882 0.8511
vn -0.3376 -0.2198 0.9153
vn -0.4484 0.0715 0.8910
vn -0.5155 0.3545 0.7801
vn -0.5360 0.6040 0.5898
vn -0.5062 0.7907 0.3444
vn -0.4293 0.9011 0.0609
vn -0.3143 0.9202 -0.2331
vn -0.1690 0.8481 -0.5021
vn -0.0057 0.6934 -0.7206
vn 0.2436 0.4951 -0.8340
vn 0.3866 0.2226 -0.8949
vn 0.4911 -0.0723 -0.8681
vn 0.5440 -0.3613 -0.7574
vn 0.5396 -0.6158 -0.5742
vn 0.4791 -0.8106 -0.3367
vn 0.3701 -0.9265 -0.0678
vn 0.2243 -0.9523 0.2068
vn 0.0570 -0.8856 0.4610
vn -0.1152 -0.7328 0.6706
vn -0.2753 -0.5088 0.8157
vn -0.4082 -0.2352 0.8821
vn -0.5014 0.0617 0.8630
vn -0.5466 0.3527 0.7595
vn -0.5386 0.6108 0.5803
vn -0.4825 0.8049 0.3455
vn -0.3828 0.9213 0.0690
vn -0.2476 0.9450 -0.2138
vn -0.0894 0.8749 -0.4759
vn 0.0792 0.7196 -0.6899
vn 0.3268 0.5102 -0.7956
vn 0.4574 0.2320 -0.8585
vn 0.5423 -0.0695 -0.8373
vn 0.5707 -0.3652 -0.7355
vn 0.5392 -0.6257 -0.5638
vn 0.4520 -0.8252 -0.3389
vn 0.3189 -0.9442 -0.0825
vn 0.1542 -0.9713 0.1810
vn -0.0252 -0.9040 0.4267
vn -0.2014 -0.7490 0.6312
vn -0.3573 -0.5213 0.7750
vn -0.4780 -0.2427 0.8442
vn -0.5523 0.0598 0.8315
vn -0.5736 0.3567 0.7374
vn -0.5405 0.6188 0.5700
vn -0.4572 0.8199 0.3445
vn -0.3324 0.9396 0.0823
vn -0.1778 0.9655 -0.1901
vn -0.0069 0.8958 -0.4443
vn 0.1663 0.7387 -0.6532
vn 0.4094 0.5166 -0.7520
vn 0.5265 0.2331 -0.8176
vn 0.5909 -0.0739 -0.8033
vn 0.5942 -0.3741 -0.7120
vn 0.5357 -0.6380 -0.5531
vn 0.4220 -0.8395 -0.3423
vn 0.2656 -0.9589 -0.0997
vn 0.0829 -0.9849 0.1518
vn -0.1075 -0.9153 0.3883
vn -0.2868 -0.7568 0.5874
vn -0.4375 -0.5248 0.7302
vn -0.5453 -0.2418 0.8026
vn -0.6002 0.0650 0.7972
vn -0.5974 0.3658 0.7137
vn -0.5378 0.6311 0.5590
vn -0.4281 0.8344 0.3471
vn -0.2794 0.9552 0.0982
vn -0.1059 0.9810 -0.1626
vn 0.0771 0.9098 -0.4078
vn 0.2541 0.7496 -0.6111
vn 0.4897 0.5139 -0.7044
vn 0.5922 0.2256 -0.7736
vn 0.6356 -0.0852 -0.7673
vn 0.6137 -0.3879 -0.6876
vn 0.5286 -0.6526 -0.5429
vn 0.3894 -0.8531 -0.3471
vn 0.2109 -0.9702 -0.1191
vn 0.0116 -0.9927 0.1197
vn -0.1885 -0.9188 0.3468
vn -0.3697 -0.7558 0.5405
vn -0.5144 -0.5194 0.6824
vn -0.6087 -0.2325 0.7586
vn -0.6439 0.0772 0.7612
vn -0.6171 0.3799 0.6891
vn -0.5315 0.6458 0.5481
vn -0.3961 0.8485 0.3510
vn -0.2244 0.9675 0.1165
vn -0.0330 0.9908 -0.1316
vn 0.1609 0.9162 -0.3671
vn 0.3407 0.7517 -0.5647
vn 0.5655 0.5021 -0.6542
vn 0.6528 0.2100 -0.7278
vn 0.6751 -0.1031 -0.7305
vn 0.6286 -0.4059 -0.6634
vn 0.5179 -0.6687 -0.5334
vn 0.3546 -0.8657 -0.3534
vn 0.1556 -0.9778 -0.1403
vn -0.0587 -0.9946 0.0857
vn -0.2670 -0.9148 0.3032
vn -0.4488 -0.7462 0.4917
vn -0.5864 -0.5054 0.6330
vn -0.6668 -0.2153 0.7135
vn -0.6824 0.0959 0.7246
vn -0.6322 0.3983 0.6646
vn -0.5215 0.6622 0.5381
vn -0.3617 0.8615 0.3564
vn -0.1685 0.9761 0.1370
vn 0.0394 0.9944 -0.0979
vn 0.2429 0.9146 -0.3233
vn 0.4239 0.7449 -0.5152
vn 0.6355 0.4820 -0.6032
vn 0.7072 0.1869 -0.6819
vn 0.7086 -0.1265 -0.6941
vn 0.6385 -0.4274 -0.6400
vn 0.5037 -0.6859 -0.5253
vn 0.3180 -0.8767 -0.3610
vn 0.1005 -0.9815 -0.1629
vn -0.1269 -0.9906 0.0504
vn -0.3416 -0.9035 0.2587
vn -0.5227 -0.7288 0.4423
vn -0.6525 -0.4835 0.5835
vn -0.7187 -0.1911 0.6686
vn -0.7151 0.1202 0.6887
vn -0.6423 0.4202 0.6410
vn -0.5079 0.6797 0.5292
vn -0.3253 0.8731 0.3633
vn -0.1125 0.9808 0.1592
vn 0.1100 0.9920 -0.0623
vn 0.3213 0.9053 -0.2778
vn 0.5022 0.7295 -0.4643
vn 0.6984 0.4547 -0.5527
vn 0.7546 0.1579 -0.6370
vn 0.7359 -0.1544 -0.6592
vn 0.6435 -0.4512 -0.6183
vn 0.4864 -0.7032 -0.5187
vn 0.2804 -0.8857 -0.3700
vn 0.0465 -0.9814 -0.1865
vn -0.1920 -0.9813 0.0146
vn -0.4115 -0.8859 0.2142
vn -0.5906 -0.7046 0.3934
vn -0.7119 -0.4550 0.5350
vn -0.7638 -0.1612 0.6250
vn -0.7416 0.1487 0.6542
vn -0.6475 0.4445 0.6190
vn -0.4910 0.6975 0.5219
vn -0.2876 0.8827 0.3716
vn -0.0573 0.9815 0.1826
vn 0.1776 0.9838 -0.0258
vn 0.3948 0.8891 -0.2317
vn 0.5742 0.7067 -0.4134
vn 0.7537 0.4219 -0.5039
vn 0.7947 0.1244 -0.5941
vn 0.7571 -0.1853 -0.6264
vn 0.6440 -0.4763 -0.5986
vn 0.4665 -0.7200 -0.5138
vn 0.2425 -0.8925 -0.3803
vn -0.0056 -0.9775 -0.2107
vn -0.2532 -0.9672 -0.0211
vn -0.4758 -0.8629 0.1705
vn -0.6518 -0.6749 0.3459
vn -0.7642 -0.4214 0.4882
vn -0.8022 -0.1270 0.5834
vn -0.7621 0.1801 0.6219
vn -0.6481 0.4702 0.5991
vn -0.4714 0.7149 0.5164
vn -0.2495 0.8902 0.3813
vn -0.0040 0.9784 0.2068
vn 0.2411 0.9704 0.0109
vn 0.4624 0.8669 -0.1861
vn 0.6390 0.6779 -0.3636
vn 0.8014 0.3852 -0.4576
vn 0.8279 0.0880 -0.5539
vn 0.7727 -0.2177 -0.5963
vn 0.6407 -0.5016 -0.5813
vn 0.4450 -0.7356 -0.5108
vn 0.2052 -0.8970 -0.3916
vn -0.0550 -0.9704 -0.2351
vn -0.3098 -0.9491 -0.0562
vn -0.5341 -0.8356 0.1281
vn -0.7063 -0.6411 0.3004
vn -0.8095 -0.3843 0.4438
vn -0.8339 -0.0902 0.5445
vn -0.7772 0.2130 0.5921
vn -0.6449 0.4960 0.5814
vn -0.4501 0.7311 0.5127
vn -0.2119 0.8952 0.3922
vn 0.0465 0.9717 0.2315
vn 0.2998 0.9528 0.0472
vn 0.5236 0.8401 -0.1418
vn 0.6964 0.6445 -0.3158
vn 0.8418 0.3464 -0.4140
vn 0.8547 0.0504 -0.5166
vn 0.7834 -0.2504 -0.5688
vn 0.6346 -0.5261 -0.5662
vn 0.4228 -0.7495 -0.5093
vn 0.1693 -0.8991 -0.4037
vn -0.1009 -0.9604 -0.2596
vn -0.3613 -0.9281 -0.0905
vn -0.5862 -0.8055 0.0873
vn -0.7538 -0.6047 0.2570
vn -0.8480 -0.3453 0.4020
vn -0.8596 -0.0522 0.5082
vn -0.7876 0.2462 0.5649
vn -0.6388 0.5211 0.5660
vn -0.4280 0.7457 0.5107
vn -0.1756 0.8977 0.4040
vn 0.0935 0.9621 0.2563
vn 0.3530 0.9319 0.0826
vn 0.5779 0.8101 -0.0991
vn 0.7463 0.6083 -0.2703
vn 0.8755 0.3069 -0.3731
vn 0.8761 0.0129 -0.4820
vn 0.7903 -0.2822 -0.5439
vn 0.6265 -0.5491 -0.5531
vn 0.4009 -0.7616 -0.5092
vn 0.1357 -0.8989 -0.4165
vn -0.1428 -0.9482 -0.2838
vn -0.4072 -0.9049 -0.1238
vn -0.6319 -0.7736 0.0482
vn -0.7948 -0.5672 0.2158
vn -0.8803 -0.3057 0.3627
vn -0.8801 -0.0145 0.4746
vn -0.7941 0.2785 0.5402
vn -0.6308 0.5447 0.5526
vn -0.4060 0.7582 0.5102
vn -0.1417 0.8980 0.4165
vn 0.1362 0.9500 0.2809
vn 0.4005 0.9088 0.1171
vn 0.6254 0.7781 -0.0583
vn 0.7891 0.5707 -0.2273
vn 0.9034 0.2681 -0.3348
vn 0.8928 -0.0234 -0.4499
vn 0.7944 -0.3123 -0.5210
vn 0.6177 -0.5701 -0.5417
vn 0.3801 -0.7715 -0.5102
vn 0.1052 -0.8969 -0.4296
vn -0.1800 -0.9343 -0.3076
vn -0.4475 -0.8805 -0.1560
vn -0.6713 -0.7411 0.0107
vn -0.8296 -0.5297 0.1767
vn -0.9071 -0.2668 0.3257
vn -0.8962 0.0221 0.4432
vn -0.7979 0.3091 0.5175
vn -0.6219 0.5663 0.5409
vn -0.3851 0.7687 0.5107
vn -0.1108 0.8963 0.4295
vn 0.1742 0.9362 0.3052
vn 0.4420 0.8844 0.1503
vn 0.6663 0.7455 -0.0193
vn 0.8253 0.5331 -0.1865
vn 0.9261 0.2308 -0.2985
vn 0.9058 -0.0576 -0.4197
vn 0.7965 -0.3402 -0.4998
vn 0.6089 -0.5889 -0.5314
vn 0.3613 -0.7795 -0.5117
vn 0.0783 -0.8933 -0.4427
vn -0.2123 -0.9195 -0.3309
vn -0.4821 -0.8559 -0.1872
vn -0.7048 -0.7090 -0.0253
vn -0.8587 -0.4932 0.1393
vn -0.9290 -0.2295 0.2905
vn -0.9087 0.0566 0.4136
vn -0.7999 0.3374 0.4964
vn -0.6130 0.5856 0.5304
vn -0.3662 0.7771 0.5119
vn -0.0836 0.8929 0.4425
vn 0.2072 0.9214 0.3288
vn 0.4774 0.8595 0.1824
vn 0.7008 0.7131 0.0180
vn 0.8554 0.4965 -0.1478
vn 0.9445 0.1958 -0.2639
vn 0.9161 -0.0893 -0.3909
vn 0.7977 -0.3655 -0.4797
vn 0.6009 -0.6055 -0.5218
vn 0.3451 -0.7857 -0.5134
vn 0.0555 -0.8885 -0.4555
vn -0.2395 -0.9043 -0.3535
vn -0.5110 -0.8317 -0.2173
vn -0.7326 -0.6781 -0.0600
vn -0.8826 -0.4586 0.1033
vn -0.9467 -0.1945 0.2567
vn -0.9185 0.0885 0.3853
vn -0.8008 0.3632 0.4763
vn -0.6048 0.6027 0.5206
vn -0.3497 0.7837 0.5134
vn -0.0604 0.8883 0.4552
vn 0.2349 0.9061 0.3517
vn 0.5070 0.8351 0.2133
vn 0.7294 0.6820 0.0538
vn 0.8801 0.4617 -0.1107
vn 0.9593 0.1635 -0.2303
vn 0.9243 -0.1183 -0.3629
vn 0.7985 -0.3883 -0.4600
vn 0.5943 -0.6200 -0.5123
vn 0.3318 -0.7904 -0.5149
vn 0.0368 -0.8831 -0.4677
vn -0.2617 -0.8892 -0.3752
vn -0.5345 -0.8085 -0.2464
vn -0.7551 -0.6489 -0.0936
vn -0.9020 -0.4262 0.0683
vn -0.9610 -0.1622 0.2238
vn -0.9264 0.1178 0.3577
vn -0.8014 0.3863 0.4567
vn -0.5981 0.6175 0.5109
vn -0.3362 0.7887 0.5147
vn -0.0414 0.8830 0.4675
vn 0.2575 0.8911 0.3738
vn 0.5311 0.8117 0.2431
vn 0.7525 0.6526 0.0884
vn 0.9001 0.4292 -0.0748
vn 0.9711 0.1340 -0.1974
vn 0.9310 -0.1445 -0.3353
vn 0.7994 -0.4088 -0.4403
vn 0.5894 -0.6326 -0.5024
vn 0.3216 -0.7941 -0.5157
vn 0.0223 -0.8775 -0.4790
vn -0.2790 -0.8749 -0.3959
vn -0.5530 -0.7867 -0.2744
vn -0.7729 -0.6219 -0.1263
vn -0.9174 -0.3965 0.0342
vn -0.9725 -0.1326 0.1916
vn -0.9328 0.1442 0.3304
vn -0.8021 0.4071 0.4370
vn -0.5930 0.6305 0.5008
vn -0.3258 0.7927 0.5153
vn -0.0267 0.8775 0.4788
vn 0.2751 0.8766 0.3948
vn 0.5500 0.7898 0.2717
vn 0.7708 0.6253 0.1218
vn 0.9159 0.3994 -0.0399
vn 0.9805 0.1073 -0.1648
vn 0.9366 -0.1682 -0.3075
vn 0.8007 -0.4271 -0.4201
vn 0.5862 -0.6439 -0.4917
vn 0.3144 -0.7972 -0.5154
vn 0.0118 -0.8721 -0.4891
vn -0.2919 -0.8615 -0.4154
vn -0.5668 -0.7667 -0.3014
vn -0.7864 -0.5971 -0.1581
vn -0.9293 -0.3694 0.0007
vn -0.9815 -0.1058 0.1595
vn -0.9381 0.1681 0.3029
vn -0.8029 0.4264 0.4166
vn -0.5898 0.6427 0.4890
vn -0.3186 0.7965 0.5138
vn -0.0161 0.8728 0.4878
vn 0.2880 0.8638 0.4134
vn 0.5634 0.7702 0.2989
vn 0.7847 0.6004 0.1544
vn 0.9281 0.3722 -0.0056
vn 0.9877 0.0830 -0.1322
vn 0.9412 -0.1897 -0.2794
vn 0.8023 -0.4438 -0.3991
vn 0.5847 -0.6541 -0.4798
vn 0.3099 -0.8000 -0.5138
vn 0.0047 -0.8673 -0.4978
vn -0.3007 -0.8495 -0.4336
vn -0.5767 -0.7486 -0.3272
vn -0.7963 -0.5747 -0.1890
vn -0.9381 -0.3448 -0.0324
vn -0.9885 -0.0814 0.1275
vn -0.9424 0.1902 0.2750
vn -0.8042 0.4431 0.3960
vn -0.5878 0.6523 0.4785
vn -0.3136 0.7986 0.5137
vn -0.0086 0.8670 0.4982
vn 0.2974 0.8507 0.4335
vn 0.5736 0.7516 0.3257
vn 0.7944 0.5783 0.1857
vn 0.9372 0.3475 0.0281
vn 0.9932 0.0608 -0.0997
vn 0.9451 -0.2095 -0.2507
vn 0.8043 -0.4593 -0.3771
vn 0.5846 -0.6638 -0.4665
vn 0.3076 -0.8030 -0.5105
vn 0.0006 -0.8632 -0.5048
vn -0.3063 -0.8388 -0.4501
vn -0.5831 -0.7323 -0.3517
vn -0.8029 -0.5543 -0.2190
vn -0.9444 -0.3224 -0.0651
vn -0.9937 -0.0590 0.0953
vn -0.9460 0.2101 0.2468
vn -0.8062 0.4583 0.3743
vn -0.5875 0.6623 0.4650
vn -0.3113 0.8018 0.5102
vn -0.0044 0.8630 0.5051
vn 0.3030 0.8399 0.4502
vn 0.5808 0.7346 0.3509
vn 0.8013 0.5576 0.2168
vn 0.9436 0.3253 0.0613
vn 0.9969 0.0402 -0.0671
vn 0.9481 -0.2282 -0.2214
vn 0.8062 -0.4741 -0.3539
vn 0.5852 -0.6734 -0.4517
vn 0.3069 -0.8064 -0.5054
vn -0.0013 -0.8602 -0.5100
vn -0.3093 -0.8296 -0.4649
vn -0.5869 -0.7177 -0.3747
vn -0.8070 -0.5359 -0.2481
vn -0.9484 -0.3018 -0.0973
vn -0.9973 -0.0383 0.0633
vn -0.9489 0.2286 0.2177
vn -0.8079 0.4734 0.3509
vn -0.5880 0.6721 0.4500
vn -0.3105 0.8054 0.5049
vn -0.0024 0.8601 0.5102
vn 0.3060 0.8307 0.4651
vn 0.5845 0.7200 0.3742
vn 0.8057 0.5386 0.2463
vn 0.9478 0.3046 0.0942
vn 0.9992 0.0205 -0.0343
vn 0.9501 -0.2463 -0.1914
vn 0.8077 -0.4889 -0.3294
vn 0.5862 -0.6834 -0.4352
vn 0.3071 -0.8107 -0.4984
vn -0.0018 -0.8583 -0.5131
vn -0.3105 -0.8217 -0.4779
vn -0.5886 -0.7047 -0.3962
vn -0.8091 -0.5188 -0.2760
vn -0.9506 -0.2824 -0.1289
vn -0.9994 -0.0186 0.0308
vn -0.9507 0.2470 0.1877
vn -0.8092 0.4885 0.3264
vn -0.5887 0.6824 0.4332
vn -0.3106 0.8098 0.4977
vn -0.0019 0.8583 0.5132
vn 0.3072 0.8228 0.4781
vn 0.5862 0.7069 0.3959
vn 0.8078 0.5216 0.2745
vn 0.9502 0.2851 0.1262
s 1
usemtl matCorRubi
f 2//2 21//21 1//1
f 3//3 22//22 2//2
f 4//4 23//23 3//3
f 5//5 24//24 4//4
f 6//6 25//25 5//5
f 7//7 26//26 6//6
f 8//8 27//27 7//7
f 9//9 28//28 8//8
f 10//10 29//29 9//9
f 11//11 30//30 10//10
f 32//32 11//11 12//12
f 33//33 12//12 13//13
f 34//34 13//13 14//14
f 35//35 14//14 15//15
f 36//36 15//15 16//16
f 37//37 16//16 17//17
f 38//38 17//17 18//18
f 39//39 18//18 19//19
f 40//40 19//19 20//20
f 21//21 20//20 1//1
f 22//22 41//41 21//21
f 23//23 42//42 22//22
f 24//24 43//43 23//23
f 25//25 44//44 24//24
f 26//26 45//45 25//25
f 27//27 46//46 26//26
f 28//28 47//47 27//27
f 29//29 48//48 28//28
f 30//30 49//49 29//29
f 31//31 50//50 30//30
f 32//32 51//51 31//31
f 53//53 32//32 33//33
f 54//54 33//33 34//34
f 55//55 34//34 35//35
f 56//56 35//35 36//36
f 57//57 36//36 37//37
f 58//58 37//37 38//38
f 59//59 38//38 39//39
f 60//60 39//39 40//40
f 41//41 40//40 21//21
f 42//42 61//61 41//41
f 43//43 62//62 42//42
f 44//44 63//63 43//43
f 45//45 64//64 44//44
f 46//46 65//65 45//45
f 47//47 66//66 46//46
f 48//48 67//67 47//47
f 49//49 68//68 48//48
f 50//50 69//69 49//49
f 51//51 70//70 50//50
f 52//52 71//71 51//51
f 53//53 72//72 52//52
f 74//74 53//53 54//54
f 75//75 54//54 55//55
f 76//76 55//55 56//56
f 77//77 56//56 57//57
f 78//78 57//57 58//58
f 79//79 58//58 59//59
f 80//80 59//59 60//60
f 41//41 80//80 60//60
f 62//62 81//81 61//61
f 63//63 82//82 62//62
f 64//64 83//83 63//63
f 65//65 84//84 64//64
f 66//66 85//85 65//65
f 67//67 86//86 66//66
f 68//68 87//87 67//67
f 69//69 88//88 68//68
f 70//70 89//89 69//69
f 71//71 90//90 70//70
f 72//72 91//91 71//71
f 73//73 92//92 72//72
f 74//74 93//93 73//73
f 95//95 74//74 75//75
f 96//96 75//75 76//76
f 97//97 76//76 77//77
f 98//98 77//77 78//78
f 99//99 78//78 79//79
f 80//80 99//99 79//79
f 61//61 100//100 80//80
f 82//82 101//101 81//81
f 83//83 102//102 82//82
f 84//84 103//103 83//83
f 85//85 104//104 84//84
f 86//86 105//105 85//85
f 87//87 106//106 86//86
f 88//88 107//107 87//87
f 89//89 108//108 88//88
f 90//90 109//109 89//89
f 91//91 110//110 90//90
f 92//92 111//111 91//91
f 93//93 112//112 92//92
f 94//94 113//113 93//93
f 95//95 114//114 94//94
f 96//96 115//115 95//95
f 97//97 116//116 96//96
f 98//98 117//117 97//97
f 99//99 118//118 98//98
f 100//100 119//119 99//99
f 81//81 120//120 100//100
f 102//102 121//121 101//101
f 103//103 122//122 102//102
f 104//104 123//123 103//103
f 105//105 124//124 104//104
f 106//106 125//125 105//105
f 107//107 126//126 106//106
f 108//108 127//127 107//107
f 109//109 128//128 108//108
f 110//110 129//129 109//109
f 111//111 130//130 110//110
f 112//112 131//131 111//111
f 113//113 132//132 112//112
f 114//114 133//133 113//113
f 115//115 134//134 114//114
f 116//116 135//135 115//115
f 117//117 136//136 116//116
f 118//118 137//137 117//117
f 119//119 138//138 118//118
f 120//120 139//139 119//119
f 101//101 140//140 120//120
f 122//122 141//141 121//121
f 123//123 142//142 122//122
f 124//124 143//143 123//123
f 125//125 144//144 124//124
f 126//126 145//145 125//125
f 127//127 146//146 126//126
f 128//128 147//147 127//127
f 129//129 148//148 128//128
f 130//130 149//149 129//129
f 131//131 150//150 130//130
f 132//132 151//151 131//131
f 133//133 152//152 132//132
f 134//134 153//153 133//133
f 135//135 154//154 134//134
f 136//136 155//155 135//135
f 137//137 156//156 136//136
f 138//138 157//157 137//137
f 139//139 158//158 138//138
f 140//140 159//159 139//139
f 121//121 160//160 140//140
f 142//142 161//161 141//141
f 143//143 162//162 142//142
f 144//144 163//163 143//143
f 145//145 164//164 144//144
f 146//146 165//165 145//145
f 147//147 166//166 146//146
f 148//148 167//167 147//147
f 149//149 168//168 148//148
f 150//150 169//169 149//149
f 151//151 170//170 150//150
f 152//152 171//171 151//151
f 153//153 172//172 152//152
f 154//154 173//173 153//153
f 155//155 174//174 154//154
f 156//156 175//175 155//155
f 157//157 176//176 156//156
f 158//158 177//177 157//157
f 159//159 178//178 158//158
f 160//160 179//179 159//159
f 141//141 180//180 160//160
f 162//162 181//181 161//161
f 163//163 182//182 162//162
f 164//164 183//183 163//163
f 165//165 184//184 164//164
f 166//166 185//185 165//165
f 167//167 186//186 166//166
f 168//168 187//187 167//167
f 169//169 188//188 168//168
f 170//170 189//189 169//169
f 171//171 190//190 170//170
f 172//172 191//191 171//171
f 173//173 192//192 172//172
f 174//174 193//193 173//173
f 175//175 194//194 174//174
f 176//176 195//195 175//175
f 177//177 196//196 176//176
f 178//178 197//197 177//177
f 179//179 198//198 178//178
f 180//180 199//199 179//179
f 161//161 200//200 180//180
f 182//182 201//201 181//181
f 183//183 202//202 182//182
f 184//184 203//203 183//183
f 185//185 204//204 184//184
f 186//186 205//205 185//185
f 187//187 206//206 186//186
f 188//188 207//207 187//187
f 189//189 208//208 188//188
f 190//190 209//209 189//189
f 191//191 210//210 190//190
f 192//192 211//211 191//191
f 193//193 212//212 192//192
f 194//194 213//213 193//193
f 195//195 214//214 194//194
f 196//196 215//215 195//195
f 197//197 216//216 196//196
f 198//198 217//217 197//197
f 199//199 218//218 198//198
f 200//200 219//219 199//199
f 181//181 220//220 200//200
f 202//202 221//221 201//201
f 203//203 222//222 202//202
f 204//204 223//223 203//203
f 205//205 224//224 204//204
f 206//206 225//225 205//205
f 207//207 226//226 206//206
f 208//208 227//227 207//207
f 209//209 228//228 208//208
f 210//210 229//229 209//209
f 211//211 230//230 210//210
f 212//212 231//231 211//211
f 213//213 232//232 212//212
f 214//214 233//233 213//213
f 215//215 234//234 214//214
f 216//216 235//235 215//215
f 217//217 236//236 216//216
f 218//218 237//237 217//217
f 219//219 238//238 218//218
f 220//220 239//239 219//219
f 201//201 240//240 220//220
f 222//222 241//241 221//221
f 223//223 242//242 222//222
f 224//224 243//243 223//223
f 225//225 244//244 224//224
f 226//226 245//245 225//225
f 227//227 246//246 226//226
f 228//228 247//247 227//227
f 229//229 248//248 228//228
f 230//230 249//249 229//229
f 231//231 250//250 230//230
f 232//232 251//251 231//231
f 233//233 252//252 232//232
f 234//234 253//253 233//233
f 235//235 254//254 234//234
f 236//236 255//255 235//235
f 237//237 256//256 236//236
f 238//238 257//257 237//237
f 239//239 258//258 238//238
f 240//240 259//259 239//239
f 221//221 260//260 240//240
f 242//242 261//261 241//241
f 243//243 262//262 242//242
f 244//244 263//263 243//243
f 245//245 264//264 244//244
f 246//246 265//265 245//245
f 247//247 266//266 246//246
f 248//248 267//267 247//247
f 249//249 268//268 248//248
f 250//250 269//269 249//249
f 251//251 270//270 250//250
f 252//252 271//271 251//251
f 253//253 272//272 252//252
f 254//254 273//273 253//253
f 255//255 274//274 254//254
f 256//256 275//275 255//255
f 257//257 276//276 256//256
f 258//258 277//277 257//257
f 259//259 278//278 258//258
f 260//260 279//279 259//259
f 241//241 280//280 260//260
f 262//262 281//281 261//261
f 263//263 282//282 262//262
f 264//264 283//283 263//263
f 265//265 284//284 264//264
f 266//266 285//285 265//265
f 267//267 286//286 266//266
f 268//268 287//287 267//267
f 269//269 288//288 268//268
f 270//270 289//289 269//269
f 271//271 290//290 270//270
f 272//272 291//291 271//271
f 273//273 292//292 272//272
f 274//274 293//293 273//273
f 275//275 294//294 274//274
f 276//276 295//295 275//275
f 277//277 296//296 276//276
f 278//278 297//297 277//277
f 279//279 298//298 278//278
f 280//280 299//299 279//279
f 261//261 300//300 280//280
f 282//282 301//301 281//281
f 283//283 302//302 282//282
f 284//284 303//303 283//283
f 285//285 304//304 284//284
f 286//286 305//305 285//285
f 287//287 306//306 286//286
f 288//288 307//307 287//287
f 289//289 308//308 288//288
f 290//290 309//309 289//289
f 291//291 310//310 290//290
f 292//292 311//311 291//291
f 293//293 312//312 292//292
f 294//294 313//313 293//293
f 295//295 314//314 294//294
f 296//296 315//315 295//295
f 297//297 316//316 296//296
f 298//298 317//317 297//297
f 299//299 318//318 298//298
f 300//300 319//319 299//299
f 281//281 320//320 300//300
f 302//302 321//321 301//301
f 303//303 322//322 302//302
f 304//304 323//323 303//303
f 305//305 324//324 304//304
f 306//306 325//325 305//305
f 307//307 326//326 306//306
f 308//308 327//327 307//307
f 309//309 328//328 308//308
f 310//310 329//329 309//309
f 311//311 330//330 310//310
f 312//312 331//331 311//311
f 313//313 332//332 312//312
f 314//314 333//333 313//313
f 315//315 334//334 314//314
f 316//316 335//335 315//315
f 317//317 336//336 316//316
f 318//318 337//337 317//317
f 319//319 338//338 318//318
f 320//320 339//339 319//319
f 301//301 340//340 320//320
f 322//322 341//341 321//321
f 323//323 342//342 322//322
f 324//324 343//343 323//323
f 325//325 344//344 324//324
f 326//326 345//345 325//325
f 327//327 346//346 326//326
f 328//328 347//347 327//327
f 329//329 348//348 328//328
f 330//330 349//349 329//329
f 331//331 350//350 330//330
f 332//332 351//351 331//331
f 333//333 352//352 332//332
f 334//334 353//353 333//333
f 335//335 354//354 334//334
f 336//336 355//355 335//335
f 337//337 356//356 336//336
f 338//338 357//357 337//337
f 339//339 358//358 338//338
f 340//340 359//359 339//339
f 321//321 360//360 340//340
f 342//342 361//361 341//341
f 343//343 362//362 342//342
f 344//344 363//363 343//343
f 345//345 364//364 344//344
f 346//346 365//365 345//345
f 347//347 366//366 346//346
f 348//348 367//367 347//347
f 349//349 368//368 348//348
f 350//350 369//369 349//349
f 351//351 370//370 350//350
f 352//352 371//371 351//351
f 353//353 372//372 352//352
f 354//354 373//373 353//353
f 355//355 374//374 354//354
f 356//356 375//375 355//355
f 357//357 376//376 356//356
f 358//358 377//377 357//357
f 359//359 378//378 358//358
f 360//360 379//379 359//359
f 341//341 380//380 360//360
f 362//362 381//381 361//361
f 363//363 382//382 362//362
f 364//364 383//383 363//363
f 365//365 384//384 364//364
f 366//366 385//385 365//365
f 367//367 386//386 366//366
f 368//368 387//387 367//367
f 369//369 388//388 368//368
f 370//370 389//389 369//369
f 371//371 390//390 370//370
f 372//372 391//391 371//371
f 373//373 392//392 372//372
f 374//374 393//393 373//373
f 375//375 394//394 374//374
f 376//376 395//395 375//375
f 377//377 396//396 376//376
f 378//378 397//397 377//377
f 379//379 398//398 378//378
f 380//380 399//399 379//379
f 361//361 400//400 380//380
f 382//382 401//401 381//381
f 383//383 402//402 382//382
f 384//384 403//403 383//383
f 385//385 404//404 384//384
f 386//386 405//405 385//385
f 387//387 406//406 386//386
f 388//388 407//407 387//387
f 389//389 408//408 388//388
f 390//390 409//409 389//389
f 391//391 410//410 390//390
f 392//392 411//411 391//391
f 393//393 412//412 392//392
f 394//394 413//413 393//393
f 395//395 414//414 394//394
f 396//396 415//415 395//395
f 397//397 416//416 396//396
f 398//398 417//417 397//397
f 399//399 418//418 398//398
f 400//400 419//419 399//399
f 381//381 420//420 400//400
f 402//402 421//421 401//401
f 403//403 422//422 402//402
f 404//404 423//423 403//403
f 405//405 424//424 404//404
f 406//406 425//425 405//405
f 407//407 426//426 406//406
f 408//408 427//427 407//407
f 409//409 428//428 408//408
f 410//410 429//429 409//409
f 411//411 430//430 410//410
f 412//412 431//431 411//411
f 413//413 432//432 412//412
f 414//414 433//433 413//413
f 415//415 434//434 414//414
f 416//416 435//435 415//415
f 437//437 416//416 417//417
f 418//418 437//437 417//417
f 419//419 438//438 418//418
f 420//420 439//439 419//419
f 401//401 440//440 420//420
f 422//422 441//441 421//421
f 423//423 442//442 422//422
f 424//424 443//443 423//423
f 425//425 444//444 424//424
f 426//426 445//445 425//425
f 427//427 446//446 426//426
f 428//428 447//447 427//427
f 429//429 448//448 428//428
f 430//430 449//449 429//429
f 431//431 450//450 430//430
f 432//432 451//451 431//431
f 433//433 452//452 432//432
f 434//434 453//453 433//433
f 435//435 454//454 434//434
f 456//456 435//435 436//436
f 457//457 436//436 437//437
f 458//458 437//437 438//438
f 459//459 438//438 439//439
f 440//440 459//459 439//439
f 421//421 460//460 440//440
f 442//442 461//461 441//441
f 443//443 462//462 442//442
f 444//444 463//463 443//443
f 445//445 464//464 444//444
f 446//446 465//465 445//445
f 447//447 466//466 446//446
f 448//448 467//467 447//447
f 449//449 468//468 448//448
f 450//450 469//469 449//449
f 451//451 470//470 450//450
f 452//452 471//471 451//451
f 453//453 472//472 452//452
f 454//454 473//473 453//453
f 475//475 454//454 455//455
f 476//476 455//455 456//456
f 477//477 456//456 457//457
f 478//478 457//457 458//458
f 479//479 458//458 459//459
f 460//460 479//479 459//459
f 441//441 480//480 460//460
f 462//462 481//481 461//461
f 463//463 482//482 462//462
f 464//464 483//483 463//463
f 465//465 484//484 464//464
f 466//466 485//485 465//465
f 467//467 486//486 466//466
f 468//468 487//487 467//467
f 469//469 488//488 468//468
f 470//470 489//489 469//469
f 471//471 490//490 470//470
f 472//472 491//491 471//471
f 473//473 492//492 472//472
f 494//494 473//473 474//474
f 495//495 474//474 475//475
f 496//496 475//475 476//476
f 497//497 476//476 477//477
f 498//498 477//477 478//478
f 499//499 478//478 479//479
f 500//500 479//479 480//480
f 461//461 500//500 480//480
f 482//482 501//501 481//481
f 483//483 502//502 482//482
f 484//484 503//503 483//483
f 485//485 504//504 484//484
f 486//486 505//505 485//485
f 487//487 506//506 486//486
f 488//488 507//507 487//487
f 489//489 508//508 488//488
f 490//490 509//509 489//489
f 491//491 510//510 490//490
f 492//492 511//511 491//491
f 493//493 512//512 492//492
f 514//514 493//493 494//494
f 515//515 494//494 495//495
f 516//516 495//495 496//496
f 517//517 496//496 497//497
f 518//518 497//497 498//498
f 519//519 498//498 499//499
f 520//520 499//499 500//500
f 481//481 520//520 500//500
f 502//502 521//521 501//501
f 503//503 522//522 502//502
f 504//504 523//523 503//503
f 505//505 524//524 504//504
f 506//506 525//525 505//505
f 507//507 526//526 506//506
f 508//508 527//527 507//507
f 509//509 528//528 508//508
f 510//510 529//529 509//509
f 511//511 530//530 510//510
f 512//512 531//531 511//511
f 513//513 532//532 512//512
f 534//534 513//513 514//514
f 535//535 514//514 515//515
f 536//536 515//515 516//516
f 537//537 516//516 517//517
f 538//538 517//517 518//518
f 539//539 518//518 519//519
f 540//540 519//519 520//520
f 521//521 520//520 501//501
f 522//522 541//541 521//521
f 523//523 542//542 522//522
f 524//524 543//543 523//523
f 525//525 544//544 524//524
f 526//526 545//545 525//525
f 527//527 546//546 526//526
f 528//528 547//547 527//527
f 529//529 548//548 528//528
f 530//530 549//549 529//529
f 531//531 550//550 530//530
f 532//532 551//551 531//531
f 553//553 532//532 533//533
f 554//554 533//533 534//534
f 555//555 534//534 535//535
f 556//556 535//535 536//536
f 557//557 536//536 537//537
f 558//558 537//537 538//538
f 559//559 538//538 539//539
f 560//560 539//539 540//540
f 541//541 540//540 521//521
f 542//542 561//561 541//541
f 543//543 562//562 542//542
f 544//544 563//563 543//543
f 545//545 564//564 544//544
f 546//546 565//565 545//545
f 547//547 566//566 546//546
f 548//548 567//567 547//547
f 549//549 568//568 548//548
f 550//550 569//569 549//549
f 551//551 570//570 550//550
f 552//552 571//571 551//551
f 573//573 552//552 553//553
f 574//574 553//553 554//554
f 575//575 554//554 555//555
f 576//576 555//555 556//556
f 577//577 556//556 557//557
f 578//578 557//557 558//558
f 579//579 558//558 559//559
f 580//580 559//559 560//560
f 561//561 560//560 541//541
f 562//562 581//581 561//561
f 563//563 582//582 562//562
f 564//564 583//583 563//563
f 565//565 584//584 564//564
f 566//566 585//585 565//565
f 567//567 586//586 566//566
f 568//568 587//587 567//567
f 569//569 588//588 568//568
f 570//570 589//589 569//569
f 571//571 590//590 570//570
f 572//572 591//591 571//571
f 593//593 572//572 573//573
f 594//594 573//573 574//574
f 595//595 574//574 575//575
f 596//596 575//575 576//576
f 597//597 576//576 577//577
f 598//598 577//577 578//578
f 599//599 578//578 579//579
f 600//600 579//579 580//580
f 581//581 580//580 561//561
f 582//582 601//601 581//581
f 583//583 602//602 582//582
f 584//584 603//603 583//583
f 585//585 604//604 584//584
f 586//586 605//605 585//585
f 587//587 606//606 586//586
f 588//588 607//607 587//587
f 589//589 608//608 588//588
f 590//590 609//609 589//589
f 591//591 610//610 590//590
f 612//612 591//591 592//592
f 613//613 592//592 593//593
f 614//614 593//593 594//594
f 615//615 594//594 595//595
f 616//616 595//595 596//596
f 617//617 596//596 597//597
f 618//618 597//597 598//598
f 619//619 598//598 599//599
f 620//620 599//599 600//600
f 601//601 600//600 581//581
f 602//602 621//621 601//601
f 603//603 622//622 602//602
f 604//604 623//623 603//603
f 605//605 624//624 604//604
f 606//606 625//625 605//605
f 607//607 626//626 606//606
f 608//608 627//627 607//607
f 609//609 628//628 608//608
f 610//610 629//629 609//609
f 611//611 630//630 610//610
f 632//632 611//611 612//612
f 633//633 612//612 613//613
f 634//634 613//613 614//614
f 635//635 614//614 615//615
f 636//636 615//615 616//616
f 637//637 616//616 617//617
f 638//638 617//617 618//618
f 639//639 618//618 619//619
f 640//640 619//619 620//620
f 621//621 620//620 601//601
f 622//622 641//641 621//621
f 623//623 642//642 622//622
f 624//624 643//643 623//623
f 625//625 644//644 624//624
f 626//626 645//645 625//625
f 627//627 646//646 626//626
f 628//628 647//647 627//627
f 629//629 648//648 628//628
f 630//630 649//649 629//629
f 631//631 650//650 630//630
f 652//652 631//631 632//632
f 653//653 632//632 633//633
f 654//654 633//633 634//634
f 655//655 634//634 635//635
f 656//656 635//635 636//636
f 657//657 636//636 637//637
f 658//658 637//637 638//638
f 659//659 638//638 639//639
f 660//660 639//639 640//640
f 641//641 640//640 621//621
f 642//642 661//661 641//641
f 643//643 662//662 642//642
f 644//644 663//663 643//643
f 645//645 664//664 644//644
f 646//646 665//665 645//645
f 647//647 666//666 646//646
f 648//648 667//667 647//647
f 649//649 668//668 648//648
f 650//650 669//669 649//649
f 651//651 670//670 650//650
f 672//672 651//651 652//652
f 673//673 652//652 653//653
f 674//674 653//653 654//654
f 675//675 654//654 655//655
f 676//676 655//655 656//656
f 677//677 656//656 657//657
f 678//678 657//657 658//658
f 679//679 658//658 659//659
f 680//680 659//659 660//660
f 661//661 660//660 641//641
f 662//662 681//681 661//661
f 663//663 682//682 662//662
f 664//664 683//683 663//663
f 665//665 684//684 664//664
f 666//666 685//685 665//665
f 667//667 686//686 666//666
f 668//668 687//687 667//667
f 669//669 688//688 668//668
f 670//670 689//689 669//669
f 671//671 690//690 670//670
f 692//692 671//671 672//672
f 693//693 672//672 673//673
f 694//694 673//673 674//674
f 695//695 674//674 675//675
f 696//696 675//675 676//676
f 697//697 676//676 677//677
f 698//698 677//677 678//678
f 699//699 678//678 679//679
f 700//700 679//679 680//680
f 681//681 680//680 661//661
f 682//682 701//701 681//681
f 683//683 702//702 682//682
f 684//684 703//703 683//683
f 685//685 704//704 684//684
f 686//686 705//705 685//685
f 687//687 706//706 686//686
f 688//688 707//707 687//687
f 689//689 708//708 688//688
f 690//690 709//709 689//689
f 691//691 710//710 690//690
f 712//712 691//691 692//692
f 713//713 692//692 693//693
f 714//714 693//693 694//694
f 715//715 694//694 695//695
f 716//716 695//695 696//696
f 717//717 696//696 697//697
f 718//718 697//697 698//698
f 719//719 698//698 699//699
f 720//720 699//699 700//700
f 701//701 700//700 681//681
f 702//702 721//721 701//701
f 703//703 722//722 702//702
f 704//704 723//723 703//703
f 705//705 724//724 704//704
f 706//706 725//725 705//705
f 707//707 726//726 706//706
f 708//708 727//727 707//707
f 709//709 728//728 708//708
f 710//710 729//729 709//709
f 711//711 730//730 710//710
f 732//732 711//711 712//712
f 733//733 712//712 713//713
f 734//734 713//713 714//714
f 735//735 714//714 715//715
f 736//736 715//715 716//716
f 737//737 716//716 717//717
f 738//738 717//717 718//718
f 739//739 718//718 719//719
f 740//740 719//719 720//720
f 721//721 720//720 701//701
f 722//722 741//741 721//721
f 723//723 742//742 722//722
f 724//724 743//743 723//723
f 725//725 744//744 724//724
f 726//726 745//745 725//725
f 727//727 746//746 726//726
f 728//728 747//747 727//727
f 729//729 748//748 728//728
f 730//730 749//749 729//729
f 731//731 750//750 730//730
f 752//752 731//731 732//732
f 753//753 732//732 733//733
f 754//754 733//733 734//734
f 755//755 734//734 735//735
f 756//756 735//735 736//736
f 757//757 736//736 737//737
f 758//758 737//737 738//738
f 759//759 738//738 739//739
f 760//760 739//739 740//740
f 721//721 760//760 740//740
f 742//742 761//761 741//741
f 743//743 762//762 742//742
f 744//744 763//763 743//743
f 745//745 764//764 744//744
f 746//746 765//765 745//745
f 747//747 766//766 746//746
f 748//748 767//767 747//747
f 749//749 768//768 748//748
f 750//750 769//769 749//749
f 751//751 770//770 750//750
f 772//772 751//751 752//752
f 773//773 752//752 753//753
f 774//774 753//753 754//754
f 775//775 754//754 755//755
f 776//776 755//755 756//756
f 777//777 756//756 757//757
f 778//778 757//757 758//758
f 779//779 758//758 759//759
f 780//780 759//759 760//760
f 741//741 780//780 760//760
f 762//762 781//781 761//761
f 763//763 782//782 762//762
f 764//764 783//783 763//763
f 765//765 784//784 764//764
f 766//766 785//785 765//765
f 767//767 786//786 766//766
f 768//768 787//787 767//767
f 769//769 788//788 768//768
f 770//770 789//789 769//769
f 771//771 790//790 770//770
f 792//792 771//771 772//772
f 793//793 772//772 773//773
f 794//794 773//773 774//774
f 795//795 774//774 775//775
f 796//796 775//775 776//776
f 797//797 776//776 777//777
f 798//798 777//777 778//778
f 799//799 778//778 779//779
f 800//800 779//779 780//780
f 761//761 800//800 780//780
f 782//782 801//801 781//781
f 783//783 802//802 782//782
f 784//784 803//803 783//783
f 785//785 804//804 784//784
f 786//786 805//805 785//785
f 787//787 806//806 786//786
f 788//788 807//807 787//787
f 789//789 808//808 788//788
f 790//790 809//809 789//789
f 791//791 810//810 790//790
f 812//812 791//791 792//792
f 813//813 792//792 793//793
f 814//814 793//793 794//794
f 815//815 794//794 795//795
f 816//816 795//795 796//796
f 817//817 796//796 797//797
f 818//818 797//797 798//798
f 819//819 798//798 799//799
f 820//820 799//799 800//800
f 781//781 820//820 800//800
f 802//802 821//821 801//801
f 803//803 822//822 802//802
f 804//804 823//823 803//803
f 805//805 824//824 804//804
f 806//806 825//825 805//805
f 807//807 826//826 806//806
f 808//808 827//827 807//807
f 809//809 828//828 808//808
f 810//810 829//829 809//809
f 811//811 830//830 810//810
f 832//832 811//811 812//812
f 833//833 812//812 813//813
f 834//834 813//813 814//814
f 835//835 814//814 815//815
f 836//836 815//815 816//816
f 837//837 816//816 817//817
f 838//838 817//817 818//818
f 839//839 818//818 819//819
f 820//820 839//839 819//819
f 801//801 840//840 820//820
f 822//822 841//841 821//821
f 823//823 842//842 822//822
f 824//824 843//843 823//823
f 825//825 844//844 824//824
f 826//826 845//845 825//825
f 827//827 846//846 826//826
f 828//828 847//847 827//827
f 829//829 848//848 828//828
f 830//830 849//849 829//829
f 831//831 850//850 830//830
f 832//832 851//851 831//831
f 853//853 832//832 833//833
f 854//854 833//833 834//834
f 855//855 834//834 835//835
f 856//856 835//835 836//836
f 857//857 836//836 837//837
f 858//858 837//837 838//838
f 859//859 838//838 839//839
f 840//840 859//859 839//839
f 821//821 860//860 840//840
f 842//842 861//861 841//841
f 843//843 862//862 842//842
f 844//844 863//863 843//843
f 845//845 864//864 844//844
f 846//846 865//865 845//845
f 847//847 866//866 846//846
f 848//848 867//867 847//847
f 849//849 868//868 848//848
f 850//850 869//869 849//849
f 851//851 870//870 850//850
f 852//852 871//871 851//851
f 873//873 852//852 853//853
f 874//874 853//853 854//854
f 875//875 854//854 855//855
f 876//876 855//855 856//856
f 877//877 856//856 857//857
f 878//878 857//857 858//858
f 859//859 878//878 858//858
f 860//860 879//879 859//859
f 841//841 880//880 860//860
f 862//862 881//881 861//861
f 863//863 882//882 862//862
f 864//864 883//883 863//863
f 865//865 884//884 864//864
f 866//866 885//885 865//865
f 867//867 886//886 866//866
f 868//868 887//887 867//867
f 869//869 888//888 868//868
f 870//870 889//889 869//869
f 871//871 890//890 870//870
f 872//872 891//891 871//871
f 873//873 892//892 872//872
f 894//894 873//873 874//874
f 895//895 874//874 875//875
f 896//896 875//875 876//876
f 897//897 876//876 877//877
f 898//898 877//877 878//878
f 879//879 898//898 878//878
f 880//880 899//899 879//879
f 861//861 900//900 880//880
f 882//882 901//901 881//881
f 883//883 902//902 882//882
f 884//884 903//903 883//883
f 885//885 904//904 884//884
f 886//886 905//905 885//885
f 887//887 906//906 886//886
f 888//888 907//907 887//887
f 889//889 908//908 888//888
f 890//890 909//909 889//889
f 891//891 910//910 890//890
f 892//892 911//911 891//891
f 893//893 912//912 892//892
f 894//894 913//913 893//893
f 915//915 894//894 895//895
f 916//916 895//895 896//896
f 917//917 896//896 897//897
f 898//898 917//917 897//897
f 899//899 918//918 898//898
f 900//900 919//919 899//899
f 881//881 920//920 900//900
f 902//902 921//921 901//901
f 903//903 922//922 902//902
f 904//904 923//923 903//903
f 905//905 924//924 904//904
f 906//906 925//925 905//905
f 907//907 926//926 906//906
f 908//908 927//927 907//907
f 909//909 928//928 908//908
f 910//910 929//929 909//909
f 911//911 930//930 910//910
f 912//912 931//931 911//911
f 913//913 932//932 912//912
f 914//914 933//933 913//913
f 915//915 934//934 914//914
f 916//916 935//935 915//915
f 917//917 936//936 916//916
f 918//918 937//937 917//917
f 919//919 938//938 918//918
f 920//920 939//939 919//919
f 901//901 940//940 920//920
f 922//922 941//941 921//921
f 923//923 942//942 922//922
f 924//924 943//943 923//923
f 925//925 944//944 924//924
f 926//926 945//945 925//925
f 927//927 946//946 926//926
f 928//928 947//947 927//927
f 929//929 948//948 928//928
f 930//930 949//949 929//929
f 931//931 950//950 930//930
f 932//932 951//951 931//931
f 933//933 952//952 932//932
f 934//934 953//953 933//933
f 935//935 954//954 934//934
f 936//936 955//955 935//935
f 937//937 956//956 936//936
f 938//938 957//957 937//937
f 939//939 958//958 938//938
f 940//940 959//959 939//939
f 921//921 960//960 940//940
f 942//942 961//961 941//941
f 943//943 962//962 942//942
f 944//944 963//963 943//943
f 945//945 964//964 944//944
f 946//946 965//965 945//945
f 947//947 966//966 946//946
f 948//948 967//967 947//947
f 949//949 968//968 948//948
f 950//950 969//969 949//949
f 951//951 970//970 950//950
f 952//952 971//971 951//951
f 953//953 972//972 952//952
f 954//954 973//973 953//953
f 955//955 974//974 954//954
f 956//956 975//975 955//955
f 957//957 976//976 956//956
f 958//958 977//977 957//957
f 959//959 978//978 958//958
f 960//960 979//979 959//959
f 941//941 980//980 960//960
f 962//962 981//981 961//961
f 963//963 982//982 962//962
f 964//964 983//983 963//963
f 965//965 984//984 964//964
f 966//966 985//985 965//965
f 967//967 986//986 966//966
f 968//968 987//987 967//967
f 969//969 988//988 968//968
f 970//970 989//989 969//969
f 971//971 990//990 970//970
f 972//972 991//991 971//971
f 973//973 992//992 972//972
f 974//974 993//993 973//973
f 975//975 994//994 974//974
f 976//976 995//995 975//975
f 977//977 996//996 976//976
f 978//978 997//997 977//977
f 979//979 998//998 978//978
f 980//980 999//999 979//979
f 961//961 1000//1000 980//980
f 982//982 1001//1001 981//981
f 983//983 1002//1002 982//982
f 984//984 1003//1003 983//983
f 985//985 1004//1004 984//984
f 986//986 1005//1005 985//985
f 987//987 1006//1006 986//986
f 988//988 1007//1007 987//987
f 989//989 1008//1008 988//988
f 990//990 1009//1009 989//989
f 991//991 1010//1010 990//990
f 992//992 1011//1011 991//991
f 993//993 1012//1012 992//992
f 994//994 1013//1013 993//993
f 995//995 1014//1014 994//994
f 996//996 1015//1015 995//995
f 997//997 1016//1016 996//996
f 998//998 1017//1017 997//997
f 999//999 1018//1018 998//998
f 1000//1000 1019//1019 999//999
f 981//981 1020//1020 1000//1000
f 1002//1002 1021//1021 1001//1001
f 1003//1003 1022//1022 1002//1002
f 1004//1004 1023//1023 1003//1003
f 1005//1005 1024//1024 1004//1004
f 1006//1006 1025//1025 1005//1005
f 1007//1007 1026//1026 1006//1006
f 1008//1008 1027//1027 1007//1007
f 1009//1009 1028//1028 1008//1008
f 1010//1010 1029//1029 1009//1009
f 1011//1011 1030//1030 1010//1010
f 1012//1012 1031//1031 1011//1011
f 1013//1013 1032//1032 1012//1012
f 1014//1014 1033//1033 1013//1013
f 1015//1015 1034//1034 1014//1014
f 1016//1016 1035//1035 1015//1015
f 1017//1017 1036//1036 1016//1016
f 1018//1018 1037//1037 1017//1017
f 1019//1019 1038//1038 1018//1018
f 1020//1020 1039//1039 1019//1019
f 1001//1001 1040//1040 1020//1020
f 1022//1022 1041//1041 1021//1021
f 1023//1023 1042//1042 1022//1022
f 1024//1024 1043//1043 1023//1023
f 1025//1025 1044//1044 1024//1024
f 1026//1026 1045//1045 1025//1025
f 1027//1027 1046//1046 1026//1026
f 1028//1028 1047//1047 1027//1027
f 1029//1029 1048//1048 1028//1028
f 1030//1030 1049//1049 1029//1029
f 1031//1031 1050//1050 1030//1030
f 1032//1032 1051//1051 1031//1031
f 1033//1033 1052//1052 1032//1032
f 1034//1034 1053//1053 1033//1033
f 1035//1035 1054//1054 1034//1034
f 1036//1036 1055//1055 1035//1035
f 1037//1037 1056//1056 1036//1036
f 1038//1038 1057//1057 1037//1037
f 1039//1039 1058//1058 1038//1038
f 1040//1040 1059//1059 1039//1039
f 1021//1021 1060//1060 1040//1040
f 1042//1042 1061//1061 1041//1041
f 1043//1043 1062//1062 1042//1042
f 1044//1044 1063//1063 1043//1043
f 1045//1045 1064//1064 1044//1044
f 1046//1046 1065//1065 1045//1045
f 1047//1047 1066//1066 1046//1046
f 1048//1048 1067//1067 1047//1047
f 1049//1049 1068//1068 1048//1048
f 1050//1050 1069//1069 1049//1049
f 1051//1051 1070//1070 1050//1050
f 1052//1052 1071//1071 1051//1051
f 1053//1053 1072//1072 1052//1052
f 1054//1054 1073//1073 1053//1053
f 1055//1055 1074//1074 1054//1054
f 1056//1056 1075//1075 1055//1055
f 1057//1057 1076//1076 1056//1056
f 1058//1058 1077//1077 1057//1057
f 1059//1059 1078//1078 1058//1058
f 1060//1060 1079//1079 1059//1059
f 1041//1041 1080//1080 1060//1060
f 1062//1062 1081//1081 1061//1061
f 1063//1063 1082//1082 1062//1062
f 1064//1064 1083//1083 1063//1063
f 1065//1065 1084//1084 1064//1064
f 1066//1066 1085//1085 1065//1065
f 1067//1067 1086//1086 1066//1066
f 1068//1068 1087//1087 1067//1067
f 1069//1069 1088//1088 1068//1068
f 1070//1070 1089//1089 1069//1069
f 1071//1071 1090//1090 1070//1070
f 1072//1072 1091//1091 1071//1071
f 1073//1073 1092//1092 1072//1072
f 1074//1074 1093//1093 1073//1073
f 1075//1075 1094//1094 1074//1074
f 1076//1076 1095//1095 1075//1075
f 1077//1077 1096//1096 1076//1076
f 1078//1078 1097//1097 1077//1077
f 1079//1079 1098//1098 1078//1078
f 1080//1080 1099//1099 1079//1079
f 1061//1061 1100//1100 1080//1080
f 1082//1082 1101//1101 1081//1081
f 1083//1083 1102//1102 1082//1082
f 1084//1084 1103//1103 1083//1083
f 1085//1085 1104//1104 1084//1084
f 1086//1086 1105//1105 1085//1085
f 1087//1087 1106//1106 1086//1086
f 1088//1088 1107//1107 1087//1087
f 1089//1089 1108//1108 1088//1088
f 1090//1090 1109//1109 1089//1089
f 1091//1091 1110//1110 1090//1090
f 1092//1092 1111//1111 1091//1091
f 1093//1093 1112//1112 1092//1092
f 1094//1094 1113//1113 1093//1093
f 1095//1095 1114//1114 1094//1094
f 1096//1096 1115//1115 1095//1095
f 1097//1097 1116//1116 1096//1096
f 1098//1098 1117//1117 1097//1097
f 1099//1099 1118//1118 1098//1098
f 1100//1100 1119//1119 1099//1099
f 1081//1081 1120//1120 1100//1100
f 1102//1102 1121//1121 1101//1101
f 1103//1103 1122//1122 1102//1102
f 1104//1104 1123//1123 1103//1103
f 1105//1105 1124//1124 1104//1104
f 1106//1106 1125//1125 1105//1105
f 1107//1107 1126//1126 1106//1106
f 1108//1108 1127//1127 1107//1107
f 1109//1109 1128//1128 1108//1108
f 1110//1110 1129//1129 1109//1109
f 1111//1111 1130//1130 1110//1110
f 1112//1112 1131//1131 1111//1111
f 1113//1113 1132//1132 1112//1112
f 1114//1114 1133//1133 1113//1113
f 1115//1115 1134//1134 1114//1114
f 1116//1116 1135//1135 1115//1115
f 1117//1117 1136//1136 1116//1116
f 1118//1118 1137//1137 1117//1117
f 1119//1119 1138//1138 1118//1118
f 1120//1120 1139//1139 1119//1119
f 1101//1101 1140//1140 1120//1120
f 1122//1122 1141//1141 1121//1121
f 1123//1123 1142//1142 1122//1122
f 1124//1124 1143//1143 1123//1123
f 1125//1125 1144//1144 1124//1124
f 1126//1126 1145//1145 1125//1125
f 1127//1127 1146//1146 1126//1126
f 1128//1128 1147//1147 1127//1127
f 1129//1129 1148//1148 1128//1128
f 1130//1130 1149//1149 1129//1129
f 1131//1131 1150//1150 1130//1130
f 1132//1132 1151//1151 1131//1131
f 1133//1133 1152//1152 1132//1132
f 1134//1134 1153//1153 1133//1133
f 1135//1135 1154//1154 1134//1134
f 1136//1136 1155//1155 1135//1135
f 1137//1137 1156//1156 1136//1136
f 1138//1138 1157//1157 1137//1137
f 1139//1139 1158//1158 1138//1138
f 1140//1140 1159//1159 1139//1139
f 1121//1121 1160//1160 1140//1140
f 1142//1142 1161//1161 1141//1141
f 1143//1143 1162//1162 1142//1142
f 1144//1144 1163//1163 1143//1143
f 1145//1145 1164//1164 1144//1144
f 1146//1146 1165//1165 1145//1145
f 1147//1147 1166//1166 1146//1146
f 1148//1148 1167//1167 1147//1147
f 1149//1149 1168//1168 1148//1148
f 1150//1150 1169//1169 1149//1149
f 1151//1151 1170//1170 1150//1150
f 1152//1152 1171//1171 1151//1151
f 1153//1153 1172//1172 1152//1152
f 1154//1154 1173//1173 1153//1153
f 1155//1155 1174//1174 1154//1154
f 1156//1156 1175//1175 1155//1155
f 1157//1157 1176//1176 1156//1156
f 1158//1158 1177//1177 1157//1157
f 1159//1159 1178//1178 1158//1158
f 1160//1160 1179//1179 1159//1159
f 1141//1141 1180//1180 1160//1160
f 1162//1162 1181//1181 1161//1161
f 1163//1163 1182//1182 1162//1162
f 1164//1164 1183//1183 1163//1163
f 1165//1165 1184//1184 1164//1164
f 1166//1166 1185//1185 1165//1165
f 1167//1167 1186//1186 1166//1166
f 1168//1168 1187//1187 1167//1167
f 1169//1169 1188//1188 1168//1168
f 1170//1170 1189//1189 1169//1169
f 1171//1171 1190//1190 1170//1170
f 1172//1172 1191//1191 1171//1171
f 1173//1173 1192//1192 1172//1172
f 1174//1174 1193//1193 1173//1173
f 1175//1175 1194//1194 1174//1174
f 1176//1176 1195//1195 1175//1175
f 1177//1177 1196//1196 1176//1176
f 1178//1178 1197//1197 1177//1177
f 1179//1179 1198//1198 1178//1178
f 1180//1180 1199//1199 1179//1179
f 1161//1161 1200//1200 1180//1180
f 1182//1182 1201//1201 1181//1181
f 1183//1183 1202//1202 1182//1182
f 1184//1184 1203//1203 1183//1183
f 1185//1185 1204//1204 1184//1184
f 1186//1186 1205//1205 1185//1185
f 1187//1187 1206//1206 1186//1186
f 1188//1188 1207//1207 1187//1187
f 1189//1189 1208//1208 1188//1188
f 1190//1190 1209//1209 1189//1189
f 1191//1191 1210//1210 1190//1190
f 1192//1192 1211//1211 1191//1191
f 1193//1193 1212//1212 1192//1192
f 1194//1194 1213//1213 1193//1193
f 1195//1195 1214//1214 1194//1194
f 1196//1196 1215//1215 1195//1195
f 1197//1197 1216//1216 1196//1196
f 1198//1198 1217//1217 1197//1197
f 1199//1199 1218//1218 1198//1198
f 1200//1200 1219//1219 1199//1199
f 1181//1181 1220//1220 1200//1200
f 1202//1202 1221//1221 1201//1201
f 1203//1203 1222//1222 1202//1202
f 1204//1204 1223//1223 1203//1203
f 1205//1205 1224//1224 1204//1204
f 1206//1206 1225//1225 1205//1205
f 1207//1207 1226//1226 1206//1206
f 1208//1208 1227//1227 1207//1207
f 1209//1209 1228//1228 1208//1208
f 1210//1210 1229//1229 1209//1209
f 1211//1211 1230//1230 1210//1210
f 1212//1212 1231//1231 1211//1211
f 1213//1213 1232//1232 1212//1212
f 1214//1214 1233//1233 1213//1213
f 1215//1215 1234//1234 1214//1214
f 1216//1216 1235//1235 1215//1215
f 1217//1217 1236//1236 1216//1216
f 1218//1218 1237//1237 1217//1217
f 1219//1219 1238//1238 1218//1218
f 1220//1220 1239//1239 1219//1219
f 1201//1201 1240//1240 1220//1220
f 1222//1222 1241//1241 1221//1221
f 1223//1223 1242//1242 1222//1222
f 1224//1224 1243//1243 1223//1223
f 1225//1225 1244//1244 1224//1224
f 1226//1226 1245//1245 1225//1225
f 1227//1227 1246//1246 1226//1226
f 1228//1228 1247//1247 1227//1227
f 1229//1229 1248//1248 1228//1228
f 1230//1230 1249//1249 1229//1229
f 1231//1231 1250//1250 1230//1230
f 1232//1232 1251//1251 1231//1231
f 1233//1233 1252//1252 1232//1232
f 1234//1234 1253//1253 1233//1233
f 1255//1255 1234//1234 1235//1235
f 1256//1256 1235//1235 1236//1236
f 1237//1237 1256//1256 1236//1236
f 1238//1238 1257//1257 1237//1237
f 1239//1239 1258//1258 1238//1238
f 1240//1240 1259//1259 1239//1239
f 1221//1221 1260//1260 1240//1240
f 1242//1242 1261//1261 1241//1241
f 1243//1243 1262//1262 1242//1242
f 1244//1244 1263//1263 1243//1243
f 1245//1245 1264//1264 1244//1244
f 1246//1246 1265//1265 1245//1245
f 1247//1247 1266//1266 1246//1246
f 1248//1248 1267//1267 1247//1247
f 1249//1249 1268//1268 1248//1248
f 1250//1250 1269//1269 1249//1249
f 1251//1251 1270//1270 1250//1250
f 1252//1252 1271//1271 1251//1251
f 1273//1273 1252//1252 1253//1253
f 1274//1274 1253//1253 1254//1254
f 1275//1275 1254//1254 1255//1255
f 1276//1276 1255//1255 1256//1256
f 1277//1277 1256//1256 1257//1257
f 1278//1278 1257//1257 1258//1258
f 1259//1259 1278//1278 1258//1258
f 1260//1260 1279//1279 1259//1259
f 1241//1241 1280//1280 1260//1260
f 1262//1262 1281//1281 1261//1261
f 1263//1263 1282//1282 1262//1262
f 1264//1264 1283//1283 1263//1263
f 1265//1265 1284//1284 1264//1264
f 1266//1266 1285//1285 1265//1265
f 1267//1267 1286//1286 1266//1266
f 1268//1268 1287//1287 1267//1267
f 1269//1269 1288//1288 1268//1268
f 1270//1270 1289//1289 1269//1269
f 1271//1271 1290//1290 1270//1270
f 1272//1272 1291//1291 1271//1271
f 1293//1293 1272//1272 1273//1273
f 1294//1294 1273//1273 1274//1274
f 1295//1295 1274//1274 1275//1275
f 1296//1296 1275//1275 1276//1276
f 1297//1297 1276//1276 1277//1277
f 1298//1298 1277//1277 1278//1278
f 1299//1299 1278//1278 1279//1279
f 1280//1280 1299//1299 1279//1279
f 1261//1261 1300//1300 1280//1280
f 1282//1282 1301//1301 1281//1281
f 1283//1283 1302//1302 1282//1282
f 1284//1284 1303//1303 1283//1283
f 1285//1285 1304//1304 1284//1284
f 1286//1286 1305//1305 1285//1285
f 1287//1287 1306//1306 1286//1286
f 1288//1288 1307//1307 1287//1287
f 1289//1289 1308//1308 1288//1288
f 1290//1290 1309//1309 1289//1289
f 1291//1291 1310//1310 1290//1290
f 1312//1312 1291//1291 1292//1292
f 1313//1313 1292//1292 1293//1293
f 1314//1314 1293//1293 1294//1294
f 1315//1315 1294//1294 1295//1295
f 1316//1316 1295//1295 1296//1296
f 1317//1317 1296//1296 1297//1297
f 1318//1318 1297//1297 1298//1298
f 1319//1319 1298//1298 1299//1299
f 1320//1320 1299//1299 1300//1300
f 1281//1281 1320//1320 1300//1300
f 1302//1302 1321//1321 1301//1301
f 1303//1303 1322//1322 1302//1302
f 1304//1304 1323//1323 1303//1303
f 1305//1305 1324//1324 1304//1304
f 1306//1306 1325//1325 1305//1305
f 1307//1307 1326//1326 1306//1306
f 1308//1308 1327//1327 1307//1307
f 1309//1309 1328//1328 1308//1308
f 1310//1310 1329//1329 1309//1309
f 1311//1311 1330//1330 1310//1310
f 1332//1332 1311//1311 1312//1312
f 1333//1333 1312//1312 1313//1313
f 1334//1334 1313//1313 1314//1314
f 1335//1335 1314//1314 1315//1315
f 1336//1336 1315//1315 1316//1316
f 1337//1337 1316//1316 1317//1317
f 1338//1338 1317//1317 1318//1318
f 1339//1339 1318//1318 1319//1319
f 1340//1340 1319//1319 1320//1320
f 1321//1321 1320//1320 1301//1301
f 1322//1322 1341//1341 1321//1321
f 1323//1323 1342//1342 1322//1322
f 1324//1324 1343//1343 1323//1323
f 1325//1325 1344//1344 1324//1324
f 1326//1326 1345//1345 1325//1325
f 1327//1327 1346//1346 1326//1326
f 1328//1328 1347//1347 1327//1327
f 1329//1329 1348//1348 1328//1328
f 1330//1330 1349//1349 1329//1329
f 1331//1331 1350//1350 1330//1330
f 1352//1352 1331//1331 1332//1332
f 1353//1353 1332//1332 1333//1333
f 1354//1354 1333//1333 1334//1334
f 1355//1355 1334//1334 1335//1335
f 1356//1356 1335//1335 1336//1336
f 1357//1357 1336//1336 1337//1337
f 1358//1358 1337//1337 1338//1338
f 1359//1359 1338//1338 1339//1339
f 1360//1360 1339//1339 1340//1340
f 1341//1341 1340//1340 1321//1321
f 1342//1342 1361//1361 1341//1341
f 1343//1343 1362//1362 1342//1342
f 1344//1344 1363//1363 1343//1343
f 1345//1345 1364//1364 1344//1344
f 1346//1346 1365//1365 1345//1345
f 1347//1347 1366//1366 1346//1346
f 1348//1348 1367//1367 1347//1347
f 1349//1349 1368//1368 1348//1348
f 1350//1350 1369//1369 1349//1349
f 1351//1351 1370//1370 1350//1350
f 1352//1352 1371//1371 1351//1351
f 1373//1373 1352//1352 1353//1353
f 1374//1374 1353//1353 1354//1354
f 1375//1375 1354//1354 1355//1355
f 1376//1376 1355//1355 1356//1356
f 1377//1377 1356//1356 1357//1357
f 1378//1378 1357//1357 1358//1358
f 1379//1379 1358//1358 1359//1359
f 1380//1380 1359//1359 1360//1360
f 1361//1361 1360//1360 1341//1341
f 1362//1362 1381//1381 1361//1361
f 1363//1363 1382//1382 1362//1362
f 1364//1364 1383//1383 1363//1363
f 1365//1365 1384//1384 1364//1364
f 1366//1366 1385//1385 1365//1365
f 1367//1367 1386//1386 1366//1366
f 1368//1368 1387//1387 1367//1367
f 1369//1369 1388//1388 1368//1368
f 1370//1370 1389//1389 1369//1369
f 1371//1371 1390//1390 1370//1370
f 1372//1372 1391//1391 1371//1371
f 1393//1393 1372//1372 1373//1373
f 1394//1394 1373//1373 1374//1374
f 1395//1395 1374//1374 1375//1375
f 1396//1396 1375//1375 1376//1376
f 1397//1397 1376//1376 1377//1377
f 1398//1398 1377//1377 1378//1378
f 1399//1399 1378//1378 1379//1379
f 1400//1400 1379//1379 1380//1380
f 1381//1381 1380//1380 1361//1361
f 1382//1382 1401//1401 1381//1381
f 1383//1383 1402//1402 1382//1382
f 1384//1384 1403//1403 1383//1383
f 1385//1385 1404//1404 1384//1384
f 1386//1386 1405//1405 1385//1385
f 1387//1387 1406//1406 1386//1386
f 1388//1388 1407//1407 1387//1387
f 1389//1389 1408//1408 1388//1388
f 1390//1390 1409//1409 1389//1389
f 1391//1391 1410//1410 1390//1390
f 1392//1392 1411//1411 1391//1391
f 1393//1393 1412//1412 1392//1392
f 1414//1414 1393//1393 1394//1394
f 1415//1415 1394//1394 1395//1395
f 1416//1416 1395//1395 1396//1396
f 1417//1417 1396//1396 1397//1397
f 1418//1418 1397//1397 1398//1398
f 1419//1419 1398//1398 1399//1399
f 1420//1420 1399//1399 1400//1400
f 1381//1381 1420//1420 1400//1400
f 1402//1402 1421//1421 1401//1401
f 1403//1403 1422//1422 1402//1402
f 1404//1404 1423//1423 1403//1403
f 1405//1405 1424//1424 1404//1404
f 1406//1406 1425//1425 1405//1405
f 1407//1407 1426//1426 1406//1406
f 1408//1408 1427//1427 1407//1407
f 1409//1409 1428//1428 1408//1408
f 1410//1410 1429//1429 1409//1409
f 1411//1411 1430//1430 1410//1410
f 1412//1412 1431//1431 1411//1411
f 1413//1413 1432//1432 1412//1412
f 1414//1414 1433//1433 1413//1413
f 1415//1415 1434//1434 1414//1414
f 1436//1436 1415//1415 1416//1416
f 1437//1437 1416//1416 1417//1417
f 1438//1438 1417//1417 1418//1418
f 1439//1439 1418//1418 1419//1419
f 1420//1420 1439//1439 1419//1419
f 1401//1401 1440//1440 1420//1420
f 1422//1422 1441//1441 1421//1421
f 1423//1423 1442//1442 1422//1422
f 1424//1424 1443//1443 1423//1423
f 1425//1425 1444//1444 1424//1424
f 1426//1426 1445//1445 1425//1425
f 1427//1427 1446//1446 1426//1426
f 1428//1428 1447//1447 1427//1427
f 1429//1429 1448//1448 1428//1428
f 1430//1430 1449//1449 1429//1429
f 1431//1431 1450//1450 1430//1430
f 1432//1432 1451//1451 1431//1431
f 1433//1433 1452//1452 1432//1432
f 1434//1434 1453//1453 1433//1433
f 1435//1435 1454//1454 1434//1434
f 1436//1436 1455//1455 1435//1435
f 1437//1437 1456//1456 1436//1436
f 1438//1438 1457//1457 1437//1437
f 1439//1439 1458//1458 1438//1438
f 1440//1440 1459//1459 1439//1439
f 1421//1421 1460//1460 1440//1440
f 1442//1442 1461//1461 1441//1441
f 1443//1443 1462//1462 1442//1442
f 1444//1444 1463//1463 1443//1443
f 1445//1445 1464//1464 1444//1444
f 1446//1446 1465//1465 1445//1445
f 1447//1447 1466//1466 1446//1446
f 1448//1448 1467//1467 1447//1447
f 1449//1449 1468//1468 1448//1448
f 1450//1450 1469//1469 1449//1449
f 1451//1451 1470//1470 1450//1450
f 1452//1452 1471//1471 1451//1451
f 1453//1453 1472//1472 1452//1452
f 1454//1454 1473//1473 1453//1453
f 1455//1455 1474//1474 1454//1454
f 1456//1456 1475//1475 1455//1455
f 1457//1457 1476//1476 1456//1456
f 1458//1458 1477//1477 1457//1457
f 1459//1459 1478//1478 1458//1458
f 1460//1460 1479//1479 1459//1459
f 1441//1441 1480//1480 1460//1460
f 1462//1462 1481//1481 1461//1461
f 1463//1463 1482//1482 1462//1462
f 1464//1464 1483//1483 1463//1463
f 1465//1465 1484//1484 1464//1464
f 1466//1466 1485//1485 1465//1465
f 1467//1467 1486//1486 1466//1466
f 1468//1468 1487//1487 1467//1467
f 1469//1469 1488//1488 1468//1468
f 1470//1470 1489//1489 1469//1469
f 1471//1471 1490//1490 1470//1470
f 1472//1472 1491//1491 1471//1471
f 1473//1473 1492//1492 1472//1472
f 1474//1474 1493//1493 1473//1473
f 1475//1475 1494//1494 1474//1474
f 1476//1476 1495//1495 1475//1475
f 1477//1477 1496//1496 1476//1476
f 1478//1478 1497//1497 1477//1477
f 1479//1479 1498//1498 1478//1478
f 1480//1480 1499//1499 1479//1479
f 1461//1461 1500//1500 1480//1480
f 1482//1482 1501//1501 1481//1481
f 1483//1483 1502//1502 1482//1482
f 1484//1484 1503//1503 1483//1483
f 1485//1485 1504//1504 1484//1484
f 1486//1486 1505//1505 1485//1485
f 1487//1487 1506//1506 1486//1486
f 1488//1488 1507//1507 1487//1487
f 1489//1489 1508//1508 1488//1488
f 1490//1490 1509//1509 1489//1489
f 1491//1491 1510//1510 1490//1490
f 1492//1492 1511//1511 1491//1491
f 1493//1493 1512//1512 1492//1492
f 1494//1494 1513//1513 1493//1493
f 1495//1495 1514//1514 1494//1494
f 1496//1496 1515//1515 1495//1495
f 1497//1497 1516//1516 1496//1496
f 1498//1498 1517//1517 1497//1497
f 1499//1499 1518//1518 1498//1498
f 1500//1500 1519//1519 1499//1499
f 1481//1481 1520//1520 1500//1500
f 1502//1502 1521//1521 1501//1501
f 1503//1503 1522//1522 1502//1502
f 1504//1504 1523//1523 1503//1503
f 1505//1505 1524//1524 1504//1504
f 1506//1506 1525//1525 1505//1505
f 1507//1507 1526//1526 1506//1506
f 1508//1508 1527//1527 1507//1507
f 1509//1509 1528//1528 1508//1508
f 1510//1510 1529//1529 1509//1509
f 1511//1511 1530//1530 1510//1510
f 1512//1512 1531//1531 1511//1511
f 1513//1513 1532//1532 1512//1512
f 1514//1514 1533//1533 1513//1513
f 1515//1515 1534//1534 1514//1514
f 1516//1516 1535//1535 1515//1515
f 1517//1517 1536//1536 1516//1516
f 1518//1518 1537//1537 1517//1517
f 1519//1519 1538//1538 1518//1518
f 1520//1520 1539//1539 1519//1519
f 1501//1501 1540//1540 1520//1520
f 1522//1522 1541//1541 1521//1521
f 1523//1523 1542//1542 1522//1522
f 1524//1524 1543//1543 1523//1523
f 1525//1525 1544//1544 1524//1524
f 1526//1526 1545//1545 1525//1525
f 1527//1527 1546//1546 1526//1526
f 1528//1528 1547//1547 1527//1527
f 1529//1529 1548//1548 1528//1528
f 1530//1530 1549//1549 1529//1529
f 1531//1531 1550//1550 1530//1530
f 1532//1532 1551//1551 1531//1531
f 1533//1533 1552//1552 1532//1532
f 1534//1534 1553//1553 1533//1533
f 1535//1535 1554//1554 1534//1534
f 1536//1536 1555//1555 1535//1535
f 1537//1537 1556//1556 1536//1536
f 1538//1538 1557//1557 1537//1537
f 1539//1539 1558//1558 1538//1538
f 1540//1540 1559//1559 1539//1539
f 1521//1521 1560//1560 1540//1540
f 1542//1542 1561//1561 1541//1541
f 1543//1543 1562//1562 1542//1542
f 1544//1544 1563//1563 1543//1543
f 1545//1545 1564//1564 1544//1544
f 1546//1546 1565//1565 1545//1545
f 1547//1547 1566//1566 1546//1546
f 1548//1548 1567//1567 1547//1547
f 1549//1549 1568//1568 1548//1548
f 1550//1550 1569//1569 1549//1549
f 1551//1551 1570//1570 1550//1550
f 1552//1552 1571//1571 1551//1551
f 1553//1553 1572//1572 1552//1552
f 1554//1554 1573//1573 1553//1553
f 1555//1555 1574//1574 1554//1554
f 1556//1556 1575//1575 1555//1555
f 1557//1557 1576//1576 1556//1556
f 1558//1558 1577//1577 1557//1557
f 1559//1559 1578//1578 1558//1558
f 1560//1560 1579//1579 1559//1559
f 1541//1541 1580//1580 1560//1560
f 1562//1562 1581//1581 1561//1561
f 1563//1563 1582//1582 1562//1562
f 1564//1564 1583//1583 1563//1563
f 1565//1565 1584//1584 1564//1564
f 1566//1566 1585//1585 1565//1565
f 1567//1567 1586//1586 1566//1566
f 1568//1568 1587//1587 1567//1567
f 1569//1569 1588//1588 1568//1568
f 1570//1570 1589//1589 1569//1569
f 1571//1571 1590//1590 1570//1570
f 1572//1572 1591//1591 1571//1571
f 1573//1573 1592//1592 1572//1572
f 1574//1574 1593//1593 1573//1573
f 1575//1575 1594//1594 1574//1574
f 1576//1576 1595//1595 1575//1575
f 1577//1577 1596//1596 1576//1576
f 1578//1578 1597//1597 1577//1577
f 1579//1579 1598//1598 1578//1578
f 1580//1580 1599//1599 1579//1579
f 1561//1561 1600//1600 1580//1580
f 1582//1582 1601//1601 1581//1581
f 1583//1583 1602//1602 1582//1582
f 1584//1584 1603//1603 1583//1583
f 1585//1585 1604//1604 1584//1584
f 1586//1586 1605//1605 1585//1585
f 1587//1587 1606//1606 1586//1586
f 1588//1588 1607//1607 1587//1587
f 1589//1589 1608//1608 1588//1588
f 1590//1590 1609//1609 1589//1589
f 1591//1591 1610//1610 1590//1590
f 1592//1592 1611//1611 1591//1591
f 1593//1593 1612//1612 1592//1592
f 1594//1594 1613//1613 1593//1593
f 1595//1595 1614//1614 1594//1594
f 1596//1596 1615//1615 1595//1595
f 1597//1597 1616//1616 1596//1596
f 1598//1598 1617//1617 1597//1597
f 1599//1599 1618//1618 1598//1598
f 1600//1600 1619//1619 1599//1599
f 1581//1581 1620//1620 1600//1600
f 1602//1602 1621//1621 1601//1601
f 1603//1603 1622//1622 1602//1602
f 1604//1604 1623//1623 1603//1603
f 1605//1605 1624//1624 1604//1604
f 1606//1606 1625//1625 1605//1605
f 1607//1607 1626//1626 1606//1606
f 1608//1608 1627//1627 1607//1607
f 1609//1609 1628//1628 1608//1608
f 1610//1610 1629//1629 1609//1609
f 1611//1611 1630//1630 1610//1610
f 1612//1612 1631//1631 1611//1611
f 1613//1613 1632//1632 1612//1612
f 1614//1614 1633//1633 1613//1613
f 1615//1615 1634//1634 1614//1614
f 1616//1616 1635//1635 1615//1615
f 1617//1617 1636//1636 1616//1616
f 1618//1618 1637//1637 1617//1617
f 1619//1619 1638//1638 1618//1618
f 1620//1620 1639//1639 1619//1619
f 1601//1601 1640//1640 1620//1620
f 1622//1622 1641//1641 1621//1621
f 1623//1623 1642//1642 1622//1622
f 1624//1624 1643//1643 1623//1623
f 1625//1625 1644//1644 1624//1624
f 1626//1626 1645//1645 1625//1625
f 1627//1627 1646//1646 1626//1626
f 1628//1628 1647//1647 1627//1627
f 1629//1629 1648//1648 1628//1628
f 1630//1630 1649//1649 1629//1629
f 1631//1631 1650//1650 1630//1630
f 1632//1632 1651//1651 1631//1631
f 1633//1633 1652//1652 1632//1632
f 1634//1634 1653//1653 1633//1633
f 1635//1635 1654//1654 1634//1634
f 1636//1636 1655//1655 1635//1635
f 1637//1637 1656//1656 1636//1636
f 1638//1638 1657//1657 1637//1637
f 1639//1639 1658//1658 1638//1638
f 1640//1640 1659//1659 1639//1639
f 1621//1621 1660//1660 1640//1640
f 1642//1642 1661//1661 1641//1641
f 1643//1643 1662//1662 1642//1642
f 1644//1644 1663//1663 1643//1643
f 1645//1645 1664//1664 1644//1644
f 1646//1646 1665//1665 1645//1645
f 1647//1647 1666//1666 1646//1646
f 1648//1648 1667//1667 1647//1647
f 1649//1649 1668//1668 1648//1648
f 1650//1650 1669//1669 1649//1649
f 1651//1651 1670//1670 1650//1650
f 1652//1652 1671//1671 1651//1651
f 1653//1653 1672//1672 1652//1652
f 1654//1654 1673//1673 1653//1653
f 1655//1655 1674//1674 1654//1654
f 1656//1656 1675//1675 1655//1655
f 1657//1657 1676//1676 1656//1656
f 1658//1658 1677//1677 1657//1657
f 1659//1659 1678//1678 1658//1658
f 1660//1660 1679//1679 1659//1659
f 1641//1641 1680//1680 1660//1660
f 1662//1662 1681//1681 1661//1661
f 1663//1663 1682//1682 1662//1662
f 1664//1664 1683//1683 1663//1663
f 1665//1665 1684//1684 1664//1664
f 1666//1666 1685//1685 1665//1665
f 1667//1667 1686//1686 1666//1666
f 1668//1668 1687//1687 1667//1667
f 1669//1669 1688//1688 1668//1668
f 1670//1670 1689//1689 1669//1669
f 1671//1671 1690//1690 1670//1670
f 1672//1672 1691//1691 1671//1671
f 1673//1673 1692//1692 1672//1672
f 1674//1674 1693//1693 1673//1673
f 1675//1675 1694//1694 1674//1674
f 1676//1676 1695//1695 1675//1675
f 1677//1677 1696//1696 1676//1676
f 1678//1678 1697//1697 1677//1677
f 1679//1679 1698//1698 1678//1678
f 1680//1680 1699//1699 1679//1679
f 1661//1661 1700//1700 1680//1680
f 1682//1682 1701//1701 1681//1681
f 1683//1683 1702//1702 1682//1682
f 1684//1684 1703//1703 1683//1683
f 1685//1685 1704//1704 1684//1684
f 1686//1686 1705//1705 1685//1685
f 1687//1687 1706//1706 1686//1686
f 1688//1688 1707//1707 1687//1687
f 1689//1689 1708//1708 1688//1688
f 1690//1690 1709//1709 1689//1689
f 1691//1691 1710//1710 1690//1690
f 1692//1692 1711//1711 1691//1691
f 1693//1693 1712//1712 1692//1692
f 1694//1694 1713//1713 1693//1693
f 1695//1695 1714//1714 1694//1694
f 1696//1696 1715//1715 1695//1695
f 1697//1697 1716//1716 1696//1696
f 1698//1698 1717//1717 1697//1697
f 1699//1699 1718//1718 1698//1698
f 1700//1700 1719//1719 1699//1699
f 1681//1681 1720//1720 1700//1700
f 1702//1702 1721//1721 1701//1701
f 1703//1703 1722//1722 1702//1702
f 1704//1704 1723//1723 1703//1703
f 1705//1705 1724//1724 1704//1704
f 1706//1706 1725//1725 1705//1705
f 1707//1707 1726//1726 1706//1706
f 1708//1708 1727//1727 1707//1707
f 1709//1709 1728//1728 1708//1708
f 1710//1710 1729//1729 1709//1709
f 1711//1711 1730//1730 1710//1710
f 1712//1712 1731//1731 1711//1711
f 1713//1713 1732//1732 1712//1712
f 1714//1714 1733//1733 1713//1713
f 1715//1715 1734//1734 1714//1714
f 1716//1716 1735//1735 1715//1715
f 1717//1717 1736//1736 1716//1716
f 1718//1718 1737//1737 1717//1717
f 1719//1719 1738//1738 1718//1718
f 1720//1720 1739//1739 1719//1719
f 1701//1701 1740//1740 1720//1720
f 1722//1722 1741//1741 1721//1721
f 1723//1723 1742//1742 1722//1722
f 1724//1724 1743//1743 1723//1723
f 1725//1725 1744//1744 1724//1724
f 1726//1726 1745//1745 1725//1725
f 1727//1727 1746//1746 1726//1726
f 1728//1728 1747//1747 1727//1727
f 1729//1729 1748//1748 1728//1728
f 1730//1730 1749//1749 1729//1729
f 1731//1731 1750//1750 1730//1730
f 1732//1732 1751//1751 1731//1731
f 1733//1733 1752//1752 1732//1732
f 1734//1734 1753//1753 1733//1733
f 1735//1735 1754//1754 1734//1734
f 1736//1736 1755//1755 1735//1735
f 1737//1737 1756//1756 1736//1736
f 1738//1738 1757//1757 1737//1737
f 1739//1739 1758//1758 1738//1738
f 1740//1740 1759//1759 1739//1739
f 1721//1721 1760//1760 1740//1740
f 1742//1742 1761//1761 1741//1741
f 1743//1743 1762//1762 1742//1742
f 1744//1744 1763//1763 1743//1743
f 1745//1745 1764//1764 1744//1744
f 1746//1746 1765//1765 1745//1745
f 1747//1747 1766//1766 1746//1746
f 1748//1748 1767//1767 1747//1747
f 1749//1749 1768//1768 1748//1748
f 1750//1750 1769//1769 1749//1749
f 1751//1751 1770//1770 1750//1750
f 1752//1752 1771//1771 1751//1751
f 1753//1753 1772//1772 1752//1752
f 1754//1754 1773//1773 1753//1753
f 1755//1755 1774//1774 1754//1754
f 1756//1756 1775//1775 1755//1755
f 1777//1777 1756//1756 1757//1757
f 1778//1778 1757//1757 1758//1758
f 1759//1759 1778//1778 1758//1758
f 1760//1760 1779//1779 1759//1759
f 1741//1741 1780//1780 1760//1760
f 1762//1762 1781//1781 1761//1761
f 1763//1763 1782//1782 1762//1762
f 1764//1764 1783//1783 1763//1763
f 1765//1765 1784//1784 1764//1764
f 1766//1766 1785//1785 1765//1765
f 1767//1767 1786//1786 1766//1766
f 1768//1768 1787//1787 1767//1767
f 1769//1769 1788//1788 1768//1768
f 1770//1770 1789//1789 1769//1769
f 1771//1771 1790//1790 1770//1770
f 1772//1772 1791//1791 1771//1771
f 1773//1773 1792//1792 1772//1772
f 1774//1774 1793//1793 1773//1773
f 1775//1775 1794//1794 1774//1774
f 1796//1796 1775//1775 1776//1776
f 1797//1797 1776//1776 1777//1777
f 1798//1798 1777//1777 1778//1778
f 1799//1799 1778//1778 1779//1779
f 1780//1780 1799//1799 1779//1779
f 1761//1761 1800//1800 1780//1780
f 1782//1782 1801//1801 1781//1781
f 1783//1783 1802//1802 1782//1782
f 1784//1784 1803//1803 1783//1783
f 1785//1785 1804//1804 1784//1784
f 1786//1786 1805//1805 1785//1785
f 1787//1787 1806//1806 1786//1786
f 1788//1788 1807//1807 1787//1787
f 1789//1789 1808//1808 1788//1788
f 1790//1790 1809//1809 1789//1789
f 1791//1791 1810//1810 1790//1790
f 1792//1792 1811//1811 1791//1791
f 1793//1793 1812//1812 1792//1792
f 1794//1794 1813//1813 1793//1793
f 1815//1815 1794//1794 1795//1795
f 1816//1816 1795//1795 1796//1796
f 1817//1817 1796//1796 1797//1797
f 1818//1818 1797//1797 1798//1798
f 1819//1819 1798//1798 1799//1799
f 1820//1820 1799//1799 1800//1800
f 1781//1781 1820//1820 1800//1800
f 1802//1802 1821//1821 1801//1801
f 1803//1803 1822//1822 1802//1802
f 1804//1804 1823//1823 1803//1803
f 1805//1805 1824//1824 1804//1804
f 1806//1806 1825//1825 1805//1805
f 1807//1807 1826//1826 1806//1806
f 1808//1808 1827//1827 1807//1807
f 1809//1809 1828//1828 1808//1808
f 1810//1810 1829//1829 1809//1809
f 1811//1811 1830//1830 1810//1810
f 1812//1812 1831//1831 1811//1811
f 1813//1813 1832//1832 1812//1812
f 1834//1834 1813//1813 1814//1814
f 1835//1835 1814//1814 1815//1815
f 1836//1836 1815//1815 1816//1816
f 1837//1837 1816//1816 1817//1817
f 1838//1838 1817//1817 1818//1818
f 1839//1839 1818//1818 1819//1819
f 1840//1840 1819//1819 1820//1820
f 1801//1801 1840//1840 1820//1820
f 1822//1822 1841//1841 1821//1821
f 1823//1823 1842//1842 1822//1822
f 1824//1824 1843//1843 1823//1823
f 1825//1825 1844//1844 1824//1824
f 1826//1826 1845//1845 1825//1825
f 1827//1827 1846//1846 1826//1826
f 1828//1828 1847//1847 1827//1827
f 1829//1829 1848//1848 1828//1828
f 1830//1830 1849//1849 1829//1829
f 1831//1831 1850//1850 1830//1830
f 1832//1832 1851//1851 1831//1831
f 1833//1833 1852//1852 1832//1832
f 1854//1854 1833//1833 1834//1834
f 1855//1855 1834//1834 1835//1835
f 1856//1856 1835//1835 1836//1836
f 1857//1857 1836//1836 1837//1837
f 1858//1858 1837//1837 1838//1838
f 1859//1859 1838//1838 1839//1839
f 1860//1860 1839//1839 1840//1840
f 1821//1821 1860//1860 1840//1840
f 1842//1842 1861//1861 1841//1841
f 1843//1843 1862//1862 1842//1842
f 1844//1844 1863//1863 1843//1843
f 1845//1845 1864//1864 1844//1844
f 1846//1846 1865//1865 1845//1845
f 1847//1847 1866//1866 1846//1846
f 1848//1848 1867//1867 1847//1847
f 1849//1849 1868//1868 1848//1848
f 1850//1850 1869//1869 1849//1849
f 1851//1851 1870//1870 1850//1850
f 1852//1852 1871//1871 1851//1851
f 1873//1873 1852//1852 1853//1853
f 1874//1874 1853//1853 1854//1854
f 1875//1875 1854//1854 1855//1855
f 1876//1876 1855//1855 1856//1856
f 1877//1877 1856//1856 1857//1857
f 1878//1878 1857//1857 1858//1858
f 1879//1879 1858//1858 1859//1859
f 1880//1880 1859//1859 1860//1860
f 1861//1861 1860//1860 1841//1841
f 1862//1862 1881//1881 1861//1861
f 1863//1863 1882//1882 1862//1862
f 1864//1864 1883//1883 1863//1863
f 1865//1865 1884//1884 1864//1864
f 1866//1866 1885//1885 1865//1865
f 1867//1867 1886//1886 1866//1866
f 1868//1868 1887//1887 1867//1867
f 1869//1869 1888//1888 1868//1868
f 1870//1870 1889//1889 1869//1869
f 1871//1871 1890//1890 1870//1870
f 1872//1872 1891//1891 1871//1871
f 1893//1893 1872//1872 1873//1873
f 1894//1894 1873//1873 1874//1874
f 1895//1895 1874//1874 1875//1875
f 1896//1896 1875//1875 1876//1876
f 1897//1897 1876//1876 1877//1877
f 1898//1898 1877//1877 1878//1878
f 1899//1899 1878//1878 1879//1879
f 1900//1900 1879//1879 1880//1880
f 1881//1881 1880//1880 1861//1861
f 1882//1882 1901//1901 1881//1881
f 1883//1883 1902//1902 1882//1882
f 1884//1884 1903//1903 1883//1883
f 1885//1885 1904//1904 1884//1884
f 1886//1886 1905//1905 1885//1885
f 1887//1887 1906//1906 1886//1886
f 1888//1888 1907//1907 1887//1887
f 1889//1889 1908//1908 1888//1888
f 1890//1890 1909//1909 1889//1889
f 1891//1891 1910//1910 1890//1890
f 1892//1892 1911//1911 1891//1891
f 1913//1913 1892//1892 1893//1893
f 1914//1914 1893//1893 1894//1894
f 1915//1915 1894//1894 1895//1895
f 1916//1916 1895//1895 1896//1896
f 1917//1917 1896//1896 1897//1897
f 1918//1918 1897//1897 1898//1898
f 1919//1919 1898//1898 1899//1899
f 1920//1920 1899//1899 1900//1900
f 1901//1901 1900//1900 1881//1881
f 1902//1902 1921//1921 1901//1901
f 1903//1903 1922//1922 1902//1902
f 1904//1904 1923//1923 1903//1903
f 1905//1905 1924//1924 1904//1904
f 1906//1906 1925//1925 1905//1905
f 1907//1907 1926//1926 1906//1906
f 1908//1908 1927//1927 1907//1907
f 1909//1909 1928//1928 1908//1908
f 1910//1910 1929//1929 1909//1909
f 1911//1911 1930//1930 1910//1910
f 1912//1912 1931//1931 1911//1911
f 1933//1933 1912//1912 1913//1913
f 1934//1934 1913//1913 1914//1914
f 1935//1935 1914//1914 1915//1915
f 1936//1936 1915//1915 1916//1916
f 1937//1937 1916//1916 1917//1917
f 1938//1938 1917//1917 1918//1918
f 1939//1939 1918//1918 1919//1919
f 1940//1940 1919//1919 1920//1920
f 1921//1921 1920//1920 1901//1901
f 1922//1922 1941//1941 1921//1921
f 1923//1923 1942//1942 1922//1922
f 1924//1924 1943//1943 1923//1923
f 1925//1925 1944//1944 1924//1924
f 1926//1926 1945//1945 1925//1925
f 1927//1927 1946//1946 1926//1926
f 1928//1928 1947//1947 1927//1927
f 1929//1929 1948//1948 1928//1928
f 1930//1930 1949//1949 1929//1929
f 1931//1931 1950//1950 1930//1930
f 1952//1952 1931//1931 1932//1932
f 1953//1953 1932//1932 1933//1933
f 1954//1954 1933//1933 1934//1934
f 1955//1955 1934//1934 1935//1935
f 1956//1956 1935//1935 1936//1936
f 1957//1957 1936//1936 1937//1937
f 1958//1958 1937//1937 1938//1938
f 1959//1959 1938//1938 1939//1939
f 1960//1960 1939//1939 1940//1940
f 1941//1941 1940//1940 1921//1921
f 1942//1942 1961//1961 1941//1941
f 1943//1943 1962//1962 1942//1942
f 1944//1944 1963//1963 1943//1943
f 1945//1945 1964//1964 1944//1944
f 1946//1946 1965//1965 1945//1945
f 1947//1947 1966//1966 1946//1946
f 1948//1948 1967//1967 1947//1947
f 1949//1949 1968//1968 1948//1948
f 1950//1950 1969//1969 1949//1949
f 1951//1951 1970//1970 1950//1950
f 1972//1972 1951//1951 1952//1952
f 1973//1973 1952//1952 1953//1953
f 1974//1974 1953//1953 1954//1954
f 1975//1975 1954//1954 1955//1955
f 1976//1976 1955//1955 1956//1956
f 1977//1977 1956//1956 1957//1957
f 1978//1978 1957//1957 1958//1958
f 1979//1979 1958//1958 1959//1959
f 1980//1980 1959//1959 1960//1960
f 1961//1961 1960//1960 1941//1941
f 1962//1962 1981//1981 1961//1961
f 1963//1963 1982//1982 1962//1962
f 1964//1964 1983//1983 1963//1963
f 1965//1965 1984//1984 1964//1964
f 1966//1966 1985//1985 1965//1965
f 1967//1967 1986//1986 1966//1966
f 1968//1968 1987//1987 1967//1967
f 1969//1969 1988//1988 1968//1968
f 1970//1970 1989//1989 1969//1969
f 1971//1971 1990//1990 1970//1970
f 1992//1992 1971//1971 1972//1972
f 1993//1993 1972//1972 1973//1973
f 1994//1994 1973//1973 1974//1974
f 1995//1995 1974//1974 1975//1975
f 1996//1996 1975//1975 1976//1976
f 1997//1997 1976//1976 1977//1977
f 1998//1998 1977//1977 1978//1978
f 1999//1999 1978//1978 1979//1979
f 2000//2000 1979//1979 1980//1980
f 1981//1981 1980//1980 1961//1961
f 1982//1982 2001//2001 1981//1981
f 1983//1983 2002//2002 1982//1982
f 1984//1984 2003//2003 1983//1983
f 1985//1985 2004//2004 1984//1984
f 1986//1986 2005//2005 1985//1985
f 1987//1987 2006//2006 1986//1986
f 1988//1988 2007//2007 1987//1987
f 1989//1989 2008//2008 1988//1988
f 1990//1990 2009//2009 1989//1989
f 1991//1991 2010//2010 1990//1990
f 2012//2012 1991//1991 1992//1992
f 2013//2013 1992//1992 1993//1993
f 2014//2014 1993//1993 1994//1994
f 2015//2015 1994//1994 1995//1995
f 2016//2016 1995//1995 1996//1996
f 2017//2017 1996//1996 1997//1997
f 2018//2018 1997//1997 1998//1998
f 2019//2019 1998//1998 1999//1999
f 2020//2020 1999//1999 2000//2000
f 2001//2001 2000//2000 1981//1981
f 2002//2002 2021//2021 2001//2001
f 2003//2003 2022//2022 2002//2002
f 2004//2004 2023//2023 2003//2003
f 2005//2005 2024//2024 2004//2004
f 2006//2006 2025//2025 2005//2005
f 2007//2007 2026//2026 2006//2006
f 2008//2008 2027//2027 2007//2007
f 2009//2009 2028//2028 2008//2008
f 2010//2010 2029//2029 2009//2009
f 2011//2011 2030//2030 2010//2010
f 2032//2032 2011//2011 2012//2012
f 2033//2033 2012//2012 2013//2013
f 2034//2034 2013//2013 2014//2014
f 2035//2035 2014//2014 2015//2015
f 2036//2036 2015//2015 2016//2016
f 2037//2037 2016//2016 2017//2017
f 2038//2038 2017//2017 2018//2018
f 2039//2039 2018//2018 2019//2019
f 2040//2040 2019//2019 2020//2020
f 2021//2021 2020//2020 2001//2001
f 2022//2022 2041//2041 2021//2021
f 2023//2023 2042//2042 2022//2022
f 2024//2024 2043//2043 2023//2023
f 2025//2025 2044//2044 2024//2024
f 2026//2026 2045//2045 2025//2025
f 2027//2027 2046//2046 2026//2026
f 2028//2028 2047//2047 2027//2027
f 2029//2029 2048//2048 2028//2028
f 2030//2030 2049//2049 2029//2029
f 2031//2031 2050//2050 2030//2030
f 2052//2052 2031//2031 2032//2032
f 2053//2053 2032//2032 2033//2033
f 2054//2054 2033//2033 2034//2034
f 2055//2055 2034//2034 2035//2035
f 2056//2056 2035//2035 2036//2036
f 2057//2057 2036//2036 2037//2037
f 2058//2058 2037//2037 2038//2038
f 2059//2059 2038//2038 2039//2039
f 2060//2060 2039//2039 2040//2040
f 2041//2041 2040//2040 2021//2021
f 2042//2042 2061//2061 2041//2041
f 2043//2043 2062//2062 2042//2042
f 2044//2044 2063//2063 2043//2043
f 2045//2045 2064//2064 2044//2044
f 2046//2046 2065//2065 2045//2045
f 2047//2047 2066//2066 2046//2046
f 2048//2048 2067//2067 2047//2047
f 2049//2049 2068//2068 2048//2048
f 2050//2050 2069//2069 2049//2049
f 2051//2051 2070//2070 2050//2050
f 2072//2072 2051//2051 2052//2052
f 2073//2073 2052//2052 2053//2053
f 2074//2074 2053//2053 2054//2054
f 2075//2075 2054//2054 2055//2055
f 2076//2076 2055//2055 2056//2056
f 2077//2077 2056//2056 2057//2057
f 2078//2078 2057//2057 2058//2058
f 2079//2079 2058//2058 2059//2059
f 2080//2080 2059//2059 2060//2060
f 2061//2061 2060//2060 2041//2041
f 2062//2062 2081//2081 2061//2061
f 2063//2063 2082//2082 2062//2062
f 2064//2064 2083//2083 2063//2063
f 2065//2065 2084//2084 2064//2064
f 2066//2066 2085//2085 2065//2065
f 2067//2067 2086//2086 2066//2066
f 2068//2068 2087//2087 2067//2067
f 2069//2069 2088//2088 2068//2068
f 2070//2070 2089//2089 2069//2069
f 2071//2071 2090//2090 2070//2070
f 2092//2092 2071//2071 2072//2072
f 2093//2093 2072//2072 2073//2073
f 2094//2094 2073//2073 2074//2074
f 2095//2095 2074//2074 2075//2075
f 2096//2096 2075//2075 2076//2076
f 2097//2097 2076//2076 2077//2077
f 2098//2098 2077//2077 2078//2078
f 2099//2099 2078//2078 2079//2079
f 2100//2100 2079//2079 2080//2080
f 2061//2061 2100//2100 2080//2080
f 2082//2082 2101//2101 2081//2081
f 2083//2083 2102//2102 2082//2082
f 2084//2084 2103//2103 2083//2083
f 2085//2085 2104//2104 2084//2084
f 2086//2086 2105//2105 2085//2085
f 2087//2087 2106//2106 2086//2086
f 2088//2088 2107//2107 2087//2087
f 2089//2089 2108//2108 2088//2088
f 2090//2090 2109//2109 2089//2089
f 2091//2091 2110//2110 2090//2090
f 2112//2112 2091//2091 2092//2092
f 2113//2113 2092//2092 2093//2093
f 2114//2114 2093//2093 2094//2094
f 2115//2115 2094//2094 2095//2095
f 2116//2116 2095//2095 2096//2096
f 2117//2117 2096//2096 2097//2097
f 2118//2118 2097//2097 2098//2098
f 2119//2119 2098//2098 2099//2099
f 2120//2120 2099//2099 2100//2100
f 2081//2081 2120//2120 2100//2100
f 2102//2102 2121//2121 2101//2101
f 2103//2103 2122//2122 2102//2102
f 2104//2104 2123//2123 2103//2103
f 2105//2105 2124//2124 2104//2104
f 2106//2106 2125//2125 2105//2105
f 2107//2107 2126//2126 2106//2106
f 2108//2108 2127//2127 2107//2107
f 2109//2109 2128//2128 2108//2108
f 2110//2110 2129//2129 2109//2109
f 2111//2111 2130//2130 2110//2110
f 2132//2132 2111//2111 2112//2112
f 2133//2133 2112//2112 2113//2113
f 2134//2134 2113//2113 2114//2114
f 2135//2135 2114//2114 2115//2115
f 2136//2136 2115//2115 2116//2116
f 2137//2137 2116//2116 2117//2117
f 2138//2138 2117//2117 2118//2118
f 2139//2139 2118//2118 2119//2119
f 2140//2140 2119//2119 2120//2120
f 2101//2101 2140//2140 2120//2120
f 2122//2122 2141//2141 2121//2121
f 2123//2123 2142//2142 2122//2122
f 2124//2124 2143//2143 2123//2123
f 2125//2125 2144//2144 2124//2124
f 2126//2126 2145//2145 2125//2125
f 2127//2127 2146//2146 2126//2126
f 2128//2128 2147//2147 2127//2127
f 2129//2129 2148//2148 2128//2128
f 2130//2130 2149//2149 2129//2129
f 2131//2131 2150//2150 2130//2130
f 2152//2152 2131//2131 2132//2132
f 2153//2153 2132//2132 2133//2133
f 2154//2154 2133//2133 2134//2134
f 2155//2155 2134//2134 2135//2135
f 2156//2156 2135//2135 2136//2136
f 2157//2157 2136//2136 2137//2137
f 2158//2158 2137//2137 2138//2138
f 2159//2159 2138//2138 2139//2139
f 2160//2160 2139//2139 2140//2140
f 2121//2121 2160//2160 2140//2140
f 2142//2142 2161//2161 2141//2141
f 2143//2143 2162//2162 2142//2142
f 2144//2144 2163//2163 2143//2143
f 2145//2145 2164//2164 2144//2144
f 2146//2146 2165//2165 2145//2145
f 2147//2147 2166//2166 2146//2146
f 2148//2148 2167//2167 2147//2147
f 2149//2149 2168//2168 2148//2148
f 2150//2150 2169//2169 2149//2149
f 2151//2151 2170//2170 2150//2150
f 2152//2152 2171//2171 2151//2151
f 2173//2173 2152//2152 2153//2153
f 2174//2174 2153//2153 2154//2154
f 2175//2175 2154//2154 2155//2155
f 2176//2176 2155//2155 2156//2156
f 2177//2177 2156//2156 2157//2157
f 2178//2178 2157//2157 2158//2158
f 2179//2179 2158//2158 2159//2159
f 2160//2160 2179//2179 2159//2159
f 2141//2141 2180//2180 2160//2160
f 2162//2162 2181//2181 2161//2161
f 2163//2163 2182//2182 2162//2162
f 2164//2164 2183//2183 2163//2163
f 2165//2165 2184//2184 2164//2164
f 2166//2166 2185//2185 2165//2165
f 2167//2167 2186//2186 2166//2166
f 2168//2168 2187//2187 2167//2167
f 2169//2169 2188//2188 2168//2168
f 2170//2170 2189//2189 2169//2169
f 2171//2171 2190//2190 2170//2170
f 2172//2172 2191//2191 2171//2171
f 2193//2193 2172//2172 2173//2173
f 2194//2194 2173//2173 2174//2174
f 2195//2195 2174//2174 2175//2175
f 2196//2196 2175//2175 2176//2176
f 2197//2197 2176//2176 2177//2177
f 2198//2198 2177//2177 2178//2178
f 2199//2199 2178//2178 2179//2179
f 2180//2180 2199//2199 2179//2179
f 2161//2161 2200//2200 2180//2180
f 2182//2182 2201//2201 2181//2181
f 2183//2183 2202//2202 2182//2182
f 2184//2184 2203//2203 2183//2183
f 2185//2185 2204//2204 2184//2184
f 2186//2186 2205//2205 2185//2185
f 2187//2187 2206//2206 2186//2186
f 2188//2188 2207//2207 2187//2187
f 2189//2189 2208//2208 2188//2188
f 2190//2190 2209//2209 2189//2189
f 2191//2191 2210//2210 2190//2190
f 2192//2192 2211//2211 2191//2191
f 2213//2213 2192//2192 2193//2193
f 2214//2214 2193//2193 2194//2194
f 2215//2215 2194//2194 2195//2195
f 2216//2216 2195//2195 2196//2196
f 2217//2217 2196//2196 2197//2197
f 2218//2218 2197//2197 2198//2198
f 2199//2199 2218//2218 2198//2198
f 2200//2200 2219//2219 2199//2199
f 2181//2181 2220//2220 2200//2200
f 2202//2202 2221//2221 2201//2201
f 2203//2203 2222//2222 2202//2202
f 2204//2204 2223//2223 2203//2203
f 2205//2205 2224//2224 2204//2204
f 2206//2206 2225//2225 2205//2205
f 2207//2207 2226//2226 2206//2206
f 2208//2208 2227//2227 2207//2207
f 2209//2209 2228//2228 2208//2208
f 2210//2210 2229//2229 2209//2209
f 2211//2211 2230//2230 2210//2210
f 2212//2212 2231//2231 2211//2211
f 2213//2213 2232//2232 2212//2212
f 2234//2234 2213//2213 2214//2214
f 2235//2235 2214//2214 2215//2215
f 2236//2236 2215//2215 2216//2216
f 2237//2237 2216//2216 2217//2217
f 2218//2218 2237//2237 2217//2217
f 2219//2219 2238//2238 2218//2218
f 2220//2220 2239//2239 2219//2219
f 2201//2201 2240//2240 2220//2220
f 2222//2222 2241//2241 2221//2221
f 2223//2223 2242//2242 2222//2222
f 2224//2224 2243//2243 2223//2223
f 2225//2225 2244//2244 2224//2224
f 2226//2226 2245//2245 2225//2225
f 2227//2227 2246//2246 2226//2226
f 2228//2228 2247//2247 2227//2227
f 2229//2229 2248//2248 2228//2228
f 2230//2230 2249//2249 2229//2229
f 2231//2231 2250//2250 2230//2230
f 2232//2232 2251//2251 2231//2231
f 2233//2233 2252//2252 2232//2232
f 2234//2234 2253//2253 2233//2233
f 2255//2255 2234//2234 2235//2235
f 2256//2256 2235//2235 2236//2236
f 2237//2237 2256//2256 2236//2236
f 2238//2238 2257//2257 2237//2237
f 2239//2239 2258//2258 2238//2238
f 2240//2240 2259//2259 2239//2239
f 2221//2221 2260//2260 2240//2240
f 2242//2242 2261//2261 2241//2241
f 2243//2243 2262//2262 2242//2242
f 2244//2244 2263//2263 2243//2243
f 2245//2245 2264//2264 2244//2244
f 2246//2246 2265//2265 2245//2245
f 2247//2247 2266//2266 2246//2246
f 2248//2248 2267//2267 2247//2247
f 2249//2249 2268//2268 2248//2248
f 2250//2250 2269//2269 2249//2249
f 2251//2251 2270//2270 2250//2250
f 2252//2252 2271//2271 2251//2251
f 2253//2253 2272//2272 2252//2252
f 2254//2254 2273//2273 2253//2253
f 2255//2255 2274//2274 2254//2254
f 2256//2256 2275//2275 2255//2255
f 2257//2257 2276//2276 2256//2256
f 2258//2258 2277//2277 2257//2257
f 2259//2259 2278//2278 2258//2258
f 2260//2260 2279//2279 2259//2259
f 2241//2241 2280//2280 2260//2260
f 2262//2262 2281//2281 2261//2261
f 2263//2263 2282//2282 2262//2262
f 2264//2264 2283//2283 2263//2263
f 2265//2265 2284//2284 2264//2264
f 2266//2266 2285//2285 2265//2265
f 2267//2267 2286//2286 2266//2266
f 2268//2268 2287//2287 2267//2267
f 2269//2269 2288//2288 2268//2268
f 2270//2270 2289//2289 2269//2269
f 2271//2271 2290//2290 2270//2270
f 2272//2272 2291//2291 2271//2271
f 2273//2273 2292//2292 2272//2272
f 2274//2274 2293//2293 2273//2273
f 2275//2275 2294//2294 2274//2274
f 2276//2276 2295//2295 2275//2275
f 2277//2277 2296//2296 2276//2276
f 2278//2278 2297//2297 2277//2277
f 2279//2279 2298//2298 2278//2278
f 2280//2280 2299//2299 2279//2279
f 2261//2261 2300//2300 2280//2280
f 2282//2282 2301//2301 2281//2281
f 2283//2283 2302//2302 2282//2282
f 2284//2284 2303//2303 2283//2283
f 2285//2285 2304//2304 2284//2284
f 2286//2286 2305//2305 2285//2285
f 2287//2287 2306//2306 2286//2286
f 2288//2288 2307//2307 2287//2287
f 2289//2289 2308//2308 2288//2288
f 2290//2290 2309//2309 2289//2289
f 2291//2291 2310//2310 2290//2290
f 2292//2292 2311//2311 2291//2291
f 2293//2293 2312//2312 2292//2292
f 2294//2294 2313//2313 2293//2293
f 2295//2295 2314//2314 2294//2294
f 2296//2296 2315//2315 2295//2295
f 2297//2297 2316//2316 2296//2296
f 2298//2298 2317//2317 2297//2297
f 2299//2299 2318//2318 2298//2298
f 2300//2300 2319//2319 2299//2299
f 2281//2281 2320//2320 2300//2300
f 2302//2302 2321//2321 2301//2301
f 2303//2303 2322//2322 2302//2302
f 2304//2304 2323//2323 2303//2303
f 2305//2305 2324//2324 2304//2304
f 2306//2306 2325//2325 2305//2305
f 2307//2307 2326//2326 2306//2306
f 2308//2308 2327//2327 2307//2307
f 2309//2309 2328//2328 2308//2308
f 2310//2310 2329//2329 2309//2309
f 2311//2311 2330//2330 2310//2310
f 2312//2312 2331//2331 2311//2311
f 2313//2313 2332//2332 2312//2312
f 2314//2314 2333//2333 2313//2313
f 2315//2315 2334//2334 2314//2314
f 2316//2316 2335//2335 2315//2315
f 2317//2317 2336//2336 2316//2316
f 2318//2318 2337//2337 2317//2317
f 2319//2319 2338//2338 2318//2318
f 2320//2320 2339//2339 2319//2319
f 2301//2301 2340//2340 2320//2320
f 2322//2322 2341//2341 2321//2321
f 2323//2323 2342//2342 2322//2322
f 2324//2324 2343//2343 2323//2323
f 2325//2325 2344//2344 2324//2324
f 2326//2326 2345//2345 2325//2325
f 2327//2327 2346//2346 2326//2326
f 2328//2328 2347//2347 2327//2327
f 2329//2329 2348//2348 2328//2328
f 2330//2330 2349//2349 2329//2329
f 2331//2331 2350//2350 2330//2330
f 2332//2332 2351//2351 2331//2331
f 2333//2333 2352//2352 2332//2332
f 2334//2334 2353//2353 2333//2333
f 2335//2335 2354//2354 2334//2334
f 2336//2336 2355//2355 2335//2335
f 2337//2337 2356//2356 2336//2336
f 2338//2338 2357//2357 2337//2337
f 2339//2339 2358//2358 2338//2338
f 2340//2340 2359//2359 2339//2339
f 2321//2321 2360//2360 2340//2340
f 2342//2342 2361//2361 2341//2341
f 2343//2343 2362//2362 2342//2342
f 2344//2344 2363//2363 2343//2343
f 2345//2345 2364//2364 2344//2344
f 2346//2346 2365//2365 2345//2345
f 2347//2347 2366//2366 2346//2346
f 2348//2348 2367//2367 2347//2347
f 2349//2349 2368//2368 2348//2348
f 2350//2350 2369//2369 2349//2349
f 2351//2351 2370//2370 2350//2350
f 2352//2352 2371//2371 2351//2351
f 2353//2353 2372//2372 2352//2352
f 2354//2354 2373//2373 2353//2353
f 2355//2355 2374//2374 2354//2354
f 2356//2356 2375//2375 2355//2355
f 2357//2357 2376//2376 2356//2356
f 2358//2358 2377//2377 2357//2357
f 2359//2359 2378//2378 2358//2358
f 2360//2360 2379//2379 2359//2359
f 2341//2341 2380//2380 2360//2360
f 2362//2362 2381//2381 2361//2361
f 2363//2363 2382//2382 2362//2362
f 2364//2364 2383//2383 2363//2363
f 2365//2365 2384//2384 2364//2364
f 2366//2366 2385//2385 2365//2365
f 2367//2367 2386//2386 2366//2366
f 2368//2368 2387//2387 2367//2367
f 2369//2369 2388//2388 2368//2368
f 2370//2370 2389//2389 2369//2369
f 2371//2371 2390//2390 2370//2370
f 2372//2372 2391//2391 2371//2371
f 2373//2373 2392//2392 2372//2372
f 2374//2374 2393//2393 2373//2373
f 2375//2375 2394//2394 2374//2374
f 2376//2376 2395//2395 2375//2375
f 2377//2377 2396//2396 2376//2376
f 2378//2378 2397//2397 2377//2377
f 2379//2379 2398//2398 2378//2378
f 2380//2380 2399//2399 2379//2379
f 2361//2361 2400//2400 2380//2380
f 2382//2382 2401//2401 2381//2381
f 2383//2383 2402//2402 2382//2382
f 2384//2384 2403//2403 2383//2383
f 2385//2385 2404//2404 2384//2384
f 2386//2386 2405//2405 2385//2385
f 2387//2387 2406//2406 2386//2386
f 2388//2388 2407//2407 2387//2387
f 2389//2389 2408//2408 2388//2388
f 2390//2390 2409//2409 2389//2389
f 2391//2391 2410//2410 2390//2390
f 2392//2392 2411//2411 2391//2391
f 2393//2393 2412//2412 2392//2392
f 2394//2394 2413//2413 2393//2393
f 2395//2395 2414//2414 2394//2394
f 2396//2396 2415//2415 2395//2395
f 2397//2397 2416//2416 2396//2396
f 2398//2398 2417//2417 2397//2397
f 2399//2399 2418//2418 2398//2398
f 2400//2400 2419//2419 2399//2399
f 2381//2381 2420//2420 2400//2400
f 2402//2402 2421//2421 2401//2401
f 2403//2403 2422//2422 2402//2402
f 2404//2404 2423//2423 2403//2403
f 2405//2405 2424//2424 2404//2404
f 2406//2406 2425//2425 2405//2405
f 2407//2407 2426//2426 2406//2406
f 2408//2408 2427//2427 2407//2407
f 2409//2409 2428//2428 2408//2408
f 2410//2410 2429//2429 2409//2409
f 2411//2411 2430//2430 2410//2410
f 2412//2412 2431//2431 2411//2411
f 2413//2413 2432//2432 2412//2412
f 2414//2414 2433//2433 2413//2413
f 2415//2415 2434//2434 2414//2414
f 2416//2416 2435//2435 2415//2415
f 2417//2417 2436//2436 2416//2416
f 2418//2418 2437//2437 2417//2417
f 2419//2419 2438//2438 2418//2418
f 2420//2420 2439//2439 2419//2419
f 2401//2401 2440//2440 2420//2420
f 2422//2422 2441//2441 2421//2421
f 2423//2423 2442//2442 2422//2422
f 2424//2424 2443//2443 2423//2423
f 2425//2425 2444//2444 2424//2424
f 2426//2426 2445//2445 2425//2425
f 2427//2427 2446//2446 2426//2426
f 2428//2428 2447//2447 2427//2427
f 2429//2429 2448//2448 2428//2428
f 2430//2430 2449//2449 2429//2429
f 2431//2431 2450//2450 2430//2430
f 2432//2432 2451//2451 2431//2431
f 2433//2433 2452//2452 2432//2432
f 2434//2434 2453//2453 2433//2433
f 2435//2435 2454//2454 2434//2434
f 2436//2436 2455//2455 2435//2435
f 2437//2437 2456//2456 2436//2436
f 2438//2438 2457//2457 2437//2437
f 2439//2439 2458//2458 2438//2438
f 2440//2440 2459//2459 2439//2439
f 2421//2421 2460//2460 2440//2440
f 2442//2442 2461//2461 2441//2441
f 2443//2443 2462//2462 2442//2442
f 2444//2444 2463//2463 2443//2443
f 2445//2445 2464//2464 2444//2444
f 2446//2446 2465//2465 2445//2445
f 2447//2447 2466//2466 2446//2446
f 2448//2448 2467//2467 2447//2447
f 2449//2449 2468//2468 2448//2448
f 2450//2450 2469//2469 2449//2449
f 2451//2451 2470//2470 2450//2450
f 2452//2452 2471//2471 2451//2451
f 2453//2453 2472//2472 2452//2452
f 2454//2454 2473//2473 2453//2453
f 2455//2455 2474//2474 2454//2454
f 2456//2456 2475//2475 2455//2455
f 2457//2457 2476//2476 2456//2456
f 2458//2458 2477//2477 2457//2457
f 2459//2459 2478//2478 2458//2458
f 2460//2460 2479//2479 2459//2459
f 2441//2441 2480//2480 2460//2460
f 2462//2462 2481//2481 2461//2461
f 2463//2463 2482//2482 2462//2462
f 2464//2464 2483//2483 2463//2463
f 2465//2465 2484//2484 2464//2464
f 2466//2466 2485//2485 2465//2465
f 2467//2467 2486//2486 2466//2466
f 2468//2468 2487//2487 2467//2467
f 2469//2469 2488//2488 2468//2468
f 2470//2470 2489//2489 2469//2469
f 2471//2471 2490//2490 2470//2470
f 2472//2472 2491//2491 2471//2471
f 2473//2473 2492//2492 2472//2472
f 2474//2474 2493//2493 2473//2473
f 2475//2475 2494//2494 2474//2474
f 2476//2476 2495//2495 2475//2475
f 2477//2477 2496//2496 2476//2476
f 2478//2478 2497//2497 2477//2477
f 2479//2479 2498//2498 2478//2478
f 2480//2480 2499//2499 2479//2479
f 2461//2461 2500//2500 2480//2480
f 2482//2482 2501//2501 2481//2481
f 2483//2483 2502//2502 2482//2482
f 2484//2484 2503//2503 2483//2483
f 2485//2485 2504//2504 2484//2484
f 2486//2486 2505//2505 2485//2485
f 2487//2487 2506//2506 2486//2486
f 2488//2488 2507//2507 2487//2487
f 2489//2489 2508//2508 2488//2488
f 2490//2490 2509//2509 2489//2489
f 2491//2491 2510//2510 2490//2490
f 2492//2492 2511//2511 2491//2491
f 2493//2493 2512//2512 2492//2492
f 2494//2494 2513//2513 2493//2493
f 2495//2495 2514//2514 2494//2494
f 2496//2496 2515//2515 2495//2495
f 2497//2497 2516//2516 2496//2496
f 2498//2498 2517//2517 2497//2497
f 2499//2499 2518//2518 2498//2498
f 2500//2500 2519//2519 2499//2499
f 2481//2481 2520//2520 2500//2500
f 2502//2502 2521//2521 2501//2501
f 2503//2503 2522//2522 2502//2502
f 2504//2504 2523//2523 2503//2503
f 2505//2505 2524//2524 2504//2504
f 2506//2506 2525//2525 2505//2505
f 2507//2507 2526//2526 2506//2506
f 2508//2508 2527//2527 2507//2507
f 2509//2509 2528//2528 2508//2508
f 2510//2510 2529//2529 2509//2509
f 2511//2511 2530//2530 2510//2510
f 2512//2512 2531//2531 2511//2511
f 2513//2513 2532//2532 2512//2512
f 2514//2514 2533//2533 2513//2513
f 2515//2515 2534//2534 2514//2514
f 2516//2516 2535//2535 2515//2515
f 2517//2517 2536//2536 2516//2516
f 2518//2518 2537//2537 2517//2517
f 2519//2519 2538//2538 2518//2518
f 2520//2520 2539//2539 2519//2519
f 2501//2501 2540//2540 2520//2520
f 2522//2522 2541//2541 2521//2521
f 2523//2523 2542//2542 2522//2522
f 2524//2524 2543//2543 2523//2523
f 2525//2525 2544//2544 2524//2524
f 2526//2526 2545//2545 2525//2525
f 2527//2527 2546//2546 2526//2526
f 2528//2528 2547//2547 2527//2527
f 2529//2529 2548//2548 2528//2528
f 2530//2530 2549//2549 2529//2529
f 2531//2531 2550//2550 2530//2530
f 2532//2532 2551//2551 2531//2531
f 2533//2533 2552//2552 2532//2532
f 2534//2534 2553//2553 2533//2533
f 2535//2535 2554//2554 2534//2534
f 2536//2536 2555//2555 2535//2535
f 2537//2537 2556//2556 2536//2536
f 2538//2538 2557//2557 2537//2537
f 2539//2539 2558//2558 2538//2538
f 2540//2540 2559//2559 2539//2539
f 2521//2521 2560//2560 2540//2540
f 2542//2542 2561//2561 2541//2541
f 2543//2543 2562//2562 2542//2542
f 2544//2544 2563//2563 2543//2543
f 2545//2545 2564//2564 2544//2544
f 2546//2546 2565//2565 2545//2545
f 2547//2547 2566//2566 2546//2546
f 2548//2548 2567//2567 2547//2547
f 2549//2549 2568//2568 2548//2548
f 2550//2550 2569//2569 2549//2549
f 2551//2551 2570//2570 2550//2550
f 2552//2552 2571//2571 2551//2551
f 2553//2553 2572//2572 2552//2552
f 2554//2554 2573//2573 2553//2553
f 2555//2555 2574//2574 2554//2554
f 2556//2556 2575//2575 2555//2555
f 2557//2557 2576//2576 2556//2556
f 2558//2558 2577//2577 2557//2557
f 2559//2559 2578//2578 2558//2558
f 2560//2560 2579//2579 2559//2559
f 2541//2541 2580//2580 2560//2560
f 2562//2562 2581//2581 2561//2561
f 2563//2563 2582//2582 2562//2562
f 2564//2564 2583//2583 2563//2563
f 2565//2565 2584//2584 2564//2564
f 2566//2566 2585//2585 2565//2565
f 2567//2567 2586//2586 2566//2566
f 2568//2568 2587//2587 2567//2567
f 2569//2569 2588//2588 2568//2568
f 2570//2570 2589//2589 2569//2569
f 2571//2571 2590//2590 2570//2570
f 2572//2572 2591//2591 2571//2571
f 2573//2573 2592//2592 2572//2572
f 2594//2594 2573//2573 2574//2574
f 2595//2595 2574//2574 2575//2575
f 2596//2596 2575//2575 2576//2576
f 2597//2597 2576//2576 2577//2577
f 2578//2578 2597//2597 2577//2577
f 2579//2579 2598//2598 2578//2578
f 2580//2580 2599//2599 2579//2579
f 2561//2561 2600//2600 2580//2580
f 2582//2582 2601//2601 2581//2581
f 2583//2583 2602//2602 2582//2582
f 2584//2584 2603//2603 2583//2583
f 2585//2585 2604//2604 2584//2584
f 2586//2586 2605//2605 2585//2585
f 2587//2587 2606//2606 2586//2586
f 2588//2588 2607//2607 2587//2587
f 2589//2589 2608//2608 2588//2588
f 2590//2590 2609//2609 2589//2589
f 2591//2591 2610//2610 2590//2590
f 2592//2592 2611//2611 2591//2591
f 2613//2613 2592//2592 2593//2593
f 2614//2614 2593//2593 2594//2594
f 2615//2615 2594//2594 2595//2595
f 2616//2616 2595//2595 2596//2596
f 2617//2617 2596//2596 2597//2597
f 2618//2618 2597//2597 2598//2598
f 2619//2619 2598//2598 2599//2599
f 2600//2600 2619//2619 2599//2599
f 2581//2581 2620//2620 2600//2600
f 2602//2602 2621//2621 2601//2601
f 2603//2603 2622//2622 2602//2602
f 2604//2604 2623//2623 2603//2603
f 2605//2605 2624//2624 2604//2604
f 2606//2606 2625//2625 2605//2605
f 2607//2607 2626//2626 2606//2606
f 2608//2608 2627//2627 2607//2607
f 2609//2609 2628//2628 2608//2608
f 2610//2610 2629//2629 2609//2609
f 2611//2611 2630//2630 2610//2610
f 2632//2632 2611//2611 2612//2612
f 2633//2633 2612//2612 2613//2613
f 2634//2634 2613//2613 2614//2614
f 2635//2635 2614//2614 2615//2615
f 2636//2636 2615//2615 2616//2616
f 2637//2637 2616//2616 2617//2617
f 2638//2638 2617//2617 2618//2618
f 2639//2639 2618//2618 2619//2619
f 2640//2640 2619//2619 2620//2620
f 2601//2601 2640//2640 2620//2620
f 2622//2622 2641//2641 2621//2621
f 2623//2623 2642//2642 2622//2622
f 2624//2624 2643//2643 2623//2623
f 2625//2625 2644//2644 2624//2624
f 2626//2626 2645//2645 2625//2625
f 2627//2627 2646//2646 2626//2626
f 2628//2628 2647//2647 2627//2627
f 2629//2629 2648//2648 2628//2628
f 2630//2630 2649//2649 2629//2629
f 2631//2631 2650//2650 2630//2630
f 2652//2652 2631//2631 2632//2632
f 2653//2653 2632//2632 2633//2633
f 2654//2654 2633//2633 2634//2634
f 2655//2655 2634//2634 2635//2635
f 2656//2656 2635//2635 2636//2636
f 2657//2657 2636//2636 2637//2637
f 2658//2658 2637//2637 2638//2638
f 2659//2659 2638//2638 2639//2639
f 2660//2660 2639//2639 2640//2640
f 2621//2621 2660//2660 2640//2640
f 2642//2642 2661//2661 2641//2641
f 2643//2643 2662//2662 2642//2642
f 2644//2644 2663//2663 2643//2643
f 2645//2645 2664//2664 2644//2644
f 2646//2646 2665//2665 2645//2645
f 2647//2647 2666//2666 2646//2646
f 2648//2648 2667//2667 2647//2647
f 2649//2649 2668//2668 2648//2648
f 2650//2650 2669//2669 2649//2649
f 2651//2651 2670//2670 2650//2650
f 2672//2672 2651//2651 2652//2652
f 2673//2673 2652//2652 2653//2653
f 2674//2674 2653//2653 2654//2654
f 2675//2675 2654//2654 2655//2655
f 2676//2676 2655//2655 2656//2656
f 2677//2677 2656//2656 2657//2657
f 2678//2678 2657//2657 2658//2658
f 2679//2679 2658//2658 2659//2659
f 2680//2680 2659//2659 2660//2660
f 2661//2661 2660//2660 2641//2641
f 2662//2662 2681//2681 2661//2661
f 2663//2663 2682//2682 2662//2662
f 2664//2664 2683//2683 2663//2663
f 2665//2665 2684//2684 2664//2664
f 2666//2666 2685//2685 2665//2665
f 2667//2667 2686//2686 2666//2666
f 2668//2668 2687//2687 2667//2667
f 2669//2669 2688//2688 2668//2668
f 2670//2670 2689//2689 2669//2669
f 2671//2671 2690//2690 2670//2670
f 2692//2692 2671//2671 2672//2672
f 2693//2693 2672//2672 2673//2673
f 2694//2694 2673//2673 2674//2674
f 2695//2695 2674//2674 2675//2675
f 2696//2696 2675//2675 2676//2676
f 2697//2697 2676//2676 2677//2677
f 2698//2698 2677//2677 2678//2678
f 2699//2699 2678//2678 2679//2679
f 2700//2700 2679//2679 2680//2680
f 2681//2681 2680//2680 2661//2661
f 2682//2682 2701//2701 2681//2681
f 2683//2683 2702//2702 2682//2682
f 2684//2684 2703//2703 2683//2683
f 2685//2685 2704//2704 2684//2684
f 2686//2686 2705//2705 2685//2685
f 2687//2687 2706//2706 2686//2686
f 2688//2688 2707//2707 2687//2687
f 2689//2689 2708//2708 2688//2688
f 2690//2690 2709//2709 2689//2689
f 2691//2691 2710//2710 2690//2690
f 2692//2692 2711//2711 2691//2691
f 2713//2713 2692//2692 2693//2693
f 2714//2714 2693//2693 2694//2694
f 2715//2715 2694//2694 2695//2695
f 2716//2716 2695//2695 2696//2696
f 2717//2717 2696//2696 2697//2697
f 2718//2718 2697//2697 2698//2698
f 2719//2719 2698//2698 2699//2699
f 2720//2720 2699//2699 2700//2700
f 2701//2701 2700//2700 2681//2681
f 2702//2702 2721//2721 2701//2701
f 2703//2703 2722//2722 2702//2702
f 2704//2704 2723//2723 2703//2703
f 2705//2705 2724//2724 2704//2704
f 2706//2706 2725//2725 2705//2705
f 2707//2707 2726//2726 2706//2706
f 2708//2708 2727//2727 2707//2707
f 2709//2709 2728//2728 2708//2708
f 2710//2710 2729//2729 2709//2709
f 2711//2711 2730//2730 2710//2710
f 2712//2712 2731//2731 2711//2711
f 2713//2713 2732//2732 2712//2712
f 2734//2734 2713//2713 2714//2714
f 2735//2735 2714//2714 2715//2715
f 2736//2736 2715//2715 2716//2716
f 2737//2737 2716//2716 2717//2717
f 2738//2738 2717//2717 2718//2718
f 2739//2739 2718//2718 2719//2719
f 2740//2740 2719//2719 2720//2720
f 2701//2701 2740//2740 2720//2720
f 2722//2722 2741//2741 2721//2721
f 2723//2723 2742//2742 2722//2722
f 2724//2724 2743//2743 2723//2723
f 2725//2725 2744//2744 2724//2724
f 2726//2726 2745//2745 2725//2725
f 2727//2727 2746//2746 2726//2726
f 2728//2728 2747//2747 2727//2727
f 2729//2729 2748//2748 2728//2728
f 2730//2730 2749//2749 2729//2729
f 2731//2731 2750//2750 2730//2730
f 2732//2732 2751//2751 2731//2731
f 2733//2733 2752//2752 2732//2732
f 2734//2734 2753//2753 2733//2733
f 2755//2755 2734//2734 2735//2735
f 2756//2756 2735//2735 2736//2736
f 2757//2757 2736//2736 2737//2737
f 2758//2758 2737//2737 2738//2738
f 2759//2759 2738//2738 2739//2739
f 2760//2760 2739//2739 2740//2740
f 2721//2721 2760//2760 2740//2740
f 2742//2742 2761//2761 2741//2741
f 2743//2743 2762//2762 2742//2742
f 2744//2744 2763//2763 2743//2743
f 2745//2745 2764//2764 2744//2744
f 2746//2746 2765//2765 2745//2745
f 2747//2747 2766//2766 2746//2746
f 2748//2748 2767//2767 2747//2747
f 2749//2749 2768//2768 2748//2748
f 2750//2750 2769//2769 2749//2749
f 2751//2751 2770//2770 2750//2750
f 2752//2752 2771//2771 2751//2751
f 2753//2753 2772//2772 2752//2752
f 2754//2754 2773//2773 2753//2753
f 2755//2755 2774//2774 2754//2754
f 2756//2756 2775//2775 2755//2755
f 2777//2777 2756//2756 2757//2757
f 2778//2778 2757//2757 2758//2758
f 2759//2759 2778//2778 2758//2758
f 2760//2760 2779//2779 2759//2759
f 2741//2741 2780//2780 2760//2760
f 2762//2762 2781//2781 2761//2761
f 2763//2763 2782//2782 2762//2762
f 2764//2764 2783//2783 2763//2763
f 2765//2765 2784//2784 2764//2764
f 2766//2766 2785//2785 2765//2765
f 2767//2767 2786//2786 2766//2766
f 2768//2768 2787//2787 2767//2767
f 2769//2769 2788//2788 2768//2768
f 2770//2770 2789//2789 2769//2769
f 2771//2771 2790//2790 2770//2770
f 2772//2772 2791//2791 2771//2771
f 2773//2773 2792//2792 2772//2772
f 2774//2774 2793//2793 2773//2773
f 2775//2775 2794//2794 2774//2774
f 2776//2776 2795//2795 2775//2775
f 2777//2777 2796//2796 2776//2776
f 2778//2778 2797//2797 2777//2777
f 2779//2779 2798//2798 2778//2778
f 2780//2780 2799//2799 2779//2779
f 2761//2761 2800//2800 2780//2780
f 2782//2782 2801//2801 2781//2781
f 2783//2783 2802//2802 2782//2782
f 2784//2784 2803//2803 2783//2783
f 2785//2785 2804//2804 2784//2784
f 2786//2786 2805//2805 2785//2785
f 2787//2787 2806//2806 2786//2786
f 2788//2788 2807//2807 2787//2787
f 2789//2789 2808//2808 2788//2788
f 2790//2790 2809//2809 2789//2789
f 2791//2791 2810//2810 2790//2790
f 2792//2792 2811//2811 2791//2791
f 2793//2793 2812//2812 2792//2792
f 2794//2794 2813//2813 2793//2793
f 2795//2795 2814//2814 2794//2794
f 2796//2796 2815//2815 2795//2795
f 2797//2797 2816//2816 2796//2796
f 2798//2798 2817//2817 2797//2797
f 2799//2799 2818//2818 2798//2798
f 2800//2800 2819//2819 2799//2799
f 2781//2781 2820//2820 2800//2800
f 2802//2802 2821//2821 2801//2801
f 2803//2803 2822//2822 2802//2802
f 2804//2804 2823//2823 2803//2803
f 2805//2805 2824//2824 2804//2804
f 2806//2806 2825//2825 2805//2805
f 2807//2807 2826//2826 2806//2806
f 2808//2808 2827//2827 2807//2807
f 2809//2809 2828//2828 2808//2808
f 2810//2810 2829//2829 2809//2809
f 2811//2811 2830//2830 2810//2810
f 2812//2812 2831//2831 2811//2811
f 2813//2813 2832//2832 2812//2812
f 2814//2814 2833//2833 2813//2813
f 2815//2815 2834//2834 2814//2814
f 2816//2816 2835//2835 2815//2815
f 2817//2817 2836//2836 2816//2816
f 2818//2818 2837//2837 2817//2817
f 2819//2819 2838//2838 2818//2818
f 2820//2820 2839//2839 2819//2819
f 2801//2801 2840//2840 2820//2820
f 2822//2822 2841//2841 2821//2821
f 2823//2823 2842//2842 2822//2822
f 2824//2824 2843//2843 2823//2823
f 2825//2825 2844//2844 2824//2824
f 2826//2826 2845//2845 2825//2825
f 2827//2827 2846//2846 2826//2826
f 2828//2828 2847//2847 2827//2827
f 2829//2829 2848//2848 2828//2828
f 2830//2830 2849//2849 2829//2829
f 2831//2831 2850//2850 2830//2830
f 2832//2832 2851//2851 2831//2831
f 2833//2833 2852//2852 2832//2832
f 2834//2834 2853//2853 2833//2833
f 2835//2835 2854//2854 2834//2834
f 2836//2836 2855//2855 2835//2835
f 2837//2837 2856//2856 2836//2836
f 2838//2838 2857//2857 2837//2837
f 2839//2839 2858//2858 2838//2838
f 2840//2840 2859//2859 2839//2839
f 2821//2821 2860//2860 2840//2840
f 2842//2842 2861//2861 2841//2841
f 2843//2843 2862//2862 2842//2842
f 2844//2844 2863//2863 2843//2843
f 2845//2845 2864//2864 2844//2844
f 2846//2846 2865//2865 2845//2845
f 2847//2847 2866//2866 2846//2846
f 2848//2848 2867//2867 2847//2847
f 2849//2849 2868//2868 2848//2848
f 2850//2850 2869//2869 2849//2849
f 2851//2851 2870//2870 2850//2850
f 2852//2852 2871//2871 2851//2851
f 2853//2853 2872//2872 2852//2852
f 2854//2854 2873//2873 2853//2853
f 2855//2855 2874//2874 2854//2854
f 2856//2856 2875//2875 2855//2855
f 2857//2857 2876//2876 2856//2856
f 2858//2858 2877//2877 2857//2857
f 2859//2859 2878//2878 2858//2858
f 2860//2860 2879//2879 2859//2859
f 2841//2841 2880//2880 2860//2860
f 2862//2862 2881//2881 2861//2861
f 2863//2863 2882//2882 2862//2862
f 2864//2864 2883//2883 2863//2863
f 2865//2865 2884//2884 2864//2864
f 2866//2866 2885//2885 2865//2865
f 2867//2867 2886//2886 2866//2866
f 2868//2868 2887//2887 2867//2867
f 2869//2869 2888//2888 2868//2868
f 2870//2870 2889//2889 2869//2869
f 2871//2871 2890//2890 2870//2870
f 2872//2872 2891//2891 2871//2871
f 2873//2873 2892//2892 2872//2872
f 2874//2874 2893//2893 2873//2873
f 2875//2875 2894//2894 2874//2874
f 2876//2876 2895//2895 2875//2875
f 2877//2877 2896//2896 2876//2876
f 2878//2878 2897//2897 2877//2877
f 2879//2879 2898//2898 2878//2878
f 2880//2880 2899//2899 2879//2879
f 2861//2861 2900//2900 2880//2880
f 2882//2882 2901//2901 2881//2881
f 2883//2883 2902//2902 2882//2882
f 2884//2884 2903//2903 2883//2883
f 2885//2885 2904//2904 2884//2884
f 2886//2886 2905//2905 2885//2885
f 2887//2887 2906//2906 2886//2886
f 2888//2888 2907//2907 2887//2887
f 2889//2889 2908//2908 2888//2888
f 2890//2890 2909//2909 2889//2889
f 2891//2891 2910//2910 2890//2890
f 2892//2892 2911//2911 2891//2891
f 2893//2893 2912//2912 2892//2892
f 2894//2894 2913//2913 2893//2893
f 2895//2895 2914//2914 2894//2894
f 2896//2896 2915//2915 2895//2895
f 2897//2897 2916//2916 2896//2896
f 2898//2898 2917//2917 2897//2897
f 2899//2899 2918//2918 2898//2898
f 2900//2900 2919//2919 2899//2899
f 2881//2881 2920//2920 2900//2900
f 2902//2902 2921//2921 2901//2901
f 2903//2903 2922//2922 2902//2902
f 2904//2904 2923//2923 2903//2903
f 2905//2905 2924//2924 2904//2904
f 2906//2906 2925//2925 2905//2905
f 2907//2907 2926//2926 2906//2906
f 2908//2908 2927//2927 2907//2907
f 2909//2909 2928//2928 2908//2908
f 2910//2910 2929//2929 2909//2909
f 2911//2911 2930//2930 2910//2910
f 2912//2912 2931//2931 2911//2911
f 2913//2913 2932//2932 2912//2912
f 2914//2914 2933//2933 2913//2913
f 2915//2915 2934//2934 2914//2914
f 2916//2916 2935//2935 2915//2915
f 2917//2917 2936//2936 2916//2916
f 2918//2918 2937//2937 2917//2917
f 2919//2919 2938//2938 2918//2918
f 2920//2920 2939//2939 2919//2919
f 2901//2901 2940//2940 2920//2920
f 2922//2922 2941//2941 2921//2921
f 2923//2923 2942//2942 2922//2922
f 2924//2924 2943//2943 2923//2923
f 2925//2925 2944//2944 2924//2924
f 2926//2926 2945//2945 2925//2925
f 2927//2927 2946//2946 2926//2926
f 2928//2928 2947//2947 2927//2927
f 2929//2929 2948//2948 2928//2928
f 2930//2930 2949//2949 2929//2929
f 2931//2931 2950//2950 2930//2930
f 2932//2932 2951//2951 2931//2931
f 2933//2933 2952//2952 2932//2932
f 2934//2934 2953//2953 2933//2933
f 2935//2935 2954//2954 2934//2934
f 2936//2936 2955//2955 2935//2935
f 2937//2937 2956//2956 2936//2936
f 2938//2938 2957//2957 2937//2937
f 2939//2939 2958//2958 2938//2938
f 2940//2940 2959//2959 2939//2939
f 2921//2921 2960//2960 2940//2940
f 2942//2942 2961//2961 2941//2941
f 2943//2943 2962//2962 2942//2942
f 2944//2944 2963//2963 2943//2943
f 2945//2945 2964//2964 2944//2944
f 2946//2946 2965//2965 2945//2945
f 2947//2947 2966//2966 2946//2946
f 2948//2948 2967//2967 2947//2947
f 2949//2949 2968//2968 2948//2948
f 2950//2950 2969//2969 2949//2949
f 2951//2951 2970//2970 2950//2950
f 2952//2952 2971//2971 2951//2951
f 2953//2953 2972//2972 2952//2952
f 2954//2954 2973//2973 2953//2953
f 2955//2955 2974//2974 2954//2954
f 2956//2956 2975//2975 2955//2955
f 2957//2957 2976//2976 2956//2956
f 2958//2958 2977//2977 2957//2957
f 2959//2959 2978//2978 2958//2958
f 2960//2960 2979//2979 2959//2959
f 2941//2941 2980//2980 2960//2960
f 2962//2962 2981//2981 2961//2961
f 2963//2963 2982//2982 2962//2962
f 2964//2964 2983//2983 2963//2963
f 2965//2965 2984//2984 2964//2964
f 2966//2966 2985//2985 2965//2965
f 2967//2967 2986//2986 2966//2966
f 2968//2968 2987//2987 2967//2967
f 2969//2969 2988//2988 2968//2968
f 2970//2970 2989//2989 2969//2969
f 2971//2971 2990//2990 2970//2970
f 2972//2972 2991//2991 2971//2971
f 2973//2973 2992//2992 2972//2972
f 2974//2974 2993//2993 2973//2973
f 2975//2975 2994//2994 2974//2974
f 2976//2976 2995//2995 2975//2975
f 2977//2977 2996//2996 2976//2976
f 2978//2978 2997//2997 2977//2977
f 2979//2979 2998//2998 2978//2978
f 2980//2980 2999//2999 2979//2979
f 2961//2961 3000//3000 2980//2980
f 2982//2982 3001//3001 2981//2981
f 2983//2983 3002//3002 2982//2982
f 2984//2984 3003//3003 2983//2983
f 2985//2985 3004//3004 2984//2984
f 2986//2986 3005//3005 2985//2985
f 2987//2987 3006//3006 2986//2986
f 2988//2988 3007//3007 2987//2987
f 2989//2989 3008//3008 2988//2988
f 2990//2990 3009//3009 2989//2989
f 2991//2991 3010//3010 2990//2990
f 2992//2992 3011//3011 2991//2991
f 2993//2993 3012//3012 2992//2992
f 2994//2994 3013//3013 2993//2993
f 2995//2995 3014//3014 2994//2994
f 2996//2996 3015//3015 2995//2995
f 2997//2997 3016//3016 2996//2996
f 2998//2998 3017//3017 2997//2997
f 2999//2999 3018//3018 2998//2998
f 3000//3000 3019//3019 2999//2999
f 2981//2981 3020//3020 3000//3000
f 3002//3002 3021//3021 3001//3001
f 3003//3003 3022//3022 3002//3002
f 3004//3004 3023//3023 3003//3003
f 3005//3005 3024//3024 3004//3004
f 3006//3006 3025//3025 3005//3005
f 3007//3007 3026//3026 3006//3006
f 3008//3008 3027//3027 3007//3007
f 3009//3009 3028//3028 3008//3008
f 3010//3010 3029//3029 3009//3009
f 3011//3011 3030//3030 3010//3010
f 3012//3012 3031//3031 3011//3011
f 3013//3013 3032//3032 3012//3012
f 3014//3014 3033//3033 3013//3013
f 3015//3015 3034//3034 3014//3014
f 3016//3016 3035//3035 3015//3015
f 3017//3017 3036//3036 3016//3016
f 3018//3018 3037//3037 3017//3017
f 3019//3019 3038//3038 3018//3018
f 3020//3020 3039//3039 3019//3019
f 3001//3001 3040//3040 3020//3020
f 3022//3022 3041//3041 3021//3021
f 3023//3023 3042//3042 3022//3022
f 3024//3024 3043//3043 3023//3023
f 3025//3025 3044//3044 3024//3024
f 3026//3026 3045//3045 3025//3025
f 3027//3027 3046//3046 3026//3026
f 3028//3028 3047//3047 3027//3027
f 3029//3029 3048//3048 3028//3028
f 3030//3030 3049//3049 3029//3029
f 3031//3031 3050//3050 3030//3030
f 3032//3032 3051//3051 3031//3031
f 3033//3033 3052//3052 3032//3032
f 3034//3034 3053//3053 3033//3033
f 3035//3035 3054//3054 3034//3034
f 3036//3036 3055//3055 3035//3035
f 3037//3037 3056//3056 3036//3036
f 3038//3038 3057//3057 3037//3037
f 3039//3039 3058//3058 3038//3038
f 3040//3040 3059//3059 3039//3039
f 3021//3021 3060//3060 3040//3040
f 3042//3042 3061//3061 3041//3041
f 3043//3043 3062//3062 3042//3042
f 3044//3044 3063//3063 3043//3043
f 3045//3045 3064//3064 3044//3044
f 3046//3046 3065//3065 3045//3045
f 3047//3047 3066//3066 3046//3046
f 3048//3048 3067//3067 3047//3047
f 3049//3049 3068//3068 3048//3048
f 3050//3050 3069//3069 3049//3049
f 3051//3051 3070//3070 3050//3050
f 3052//3052 3071//3071 3051//3051
f 3053//3053 3072//3072 3052//3052
f 3054//3054 3073//3073 3053//3053
f 3055//3055 3074//3074 3054//3054
f 3056//3056 3075//3075 3055//3055
f 3057//3057 3076//3076 3056//3056
f 3058//3058 3077//3077 3057//3057
f 3059//3059 3078//3078 3058//3058
f 3060//3060 3079//3079 3059//3059
f 3041//3041 3080//3080 3060//3060
f 3062//3062 3081//3081 3061//3061
f 3063//3063 3082//3082 3062//3062
f 3064//3064 3083//3083 3063//3063
f 3065//3065 3084//3084 3064//3064
f 3066//3066 3085//3085 3065//3065
f 3067//3067 3086//3086 3066//3066
f 3068//3068 3087//3087 3067//3067
f 3069//3069 3088//3088 3068//3068
f 3070//3070 3089//3089 3069//3069
f 3071//3071 3090//3090 3070//3070
f 3072//3072 3091//3091 3071//3071
f 3073//3073 3092//3092 3072//3072
f 3074//3074 3093//3093 3073//3073
f 3075//3075 3094//3094 3074//3074
f 3076//3076 3095//3095 3075//3075
f 3077//3077 3096//3096 3076//3076
f 3078//3078 3097//3097 3077//3077
f 3079//3079 3098//3098 3078//3078
f 3080//3080 3099//3099 3079//3079
f 3061//3061 3100//3100 3080//3080
f 3082//3082 3101//3101 3081//3081
f 3083//3083 3102//3102 3082//3082
f 3084//3084 3103//3103 3083//3083
f 3085//3085 3104//3104 3084//3084
f 3086//3086 3105//3105 3085//3085
f 3087//3087 3106//3106 3086//3086
f 3088//3088 3107//3107 3087//3087
f 3089//3089 3108//3108 3088//3088
f 3090//3090 3109//3109 3089//3089
f 3091//3091 3110//3110 3090//3090
f 3092//3092 3111//3111 3091//3091
f 3093//3093 3112//3112 3092//3092
f 3094//3094 3113//3113 3093//3093
f 3095//3095 3114//3114 3094//3094
f 3116//3116 3095//3095 3096//3096
f 3117//3117 3096//3096 3097//3097
f 3118//3118 3097//3097 3098//3098
f 3099//3099 3118//3118 3098//3098
f 3100//3100 3119//3119 3099//3099
f 3081//3081 3120//3120 3100//3100
f 3102//3102 3121//3121 3101//3101
f 3103//3103 3122//3122 3102//3102
f 3104//3104 3123//3123 3103//3103
f 3105//3105 3124//3124 3104//3104
f 3106//3106 3125//3125 3105//3105
f 3107//3107 3126//3126 3106//3106
f 3108//3108 3127//3127 3107//3107
f 3109//3109 3128//3128 3108//3108
f 3110//3110 3129//3129 3109//3109
f 3111//3111 3130//3130 3110//3110
f 3112//3112 3131//3131 3111//3111
f 3113//3113 3132//3132 3112//3112
f 3114//3114 3133//3133 3113//3113
f 3135//3135 3114//3114 3115//3115
f 3136//3136 3115//3115 3116//3116
f 3137//3137 3116//3116 3117//3117
f 3138//3138 3117//3117 3118//3118
f 3139//3139 3118//3118 3119//3119
f 3120//3120 3139//3139 3119//3119
f 3101//3101 3140//3140 3120//3120
f 3122//3122 3141//3141 3121//3121
f 3123//3123 3142//3142 3122//3122
f 3124//3124 3143//3143 3123//3123
f 3125//3125 3144//3144 3124//3124
f 3126//3126 3145//3145 3125//3125
f 3127//3127 3146//3146 3126//3126
f 3128//3128 3147//3147 3127//3127
f 3129//3129 3148//3148 3128//3128
f 3130//3130 3149//3149 3129//3129
f 3131//3131 3150//3150 3130//3130
f 3132//3132 3151//3151 3131//3131
f 3133//3133 3152//3152 3132//3132
f 3134//3134 3153//3153 3133//3133
f 3155//3155 3134//3134 3135//3135
f 3156//3156 3135//3135 3136//3136
f 3157//3157 3136//3136 3137//3137
f 3158//3158 3137//3137 3138//3138
f 3159//3159 3138//3138 3139//3139
f 3160//3160 3139//3139 3140//3140
f 3121//3121 3160//3160 3140//3140
f 3142//3142 3161//3161 3141//3141
f 3143//3143 3162//3162 3142//3142
f 3144//3144 3163//3163 3143//3143
f 3145//3145 3164//3164 3144//3144
f 3146//3146 3165//3165 3145//3145
f 3147//3147 3166//3166 3146//3146
f 3148//3148 3167//3167 3147//3147
f 3149//3149 3168//3168 3148//3148
f 3150//3150 3169//3169 3149//3149
f 3151//3151 3170//3170 3150//3150
f 3152//3152 3171//3171 3151//3151
f 3153//3153 3172//3172 3152//3152
f 3174//3174 3153//3153 3154//3154
f 3175//3175 3154//3154 3155//3155
f 3176//3176 3155//3155 3156//3156
f 3177//3177 3156//3156 3157//3157
f 3178//3178 3157//3157 3158//3158
f 3179//3179 3158//3158 3159//3159
f 3180//3180 3159//3159 3160//3160
f 3141//3141 3180//3180 3160//3160
f 3162//3162 3181//3181 3161//3161
f 3163//3163 3182//3182 3162//3162
f 3164//3164 3183//3183 3163//3163
f 3165//3165 3184//3184 3164//3164
f 3166//3166 3185//3185 3165//3165
f 3167//3167 3186//3186 3166//3166
f 3168//3168 3187//3187 3167//3167
f 3169//3169 3188//3188 3168//3168
f 3170//3170 3189//3189 3169//3169
f 3171//3171 3190//3190 3170//3170
f 3172//3172 3191//3191 3171//3171
f 3173//3173 3192//3192 3172//3172
f 3194//3194 3173//3173 3174//3174
f 3195//3195 3174//3174 3175//3175
f 3196//3196 3175//3175 3176//3176
f 3197//3197 3176//3176 3177//3177
f 3198//3198 3177//3177 3178//3178
f 3199//3199 3178//3178 3179//3179
f 3200//3200 3179//3179 3180//3180
f 3181//3181 3180//3180 3161//3161
f 3182//3182 3201//3201 3181//3181
f 3183//3183 3202//3202 3182//3182
f 3184//3184 3203//3203 3183//3183
f 3185//3185 3204//3204 3184//3184
f 3186//3186 3205//3205 3185//3185
f 3187//3187 3206//3206 3186//3186
f 3188//3188 3207//3207 3187//3187
f 3189//3189 3208//3208 3188//3188
f 3190//3190 3209//3209 3189//3189
f 3191//3191 3210//3210 3190//3190
f 3192//3192 3211//3211 3191//3191
f 3213//3213 3192//3192 3193//3193
f 3214//3214 3193//3193 3194//3194
f 3215//3215 3194//3194 3195//3195
f 3216//3216 3195//3195 3196//3196
f 3217//3217 3196//3196 3197//3197
f 3218//3218 3197//3197 3198//3198
f 3219//3219 3198//3198 3199//3199
f 3220//3220 3199//3199 3200//3200
f 3201//3201 3200//3200 3181//3181
f 3202//3202 3221//3221 3201//3201
f 3203//3203 3222//3222 3202//3202
f 3204//3204 3223//3223 3203//3203
f 3205//3205 3224//3224 3204//3204
f 3206//3206 3225//3225 3205//3205
f 3207//3207 3226//3226 3206//3206
f 3208//3208 3227//3227 3207//3207
f 3209//3209 3228//3228 3208//3208
f 3210//3210 3229//3229 3209//3209
f 3211//3211 3230//3230 3210//3210
f 3212//3212 3231//3231 3211//3211
f 3233//3233 3212//3212 3213//3213
f 3234//3234 3213//3213 3214//3214
f 3235//3235 3214//3214 3215//3215
f 3236//3236 3215//3215 3216//3216
f 3237//3237 3216//3216 3217//3217
f 3238//3238 3217//3217 3218//3218
f 3239//3239 3218//3218 3219//3219
f 3240//3240 3219//3219 3220//3220
f 3221//3221 3220//3220 3201//3201
f 3222//3222 3241//3241 3221//3221
f 3223//3223 3242//3242 3222//3222
f 3224//3224 3243//3243 3223//3223
f 3225//3225 3244//3244 3224//3224
f 3226//3226 3245//3245 3225//3225
f 3227//3227 3246//3246 3226//3226
f 3228//3228 3247//3247 3227//3227
f 3229//3229 3248//3248 3228//3228
f 3230//3230 3249//3249 3229//3229
f 3231//3231 3250//3250 3230//3230
f 3232//3232 3251//3251 3231//3231
f 3253//3253 3232//3232 3233//3233
f 3254//3254 3233//3233 3234//3234
f 3255//3255 3234//3234 3235//3235
f 3256//3256 3235//3235 3236//3236
f 3257//3257 3236//3236 3237//3237
f 3258//3258 3237//3237 3238//3238
f 3259//3259 3238//3238 3239//3239
f 3260//3260 3239//3239 3240//3240
f 3241//3241 3240//3240 3221//3221
f 3242//3242 3261//3261 3241//3241
f 3243//3243 3262//3262 3242//3242
f 3244//3244 3263//3263 3243//3243
f 3245//3245 3264//3264 3244//3244
f 3246//3246 3265//3265 3245//3245
f 3247//3247 3266//3266 3246//3246
f 3248//3248 3267//3267 3247//3247
f 3249//3249 3268//3268 3248//3248
f 3250//3250 3269//3269 3249//3249
f 3251//3251 3270//3270 3250//3250
f 3252//3252 3271//3271 3251//3251
f 3273//3273 3252//3252 3253//3253
f 3274//3274 3253//3253 3254//3254
f 3275//3275 3254//3254 3255//3255
f 3276//3276 3255//3255 3256//3256
f 3277//3277 3256//3256 3257//3257
f 3278//3278 3257//3257 3258//3258
f 3279//3279 3258//3258 3259//3259
f 3280//3280 3259//3259 3260//3260
f 3261//3261 3260//3260 3241//3241
f 3262//3262 3281//3281 3261//3261
f 3263//3263 3282//3282 3262//3262
f 3264//3264 3283//3283 3263//3263
f 3265//3265 3284//3284 3264//3264
f 3266//3266 3285//3285 3265//3265
f 3267//3267 3286//3286 3266//3266
f 3268//3268 3287//3287 3267//3267
f 3269//3269 3288//3288 3268//3268
f 3270//3270 3289//3289 3269//3269
f 3271//3271 3290//3290 3270//3270
f 3292//3292 3271//3271 3272//3272
f 3293//3293 3272//3272 3273//3273
f 3294//3294 3273//3273 3274//3274
f 3295//3295 3274//3274 3275//3275
f 3296//3296 3275//3275 3276//3276
f 3297//3297 3276//3276 3277//3277
f 3298//3298 3277//3277 3278//3278
f 3299//3299 3278//3278 3279//3279
f 3300//3300 3279//3279 3280//3280
f 3281//3281 3280//3280 3261//3261
f 3282//3282 3301//3301 3281//3281
f 3283//3283 3302//3302 3282//3282
f 3284//3284 3303//3303 3283//3283
f 3285//3285 3304//3304 3284//3284
f 3286//3286 3305//3305 3285//3285
f 3287//3287 3306//3306 3286//3286
f 3288//3288 3307//3307 3287//3287
f 3289//3289 3308//3308 3288//3288
f 3290//3290 3309//3309 3289//3289
f 3291//3291 3310//3310 3290//3290
f 3312//3312 3291//3291 3292//3292
f 3313//3313 3292//3292 3293//3293
f 3314//3314 3293//3293 3294//3294
f 3315//3315 3294//3294 3295//3295
f 3316//3316 3295//3295 3296//3296
f 3317//3317 3296//3296 3297//3297
f 3318//3318 3297//3297 3298//3298
f 3319//3319 3298//3298 3299//3299
f 3320//3320 3299//3299 3300//3300
f 3301//3301 3300//3300 3281//3281
f 3302//3302 3321//3321 3301//3301
f 3303//3303 3322//3322 3302//3302
f 3304//3304 3323//3323 3303//3303
f 3305//3305 3324//3324 3304//3304
f 3306//3306 3325//3325 3305//3305
f 3307//3307 3326//3326 3306//3306
f 3308//3308 3327//3327 3307//3307
f 3309//3309 3328//3328 3308//3308
f 3310//3310 3329//3329 3309//3309
f 3311//3311 3330//3330 3310//3310
f 3332//3332 3311//3311 3312//3312
f 3333//3333 3312//3312 3313//3313
f 3334//3334 3313//3313 3314//3314
f 3335//3335 3314//3314 3315//3315
f 3336//3336 3315//3315 3316//3316
f 3337//3337 3316//3316 3317//3317
f 3338//3338 3317//3317 3318//3318
f 3339//3339 3318//3318 3319//3319
f 3340//3340 3319//3319 3320//3320
f 3321//3321 3320//3320 3301//3301
f 3322//3322 3341//3341 3321//3321
f 3323//3323 3342//3342 3322//3322
f 3324//3324 3343//3343 3323//3323
f 3325//3325 3344//3344 3324//3324
f 3326//3326 3345//3345 3325//3325
f 3327//3327 3346//3346 3326//3326
f 3328//3328 3347//3347 3327//3327
f 3329//3329 3348//3348 3328//3328
f 3330//3330 3349//3349 3329//3329
f 3331//3331 3350//3350 3330//3330
f 3352//3352 3331//3331 3332//3332
f 3353//3353 3332//3332 3333//3333
f 3354//3354 3333//3333 3334//3334
f 3355//3355 3334//3334 3335//3335
f 3356//3356 3335//3335 3336//3336
f 3357//3357 3336//3336 3337//3337
f 3358//3358 3337//3337 3338//3338
f 3359//3359 3338//3338 3339//3339
f 3360//3360 3339//3339 3340//3340
f 3341//3341 3340//3340 3321//3321
f 3342//3342 3361//3361 3341//3341
f 3343//3343 3362//3362 3342//3342
f 3344//3344 3363//3363 3343//3343
f 3345//3345 3364//3364 3344//3344
f 3346//3346 3365//3365 3345//3345
f 3347//3347 3366//3366 3346//3346
f 3348//3348 3367//3367 3347//3347
f 3349//3349 3368//3368 3348//3348
f 3350//3350 3369//3369 3349//3349
f 3351//3351 3370//3370 3350//3350
f 3372//3372 3351//3351 3352//3352
f 3373//3373 3352//3352 3353//3353
f 3374//3374 3353//3353 3354//3354
f 3375//3375 3354//3354 3355//3355
f 3376//3376 3355//3355 3356//3356
f 3377//3377 3356//3356 3357//3357
f 3378//3378 3357//3357 3358//3358
f 3379//3379 3358//3358 3359//3359
f 3380//3380 3359//3359 3360//3360
f 3361//3361 3360//3360 3341//3341
f 3362//3362 3381//3381 3361//3361
f 3363//3363 3382//3382 3362//3362
f 3364//3364 3383//3383 3363//3363
f 3365//3365 3384//3384 3364//3364
f 3366//3366 3385//3385 3365//3365
f 3367//3367 3386//3386 3366//3366
f 3368//3368 3387//3387 3367//3367
f 3369//3369 3388//3388 3368//3368
f 3370//3370 3389//3389 3369//3369
f 3371//3371 3390//3390 3370//3370
f 3392//3392 3371//3371 3372//3372
f 3393//3393 3372//3372 3373//3373
f 3394//3394 3373//3373 3374//3374
f 3395//3395 3374//3374 3375//3375
f 3396//3396 3375//3375 3376//3376
f 3397//3397 3376//3376 3377//3377
f 3398//3398 3377//3377 3378//3378
f 3399//3399 3378//3378 3379//3379
f 3400//3400 3379//3379 3380//3380
f 3381//3381 3380//3380 3361//3361
f 3382//3382 3401//3401 3381//3381
f 3383//3383 3402//3402 3382//3382
f 3384//3384 3403//3403 3383//3383
f 3385//3385 3404//3404 3384//3384
f 3386//3386 3405//3405 3385//3385
f 3387//3387 3406//3406 3386//3386
f 3388//3388 3407//3407 3387//3387
f 3389//3389 3408//3408 3388//3388
f 3390//3390 3409//3409 3389//3389
f 3391//3391 3410//3410 3390//3390
f 3412//3412 3391//3391 3392//3392
f 3413//3413 3392//3392 3393//3393
f 3414//3414 3393//3393 3394//3394
f 3415//3415 3394//3394 3395//3395
f 3416//3416 3395//3395 3396//3396
f 3417//3417 3396//3396 3397//3397
f 3418//3418 3397//3397 3398//3398
f 3419//3419 3398//3398 3399//3399
f 3420//3420 3399//3399 3400//3400
f 3401//3401 3400//3400 3381//3381
f 3402//3402 3421//3421 3401//3401
f 3403//3403 3422//3422 3402//3402
f 3404//3404 3423//3423 3403//3403
f 3405//3405 3424//3424 3404//3404
f 3406//3406 3425//3425 3405//3405
f 3407//3407 3426//3426 3406//3406
f 3408//3408 3427//3427 3407//3407
f 3409//3409 3428//3428 3408//3408
f 3410//3410 3429//3429 3409//3409
f 3411//3411 3430//3430 3410//3410
f 3432//3432 3411//3411 3412//3412
f 3433//3433 3412//3412 3413//3413
f 3434//3434 3413//3413 3414//3414
f 3435//3435 3414//3414 3415//3415
f 3436//3436 3415//3415 3416//3416
f 3437//3437 3416//3416 3417//3417
f 3438//3438 3417//3417 3418//3418
f 3439//3439 3418//3418 3419//3419
f 3440//3440 3419//3419 3420//3420
f 3401//3401 3440//3440 3420//3420
f 3422//3422 3441//3441 3421//3421
f 3423//3423 3442//3442 3422//3422
f 3424//3424 3443//3443 3423//3423
f 3425//3425 3444//3444 3424//3424
f 3426//3426 3445//3445 3425//3425
f 3427//3427 3446//3446 3426//3426
f 3428//3428 3447//3447 3427//3427
f 3429//3429 3448//3448 3428//3428
f 3430//3430 3449//3449 3429//3429
f 3431//3431 3450//3450 3430//3430
f 3452//3452 3431//3431 3432//3432
f 3453//3453 3432//3432 3433//3433
f 3454//3454 3433//3433 3434//3434
f 3455//3455 3434//3434 3435//3435
f 3456//3456 3435//3435 3436//3436
f 3457//3457 3436//3436 3437//3437
f 3458//3458 3437//3437 3438//3438
f 3459//3459 3438//3438 3439//3439
f 3460//3460 3439//3439 3440//3440
f 3421//3421 3460//3460 3440//3440
f 3442//3442 3461//3461 3441//3441
f 3443//3443 3462//3462 3442//3442
f 3444//3444 3463//3463 3443//3443
f 3445//3445 3464//3464 3444//3444
f 3446//3446 3465//3465 3445//3445
f 3447//3447 3466//3466 3446//3446
f 3448//3448 3467//3467 3447//3447
f 3449//3449 3468//3468 3448//3448
f 3450//3450 3469//3469 3449//3449
f 3451//3451 3470//3470 3450//3450
f 3472//3472 3451//3451 3452//3452
f 3473//3473 3452//3452 3453//3453
f 3474//3474 3453//3453 3454//3454
f 3475//3475 3454//3454 3455//3455
f 3476//3476 3455//3455 3456//3456
f 3477//3477 3456//3456 3457//3457
f 3478//3478 3457//3457 3458//3458
f 3479//3479 3458//3458 3459//3459
f 3480//3480 3459//3459 3460//3460
f 3441//3441 3480//3480 3460//3460
f 3462//3462 3481//3481 3461//3461
f 3463//3463 3482//3482 3462//3462
f 3464//3464 3483//3483 3463//3463
f 3465//3465 3484//3484 3464//3464
f 3466//3466 3485//3485 3465//3465
f 3467//3467 3486//3486 3466//3466
f 3468//3468 3487//3487 3467//3467
f 3469//3469 3488//3488 3468//3468
f 3470//3470 3489//3489 3469//3469
f 3471//3471 3490//3490 3470//3470
f 3492//3492 3471//3471 3472//3472
f 3493//3493 3472//3472 3473//3473
f 3494//3494 3473//3473 3474//3474
f 3495//3495 3474//3474 3475//3475
f 3496//3496 3475//3475 3476//3476
f 3497//3497 3476//3476 3477//3477
f 3498//3498 3477//3477 3478//3478
f 3499//3499 3478//3478 3479//3479
f 3480//3480 3499//3499 3479//3479
f 3461//3461 3500//3500 3480//3480
f 3482//3482 3501//3501 3481//3481
f 3483//3483 3502//3502 3482//3482
f 3484//3484 3503//3503 3483//3483
f 3485//3485 3504//3504 3484//3484
f 3486//3486 3505//3505 3485//3485
f 3487//3487 3506//3506 3486//3486
f 3488//3488 3507//3507 3487//3487
f 3489//3489 3508//3508 3488//3488
f 3490//3490 3509//3509 3489//3489
f 3491//3491 3510//3510 3490//3490
f 3492//3492 3511//3511 3491//3491
f 3513//3513 3492//3492 3493//3493
f 3514//3514 3493//3493 3494//3494
f 3515//3515 3494//3494 3495//3495
f 3516//3516 3495//3495 3496//3496
f 3517//3517 3496//3496 3497//3497
f 3518//3518 3497//3497 3498//3498
f 3519//3519 3498//3498 3499//3499
f 3500//3500 3519//3519 3499//3499
f 3481//3481 3520//3520 3500//3500
f 3502//3502 3521//3521 3501//3501
f 3503//3503 3522//3522 3502//3502
f 3504//3504 3523//3523 3503//3503
f 3505//3505 3524//3524 3504//3504
f 3506//3506 3525//3525 3505//3505
f 3507//3507 3526//3526 3506//3506
f 3508//3508 3527//3527 3507//3507
f 3509//3509 3528//3528 3508//3508
f 3510//3510 3529//3529 3509//3509
f 3511//3511 3530//3530 3510//3510
f 3512//3512 3531//3531 3511//3511
f 3533//3533 3512//3512 3513//3513
f 3534//3534 3513//3513 3514//3514
f 3535//3535 3514//3514 3515//3515
f 3536//3536 3515//3515 3516//3516
f 3537//3537 3516//3516 3517//3517
f 3538//3538 3517//3517 3518//3518
f 3539//3539 3518//3518 3519//3519
f 3520//3520 3539//3539 3519//3519
f 3501//3501 3540//3540 3520//3520
f 3522//3522 3541//3541 3521//3521
f 3523//3523 3542//3542 3522//3522
f 3524//3524 3543//3543 3523//3523
f 3525//3525 3544//3544 3524//3524
f 3526//3526 3545//3545 3525//3525
f 3527//3527 3546//3546 3526//3526
f 3528//3528 3547//3547 3527//3527
f 3529//3529 3548//3548 3528//3528
f 3530//3530 3549//3549 3529//3529
f 3531//3531 3550//3550 3530//3530
f 3532//3532 3551//3551 3531//3531
f 3553//3553 3532//3532 3533//3533
f 3554//3554 3533//3533 3534//3534
f 3555//3555 3534//3534 3535//3535
f 3556//3556 3535//3535 3536//3536
f 3557//3557 3536//3536 3537//3537
f 3558//3558 3537//3537 3538//3538
f 3539//3539 3558//3558 3538//3538
f 3540//3540 3559//3559 3539//3539
f 3521//3521 3560//3560 3540//3540
f 3542//3542 3561//3561 3541//3541
f 3543//3543 3562//3562 3542//3542
f 3544//3544 3563//3563 3543//3543
f 3545//3545 3564//3564 3544//3544
f 3546//3546 3565//3565 3545//3545
f 3547//3547 3566//3566 3546//3546
f 3548//3548 3567//3567 3547//3547
f 3549//3549 3568//3568 3548//3548
f 3550//3550 3569//3569 3549//3549
f 3551//3551 3570//3570 3550//3550
f 3552//3552 3571//3571 3551//3551
f 3553//3553 3572//3572 3552//3552
f 3574//3574 3553//3553 3554//3554
f 3575//3575 3554//3554 3555//3555
f 3576//3576 3555//3555 3556//3556
f 3577//3577 3556//3556 3557//3557
f 3558//3558 3577//3577 3557//3557
f 3559//3559 3578//3578 3558//3558
f 3560//3560 3579//3579 3559//3559
f 3541//3541 3580//3580 3560//3560
f 3562//3562 3581//3581 3561//3561
f 3563//3563 3582//3582 3562//3562
f 3564//3564 3583//3583 3563//3563
f 3565//3565 3584//3584 3564//3564
f 3566//3566 3585//3585 3565//3565
f 3567//3567 3586//3586 3566//3566
f 3568//3568 3587//3587 3567//3567
f 3569//3569 3588//3588 3568//3568
f 3570//3570 3589//3589 3569//3569
f 3571//3571 3590//3590 3570//3570
f 3572//3572 3591//3591 3571//3571
f 3573//3573 3592//3592 3572//3572
f 3574//3574 3593//3593 3573//3573
f 3575//3575 3594//3594 3574//3574
f 3596//3596 3575//3575 3576//3576
f 3577//3577 3596//3596 3576//3576
f 3578//3578 3597//3597 3577//3577
f 3579//3579 3598//3598 3578//3578
f 3580//3580 3599//3599 3579//3579
f 3561//3561 3600//3600 3580//3580
f 3582//3582 3601//3601 3581//3581
f 3583//3583 3602//3602 3582//3582
f 3584//3584 3603//3603 3583//3583
f 3585//3585 3604//3604 3584//3584
f 3586//3586 3605//3605 3585//3585
f 3587//3587 3606//3606 3586//3586
f 3588//3588 3607//3607 3587//3587
f 3589//3589 3608//3608 3588//3588
f 3590//3590 3609//3609 3589//3589
f 3591//3591 3610//3610 3590//3590
f 3592//3592 3611//3611 3591//3591
f 3593//3593 3612//3612 3592//3592
f 3594//3594 3613//3613 3593//3593
f 3595//3595 3614//3614 3594//3594
f 3596//3596 3615//3615 3595//3595
f 3597//3597 3616//3616 3596//3596
f 3598//3598 3617//3617 3597//3597
f 3599//3599 3618//3618 3598//3598
f 3600//3600 3619//3619 3599//3599
f 3581//3581 3620//3620 3600//3600
f 3602//3602 3621//3621 3601//3601
f 3603//3603 3622//3622 3602//3602
f 3604//3604 3623//3623 3603//3603
f 3605//3605 3624//3624 3604//3604
f 3606//3606 3625//3625 3605//3605
f 3607//3607 3626//3626 3606//3606
f 3608//3608 3627//3627 3607//3607
f 3609//3609 3628//3628 3608//3608
f 3610//3610 3629//3629 3609//3609
f 3611//3611 3630//3630 3610//3610
f 3612//3612 3631//3631 3611//3611
f 3613//3613 3632//3632 3612//3612
f 3614//3614 3633//3633 3613//3613
f 3615//3615 3634//3634 3614//3614
f 3616//3616 3635//3635 3615//3615
f 3617//3617 3636//3636 3616//3616
f 3618//3618 3637//3637 3617//3617
f 3619//3619 3638//3638 3618//3618
f 3620//3620 3639//3639 3619//3619
f 3601//3601 3640//3640 3620//3620
f 3622//3622 3641//3641 3621//3621
f 3623//3623 3642//3642 3622//3622
f 3624//3624 3643//3643 3623//3623
f 3625//3625 3644//3644 3624//3624
f 3626//3626 3645//3645 3625//3625
f 3627//3627 3646//3646 3626//3626
f 3628//3628 3647//3647 3627//3627
f 3629//3629 3648//3648 3628//3628
f 3630//3630 3649//3649 3629//3629
f 3631//3631 3650//3650 3630//3630
f 3632//3632 3651//3651 3631//3631
f 3633//3633 3652//3652 3632//3632
f 3634//3634 3653//3653 3633//3633
f 3635//3635 3654//3654 3634//3634
f 3636//3636 3655//3655 3635//3635
f 3637//3637 3656//3656 3636//3636
f 3638//3638 3657//3657 3637//3637
f 3639//3639 3658//3658 3638//3638
f 3640//3640 3659//3659 3639//3639
f 3621//3621 3660//3660 3640//3640
f 3642//3642 3661//3661 3641//3641
f 3643//3643 3662//3662 3642//3642
f 3644//3644 3663//3663 3643//3643
f 3645//3645 3664//3664 3644//3644
f 3646//3646 3665//3665 3645//3645
f 3647//3647 3666//3666 3646//3646
f 3648//3648 3667//3667 3647//3647
f 3649//3649 3668//3668 3648//3648
f 3650//3650 3669//3669 3649//3649
f 3651//3651 3670//3670 3650//3650
f 3652//3652 3671//3671 3651//3651
f 3653//3653 3672//3672 3652//3652
f 3654//3654 3673//3673 3653//3653
f 3655//3655 3674//3674 3654//3654
f 3656//3656 3675//3675 3655//3655
f 3657//3657 3676//3676 3656//3656
f 3658//3658 3677//3677 3657//3657
f 3659//3659 3678//3678 3658//3658
f 3660//3660 3679//3679 3659//3659
f 3641//3641 3680//3680 3660//3660
f 3662//3662 3681//3681 3661//3661
f 3663//3663 3682//3682 3662//3662
f 3664//3664 3683//3683 3663//3663
f 3665//3665 3684//3684 3664//3664
f 3666//3666 3685//3685 3665//3665
f 3667//3667 3686//3686 3666//3666
f 3668//3668 3687//3687 3667//3667
f 3669//3669 3688//3688 3668//3668
f 3670//3670 3689//3689 3669//3669
f 3671//3671 3690//3690 3670//3670
f 3672//3672 3691//3691 3671//3671
f 3673//3673 3692//3692 3672//3672
f 3674//3674 3693//3693 3673//3673
f 3675//3675 3694//3694 3674//3674
f 3676//3676 3695//3695 3675//3675
f 3677//3677 3696//3696 3676//3676
f 3678//3678 3697//3697 3677//3677
f 3679//3679 3698//3698 3678//3678
f 3680//3680 3699//3699 3679//3679
f 3661//3661 3700//3700 3680//3680
f 3682//3682 3701//3701 3681//3681
f 3683//3683 3702//3702 3682//3682
f 3684//3684 3703//3703 3683//3683
f 3685//3685 3704//3704 3684//3684
f 3686//3686 3705//3705 3685//3685
f 3687//3687 3706//3706 3686//3686
f 3688//3688 3707//3707 3687//3687
f 3689//3689 3708//3708 3688//3688
f 3690//3690 3709//3709 3689//3689
f 3691//3691 3710//3710 3690//3690
f 3692//3692 3711//3711 3691//3691
f 3693//3693 3712//3712 3692//3692
f 3694//3694 3713//3713 3693//3693
f 3695//3695 3714//3714 3694//3694
f 3696//3696 3715//3715 3695//3695
f 3697//3697 3716//3716 3696//3696
f 3698//3698 3717//3717 3697//3697
f 3699//3699 3718//3718 3698//3698
f 3700//3700 3719//3719 3699//3699
f 3681//3681 3720//3720 3700//3700
f 3702//3702 3721//3721 3701//3701
f 3703//3703 3722//3722 3702//3702
f 3704//3704 3723//3723 3703//3703
f 3705//3705 3724//3724 3704//3704
f 3706//3706 3725//3725 3705//3705
f 3707//3707 3726//3726 3706//3706
f 3708//3708 3727//3727 3707//3707
f 3709//3709 3728//3728 3708//3708
f 3710//3710 3729//3729 3709//3709
f 3711//3711 3730//3730 3710//3710
f 3712//3712 3731//3731 3711//3711
f 3713//3713 3732//3732 3712//3712
f 3714//3714 3733//3733 3713//3713
f 3715//3715 3734//3734 3714//3714
f 3716//3716 3735//3735 3715//3715
f 3717//3717 3736//3736 3716//3716
f 3718//3718 3737//3737 3717//3717
f 3719//3719 3738//3738 3718//3718
f 3720//3720 3739//3739 3719//3719
f 3701//3701 3740//3740 3720//3720
f 3722//3722 3741//3741 3721//3721
f 3723//3723 3742//3742 3722//3722
f 3724//3724 3743//3743 3723//3723
f 3725//3725 3744//3744 3724//3724
f 3726//3726 3745//3745 3725//3725
f 3727//3727 3746//3746 3726//3726
f 3728//3728 3747//3747 3727//3727
f 3729//3729 3748//3748 3728//3728
f 3730//3730 3749//3749 3729//3729
f 3731//3731 3750//3750 3730//3730
f 3732//3732 3751//3751 3731//3731
f 3733//3733 3752//3752 3732//3732
f 3734//3734 3753//3753 3733//3733
f 3735//3735 3754//3754 3734//3734
f 3736//3736 3755//3755 3735//3735
f 3737//3737 3756//3756 3736//3736
f 3738//3738 3757//3757 3737//3737
f 3739//3739 3758//3758 3738//3738
f 3740//3740 3759//3759 3739//3739
f 3721//3721 3760//3760 3740//3740
f 3742//3742 3761//3761 3741//3741
f 3743//3743 3762//3762 3742//3742
f 3744//3744 3763//3763 3743//3743
f 3745//3745 3764//3764 3744//3744
f 3746//3746 3765//3765 3745//3745
f 3747//3747 3766//3766 3746//3746
f 3748//3748 3767//3767 3747//3747
f 3749//3749 3768//3768 3748//3748
f 3750//3750 3769//3769 3749//3749
f 3751//3751 3770//3770 3750//3750
f 3752//3752 3771//3771 3751//3751
f 3753//3753 3772//3772 3752//3752
f 3754//3754 3773//3773 3753//3753
f 3755//3755 3774//3774 3754//3754
f 3756//3756 3775//3775 3755//3755
f 3757//3757 3776//3776 3756//3756
f 3758//3758 3777//3777 3757//3757
f 3759//3759 3778//3778 3758//3758
f 3760//3760 3779//3779 3759//3759
f 3741//3741 3780//3780 3760//3760
f 3762//3762 3781//3781 3761//3761
f 3763//3763 3782//3782 3762//3762
f 3764//3764 3783//3783 3763//3763
f 3765//3765 3784//3784 3764//3764
f 3766//3766 3785//3785 3765//3765
f 3767//3767 3786//3786 3766//3766
f 3768//3768 3787//3787 3767//3767
f 3769//3769 3788//3788 3768//3768
f 3770//3770 3789//3789 3769//3769
f 3771//3771 3790//3790 3770//3770
f 3772//3772 3791//3791 3771//3771
f 3773//3773 3792//3792 3772//3772
f 3774//3774 3793//3793 3773//3773
f 3775//3775 3794//3794 3774//3774
f 3776//3776 3795//3795 3775//3775
f 3777//3777 3796//3796 3776//3776
f 3778//3778 3797//3797 3777//3777
f 3779//3779 3798//3798 3778//3778
f 3780//3780 3799//3799 3779//3779
f 3761//3761 3800//3800 3780//3780
f 3782//3782 3801//3801 3781//3781
f 3783//3783 3802//3802 3782//3782
f 3784//3784 3803//3803 3783//3783
f 3785//3785 3804//3804 3784//3784
f 3786//3786 3805//3805 3785//3785
f 3787//3787 3806//3806 3786//3786
f 3788//3788 3807//3807 3787//3787
f 3789//3789 3808//3808 3788//3788
f 3790//3790 3809//3809 3789//3789
f 3791//3791 3810//3810 3790//3790
f 3792//3792 3811//3811 3791//3791
f 3793//3793 3812//3812 3792//3792
f 3794//3794 3813//3813 3793//3793
f 3795//3795 3814//3814 3794//3794
f 3796//3796 3815//3815 3795//3795
f 3797//3797 3816//3816 3796//3796
f 3798//3798 3817//3817 3797//3797
f 3799//3799 3818//3818 3798//3798
f 3800//3800 3819//3819 3799//3799
f 3781//3781 3820//3820 3800//3800
f 3802//3802 3821//3821 3801//3801
f 3803//3803 3822//3822 3802//3802
f 3804//3804 3823//3823 3803//3803
f 3805//3805 3824//3824 3804//3804
f 3806//3806 3825//3825 3805//3805
f 3807//3807 3826//3826 3806//3806
f 3808//3808 3827//3827 3807//3807
f 3809//3809 3828//3828 3808//3808
f 3810//3810 3829//3829 3809//3809
f 3811//3811 3830//3830 3810//3810
f 3812//3812 3831//3831 3811//3811
f 3813//3813 3832//3832 3812//3812
f 3814//3814 3833//3833 3813//3813
f 3815//3815 3834//3834 3814//3814
f 3816//3816 3835//3835 3815//3815
f 3817//3817 3836//3836 3816//3816
f 3818//3818 3837//3837 3817//3817
f 3819//3819 3838//3838 3818//3818
f 3820//3820 3839//3839 3819//3819
f 3801//3801 3840//3840 3820//3820
f 3822//3822 3841//3841 3821//3821
f 3823//3823 3842//3842 3822//3822
f 3824//3824 3843//3843 3823//3823
f 3825//3825 3844//3844 3824//3824
f 3826//3826 3845//3845 3825//3825
f 3827//3827 3846//3846 3826//3826
f 3828//3828 3847//3847 3827//3827
f 3829//3829 3848//3848 3828//3828
f 3830//3830 3849//3849 3829//3829
f 3831//3831 3850//3850 3830//3830
f 3832//3832 3851//3851 3831//3831
f 3833//3833 3852//3852 3832//3832
f 3834//3834 3853//3853 3833//3833
f 3835//3835 3854//3854 3834//3834
f 3836//3836 3855//3855 3835//3835
f 3837//3837 3856//3856 3836//3836
f 3838//3838 3857//3857 3837//3837
f 3839//3839 3858//3858 3838//3838
f 3840//3840 3859//3859 3839//3839
f 3821//3821 3860//3860 3840//3840
f 3842//3842 3861//3861 3841//3841
f 3843//3843 3862//3862 3842//3842
f 3844//3844 3863//3863 3843//3843
f 3845//3845 3864//3864 3844//3844
f 3846//3846 3865//3865 3845//3845
f 3847//3847 3866//3866 3846//3846
f 3848//3848 3867//3867 3847//3847
f 3849//3849 3868//3868 3848//3848
f 3850//3850 3869//3869 3849//3849
f 3851//3851 3870//3870 3850//3850
f 3852//3852 3871//3871 3851//3851
f 3853//3853 3872//3872 3852//3852
f 3854//3854 3873//3873 3853//3853
f 3855//3855 3874//3874 3854//3854
f 3856//3856 3875//3875 3855//3855
f 3857//3857 3876//3876 3856//3856
f 3858//3858 3877//3877 3857//3857
f 3859//3859 3878//3878 3858//3858
f 3860//3860 3879//3879 3859//3859
f 3841//3841 3880//3880 3860//3860
f 3862//3862 3881//3881 3861//3861
f 3863//3863 3882//3882 3862//3862
f 3864//3864 3883//3883 3863//3863
f 3865//3865 3884//3884 3864//3864
f 3866//3866 3885//3885 3865//3865
f 3867//3867 3886//3886 3866//3866
f 3868//3868 3887//3887 3867//3867
f 3869//3869 3888//3888 3868//3868
f 3870//3870 3889//3889 3869//3869
f 3871//3871 3890//3890 3870//3870
f 3872//3872 3891//3891 3871//3871
f 3873//3873 3892//3892 3872//3872
f 3874//3874 3893//3893 3873//3873
f 3875//3875 3894//3894 3874//3874
f 3876//3876 3895//3895 3875//3875
f 3877//3877 3896//3896 3876//3876
f 3878//3878 3897//3897 3877//3877
f 3879//3879 3898//3898 3878//3878
f 3880//3880 3899//3899 3879//3879
f 3861//3861 3900//3900 3880//3880
f 3882//3882 3901//3901 3881//3881
f 3883//3883 3902//3902 3882//3882
f 3884//3884 3903//3903 3883//3883
f 3885//3885 3904//3904 3884//3884
f 3886//3886 3905//3905 3885//3885
f 3887//3887 3906//3906 3886//3886
f 3888//3888 3907//3907 3887//3887
f 3889//3889 3908//3908 3888//3888
f 3890//3890 3909//3909 3889//3889
f 3891//3891 3910//3910 3890//3890
f 3892//3892 3911//3911 3891//3891
f 3893//3893 3912//3912 3892//3892
f 3894//3894 3913//3913 3893//3893
f 3895//3895 3914//3914 3894//3894
f 3896//3896 3915//3915 3895//3895
f 3897//3897 3916//3916 3896//3896
f 3898//3898 3917//3917 3897//3897
f 3899//3899 3918//3918 3898//3898
f 3900//3900 3919//3919 3899//3899
f 3881//3881 3920//3920 3900//3900
f 3902//3902 3921//3921 3901//3901
f 3903//3903 3922//3922 3902//3902
f 3904//3904 3923//3923 3903//3903
f 3905//3905 3924//3924 3904//3904
f 3906//3906 3925//3925 3905//3905
f 3907//3907 3926//3926 3906//3906
f 3908//3908 3927//3927 3907//3907
f 3909//3909 3928//3928 3908//3908
f 3910//3910 3929//3929 3909//3909
f 3911//3911 3930//3930 3910//3910
f 3912//3912 3931//3931 3911//3911
f 3913//3913 3932//3932 3912//3912
f 3934//3934 3913//3913 3914//3914
f 3935//3935 3914//3914 3915//3915
f 3936//3936 3915//3915 3916//3916
f 3937//3937 3916//3916 3917//3917
f 3938//3938 3917//3917 3918//3918
f 3919//3919 3938//3938 3918//3918
f 3920//3920 3939//3939 3919//3919
f 3901//3901 3940//3940 3920//3920
f 3922//3922 3941//3941 3921//3921
f 3923//3923 3942//3942 3922//3922
f 3924//3924 3943//3943 3923//3923
f 3925//3925 3944//3944 3924//3924
f 3926//3926 3945//3945 3925//3925
f 3927//3927 3946//3946 3926//3926
f 3928//3928 3947//3947 3927//3927
f 3929//3929 3948//3948 3928//3928
f 3930//3930 3949//3949 3929//3929
f 3931//3931 3950//3950 3930//3930
f 3932//3932 3951//3951 3931//3931
f 3953//3953 3932//3932 3933//3933
f 3954//3954 3933//3933 3934//3934
f 3955//3955 3934//3934 3935//3935
f 3956//3956 3935//3935 3936//3936
f 3957//3957 3936//3936 3937//3937
f 3958//3958 3937//3937 3938//3938
f 3959//3959 3938//3938 3939//3939
f 3940//3940 3959//3959 3939//3939
f 3921//3921 3960//3960 3940//3940
f 3942//3942 3961//3961 3941//3941
f 3943//3943 3962//3962 3942//3942
f 3944//3944 3963//3963 3943//3943
f 3945//3945 3964//3964 3944//3944
f 3946//3946 3965//3965 3945//3945
f 3947//3947 3966//3966 3946//3946
f 3948//3948 3967//3967 3947//3947
f 3949//3949 3968//3968 3948//3948
f 3950//3950 3969//3969 3949//3949
f 3951//3951 3970//3970 3950//3950
f 3972//3972 3951//3951 3952//3952
f 3973//3973 3952//3952 3953//3953
f 3974//3974 3953//3953 3954//3954
f 3975//3975 3954//3954 3955//3955
f 3976//3976 3955//3955 3956//3956
f 3977//3977 3956//3956 3957//3957
f 3978//3978 3957//3957 3958//3958
f 3979//3979 3958//3958 3959//3959
f 3980//3980 3959//3959 3960//3960
f 3941//3941 3980//3980 3960//3960
f 3962//3962 3981//3981 3961//3961
f 3963//3963 3982//3982 3962//3962
f 3964//3964 3983//3983 3963//3963
f 3965//3965 3984//3984 3964//3964
f 3966//3966 3985//3985 3965//3965
f 3967//3967 3986//3986 3966//3966
f 3968//3968 3987//3987 3967//3967
f 3969//3969 3988//3988 3968//3968
f 3970//3970 3989//3989 3969//3969
f 3971//3971 3990//3990 3970//3970
f 3992//3992 3971//3971 3972//3972
f 3993//3993 3972//3972 3973//3973
f 3994//3994 3973//3973 3974//3974
f 3995//3995 3974//3974 3975//3975
f 3996//3996 3975//3975 3976//3976
f 3997//3997 3976//3976 3977//3977
f 3998//3998 3977//3977 3978//3978
f 3999//3999 3978//3978 3979//3979
f 4000//4000 3979//3979 3980//3980
f 3981//3981 3980//3980 3961//3961
f 3982//3982 1//1 3981//3981
f 3983//3983 2//2 3982//3982
f 3984//3984 3//3 3983//3983
f 3985//3985 4//4 3984//3984
f 3986//3986 5//5 3985//3985
f 3987//3987 6//6 3986//3986
f 3988//3988 7//7 3987//3987
f 3989//3989 8//8 3988//3988
f 3990//3990 9//9 3989//3989
f 3991//3991 10//10 3990//3990
f 12//12 3991//3991 3992//3992
f 13//13 3992//3992 3993//3993
f 14//14 3993//3993 3994//3994
f 15//15 3994//3994 3995//3995
f 16//16 3995//3995 3996//3996
f 17//17 3996//3996 3997//3997
f 18//18 3997//3997 3998//3998
f 19//19 3998//3998 3999//3999
f 20//20 3999//3999 4000//4000
f 1//1 4000//4000 3981//3981
f 2//2 22//22 21//21
f 3//3 23//23 22//22
f 4//4 24//24 23//23
f 5//5 25//25 24//24
f 6//6 26//26 25//25
f 7//7 27//27 26//26
f 8//8 28//28 27//27
f 9//9 29//29 28//28
f 10//10 30//30 29//29
f 11//11 31//31 30//30
f 32//32 31//31 11//11
f 33//33 32//32 12//12
f 34//34 33//33 13//13
f 35//35 34//34 14//14
f 36//36 35//35 15//15
f 37//37 36//36 16//16
f 38//38 37//37 17//17
f 39//39 38//38 18//18
f 40//40 39//39 19//19
f 21//21 40//40 20//20
f 22//22 42//42 41//41
f 23//23 43//43 42//42
f 24//24 44//44 43//43
f 25//25 45//45 44//44
f 26//26 46//46 45//45
f 27//27 47//47 46//46
f 28//28 48//48 47//47
f 29//29 49//49 48//48
f 30//30 50//50 49//49
f 31//31 51//51 50//50
f 32//32 52//52 51//51
f 53//53 52//52 32//32
f 54//54 53//53 33//33
f 55//55 54//54 34//34
f 56//56 55//55 35//35
f 57//57 56//56 36//36
f 58//58 57//57 37//37
f 59//59 58//58 38//38
f 60//60 59//59 39//39
f 41//41 60//60 40//40
f 42//42 62//62 61//61
f 43//43 63//63 62//62
f 44//44 64//64 63//63
f 45//45 65//65 64//64
f 46//46 66//66 65//65
f 47//47 67//67 66//66
f 48//48 68//68 67//67
f 49//49 69//69 68//68
f 50//50 70//70 69//69
f 51//51 71//71 70//70
f 52//52 72//72 71//71
f 53//53 73//73 72//72
f 74//74 73//73 53//53
f 75//75 74//74 54//54
f 76//76 75//75 55//55
f 77//77 76//76 56//56
f 78//78 77//77 57//57
f 79//79 78//78 58//58
f 80//80 79//79 59//59
f 41//41 61//61 80//80
f 62//62 82//82 81//81
f 63//63 83//83 82//82
f 64//64 84//84 83//83
f 65//65 85//85 84//84
f 66//66 86//86 85//85
f 67//67 87//87 86//86
f 68//68 88//88 87//87
f 69//69 89//89 88//88
f 70//70 90//90 89//89
f 71//71 91//91 90//90
f 72//72 92//92 91//91
f 73//73 93//93 92//92
f 74//74 94//94 93//93
f 95//95 94//94 74//74
f 96//96 95//95 75//75
f 97//97 96//96 76//76
f 98//98 97//97 77//77
f 99//99 98//98 78//78
f 80//80 100//100 99//99
f 61//61 81//81 100//100
f 82//82 102//102 101//101
f 83//83 103//103 102//102
f 84//84 104//104 103//103
f 85//85 105//105 104//104
f 86//86 106//106 105//105
f 87//87 107//107 106//106
f 88//88 108//108 107//107
f 89//89 109//109 108//108
f 90//90 110//110 109//109
f 91//91 111//111 110//110
f 92//92 112//112 111//111
f 93//93 113//113 112//112
f 94//94 114//114 113//113
f 95//95 115//115 114//114
f 96//96 116//116 115//115
f 97//97 117//117 116//116
f 98//98 118//118 117//117
f 99//99 119//119 118//118
f 100//100 120//120 119//119
f 81//81 101//101 120//120
f 102//102 122//122 121//121
f 103//103 123//123 122//122
f 104//104 124//124 123//123
f 105//105 125//125 124//124
f 106//106 126//126 125//125
f 107//107 127//127 126//126
f 108//108 128//128 127//127
f 109//109 129//129 128//128
f 110//110 130//130 129//129
f 111//111 131//131 130//130
f 112//112 132//132 131//131
f 113//113 133//133 132//132
f 114//114 134//134 133//133
f 115//115 135//135 134//134
f 116//116 136//136 135//135
f 117//117 137//137 136//136
f 118//118 138//138 137//137
f 119//119 139//139 138//138
f 120//120 140//140 139//139
f 101//101 121//121 140//140
f 122//122 142//142 141//141
f 123//123 143//143 142//142
f 124//124 144//144 143//143
f 125//125 145//145 144//144
f 126//126 146//146 145//145
f 127//127 147//147 146//146
f 128//128 148//148 147//147
f 129//129 149//149 148//148
f 130//130 150//150 149//149
f 131//131 151//151 150//150
f 132//132 152//152 151//151
f 133//133 153//153 152//152
f 134//134 154//154 153//153
f 135//135 155//155 154//154
f 136//136 156//156 155//155
f 137//137 157//157 156//156
f 138//138 158//158 157//157
f 139//139 159//159 158//158
f 140//140 160//160 159//159
f 121//121 141//141 160//160
f 142//142 162//162 161//161
f 143//143 163//163 162//162
f 144//144 164//164 163//163
f 145//145 165//165 164//164
f 146//146 166//166 165//165
f 147//147 167//167 166//166
f 148//148 168//168 167//167
f 149//149 169//169 168//168
f 150//150 170//170 169//169
f 151//151 171//171 170//170
f 152//152 172//172 171//171
f 153//153 173//173 172//172
f 154//154 174//174 173//173
f 155//155 175//175 174//174
f 156//156 176//176 175//175
f 157//157 177//177 176//176
f 158//158 178//178 177//177
f 159//159 179//179 178//178
f 160//160 180//180 179//179
f 141//141 161//161 180//180
f 162//162 182//182 181//181
f 163//163 183//183 182//182
f 164//164 184//184 183//183
f 165//165 185//185 184//184
f 166//166 186//186 185//185
f 167//167 187//187 186//186
f 168//168 188//188 187//187
f 169//169 189//189 188//188
f 170//170 190//190 189//189
f 171//171 191//191 190//190
f 172//172 192//192 191//191
f 173//173 193//193 192//192
f 174//174 194//194 193//193
f 175//175 195//195 194//194
f 176//176 196//196 195//195
f 177//177 197//197 196//196
f 178//178 198//198 197//197
f 179//179 199//199 198//198
f 180//180 200//200 199//199
f 161//161 181//181 200//200
f 182//182 202//202 201//201
f 183//183 203//203 202//202
f 184//184 204//204 203//203
f 185//185 205//205 204//204
f 186//186 206//206 205//205
f 187//187 207//207 206//206
f 188//188 208//208 207//207
f 189//189 209//209 208//208
f 190//190 210//210 209//209
f 191//191 211//211 210//210
f 192//192 212//212 211//211
f 193//193 213//213 212//212
f 194//194 214//214 213//213
f 195//195 215//215 214//214
f 196//196 216//216 215//215
f 197//197 217//217 216//216
f 198//198 218//218 217//217
f 199//199 219//219 218//218
f 200//200 220//220 219//219
f 181//181 201//201 220//220
f 202//202 222//222 221//221
f 203//203 223//223 222//222
f 204//204 224//224 223//223
f 205//205 225//225 224//224
f 206//206 226//226 225//225
f 207//207 227//227 226//226
f 208//208 228//228 227//227
f 209//209 229//229 228//228
f 210//210 230//230 229//229
f 211//211 231//231 230//230
f 212//212 232//232 231//231
f 213//213 233//233 232//232
f 214//214 234//234 233//233
f 215//215 235//235 234//234
f 216//216 236//236 235//235
f 217//217 237//237 236//236
f 218//218 238//238 237//237
f 219//219 239//239 238//238
f 220//220 240//240 239//239
f 201//201 221//221 240//240
f 222//222 242//242 241//241
f 223//223 243//243 242//242
f 224//224 244//244 243//243
f 225//225 245//245 244//244
f 226//226 246//246 245//245
f 227//227 247//247 246//246
f 228//228 248//248 247//247
f 229//229 249//249 248//248
f 230//230 250//250 249//249
f 231//231 251//251 250//250
f 232//232 252//252 251//251
f 233//233 253//253 252//252
f 234//234 254//254 253//253
f 235//235 255//255 254//254
f 236//236 256//256 255//255
f 237//237 257//257 256//256
f 238//238 258//258 257//257
f 239//239 259//259 258//258
f 240//240 260//260 259//259
f 221//221 241//241 260//260
f 242//242 262//262 261//261
f 243//243 263//263 262//262
f 244//244 264//264 263//263
f 245//245 265//265 264//264
f 246//246 266//266 265//265
f 247//247 267//267 266//266
f 248//248 268//268 267//267
f 249//249 269//269 268//268
f 250//250 270//270 269//269
f 251//251 271//271 270//270
f 252//252 272//272 271//271
f 253//253 273//273 272//272
f 254//254 274//274 273//273
f 255//255 275//275 274//274
f 256//256 276//276 275//275
f 257//257 277//277 276//276
f 258//258 278//278 277//277
f 259//259 279//279 278//278
f 260//260 280//280 279//279
f 241//241 261//261 280//280
f 262//262 282//282 281//281
f 263//263 283//283 282//282
f 264//264 284//284 283//283
f 265//265 285//285 284//284
f 266//266 286//286 285//285
f 267//267 287//287 286//286
f 268//268 288//288 287//287
f 269//269 289//289 288//288
f 270//270 290//290 289//289
f 271//271 291//291 290//290
f 272//272 292//292 291//291
f 273//273 293//293 292//292
f 274//274 294//294 293//293
f 275//275 295//295 294//294
f 276//276 296//296 295//295
f 277//277 297//297 296//296
f 278//278 298//298 297//297
f 279//279 299//299 298//298
f 280//280 300//300 299//299
f 261//261 281//281 300//300
f 282//282 302//302 301//301
f 283//283 303//303 302//302
f 284//284 304//304 303//303
f 285//285 305//305 304//304
f 286//286 306//306 305//305
f 287//287 307//307 306//306
f 288//288 308//308 307//307
f 289//289 309//309 308//308
f 290//290 310//310 309//309
f 291//291 311//311 310//310
f 292//292 312//312 311//311
f 293//293 313//313 312//312
f 294//294 314//314 313//313
f 295//295 315//315 314//314
f 296//296 316//316 315//315
f 297//297 317//317 316//316
f 298//298 318//318 317//317
f 299//299 319//319 318//318
f 300//300 320//320 319//319
f 281//281 301//301 320//320
f 302//302 322//322 321//321
f 303//303 323//323 322//322
f 304//304 324//324 323//323
f 305//305 325//325 324//324
f 306//306 326//326 325//325
f 307//307 327//327 326//326
f 308//308 328//328 327//327
f 309//309 329//329 328//328
f 310//310 330//330 329//329
f 311//311 331//331 330//330
f 312//312 332//332 331//331
f 313//313 333//333 332//332
f 314//314 334//334 333//333
f 315//315 335//335 334//334
f 316//316 336//336 335//335
f 317//317 337//337 336//336
f 318//318 338//338 337//337
f 319//319 339//339 338//338
f 320//320 340//340 339//339
f 301//301 321//321 340//340
f 322//322 342//342 341//341
f 323//323 343//343 342//342
f 324//324 344//344 343//343
f 325//325 345//345 344//344
f 326//326 346//346 345//345
f 327//327 347//347 346//346
f 328//328 348//348 347//347
f 329//329 349//349 348//348
f 330//330 350//350 349//349
f 331//331 351//351 350//350
f 332//332 352//352 351//351
f 333//333 353//353 352//352
f 334//334 354//354 353//353
f 335//335 355//355 354//354
f 336//336 356//356 355//355
f 337//337 357//357 356//356
f 338//338 358//358 357//357
f 339//339 359//359 358//358
f 340//340 360//360 359//359
f 321//321 341//341 360//360
f 342//342 362//362 361//361
f 343//343 363//363 362//362
f 344//344 364//364 363//363
f 345//345 365//365 364//364
f 346//346 366//366 365//365
f 347//347 367//367 366//366
f 348//348 368//368 367//367
f 349//349 369//369 368//368
f 350//350 370//370 369//369
f 351//351 371//371 370//370
f 352//352 372//372 371//371
f 353//353 373//373 372//372
f 354//354 374//374 373//373
f 355//355 375//375 374//374
f 356//356 376//376 375//375
f 357//357 377//377 376//376
f 358//358 378//378 377//377
f 359//359 379//379 378//378
f 360//360 380//380 379//379
f 341//341 361//361 380//380
f 362//362 382//382 381//381
f 363//363 383//383 382//382
f 364//364 384//384 383//383
f 365//365 385//385 384//384
f 366//366 386//386 385//385
f 367//367 387//387 386//386
f 368//368 388//388 387//387
f 369//369 389//389 388//388
f 370//370 390//390 389//389
f 371//371 391//391 390//390
f 372//372 392//392 391//391
f 373//373 393//393 392//392
f 374//374 394//394 393//393
f 375//375 395//395 394//394
f 376//376 396//396 395//395
f 377//377 397//397 396//396
f 378//378 398//398 397//397
f 379//379 399//399 398//398
f 380//380 400//400 399//399
f 361//361 381//381 400//400
f 382//382 402//402 401//401
f 383//383 403//403 402//402
f 384//384 404//404 403//403
f 385//385 405//405 404//404
f 386//386 406//406 405//405
f 387//387 407//407 406//406
f 388//388 408//408 407//407
f 389//389 409//409 408//408
f 390//390 410//410 409//409
f 391//391 411//411 410//410
f 392//392 412//412 411//411
f 393//393 413//413 412//412
f 394//394 414//414 413//413
f 395//395 415//415 414//414
f 396//396 416//416 415//415
f 397//397 417//417 416//416
f 398//398 418//418 417//417
f 399//399 419//419 418//418
f 400//400 420//420 419//419
f 381//381 401//401 420//420
f 402//402 422//422 421//421
f 403//403 423//423 422//422
f 404//404 424//424 423//423
f 405//405 425//425 424//424
f 406//406 426//426 425//425
f 407//407 427//427 426//426
f 408//408 428//428 427//427
f 409//409 429//429 428//428
f 410//410 430//430 429//429
f 411//411 431//431 430//430
f 412//412 432//432 431//431
f 413//413 433//433 432//432
f 414//414 434//434 433//433
f 415//415 435//435 434//434
f 416//416 436//436 435//435
f 437//437 436//436 416//416
f 418//418 438//438 437//437
f 419//419 439//439 438//438
f 420//420 440//440 439//439
f 401//401 421//421 440//440
f 422//422 442//442 441//441
f 423//423 443//443 442//442
f 424//424 444//444 443//443
f 425//425 445//445 444//444
f 426//426 446//446 445//445
f 427//427 447//447 446//446
f 428//428 448//448 447//447
f 429//429 449//449 448//448
f 430//430 450//450 449//449
f 431//431 451//451 450//450
f 432//432 452//452 451//451
f 433//433 453//453 452//452
f 434//434 454//454 453//453
f 435//435 455//455 454//454
f 456//456 455//455 435//435
f 457//457 456//456 436//436
f 458//458 457//457 437//437
f 459//459 458//458 438//438
f 440//440 460//460 459//459
f 421//421 441//441 460//460
f 442//442 462//462 461//461
f 443//443 463//463 462//462
f 444//444 464//464 463//463
f 445//445 465//465 464//464
f 446//446 466//466 465//465
f 447//447 467//467 466//466
f 448//448 468//468 467//467
f 449//449 469//469 468//468
f 450//450 470//470 469//469
f 451//451 471//471 470//470
f 452//452 472//472 471//471
f 453//453 473//473 472//472
f 454//454 474//474 473//473
f 475//475 474//474 454//454
f 476//476 475//475 455//455
f 477//477 476//476 456//456
f 478//478 477//477 457//457
f 479//479 478//478 458//458
f 460//460 480//480 479//479
f 441//441 461//461 480//480
f 462//462 482//482 481//481
f 463//463 483//483 482//482
f 464//464 484//484 483//483
f 465//465 485//485 484//484
f 466//466 486//486 485//485
f 467//467 487//487 486//486
f 468//468 488//488 487//487
f 469//469 489//489 488//488
f 470//470 490//490 489//489
f 471//471 491//491 490//490
f 472//472 492//492 491//491
f 473//473 493//493 492//492
f 494//494 493//493 473//473
f 495//495 494//494 474//474
f 496//496 495//495 475//475
f 497//497 496//496 476//476
f 498//498 497//497 477//477
f 499//499 498//498 478//478
f 500//500 499//499 479//479
f 461//461 481//481 500//500
f 482//482 502//502 501//501
f 483//483 503//503 502//502
f 484//484 504//504 503//503
f 485//485 505//505 504//504
f 486//486 506//506 505//505
f 487//487 507//507 506//506
f 488//488 508//508 507//507
f 489//489 509//509 508//508
f 490//490 510//510 509//509
f 491//491 511//511 510//510
f 492//492 512//512 511//511
f 493//493 513//513 512//512
f 514//514 513//513 493//493
f 515//515 514//514 494//494
f 516//516 515//515 495//495
f 517//517 516//516 496//496
f 518//518 517//517 497//497
f 519//519 518//518 498//498
f 520//520 519//519 499//499
f 481//481 501//501 520//520
f 502//502 522//522 521//521
f 503//503 523//523 522//522
f 504//504 524//524 523//523
f 505//505 525//525 524//524
f 506//506 526//526 525//525
f 507//507 527//527 526//526
f 508//508 528//528 527//527
f 509//509 529//529 528//528
f 510//510 530//530 529//529
f 511//511 531//531 530//530
f 512//512 532//532 531//531
f 513//513 533//533 532//532
f 534//534 533//533 513//513
f 535//535 534//534 514//514
f 536//536 535//535 515//515
f 537//537 536//536 516//516
f 538//538 537//537 517//517
f 539//539 538//538 518//518
f 540//540 539//539 519//519
f 521//521 540//540 520//520
f 522//522 542//542 541//541
f 523//523 543//543 542//542
f 524//524 544//544 543//543
f 525//525 545//545 544//544
f 526//526 546//546 545//545
f 527//527 547//547 546//546
f 528//528 548//548 547//547
f 529//529 549//549 548//548
f 530//530 550//550 549//549
f 531//531 551//551 550//550
f 532//532 552//552 551//551
f 553//553 552//552 532//532
f 554//554 553//553 533//533
f 555//555 554//554 534//534
f 556//556 555//555 535//535
f 557//557 556//556 536//536
f 558//558 557//557 537//537
f 559//559 558//558 538//538
f 560//560 559//559 539//539
f 541//541 560//560 540//540
f 542//542 562//562 561//561
f 543//543 563//563 562//562
f 544//544 564//564 563//563
f 545//545 565//565 564//564
f 546//546 566//566 565//565
f 547//547 567//567 566//566
f 548//548 568//568 567//567
f 549//549 569//569 568//568
f 550//550 570//570 569//569
f 551//551 571//571 570//570
f 552//552 572//572 571//571
f 573//573 572//572 552//552
f 574//574 573//573 553//553
f 575//575 574//574 554//554
f 576//576 575//575 555//555
f 577//577 576//576 556//556
f 578//578 577//577 557//557
f 579//579 578//578 558//558
f 580//580 579//579 559//559
f 561//561 580//580 560//560
f 562//562 582//582 581//581
f 563//563 583//583 582//582
f 564//564 584//584 583//583
f 565//565 585//585 584//584
f 566//566 586//586 585//585
f 567//567 587//587 586//586
f 568//568 588//588 587//587
f 569//569 589//589 588//588
f 570//570 590//590 589//589
f 571//571 591//591 590//590
f 572//572 592//592 591//591
f 593//593 592//592 572//572
f 594//594 593//593 573//573
f 595//595 594//594 574//574
f 596//596 595//595 575//575
f 597//597 596//596 576//576
f 598//598 597//597 577//577
f 599//599 598//598 578//578
f 600//600 599//599 579//579
f 581//581 600//600 580//580
f 582//582 602//602 601//601
f 583//583 603//603 602//602
f 584//584 604//604 603//603
f 585//585 605//605 604//604
f 586//586 606//606 605//605
f 587//587 607//607 606//606
f 588//588 608//608 607//607
f 589//589 609//609 608//608
f 590//590 610//610 609//609
f 591//591 611//611 610//610
f 612//612 611//611 591//591
f 613//613 612//612 592//592
f 614//614 613//613 593//593
f 615//615 614//614 594//594
f 616//616 615//615 595//595
f 617//617 616//616 596//596
f 618//618 617//617 597//597
f 619//619 618//618 598//598
f 620//620 619//619 599//599
f 601//601 620//620 600//600
f 602//602 622//622 621//621
f 603//603 623//623 622//622
f 604//604 624//624 623//623
f 605//605 625//625 624//624
f 606//606 626//626 625//625
f 607//607 627//627 626//626
f 608//608 628//628 627//627
f 609//609 629//629 628//628
f 610//610 630//630 629//629
f 611//611 631//631 630//630
f 632//632 631//631 611//611
f 633//633 632//632 612//612
f 634//634 633//633 613//613
f 635//635 634//634 614//614
f 636//636 635//635 615//615
f 637//637 636//636 616//616
f 638//638 637//637 617//617
f 639//639 638//638 618//618
f 640//640 639//639 619//619
f 621//621 640//640 620//620
f 622//622 642//642 641//641
f 623//623 643//643 642//642
f 624//624 644//644 643//643
f 625//625 645//645 644//644
f 626//626 646//646 645//645
f 627//627 647//647 646//646
f 628//628 648//648 647//647
f 629//629 649//649 648//648
f 630//630 650//650 649//649
f 631//631 651//651 650//650
f 652//652 651//651 631//631
f 653//653 652//652 632//632
f 654//654 653//653 633//633
f 655//655 654//654 634//634
f 656//656 655//655 635//635
f 657//657 656//656 636//636
f 658//658 657//657 637//637
f 659//659 658//658 638//638
f 660//660 659//659 639//639
f 641//641 660//660 640//640
f 642//642 662//662 661//661
f 643//643 663//663 662//662
f 644//644 664//664 663//663
f 645//645 665//665 664//664
f 646//646 666//666 665//665
f 647//647 667//667 666//666
f 648//648 668//668 667//667
f 649//649 669//669 668//668
f 650//650 670//670 669//669
f 651//651 671//671 670//670
f 672//672 671//671 651//651
f 673//673 672//672 652//652
f 674//674 673//673 653//653
f 675//675 674//674 654//654
f 676//676 675//675 655//655
f 677//677 676//676 656//656
f 678//678 677//677 657//657
f 679//679 678//678 658//658
f 680//680 679//679 659//659
f 661//661 680//680 660//660
f 662//662 682//682 681//681
f 663//663 683//683 682//682
f 664//664 684//684 683//683
f 665//665 685//685 684//684
f 666//666 686//686 685//685
f 667//667 687//687 686//686
f 668//668 688//688 687//687
f 669//669 689//689 688//688
f 670//670 690//690 689//689
f 671//671 691//691 690//690
f 692//692 691//691 671//671
f 693//693 692//692 672//672
f 694//694 693//693 673//673
f 695//695 694//694 674//674
f 696//696 695//695 675//675
f 697//697 696//696 676//676
f 698//698 697//697 677//677
f 699//699 698//698 678//678
f 700//700 699//699 679//679
f 681//681 700//700 680//680
f 682//682 702//702 701//701
f 683//683 703//703 702//702
f 684//684 704//704 703//703
f 685//685 705//705 704//704
f 686//686 706//706 705//705
f 687//687 707//707 706//706
f 688//688 708//708 707//707
f 689//689 709//709 708//708
f 690//690 710//710 709//709
f 691//691 711//711 710//710
f 712//712 711//711 691//691
f 713//713 712//712 692//692
f 714//714 713//713 693//693
f 715//715 714//714 694//694
f 716//716 715//715 695//695
f 717//717 716//716 696//696
f 718//718 717//717 697//697
f 719//719 718//718 698//698
f 720//720 719//719 699//699
f 701//701 720//720 700//700
f 702//702 722//722 721//721
f 703//703 723//723 722//722
f 704//704 724//724 723//723
f 705//705 725//725 724//724
f 706//706 726//726 725//725
f 707//707 727//727 726//726
f 708//708 728//728 727//727
f 709//709 729//729 728//728
f 710//710 730//730 729//729
f 711//711 731//731 730//730
f 732//732 731//731 711//711
f 733//733 732//732 712//712
f 734//734 733//733 713//713
f 735//735 734//734 714//714
f 736//736 735//735 715//715
f 737//737 736//736 716//716
f 738//738 737//737 717//717
f 739//739 738//738 718//718
f 740//740 739//739 719//719
f 721//721 740//740 720//720
f 722//722 742//742 741//741
f 723//723 743//743 742//742
f 724//724 744//744 743//743
f 725//725 745//745 744//744
f 726//726 746//746 745//745
f 727//727 747//747 746//746
f 728//728 748//748 747//747
f 729//729 749//749 748//748
f 730//730 750//750 749//749
f 731//731 751//751 750//750
f 752//752 751//751 731//731
f 753//753 752//752 732//732
f 754//754 753//753 733//733
f 755//755 754//754 734//734
f 756//756 755//755 735//735
f 757//757 756//756 736//736
f 758//758 757//757 737//737
f 759//759 758//758 738//738
f 760//760 759//759 739//739
f 721//721 741//741 760//760
f 742//742 762//762 761//761
f 743//743 763//763 762//762
f 744//744 764//764 763//763
f 745//745 765//765 764//764
f 746//746 766//766 765//765
f 747//747 767//767 766//766
f 748//748 768//768 767//767
f 749//749 769//769 768//768
f 750//750 770//770 769//769
f 751//751 771//771 770//770
f 772//772 771//771 751//751
f 773//773 772//772 752//752
f 774//774 773//773 753//753
f 775//775 774//774 754//754
f 776//776 775//775 755//755
f 777//777 776//776 756//756
f 778//778 777//777 757//757
f 779//779 778//778 758//758
f 780//780 779//779 759//759
f 741//741 761//761 780//780
f 762//762 782//782 781//781
f 763//763 783//783 782//782
f 764//764 784//784 783//783
f 765//765 785//785 784//784
f 766//766 786//786 785//785
f 767//767 787//787 786//786
f 768//768 788//788 787//787
f 769//769 789//789 788//788
f 770//770 790//790 789//789
f 771//771 791//791 790//790
f 792//792 791//791 771//771
f 793//793 792//792 772//772
f 794//794 793//793 773//773
f 795//795 794//794 774//774
f 796//796 795//795 775//775
f 797//797 796//796 776//776
f 798//798 797//797 777//777
f 799//799 798//798 778//778
f 800//800 799//799 779//779
f 761//761 781//781 800//800
f 782//782 802//802 801//801
f 783//783 803//803 802//802
f 784//784 804//804 803//803
f 785//785 805//805 804//804
f 786//786 806//806 805//805
f 787//787 807//807 806//806
f 788//788 808//808 807//807
f 789//789 809//809 808//808
f 790//790 810//810 809//809
f 791//791 811//811 810//810
f 812//812 811//811 791//791
f 813//813 812//812 792//792
f 814//814 813//813 793//793
f 815//815 814//814 794//794
f 816//816 815//815 795//795
f 817//817 816//816 796//796
f 818//818 817//817 797//797
f 819//819 818//818 798//798
f 820//820 819//819 799//799
f 781//781 801//801 820//820
f 802//802 822//822 821//821
f 803//803 823//823 822//822
f 804//804 824//824 823//823
f 805//805 825//825 824//824
f 806//806 826//826 825//825
f 807//807 827//827 826//826
f 808//808 828//828 827//827
f 809//809 829//829 828//828
f 810//810 830//830 829//829
f 811//811 831//831 830//830
f 832//832 831//831 811//811
f 833//833 832//832 812//812
f 834//834 833//833 813//813
f 835//835 834//834 814//814
f 836//836 835//835 815//815
f 837//837 836//836 816//816
f 838//838 837//837 817//817
f 839//839 838//838 818//818
f 820//820 840//840 839//839
f 801//801 821//821 840//840
f 822//822 842//842 841//841
f 823//823 843//843 842//842
f 824//824 844//844 843//843
f 825//825 845//845 844//844
f 826//826 846//846 845//845
f 827//827 847//847 846//846
f 828//828 848//848 847//847
f 829//829 849//849 848//848
f 830//830 850//850 849//849
f 831//831 851//851 850//850
f 832//832 852//852 851//851
f 853//853 852//852 832//832
f 854//854 853//853 833//833
f 855//855 854//854 834//834
f 856//856 855//855 835//835
f 857//857 856//856 836//836
f 858//858 857//857 837//837
f 859//859 858//858 838//838
f 840//840 860//860 859//859
f 821//821 841//841 860//860
f 842//842 862//862 861//861
f 843//843 863//863 862//862
f 844//844 864//864 863//863
f 845//845 865//865 864//864
f 846//846 866//866 865//865
f 847//847 867//867 866//866
f 848//848 868//868 867//867
f 849//849 869//869 868//868
f 850//850 870//870 869//869
f 851//851 871//871 870//870
f 852//852 872//872 871//871
f 873//873 872//872 852//852
f 874//874 873//873 853//853
f 875//875 874//874 854//854
f 876//876 875//875 855//855
f 877//877 876//876 856//856
f 878//878 877//877 857//857
f 859//859 879//879 878//878
f 860//860 880//880 879//879
f 841//841 861//861 880//880
f 862//862 882//882 881//881
f 863//863 883//883 882//882
f 864//864 884//884 883//883
f 865//865 885//885 884//884
f 866//866 886//886 885//885
f 867//867 887//887 886//886
f 868//868 888//888 887//887
f 869//869 889//889 888//888
f 870//870 890//890 889//889
f 871//871 891//891 890//890
f 872//872 892//892 891//891
f 873//873 893//893 892//892
f 894//894 893//893 873//873
f 895//895 894//894 874//874
f 896//896 895//895 875//875
f 897//897 896//896 876//876
f 898//898 897//897 877//877
f 879//879 899//899 898//898
f 880//880 900//900 899//899
f 861//861 881//881 900//900
f 882//882 902//902 901//901
f 883//883 903//903 902//902
f 884//884 904//904 903//903
f 885//885 905//905 904//904
f 886//886 906//906 905//905
f 887//887 907//907 906//906
f 888//888 908//908 907//907
f 889//889 909//909 908//908
f 890//890 910//910 909//909
f 891//891 911//911 910//910
f 892//892 912//912 911//911
f 893//893 913//913 912//912
f 894//894 914//914 913//913
f 915//915 914//914 894//894
f 916//916 915//915 895//895
f 917//917 916//916 896//896
f 898//898 918//918 917//917
f 899//899 919//919 918//918
f 900//900 920//920 919//919
f 881//881 901//901 920//920
f 902//902 922//922 921//921
f 903//903 923//923 922//922
f 904//904 924//924 923//923
f 905//905 925//925 924//924
f 906//906 926//926 925//925
f 907//907 927//927 926//926
f 908//908 928//928 927//927
f 909//909 929//929 928//928
f 910//910 930//930 929//929
f 911//911 931//931 930//930
f 912//912 932//932 931//931
f 913//913 933//933 932//932
f 914//914 934//934 933//933
f 915//915 935//935 934//934
f 916//916 936//936 935//935
f 917//917 937//937 936//936
f 918//918 938//938 937//937
f 919//919 939//939 938//938
f 920//920 940//940 939//939
f 901//901 921//921 940//940
f 922//922 942//942 941//941
f 923//923 943//943 942//942
f 924//924 944//944 943//943
f 925//925 945//945 944//944
f 926//926 946//946 945//945
f 927//927 947//947 946//946
f 928//928 948//948 947//947
f 929//929 949//949 948//948
f 930//930 950//950 949//949
f 931//931 951//951 950//950
f 932//932 952//952 951//951
f 933//933 953//953 952//952
f 934//934 954//954 953//953
f 935//935 955//955 954//954
f 936//936 956//956 955//955
f 937//937 957//957 956//956
f 938//938 958//958 957//957
f 939//939 959//959 958//958
f 940//940 960//960 959//959
f 921//921 941//941 960//960
f 942//942 962//962 961//961
f 943//943 963//963 962//962
f 944//944 964//964 963//963
f 945//945 965//965 964//964
f 946//946 966//966 965//965
f 947//947 967//967 966//966
f 948//948 968//968 967//967
f 949//949 969//969 968//968
f 950//950 970//970 969//969
f 951//951 971//971 970//970
f 952//952 972//972 971//971
f 953//953 973//973 972//972
f 954//954 974//974 973//973
f 955//955 975//975 974//974
f 956//956 976//976 975//975
f 957//957 977//977 976//976
f 958//958 978//978 977//977
f 959//959 979//979 978//978
f 960//960 980//980 979//979
f 941//941 961//961 980//980
f 962//962 982//982 981//981
f 963//963 983//983 982//982
f 964//964 984//984 983//983
f 965//965 985//985 984//984
f 966//966 986//986 985//985
f 967//967 987//987 986//986
f 968//968 988//988 987//987
f 969//969 989//989 988//988
f 970//970 990//990 989//989
f 971//971 991//991 990//990
f 972//972 992//992 991//991
f 973//973 993//993 992//992
f 974//974 994//994 993//993
f 975//975 995//995 994//994
f 976//976 996//996 995//995
f 977//977 997//997 996//996
f 978//978 998//998 997//997
f 979//979 999//999 998//998
f 980//980 1000//1000 999//999
f 961//961 981//981 1000//1000
f 982//982 1002//1002 1001//1001
f 983//983 1003//1003 1002//1002
f 984//984 1004//1004 1003//1003
f 985//985 1005//1005 1004//1004
f 986//986 1006//1006 1005//1005
f 987//987 1007//1007 1006//1006
f 988//988 1008//1008 1007//1007
f 989//989 1009//1009 1008//1008
f 990//990 1010//1010 1009//1009
f 991//991 1011//1011 1010//1010
f 992//992 1012//1012 1011//1011
f 993//993 1013//1013 1012//1012
f 994//994 1014//1014 1013//1013
f 995//995 1015//1015 1014//1014
f 996//996 1016//1016 1015//1015
f 997//997 1017//1017 1016//1016
f 998//998 1018//1018 1017//1017
f 999//999 1019//1019 1018//1018
f 1000//1000 1020//1020 1019//1019
f 981//981 1001//1001 1020//1020
f 1002//1002 1022//1022 1021//1021
f 1003//1003 1023//1023 1022//1022
f 1004//1004 1024//1024 1023//1023
f 1005//1005 1025//1025 1024//1024
f 1006//1006 1026//1026 1025//1025
f 1007//1007 1027//1027 1026//1026
f 1008//1008 1028//1028 1027//1027
f 1009//1009 1029//1029 1028//1028
f 1010//1010 1030//1030 1029//1029
f 1011//1011 1031//1031 1030//1030
f 1012//1012 1032//1032 1031//1031
f 1013//1013 1033//1033 1032//1032
f 1014//1014 1034//1034 1033//1033
f 1015//1015 1035//1035 1034//1034
f 1016//1016 1036//1036 1035//1035
f 1017//1017 1037//1037 1036//1036
f 1018//1018 1038//1038 1037//1037
f 1019//1019 1039//1039 1038//1038
f 1020//1020 1040//1040 1039//1039
f 1001//1001 1021//1021 1040//1040
f 1022//1022 1042//1042 1041//1041
f 1023//1023 1043//1043 1042//1042
f 1024//1024 1044//1044 1043//1043
f 1025//1025 1045//1045 1044//1044
f 1026//1026 1046//1046 1045//1045
f 1027//1027 1047//1047 1046//1046
f 1028//1028 1048//1048 1047//1047
f 1029//1029 1049//1049 1048//1048
f 1030//1030 1050//1050 1049//1049
f 1031//1031 1051//1051 1050//1050
f 1032//1032 1052//1052 1051//1051
f 1033//1033 1053//1053 1052//1052
f 1034//1034 1054//1054 1053//1053
f 1035//1035 1055//1055 1054//1054
f 1036//1036 1056//1056 1055//1055
f 1037//1037 1057//1057 1056//1056
f 1038//1038 1058//1058 1057//1057
f 1039//1039 1059//1059 1058//1058
f 1040//1040 1060//1060 1059//1059
f 1021//1021 1041//1041 1060//1060
f 1042//1042 1062//1062 1061//1061
f 1043//1043 1063//1063 1062//1062
f 1044//1044 1064//1064 1063//1063
f 1045//1045 1065//1065 1064//1064
f 1046//1046 1066//1066 1065//1065
f 1047//1047 1067//1067 1066//1066
f 1048//1048 1068//1068 1067//1067
f 1049//1049 1069//1069 1068//1068
f 1050//1050 1070//1070 1069//1069
f 1051//1051 1071//1071 1070//1070
f 1052//1052 1072//1072 1071//1071
f 1053//1053 1073//1073 1072//1072
f 1054//1054 1074//1074 1073//1073
f 1055//1055 1075//1075 1074//1074
f 1056//1056 1076//1076 1075//1075
f 1057//1057 1077//1077 1076//1076
f 1058//1058 1078//1078 1077//1077
f 1059//1059 1079//1079 1078//1078
f 1060//1060 1080//1080 1079//1079
f 1041//1041 1061//1061 1080//1080
f 1062//1062 1082//1082 1081//1081
f 1063//1063 1083//1083 1082//1082
f 1064//1064 1084//1084 1083//1083
f 1065//1065 1085//1085 1084//1084
f 1066//1066 1086//1086 1085//1085
f 1067//1067 1087//1087 1086//1086
f 1068//1068 1088//1088 1087//1087
f 1069//1069 1089//1089 1088//1088
f 1070//1070 1090//1090 1089//1089
f 1071//1071 1091//1091 1090//1090
f 1072//1072 1092//1092 1091//1091
f 1073//1073 1093//1093 1092//1092
f 1074//1074 1094//1094 1093//1093
f 1075//1075 1095//1095 1094//1094
f 1076//1076 1096//1096 1095//1095
f 1077//1077 1097//1097 1096//1096
f 1078//1078 1098//1098 1097//1097
f 1079//1079 1099//1099 1098//1098
f 1080//1080 1100//1100 1099//1099
f 1061//1061 1081//1081 1100//1100
f 1082//1082 1102//1102 1101//1101
f 1083//1083 1103//1103 1102//1102
f 1084//1084 1104//1104 1103//1103
f 1085//1085 1105//1105 1104//1104
f 1086//1086 1106//1106 1105//1105
f 1087//1087 1107//1107 1106//1106
f 1088//1088 1108//1108 1107//1107
f 1089//1089 1109//1109 1108//1108
f 1090//1090 1110//1110 1109//1109
f 1091//1091 1111//1111 1110//1110
f 1092//1092 1112//1112 1111//1111
f 1093//1093 1113//1113 1112//1112
f 1094//1094 1114//1114 1113//1113
f 1095//1095 1115//1115 1114//1114
f 1096//1096 1116//1116 1115//1115
f 1097//1097 1117//1117 1116//1116
f 1098//1098 1118//1118 1117//1117
f 1099//1099 1119//1119 1118//1118
f 1100//1100 1120//1120 1119//1119
f 1081//1081 1101//1101 1120//1120
f 1102//1102 1122//1122 1121//1121
f 1103//1103 1123//1123 1122//1122
f 1104//1104 1124//1124 1123//1123
f 1105//1105 1125//1125 1124//1124
f 1106//1106 1126//1126 1125//1125
f 1107//1107 1127//1127 1126//1126
f 1108//1108 1128//1128 1127//1127
f 1109//1109 1129//1129 1128//1128
f 1110//1110 1130//1130 1129//1129
f 1111//1111 1131//1131 1130//1130
f 1112//1112 1132//1132 1131//1131
f 1113//1113 1133//1133 1132//1132
f 1114//1114 1134//1134 1133//1133
f 1115//1115 1135//1135 1134//1134
f 1116//1116 1136//1136 1135//1135
f 1117//1117 1137//1137 1136//1136
f 1118//1118 1138//1138 1137//1137
f 1119//1119 1139//1139 1138//1138
f 1120//1120 1140//1140 1139//1139
f 1101//1101 1121//1121 1140//1140
f 1122//1122 1142//1142 1141//1141
f 1123//1123 1143//1143 1142//1142
f 1124//1124 1144//1144 1143//1143
f 1125//1125 1145//1145 1144//1144
f 1126//1126 1146//1146 1145//1145
f 1127//1127 1147//1147 1146//1146
f 1128//1128 1148//1148 1147//1147
f 1129//1129 1149//1149 1148//1148
f 1130//1130 1150//1150 1149//1149
f 1131//1131 1151//1151 1150//1150
f 1132//1132 1152//1152 1151//1151
f 1133//1133 1153//1153 1152//1152
f 1134//1134 1154//1154 1153//1153
f 1135//1135 1155//1155 1154//1154
f 1136//1136 1156//1156 1155//1155
f 1137//1137 1157//1157 1156//1156
f 1138//1138 1158//1158 1157//1157
f 1139//1139 1159//1159 1158//1158
f 1140//1140 1160//1160 1159//1159
f 1121//1121 1141//1141 1160//1160
f 1142//1142 1162//1162 1161//1161
f 1143//1143 1163//1163 1162//1162
f 1144//1144 1164//1164 1163//1163
f 1145//1145 1165//1165 1164//1164
f 1146//1146 1166//1166 1165//1165
f 1147//1147 1167//1167 1166//1166
f 1148//1148 1168//1168 1167//1167
f 1149//1149 1169//1169 1168//1168
f 1150//1150 1170//1170 1169//1169
f 1151//1151 1171//1171 1170//1170
f 1152//1152 1172//1172 1171//1171
f 1153//1153 1173//1173 1172//1172
f 1154//1154 1174//1174 1173//1173
f 1155//1155 1175//1175 1174//1174
f 1156//1156 1176//1176 1175//1175
f 1157//1157 1177//1177 1176//1176
f 1158//1158 1178//1178 1177//1177
f 1159//1159 1179//1179 1178//1178
f 1160//1160 1180//1180 1179//1179
f 1141//1141 1161//1161 1180//1180
f 1162//1162 1182//1182 1181//1181
f 1163//1163 1183//1183 1182//1182
f 1164//1164 1184//1184 1183//1183
f 1165//1165 1185//1185 1184//1184
f 1166//1166 1186//1186 1185//1185
f 1167//1167 1187//1187 1186//1186
f 1168//1168 1188//1188 1187//1187
f 1169//1169 1189//1189 1188//1188
f 1170//1170 1190//1190 1189//1189
f 1171//1171 1191//1191 1190//1190
f 1172//1172 1192//1192 1191//1191
f 1173//1173 1193//1193 1192//1192
f 1174//1174 1194//1194 1193//1193
f 1175//1175 1195//1195 1194//1194
f 1176//1176 1196//1196 1195//1195
f 1177//1177 1197//1197 1196//1196
f 1178//1178 1198//1198 1197//1197
f 1179//1179 1199//1199 1198//1198
f 1180//1180 1200//1200 1199//1199
f 1161//1161 1181//1181 1200//1200
f 1182//1182 1202//1202 1201//1201
f 1183//1183 1203//1203 1202//1202
f 1184//1184 1204//1204 1203//1203
f 1185//1185 1205//1205 1204//1204
f 1186//1186 1206//1206 1205//1205
f 1187//1187 1207//1207 1206//1206
f 1188//1188 1208//1208 1207//1207
f 1189//1189 1209//1209 1208//1208
f 1190//1190 1210//1210 1209//1209
f 1191//1191 1211//1211 1210//1210
f 1192//1192 1212//1212 1211//1211
f 1193//1193 1213//1213 1212//1212
f 1194//1194 1214//1214 1213//1213
f 1195//1195 1215//1215 1214//1214
f 1196//1196 1216//1216 1215//1215
f 1197//1197 1217//1217 1216//1216
f 1198//1198 1218//1218 1217//1217
f 1199//1199 1219//1219 1218//1218
f 1200//1200 1220//1220 1219//1219
f 1181//1181 1201//1201 1220//1220
f 1202//1202 1222//1222 1221//1221
f 1203//1203 1223//1223 1222//1222
f 1204//1204 1224//1224 1223//1223
f 1205//1205 1225//1225 1224//1224
f 1206//1206 1226//1226 1225//1225
f 1207//1207 1227//1227 1226//1226
f 1208//1208 1228//1228 1227//1227
f 1209//1209 1229//1229 1228//1228
f 1210//1210 1230//1230 1229//1229
f 1211//1211 1231//1231 1230//1230
f 1212//1212 1232//1232 1231//1231
f 1213//1213 1233//1233 1232//1232
f 1214//1214 1234//1234 1233//1233
f 1215//1215 1235//1235 1234//1234
f 1216//1216 1236//1236 1235//1235
f 1217//1217 1237//1237 1236//1236
f 1218//1218 1238//1238 1237//1237
f 1219//1219 1239//1239 1238//1238
f 1220//1220 1240//1240 1239//1239
f 1201//1201 1221//1221 1240//1240
f 1222//1222 1242//1242 1241//1241
f 1223//1223 1243//1243 1242//1242
f 1224//1224 1244//1244 1243//1243
f 1225//1225 1245//1245 1244//1244
f 1226//1226 1246//1246 1245//1245
f 1227//1227 1247//1247 1246//1246
f 1228//1228 1248//1248 1247//1247
f 1229//1229 1249//1249 1248//1248
f 1230//1230 1250//1250 1249//1249
f 1231//1231 1251//1251 1250//1250
f 1232//1232 1252//1252 1251//1251
f 1233//1233 1253//1253 1252//1252
f 1234//1234 1254//1254 1253//1253
f 1255//1255 1254//1254 1234//1234
f 1256//1256 1255//1255 1235//1235
f 1237//1237 1257//1257 1256//1256
f 1238//1238 1258//1258 1257//1257
f 1239//1239 1259//1259 1258//1258
f 1240//1240 1260//1260 1259//1259
f 1221//1221 1241//1241 1260//1260
f 1242//1242 1262//1262 1261//1261
f 1243//1243 1263//1263 1262//1262
f 1244//1244 1264//1264 1263//1263
f 1245//1245 1265//1265 1264//1264
f 1246//1246 1266//1266 1265//1265
f 1247//1247 1267//1267 1266//1266
f 1248//1248 1268//1268 1267//1267
f 1249//1249 1269//1269 1268//1268
f 1250//1250 1270//1270 1269//1269
f 1251//1251 1271//1271 1270//1270
f 1252//1252 1272//1272 1271//1271
f 1273//1273 1272//1272 1252//1252
f 1274//1274 1273//1273 1253//1253
f 1275//1275 1274//1274 1254//1254
f 1276//1276 1275//1275 1255//1255
f 1277//1277 1276//1276 1256//1256
f 1278//1278 1277//1277 1257//1257
f 1259//1259 1279//1279 1278//1278
f 1260//1260 1280//1280 1279//1279
f 1241//1241 1261//1261 1280//1280
f 1262//1262 1282//1282 1281//1281
f 1263//1263 1283//1283 1282//1282
f 1264//1264 1284//1284 1283//1283
f 1265//1265 1285//1285 1284//1284
f 1266//1266 1286//1286 1285//1285
f 1267//1267 1287//1287 1286//1286
f 1268//1268 1288//1288 1287//1287
f 1269//1269 1289//1289 1288//1288
f 1270//1270 1290//1290 1289//1289
f 1271//1271 1291//1291 1290//1290
f 1272//1272 1292//1292 1291//1291
f 1293//1293 1292//1292 1272//1272
f 1294//1294 1293//1293 1273//1273
f 1295//1295 1294//1294 1274//1274
f 1296//1296 1295//1295 1275//1275
f 1297//1297 1296//1296 1276//1276
f 1298//1298 1297//1297 1277//1277
f 1299//1299 1298//1298 1278//1278
f 1280//1280 1300//1300 1299//1299
f 1261//1261 1281//1281 1300//1300
f 1282//1282 1302//1302 1301//1301
f 1283//1283 1303//1303 1302//1302
f 1284//1284 1304//1304 1303//1303
f 1285//1285 1305//1305 1304//1304
f 1286//1286 1306//1306 1305//1305
f 1287//1287 1307//1307 1306//1306
f 1288//1288 1308//1308 1307//1307
f 1289//1289 1309//1309 1308//1308
f 1290//1290 1310//1310 1309//1309
f 1291//1291 1311//1311 1310//1310
f 1312//1312 1311//1311 1291//1291
f 1313//1313 1312//1312 1292//1292
f 1314//1314 1313//1313 1293//1293
f 1315//1315 1314//1314 1294//1294
f 1316//1316 1315//1315 1295//1295
f 1317//1317 1316//1316 1296//1296
f 1318//1318 1317//1317 1297//1297
f 1319//1319 1318//1318 1298//1298
f 1320//1320 1319//1319 1299//1299
f 1281//1281 1301//1301 1320//1320
f 1302//1302 1322//1322 1321//1321
f 1303//1303 1323//1323 1322//1322
f 1304//1304 1324//1324 1323//1323
f 1305//1305 1325//1325 1324//1324
f 1306//1306 1326//1326 1325//1325
f 1307//1307 1327//1327 1326//1326
f 1308//1308 1328//1328 1327//1327
f 1309//1309 1329//1329 1328//1328
f 1310//1310 1330//1330 1329//1329
f 1311//1311 1331//1331 1330//1330
f 1332//1332 1331//1331 1311//1311
f 1333//1333 1332//1332 1312//1312
f 1334//1334 1333//1333 1313//1313
f 1335//1335 1334//1334 1314//1314
f 1336//1336 1335//1335 1315//1315
f 1337//1337 1336//1336 1316//1316
f 1338//1338 1337//1337 1317//1317
f 1339//1339 1338//1338 1318//1318
f 1340//1340 1339//1339 1319//1319
f 1321//1321 1340//1340 1320//1320
f 1322//1322 1342//1342 1341//1341
f 1323//1323 1343//1343 1342//1342
f 1324//1324 1344//1344 1343//1343
f 1325//1325 1345//1345 1344//1344
f 1326//1326 1346//1346 1345//1345
f 1327//1327 1347//1347 1346//1346
f 1328//1328 1348//1348 1347//1347
f 1329//1329 1349//1349 1348//1348
f 1330//1330 1350//1350 1349//1349
f 1331//1331 1351//1351 1350//1350
f 1352//1352 1351//1351 1331//1331
f 1353//1353 1352//1352 1332//1332
f 1354//1354 1353//1353 1333//1333
f 1355//1355 1354//1354 1334//1334
f 1356//1356 1355//1355 1335//1335
f 1357//1357 1356//1356 1336//1336
f 1358//1358 1357//1357 1337//1337
f 1359//1359 1358//1358 1338//1338
f 1360//1360 1359//1359 1339//1339
f 1341//1341 1360//1360 1340//1340
f 1342//1342 1362//1362 1361//1361
f 1343//1343 1363//1363 1362//1362
f 1344//1344 1364//1364 1363//1363
f 1345//1345 1365//1365 1364//1364
f 1346//1346 1366//1366 1365//1365
f 1347//1347 1367//1367 1366//1366
f 1348//1348 1368//1368 1367//1367
f 1349//1349 1369//1369 1368//1368
f 1350//1350 1370//1370 1369//1369
f 1351//1351 1371//1371 1370//1370
f 1352//1352 1372//1372 1371//1371
f 1373//1373 1372//1372 1352//1352
f 1374//1374 1373//1373 1353//1353
f 1375//1375 1374//1374 1354//1354
f 1376//1376 1375//1375 1355//1355
f 1377//1377 1376//1376 1356//1356
f 1378//1378 1377//1377 1357//1357
f 1379//1379 1378//1378 1358//1358
f 1380//1380 1379//1379 1359//1359
f 1361//1361 1380//1380 1360//1360
f 1362//1362 1382//1382 1381//1381
f 1363//1363 1383//1383 1382//1382
f 1364//1364 1384//1384 1383//1383
f 1365//1365 1385//1385 1384//1384
f 1366//1366 1386//1386 1385//1385
f 1367//1367 1387//1387 1386//1386
f 1368//1368 1388//1388 1387//1387
f 1369//1369 1389//1389 1388//1388
f 1370//1370 1390//1390 1389//1389
f 1371//1371 1391//1391 1390//1390
f 1372//1372 1392//1392 1391//1391
f 1393//1393 1392//1392 1372//1372
f 1394//1394 1393//1393 1373//1373
f 1395//1395 1394//1394 1374//1374
f 1396//1396 1395//1395 1375//1375
f 1397//1397 1396//1396 1376//1376
f 1398//1398 1397//1397 1377//1377
f 1399//1399 1398//1398 1378//1378
f 1400//1400 1399//1399 1379//1379
f 1381//1381 1400//1400 1380//1380
f 1382//1382 1402//1402 1401//1401
f 1383//1383 1403//1403 1402//1402
f 1384//1384 1404//1404 1403//1403
f 1385//1385 1405//1405 1404//1404
f 1386//1386 1406//1406 1405//1405
f 1387//1387 1407//1407 1406//1406
f 1388//1388 1408//1408 1407//1407
f 1389//1389 1409//1409 1408//1408
f 1390//1390 1410//1410 1409//1409
f 1391//1391 1411//1411 1410//1410
f 1392//1392 1412//1412 1411//1411
f 1393//1393 1413//1413 1412//1412
f 1414//1414 1413//1413 1393//1393
f 1415//1415 1414//1414 1394//1394
f 1416//1416 1415//1415 1395//1395
f 1417//1417 1416//1416 1396//1396
f 1418//1418 1417//1417 1397//1397
f 1419//1419 1418//1418 1398//1398
f 1420//1420 1419//1419 1399//1399
f 1381//1381 1401//1401 1420//1420
f 1402//1402 1422//1422 1421//1421
f 1403//1403 1423//1423 1422//1422
f 1404//1404 1424//1424 1423//1423
f 1405//1405 1425//1425 1424//1424
f 1406//1406 1426//1426 1425//1425
f 1407//1407 1427//1427 1426//1426
f 1408//1408 1428//1428 1427//1427
f 1409//1409 1429//1429 1428//1428
f 1410//1410 1430//1430 1429//1429
f 1411//1411 1431//1431 1430//1430
f 1412//1412 1432//1432 1431//1431
f 1413//1413 1433//1433 1432//1432
f 1414//1414 1434//1434 1433//1433
f 1415//1415 1435//1435 1434//1434
f 1436//1436 1435//1435 1415//1415
f 1437//1437 1436//1436 1416//1416
f 1438//1438 1437//1437 1417//1417
f 1439//1439 1438//1438 1418//1418
f 1420//1420 1440//1440 1439//1439
f 1401//1401 1421//1421 1440//1440
f 1422//1422 1442//1442 1441//1441
f 1423//1423 1443//1443 1442//1442
f 1424//1424 1444//1444 1443//1443
f 1425//1425 1445//1445 1444//1444
f 1426//1426 1446//1446 1445//1445
f 1427//1427 1447//1447 1446//1446
f 1428//1428 1448//1448 1447//1447
f 1429//1429 1449//1449 1448//1448
f 1430//1430 1450//1450 1449//1449
f 1431//1431 1451//1451 1450//1450
f 1432//1432 1452//1452 1451//1451
f 1433//1433 1453//1453 1452//1452
f 1434//1434 1454//1454 1453//1453
f 1435//1435 1455//1455 1454//1454
f 1436//1436 1456//1456 1455//1455
f 1437//1437 1457//1457 1456//1456
f 1438//1438 1458//1458 1457//1457
f 1439//1439 1459//1459 1458//1458
f 1440//1440 1460//1460 1459//1459
f 1421//1421 1441//1441 1460//1460
f 1442//1442 1462//1462 1461//1461
f 1443//1443 1463//1463 1462//1462
f 1444//1444 1464//1464 1463//1463
f 1445//1445 1465//1465 1464//1464
f 1446//1446 1466//1466 1465//1465
f 1447//1447 1467//1467 1466//1466
f 1448//1448 1468//1468 1467//1467
f 1449//1449 1469//1469 1468//1468
f 1450//1450 1470//1470 1469//1469
f 1451//1451 1471//1471 1470//1470
f 1452//1452 1472//1472 1471//1471
f 1453//1453 1473//1473 1472//1472
f 1454//1454 1474//1474 1473//1473
f 1455//1455 1475//1475 1474//1474
f 1456//1456 1476//1476 1475//1475
f 1457//1457 1477//1477 1476//1476
f 1458//1458 1478//1478 1477//1477
f 1459//1459 1479//1479 1478//1478
f 1460//1460 1480//1480 1479//1479
f 1441//1441 1461//1461 1480//1480
f 1462//1462 1482//1482 1481//1481
f 1463//1463 1483//1483 1482//1482
f 1464//1464 1484//1484 1483//1483
f 1465//1465 1485//1485 1484//1484
f 1466//1466 1486//1486 1485//1485
f 1467//1467 1487//1487 1486//1486
f 1468//1468 1488//1488 1487//1487
f 1469//1469 1489//1489 1488//1488
f 1470//1470 1490//1490 1489//1489
f 1471//1471 1491//1491 1490//1490
f 1472//1472 1492//1492 1491//1491
f 1473//1473 1493//1493 1492//1492
f 1474//1474 1494//1494 1493//1493
f 1475//1475 1495//1495 1494//1494
f 1476//1476 1496//1496 1495//1495
f 1477//1477 1497//1497 1496//1496
f 1478//1478 1498//1498 1497//1497
f 1479//1479 1499//1499 1498//1498
f 1480//1480 1500//1500 1499//1499
f 1461//1461 1481//1481 1500//1500
f 1482//1482 1502//1502 1501//1501
f 1483//1483 1503//1503 1502//1502
f 1484//1484 1504//1504 1503//1503
f 1485//1485 1505//1505 1504//1504
f 1486//1486 1506//1506 1505//1505
f 1487//1487 1507//1507 1506//1506
f 1488//1488 1508//1508 1507//1507
f 1489//1489 1509//1509 1508//1508
f 1490//1490 1510//1510 1509//1509
f 1491//1491 1511//1511 1510//1510
f 1492//1492 1512//1512 1511//1511
f 1493//1493 1513//1513 1512//1512
f 1494//1494 1514//1514 1513//1513
f 1495//1495 1515//1515 1514//1514
f 1496//1496 1516//1516 1515//1515
f 1497//1497 1517//1517 1516//1516
f 1498//1498 1518//1518 1517//1517
f 1499//1499 1519//1519 1518//1518
f 1500//1500 1520//1520 1519//1519
f 1481//1481 1501//1501 1520//1520
f 1502//1502 1522//1522 1521//1521
f 1503//1503 1523//1523 1522//1522
f 1504//1504 1524//1524 1523//1523
f 1505//1505 1525//1525 1524//1524
f 1506//1506 1526//1526 1525//1525
f 1507//1507 1527//1527 1526//1526
f 1508//1508 1528//1528 1527//1527
f 1509//1509 1529//1529 1528//1528
f 1510//1510 1530//1530 1529//1529
f 1511//1511 1531//1531 1530//1530
f 1512//1512 1532//1532 1531//1531
f 1513//1513 1533//1533 1532//1532
f 1514//1514 1534//1534 1533//1533
f 1515//1515 1535//1535 1534//1534
f 1516//1516 1536//1536 1535//1535
f 1517//1517 1537//1537 1536//1536
f 1518//1518 1538//1538 1537//1537
f 1519//1519 1539//1539 1538//1538
f 1520//1520 1540//1540 1539//1539
f 1501//1501 1521//1521 1540//1540
f 1522//1522 1542//1542 1541//1541
f 1523//1523 1543//1543 1542//1542
f 1524//1524 1544//1544 1543//1543
f 1525//1525 1545//1545 1544//1544
f 1526//1526 1546//1546 1545//1545
f 1527//1527 1547//1547 1546//1546
f 1528//1528 1548//1548 1547//1547
f 1529//1529 1549//1549 1548//1548
f 1530//1530 1550//1550 1549//1549
f 1531//1531 1551//1551 1550//1550
f 1532//1532 1552//1552 1551//1551
f 1533//1533 1553//1553 1552//1552
f 1534//1534 1554//1554 1553//1553
f 1535//1535 1555//1555 1554//1554
f 1536//1536 1556//1556 1555//1555
f 1537//1537 1557//1557 1556//1556
f 1538//1538 1558//1558 1557//1557
f 1539//1539 1559//1559 1558//1558
f 1540//1540 1560//1560 1559//1559
f 1521//1521 1541//1541 1560//1560
f 1542//1542 1562//1562 1561//1561
f 1543//1543 1563//1563 1562//1562
f 1544//1544 1564//1564 1563//1563
f 1545//1545 1565//1565 1564//1564
f 1546//1546 1566//1566 1565//1565
f 1547//1547 1567//1567 1566//1566
f 1548//1548 1568//1568 1567//1567
f 1549//1549 1569//1569 1568//1568
f 1550//1550 1570//1570 1569//1569
f 1551//1551 1571//1571 1570//1570
f 1552//1552 1572//1572 1571//1571
f 1553//1553 1573//1573 1572//1572
f 1554//1554 1574//1574 1573//1573
f 1555//1555 1575//1575 1574//1574
f 1556//1556 1576//1576 1575//1575
f 1557//1557 1577//1577 1576//1576
f 1558//1558 1578//1578 1577//1577
f 1559//1559 1579//1579 1578//1578
f 1560//1560 1580//1580 1579//1579
f 1541//1541 1561//1561 1580//1580
f 1562//1562 1582//1582 1581//1581
f 1563//1563 1583//1583 1582//1582
f 1564//1564 1584//1584 1583//1583
f 1565//1565 1585//1585 1584//1584
f 1566//1566 1586//1586 1585//1585
f 1567//1567 1587//1587 1586//1586
f 1568//1568 1588//1588 1587//1587
f 1569//1569 1589//1589 1588//1588
f 1570//1570 1590//1590 1589//1589
f 1571//1571 1591//1591 1590//1590
f 1572//1572 1592//1592 1591//1591
f 1573//1573 1593//1593 1592//1592
f 1574//1574 1594//1594 1593//1593
f 1575//1575 1595//1595 1594//1594
f 1576//1576 1596//1596 1595//1595
f 1577//1577 1597//1597 1596//1596
f 1578//1578 1598//1598 1597//1597
f 1579//1579 1599//1599 1598//1598
f 1580//1580 1600//1600 1599//1599
f 1561//1561 1581//1581 1600//1600
f 1582//1582 1602//1602 1601//1601
f 1583//1583 1603//1603 1602//1602
f 1584//1584 1604//1604 1603//1603
f 1585//1585 1605//1605 1604//1604
f 1586//1586 1606//1606 1605//1605
f 1587//1587 1607//1607 1606//1606
f 1588//1588 1608//1608 1607//1607
f 1589//1589 1609//1609 1608//1608
f 1590//1590 1610//1610 1609//1609
f 1591//1591 1611//1611 1610//1610
f 1592//1592 1612//1612 1611//1611
f 1593//1593 1613//1613 1612//1612
f 1594//1594 1614//1614 1613//1613
f 1595//1595 1615//1615 1614//1614
f 1596//1596 1616//1616 1615//1615
f 1597//1597 1617//1617 1616//1616
f 1598//1598 1618//1618 1617//1617
f 1599//1599 1619//1619 1618//1618
f 1600//1600 1620//1620 1619//1619
f 1581//1581 1601//1601 1620//1620
f 1602//1602 1622//1622 1621//1621
f 1603//1603 1623//1623 1622//1622
f 1604//1604 1624//1624 1623//1623
f 1605//1605 1625//1625 1624//1624
f 1606//1606 1626//1626 1625//1625
f 1607//1607 1627//1627 1626//1626
f 1608//1608 1628//1628 1627//1627
f 1609//1609 1629//1629 1628//1628
f 1610//1610 1630//1630 1629//1629
f 1611//1611 1631//1631 1630//1630
f 1612//1612 1632//1632 1631//1631
f 1613//1613 1633//1633 1632//1632
f 1614//1614 1634//1634 1633//1633
f 1615//1615 1635//1635 1634//1634
f 1616//1616 1636//1636 1635//1635
f 1617//1617 1637//1637 1636//1636
f 1618//1618 1638//1638 1637//1637
f 1619//1619 1639//1639 1638//1638
f 1620//1620 1640//1640 1639//1639
f 1601//1601 1621//1621 1640//1640
f 1622//1622 1642//1642 1641//1641
f 1623//1623 1643//1643 1642//1642
f 1624//1624 1644//1644 1643//1643
f 1625//1625 1645//1645 1644//1644
f 1626//1626 1646//1646 1645//1645
f 1627//1627 1647//1647 1646//1646
f 1628//1628 1648//1648 1647//1647
f 1629//1629 1649//1649 1648//1648
f 1630//1630 1650//1650 1649//1649
f 1631//1631 1651//1651 1650//1650
f 1632//1632 1652//1652 1651//1651
f 1633//1633 1653//1653 1652//1652
f 1634//1634 1654//1654 1653//1653
f 1635//1635 1655//1655 1654//1654
f 1636//1636 1656//1656 1655//1655
f 1637//1637 1657//1657 1656//1656
f 1638//1638 1658//1658 1657//1657
f 1639//1639 1659//1659 1658//1658
f 1640//1640 1660//1660 1659//1659
f 1621//1621 1641//1641 1660//1660
f 1642//1642 1662//1662 1661//1661
f 1643//1643 1663//1663 1662//1662
f 1644//1644 1664//1664 1663//1663
f 1645//1645 1665//1665 1664//1664
f 1646//1646 1666//1666 1665//1665
f 1647//1647 1667//1667 1666//1666
f 1648//1648 1668//1668 1667//1667
f 1649//1649 1669//1669 1668//1668
f 1650//1650 1670//1670 1669//1669
f 1651//1651 1671//1671 1670//1670
f 1652//1652 1672//1672 1671//1671
f 1653//1653 1673//1673 1672//1672
f 1654//1654 1674//1674 1673//1673
f 1655//1655 1675//1675 1674//1674
f 1656//1656 1676//1676 1675//1675
f 1657//1657 1677//1677 1676//1676
f 1658//1658 1678//1678 1677//1677
f 1659//1659 1679//1679 1678//1678
f 1660//1660 1680//1680 1679//1679
f 1641//1641 1661//1661 1680//1680
f 1662//1662 1682//1682 1681//1681
f 1663//1663 1683//1683 1682//1682
f 1664//1664 1684//1684 1683//1683
f 1665//1665 1685//1685 1684//1684
f 1666//1666 1686//1686 1685//1685
f 1667//1667 1687//1687 1686//1686
f 1668//1668 1688//1688 1687//1687
f 1669//1669 1689//1689 1688//1688
f 1670//1670 1690//1690 1689//1689
f 1671//1671 1691//1691 1690//1690
f 1672//1672 1692//1692 1691//1691
f 1673//1673 1693//1693 1692//1692
f 1674//1674 1694//1694 1693//1693
f 1675//1675 1695//1695 1694//1694
f 1676//1676 1696//1696 1695//1695
f 1677//1677 1697//1697 1696//1696
f 1678//1678 1698//1698 1697//1697
f 1679//1679 1699//1699 1698//1698
f 1680//1680 1700//1700 1699//1699
f 1661//1661 1681//1681 1700//1700
f 1682//1682 1702//1702 1701//1701
f 1683//1683 1703//1703 1702//1702
f 1684//1684 1704//1704 1703//1703
f 1685//1685 1705//1705 1704//1704
f 1686//1686 1706//1706 1705//1705
f 1687//1687 1707//1707 1706//1706
f 1688//1688 1708//1708 1707//1707
f 1689//1689 1709//1709 1708//1708
f 1690//1690 1710//1710 1709//1709
f 1691//1691 1711//1711 1710//1710
f 1692//1692 1712//1712 1711//1711
f 1693//1693 1713//1713 1712//1712
f 1694//1694 1714//1714 1713//1713
f 1695//1695 1715//1715 1714//1714
f 1696//1696 1716//1716 1715//1715
f 1697//1697 1717//1717 1716//1716
f 1698//1698 1718//1718 1717//1717
f 1699//1699 1719//1719 1718//1718
f 1700//1700 1720//1720 1719//1719
f 1681//1681 1701//1701 1720//1720
f 1702//1702 1722//1722 1721//1721
f 1703//1703 1723//1723 1722//1722
f 1704//1704 1724//1724 1723//1723
f 1705//1705 1725//1725 1724//1724
f 1706//1706 1726//1726 1725//1725
f 1707//1707 1727//1727 1726//1726
f 1708//1708 1728//1728 1727//1727
f 1709//1709 1729//1729 1728//1728
f 1710//1710 1730//1730 1729//1729
f 1711//1711 1731//1731 1730//1730
f 1712//1712 1732//1732 1731//1731
f 1713//1713 1733//1733 1732//1732
f 1714//1714 1734//1734 1733//1733
f 1715//1715 1735//1735 1734//1734
f 1716//1716 1736//1736 1735//1735
f 1717//1717 1737//1737 1736//1736
f 1718//1718 1738//1738 1737//1737
f 1719//1719 1739//1739 1738//1738
f 1720//1720 1740//1740 1739//1739
f 1701//1701 1721//1721 1740//1740
f 1722//1722 1742//1742 1741//1741
f 1723//1723 1743//1743 1742//1742
f 1724//1724 1744//1744 1743//1743
f 1725//1725 1745//1745 1744//1744
f 1726//1726 1746//1746 1745//1745
f 1727//1727 1747//1747 1746//1746
f 1728//1728 1748//1748 1747//1747
f 1729//1729 1749//1749 1748//1748
f 1730//1730 1750//1750 1749//1749
f 1731//1731 1751//1751 1750//1750
f 1732//1732 1752//1752 1751//1751
f 1733//1733 1753//1753 1752//1752
f 1734//1734 1754//1754 1753//1753
f 1735//1735 1755//1755 1754//1754
f 1736//1736 1756//1756 1755//1755
f 1737//1737 1757//1757 1756//1756
f 1738//1738 1758//1758 1757//1757
f 1739//1739 1759//1759 1758//1758
f 1740//1740 1760//1760 1759//1759
f 1721//1721 1741//1741 1760//1760
f 1742//1742 1762//1762 1761//1761
f 1743//1743 1763//1763 1762//1762
f 1744//1744 1764//1764 1763//1763
f 1745//1745 1765//1765 1764//1764
f 1746//1746 1766//1766 1765//1765
f 1747//1747 1767//1767 1766//1766
f 1748//1748 1768//1768 1767//1767
f 1749//1749 1769//1769 1768//1768
f 1750//1750 1770//1770 1769//1769
f 1751//1751 1771//1771 1770//1770
f 1752//1752 1772//1772 1771//1771
f 1753//1753 1773//1773 1772//1772
f 1754//1754 1774//1774 1773//1773
f 1755//1755 1775//1775 1774//1774
f 1756//1756 1776//1776 1775//1775
f 1777//1777 1776//1776 1756//1756
f 1778//1778 1777//1777 1757//1757
f 1759//1759 1779//1779 1778//1778
f 1760//1760 1780//1780 1779//1779
f 1741//1741 1761//1761 1780//1780
f 1762//1762 1782//1782 1781//1781
f 1763//1763 1783//1783 1782//1782
f 1764//1764 1784//1784 1783//1783
f 1765//1765 1785//1785 1784//1784
f 1766//1766 1786//1786 1785//1785
f 1767//1767 1787//1787 1786//1786
f 1768//1768 1788//1788 1787//1787
f 1769//1769 1789//1789 1788//1788
f 1770//1770 1790//1790 1789//1789
f 1771//1771 1791//1791 1790//1790
f 1772//1772 1792//1792 1791//1791
f 1773//1773 1793//1793 1792//1792
f 1774//1774 1794//1794 1793//1793
f 1775//1775 1795//1795 1794//1794
f 1796//1796 1795//1795 1775//1775
f 1797//1797 1796//1796 1776//1776
f 1798//1798 1797//1797 1777//1777
f 1799//1799 1798//1798 1778//1778
f 1780//1780 1800//1800 1799//1799
f 1761//1761 1781//1781 1800//1800
f 1782//1782 1802//1802 1801//1801
f 1783//1783 1803//1803 1802//1802
f 1784//1784 1804//1804 1803//1803
f 1785//1785 1805//1805 1804//1804
f 1786//1786 1806//1806 1805//1805
f 1787//1787 1807//1807 1806//1806
f 1788//1788 1808//1808 1807//1807
f 1789//1789 1809//1809 1808//1808
f 1790//1790 1810//1810 1809//1809
f 1791//1791 1811//1811 1810//1810
f 1792//1792 1812//1812 1811//1811
f 1793//1793 1813//1813 1812//1812
f 1794//1794 1814//1814 1813//1813
f 1815//1815 1814//1814 1794//1794
f 1816//1816 1815//1815 1795//1795
f 1817//1817 1816//1816 1796//1796
f 1818//1818 1817//1817 1797//1797
f 1819//1819 1818//1818 1798//1798
f 1820//1820 1819//1819 1799//1799
f 1781//1781 1801//1801 1820//1820
f 1802//1802 1822//1822 1821//1821
f 1803//1803 1823//1823 1822//1822
f 1804//1804 1824//1824 1823//1823
f 1805//1805 1825//1825 1824//1824
f 1806//1806 1826//1826 1825//1825
f 1807//1807 1827//1827 1826//1826
f 1808//1808 1828//1828 1827//1827
f 1809//1809 1829//1829 1828//1828
f 1810//1810 1830//1830 1829//1829
f 1811//1811 1831//1831 1830//1830
f 1812//1812 1832//1832 1831//1831
f 1813//1813 1833//1833 1832//1832
f 1834//1834 1833//1833 1813//1813
f 1835//1835 1834//1834 1814//1814
f 1836//1836 1835//1835 1815//1815
f 1837//1837 1836//1836 1816//1816
f 1838//1838 1837//1837 1817//1817
f 1839//1839 1838//1838 1818//1818
f 1840//1840 1839//1839 1819//1819
f 1801//1801 1821//1821 1840//1840
f 1822//1822 1842//1842 1841//1841
f 1823//1823 1843//1843 1842//1842
f 1824//1824 1844//1844 1843//1843
f 1825//1825 1845//1845 1844//1844
f 1826//1826 1846//1846 1845//1845
f 1827//1827 1847//1847 1846//1846
f 1828//1828 1848//1848 1847//1847
f 1829//1829 1849//1849 1848//1848
f 1830//1830 1850//1850 1849//1849
f 1831//1831 1851//1851 1850//1850
f 1832//1832 1852//1852 1851//1851
f 1833//1833 1853//1853 1852//1852
f 1854//1854 1853//1853 1833//1833
f 1855//1855 1854//1854 1834//1834
f 1856//1856 1855//1855 1835//1835
f 1857//1857 1856//1856 1836//1836
f 1858//1858 1857//1857 1837//1837
f 1859//1859 1858//1858 1838//1838
f 1860//1860 1859//1859 1839//1839
f 1821//1821 1841//1841 1860//1860
f 1842//1842 1862//1862 1861//1861
f 1843//1843 1863//1863 1862//1862
f 1844//1844 1864//1864 1863//1863
f 1845//1845 1865//1865 1864//1864
f 1846//1846 1866//1866 1865//1865
f 1847//1847 1867//1867 1866//1866
f 1848//1848 1868//1868 1867//1867
f 1849//1849 1869//1869 1868//1868
f 1850//1850 1870//1870 1869//1869
f 1851//1851 1871//1871 1870//1870
f 1852//1852 1872//1872 1871//1871
f 1873//1873 1872//1872 1852//1852
f 1874//1874 1873//1873 1853//1853
f 1875//1875 1874//1874 1854//1854
f 1876//1876 1875//1875 1855//1855
f 1877//1877 1876//1876 1856//1856
f 1878//1878 1877//1877 1857//1857
f 1879//1879 1878//1878 1858//1858
f 1880//1880 1879//1879 1859//1859
f 1861//1861 1880//1880 1860//1860
f 1862//1862 1882//1882 1881//1881
f 1863//1863 1883//1883 1882//1882
f 1864//1864 1884//1884 1883//1883
f 1865//1865 1885//1885 1884//1884
f 1866//1866 1886//1886 1885//1885
f 1867//1867 1887//1887 1886//1886
f 1868//1868 1888//1888 1887//1887
f 1869//1869 1889//1889 1888//1888
f 1870//1870 1890//1890 1889//1889
f 1871//1871 1891//1891 1890//1890
f 1872//1872 1892//1892 1891//1891
f 1893//1893 1892//1892 1872//1872
f 1894//1894 1893//1893 1873//1873
f 1895//1895 1894//1894 1874//1874
f 1896//1896 1895//1895 1875//1875
f 1897//1897 1896//1896 1876//1876
f 1898//1898 1897//1897 1877//1877
f 1899//1899 1898//1898 1878//1878
f 1900//1900 1899//1899 1879//1879
f 1881//1881 1900//1900 1880//1880
f 1882//1882 1902//1902 1901//1901
f 1883//1883 1903//1903 1902//1902
f 1884//1884 1904//1904 1903//1903
f 1885//1885 1905//1905 1904//1904
f 1886//1886 1906//1906 1905//1905
f 1887//1887 1907//1907 1906//1906
f 1888//1888 1908//1908 1907//1907
f 1889//1889 1909//1909 1908//1908
f 1890//1890 1910//1910 1909//1909
f 1891//1891 1911//1911 1910//1910
f 1892//1892 1912//1912 1911//1911
f 1913//1913 1912//1912 1892//1892
f 1914//1914 1913//1913 1893//1893
f 1915//1915 1914//1914 1894//1894
f 1916//1916 1915//1915 1895//1895
f 1917//1917 1916//1916 1896//1896
f 1918//1918 1917//1917 1897//1897
f 1919//1919 1918//1918 1898//1898
f 1920//1920 1919//1919 1899//1899
f 1901//1901 1920//1920 1900//1900
f 1902//1902 1922//1922 1921//1921
f 1903//1903 1923//1923 1922//1922
f 1904//1904 1924//1924 1923//1923
f 1905//1905 1925//1925 1924//1924
f 1906//1906 1926//1926 1925//1925
f 1907//1907 1927//1927 1926//1926
f 1908//1908 1928//1928 1927//1927
f 1909//1909 1929//1929 1928//1928
f 1910//1910 1930//1930 1929//1929
f 1911//1911 1931//1931 1930//1930
f 1912//1912 1932//1932 1931//1931
f 1933//1933 1932//1932 1912//1912
f 1934//1934 1933//1933 1913//1913
f 1935//1935 1934//1934 1914//1914
f 1936//1936 1935//1935 1915//1915
f 1937//1937 1936//1936 1916//1916
f 1938//1938 1937//1937 1917//1917
f 1939//1939 1938//1938 1918//1918
f 1940//1940 1939//1939 1919//1919
f 1921//1921 1940//1940 1920//1920
f 1922//1922 1942//1942 1941//1941
f 1923//1923 1943//1943 1942//1942
f 1924//1924 1944//1944 1943//1943
f 1925//1925 1945//1945 1944//1944
f 1926//1926 1946//1946 1945//1945
f 1927//1927 1947//1947 1946//1946
f 1928//1928 1948//1948 1947//1947
f 1929//1929 1949//1949 1948//1948
f 1930//1930 1950//1950 1949//1949
f 1931//1931 1951//1951 1950//1950
f 1952//1952 1951//1951 1931//1931
f 1953//1953 1952//1952 1932//1932
f 1954//1954 1953//1953 1933//1933
f 1955//1955 1954//1954 1934//1934
f 1956//1956 1955//1955 1935//1935
f 1957//1957 1956//1956 1936//1936
f 1958//1958 1957//1957 1937//1937
f 1959//1959 1958//1958 1938//1938
f 1960//1960 1959//1959 1939//1939
f 1941//1941 1960//1960 1940//1940
f 1942//1942 1962//1962 1961//1961
f 1943//1943 1963//1963 1962//1962
f 1944//1944 1964//1964 1963//1963
f 1945//1945 1965//1965 1964//1964
f 1946//1946 1966//1966 1965//1965
f 1947//1947 1967//1967 1966//1966
f 1948//1948 1968//1968 1967//1967
f 1949//1949 1969//1969 1968//1968
f 1950//1950 1970//1970 1969//1969
f 1951//1951 1971//1971 1970//1970
f 1972//1972 1971//1971 1951//1951
f 1973//1973 1972//1972 1952//1952
f 1974//1974 1973//1973 1953//1953
f 1975//1975 1974//1974 1954//1954
f 1976//1976 1975//1975 1955//1955
f 1977//1977 1976//1976 1956//1956
f 1978//1978 1977//1977 1957//1957
f 1979//1979 1978//1978 1958//1958
f 1980//1980 1979//1979 1959//1959
f 1961//1961 1980//1980 1960//1960
f 1962//1962 1982//1982 1981//1981
f 1963//1963 1983//1983 1982//1982
f 1964//1964 1984//1984 1983//1983
f 1965//1965 1985//1985 1984//1984
f 1966//1966 1986//1986 1985//1985
f 1967//1967 1987//1987 1986//1986
f 1968//1968 1988//1988 1987//1987
f 1969//1969 1989//1989 1988//1988
f 1970//1970 1990//1990 1989//1989
f 1971//1971 1991//1991 1990//1990
f 1992//1992 1991//1991 1971//1971
f 1993//1993 1992//1992 1972//1972
f 1994//1994 1993//1993 1973//1973
f 1995//1995 1994//1994 1974//1974
f 1996//1996 1995//1995 1975//1975
f 1997//1997 1996//1996 1976//1976
f 1998//1998 1997//1997 1977//1977
f 1999//1999 1998//1998 1978//1978
f 2000//2000 1999//1999 1979//1979
f 1981//1981 2000//2000 1980//1980
f 1982//1982 2002//2002 2001//2001
f 1983//1983 2003//2003 2002//2002
f 1984//1984 2004//2004 2003//2003
f 1985//1985 2005//2005 2004//2004
f 1986//1986 2006//2006 2005//2005
f 1987//1987 2007//2007 2006//2006
f 1988//1988 2008//2008 2007//2007
f 1989//1989 2009//2009 2008//2008
f 1990//1990 2010//2010 2009//2009
f 1991//1991 2011//2011 2010//2010
f 2012//2012 2011//2011 1991//1991
f 2013//2013 2012//2012 1992//1992
f 2014//2014 2013//2013 1993//1993
f 2015//2015 2014//2014 1994//1994
f 2016//2016 2015//2015 1995//1995
f 2017//2017 2016//2016 1996//1996
f 2018//2018 2017//2017 1997//1997
f 2019//2019 2018//2018 1998//1998
f 2020//2020 2019//2019 1999//1999
f 2001//2001 2020//2020 2000//2000
f 2002//2002 2022//2022 2021//2021
f 2003//2003 2023//2023 2022//2022
f 2004//2004 2024//2024 2023//2023
f 2005//2005 2025//2025 2024//2024
f 2006//2006 2026//2026 2025//2025
f 2007//2007 2027//2027 2026//2026
f 2008//2008 2028//2028 2027//2027
f 2009//2009 2029//2029 2028//2028
f 2010//2010 2030//2030 2029//2029
f 2011//2011 2031//2031 2030//2030
f 2032//2032 2031//2031 2011//2011
f 2033//2033 2032//2032 2012//2012
f 2034//2034 2033//2033 2013//2013
f 2035//2035 2034//2034 2014//2014
f 2036//2036 2035//2035 2015//2015
f 2037//2037 2036//2036 2016//2016
f 2038//2038 2037//2037 2017//2017
f 2039//2039 2038//2038 2018//2018
f 2040//2040 2039//2039 2019//2019
f 2021//2021 2040//2040 2020//2020
f 2022//2022 2042//2042 2041//2041
f 2023//2023 2043//2043 2042//2042
f 2024//2024 2044//2044 2043//2043
f 2025//2025 2045//2045 2044//2044
f 2026//2026 2046//2046 2045//2045
f 2027//2027 2047//2047 2046//2046
f 2028//2028 2048//2048 2047//2047
f 2029//2029 2049//2049 2048//2048
f 2030//2030 2050//2050 2049//2049
f 2031//2031 2051//2051 2050//2050
f 2052//2052 2051//2051 2031//2031
f 2053//2053 2052//2052 2032//2032
f 2054//2054 2053//2053 2033//2033
f 2055//2055 2054//2054 2034//2034
f 2056//2056 2055//2055 2035//2035
f 2057//2057 2056//2056 2036//2036
f 2058//2058 2057//2057 2037//2037
f 2059//2059 2058//2058 2038//2038
f 2060//2060 2059//2059 2039//2039
f 2041//2041 2060//2060 2040//2040
f 2042//2042 2062//2062 2061//2061
f 2043//2043 2063//2063 2062//2062
f 2044//2044 2064//2064 2063//2063
f 2045//2045 2065//2065 2064//2064
f 2046//2046 2066//2066 2065//2065
f 2047//2047 2067//2067 2066//2066
f 2048//2048 2068//2068 2067//2067
f 2049//2049 2069//2069 2068//2068
f 2050//2050 2070//2070 2069//2069
f 2051//2051 2071//2071 2070//2070
f 2072//2072 2071//2071 2051//2051
f 2073//2073 2072//2072 2052//2052
f 2074//2074 2073//2073 2053//2053
f 2075//2075 2074//2074 2054//2054
f 2076//2076 2075//2075 2055//2055
f 2077//2077 2076//2076 2056//2056
f 2078//2078 2077//2077 2057//2057
f 2079//2079 2078//2078 2058//2058
f 2080//2080 2079//2079 2059//2059
f 2061//2061 2080//2080 2060//2060
f 2062//2062 2082//2082 2081//2081
f 2063//2063 2083//2083 2082//2082
f 2064//2064 2084//2084 2083//2083
f 2065//2065 2085//2085 2084//2084
f 2066//2066 2086//2086 2085//2085
f 2067//2067 2087//2087 2086//2086
f 2068//2068 2088//2088 2087//2087
f 2069//2069 2089//2089 2088//2088
f 2070//2070 2090//2090 2089//2089
f 2071//2071 2091//2091 2090//2090
f 2092//2092 2091//2091 2071//2071
f 2093//2093 2092//2092 2072//2072
f 2094//2094 2093//2093 2073//2073
f 2095//2095 2094//2094 2074//2074
f 2096//2096 2095//2095 2075//2075
f 2097//2097 2096//2096 2076//2076
f 2098//2098 2097//2097 2077//2077
f 2099//2099 2098//2098 2078//2078
f 2100//2100 2099//2099 2079//2079
f 2061//2061 2081//2081 2100//2100
f 2082//2082 2102//2102 2101//2101
f 2083//2083 2103//2103 2102//2102
f 2084//2084 2104//2104 2103//2103
f 2085//2085 2105//2105 2104//2104
f 2086//2086 2106//2106 2105//2105
f 2087//2087 2107//2107 2106//2106
f 2088//2088 2108//2108 2107//2107
f 2089//2089 2109//2109 2108//2108
f 2090//2090 2110//2110 2109//2109
f 2091//2091 2111//2111 2110//2110
f 2112//2112 2111//2111 2091//2091
f 2113//2113 2112//2112 2092//2092
f 2114//2114 2113//2113 2093//2093
f 2115//2115 2114//2114 2094//2094
f 2116//2116 2115//2115 2095//2095
f 2117//2117 2116//2116 2096//2096
f 2118//2118 2117//2117 2097//2097
f 2119//2119 2118//2118 2098//2098
f 2120//2120 2119//2119 2099//2099
f 2081//2081 2101//2101 2120//2120
f 2102//2102 2122//2122 2121//2121
f 2103//2103 2123//2123 2122//2122
f 2104//2104 2124//2124 2123//2123
f 2105//2105 2125//2125 2124//2124
f 2106//2106 2126//2126 2125//2125
f 2107//2107 2127//2127 2126//2126
f 2108//2108 2128//2128 2127//2127
f 2109//2109 2129//2129 2128//2128
f 2110//2110 2130//2130 2129//2129
f 2111//2111 2131//2131 2130//2130
f 2132//2132 2131//2131 2111//2111
f 2133//2133 2132//2132 2112//2112
f 2134//2134 2133//2133 2113//2113
f 2135//2135 2134//2134 2114//2114
f 2136//2136 2135//2135 2115//2115
f 2137//2137 2136//2136 2116//2116
f 2138//2138 2137//2137 2117//2117
f 2139//2139 2138//2138 2118//2118
f 2140//2140 2139//2139 2119//2119
f 2101//2101 2121//2121 2140//2140
f 2122//2122 2142//2142 2141//2141
f 2123//2123 2143//2143 2142//2142
f 2124//2124 2144//2144 2143//2143
f 2125//2125 2145//2145 2144//2144
f 2126//2126 2146//2146 2145//2145
f 2127//2127 2147//2147 2146//2146
f 2128//2128 2148//2148 2147//2147
f 2129//2129 2149//2149 2148//2148
f 2130//2130 2150//2150 2149//2149
f 2131//2131 2151//2151 2150//2150
f 2152//2152 2151//2151 2131//2131
f 2153//2153 2152//2152 2132//2132
f 2154//2154 2153//2153 2133//2133
f 2155//2155 2154//2154 2134//2134
f 2156//2156 2155//2155 2135//2135
f 2157//2157 2156//2156 2136//2136
f 2158//2158 2157//2157 2137//2137
f 2159//2159 2158//2158 2138//2138
f 2160//2160 2159//2159 2139//2139
f 2121//2121 2141//2141 2160//2160
f 2142//2142 2162//2162 2161//2161
f 2143//2143 2163//2163 2162//2162
f 2144//2144 2164//2164 2163//2163
f 2145//2145 2165//2165 2164//2164
f 2146//2146 2166//2166 2165//2165
f 2147//2147 2167//2167 2166//2166
f 2148//2148 2168//2168 2167//2167
f 2149//2149 2169//2169 2168//2168
f 2150//2150 2170//2170 2169//2169
f 2151//2151 2171//2171 2170//2170
f 2152//2152 2172//2172 2171//2171
f 2173//2173 2172//2172 2152//2152
f 2174//2174 2173//2173 2153//2153
f 2175//2175 2174//2174 2154//2154
f 2176//2176 2175//2175 2155//2155
f 2177//2177 2176//2176 2156//2156
f 2178//2178 2177//2177 2157//2157
f 2179//2179 2178//2178 2158//2158
f 2160//2160 2180//2180 2179//2179
f 2141//2141 2161//2161 2180//2180
f 2162//2162 2182//2182 2181//2181
f 2163//2163 2183//2183 2182//2182
f 2164//2164 2184//2184 2183//2183
f 2165//2165 2185//2185 2184//2184
f 2166//2166 2186//2186 2185//2185
f 2167//2167 2187//2187 2186//2186
f 2168//2168 2188//2188 2187//2187
f 2169//2169 2189//2189 2188//2188
f 2170//2170 2190//2190 2189//2189
f 2171//2171 2191//2191 2190//2190
f 2172//2172 2192//2192 2191//2191
f 2193//2193 2192//2192 2172//2172
f 2194//2194 2193//2193 2173//2173
f 2195//2195 2194//2194 2174//2174
f 2196//2196 2195//2195 2175//2175
f 2197//2197 2196//2196 2176//2176
f 2198//2198 2197//2197 2177//2177
f 2199//2199 2198//2198 2178//2178
f 2180//2180 2200//2200 2199//2199
f 2161//2161 2181//2181 2200//2200
f 2182//2182 2202//2202 2201//2201
f 2183//2183 2203//2203 2202//2202
f 2184//2184 2204//2204 2203//2203
f 2185//2185 2205//2205 2204//2204
f 2186//2186 2206//2206 2205//2205
f 2187//2187 2207//2207 2206//2206
f 2188//2188 2208//2208 2207//2207
f 2189//2189 2209//2209 2208//2208
f 2190//2190 2210//2210 2209//2209
f 2191//2191 2211//2211 2210//2210
f 2192//2192 2212//2212 2211//2211
f 2213//2213 2212//2212 2192//2192
f 2214//2214 2213//2213 2193//2193
f 2215//2215 2214//2214 2194//2194
f 2216//2216 2215//2215 2195//2195
f 2217//2217 2216//2216 2196//2196
f 2218//2218 2217//2217 2197//2197
f 2199//2199 2219//2219 2218//2218
f 2200//2200 2220//2220 2219//2219
f 2181//2181 2201//2201 2220//2220
f 2202//2202 2222//2222 2221//2221
f 2203//2203 2223//2223 2222//2222
f 2204//2204 2224//2224 2223//2223
f 2205//2205 2225//2225 2224//2224
f 2206//2206 2226//2226 2225//2225
f 2207//2207 2227//2227 2226//2226
f 2208//2208 2228//2228 2227//2227
f 2209//2209 2229//2229 2228//2228
f 2210//2210 2230//2230 2229//2229
f 2211//2211 2231//2231 2230//2230
f 2212//2212 2232//2232 2231//2231
f 2213//2213 2233//2233 2232//2232
f 2234//2234 2233//2233 2213//2213
f 2235//2235 2234//2234 2214//2214
f 2236//2236 2235//2235 2215//2215
f 2237//2237 2236//2236 2216//2216
f 2218//2218 2238//2238 2237//2237
f 2219//2219 2239//2239 2238//2238
f 2220//2220 2240//2240 2239//2239
f 2201//2201 2221//2221 2240//2240
f 2222//2222 2242//2242 2241//2241
f 2223//2223 2243//2243 2242//2242
f 2224//2224 2244//2244 2243//2243
f 2225//2225 2245//2245 2244//2244
f 2226//2226 2246//2246 2245//2245
f 2227//2227 2247//2247 2246//2246
f 2228//2228 2248//2248 2247//2247
f 2229//2229 2249//2249 2248//2248
f 2230//2230 2250//2250 2249//2249
f 2231//2231 2251//2251 2250//2250
f 2232//2232 2252//2252 2251//2251
f 2233//2233 2253//2253 2252//2252
f 2234//2234 2254//2254 2253//2253
f 2255//2255 2254//2254 2234//2234
f 2256//2256 2255//2255 2235//2235
f 2237//2237 2257//2257 2256//2256
f 2238//2238 2258//2258 2257//2257
f 2239//2239 2259//2259 2258//2258
f 2240//2240 2260//2260 2259//2259
f 2221//2221 2241//2241 2260//2260
f 2242//2242 2262//2262 2261//2261
f 2243//2243 2263//2263 2262//2262
f 2244//2244 2264//2264 2263//2263
f 2245//2245 2265//2265 2264//2264
f 2246//2246 2266//2266 2265//2265
f 2247//2247 2267//2267 2266//2266
f 2248//2248 2268//2268 2267//2267
f 2249//2249 2269//2269 2268//2268
f 2250//2250 2270//2270 2269//2269
f 2251//2251 2271//2271 2270//2270
f 2252//2252 2272//2272 2271//2271
f 2253//2253 2273//2273 2272//2272
f 2254//2254 2274//2274 2273//2273
f 2255//2255 2275//2275 2274//2274
f 2256//2256 2276//2276 2275//2275
f 2257//2257 2277//2277 2276//2276
f 2258//2258 2278//2278 2277//2277
f 2259//2259 2279//2279 2278//2278
f 2260//2260 2280//2280 2279//2279
f 2241//2241 2261//2261 2280//2280
f 2262//2262 2282//2282 2281//2281
f 2263//2263 2283//2283 2282//2282
f 2264//2264 2284//2284 2283//2283
f 2265//2265 2285//2285 2284//2284
f 2266//2266 2286//2286 2285//2285
f 2267//2267 2287//2287 2286//2286
f 2268//2268 2288//2288 2287//2287
f 2269//2269 2289//2289 2288//2288
f 2270//2270 2290//2290 2289//2289
f 2271//2271 2291//2291 2290//2290
f 2272//2272 2292//2292 2291//2291
f 2273//2273 2293//2293 2292//2292
f 2274//2274 2294//2294 2293//2293
f 2275//2275 2295//2295 2294//2294
f 2276//2276 2296//2296 2295//2295
f 2277//2277 2297//2297 2296//2296
f 2278//2278 2298//2298 2297//2297
f 2279//2279 2299//2299 2298//2298
f 2280//2280 2300//2300 2299//2299
f 2261//2261 2281//2281 2300//2300
f 2282//2282 2302//2302 2301//2301
f 2283//2283 2303//2303 2302//2302
f 2284//2284 2304//2304 2303//2303
f 2285//2285 2305//2305 2304//2304
f 2286//2286 2306//2306 2305//2305
f 2287//2287 2307//2307 2306//2306
f 2288//2288 2308//2308 2307//2307
f 2289//2289 2309//2309 2308//2308
f 2290//2290 2310//2310 2309//2309
f 2291//2291 2311//2311 2310//2310
f 2292//2292 2312//2312 2311//2311
f 2293//2293 2313//2313 2312//2312
f 2294//2294 2314//2314 2313//2313
f 2295//2295 2315//2315 2314//2314
f 2296//2296 2316//2316 2315//2315
f 2297//2297 2317//2317 2316//2316
f 2298//2298 2318//2318 2317//2317
f 2299//2299 2319//2319 2318//2318
f 2300//2300 2320//2320 2319//2319
f 2281//2281 2301//2301 2320//2320
f 2302//2302 2322//2322 2321//2321
f 2303//2303 2323//2323 2322//2322
f 2304//2304 2324//2324 2323//2323
f 2305//2305 2325//2325 2324//2324
f 2306//2306 2326//2326 2325//2325
f 2307//2307 2327//2327 2326//2326
f 2308//2308 2328//2328 2327//2327
f 2309//2309 2329//2329 2328//2328
f 2310//2310 2330//2330 2329//2329
f 2311//2311 2331//2331 2330//2330
f 2312//2312 2332//2332 2331//2331
f 2313//2313 2333//2333 2332//2332
f 2314//2314 2334//2334 2333//2333
f 2315//2315 2335//2335 2334//2334
f 2316//2316 2336//2336 2335//2335
f 2317//2317 2337//2337 2336//2336
f 2318//2318 2338//2338 2337//2337
f 2319//2319 2339//2339 2338//2338
f 2320//2320 2340//2340 2339//2339
f 2301//2301 2321//2321 2340//2340
f 2322//2322 2342//2342 2341//2341
f 2323//2323 2343//2343 2342//2342
f 2324//2324 2344//2344 2343//2343
f 2325//2325 2345//2345 2344//2344
f 2326//2326 2346//2346 2345//2345
f 2327//2327 2347//2347 2346//2346
f 2328//2328 2348//2348 2347//2347
f 2329//2329 2349//2349 2348//2348
f 2330//2330 2350//2350 2349//2349
f 2331//2331 2351//2351 2350//2350
f 2332//2332 2352//2352 2351//2351
f 2333//2333 2353//2353 2352//2352
f 2334//2334 2354//2354 2353//2353
f 2335//2335 2355//2355 2354//2354
f 2336//2336 2356//2356 2355//2355
f 2337//2337 2357//2357 2356//2356
f 2338//2338 2358//2358 2357//2357
f 2339//2339 2359//2359 2358//2358
f 2340//2340 2360//2360 2359//2359
f 2321//2321 2341//2341 2360//2360
f 2342//2342 2362//2362 2361//2361
f 2343//2343 2363//2363 2362//2362
f 2344//2344 2364//2364 2363//2363
f 2345//2345 2365//2365 2364//2364
f 2346//2346 2366//2366 2365//2365
f 2347//2347 2367//2367 2366//2366
f 2348//2348 2368//2368 2367//2367
f 2349//2349 2369//2369 2368//2368
f 2350//2350 2370//2370 2369//2369
f 2351//2351 2371//2371 2370//2370
f 2352//2352 2372//2372 2371//2371
f 2353//2353 2373//2373 2372//2372
f 2354//2354 2374//2374 2373//2373
f 2355//2355 2375//2375 2374//2374
f 2356//2356 2376//2376 2375//2375
f 2357//2357 2377//2377 2376//2376
f 2358//2358 2378//2378 2377//2377
f 2359//2359 2379//2379 2378//2378
f 2360//2360 2380//2380 2379//2379
f 2341//2341 2361//2361 2380//2380
f 2362//2362 2382//2382 2381//2381
f 2363//2363 2383//2383 2382//2382
f 2364//2364 2384//2384 2383//2383
f 2365//2365 2385//2385 2384//2384
f 2366//2366 2386//2386 2385//2385
f 2367//2367 2387//2387 2386//2386
f 2368//2368 2388//2388 2387//2387
f 2369//2369 2389//2389 2388//2388
f 2370//2370 2390//2390 2389//2389
f 2371//2371 2391//2391 2390//2390
f 2372//2372 2392//2392 2391//2391
f 2373//2373 2393//2393 2392//2392
f 2374//2374 2394//2394 2393//2393
f 2375//2375 2395//2395 2394//2394
f 2376//2376 2396//2396 2395//2395
f 2377//2377 2397//2397 2396//2396
f 2378//2378 2398//2398 2397//2397
f 2379//2379 2399//2399 2398//2398
f 2380//2380 2400//2400 2399//2399
f 2361//2361 2381//2381 2400//2400
f 2382//2382 2402//2402 2401//2401
f 2383//2383 2403//2403 2402//2402
f 2384//2384 2404//2404 2403//2403
f 2385//2385 2405//2405 2404//2404
f 2386//2386 2406//2406 2405//2405
f 2387//2387 2407//2407 2406//2406
f 2388//2388 2408//2408 2407//2407
f 2389//2389 2409//2409 2408//2408
f 2390//2390 2410//2410 2409//2409
f 2391//2391 2411//2411 2410//2410
f 2392//2392 2412//2412 2411//2411
f 2393//2393 2413//2413 2412//2412
f 2394//2394 2414//2414 2413//2413
f 2395//2395 2415//2415 2414//2414
f 2396//2396 2416//2416 2415//2415
f 2397//2397 2417//2417 2416//2416
f 2398//2398 2418//2418 2417//2417
f 2399//2399 2419//2419 2418//2418
f 2400//2400 2420//2420 2419//2419
f 2381//2381 2401//2401 2420//2420
f 2402//2402 2422//2422 2421//2421
f 2403//2403 2423//2423 2422//2422
f 2404//2404 2424//2424 2423//2423
f 2405//2405 2425//2425 2424//2424
f 2406//2406 2426//2426 2425//2425
f 2407//2407 2427//2427 2426//2426
f 2408//2408 2428//2428 2427//2427
f 2409//2409 2429//2429 2428//2428
f 2410//2410 2430//2430 2429//2429
f 2411//2411 2431//2431 2430//2430
f 2412//2412 2432//2432 2431//2431
f 2413//2413 2433//2433 2432//2432
f 2414//2414 2434//2434 2433//2433
f 2415//2415 2435//2435 2434//2434
f 2416//2416 2436//2436 2435//2435
f 2417//2417 2437//2437 2436//2436
f 2418//2418 2438//2438 2437//2437
f 2419//2419 2439//2439 2438//2438
f 2420//2420 2440//2440 2439//2439
f 2401//2401 2421//2421 2440//2440
f 2422//2422 2442//2442 2441//2441
f 2423//2423 2443//2443 2442//2442
f 2424//2424 2444//2444 2443//2443
f 2425//2425 2445//2445 2444//2444
f 2426//2426 2446//2446 2445//2445
f 2427//2427 2447//2447 2446//2446
f 2428//2428 2448//2448 2447//2447
f 2429//2429 2449//2449 2448//2448
f 2430//2430 2450//2450 2449//2449
f 2431//2431 2451//2451 2450//2450
f 2432//2432 2452//2452 2451//2451
f 2433//2433 2453//2453 2452//2452
f 2434//2434 2454//2454 2453//2453
f 2435//2435 2455//2455 2454//2454
f 2436//2436 2456//2456 2455//2455
f 2437//2437 2457//2457 2456//2456
f 2438//2438 2458//2458 2457//2457
f 2439//2439 2459//2459 2458//2458
f 2440//2440 2460//2460 2459//2459
f 2421//2421 2441//2441 2460//2460
f 2442//2442 2462//2462 2461//2461
f 2443//2443 2463//2463 2462//2462
f 2444//2444 2464//2464 2463//2463
f 2445//2445 2465//2465 2464//2464
f 2446//2446 2466//2466 2465//2465
f 2447//2447 2467//2467 2466//2466
f 2448//2448 2468//2468 2467//2467
f 2449//2449 2469//2469 2468//2468
f 2450//2450 2470//2470 2469//2469
f 2451//2451 2471//2471 2470//2470
f 2452//2452 2472//2472 2471//2471
f 2453//2453 2473//2473 2472//2472
f 2454//2454 2474//2474 2473//2473
f 2455//2455 2475//2475 2474//2474
f 2456//2456 2476//2476 2475//2475
f 2457//2457 2477//2477 2476//2476
f 2458//2458 2478//2478 2477//2477
f 2459//2459 2479//2479 2478//2478
f 2460//2460 2480//2480 2479//2479
f 2441//2441 2461//2461 2480//2480
f 2462//2462 2482//2482 2481//2481
f 2463//2463 2483//2483 2482//2482
f 2464//2464 2484//2484 2483//2483
f 2465//2465 2485//2485 2484//2484
f 2466//2466 2486//2486 2485//2485
f 2467//2467 2487//2487 2486//2486
f 2468//2468 2488//2488 2487//2487
f 2469//2469 2489//2489 2488//2488
f 2470//2470 2490//2490 2489//2489
f 2471//2471 2491//2491 2490//2490
f 2472//2472 2492//2492 2491//2491
f 2473//2473 2493//2493 2492//2492
f 2474//2474 2494//2494 2493//2493
f 2475//2475 2495//2495 2494//2494
f 2476//2476 2496//2496 2495//2495
f 2477//2477 2497//2497 2496//2496
f 2478//2478 2498//2498 2497//2497
f 2479//2479 2499//2499 2498//2498
f 2480//2480 2500//2500 2499//2499
f 2461//2461 2481//2481 2500//2500
f 2482//2482 2502//2502 2501//2501
f 2483//2483 2503//2503 2502//2502
f 2484//2484 2504//2504 2503//2503
f 2485//2485 2505//2505 2504//2504
f 2486//2486 2506//2506 2505//2505
f 2487//2487 2507//2507 2506//2506
f 2488//2488 2508//2508 2507//2507
f 2489//2489 2509//2509 2508//2508
f 2490//2490 2510//2510 2509//2509
f 2491//2491 2511//2511 2510//2510
f 2492//2492 2512//2512 2511//2511
f 2493//2493 2513//2513 2512//2512
f 2494//2494 2514//2514 2513//2513
f 2495//2495 2515//2515 2514//2514
f 2496//2496 2516//2516 2515//2515
f 2497//2497 2517//2517 2516//2516
f 2498//2498 2518//2518 2517//2517
f 2499//2499 2519//2519 2518//2518
f 2500//2500 2520//2520 2519//2519
f 2481//2481 2501//2501 2520//2520
f 2502//2502 2522//2522 2521//2521
f 2503//2503 2523//2523 2522//2522
f 2504//2504 2524//2524 2523//2523
f 2505//2505 2525//2525 2524//2524
f 2506//2506 2526//2526 2525//2525
f 2507//2507 2527//2527 2526//2526
f 2508//2508 2528//2528 2527//2527
f 2509//2509 2529//2529 2528//2528
f 2510//2510 2530//2530 2529//2529
f 2511//2511 2531//2531 2530//2530
f 2512//2512 2532//2532 2531//2531
f 2513//2513 2533//2533 2532//2532
f 2514//2514 2534//2534 2533//2533
f 2515//2515 2535//2535 2534//2534
f 2516//2516 2536//2536 2535//2535
f 2517//2517 2537//2537 2536//2536
f 2518//2518 2538//2538 2537//2537
f 2519//2519 2539//2539 2538//2538
f 2520//2520 2540//2540 2539//2539
f 2501//2501 2521//2521 2540//2540
f 2522//2522 2542//2542 2541//2541
f 2523//2523 2543//2543 2542//2542
f 2524//2524 2544//2544 2543//2543
f 2525//2525 2545//2545 2544//2544
f 2526//2526 2546//2546 2545//2545
f 2527//2527 2547//2547 2546//2546
f 2528//2528 2548//2548 2547//2547
f 2529//2529 2549//2549 2548//2548
f 2530//2530 2550//2550 2549//2549
f 2531//2531 2551//2551 2550//2550
f 2532//2532 2552//2552 2551//2551
f 2533//2533 2553//2553 2552//2552
f 2534//2534 2554//2554 2553//2553
f 2535//2535 2555//2555 2554//2554
f 2536//2536 2556//2556 2555//2555
f 2537//2537 2557//2557 2556//2556
f 2538//2538 2558//2558 2557//2557
f 2539//2539 2559//2559 2558//2558
f 2540//2540 2560//2560 2559//2559
f 2521//2521 2541//2541 2560//2560
f 2542//2542 2562//2562 2561//2561
f 2543//2543 2563//2563 2562//2562
f 2544//2544 2564//2564 2563//2563
f 2545//2545 2565//2565 2564//2564
f 2546//2546 2566//2566 2565//2565
f 2547//2547 2567//2567 2566//2566
f 2548//2548 2568//2568 2567//2567
f 2549//2549 2569//2569 2568//2568
f 2550//2550 2570//2570 2569//2569
f 2551//2551 2571//2571 2570//2570
f 2552//2552 2572//2572 2571//2571
f 2553//2553 2573//2573 2572//2572
f 2554//2554 2574//2574 2573//2573
f 2555//2555 2575//2575 2574//2574
f 2556//2556 2576//2576 2575//2575
f 2557//2557 2577//2577 2576//2576
f 2558//2558 2578//2578 2577//2577
f 2559//2559 2579//2579 2578//2578
f 2560//2560 2580//2580 2579//2579
f 2541//2541 2561//2561 2580//2580
f 2562//2562 2582//2582 2581//2581
f 2563//2563 2583//2583 2582//2582
f 2564//2564 2584//2584 2583//2583
f 2565//2565 2585//2585 2584//2584
f 2566//2566 2586//2586 2585//2585
f 2567//2567 2587//2587 2586//2586
f 2568//2568 2588//2588 2587//2587
f 2569//2569 2589//2589 2588//2588
f 2570//2570 2590//2590 2589//2589
f 2571//2571 2591//2591 2590//2590
f 2572//2572 2592//2592 2591//2591
f 2573//2573 2593//2593 2592//2592
f 2594//2594 2593//2593 2573//2573
f 2595//2595 2594//2594 2574//2574
f 2596//2596 2595//2595 2575//2575
f 2597//2597 2596//2596 2576//2576
f 2578//2578 2598//2598 2597//2597
f 2579//2579 2599//2599 2598//2598
f 2580//2580 2600//2600 2599//2599
f 2561//2561 2581//2581 2600//2600
f 2582//2582 2602//2602 2601//2601
f 2583//2583 2603//2603 2602//2602
f 2584//2584 2604//2604 2603//2603
f 2585//2585 2605//2605 2604//2604
f 2586//2586 2606//2606 2605//2605
f 2587//2587 2607//2607 2606//2606
f 2588//2588 2608//2608 2607//2607
f 2589//2589 2609//2609 2608//2608
f 2590//2590 2610//2610 2609//2609
f 2591//2591 2611//2611 2610//2610
f 2592//2592 2612//2612 2611//2611
f 2613//2613 2612//2612 2592//2592
f 2614//2614 2613//2613 2593//2593
f 2615//2615 2614//2614 2594//2594
f 2616//2616 2615//2615 2595//2595
f 2617//2617 2616//2616 2596//2596
f 2618//2618 2617//2617 2597//2597
f 2619//2619 2618//2618 2598//2598
f 2600//2600 2620//2620 2619//2619
f 2581//2581 2601//2601 2620//2620
f 2602//2602 2622//2622 2621//2621
f 2603//2603 2623//2623 2622//2622
f 2604//2604 2624//2624 2623//2623
f 2605//2605 2625//2625 2624//2624
f 2606//2606 2626//2626 2625//2625
f 2607//2607 2627//2627 2626//2626
f 2608//2608 2628//2628 2627//2627
f 2609//2609 2629//2629 2628//2628
f 2610//2610 2630//2630 2629//2629
f 2611//2611 2631//2631 2630//2630
f 2632//2632 2631//2631 2611//2611
f 2633//2633 2632//2632 2612//2612
f 2634//2634 2633//2633 2613//2613
f 2635//2635 2634//2634 2614//2614
f 2636//2636 2635//2635 2615//2615
f 2637//2637 2636//2636 2616//2616
f 2638//2638 2637//2637 2617//2617
f 2639//2639 2638//2638 2618//2618
f 2640//2640 2639//2639 2619//2619
f 2601//2601 2621//2621 2640//2640
f 2622//2622 2642//2642 2641//2641
f 2623//2623 2643//2643 2642//2642
f 2624//2624 2644//2644 2643//2643
f 2625//2625 2645//2645 2644//2644
f 2626//2626 2646//2646 2645//2645
f 2627//2627 2647//2647 2646//2646
f 2628//2628 2648//2648 2647//2647
f 2629//2629 2649//2649 2648//2648
f 2630//2630 2650//2650 2649//2649
f 2631//2631 2651//2651 2650//2650
f 2652//2652 2651//2651 2631//2631
f 2653//2653 2652//2652 2632//2632
f 2654//2654 2653//2653 2633//2633
f 2655//2655 2654//2654 2634//2634
f 2656//2656 2655//2655 2635//2635
f 2657//2657 2656//2656 2636//2636
f 2658//2658 2657//2657 2637//2637
f 2659//2659 2658//2658 2638//2638
f 2660//2660 2659//2659 2639//2639
f 2621//2621 2641//2641 2660//2660
f 2642//2642 2662//2662 2661//2661
f 2643//2643 2663//2663 2662//2662
f 2644//2644 2664//2664 2663//2663
f 2645//2645 2665//2665 2664//2664
f 2646//2646 2666//2666 2665//2665
f 2647//2647 2667//2667 2666//2666
f 2648//2648 2668//2668 2667//2667
f 2649//2649 2669//2669 2668//2668
f 2650//2650 2670//2670 2669//2669
f 2651//2651 2671//2671 2670//2670
f 2672//2672 2671//2671 2651//2651
f 2673//2673 2672//2672 2652//2652
f 2674//2674 2673//2673 2653//2653
f 2675//2675 2674//2674 2654//2654
f 2676//2676 2675//2675 2655//2655
f 2677//2677 2676//2676 2656//2656
f 2678//2678 2677//2677 2657//2657
f 2679//2679 2678//2678 2658//2658
f 2680//2680 2679//2679 2659//2659
f 2661//2661 2680//2680 2660//2660
f 2662//2662 2682//2682 2681//2681
f 2663//2663 2683//2683 2682//2682
f 2664//2664 2684//2684 2683//2683
f 2665//2665 2685//2685 2684//2684
f 2666//2666 2686//2686 2685//2685
f 2667//2667 2687//2687 2686//2686
f 2668//2668 2688//2688 2687//2687
f 2669//2669 2689//2689 2688//2688
f 2670//2670 2690//2690 2689//2689
f 2671//2671 2691//2691 2690//2690
f 2692//2692 2691//2691 2671//2671
f 2693//2693 2692//2692 2672//2672
f 2694//2694 2693//2693 2673//2673
f 2695//2695 2694//2694 2674//2674
f 2696//2696 2695//2695 2675//2675
f 2697//2697 2696//2696 2676//2676
f 2698//2698 2697//2697 2677//2677
f 2699//2699 2698//2698 2678//2678
f 2700//2700 2699//2699 2679//2679
f 2681//2681 2700//2700 2680//2680
f 2682//2682 2702//2702 2701//2701
f 2683//2683 2703//2703 2702//2702
f 2684//2684 2704//2704 2703//2703
f 2685//2685 2705//2705 2704//2704
f 2686//2686 2706//2706 2705//2705
f 2687//2687 2707//2707 2706//2706
f 2688//2688 2708//2708 2707//2707
f 2689//2689 2709//2709 2708//2708
f 2690//2690 2710//2710 2709//2709
f 2691//2691 2711//2711 2710//2710
f 2692//2692 2712//2712 2711//2711
f 2713//2713 2712//2712 2692//2692
f 2714//2714 2713//2713 2693//2693
f 2715//2715 2714//2714 2694//2694
f 2716//2716 2715//2715 2695//2695
f 2717//2717 2716//2716 2696//2696
f 2718//2718 2717//2717 2697//2697
f 2719//2719 2718//2718 2698//2698
f 2720//2720 2719//2719 2699//2699
f 2701//2701 2720//2720 2700//2700
f 2702//2702 2722//2722 2721//2721
f 2703//2703 2723//2723 2722//2722
f 2704//2704 2724//2724 2723//2723
f 2705//2705 2725//2725 2724//2724
f 2706//2706 2726//2726 2725//2725
f 2707//2707 2727//2727 2726//2726
f 2708//2708 2728//2728 2727//2727
f 2709//2709 2729//2729 2728//2728
f 2710//2710 2730//2730 2729//2729
f 2711//2711 2731//2731 2730//2730
f 2712//2712 2732//2732 2731//2731
f 2713//2713 2733//2733 2732//2732
f 2734//2734 2733//2733 2713//2713
f 2735//2735 2734//2734 2714//2714
f 2736//2736 2735//2735 2715//2715
f 2737//2737 2736//2736 2716//2716
f 2738//2738 2737//2737 2717//2717
f 2739//2739 2738//2738 2718//2718
f 2740//2740 2739//2739 2719//2719
f 2701//2701 2721//2721 2740//2740
f 2722//2722 2742//2742 2741//2741
f 2723//2723 2743//2743 2742//2742
f 2724//2724 2744//2744 2743//2743
f 2725//2725 2745//2745 2744//2744
f 2726//2726 2746//2746 2745//2745
f 2727//2727 2747//2747 2746//2746
f 2728//2728 2748//2748 2747//2747
f 2729//2729 2749//2749 2748//2748
f 2730//2730 2750//2750 2749//2749
f 2731//2731 2751//2751 2750//2750
f 2732//2732 2752//2752 2751//2751
f 2733//2733 2753//2753 2752//2752
f 2734//2734 2754//2754 2753//2753
f 2755//2755 2754//2754 2734//2734
f 2756//2756 2755//2755 2735//2735
f 2757//2757 2756//2756 2736//2736
f 2758//2758 2757//2757 2737//2737
f 2759//2759 2758//2758 2738//2738
f 2760//2760 2759//2759 2739//2739
f 2721//2721 2741//2741 2760//2760
f 2742//2742 2762//2762 2761//2761
f 2743//2743 2763//2763 2762//2762
f 2744//2744 2764//2764 2763//2763
f 2745//2745 2765//2765 2764//2764
f 2746//2746 2766//2766 2765//2765
f 2747//2747 2767//2767 2766//2766
f 2748//2748 2768//2768 2767//2767
f 2749//2749 2769//2769 2768//2768
f 2750//2750 2770//2770 2769//2769
f 2751//2751 2771//2771 2770//2770
f 2752//2752 2772//2772 2771//2771
f 2753//2753 2773//2773 2772//2772
f 2754//2754 2774//2774 2773//2773
f 2755//2755 2775//2775 2774//2774
f 2756//2756 2776//2776 2775//2775
f 2777//2777 2776//2776 2756//2756
f 2778//2778 2777//2777 2757//2757
f 2759//2759 2779//2779 2778//2778
f 2760//2760 2780//2780 2779//2779
f 2741//2741 2761//2761 2780//2780
f 2762//2762 2782//2782 2781//2781
f 2763//2763 2783//2783 2782//2782
f 2764//2764 2784//2784 2783//2783
f 2765//2765 2785//2785 2784//2784
f 2766//2766 2786//2786 2785//2785
f 2767//2767 2787//2787 2786//2786
f 2768//2768 2788//2788 2787//2787
f 2769//2769 2789//2789 2788//2788
f 2770//2770 2790//2790 2789//2789
f 2771//2771 2791//2791 2790//2790
f 2772//2772 2792//2792 2791//2791
f 2773//2773 2793//2793 2792//2792
f 2774//2774 2794//2794 2793//2793
f 2775//2775 2795//2795 2794//2794
f 2776//2776 2796//2796 2795//2795
f 2777//2777 2797//2797 2796//2796
f 2778//2778 2798//2798 2797//2797
f 2779//2779 2799//2799 2798//2798
f 2780//2780 2800//2800 2799//2799
f 2761//2761 2781//2781 2800//2800
f 2782//2782 2802//2802 2801//2801
f 2783//2783 2803//2803 2802//2802
f 2784//2784 2804//2804 2803//2803
f 2785//2785 2805//2805 2804//2804
f 2786//2786 2806//2806 2805//2805
f 2787//2787 2807//2807 2806//2806
f 2788//2788 2808//2808 2807//2807
f 2789//2789 2809//2809 2808//2808
f 2790//2790 2810//2810 2809//2809
f 2791//2791 2811//2811 2810//2810
f 2792//2792 2812//2812 2811//2811
f 2793//2793 2813//2813 2812//2812
f 2794//2794 2814//2814 2813//2813
f 2795//2795 2815//2815 2814//2814
f 2796//2796 2816//2816 2815//2815
f 2797//2797 2817//2817 2816//2816
f 2798//2798 2818//2818 2817//2817
f 2799//2799 2819//2819 2818//2818
f 2800//2800 2820//2820 2819//2819
f 2781//2781 2801//2801 2820//2820
f 2802//2802 2822//2822 2821//2821
f 2803//2803 2823//2823 2822//2822
f 2804//2804 2824//2824 2823//2823
f 2805//2805 2825//2825 2824//2824
f 2806//2806 2826//2826 2825//2825
f 2807//2807 2827//2827 2826//2826
f 2808//2808 2828//2828 2827//2827
f 2809//2809 2829//2829 2828//2828
f 2810//2810 2830//2830 2829//2829
f 2811//2811 2831//2831 2830//2830
f 2812//2812 2832//2832 2831//2831
f 2813//2813 2833//2833 2832//2832
f 2814//2814 2834//2834 2833//2833
f 2815//2815 2835//2835 2834//2834
f 2816//2816 2836//2836 2835//2835
f 2817//2817 2837//2837 2836//2836
f 2818//2818 2838//2838 2837//2837
f 2819//2819 2839//2839 2838//2838
f 2820//2820 2840//2840 2839//2839
f 2801//2801 2821//2821 2840//2840
f 2822//2822 2842//2842 2841//2841
f 2823//2823 2843//2843 2842//2842
f 2824//2824 2844//2844 2843//2843
f 2825//2825 2845//2845 2844//2844
f 2826//2826 2846//2846 2845//2845
f 2827//2827 2847//2847 2846//2846
f 2828//2828 2848//2848 2847//2847
f 2829//2829 2849//2849 2848//2848
f 2830//2830 2850//2850 2849//2849
f 2831//2831 2851//2851 2850//2850
f 2832//2832 2852//2852 2851//2851
f 2833//2833 2853//2853 2852//2852
f 2834//2834 2854//2854 2853//2853
f 2835//2835 2855//2855 2854//2854
f 2836//2836 2856//2856 2855//2855
f 2837//2837 2857//2857 2856//2856
f 2838//2838 2858//2858 2857//2857
f 2839//2839 2859//2859 2858//2858
f 2840//2840 2860//2860 2859//2859
f 2821//2821 2841//2841 2860//2860
f 2842//2842 2862//2862 2861//2861
f 2843//2843 2863//2863 2862//2862
f 2844//2844 2864//2864 2863//2863
f 2845//2845 2865//2865 2864//2864
f 2846//2846 2866//2866 2865//2865
f 2847//2847 2867//2867 2866//2866
f 2848//2848 2868//2868 2867//2867
f 2849//2849 2869//2869 2868//2868
f 2850//2850 2870//2870 2869//2869
f 2851//2851 2871//2871 2870//2870
f 2852//2852 2872//2872 2871//2871
f 2853//2853 2873//2873 2872//2872
f 2854//2854 2874//2874 2873//2873
f 2855//2855 2875//2875 2874//2874
f 2856//2856 2876//2876 2875//2875
f 2857//2857 2877//2877 2876//2876
f 2858//2858 2878//2878 2877//2877
f 2859//2859 2879//2879 2878//2878
f 2860//2860 2880//2880 2879//2879
f 2841//2841 2861//2861 2880//2880
f 2862//2862 2882//2882 2881//2881
f 2863//2863 2883//2883 2882//2882
f 2864//2864 2884//2884 2883//2883
f 2865//2865 2885//2885 2884//2884
f 2866//2866 2886//2886 2885//2885
f 2867//2867 2887//2887 2886//2886
f 2868//2868 2888//2888 2887//2887
f 2869//2869 2889//2889 2888//2888
f 2870//2870 2890//2890 2889//2889
f 2871//2871 2891//2891 2890//2890
f 2872//2872 2892//2892 2891//2891
f 2873//2873 2893//2893 2892//2892
f 2874//2874 2894//2894 2893//2893
f 2875//2875 2895//2895 2894//2894
f 2876//2876 2896//2896 2895//2895
f 2877//2877 2897//2897 2896//2896
f 2878//2878 2898//2898 2897//2897
f 2879//2879 2899//2899 2898//2898
f 2880//2880 2900//2900 2899//2899
f 2861//2861 2881//2881 2900//2900
f 2882//2882 2902//2902 2901//2901
f 2883//2883 2903//2903 2902//2902
f 2884//2884 2904//2904 2903//2903
f 2885//2885 2905//2905 2904//2904
f 2886//2886 2906//2906 2905//2905
f 2887//2887 2907//2907 2906//2906
f 2888//2888 2908//2908 2907//2907
f 2889//2889 2909//2909 2908//2908
f 2890//2890 2910//2910 2909//2909
f 2891//2891 2911//2911 2910//2910
f 2892//2892 2912//2912 2911//2911
f 2893//2893 2913//2913 2912//2912
f 2894//2894 2914//2914 2913//2913
f 2895//2895 2915//2915 2914//2914
f 2896//2896 2916//2916 2915//2915
f 2897//2897 2917//2917 2916//2916
f 2898//2898 2918//2918 2917//2917
f 2899//2899 2919//2919 2918//2918
f 2900//2900 2920//2920 2919//2919
f 2881//2881 2901//2901 2920//2920
f 2902//2902 2922//2922 2921//2921
f 2903//2903 2923//2923 2922//2922
f 2904//2904 2924//2924 2923//2923
f 2905//2905 2925//2925 2924//2924
f 2906//2906 2926//2926 2925//2925
f 2907//2907 2927//2927 2926//2926
f 2908//2908 2928//2928 2927//2927
f 2909//2909 2929//2929 2928//2928
f 2910//2910 2930//2930 2929//2929
f 2911//2911 2931//2931 2930//2930
f 2912//2912 2932//2932 2931//2931
f 2913//2913 2933//2933 2932//2932
f 2914//2914 2934//2934 2933//2933
f 2915//2915 2935//2935 2934//2934
f 2916//2916 2936//2936 2935//2935
f 2917//2917 2937//2937 2936//2936
f 2918//2918 2938//2938 2937//2937
f 2919//2919 2939//2939 2938//2938
f 2920//2920 2940//2940 2939//2939
f 2901//2901 2921//2921 2940//2940
f 2922//2922 2942//2942 2941//2941
f 2923//2923 2943//2943 2942//2942
f 2924//2924 2944//2944 2943//2943
f 2925//2925 2945//2945 2944//2944
f 2926//2926 2946//2946 2945//2945
f 2927//2927 2947//2947 2946//2946
f 2928//2928 2948//2948 2947//2947
f 2929//2929 2949//2949 2948//2948
f 2930//2930 2950//2950 2949//2949
f 2931//2931 2951//2951 2950//2950
f 2932//2932 2952//2952 2951//2951
f 2933//2933 2953//2953 2952//2952
f 2934//2934 2954//2954 2953//2953
f 2935//2935 2955//2955 2954//2954
f 2936//2936 2956//2956 2955//2955
f 2937//2937 2957//2957 2956//2956
f 2938//2938 2958//2958 2957//2957
f 2939//2939 2959//2959 2958//2958
f 2940//2940 2960//2960 2959//2959
f 2921//2921 2941//2941 2960//2960
f 2942//2942 2962//2962 2961//2961
f 2943//2943 2963//2963 2962//2962
f 2944//2944 2964//2964 2963//2963
f 2945//2945 2965//2965 2964//2964
f 2946//2946 2966//2966 2965//2965
f 2947//2947 2967//2967 2966//2966
f 2948//2948 2968//2968 2967//2967
f 2949//2949 2969//2969 2968//2968
f 2950//2950 2970//2970 2969//2969
f 2951//2951 2971//2971 2970//2970
f 2952//2952 2972//2972 2971//2971
f 2953//2953 2973//2973 2972//2972
f 2954//2954 2974//2974 2973//2973
f 2955//2955 2975//2975 2974//2974
f 2956//2956 2976//2976 2975//2975
f 2957//2957 2977//2977 2976//2976
f 2958//2958 2978//2978 2977//2977
f 2959//2959 2979//2979 2978//2978
f 2960//2960 2980//2980 2979//2979
f 2941//2941 2961//2961 2980//2980
f 2962//2962 2982//2982 2981//2981
f 2963//2963 2983//2983 2982//2982
f 2964//2964 2984//2984 2983//2983
f 2965//2965 2985//2985 2984//2984
f 2966//2966 2986//2986 2985//2985
f 2967//2967 2987//2987 2986//2986
f 2968//2968 2988//2988 2987//2987
f 2969//2969 2989//2989 2988//2988
f 2970//2970 2990//2990 2989//2989
f 2971//2971 2991//2991 2990//2990
f 2972//2972 2992//2992 2991//2991
f 2973//2973 2993//2993 2992//2992
f 2974//2974 2994//2994 2993//2993
f 2975//2975 2995//2995 2994//2994
f 2976//2976 2996//2996 2995//2995
f 2977//2977 2997//2997 2996//2996
f 2978//2978 2998//2998 2997//2997
f 2979//2979 2999//2999 2998//2998
f 2980//2980 3000//3000 2999//2999
f 2961//2961 2981//2981 3000//3000
f 2982//2982 3002//3002 3001//3001
f 2983//2983 3003//3003 3002//3002
f 2984//2984 3004//3004 3003//3003
f 2985//2985 3005//3005 3004//3004
f 2986//2986 3006//3006 3005//3005
f 2987//2987 3007//3007 3006//3006
f 2988//2988 3008//3008 3007//3007
f 2989//2989 3009//3009 3008//3008
f 2990//2990 3010//3010 3009//3009
f 2991//2991 3011//3011 3010//3010
f 2992//2992 3012//3012 3011//3011
f 2993//2993 3013//3013 3012//3012
f 2994//2994 3014//3014 3013//3013
f 2995//2995 3015//3015 3014//3014
f 2996//2996 3016//3016 3015//3015
f 2997//2997 3017//3017 3016//3016
f 2998//2998 3018//3018 3017//3017
f 2999//2999 3019//3019 3018//3018
f 3000//3000 3020//3020 3019//3019
f 2981//2981 3001//3001 3020//3020
f 3002//3002 3022//3022 3021//3021
f 3003//3003 3023//3023 3022//3022
f 3004//3004 3024//3024 3023//3023
f 3005//3005 3025//3025 3024//3024
f 3006//3006 3026//3026 3025//3025
f 3007//3007 3027//3027 3026//3026
f 3008//3008 3028//3028 3027//3027
f 3009//3009 3029//3029 3028//3028
f 3010//3010 3030//3030 3029//3029
f 3011//3011 3031//3031 3030//3030
f 3012//3012 3032//3032 3031//3031
f 3013//3013 3033//3033 3032//3032
f 3014//3014 3034//3034 3033//3033
f 3015//3015 3035//3035 3034//3034
f 3016//3016 3036//3036 3035//3035
f 3017//3017 3037//3037 3036//3036
f 3018//3018 3038//3038 3037//3037
f 3019//3019 3039//3039 3038//3038
f 3020//3020 3040//3040 3039//3039
f 3001//3001 3021//3021 3040//3040
f 3022//3022 3042//3042 3041//3041
f 3023//3023 3043//3043 3042//3042
f 3024//3024 3044//3044 3043//3043
f 3025//3025 3045//3045 3044//3044
f 3026//3026 3046//3046 3045//3045
f 3027//3027 3047//3047 3046//3046
f 3028//3028 3048//3048 3047//3047
f 3029//3029 3049//3049 3048//3048
f 3030//3030 3050//3050 3049//3049
f 3031//3031 3051//3051 3050//3050
f 3032//3032 3052//3052 3051//3051
f 3033//3033 3053//3053 3052//3052
f 3034//3034 3054//3054 3053//3053
f 3035//3035 3055//3055 3054//3054
f 3036//3036 3056//3056 3055//3055
f 3037//3037 3057//3057 3056//3056
f 3038//3038 3058//3058 3057//3057
f 3039//3039 3059//3059 3058//3058
f 3040//3040 3060//3060 3059//3059
f 3021//3021 3041//3041 3060//3060
f 3042//3042 3062//3062 3061//3061
f 3043//3043 3063//3063 3062//3062
f 3044//3044 3064//3064 3063//3063
f 3045//3045 3065//3065 3064//3064
f 3046//3046 3066//3066 3065//3065
f 3047//3047 3067//3067 3066//3066
f 3048//3048 3068//3068 3067//3067
f 3049//3049 3069//3069 3068//3068
f 3050//3050 3070//3070 3069//3069
f 3051//3051 3071//3071 3070//3070
f 3052//3052 3072//3072 3071//3071
f 3053//3053 3073//3073 3072//3072
f 3054//3054 3074//3074 3073//3073
f 3055//3055 3075//3075 3074//3074
f 3056//3056 3076//3076 3075//3075
f 3057//3057 3077//3077 3076//3076
f 3058//3058 3078//3078 3077//3077
f 3059//3059 3079//3079 3078//3078
f 3060//3060 3080//3080 3079//3079
f 3041//3041 3061//3061 3080//3080
f 3062//3062 3082//3082 3081//3081
f 3063//3063 3083//3083 3082//3082
f 3064//3064 3084//3084 3083//3083
f 3065//3065 3085//3085 3084//3084
f 3066//3066 3086//3086 3085//3085
f 3067//3067 3087//3087 3086//3086
f 3068//3068 3088//3088 3087//3087
f 3069//3069 3089//3089 3088//3088
f 3070//3070 3090//3090 3089//3089
f 3071//3071 3091//3091 3090//3090
f 3072//3072 3092//3092 3091//3091
f 3073//3073 3093//3093 3092//3092
f 3074//3074 3094//3094 3093//3093
f 3075//3075 3095//3095 3094//3094
f 3076//3076 3096//3096 3095//3095
f 3077//3077 3097//3097 3096//3096
f 3078//3078 3098//3098 3097//3097
f 3079//3079 3099//3099 3098//3098
f 3080//3080 3100//3100 3099//3099
f 3061//3061 3081//3081 3100//3100
f 3082//3082 3102//3102 3101//3101
f 3083//3083 3103//3103 3102//3102
f 3084//3084 3104//3104 3103//3103
f 3085//3085 3105//3105 3104//3104
f 3086//3086 3106//3106 3105//3105
f 3087//3087 3107//3107 3106//3106
f 3088//3088 3108//3108 3107//3107
f 3089//3089 3109//3109 3108//3108
f 3090//3090 3110//3110 3109//3109
f 3091//3091 3111//3111 3110//3110
f 3092//3092 3112//3112 3111//3111
f 3093//3093 3113//3113 3112//3112
f 3094//3094 3114//3114 3113//3113
f 3095//3095 3115//3115 3114//3114
f 3116//3116 3115//3115 3095//3095
f 3117//3117 3116//3116 3096//3096
f 3118//3118 3117//3117 3097//3097
f 3099//3099 3119//3119 3118//3118
f 3100//3100 3120//3120 3119//3119
f 3081//3081 3101//3101 3120//3120
f 3102//3102 3122//3122 3121//3121
f 3103//3103 3123//3123 3122//3122
f 3104//3104 3124//3124 3123//3123
f 3105//3105 3125//3125 3124//3124
f 3106//3106 3126//3126 3125//3125
f 3107//3107 3127//3127 3126//3126
f 3108//3108 3128//3128 3127//3127
f 3109//3109 3129//3129 3128//3128
f 3110//3110 3130//3130 3129//3129
f 3111//3111 3131//3131 3130//3130
f 3112//3112 3132//3132 3131//3131
f 3113//3113 3133//3133 3132//3132
f 3114//3114 3134//3134 3133//3133
f 3135//3135 3134//3134 3114//3114
f 3136//3136 3135//3135 3115//3115
f 3137//3137 3136//3136 3116//3116
f 3138//3138 3137//3137 3117//3117
f 3139//3139 3138//3138 3118//3118
f 3120//3120 3140//3140 3139//3139
f 3101//3101 3121//3121 3140//3140
f 3122//3122 3142//3142 3141//3141
f 3123//3123 3143//3143 3142//3142
f 3124//3124 3144//3144 3143//3143
f 3125//3125 3145//3145 3144//3144
f 3126//3126 3146//3146 3145//3145
f 3127//3127 3147//3147 3146//3146
f 3128//3128 3148//3148 3147//3147
f 3129//3129 3149//3149 3148//3148
f 3130//3130 3150//3150 3149//3149
f 3131//3131 3151//3151 3150//3150
f 3132//3132 3152//3152 3151//3151
f 3133//3133 3153//3153 3152//3152
f 3134//3134 3154//3154 3153//3153
f 3155//3155 3154//3154 3134//3134
f 3156//3156 3155//3155 3135//3135
f 3157//3157 3156//3156 3136//3136
f 3158//3158 3157//3157 3137//3137
f 3159//3159 3158//3158 3138//3138
f 3160//3160 3159//3159 3139//3139
f 3121//3121 3141//3141 3160//3160
f 3142//3142 3162//3162 3161//3161
f 3143//3143 3163//3163 3162//3162
f 3144//3144 3164//3164 3163//3163
f 3145//3145 3165//3165 3164//3164
f 3146//3146 3166//3166 3165//3165
f 3147//3147 3167//3167 3166//3166
f 3148//3148 3168//3168 3167//3167
f 3149//3149 3169//3169 3168//3168
f 3150//3150 3170//3170 3169//3169
f 3151//3151 3171//3171 3170//3170
f 3152//3152 3172//3172 3171//3171
f 3153//3153 3173//3173 3172//3172
f 3174//3174 3173//3173 3153//3153
f 3175//3175 3174//3174 3154//3154
f 3176//3176 3175//3175 3155//3155
f 3177//3177 3176//3176 3156//3156
f 3178//3178 3177//3177 3157//3157
f 3179//3179 3178//3178 3158//3158
f 3180//3180 3179//3179 3159//3159
f 3141//3141 3161//3161 3180//3180
f 3162//3162 3182//3182 3181//3181
f 3163//3163 3183//3183 3182//3182
f 3164//3164 3184//3184 3183//3183
f 3165//3165 3185//3185 3184//3184
f 3166//3166 3186//3186 3185//3185
f 3167//3167 3187//3187 3186//3186
f 3168//3168 3188//3188 3187//3187
f 3169//3169 3189//3189 3188//3188
f 3170//3170 3190//3190 3189//3189
f 3171//3171 3191//3191 3190//3190
f 3172//3172 3192//3192 3191//3191
f 3173//3173 3193//3193 3192//3192
f 3194//3194 3193//3193 3173//3173
f 3195//3195 3194//3194 3174//3174
f 3196//3196 3195//3195 3175//3175
f 3197//3197 3196//3196 3176//3176
f 3198//3198 3197//3197 3177//3177
f 3199//3199 3198//3198 3178//3178
f 3200//3200 3199//3199 3179//3179
f 3181//3181 3200//3200 3180//3180
f 3182//3182 3202//3202 3201//3201
f 3183//3183 3203//3203 3202//3202
f 3184//3184 3204//3204 3203//3203
f 3185//3185 3205//3205 3204//3204
f 3186//3186 3206//3206 3205//3205
f 3187//3187 3207//3207 3206//3206
f 3188//3188 3208//3208 3207//3207
f 3189//3189 3209//3209 3208//3208
f 3190//3190 3210//3210 3209//3209
f 3191//3191 3211//3211 3210//3210
f 3192//3192 3212//3212 3211//3211
f 3213//3213 3212//3212 3192//3192
f 3214//3214 3213//3213 3193//3193
f 3215//3215 3214//3214 3194//3194
f 3216//3216 3215//3215 3195//3195
f 3217//3217 3216//3216 3196//3196
f 3218//3218 3217//3217 3197//3197
f 3219//3219 3218//3218 3198//3198
f 3220//3220 3219//3219 3199//3199
f 3201//3201 3220//3220 3200//3200
f 3202//3202 3222//3222 3221//3221
f 3203//3203 3223//3223 3222//3222
f 3204//3204 3224//3224 3223//3223
f 3205//3205 3225//3225 3224//3224
f 3206//3206 3226//3226 3225//3225
f 3207//3207 3227//3227 3226//3226
f 3208//3208 3228//3228 3227//3227
f 3209//3209 3229//3229 3228//3228
f 3210//3210 3230//3230 3229//3229
f 3211//3211 3231//3231 3230//3230
f 3212//3212 3232//3232 3231//3231
f 3233//3233 3232//3232 3212//3212
f 3234//3234 3233//3233 3213//3213
f 3235//3235 3234//3234 3214//3214
f 3236//3236 3235//3235 3215//3215
f 3237//3237 3236//3236 3216//3216
f 3238//3238 3237//3237 3217//3217
f 3239//3239 3238//3238 3218//3218
f 3240//3240 3239//3239 3219//3219
f 3221//3221 3240//3240 3220//3220
f 3222//3222 3242//3242 3241//3241
f 3223//3223 3243//3243 3242//3242
f 3224//3224 3244//3244 3243//3243
f 3225//3225 3245//3245 3244//3244
f 3226//3226 3246//3246 3245//3245
f 3227//3227 3247//3247 3246//3246
f 3228//3228 3248//3248 3247//3247
f 3229//3229 3249//3249 3248//3248
f 3230//3230 3250//3250 3249//3249
f 3231//3231 3251//3251 3250//3250
f 3232//3232 3252//3252 3251//3251
f 3253//3253 3252//3252 3232//3232
f 3254//3254 3253//3253 3233//3233
f 3255//3255 3254//3254 3234//3234
f 3256//3256 3255//3255 3235//3235
f 3257//3257 3256//3256 3236//3236
f 3258//3258 3257//3257 3237//3237
f 3259//3259 3258//3258 3238//3238
f 3260//3260 3259//3259 3239//3239
f 3241//3241 3260//3260 3240//3240
f 3242//3242 3262//3262 3261//3261
f 3243//3243 3263//3263 3262//3262
f 3244//3244 3264//3264 3263//3263
f 3245//3245 3265//3265 3264//3264
f 3246//3246 3266//3266 3265//3265
f 3247//3247 3267//3267 3266//3266
f 3248//3248 3268//3268 3267//3267
f 3249//3249 3269//3269 3268//3268
f 3250//3250 3270//3270 3269//3269
f 3251//3251 3271//3271 3270//3270
f 3252//3252 3272//3272 3271//3271
f 3273//3273 3272//3272 3252//3252
f 3274//3274 3273//3273 3253//3253
f 3275//3275 3274//3274 3254//3254
f 3276//3276 3275//3275 3255//3255
f 3277//3277 3276//3276 3256//3256
f 3278//3278 3277//3277 3257//3257
f 3279//3279 3278//3278 3258//3258
f 3280//3280 3279//3279 3259//3259
f 3261//3261 3280//3280 3260//3260
f 3262//3262 3282//3282 3281//3281
f 3263//3263 3283//3283 3282//3282
f 3264//3264 3284//3284 3283//3283
f 3265//3265 3285//3285 3284//3284
f 3266//3266 3286//3286 3285//3285
f 3267//3267 3287//3287 3286//3286
f 3268//3268 3288//3288 3287//3287
f 3269//3269 3289//3289 3288//3288
f 3270//3270 3290//3290 3289//3289
f 3271//3271 3291//3291 3290//3290
f 3292//3292 3291//3291 3271//3271
f 3293//3293 3292//3292 3272//3272
f 3294//3294 3293//3293 3273//3273
f 3295//3295 3294//3294 3274//3274
f 3296//3296 3295//3295 3275//3275
f 3297//3297 3296//3296 3276//3276
f 3298//3298 3297//3297 3277//3277
f 3299//3299 3298//3298 3278//3278
f 3300//3300 3299//3299 3279//3279
f 3281//3281 3300//3300 3280//3280
f 3282//3282 3302//3302 3301//3301
f 3283//3283 3303//3303 3302//3302
f 3284//3284 3304//3304 3303//3303
f 3285//3285 3305//3305 3304//3304
f 3286//3286 3306//3306 3305//3305
f 3287//3287 3307//3307 3306//3306
f 3288//3288 3308//3308 3307//3307
f 3289//3289 3309//3309 3308//3308
f 3290//3290 3310//3310 3309//3309
f 3291//3291 3311//3311 3310//3310
f 3312//3312 3311//3311 3291//3291
f 3313//3313 3312//3312 3292//3292
f 3314//3314 3313//3313 3293//3293
f 3315//3315 3314//3314 3294//3294
f 3316//3316 3315//3315 3295//3295
f 3317//3317 3316//3316 3296//3296
f 3318//3318 3317//3317 3297//3297
f 3319//3319 3318//3318 3298//3298
f 3320//3320 3319//3319 3299//3299
f 3301//3301 3320//3320 3300//3300
f 3302//3302 3322//3322 3321//3321
f 3303//3303 3323//3323 3322//3322
f 3304//3304 3324//3324 3323//3323
f 3305//3305 3325//3325 3324//3324
f 3306//3306 3326//3326 3325//3325
f 3307//3307 3327//3327 3326//3326
f 3308//3308 3328//3328 3327//3327
f 3309//3309 3329//3329 3328//3328
f 3310//3310 3330//3330 3329//3329
f 3311//3311 3331//3331 3330//3330
f 3332//3332 3331//3331 3311//3311
f 3333//3333 3332//3332 3312//3312
f 3334//3334 3333//3333 3313//3313
f 3335//3335 3334//3334 3314//3314
f 3336//3336 3335//3335 3315//3315
f 3337//3337 3336//3336 3316//3316
f 3338//3338 3337//3337 3317//3317
f 3339//3339 3338//3338 3318//3318
f 3340//3340 3339//3339 3319//3319
f 3321//3321 3340//3340 3320//3320
f 3322//3322 3342//3342 3341//3341
f 3323//3323 3343//3343 3342//3342
f 3324//3324 3344//3344 3343//3343
f 3325//3325 3345//3345 3344//3344
f 3326//3326 3346//3346 3345//3345
f 3327//3327 3347//3347 3346//3346
f 3328//3328 3348//3348 3347//3347
f 3329//3329 3349//3349 3348//3348
f 3330//3330 3350//3350 3349//3349
f 3331//3331 3351//3351 3350//3350
f 3352//3352 3351//3351 3331//3331
f 3353//3353 3352//3352 3332//3332
f 3354//3354 3353//3353 3333//3333
f 3355//3355 3354//3354 3334//3334
f 3356//3356 3355//3355 3335//3335
f 3357//3357 3356//3356 3336//3336
f 3358//3358 3357//3357 3337//3337
f 3359//3359 3358//3358 3338//3338
f 3360//3360 3359//3359 3339//3339
f 3341//3341 3360//3360 3340//3340
f 3342//3342 3362//3362 3361//3361
f 3343//3343 3363//3363 3362//3362
f 3344//3344 3364//3364 3363//3363
f 3345//3345 3365//3365 3364//3364
f 3346//3346 3366//3366 3365//3365
f 3347//3347 3367//3367 3366//3366
f 3348//3348 3368//3368 3367//3367
f 3349//3349 3369//3369 3368//3368
f 3350//3350 3370//3370 3369//3369
f 3351//3351 3371//3371 3370//3370
f 3372//3372 3371//3371 3351//3351
f 3373//3373 3372//3372 3352//3352
f 3374//3374 3373//3373 3353//3353
f 3375//3375 3374//3374 3354//3354
f 3376//3376 3375//3375 3355//3355
f 3377//3377 3376//3376 3356//3356
f 3378//3378 3377//3377 3357//3357
f 3379//3379 3378//3378 3358//3358
f 3380//3380 3379//3379 3359//3359
f 3361//3361 3380//3380 3360//3360
f 3362//3362 3382//3382 3381//3381
f 3363//3363 3383//3383 3382//3382
f 3364//3364 3384//3384 3383//3383
f 3365//3365 3385//3385 3384//3384
f 3366//3366 3386//3386 3385//3385
f 3367//3367 3387//3387 3386//3386
f 3368//3368 3388//3388 3387//3387
f 3369//3369 3389//3389 3388//3388
f 3370//3370 3390//3390 3389//3389
f 3371//3371 3391//3391 3390//3390
f 3392//3392 3391//3391 3371//3371
f 3393//3393 3392//3392 3372//3372
f 3394//3394 3393//3393 3373//3373
f 3395//3395 3394//3394 3374//3374
f 3396//3396 3395//3395 3375//3375
f 3397//3397 3396//3396 3376//3376
f 3398//3398 3397//3397 3377//3377
f 3399//3399 3398//3398 3378//3378
f 3400//3400 3399//3399 3379//3379
f 3381//3381 3400//3400 3380//3380
f 3382//3382 3402//3402 3401//3401
f 3383//3383 3403//3403 3402//3402
f 3384//3384 3404//3404 3403//3403
f 3385//3385 3405//3405 3404//3404
f 3386//3386 3406//3406 3405//3405
f 3387//3387 3407//3407 3406//3406
f 3388//3388 3408//3408 3407//3407
f 3389//3389 3409//3409 3408//3408
f 3390//3390 3410//3410 3409//3409
f 3391//3391 3411//3411 3410//3410
f 3412//3412 3411//3411 3391//3391
f 3413//3413 3412//3412 3392//3392
f 3414//3414 3413//3413 3393//3393
f 3415//3415 3414//3414 3394//3394
f 3416//3416 3415//3415 3395//3395
f 3417//3417 3416//3416 3396//3396
f 3418//3418 3417//3417 3397//3397
f 3419//3419 3418//3418 3398//3398
f 3420//3420 3419//3419 3399//3399
f 3401//3401 3420//3420 3400//3400
f 3402//3402 3422//3422 3421//3421
f 3403//3403 3423//3423 3422//3422
f 3404//3404 3424//3424 3423//3423
f 3405//3405 3425//3425 3424//3424
f 3406//3406 3426//3426 3425//3425
f 3407//3407 3427//3427 3426//3426
f 3408//3408 3428//3428 3427//3427
f 3409//3409 3429//3429 3428//3428
f 3410//3410 3430//3430 3429//3429
f 3411//3411 3431//3431 3430//3430
f 3432//3432 3431//3431 3411//3411
f 3433//3433 3432//3432 3412//3412
f 3434//3434 3433//3433 3413//3413
f 3435//3435 3434//3434 3414//3414
f 3436//3436 3435//3435 3415//3415
f 3437//3437 3436//3436 3416//3416
f 3438//3438 3437//3437 3417//3417
f 3439//3439 3438//3438 3418//3418
f 3440//3440 3439//3439 3419//3419
f 3401//3401 3421//3421 3440//3440
f 3422//3422 3442//3442 3441//3441
f 3423//3423 3443//3443 3442//3442
f 3424//3424 3444//3444 3443//3443
f 3425//3425 3445//3445 3444//3444
f 3426//3426 3446//3446 3445//3445
f 3427//3427 3447//3447 3446//3446
f 3428//3428 3448//3448 3447//3447
f 3429//3429 3449//3449 3448//3448
f 3430//3430 3450//3450 3449//3449
f 3431//3431 3451//3451 3450//3450
f 3452//3452 3451//3451 3431//3431
f 3453//3453 3452//3452 3432//3432
f 3454//3454 3453//3453 3433//3433
f 3455//3455 3454//3454 3434//3434
f 3456//3456 3455//3455 3435//3435
f 3457//3457 3456//3456 3436//3436
f 3458//3458 3457//3457 3437//3437
f 3459//3459 3458//3458 3438//3438
f 3460//3460 3459//3459 3439//3439
f 3421//3421 3441//3441 3460//3460
f 3442//3442 3462//3462 3461//3461
f 3443//3443 3463//3463 3462//3462
f 3444//3444 3464//3464 3463//3463
f 3445//3445 3465//3465 3464//3464
f 3446//3446 3466//3466 3465//3465
f 3447//3447 3467//3467 3466//3466
f 3448//3448 3468//3468 3467//3467
f 3449//3449 3469//3469 3468//3468
f 3450//3450 3470//3470 3469//3469
f 3451//3451 3471//3471 3470//3470
f 3472//3472 3471//3471 3451//3451
f 3473//3473 3472//3472 3452//3452
f 3474//3474 3473//3473 3453//3453
f 3475//3475 3474//3474 3454//3454
f 3476//3476 3475//3475 3455//3455
f 3477//3477 3476//3476 3456//3456
f 3478//3478 3477//3477 3457//3457
f 3479//3479 3478//3478 3458//3458
f 3480//3480 3479//3479 3459//3459
f 3441//3441 3461//3461 3480//3480
f 3462//3462 3482//3482 3481//3481
f 3463//3463 3483//3483 3482//3482
f 3464//3464 3484//3484 3483//3483
f 3465//3465 3485//3485 3484//3484
f 3466//3466 3486//3486 3485//3485
f 3467//3467 3487//3487 3486//3486
f 3468//3468 3488//3488 3487//3487
f 3469//3469 3489//3489 3488//3488
f 3470//3470 3490//3490 3489//3489
f 3471//3471 3491//3491 3490//3490
f 3492//3492 3491//3491 3471//3471
f 3493//3493 3492//3492 3472//3472
f 3494//3494 3493//3493 3473//3473
f 3495//3495 3494//3494 3474//3474
f 3496//3496 3495//3495 3475//3475
f 3497//3497 3496//3496 3476//3476
f 3498//3498 3497//3497 3477//3477
f 3499//3499 3498//3498 3478//3478
f 3480//3480 3500//3500 3499//3499
f 3461//3461 3481//3481 3500//3500
f 3482//3482 3502//3502 3501//3501
f 3483//3483 3503//3503 3502//3502
f 3484//3484 3504//3504 3503//3503
f 3485//3485 3505//3505 3504//3504
f 3486//3486 3506//3506 3505//3505
f 3487//3487 3507//3507 3506//3506
f 3488//3488 3508//3508 3507//3507
f 3489//3489 3509//3509 3508//3508
f 3490//3490 3510//3510 3509//3509
f 3491//3491 3511//3511 3510//3510
f 3492//3492 3512//3512 3511//3511
f 3513//3513 3512//3512 3492//3492
f 3514//3514 3513//3513 3493//3493
f 3515//3515 3514//3514 3494//3494
f 3516//3516 3515//3515 3495//3495
f 3517//3517 3516//3516 3496//3496
f 3518//3518 3517//3517 3497//3497
f 3519//3519 3518//3518 3498//3498
f 3500//3500 3520//3520 3519//3519
f 3481//3481 3501//3501 3520//3520
f 3502//3502 3522//3522 3521//3521
f 3503//3503 3523//3523 3522//3522
f 3504//3504 3524//3524 3523//3523
f 3505//3505 3525//3525 3524//3524
f 3506//3506 3526//3526 3525//3525
f 3507//3507 3527//3527 3526//3526
f 3508//3508 3528//3528 3527//3527
f 3509//3509 3529//3529 3528//3528
f 3510//3510 3530//3530 3529//3529
f 3511//3511 3531//3531 3530//3530
f 3512//3512 3532//3532 3531//3531
f 3533//3533 3532//3532 3512//3512
f 3534//3534 3533//3533 3513//3513
f 3535//3535 3534//3534 3514//3514
f 3536//3536 3535//3535 3515//3515
f 3537//3537 3536//3536 3516//3516
f 3538//3538 3537//3537 3517//3517
f 3539//3539 3538//3538 3518//3518
f 3520//3520 3540//3540 3539//3539
f 3501//3501 3521//3521 3540//3540
f 3522//3522 3542//3542 3541//3541
f 3523//3523 3543//3543 3542//3542
f 3524//3524 3544//3544 3543//3543
f 3525//3525 3545//3545 3544//3544
f 3526//3526 3546//3546 3545//3545
f 3527//3527 3547//3547 3546//3546
f 3528//3528 3548//3548 3547//3547
f 3529//3529 3549//3549 3548//3548
f 3530//3530 3550//3550 3549//3549
f 3531//3531 3551//3551 3550//3550
f 3532//3532 3552//3552 3551//3551
f 3553//3553 3552//3552 3532//3532
f 3554//3554 3553//3553 3533//3533
f 3555//3555 3554//3554 3534//3534
f 3556//3556 3555//3555 3535//3535
f 3557//3557 3556//3556 3536//3536
f 3558//3558 3557//3557 3537//3537
f 3539//3539 3559//3559 3558//3558
f 3540//3540 3560//3560 3559//3559
f 3521//3521 3541//3541 3560//3560
f 3542//3542 3562//3562 3561//3561
f 3543//3543 3563//3563 3562//3562
f 3544//3544 3564//3564 3563//3563
f 3545//3545 3565//3565 3564//3564
f 3546//3546 3566//3566 3565//3565
f 3547//3547 3567//3567 3566//3566
f 3548//3548 3568//3568 3567//3567
f 3549//3549 3569//3569 3568//3568
f 3550//3550 3570//3570 3569//3569
f 3551//3551 3571//3571 3570//3570
f 3552//3552 3572//3572 3571//3571
f 3553//3553 3573//3573 3572//3572
f 3574//3574 3573//3573 3553//3553
f 3575//3575 3574//3574 3554//3554
f 3576//3576 3575//3575 3555//3555
f 3577//3577 3576//3576 3556//3556
f 3558//3558 3578//3578 3577//3577
f 3559//3559 3579//3579 3578//3578
f 3560//3560 3580//3580 3579//3579
f 3541//3541 3561//3561 3580//3580
f 3562//3562 3582//3582 3581//3581
f 3563//3563 3583//3583 3582//3582
f 3564//3564 3584//3584 3583//3583
f 3565//3565 3585//3585 3584//3584
f 3566//3566 3586//3586 3585//3585
f 3567//3567 3587//3587 3586//3586
f 3568//3568 3588//3588 3587//3587
f 3569//3569 3589//3589 3588//3588
f 3570//3570 3590//3590 3589//3589
f 3571//3571 3591//3591 3590//3590
f 3572//3572 3592//3592 3591//3591
f 3573//3573 3593//3593 3592//3592
f 3574//3574 3594//3594 3593//3593
f 3575//3575 3595//3595 3594//3594
f 3596//3596 3595//3595 3575//3575
f 3577//3577 3597//3597 3596//3596
f 3578//3578 3598//3598 3597//3597
f 3579//3579 3599//3599 3598//3598
f 3580//3580 3600//3600 3599//3599
f 3561//3561 3581//3581 3600//3600
f 3582//3582 3602//3602 3601//3601
f 3583//3583 3603//3603 3602//3602
f 3584//3584 3604//3604 3603//3603
f 3585//3585 3605//3605 3604//3604
f 3586//3586 3606//3606 3605//3605
f 3587//3587 3607//3607 3606//3606
f 3588//3588 3608//3608 3607//3607
f 3589//3589 3609//3609 3608//3608
f 3590//3590 3610//3610 3609//3609
f 3591//3591 3611//3611 3610//3610
f 3592//3592 3612//3612 3611//3611
f 3593//3593 3613//3613 3612//3612
f 3594//3594 3614//3614 3613//3613
f 3595//3595 3615//3615 3614//3614
f 3596//3596 3616//3616 3615//3615
f 3597//3597 3617//3617 3616//3616
f 3598//3598 3618//3618 3617//3617
f 3599//3599 3619//3619 3618//3618
f 3600//3600 3620//3620 3619//3619
f 3581//3581 3601//3601 3620//3620
f 3602//3602 3622//3622 3621//3621
f 3603//3603 3623//3623 3622//3622
f 3604//3604 3624//3624 3623//3623
f 3605//3605 3625//3625 3624//3624
f 3606//3606 3626//3626 3625//3625
f 3607//3607 3627//3627 3626//3626
f 3608//3608 3628//3628 3627//3627
f 3609//3609 3629//3629 3628//3628
f 3610//3610 3630//3630 3629//3629
f 3611//3611 3631//3631 3630//3630
f 3612//3612 3632//3632 3631//3631
f 3613//3613 3633//3633 3632//3632
f 3614//3614 3634//3634 3633//3633
f 3615//3615 3635//3635 3634//3634
f 3616//3616 3636//3636 3635//3635
f 3617//3617 3637//3637 3636//3636
f 3618//3618 3638//3638 3637//3637
f 3619//3619 3639//3639 3638//3638
f 3620//3620 3640//3640 3639//3639
f 3601//3601 3621//3621 3640//3640
f 3622//3622 3642//3642 3641//3641
f 3623//3623 3643//3643 3642//3642
f 3624//3624 3644//3644 3643//3643
f 3625//3625 3645//3645 3644//3644
f 3626//3626 3646//3646 3645//3645
f 3627//3627 3647//3647 3646//3646
f 3628//3628 3648//3648 3647//3647
f 3629//3629 3649//3649 3648//3648
f 3630//3630 3650//3650 3649//3649
f 3631//3631 3651//3651 3650//3650
f 3632//3632 3652//3652 3651//3651
f 3633//3633 3653//3653 3652//3652
f 3634//3634 3654//3654 3653//3653
f 3635//3635 3655//3655 3654//3654
f 3636//3636 3656//3656 3655//3655
f 3637//3637 3657//3657 3656//3656
f 3638//3638 3658//3658 3657//3657
f 3639//3639 3659//3659 3658//3658
f 3640//3640 3660//3660 3659//3659
f 3621//3621 3641//3641 3660//3660
f 3642//3642 3662//3662 3661//3661
f 3643//3643 3663//3663 3662//3662
f 3644//3644 3664//3664 3663//3663
f 3645//3645 3665//3665 3664//3664
f 3646//3646 3666//3666 3665//3665
f 3647//3647 3667//3667 3666//3666
f 3648//3648 3668//3668 3667//3667
f 3649//3649 3669//3669 3668//3668
f 3650//3650 3670//3670 3669//3669
f 3651//3651 3671//3671 3670//3670
f 3652//3652 3672//3672 3671//3671
f 3653//3653 3673//3673 3672//3672
f 3654//3654 3674//3674 3673//3673
f 3655//3655 3675//3675 3674//3674
f 3656//3656 3676//3676 3675//3675
f 3657//3657 3677//3677 3676//3676
f 3658//3658 3678//3678 3677//3677
f 3659//3659 3679//3679 3678//3678
f 3660//3660 3680//3680 3679//3679
f 3641//3641 3661//3661 3680//3680
f 3662//3662 3682//3682 3681//3681
f 3663//3663 3683//3683 3682//3682
f 3664//3664 3684//3684 3683//3683
f 3665//3665 3685//3685 3684//3684
f 3666//3666 3686//3686 3685//3685
f 3667//3667 3687//3687 3686//3686
f 3668//3668 3688//3688 3687//3687
f 3669//3669 3689//3689 3688//3688
f 3670//3670 3690//3690 3689//3689
f 3671//3671 3691//3691 3690//3690
f 3672//3672 3692//3692 3691//3691
f 3673//3673 3693//3693 3692//3692
f 3674//3674 3694//3694 3693//3693
f 3675//3675 3695//3695 3694//3694
f 3676//3676 3696//3696 3695//3695
f 3677//3677 3697//3697 3696//3696
f 3678//3678 3698//3698 3697//3697
f 3679//3679 3699//3699 3698//3698
f 3680//3680 3700//3700 3699//3699
f 3661//3661 3681//3681 3700//3700
f 3682//3682 3702//3702 3701//3701
f 3683//3683 3703//3703 3702//3702
f 3684//3684 3704//3704 3703//3703
f 3685//3685 3705//3705 3704//3704
f 3686//3686 3706//3706 3705//3705
f 3687//3687 3707//3707 3706//3706
f 3688//3688 3708//3708 3707//3707
f 3689//3689 3709//3709 3708//3708
f 3690//3690 3710//3710 3709//3709
f 3691//3691 3711//3711 3710//3710
f 3692//3692 3712//3712 3711//3711
f 3693//3693 3713//3713 3712//3712
f 3694//3694 3714//3714 3713//3713
f 3695//3695 3715//3715 3714//3714
f 3696//3696 3716//3716 3715//3715
f 3697//3697 3717//3717 3716//3716
f 3698//3698 3718//3718 3717//3717
f 3699//3699 3719//3719 3718//3718
f 3700//3700 3720//3720 3719//3719
f 3681//3681 3701//3701 3720//3720
f 3702//3702 3722//3722 3721//3721
f 3703//3703 3723//3723 3722//3722
f 3704//3704 3724//3724 3723//3723
f 3705//3705 3725//3725 3724//3724
f 3706//3706 3726//3726 3725//3725
f 3707//3707 3727//3727 3726//3726
f 3708//3708 3728//3728 3727//3727
f 3709//3709 3729//3729 3728//3728
f 3710//3710 3730//3730 3729//3729
f 3711//3711 3731//3731 3730//3730
f 3712//3712 3732//3732 3731//3731
f 3713//3713 3733//3733 3732//3732
f 3714//3714 3734//3734 3733//3733
f 3715//3715 3735//3735 3734//3734
f 3716//3716 3736//3736 3735//3735
f 3717//3717 3737//3737 3736//3736
f 3718//3718 3738//3738 3737//3737
f 3719//3719 3739//3739 3738//3738
f 3720//3720 3740//3740 3739//3739
f 3701//3701 3721//3721 3740//3740
f 3722//3722 3742//3742 3741//3741
f 3723//3723 3743//3743 3742//3742
f 3724//3724 3744//3744 3743//3743
f 3725//3725 3745//3745 3744//3744
f 3726//3726 3746//3746 3745//3745
f 3727//3727 3747//3747 3746//3746
f 3728//3728 3748//3748 3747//3747
f 3729//3729 3749//3749 3748//3748
f 3730//3730 3750//3750 3749//3749
f 3731//3731 3751//3751 3750//3750
f 3732//3732 3752//3752 3751//3751
f 3733//3733 3753//3753 3752//3752
f 3734//3734 3754//3754 3753//3753
f 3735//3735 3755//3755 3754//3754
f 3736//3736 3756//3756 3755//3755
f 3737//3737 3757//3757 3756//3756
f 3738//3738 3758//3758 3757//3757
f 3739//3739 3759//3759 3758//3758
f 3740//3740 3760//3760 3759//3759
f 3721//3721 3741//3741 3760//3760
f 3742//3742 3762//3762 3761//3761
f 3743//3743 3763//3763 3762//3762
f 3744//3744 3764//3764 3763//3763
f 3745//3745 3765//3765 3764//3764
f 3746//3746 3766//3766 3765//3765
f 3747//3747 3767//3767 3766//3766
f 3748//3748 3768//3768 3767//3767
f 3749//3749 3769//3769 3768//3768
f 3750//3750 3770//3770 3769//3769
f 3751//3751 3771//3771 3770//3770
f 3752//3752 3772//3772 3771//3771
f 3753//3753 3773//3773 3772//3772
f 3754//3754 3774//3774 3773//3773
f 3755//3755 3775//3775 3774//3774
f 3756//3756 3776//3776 3775//3775
f 3757//3757 3777//3777 3776//3776
f 3758//3758 3778//3778 3777//3777
f 3759//3759 3779//3779 3778//3778
f 3760//3760 3780//3780 3779//3779
f 3741//3741 3761//3761 3780//3780
f 3762//3762 3782//3782 3781//3781
f 3763//3763 3783//3783 3782//3782
f 3764//3764 3784//3784 3783//3783
f 3765//3765 3785//3785 3784//3784
f 3766//3766 3786//3786 3785//3785
f 3767//3767 3787//3787 3786//3786
f 3768//3768 3788//3788 3787//3787
f 3769//3769 3789//3789 3788//3788
f 3770//3770 3790//3790 3789//3789
f 3771//3771 3791//3791 3790//3790
f 3772//3772 3792//3792 3791//3791
f 3773//3773 3793//3793 3792//3792
f 3774//3774 3794//3794 3793//3793
f 3775//3775 3795//3795 3794//3794
f 3776//3776 3796//3796 3795//3795
f 3777//3777 3797//3797 3796//3796
f 3778//3778 3798//3798 3797//3797
f 3779//3779 3799//3799 3798//3798
f 3780//3780 3800//3800 3799//3799
f 3761//3761 3781//3781 3800//3800
f 3782//3782 3802//3802 3801//3801
f 3783//3783 3803//3803 3802//3802
f 3784//3784 3804//3804 3803//3803
f 3785//3785 3805//3805 3804//3804
f 3786//3786 3806//3806 3805//3805
f 3787//3787 3807//3807 3806//3806
f 3788//3788 3808//3808 3807//3807
f 3789//3789 3809//3809 3808//3808
f 3790//3790 3810//3810 3809//3809
f 3791//3791 3811//3811 3810//3810
f 3792//3792 3812//3812 3811//3811
f 3793//3793 3813//3813 3812//3812
f 3794//3794 3814//3814 3813//3813
f 3795//3795 3815//3815 3814//3814
f 3796//3796 3816//3816 3815//3815
f 3797//3797 3817//3817 3816//3816
f 3798//3798 3818//3818 3817//3817
f 3799//3799 3819//3819 3818//3818
f 3800//3800 3820//3820 3819//3819
f 3781//3781 3801//3801 3820//3820
f 3802//3802 3822//3822 3821//3821
f 3803//3803 3823//3823 3822//3822
f 3804//3804 3824//3824 3823//3823
f 3805//3805 3825//3825 3824//3824
f 3806//3806 3826//3826 3825//3825
f 3807//3807 3827//3827 3826//3826
f 3808//3808 3828//3828 3827//3827
f 3809//3809 3829//3829 3828//3828
f 3810//3810 3830//3830 3829//3829
f 3811//3811 3831//3831 3830//3830
f 3812//3812 3832//3832 3831//3831
f 3813//3813 3833//3833 3832//3832
f 3814//3814 3834//3834 3833//3833
f 3815//3815 3835//3835 3834//3834
f 3816//3816 3836//3836 3835//3835
f 3817//3817 3837//3837 3836//3836
f 3818//3818 3838//3838 3837//3837
f 3819//3819 3839//3839 3838//3838
f 3820//3820 3840//3840 3839//3839
f 3801//3801 3821//3821 3840//3840
f 3822//3822 3842//3842 3841//3841
f 3823//3823 3843//3843 3842//3842
f 3824//3824 3844//3844 3843//3843
f 3825//3825 3845//3845 3844//3844
f 3826//3826 3846//3846 3845//3845
f 3827//3827 3847//3847 3846//3846
f 3828//3828 3848//3848 3847//3847
f 3829//3829 3849//3849 3848//3848
f 3830//3830 3850//3850 3849//3849
f 3831//3831 3851//3851 3850//3850
f 3832//3832 3852//3852 3851//3851
f 3833//3833 3853//3853 3852//3852
f 3834//3834 3854//3854 3853//3853
f 3835//3835 3855//3855 3854//3854
f 3836//3836 3856//3856 3855//3855
f 3837//3837 3857//3857 3856//3856
f 3838//3838 3858//3858 3857//3857
f 3839//3839 3859//3859 3858//3858
f 3840//3840 3860//3860 3859//3859
f 3821//3821 3841//3841 3860//3860
f 3842//3842 3862//3862 3861//3861
f 3843//3843 3863//3863 3862//3862
f 3844//3844 3864//3864 3863//3863
f 3845//3845 3865//3865 3864//3864
f 3846//3846 3866//3866 3865//3865
f 3847//3847 3867//3867 3866//3866
f 3848//3848 3868//3868 3867//3867
f 3849//3849 3869//3869 3868//3868
f 3850//3850 3870//3870 3869//3869
f 3851//3851 3871//3871 3870//3870
f 3852//3852 3872//3872 3871//3871
f 3853//3853 3873//3873 3872//3872
f 3854//3854 3874//3874 3873//3873
f 3855//3855 3875//3875 3874//3874
f 3856//3856 3876//3876 3875//3875
f 3857//3857 3877//3877 3876//3876
f 3858//3858 3878//3878 3877//3877
f 3859//3859 3879//3879 3878//3878
f 3860//3860 3880//3880 3879//3879
f 3841//3841 3861//3861 3880//3880
f 3862//3862 3882//3882 3881//3881
f 3863//3863 3883//3883 3882//3882
f 3864//3864 3884//3884 3883//3883
f 3865//3865 3885//3885 3884//3884
f 3866//3866 3886//3886 3885//3885
f 3867//3867 3887//3887 3886//3886
f 3868//3868 3888//3888 3887//3887
f 3869//3869 3889//3889 3888//3888
f 3870//3870 3890//3890 3889//3889
f 3871//3871 3891//3891 3890//3890
f 3872//3872 3892//3892 3891//3891
f 3873//3873 3893//3893 3892//3892
f 3874//3874 3894//3894 3893//3893
f 3875//3875 3895//3895 3894//3894
f 3876//3876 3896//3896 3895//3895
f 3877//3877 3897//3897 3896//3896
f 3878//3878 3898//3898 3897//3897
f 3879//3879 3899//3899 3898//3898
f 3880//3880 3900//3900 3899//3899
f 3861//3861 3881//3881 3900//3900
f 3882//3882 3902//3902 3901//3901
f 3883//3883 3903//3903 3902//3902
f 3884//3884 3904//3904 3903//3903
f 3885//3885 3905//3905 3904//3904
f 3886//3886 3906//3906 3905//3905
f 3887//3887 3907//3907 3906//3906
f 3888//3888 3908//3908 3907//3907
f 3889//3889 3909//3909 3908//3908
f 3890//3890 3910//3910 3909//3909
f 3891//3891 3911//3911 3910//3910
f 3892//3892 3912//3912 3911//3911
f 3893//3893 3913//3913 3912//3912
f 3894//3894 3914//3914 3913//3913
f 3895//3895 3915//3915 3914//3914
f 3896//3896 3916//3916 3915//3915
f 3897//3897 3917//3917 3916//3916
f 3898//3898 3918//3918 3917//3917
f 3899//3899 3919//3919 3918//3918
f 3900//3900 3920//3920 3919//3919
f 3881//3881 3901//3901 3920//3920
f 3902//3902 3922//3922 3921//3921
f 3903//3903 3923//3923 3922//3922
f 3904//3904 3924//3924 3923//3923
f 3905//3905 3925//3925 3924//3924
f 3906//3906 3926//3926 3925//3925
f 3907//3907 3927//3927 3926//3926
f 3908//3908 3928//3928 3927//3927
f 3909//3909 3929//3929 3928//3928
f 3910//3910 3930//3930 3929//3929
f 3911//3911 3931//3931 3930//3930
f 3912//3912 3932//3932 3931//3931
f 3913//3913 3933//3933 3932//3932
f 3934//3934 3933//3933 3913//3913
f 3935//3935 3934//3934 3914//3914
f 3936//3936 3935//3935 3915//3915
f 3937//3937 3936//3936 3916//3916
f 3938//3938 3937//3937 3917//3917
f 3919//3919 3939//3939 3938//3938
f 3920//3920 3940//3940 3939//3939
f 3901//3901 3921//3921 3940//3940
f 3922//3922 3942//3942 3941//3941
f 3923//3923 3943//3943 3942//3942
f 3924//3924 3944//3944 3943//3943
f 3925//3925 3945//3945 3944//3944
f 3926//3926 3946//3946 3945//3945
f 3927//3927 3947//3947 3946//3946
f 3928//3928 3948//3948 3947//3947
f 3929//3929 3949//3949 3948//3948
f 3930//3930 3950//3950 3949//3949
f 3931//3931 3951//3951 3950//3950
f 3932//3932 3952//3952 3951//3951
f 3953//3953 3952//3952 3932//3932
f 3954//3954 3953//3953 3933//3933
f 3955//3955 3954//3954 3934//3934
f 3956//3956 3955//3955 3935//3935
f 3957//3957 3956//3956 3936//3936
f 3958//3958 3957//3957 3937//3937
f 3959//3959 3958//3958 3938//3938
f 3940//3940 3960//3960 3959//3959
f 3921//3921 3941//3941 3960//3960
f 3942//3942 3962//3962 3961//3961
f 3943//3943 3963//3963 3962//3962
f 3944//3944 3964//3964 3963//3963
f 3945//3945 3965//3965 3964//3964
f 3946//3946 3966//3966 3965//3965
f 3947//3947 3967//3967 3966//3966
f 3948//3948 3968//3968 3967//3967
f 3949//3949 3969//3969 3968//3968
f 3950//3950 3970//3970 3969//3969
f 3951//3951 3971//3971 3970//3970
f 3972//3972 3971//3971 3951//3951
f 3973//3973 3972//3972 3952//3952
f 3974//3974 3973//3973 3953//3953
f 3975//3975 3974//3974 3954//3954
f 3976//3976 3975//3975 3955//3955
f 3977//3977 3976//3976 3956//3956
f 3978//3978 3977//3977 3957//3957
f 3979//3979 3978//3978 3958//3958
f 3980//3980 3979//3979 3959//3959
f 3941//3941 3961//3961 3980//3980
f 3962//3962 3982//3982 3981//3981
f 3963//3963 3983//3983 3982//3982
f 3964//3964 3984//3984 3983//3983
f 3965//3965 3985//3985 3984//3984
f 3966//3966 3986//3986 3985//3985
f 3967//3967 3987//3987 3986//3986
f 3968//3968 3988//3988 3987//3987
f 3969//3969 3989//3989 3988//3988
f 3970//3970 3990//3990 3989//3989
f 3971//3971 3991//3991 3990//3990
f 3992//3992 3991//3991 3971//3971
f 3993//3993 3992//3992 3972//3972
f 3994//3994 3993//3993 3973//3973
f 3995//3995 3994//3994 3974//3974
f 3996//3996 3995//3995 3975//3975
f 3997//3997 3996//3996 3976//3976
f 3998//3998 3997//3997 3977//3977
f 3999//3999 3998//3998 3978//3978
f 4000//4000 3999//3999 3979//3979
f 3981//3981 4000//4000 3980//3980
f 3982//3982 2//2 1//1
f 3983//3983 3//3 2//2
f 3984//3984 4//4 3//3
f 3985//3985 5//5 4//4
f 3986//3986 6//6 5//5
f 3987//3987 7//7 6//6
f 3988//3988 8//8 7//7
f 3989//3989 9//9 8//8
f 3990//3990 10//10 9//9
f 3991//3991 11//11 10//10
f 12//12 11//11 3991//3991
f 13//13 12//12 3992//3992
f 14//14 13//13 3993//3993
f 15//15 14//14 3994//3994
f 16//16 15//15 3995//3995
f 17//17 16//16 3996//3996
f 18//18 17//17 3997//3997
f 19//19 18//18 3998//3998
f 20//20 19//19 3999//3999
f 1//1 20//20 4000//4000
