# Blender 4.4.1
# www.blender.org
mtllib chao.mtl
o planoTex
v -15.000000 0.000000 15.000000
v 15.000000 0.000000 15.000000
v -15.000000 0.000000 -15.000000
v 15.000000 0.000000 -15.000000
v -15.000000 0.000000 -14.032258
v -15.000000 0.000000 -13.064516
v -15.000000 0.000000 -12.096774
v -15.000000 0.000000 -11.129032
v -15.000000 0.000000 -10.161290
v -15.000000 0.000000 -9.193548
v -15.000000 0.000000 -8.225806
v -15.000000 0.000000 -7.258064
v -15.000000 0.000000 -6.290322
v -15.000000 0.000000 -5.322580
v -15.000000 0.000000 -4.354838
v -15.000000 0.000000 -3.387096
v -15.000000 0.000000 -2.419354
v -15.000000 0.000000 -1.451613
v -15.000000 0.000000 -0.483871
v -15.000000 0.000000 0.483871
v -15.000000 0.000000 1.451613
v -15.000000 0.000000 2.419355
v -15.000000 0.000000 3.387097
v -15.000000 0.000000 4.354839
v -15.000000 0.000000 5.322581
v -15.000000 0.000000 6.290323
v -15.000000 0.000000 7.258065
v -15.000000 0.000000 8.225806
v -15.000000 0.000000 9.193548
v -15.000000 0.000000 10.161290
v -15.000000 0.000000 11.129032
v -15.000000 0.000000 12.096774
v -15.000000 0.000000 13.064516
v -15.000000 0.000000 14.032258
v -14.032258 0.000000 15.000000
v -13.064516 0.000000 15.000000
v -12.096774 0.000000 15.000000
v -11.129032 0.000000 15.000000
v -10.161290 0.000000 15.000000
v -9.193548 0.000000 15.000000
v -8.225806 0.000000 15.000000
v -7.258064 0.000000 15.000000
v -6.290322 0.000000 15.000000
v -5.322580 0.000000 15.000000
v -4.354838 0.000000 15.000000
v -3.387096 0.000000 15.000000
v -2.419354 0.000000 15.000000
v -1.451613 0.000000 15.000000
v -0.483871 0.000000 15.000000
v 0.483871 0.000000 15.000000
v 1.451613 0.000000 15.000000
v 2.419355 0.000000 15.000000
v 3.387097 0.000000 15.000000
v 4.354839 0.000000 15.000000
v 5.322581 0.000000 15.000000
v 6.290323 0.000000 15.000000
v 7.258065 0.000000 15.000000
v 8.225806 0.000000 15.000000
v 9.193548 0.000000 15.000000
v 10.161290 0.000000 15.000000
v 11.129032 0.000000 15.000000
v 12.096774 0.000000 15.000000
v 13.064516 0.000000 15.000000
v 14.032258 0.000000 15.000000
v 15.000000 0.000000 14.032258
v 15.000000 0.000000 13.064516
v 15.000000 0.000000 12.096774
v 15.000000 0.000000 11.129032
v 15.000000 0.000000 10.161290
v 15.000000 0.000000 9.193548
v 15.000000 0.000000 8.225806
v 15.000000 0.000000 7.258064
v 15.000000 0.000000 6.290322
v 15.000000 0.000000 5.322580
v 15.000000 0.000000 4.354838
v 15.000000 0.000000 3.387096
v 15.000000 0.000000 2.419354
v 15.000000 0.000000 1.451613
v 15.000000 0.000000 0.483871
v 15.000000 0.000000 -0.483871
v 15.000000 0.000000 -1.451613
v 15.000000 0.000000 -2.419355
v 15.000000 0.000000 -3.387097
v 15.000000 0.000000 -4.354839
v 15.000000 0.000000 -5.322581
v 15.000000 0.000000 -6.290323
v 15.000000 0.000000 -7.258065
v 15.000000 0.000000 -8.225806
v 15.000000 0.000000 -9.193548
v 15.000000 0.000000 -10.161290
v 15.000000 0.000000 -11.129032
v 15.000000 0.000000 -12.096774
v 15.000000 0.000000 -13.064516
v 15.000000 0.000000 -14.032258
v 14.032258 0.000000 -15.000000
v 13.064516 0.000000 -15.000000
v 12.096774 0.000000 -15.000000
v 11.129032 0.000000 -15.000000
v 10.161290 0.000000 -15.000000
v 9.193548 0.000000 -15.000000
v 8.225806 0.000000 -15.000000
v 7.258064 0.000000 -15.000000
v 6.290322 0.000000 -15.000000
v 5.322580 0.000000 -15.000000
v 4.354838 0.000000 -15.000000
v 3.387096 0.000000 -15.000000
v 2.419354 0.000000 -15.000000
v 1.451613 0.000000 -15.000000
v 0.483871 0.000000 -15.000000
v -0.483871 0.000000 -15.000000
v -1.451613 0.000000 -15.000000
v -2.419355 0.000000 -15.000000
v -3.387097 0.000000 -15.000000
v -4.354839 0.000000 -15.000000
v -5.322581 0.000000 -15.000000
v -6.290323 0.000000 -15.000000
v -7.258065 0.000000 -15.000000
v -8.225806 0.000000 -15.000000
v -9.193548 0.000000 -15.000000
v -10.161290 0.000000 -15.000000
v -11.129032 0.000000 -15.000000
v -12.096774 0.000000 -15.000000
v -13.064516 0.000000 -15.000000
v -14.032258 0.000000 -15.000000
v -14.032258 0.000000 14.032258
v -14.032258 0.000000 13.064516
v -14.032258 0.000000 12.096774
v -14.032258 0.000000 11.129032
v -14.032258 0.000000 10.161290
v -14.032258 0.000000 9.193548
v -14.032258 0.000000 8.225806
v -14.032258 0.000000 7.258064
v -14.032258 0.000000 6.290322
v -14.032258 0.000000 5.322580
v -14.032258 0.000000 4.354838
v -14.032258 0.000000 3.387096
v -14.032258 0.000000 2.419354
v -14.032258 0.000000 1.451613
v -14.032258 0.000000 0.483871
v -14.032258 0.000000 -0.483871
v -14.032258 0.000000 -1.451613
v -14.032258 0.000000 -2.419355
v -14.032258 0.000000 -3.387097
v -14.032258 0.000000 -4.354839
v -14.032258 0.000000 -5.322581
v -14.032258 0.000000 -6.290323
v -14.032258 0.000000 -7.258065
v -14.032258 0.000000 -8.225806
v -14.032258 0.000000 -9.193548
v -14.032258 0.000000 -10.161290
v -14.032258 0.000000 -11.129032
v -14.032258 0.000000 -12.096774
v -14.032258 0.000000 -13.064516
v -14.032258 0.000000 -14.032258
v -13.064516 0.000000 14.032258
v -13.064516 0.000000 13.064516
v -13.064516 0.000000 12.096774
v -13.064516 0.000000 11.129032
v -13.064516 0.000000 10.161290
v -13.064516 0.000000 9.193548
v -13.064516 0.000000 8.225806
v -13.064516 0.000000 7.258064
v -13.064516 0.000000 6.290322
v -13.064516 0.000000 5.322580
v -13.064516 0.000000 4.354838
v -13.064516 0.000000 3.387096
v -13.064516 0.000000 2.419354
v -13.064516 0.000000 1.451613
v -13.064516 0.000000 0.483871
v -13.064516 0.000000 -0.483871
v -13.064516 0.000000 -1.451613
v -13.064516 0.000000 -2.419355
v -13.064516 0.000000 -3.387097
v -13.064516 0.000000 -4.354839
v -13.064516 0.000000 -5.322581
v -13.064516 0.000000 -6.290323
v -13.064516 0.000000 -7.258065
v -13.064516 0.000000 -8.225806
v -13.064516 0.000000 -9.193548
v -13.064516 0.000000 -10.161290
v -13.064516 0.000000 -11.129032
v -13.064516 0.000000 -12.096774
v -13.064516 0.000000 -13.064516
v -13.064516 0.000000 -14.032258
v -12.096774 0.000000 14.032258
v -12.096774 0.000000 13.064516
v -12.096774 0.000000 12.096774
v -12.096774 0.000000 11.129032
v -12.096774 0.000000 10.161290
v -12.096774 0.000000 9.193548
v -12.096774 0.000000 8.225806
v -12.096774 0.000000 7.258064
v -12.096774 0.000000 6.290322
v -12.096774 0.000000 5.322580
v -12.096774 0.000000 4.354838
v -12.096774 0.000000 3.387096
v -12.096774 0.000000 2.419354
v -12.096774 0.000000 1.451613
v -12.096774 0.000000 0.483871
v -12.096774 0.000000 -0.483871
v -12.096774 0.000000 -1.451613
v -12.096774 0.000000 -2.419355
v -12.096774 0.000000 -3.387097
v -12.096774 0.000000 -4.354839
v -12.096774 0.000000 -5.322581
v -12.096774 0.000000 -6.290323
v -12.096774 0.000000 -7.258065
v -12.096774 0.000000 -8.225806
v -12.096774 0.000000 -9.193548
v -12.096774 0.000000 -10.161290
v -12.096774 0.000000 -11.129032
v -12.096774 0.000000 -12.096774
v -12.096774 0.000000 -13.064516
v -12.096774 0.000000 -14.032258
v -11.129032 0.000000 14.032258
v -11.129032 0.000000 13.064516
v -11.129032 0.000000 12.096774
v -11.129032 0.000000 11.129032
v -11.129032 0.000000 10.161290
v -11.129032 0.000000 9.193548
v -11.129032 0.000000 8.225806
v -11.129032 0.000000 7.258064
v -11.129032 0.000000 6.290322
v -11.129032 0.000000 5.322580
v -11.129032 0.000000 4.354838
v -11.129032 0.000000 3.387096
v -11.129032 0.000000 2.419354
v -11.129032 0.000000 1.451613
v -11.129032 0.000000 0.483871
v -11.129032 0.000000 -0.483871
v -11.129032 0.000000 -1.451613
v -11.129032 0.000000 -2.419355
v -11.129032 0.000000 -3.387097
v -11.129032 0.000000 -4.354839
v -11.129032 0.000000 -5.322581
v -11.129032 0.000000 -6.290323
v -11.129032 0.000000 -7.258065
v -11.129032 0.000000 -8.225806
v -11.129032 0.000000 -9.193548
v -11.129032 0.000000 -10.161290
v -11.129032 0.000000 -11.129032
v -11.129032 0.000000 -12.096774
v -11.129032 0.000000 -13.064516
v -11.129032 0.000000 -14.032258
v -10.161290 0.000000 14.032258
v -10.161290 0.000000 13.064516
v -10.161290 0.000000 12.096774
v -10.161290 0.000000 11.129032
v -10.161290 0.000000 10.161290
v -10.161290 0.000000 9.193548
v -10.161290 0.000000 8.225806
v -10.161290 0.000000 7.258064
v -10.161290 0.000000 6.290322
v -10.161290 0.000000 5.322580
v -10.161290 0.000000 4.354838
v -10.161290 0.000000 3.387096
v -10.161290 0.000000 2.419354
v -10.161290 0.000000 1.451613
v -10.161290 0.000000 0.483871
v -10.161290 0.000000 -0.483871
v -10.161290 0.000000 -1.451613
v -10.161290 0.000000 -2.419355
v -10.161290 0.000000 -3.387097
v -10.161290 0.000000 -4.354839
v -10.161290 0.000000 -5.322581
v -10.161290 0.000000 -6.290323
v -10.161290 0.000000 -7.258065
v -10.161290 0.000000 -8.225806
v -10.161290 0.000000 -9.193548
v -10.161290 0.000000 -10.161290
v -10.161290 0.000000 -11.129032
v -10.161290 0.000000 -12.096774
v -10.161290 0.000000 -13.064516
v -10.161290 0.000000 -14.032258
v -9.193548 0.000000 14.032258
v -9.193548 0.000000 13.064516
v -9.193548 0.000000 12.096774
v -9.193548 0.000000 11.129032
v -9.193548 0.000000 10.161290
v -9.193548 0.000000 9.193548
v -9.193548 0.000000 8.225806
v -9.193548 0.000000 7.258064
v -9.193548 0.000000 6.290322
v -9.193548 0.000000 5.322580
v -9.193548 0.000000 4.354838
v -9.193548 0.000000 3.387096
v -9.193548 0.000000 2.419354
v -9.193548 0.000000 1.451613
v -9.193548 0.000000 0.483871
v -9.193548 0.000000 -0.483871
v -9.193548 0.000000 -1.451613
v -9.193548 0.000000 -2.419355
v -9.193548 0.000000 -3.387097
v -9.193548 0.000000 -4.354839
v -9.193548 0.000000 -5.322581
v -9.193548 0.000000 -6.290323
v -9.193548 0.000000 -7.258065
v -9.193548 0.000000 -8.225806
v -9.193548 0.000000 -9.193548
v -9.193548 0.000000 -10.161290
v -9.193548 0.000000 -11.129032
v -9.193548 0.000000 -12.096774
v -9.193548 0.000000 -13.064516
v -9.193548 0.000000 -14.032258
v -8.225806 0.000000 14.032258
v -8.225806 0.000000 13.064516
v -8.225806 0.000000 12.096774
v -8.225806 0.000000 11.129032
v -8.225806 0.000000 10.161290
v -8.225806 0.000000 9.193548
v -8.225806 0.000000 8.225806
v -8.225806 0.000000 7.258064
v -8.225806 0.000000 6.290322
v -8.225806 0.000000 5.322580
v -8.225806 0.000000 4.354838
v -8.225806 0.000000 3.387096
v -8.225806 0.000000 2.419354
v -8.225806 0.000000 1.451613
v -8.225806 0.000000 0.483871
v -8.225806 0.000000 -0.483871
v -8.225806 0.000000 -1.451613
v -8.225806 0.000000 -2.419355
v -8.225806 0.000000 -3.387097
v -8.225806 0.000000 -4.354839
v -8.225806 0.000000 -5.322581
v -8.225806 0.000000 -6.290323
v -8.225806 0.000000 -7.258065
v -8.225806 0.000000 -8.225806
v -8.225806 0.000000 -9.193548
v -8.225806 0.000000 -10.161290
v -8.225806 0.000000 -11.129032
v -8.225806 0.000000 -12.096774
v -8.225806 0.000000 -13.064516
v -8.225806 0.000000 -14.032258
v -7.258064 0.000000 14.032258
v -7.258064 0.000000 13.064516
v -7.258064 0.000000 12.096774
v -7.258064 0.000000 11.129032
v -7.258064 0.000000 10.161290
v -7.258064 0.000000 9.193548
v -7.258064 0.000000 8.225806
v -7.258064 0.000000 7.258064
v -7.258064 0.000000 6.290322
v -7.258064 0.000000 5.322580
v -7.258064 0.000000 4.354838
v -7.258064 0.000000 3.387096
v -7.258064 0.000000 2.419354
v -7.258064 0.000000 1.451613
v -7.258064 0.000000 0.483871
v -7.258064 0.000000 -0.483871
v -7.258064 0.000000 -1.451613
v -7.258064 0.000000 -2.419355
v -7.258064 0.000000 -3.387097
v -7.258064 0.000000 -4.354839
v -7.258064 0.000000 -5.322581
v -7.258064 0.000000 -6.290323
v -7.258064 0.000000 -7.258065
v -7.258064 0.000000 -8.225806
v -7.258064 0.000000 -9.193548
v -7.258064 0.000000 -10.161290
v -7.258064 0.000000 -11.129032
v -7.258064 0.000000 -12.096774
v -7.258064 0.000000 -13.064516
v -7.258064 0.000000 -14.032258
v -6.290322 0.000000 14.032258
v -6.290322 0.000000 13.064516
v -6.290322 0.000000 12.096774
v -6.290322 0.000000 11.129032
v -6.290322 0.000000 10.161290
v -6.290322 0.000000 9.193548
v -6.290322 0.000000 8.225806
v -6.290322 0.000000 7.258064
v -6.290322 0.000000 6.290322
v -6.290322 0.000000 5.322580
v -6.290322 0.000000 4.354838
v -6.290322 0.000000 3.387096
v -6.290322 0.000000 2.419354
v -6.290322 0.000000 1.451613
v -6.290322 0.000000 0.483871
v -6.290322 0.000000 -0.483871
v -6.290322 0.000000 -1.451613
v -6.290322 0.000000 -2.419355
v -6.290322 0.000000 -3.387097
v -6.290322 0.000000 -4.354839
v -6.290322 0.000000 -5.322581
v -6.290322 0.000000 -6.290323
v -6.290322 0.000000 -7.258065
v -6.290322 0.000000 -8.225806
v -6.290322 0.000000 -9.193548
v -6.290322 0.000000 -10.161290
v -6.290322 0.000000 -11.129032
v -6.290322 0.000000 -12.096774
v -6.290322 0.000000 -13.064516
v -6.290322 0.000000 -14.032258
v -5.322580 0.000000 14.032258
v -5.322580 0.000000 13.064516
v -5.322580 0.000000 12.096774
v -5.322580 0.000000 11.129032
v -5.322580 0.000000 10.161290
v -5.322580 0.000000 9.193548
v -5.322580 0.000000 8.225806
v -5.322580 0.000000 7.258064
v -5.322580 0.000000 6.290322
v -5.322580 0.000000 5.322580
v -5.322580 0.000000 4.354838
v -5.322580 0.000000 3.387096
v -5.322580 0.000000 2.419354
v -5.322580 0.000000 1.451613
v -5.322580 0.000000 0.483871
v -5.322580 0.000000 -0.483871
v -5.322580 0.000000 -1.451613
v -5.322580 0.000000 -2.419355
v -5.322580 0.000000 -3.387097
v -5.322580 0.000000 -4.354839
v -5.322580 0.000000 -5.322581
v -5.322580 0.000000 -6.290323
v -5.322580 0.000000 -7.258065
v -5.322580 0.000000 -8.225806
v -5.322580 0.000000 -9.193548
v -5.322580 0.000000 -10.161290
v -5.322580 0.000000 -11.129032
v -5.322580 0.000000 -12.096774
v -5.322580 0.000000 -13.064516
v -5.322580 0.000000 -14.032258
v -4.354838 0.000000 14.032258
v -4.354838 0.000000 13.064516
v -4.354838 0.000000 12.096774
v -4.354838 0.000000 11.129032
v -4.354838 0.000000 10.161290
v -4.354838 0.000000 9.193548
v -4.354838 0.000000 8.225806
v -4.354838 0.000000 7.258064
v -4.354838 0.000000 6.290322
v -4.354838 0.000000 5.322580
v -4.354838 0.000000 4.354838
v -4.354838 0.000000 3.387096
v -4.354838 0.000000 2.419354
v -4.354838 0.000000 1.451613
v -4.354838 0.000000 0.483871
v -4.354838 0.000000 -0.483871
v -4.354838 0.000000 -1.451613
v -4.354838 0.000000 -2.419355
v -4.354838 0.000000 -3.387097
v -4.354838 0.000000 -4.354839
v -4.354838 0.000000 -5.322581
v -4.354838 0.000000 -6.290323
v -4.354838 0.000000 -7.258065
v -4.354838 0.000000 -8.225806
v -4.354838 0.000000 -9.193548
v -4.354838 0.000000 -10.161290
v -4.354838 0.000000 -11.129032
v -4.354838 0.000000 -12.096774
v -4.354838 0.000000 -13.064516
v -4.354838 0.000000 -14.032258
v -3.387096 0.000000 14.032258
v -3.387096 0.000000 13.064516
v -3.387096 0.000000 12.096774
v -3.387096 0.000000 11.129032
v -3.387096 0.000000 10.161290
v -3.387096 0.000000 9.193548
v -3.387096 0.000000 8.225806
v -3.387096 0.000000 7.258064
v -3.387096 0.000000 6.290322
v -3.387096 0.000000 5.322580
v -3.387096 0.000000 4.354838
v -3.387096 0.000000 3.387096
v -3.387096 0.000000 2.419354
v -3.387096 0.000000 1.451613
v -3.387096 0.000000 0.483871
v -3.387096 0.000000 -0.483871
v -3.387096 0.000000 -1.451613
v -3.387096 0.000000 -2.419355
v -3.387096 0.000000 -3.387097
v -3.387096 0.000000 -4.354839
v -3.387096 0.000000 -5.322581
v -3.387096 0.000000 -6.290323
v -3.387096 0.000000 -7.258065
v -3.387096 0.000000 -8.225806
v -3.387096 0.000000 -9.193548
v -3.387096 0.000000 -10.161290
v -3.387097 0.000000 -11.129032
v -3.387097 0.000000 -12.096774
v -3.387097 0.000000 -13.064516
v -3.387097 0.000000 -14.032258
v -2.419354 0.000000 14.032258
v -2.419354 0.000000 13.064516
v -2.419354 0.000000 12.096774
v -2.419354 0.000000 11.129032
v -2.419354 0.000000 10.161290
v -2.419354 0.000000 9.193548
v -2.419354 0.000000 8.225806
v -2.419354 0.000000 7.258064
v -2.419354 0.000000 6.290322
v -2.419354 0.000000 5.322580
v -2.419354 0.000000 4.354838
v -2.419354 0.000000 3.387096
v -2.419354 0.000000 2.419354
v -2.419354 0.000000 1.451613
v -2.419354 0.000000 0.483871
v -2.419354 0.000000 -0.483871
v -2.419354 0.000000 -1.451613
v -2.419354 0.000000 -2.419355
v -2.419354 0.000000 -3.387097
v -2.419354 0.000000 -4.354839
v -2.419354 0.000000 -5.322581
v -2.419354 0.000000 -6.290323
v -2.419354 0.000000 -7.258065
v -2.419354 0.000000 -8.225806
v -2.419354 0.000000 -9.193548
v -2.419354 0.000000 -10.161290
v -2.419355 0.000000 -11.129032
v -2.419355 0.000000 -12.096774
v -2.419355 0.000000 -13.064516
v -2.419355 0.000000 -14.032258
v -1.451613 0.000000 14.032258
v -1.451613 0.000000 13.064516
v -1.451613 0.000000 12.096774
v -1.451613 0.000000 11.129032
v -1.451613 0.000000 10.161290
v -1.451613 0.000000 9.193548
v -1.451613 0.000000 8.225806
v -1.451613 0.000000 7.258064
v -1.451613 0.000000 6.290322
v -1.451613 0.000000 5.322580
v -1.451613 0.000000 4.354838
v -1.451613 0.000000 3.387096
v -1.451613 0.000000 2.419354
v -1.451613 0.000000 1.451613
v -1.451613 0.000000 0.483871
v -1.451613 0.000000 -0.483871
v -1.451613 0.000000 -1.451613
v -1.451613 0.000000 -2.419355
v -1.451613 0.000000 -3.387097
v -1.451613 0.000000 -4.354839
v -1.451613 0.000000 -5.322581
v -1.451613 0.000000 -6.290323
v -1.451613 0.000000 -7.258065
v -1.451613 0.000000 -8.225806
v -1.451613 0.000000 -9.193548
v -1.451613 0.000000 -10.161290
v -1.451613 0.000000 -11.129032
v -1.451613 0.000000 -12.096774
v -1.451613 0.000000 -13.064516
v -1.451613 0.000000 -14.032258
v -0.483871 0.000000 14.032258
v -0.483871 0.000000 13.064516
v -0.483871 0.000000 12.096774
v -0.483871 0.000000 11.129032
v -0.483871 0.000000 10.161290
v -0.483871 0.000000 9.193548
v -0.483871 0.000000 8.225806
v -0.483871 0.000000 7.258064
v -0.483871 0.000000 6.290322
v -0.483871 0.000000 5.322580
v -0.483871 0.000000 4.354838
v -0.483871 0.000000 3.387096
v -0.483871 0.000000 2.419354
v -0.483871 0.000000 1.451613
v -0.483871 0.000000 0.483871
v -0.483871 0.000000 -0.483871
v -0.483871 0.000000 -1.451613
v -0.483871 0.000000 -2.419355
v -0.483871 0.000000 -3.387097
v -0.483871 0.000000 -4.354839
v -0.483871 0.000000 -5.322581
v -0.483871 0.000000 -6.290323
v -0.483871 0.000000 -7.258065
v -0.483871 0.000000 -8.225806
v -0.483871 0.000000 -9.193548
v -0.483871 0.000000 -10.161290
v -0.483871 0.000000 -11.129032
v -0.483871 0.000000 -12.096774
v -0.483871 0.000000 -13.064516
v -0.483871 0.000000 -14.032258
v 0.483871 0.000000 14.032258
v 0.483871 0.000000 13.064516
v 0.483871 0.000000 12.096774
v 0.483871 0.000000 11.129032
v 0.483871 0.000000 10.161290
v 0.483871 0.000000 9.193548
v 0.483871 0.000000 8.225806
v 0.483871 0.000000 7.258064
v 0.483871 0.000000 6.290322
v 0.483871 0.000000 5.322580
v 0.483871 0.000000 4.354838
v 0.483871 0.000000 3.387096
v 0.483871 0.000000 2.419354
v 0.483871 0.000000 1.451613
v 0.483871 0.000000 0.483871
v 0.483871 0.000000 -0.483871
v 0.483871 0.000000 -1.451613
v 0.483871 0.000000 -2.419355
v 0.483871 0.000000 -3.387097
v 0.483871 0.000000 -4.354839
v 0.483871 0.000000 -5.322581
v 0.483871 0.000000 -6.290323
v 0.483871 0.000000 -7.258065
v 0.483871 0.000000 -8.225806
v 0.483871 0.000000 -9.193548
v 0.483871 0.000000 -10.161290
v 0.483871 0.000000 -11.129032
v 0.483871 0.000000 -12.096774
v 0.483871 0.000000 -13.064516
v 0.483871 0.000000 -14.032258
v 1.451613 0.000000 14.032258
v 1.451613 0.000000 13.064516
v 1.451613 0.000000 12.096774
v 1.451613 0.000000 11.129032
v 1.451613 0.000000 10.161290
v 1.451613 0.000000 9.193548
v 1.451613 0.000000 8.225806
v 1.451613 0.000000 7.258064
v 1.451613 0.000000 6.290322
v 1.451613 0.000000 5.322580
v 1.451613 0.000000 4.354838
v 1.451613 0.000000 3.387096
v 1.451613 0.000000 2.419354
v 1.451613 0.000000 1.451613
v 1.451613 0.000000 0.483871
v 1.451613 0.000000 -0.483871
v 1.451613 0.000000 -1.451613
v 1.451613 0.000000 -2.419355
v 1.451613 0.000000 -3.387097
v 1.451613 0.000000 -4.354839
v 1.451613 0.000000 -5.322581
v 1.451613 0.000000 -6.290323
v 1.451613 0.000000 -7.258065
v 1.451613 0.000000 -8.225806
v 1.451613 0.000000 -9.193548
v 1.451613 0.000000 -10.161290
v 1.451613 0.000000 -11.129032
v 1.451613 0.000000 -12.096774
v 1.451613 0.000000 -13.064516
v 1.451613 0.000000 -14.032258
v 2.419355 0.000000 14.032258
v 2.419355 0.000000 13.064516
v 2.419355 0.000000 12.096774
v 2.419355 0.000000 11.129032
v 2.419355 0.000000 10.161290
v 2.419355 0.000000 9.193548
v 2.419355 0.000000 8.225806
v 2.419355 0.000000 7.258064
v 2.419355 0.000000 6.290322
v 2.419355 0.000000 5.322580
v 2.419355 0.000000 4.354838
v 2.419355 0.000000 3.387096
v 2.419355 0.000000 2.419354
v 2.419355 0.000000 1.451613
v 2.419355 0.000000 0.483871
v 2.419355 0.000000 -0.483871
v 2.419355 0.000000 -1.451613
v 2.419355 0.000000 -2.419355
v 2.419355 0.000000 -3.387097
v 2.419355 0.000000 -4.354839
v 2.419355 0.000000 -5.322581
v 2.419355 0.000000 -6.290323
v 2.419355 0.000000 -7.258065
v 2.419355 0.000000 -8.225806
v 2.419355 0.000000 -9.193548
v 2.419355 0.000000 -10.161290
v 2.419355 0.000000 -11.129032
v 2.419355 0.000000 -12.096774
v 2.419355 0.000000 -13.064516
v 2.419354 0.000000 -14.032258
v 3.387097 0.000000 14.032258
v 3.387097 0.000000 13.064516
v 3.387097 0.000000 12.096774
v 3.387097 0.000000 11.129032
v 3.387097 0.000000 10.161290
v 3.387097 0.000000 9.193548
v 3.387097 0.000000 8.225806
v 3.387097 0.000000 7.258064
v 3.387097 0.000000 6.290322
v 3.387097 0.000000 5.322580
v 3.387097 0.000000 4.354838
v 3.387097 0.000000 3.387096
v 3.387097 0.000000 2.419354
v 3.387097 0.000000 1.451613
v 3.387097 0.000000 0.483871
v 3.387097 0.000000 -0.483871
v 3.387097 0.000000 -1.451613
v 3.387097 0.000000 -2.419355
v 3.387097 0.000000 -3.387097
v 3.387097 0.000000 -4.354839
v 3.387097 0.000000 -5.322581
v 3.387097 0.000000 -6.290323
v 3.387097 0.000000 -7.258065
v 3.387097 0.000000 -8.225806
v 3.387097 0.000000 -9.193548
v 3.387097 0.000000 -10.161290
v 3.387097 0.000000 -11.129032
v 3.387097 0.000000 -12.096774
v 3.387097 0.000000 -13.064516
v 3.387096 0.000000 -14.032258
v 4.354839 0.000000 14.032258
v 4.354839 0.000000 13.064516
v 4.354839 0.000000 12.096774
v 4.354839 0.000000 11.129032
v 4.354839 0.000000 10.161290
v 4.354839 0.000000 9.193548
v 4.354839 0.000000 8.225806
v 4.354839 0.000000 7.258064
v 4.354839 0.000000 6.290322
v 4.354839 0.000000 5.322580
v 4.354839 0.000000 4.354838
v 4.354839 0.000000 3.387096
v 4.354839 0.000000 2.419354
v 4.354839 0.000000 1.451613
v 4.354839 0.000000 0.483871
v 4.354839 0.000000 -0.483871
v 4.354839 0.000000 -1.451613
v 4.354839 0.000000 -2.419355
v 4.354839 0.000000 -3.387097
v 4.354839 0.000000 -4.354839
v 4.354839 0.000000 -5.322581
v 4.354839 0.000000 -6.290323
v 4.354839 0.000000 -7.258065
v 4.354839 0.000000 -8.225806
v 4.354839 0.000000 -9.193548
v 4.354839 0.000000 -10.161290
v 4.354839 0.000000 -11.129032
v 4.354839 0.000000 -12.096774
v 4.354839 0.000000 -13.064516
v 4.354838 0.000000 -14.032258
v 5.322581 0.000000 14.032258
v 5.322581 0.000000 13.064516
v 5.322581 0.000000 12.096774
v 5.322581 0.000000 11.129032
v 5.322581 0.000000 10.161290
v 5.322581 0.000000 9.193548
v 5.322581 0.000000 8.225806
v 5.322581 0.000000 7.258064
v 5.322581 0.000000 6.290322
v 5.322581 0.000000 5.322580
v 5.322581 0.000000 4.354838
v 5.322581 0.000000 3.387096
v 5.322581 0.000000 2.419354
v 5.322581 0.000000 1.451613
v 5.322581 0.000000 0.483871
v 5.322581 0.000000 -0.483871
v 5.322581 0.000000 -1.451613
v 5.322581 0.000000 -2.419355
v 5.322581 0.000000 -3.387097
v 5.322581 0.000000 -4.354839
v 5.322581 0.000000 -5.322581
v 5.322581 0.000000 -6.290323
v 5.322581 0.000000 -7.258065
v 5.322581 0.000000 -8.225806
v 5.322581 0.000000 -9.193548
v 5.322581 0.000000 -10.161290
v 5.322581 0.000000 -11.129032
v 5.322581 0.000000 -12.096774
v 5.322581 0.000000 -13.064516
v 5.322580 0.000000 -14.032258
v 6.290323 0.000000 14.032258
v 6.290323 0.000000 13.064516
v 6.290323 0.000000 12.096774
v 6.290323 0.000000 11.129032
v 6.290323 0.000000 10.161290
v 6.290323 0.000000 9.193548
v 6.290323 0.000000 8.225806
v 6.290323 0.000000 7.258064
v 6.290323 0.000000 6.290322
v 6.290323 0.000000 5.322580
v 6.290323 0.000000 4.354838
v 6.290323 0.000000 3.387096
v 6.290323 0.000000 2.419354
v 6.290323 0.000000 1.451613
v 6.290323 0.000000 0.483871
v 6.290323 0.000000 -0.483871
v 6.290323 0.000000 -1.451613
v 6.290323 0.000000 -2.419355
v 6.290323 0.000000 -3.387097
v 6.290323 0.000000 -4.354839
v 6.290323 0.000000 -5.322581
v 6.290323 0.000000 -6.290323
v 6.290323 0.000000 -7.258065
v 6.290323 0.000000 -8.225806
v 6.290323 0.000000 -9.193548
v 6.290323 0.000000 -10.161290
v 6.290323 0.000000 -11.129032
v 6.290323 0.000000 -12.096774
v 6.290323 0.000000 -13.064516
v 6.290322 0.000000 -14.032258
v 7.258065 0.000000 14.032258
v 7.258065 0.000000 13.064516
v 7.258065 0.000000 12.096774
v 7.258065 0.000000 11.129032
v 7.258065 0.000000 10.161290
v 7.258065 0.000000 9.193548
v 7.258065 0.000000 8.225806
v 7.258065 0.000000 7.258064
v 7.258065 0.000000 6.290322
v 7.258065 0.000000 5.322580
v 7.258065 0.000000 4.354838
v 7.258065 0.000000 3.387096
v 7.258065 0.000000 2.419354
v 7.258065 0.000000 1.451613
v 7.258065 0.000000 0.483871
v 7.258065 0.000000 -0.483871
v 7.258065 0.000000 -1.451613
v 7.258065 0.000000 -2.419355
v 7.258065 0.000000 -3.387097
v 7.258065 0.000000 -4.354839
v 7.258065 0.000000 -5.322581
v 7.258065 0.000000 -6.290323
v 7.258065 0.000000 -7.258065
v 7.258065 0.000000 -8.225806
v 7.258065 0.000000 -9.193548
v 7.258065 0.000000 -10.161290
v 7.258065 0.000000 -11.129032
v 7.258065 0.000000 -12.096774
v 7.258065 0.000000 -13.064516
v 7.258064 0.000000 -14.032258
v 8.225806 0.000000 14.032258
v 8.225806 0.000000 13.064516
v 8.225806 0.000000 12.096774
v 8.225806 0.000000 11.129032
v 8.225806 0.000000 10.161290
v 8.225806 0.000000 9.193548
v 8.225806 0.000000 8.225806
v 8.225806 0.000000 7.258064
v 8.225806 0.000000 6.290322
v 8.225806 0.000000 5.322580
v 8.225806 0.000000 4.354838
v 8.225806 0.000000 3.387096
v 8.225806 0.000000 2.419354
v 8.225806 0.000000 1.451613
v 8.225806 0.000000 0.483871
v 8.225806 0.000000 -0.483871
v 8.225806 0.000000 -1.451613
v 8.225806 0.000000 -2.419355
v 8.225806 0.000000 -3.387097
v 8.225806 0.000000 -4.354839
v 8.225806 0.000000 -5.322581
v 8.225806 0.000000 -6.290323
v 8.225806 0.000000 -7.258065
v 8.225806 0.000000 -8.225806
v 8.225806 0.000000 -9.193548
v 8.225806 0.000000 -10.161290
v 8.225806 0.000000 -11.129032
v 8.225806 0.000000 -12.096774
v 8.225806 0.000000 -13.064516
v 8.225806 0.000000 -14.032258
v 9.193548 0.000000 14.032258
v 9.193548 0.000000 13.064516
v 9.193548 0.000000 12.096774
v 9.193548 0.000000 11.129032
v 9.193548 0.000000 10.161290
v 9.193548 0.000000 9.193548
v 9.193548 0.000000 8.225806
v 9.193548 0.000000 7.258064
v 9.193548 0.000000 6.290322
v 9.193548 0.000000 5.322580
v 9.193548 0.000000 4.354838
v 9.193548 0.000000 3.387096
v 9.193548 0.000000 2.419354
v 9.193548 0.000000 1.451613
v 9.193548 0.000000 0.483871
v 9.193548 0.000000 -0.483871
v 9.193548 0.000000 -1.451613
v 9.193548 0.000000 -2.419355
v 9.193548 0.000000 -3.387097
v 9.193548 0.000000 -4.354839
v 9.193548 0.000000 -5.322581
v 9.193548 0.000000 -6.290323
v 9.193548 0.000000 -7.258065
v 9.193548 0.000000 -8.225806
v 9.193548 0.000000 -9.193548
v 9.193548 0.000000 -10.161290
v 9.193548 0.000000 -11.129032
v 9.193548 0.000000 -12.096774
v 9.193548 0.000000 -13.064516
v 9.193548 0.000000 -14.032258
v 10.161290 0.000000 14.032258
v 10.161290 0.000000 13.064516
v 10.161290 0.000000 12.096774
v 10.161290 0.000000 11.129032
v 10.161290 0.000000 10.161290
v 10.161290 0.000000 9.193548
v 10.161290 0.000000 8.225806
v 10.161290 0.000000 7.258064
v 10.161290 0.000000 6.290322
v 10.161290 0.000000 5.322580
v 10.161290 0.000000 4.354838
v 10.161290 0.000000 3.387096
v 10.161290 0.000000 2.419354
v 10.161290 0.000000 1.451613
v 10.161290 0.000000 0.483871
v 10.161290 0.000000 -0.483871
v 10.161290 0.000000 -1.451613
v 10.161290 0.000000 -2.419355
v 10.161290 0.000000 -3.387097
v 10.161290 0.000000 -4.354839
v 10.161290 0.000000 -5.322581
v 10.161290 0.000000 -6.290323
v 10.161290 0.000000 -7.258065
v 10.161290 0.000000 -8.225806
v 10.161290 0.000000 -9.193548
v 10.161290 0.000000 -10.161290
v 10.161290 0.000000 -11.129032
v 10.161290 0.000000 -12.096774
v 10.161290 0.000000 -13.064516
v 10.161290 0.000000 -14.032258
v 11.129032 0.000000 14.032258
v 11.129032 0.000000 13.064516
v 11.129032 0.000000 12.096774
v 11.129032 0.000000 11.129032
v 11.129032 0.000000 10.161290
v 11.129032 0.000000 9.193548
v 11.129032 0.000000 8.225806
v 11.129032 0.000000 7.258064
v 11.129032 0.000000 6.290322
v 11.129032 0.000000 5.322580
v 11.129032 0.000000 4.354838
v 11.129032 0.000000 3.387096
v 11.129032 0.000000 2.419354
v 11.129032 0.000000 1.451613
v 11.129032 0.000000 0.483871
v 11.129032 0.000000 -0.483871
v 11.129032 0.000000 -1.451613
v 11.129032 0.000000 -2.419355
v 11.129032 0.000000 -3.387097
v 11.129032 0.000000 -4.354839
v 11.129032 0.000000 -5.322581
v 11.129032 0.000000 -6.290323
v 11.129032 0.000000 -7.258065
v 11.129032 0.000000 -8.225806
v 11.129032 0.000000 -9.193548
v 11.129032 0.000000 -10.161290
v 11.129032 0.000000 -11.129032
v 11.129032 0.000000 -12.096774
v 11.129032 0.000000 -13.064516
v 11.129032 0.000000 -14.032258
v 12.096774 0.000000 14.032258
v 12.096774 0.000000 13.064516
v 12.096774 0.000000 12.096774
v 12.096774 0.000000 11.129032
v 12.096774 0.000000 10.161290
v 12.096774 0.000000 9.193548
v 12.096774 0.000000 8.225806
v 12.096774 0.000000 7.258064
v 12.096774 0.000000 6.290322
v 12.096774 0.000000 5.322580
v 12.096774 0.000000 4.354838
v 12.096774 0.000000 3.387096
v 12.096774 0.000000 2.419354
v 12.096774 0.000000 1.451613
v 12.096774 0.000000 0.483871
v 12.096774 0.000000 -0.483871
v 12.096774 0.000000 -1.451613
v 12.096774 0.000000 -2.419355
v 12.096774 0.000000 -3.387097
v 12.096774 0.000000 -4.354839
v 12.096774 0.000000 -5.322581
v 12.096774 0.000000 -6.290323
v 12.096774 0.000000 -7.258065
v 12.096774 0.000000 -8.225806
v 12.096774 0.000000 -9.193548
v 12.096774 0.000000 -10.161290
v 12.096774 0.000000 -11.129032
v 12.096774 0.000000 -12.096774
v 12.096774 0.000000 -13.064516
v 12.096774 0.000000 -14.032258
v 13.064516 0.000000 14.032258
v 13.064516 0.000000 13.064516
v 13.064516 0.000000 12.096774
v 13.064516 0.000000 11.129032
v 13.064516 0.000000 10.161290
v 13.064516 0.000000 9.193548
v 13.064516 0.000000 8.225806
v 13.064516 0.000000 7.258064
v 13.064516 0.000000 6.290322
v 13.064516 0.000000 5.322580
v 13.064516 0.000000 4.354838
v 13.064516 0.000000 3.387096
v 13.064516 0.000000 2.419354
v 13.064516 0.000000 1.451613
v 13.064516 0.000000 0.483871
v 13.064516 0.000000 -0.483871
v 13.064516 0.000000 -1.451613
v 13.064516 0.000000 -2.419355
v 13.064516 0.000000 -3.387097
v 13.064516 0.000000 -4.354839
v 13.064516 0.000000 -5.322581
v 13.064516 0.000000 -6.290323
v 13.064516 0.000000 -7.258065
v 13.064516 0.000000 -8.225806
v 13.064516 0.000000 -9.193548
v 13.064516 0.000000 -10.161290
v 13.064516 0.000000 -11.129032
v 13.064516 0.000000 -12.096774
v 13.064516 0.000000 -13.064516
v 13.064516 0.000000 -14.032258
v 14.032258 0.000000 14.032258
v 14.032258 0.000000 13.064516
v 14.032258 0.000000 12.096774
v 14.032258 0.000000 11.129032
v 14.032258 0.000000 10.161290
v 14.032258 0.000000 9.193548
v 14.032258 0.000000 8.225806
v 14.032258 0.000000 7.258064
v 14.032258 0.000000 6.290322
v 14.032258 0.000000 5.322580
v 14.032258 0.000000 4.354838
v 14.032258 0.000000 3.387096
v 14.032258 0.000000 2.419354
v 14.032258 0.000000 1.451613
v 14.032258 0.000000 0.483871
v 14.032258 0.000000 -0.483871
v 14.032258 0.000000 -1.451613
v 14.032258 0.000000 -2.419355
v 14.032258 0.000000 -3.387097
v 14.032258 0.000000 -4.354839
v 14.032258 0.000000 -5.322581
v 14.032258 0.000000 -6.290323
v 14.032258 0.000000 -7.258065
v 14.032258 0.000000 -8.225806
v 14.032258 0.000000 -9.193548
v 14.032258 0.000000 -10.161290
v 14.032258 0.000000 -11.129032
v 14.032258 0.000000 -12.096774
v 14.032258 0.000000 -13.064516
v 14.032258 0.000000 -14.032258
vn -0.0000 1.0000 -0.0000
vt 3.000000 2.820439
vt 2.838710 2.980469
vt 2.838710 2.820439
vt -1.838710 2.820439
vt -2.000000 2.980469
vt -2.000000 2.820439
vt -1.677419 2.820439
vt -1.838710 2.980469
vt -1.516129 2.820439
vt -1.677419 2.980469
vt -1.354839 2.820439
vt -1.516129 2.980469
vt -1.193548 2.820439
vt -1.354839 2.980469
vt -1.032258 2.820439
vt -1.193548 2.980469
vt -0.870968 2.820439
vt -1.032258 2.980469
vt -0.709677 2.980469
vt -0.870968 2.980469
vt -0.709677 2.820439
vt -0.548387 2.980469
vt -0.548387 2.820439
vt -0.387097 2.980469
vt -0.387097 2.820439
vt -0.225807 2.980469
vt -0.064516 2.820439
vt -0.225806 2.820439
vt 0.096774 2.820439
vt -0.064516 2.980469
vt 0.258064 2.980469
vt 0.096774 2.980469
vt 0.419355 2.820439
vt 0.258064 2.820439
vt 0.580645 2.820439
vt 0.419355 2.980469
vt 0.741936 2.820439
vt 0.580645 2.980469
vt 0.903226 2.820439
vt 0.741936 2.980469
vt 1.064516 2.820439
vt 0.903226 2.980469
vt 1.225806 2.820439
vt 1.064516 2.980469
vt 1.387097 2.820439
vt 1.225806 2.980469
vt 1.548387 2.820439
vt 1.387097 2.980469
vt 1.709677 2.820439
vt 1.548387 2.980469
vt 1.870968 2.820439
vt 1.709677 2.980469
vt 2.032258 2.820439
vt 1.870968 2.980469
vt 2.193549 2.820439
vt 2.032258 2.980469
vt 2.354839 2.820439
vt 2.193549 2.980469
vt 2.516129 2.820439
vt 2.354839 2.980469
vt 2.677419 2.820439
vt 2.516129 2.980469
vt 2.677419 2.980469
vt -1.838710 -1.980469
vt -2.000000 -1.820438
vt -2.000000 -1.980469
vt -1.838710 -1.820438
vt -2.000000 -1.660408
vt -1.838710 -1.660408
vt -2.000000 -1.500378
vt -1.838710 -1.500378
vt -2.000000 -1.340348
vt -1.838710 -1.340348
vt -2.000000 -1.180318
vt -1.838710 -1.180318
vt -2.000000 -1.020287
vt -1.838710 -1.020287
vt -2.000000 -0.860257
vt -1.838710 -0.860257
vt -2.000000 -0.700227
vt -1.838710 -0.700227
vt -2.000000 -0.540197
vt -1.838710 -0.540197
vt -2.000000 -0.380166
vt -1.838710 -0.380166
vt -2.000000 -0.220136
vt -1.838710 -0.220136
vt -2.000000 -0.060106
vt -1.838710 -0.060106
vt -2.000000 0.099924
vt -1.838710 0.099924
vt -2.000000 0.259955
vt -1.838710 0.259955
vt -2.000000 0.419985
vt -1.838710 0.419985
vt -2.000000 0.580015
vt -1.838710 0.580015
vt -2.000000 0.740045
vt -1.838710 0.740045
vt -2.000000 0.900075
vt -1.838710 0.900075
vt -2.000000 1.060106
vt -1.838710 1.060106
vt -2.000000 1.220136
vt -1.838710 1.220136
vt -2.000000 1.380166
vt -1.838710 1.380166
vt -2.000000 1.540197
vt -1.838710 1.540197
vt -2.000000 1.700227
vt -1.838710 1.700227
vt -2.000000 1.860257
vt -1.838710 1.860257
vt -2.000000 2.020287
vt -1.838710 2.020287
vt -2.000000 2.180318
vt -1.838710 2.180318
vt -2.000000 2.340348
vt -1.838710 2.340348
vt -2.000000 2.500378
vt -1.838710 2.500378
vt -2.000000 2.660408
vt -1.838710 2.660408
vt -1.677419 -1.980469
vt -1.677419 -1.820438
vt -1.677419 -1.660408
vt -1.677419 -1.500378
vt -1.677419 -1.340348
vt -1.677419 -1.180318
vt -1.677419 -1.020287
vt -1.677419 -0.860257
vt -1.677419 -0.700227
vt -1.677419 -0.540197
vt -1.677419 -0.380166
vt -1.677419 -0.220136
vt -1.677419 -0.060106
vt -1.677419 0.099924
vt -1.677419 0.259955
vt -1.677419 0.419985
vt -1.677419 0.580015
vt -1.677419 0.740045
vt -1.677419 0.900075
vt -1.677419 1.060106
vt -1.677419 1.220136
vt -1.677419 1.380166
vt -1.677419 1.540197
vt -1.677419 1.700227
vt -1.677419 1.860257
vt -1.677419 2.020287
vt -1.677419 2.180318
vt -1.677419 2.340348
vt -1.677419 2.500378
vt -1.677419 2.660408
vt -1.516129 -1.980469
vt -1.516129 -1.820438
vt -1.516129 -1.660408
vt -1.516129 -1.500378
vt -1.516129 -1.340348
vt -1.516129 -1.180318
vt -1.516129 -1.020287
vt -1.516129 -0.860257
vt -1.516129 -0.700227
vt -1.516129 -0.540197
vt -1.516129 -0.380166
vt -1.516129 -0.220136
vt -1.516129 -0.060106
vt -1.516129 0.099924
vt -1.516129 0.259955
vt -1.516129 0.419985
vt -1.516129 0.580015
vt -1.516129 0.740045
vt -1.516129 0.900075
vt -1.516129 1.060106
vt -1.516129 1.220136
vt -1.516129 1.380166
vt -1.516129 1.540197
vt -1.516129 1.700227
vt -1.516129 1.860257
vt -1.516129 2.020287
vt -1.516129 2.180318
vt -1.516129 2.340348
vt -1.516129 2.500378
vt -1.516129 2.660408
vt -1.354839 -1.980469
vt -1.354839 -1.820438
vt -1.354839 -1.660408
vt -1.354839 -1.500378
vt -1.354839 -1.340348
vt -1.354839 -1.180318
vt -1.354839 -1.020287
vt -1.354839 -0.860257
vt -1.354839 -0.700227
vt -1.354839 -0.540197
vt -1.354839 -0.380166
vt -1.354839 -0.220136
vt -1.354839 -0.060106
vt -1.354839 0.099924
vt -1.354839 0.259955
vt -1.354839 0.419985
vt -1.354839 0.580015
vt -1.354839 0.740045
vt -1.354839 0.900075
vt -1.354839 1.060106
vt -1.354839 1.220136
vt -1.354839 1.380166
vt -1.354839 1.540197
vt -1.354839 1.700227
vt -1.354839 1.860257
vt -1.354839 2.020287
vt -1.354839 2.180318
vt -1.354839 2.340348
vt -1.354839 2.500378
vt -1.354839 2.660408
vt -1.193548 -1.980469
vt -1.193548 -1.820438
vt -1.193548 -1.660408
vt -1.193548 -1.500378
vt -1.193548 -1.340348
vt -1.193548 -1.180318
vt -1.193548 -1.020287
vt -1.193548 -0.860257
vt -1.193548 -0.700227
vt -1.193548 -0.540197
vt -1.193548 -0.380166
vt -1.193548 -0.220136
vt -1.193548 -0.060106
vt -1.193548 0.099924
vt -1.193548 0.259955
vt -1.193548 0.419985
vt -1.193548 0.580015
vt -1.193548 0.740045
vt -1.193548 0.900075
vt -1.193548 1.060106
vt -1.193548 1.220136
vt -1.193548 1.380166
vt -1.193548 1.540197
vt -1.193548 1.700227
vt -1.193548 1.860257
vt -1.193548 2.020287
vt -1.193548 2.180318
vt -1.193548 2.340348
vt -1.193548 2.500378
vt -1.193548 2.660408
vt -1.032258 -1.980469
vt -1.032258 -1.820438
vt -1.032258 -1.660408
vt -1.032258 -1.500378
vt -1.032258 -1.340348
vt -1.032258 -1.180318
vt -1.032258 -1.020287
vt -1.032258 -0.860257
vt -1.032258 -0.700227
vt -1.032258 -0.540197
vt -1.032258 -0.380166
vt -1.032258 -0.220136
vt -1.032258 -0.060106
vt -1.032258 0.099924
vt -1.032258 0.259955
vt -1.032258 0.419985
vt -1.032258 0.580015
vt -1.032258 0.740045
vt -1.032258 0.900075
vt -1.032258 1.060106
vt -1.032258 1.220136
vt -1.032258 1.380166
vt -1.032258 1.540197
vt -1.032258 1.700227
vt -1.032258 1.860257
vt -1.032258 2.020287
vt -1.032258 2.180318
vt -1.032258 2.340348
vt -1.032258 2.500378
vt -1.032258 2.660408
vt -0.870968 -1.980469
vt -0.870968 -1.820438
vt -0.870968 -1.660408
vt -0.870968 -1.500378
vt -0.870968 -1.340348
vt -0.870968 -1.180318
vt -0.870968 -1.020287
vt -0.870968 -0.860257
vt -0.870968 -0.700227
vt -0.870968 -0.540197
vt -0.870968 -0.380166
vt -0.870968 -0.220136
vt -0.870968 -0.060106
vt -0.870968 0.099924
vt -0.870968 0.259955
vt -0.870968 0.419985
vt -0.870968 0.580015
vt -0.870968 0.740045
vt -0.870968 0.900075
vt -0.870968 1.060106
vt -0.870968 1.220136
vt -0.870968 1.380166
vt -0.870968 1.540197
vt -0.870968 1.700227
vt -0.870968 1.860257
vt -0.870968 2.020287
vt -0.870968 2.180318
vt -0.870968 2.340348
vt -0.870968 2.500378
vt -0.870968 2.660408
vt -0.709677 -1.980469
vt -0.709677 -1.820438
vt -0.709677 -1.660408
vt -0.709677 -1.500378
vt -0.709677 -1.340348
vt -0.709677 -1.180318
vt -0.709677 -1.020287
vt -0.709677 -0.860257
vt -0.709677 -0.700227
vt -0.709677 -0.540197
vt -0.709677 -0.380166
vt -0.709677 -0.220136
vt -0.709677 -0.060106
vt -0.709677 0.099924
vt -0.709677 0.259955
vt -0.709677 0.419985
vt -0.709677 0.580015
vt -0.709677 0.740045
vt -0.709677 0.900075
vt -0.709677 1.060106
vt -0.709677 1.220136
vt -0.709677 1.380166
vt -0.709677 1.540197
vt -0.709677 1.700227
vt -0.709677 1.860257
vt -0.709677 2.020287
vt -0.709677 2.180318
vt -0.709677 2.340348
vt -0.709677 2.500378
vt -0.709677 2.660408
vt -0.548387 -1.980469
vt -0.548387 -1.820438
vt -0.548387 -1.660408
vt -0.548387 -1.500378
vt -0.548387 -1.340348
vt -0.548387 -1.180318
vt -0.548387 -1.020287
vt -0.548387 -0.860257
vt -0.548387 -0.700227
vt -0.548387 -0.540197
vt -0.548387 -0.380166
vt -0.548387 -0.220136
vt -0.548387 -0.060106
vt -0.548387 0.099924
vt -0.548387 0.259955
vt -0.548387 0.419985
vt -0.548387 0.580015
vt -0.548387 0.740045
vt -0.548387 0.900075
vt -0.548387 1.060106
vt -0.548387 1.220136
vt -0.548387 1.380166
vt -0.548387 1.540197
vt -0.548387 1.700227
vt -0.548387 1.860257
vt -0.548387 2.020287
vt -0.548387 2.180318
vt -0.548387 2.340348
vt -0.548387 2.500378
vt -0.548387 2.660408
vt -0.387097 -1.980469
vt -0.387097 -1.820438
vt -0.387097 -1.660408
vt -0.387097 -1.500378
vt -0.387097 -1.340348
vt -0.387097 -1.180318
vt -0.387097 -1.020287
vt -0.387097 -0.860257
vt -0.387097 -0.700227
vt -0.387097 -0.540197
vt -0.387097 -0.380166
vt -0.387097 -0.220136
vt -0.387097 -0.060106
vt -0.387097 0.099924
vt -0.387097 0.259955
vt -0.387097 0.419985
vt -0.387097 0.580015
vt -0.387097 0.740045
vt -0.387097 0.900075
vt -0.387097 1.060106
vt -0.387097 1.220136
vt -0.387097 1.380166
vt -0.387097 1.540197
vt -0.387097 1.700227
vt -0.387097 1.860257
vt -0.387097 2.020287
vt -0.387097 2.180318
vt -0.387097 2.340348
vt -0.387097 2.500378
vt -0.387097 2.660408
vt -0.225806 -1.980469
vt -0.225806 -1.820438
vt -0.225806 -1.660408
vt -0.225806 -1.500378
vt -0.225806 -1.340348
vt -0.225806 -1.180318
vt -0.225806 -1.020287
vt -0.225806 -0.860257
vt -0.225806 -0.700227
vt -0.225806 -0.540197
vt -0.225806 -0.380166
vt -0.225806 -0.220136
vt -0.225806 -0.060106
vt -0.225806 0.099924
vt -0.225806 0.259955
vt -0.225806 0.419985
vt -0.225806 0.580015
vt -0.225806 0.740045
vt -0.225806 0.900075
vt -0.225806 1.060106
vt -0.225806 1.220136
vt -0.225806 1.380166
vt -0.225806 1.540197
vt -0.225806 1.700227
vt -0.225806 1.860257
vt -0.225806 2.020287
vt -0.225806 2.180318
vt -0.225806 2.340348
vt -0.225806 2.500378
vt -0.225806 2.660408
vt -0.064516 -1.980469
vt -0.064516 -1.820438
vt -0.064516 -1.660408
vt -0.064516 -1.500378
vt -0.064516 -1.340348
vt -0.064516 -1.180318
vt -0.064516 -1.020287
vt -0.064516 -0.860257
vt -0.064516 -0.700227
vt -0.064516 -0.540197
vt -0.064516 -0.380166
vt -0.064516 -0.220136
vt -0.064516 -0.060106
vt -0.064516 0.099924
vt -0.064516 0.259955
vt -0.064516 0.419985
vt -0.064516 0.580015
vt -0.064516 0.740045
vt -0.064516 0.900075
vt -0.064516 1.060106
vt -0.064516 1.220136
vt -0.064516 1.380166
vt -0.064516 1.540197
vt -0.064516 1.700227
vt -0.064516 1.860257
vt -0.064516 2.020287
vt -0.064516 2.340348
vt -0.064516 2.500378
vt -0.064516 2.660408
vt 0.096774 -1.980469
vt 0.096774 -1.820438
vt 0.096774 -1.660408
vt 0.096774 -1.500378
vt 0.096774 -1.340348
vt 0.096774 -1.180318
vt 0.096774 -1.020287
vt 0.096774 -0.860257
vt 0.096774 -0.700227
vt 0.096774 -0.540197
vt 0.096774 -0.380166
vt 0.096774 -0.220136
vt 0.096774 -0.060106
vt 0.096774 0.099924
vt 0.096774 0.259955
vt 0.096774 0.419985
vt 0.096774 0.580015
vt 0.096774 0.740045
vt 0.096774 0.900075
vt 0.096774 1.060106
vt 0.096774 1.220136
vt 0.096774 1.380166
vt 0.096774 1.540197
vt 0.096774 1.700227
vt 0.096774 1.860257
vt 0.096774 2.020287
vt -0.064516 2.180318
vt 0.096774 2.180318
vt 0.096774 2.340348
vt 0.096774 2.500378
vt 0.096774 2.660408
vt 0.258065 -1.980469
vt 0.258065 -1.820438
vt 0.258065 -1.660408
vt 0.258065 -1.500378
vt 0.258065 -1.340348
vt 0.258065 -1.180318
vt 0.258065 -1.020287
vt 0.258065 -0.860257
vt 0.258065 -0.700227
vt 0.258065 -0.540197
vt 0.258065 -0.380166
vt 0.258065 -0.220136
vt 0.258065 -0.060106
vt 0.258065 0.099924
vt 0.258065 0.259955
vt 0.258065 0.419985
vt 0.258065 0.580015
vt 0.258065 0.740045
vt 0.258065 0.900075
vt 0.258065 1.060106
vt 0.258065 1.220136
vt 0.258065 1.380166
vt 0.258065 1.540197
vt 0.258065 1.700227
vt 0.258065 1.860257
vt 0.258065 2.020287
vt 0.258064 2.180318
vt 0.258064 2.500378
vt 0.258064 2.660408
vt 0.419355 -1.980469
vt 0.419355 -1.820438
vt 0.419355 -1.660408
vt 0.419355 -1.500378
vt 0.419355 -1.340348
vt 0.419355 -1.180318
vt 0.419355 -1.020287
vt 0.419355 -0.860257
vt 0.419355 -0.700227
vt 0.419355 -0.380166
vt 0.419355 -0.220136
vt 0.419355 -0.060106
vt 0.419355 0.099924
vt 0.419355 0.259955
vt 0.419355 0.419985
vt 0.419355 0.580015
vt 0.419355 0.740045
vt 0.419355 0.900075
vt 0.419355 1.060106
vt 0.419355 1.220136
vt 0.419355 1.380166
vt 0.419355 1.540197
vt 0.419355 1.700227
vt 0.419355 1.860257
vt 0.419355 2.180318
vt 0.258064 2.340348
vt 0.419355 2.340348
vt 0.419355 2.660408
vt 0.580645 -1.980469
vt 0.580645 -1.820438
vt 0.580645 -1.660408
vt 0.580645 -1.500378
vt 0.580645 -1.340348
vt 0.580645 -1.180318
vt 0.580645 -1.020287
vt 0.580645 -0.860257
vt 0.580645 -0.700227
vt 0.419355 -0.540197
vt 0.580645 -0.540197
vt 0.580645 -0.380166
vt 0.580645 -0.220136
vt 0.580645 -0.060106
vt 0.580645 0.099924
vt 0.580645 0.259955
vt 0.580645 0.419985
vt 0.580645 0.580015
vt 0.580645 0.740045
vt 0.580645 0.900075
vt 0.580645 1.060106
vt 0.580645 1.220136
vt 0.580645 1.380166
vt 0.580645 1.540197
vt 0.580645 1.700227
vt 0.580645 1.860257
vt 0.419355 2.020287
vt 0.580645 2.020287
vt 0.580645 2.180318
vt 0.580645 2.340348
vt 0.419355 2.500378
vt 0.580645 2.500378
vt 0.580645 2.660408
vt 0.741936 -1.980469
vt 0.741936 -1.820438
vt 0.741936 -1.500378
vt 0.741936 -1.340348
vt 0.741936 -1.180318
vt 0.741936 -1.020287
vt 0.741936 -0.860257
vt 0.741936 -0.700227
vt 0.741936 -0.540197
vt 0.741936 -0.380166
vt 0.741936 -0.220136
vt 0.741936 -0.060106
vt 0.741936 0.099924
vt 0.741936 0.259955
vt 0.741936 0.419985
vt 0.741936 0.580015
vt 0.741936 0.740045
vt 0.741936 0.900075
vt 0.741936 1.060106
vt 0.741936 1.220136
vt 0.741936 1.380166
vt 0.741936 1.540197
vt 0.741936 1.700227
vt 0.741936 1.860257
vt 0.741936 2.020287
vt 0.741936 2.180318
vt 0.741936 2.340348
vt 0.741936 2.500378
vt 0.741936 2.660408
vt 0.903226 -1.980469
vt 0.903226 -1.820438
vt 0.741936 -1.660408
vt 0.903226 -1.660408
vt 0.903226 -1.500378
vt 0.903226 -1.340348
vt 0.903226 -1.180318
vt 0.903226 -1.020287
vt 0.903226 -0.860257
vt 0.903226 -0.700227
vt 0.903226 -0.540197
vt 0.903226 -0.380166
vt 0.903226 -0.220136
vt 0.903226 -0.060106
vt 0.903226 0.099924
vt 0.903226 0.259955
vt 0.903226 0.419985
vt 0.903226 0.580015
vt 0.903226 0.740045
vt 0.903226 0.900075
vt 0.903226 1.060106
vt 0.903226 1.220136
vt 0.903226 1.380166
vt 0.903226 1.540197
vt 0.903226 1.700227
vt 0.903226 1.860257
vt 0.903226 2.020287
vt 0.903226 2.180318
vt 0.903226 2.340348
vt 0.903226 2.500378
vt 1.064516 -1.980469
vt 1.064516 -1.820438
vt 1.064516 -1.660408
vt 1.064516 -1.500378
vt 1.064516 -1.340348
vt 1.064516 -1.180318
vt 1.064516 -1.020287
vt 1.064516 -0.860257
vt 1.064516 -0.700227
vt 1.064516 -0.540197
vt 1.064516 -0.380166
vt 1.064516 -0.220136
vt 1.064516 -0.060106
vt 1.064516 0.099924
vt 1.064516 0.259955
vt 1.064516 0.419985
vt 1.064516 0.580015
vt 1.064516 0.740045
vt 1.064516 0.900075
vt 1.064516 1.060106
vt 1.064516 1.220136
vt 1.064516 1.380166
vt 1.064516 1.540197
vt 1.064516 1.700227
vt 1.064516 1.860257
vt 1.064516 2.020287
vt 1.064516 2.180318
vt 1.064516 2.340348
vt 1.064516 2.500378
vt 0.903226 2.660408
vt 1.064516 2.660408
vt 1.225806 -1.980469
vt 1.225806 -1.820438
vt 1.225806 -1.660408
vt 1.225806 -1.500378
vt 1.225806 -1.340348
vt 1.225806 -1.180318
vt 1.225806 -1.020287
vt 1.225806 -0.860257
vt 1.225806 -0.700227
vt 1.225806 -0.540197
vt 1.225806 -0.380166
vt 1.225806 -0.220136
vt 1.225806 -0.060106
vt 1.225806 0.099924
vt 1.225806 0.259955
vt 1.225806 0.419985
vt 1.225806 0.580015
vt 1.225806 0.740045
vt 1.225806 0.900075
vt 1.225806 1.060106
vt 1.225806 1.220136
vt 1.225806 1.380166
vt 1.225806 1.540197
vt 1.225806 1.700227
vt 1.225806 1.860257
vt 1.225806 2.180318
vt 1.225806 2.340348
vt 1.225806 2.500378
vt 1.387097 -1.980469
vt 1.387097 -1.820438
vt 1.387097 -1.660408
vt 1.387097 -1.500378
vt 1.387097 -1.340348
vt 1.387097 -1.180318
vt 1.387097 -1.020287
vt 1.387097 -0.860257
vt 1.387097 -0.700227
vt 1.387097 -0.540197
vt 1.387097 -0.380166
vt 1.387097 -0.220136
vt 1.387097 -0.060106
vt 1.387097 0.099924
vt 1.387097 0.259955
vt 1.387097 0.419985
vt 1.387097 0.580015
vt 1.387097 0.740045
vt 1.387097 0.900075
vt 1.387097 1.060106
vt 1.387097 1.220136
vt 1.387097 1.380166
vt 1.387097 1.540197
vt 1.387097 1.700227
vt 1.387097 1.860257
vt 1.225806 2.020287
vt 1.387097 2.020287
vt 1.387097 2.180318
vt 1.387097 2.340348
vt 1.387097 2.500378
vt 1.225806 2.660408
vt 1.548387 -1.980469
vt 1.548387 -1.820438
vt 1.548387 -1.660408
vt 1.548387 -1.500378
vt 1.548387 -1.340348
vt 1.548387 -1.180318
vt 1.548387 -1.020287
vt 1.548387 -0.860257
vt 1.548387 -0.700227
vt 1.548387 -0.540197
vt 1.548387 -0.380166
vt 1.548387 -0.220136
vt 1.548387 -0.060106
vt 1.548387 0.099924
vt 1.548387 0.259955
vt 1.548387 0.419985
vt 1.548387 0.580015
vt 1.548387 0.740045
vt 1.548387 0.900075
vt 1.548387 1.060106
vt 1.548387 1.220136
vt 1.548387 1.380166
vt 1.548387 1.540197
vt 1.548387 1.700227
vt 1.548387 1.860257
vt 1.548387 2.020287
vt 1.548387 2.180318
vt 1.548387 2.340348
vt 1.548387 2.500378
vt 1.387097 2.660408
vt 1.709677 -1.980469
vt 1.709677 -1.820438
vt 1.709677 -1.660408
vt 1.709677 -1.500378
vt 1.709677 -1.340348
vt 1.709677 -1.180318
vt 1.709677 -1.020287
vt 1.709677 -0.860257
vt 1.709677 -0.700227
vt 1.709677 -0.540197
vt 1.709677 -0.380166
vt 1.709677 -0.220136
vt 1.709677 -0.060106
vt 1.709677 0.099924
vt 1.709677 0.259955
vt 1.709677 0.419985
vt 1.709677 0.580015
vt 1.709677 0.740045
vt 1.709677 0.900075
vt 1.709677 1.060106
vt 1.709677 1.220136
vt 1.709677 1.380166
vt 1.709677 1.540197
vt 1.709677 1.700227
vt 1.709677 1.860257
vt 1.709677 2.020287
vt 1.709677 2.180318
vt 1.709677 2.340348
vt 1.709677 2.500378
vt 1.548387 2.660408
vt 1.870968 -1.980469
vt 1.870968 -1.820438
vt 1.870968 -1.660408
vt 1.870968 -1.500378
vt 1.870968 -1.340348
vt 1.870968 -1.180318
vt 1.870968 -1.020287
vt 1.870968 -0.860257
vt 1.870968 -0.700227
vt 1.870968 -0.540197
vt 1.870968 -0.380166
vt 1.870968 -0.220136
vt 1.870968 -0.060106
vt 1.870968 0.099924
vt 1.870968 0.259955
vt 1.870968 0.419985
vt 1.870968 0.580015
vt 1.870968 0.740045
vt 1.870968 0.900075
vt 1.870968 1.060106
vt 1.870968 1.220136
vt 1.870968 1.380166
vt 1.870968 1.540197
vt 1.870968 1.700227
vt 1.870968 1.860257
vt 1.870968 2.020287
vt 1.870968 2.180318
vt 1.870968 2.340348
vt 1.870968 2.500378
vt 1.709677 2.660408
vt 2.032258 -1.980469
vt 2.032258 -1.820438
vt 2.032258 -1.660408
vt 2.032258 -1.500378
vt 2.032258 -1.340348
vt 2.032258 -1.180318
vt 2.032258 -1.020287
vt 2.032258 -0.860257
vt 2.032258 -0.700227
vt 2.032258 -0.540197
vt 2.032258 -0.380166
vt 2.032258 -0.220136
vt 2.032258 -0.060106
vt 2.032258 0.099924
vt 2.032258 0.259955
vt 2.032258 0.419985
vt 2.032258 0.580015
vt 2.032258 0.740045
vt 2.032258 0.900075
vt 2.032258 1.060106
vt 2.032258 1.220136
vt 2.032258 1.380166
vt 2.032258 1.540197
vt 2.032258 1.700227
vt 2.032258 1.860257
vt 2.032258 2.020287
vt 2.032258 2.180318
vt 2.032258 2.340348
vt 2.032258 2.500378
vt 1.870968 2.660408
vt 2.032258 2.660408
vt 2.193549 -1.980469
vt 2.193549 -1.820438
vt 2.193549 -1.660408
vt 2.193549 -1.500378
vt 2.193549 -1.340348
vt 2.193549 -1.180318
vt 2.193549 -1.020287
vt 2.193549 -0.860257
vt 2.193549 -0.700227
vt 2.193549 -0.540197
vt 2.193549 -0.380166
vt 2.193549 -0.220136
vt 2.193549 -0.060106
vt 2.193549 0.099924
vt 2.193549 0.259955
vt 2.193549 0.419985
vt 2.193549 0.580015
vt 2.193549 0.740045
vt 2.193549 0.900075
vt 2.193549 1.060106
vt 2.193549 1.220136
vt 2.193549 1.380166
vt 2.193549 1.540197
vt 2.193549 1.700227
vt 2.193549 1.860257
vt 2.193549 2.020287
vt 2.193549 2.180318
vt 2.193549 2.340348
vt 2.193549 2.500378
vt 2.193549 2.660408
vt 2.354839 -1.980469
vt 2.354839 -1.820438
vt 2.354839 -1.660408
vt 2.354839 -1.500378
vt 2.354839 -1.340348
vt 2.354839 -1.180318
vt 2.354839 -1.020287
vt 2.354839 -0.860257
vt 2.354839 -0.700227
vt 2.354839 -0.540197
vt 2.354839 -0.380166
vt 2.354839 -0.220136
vt 2.354839 -0.060106
vt 2.354839 0.099924
vt 2.354839 0.259955
vt 2.354839 0.419985
vt 2.354839 0.580015
vt 2.354839 0.740045
vt 2.354839 0.900075
vt 2.354839 1.060106
vt 2.354839 1.220136
vt 2.354839 1.380166
vt 2.354839 1.540197
vt 2.354839 1.700227
vt 2.354839 1.860257
vt 2.354839 2.020287
vt 2.354839 2.180318
vt 2.354839 2.340348
vt 2.354839 2.500378
vt 2.354839 2.660408
vt 2.516129 -1.980469
vt 2.516129 -1.820438
vt 2.516129 -1.660408
vt 2.516129 -1.500378
vt 2.516129 -1.340348
vt 2.516129 -1.180318
vt 2.516129 -1.020287
vt 2.516129 -0.860257
vt 2.516129 -0.700227
vt 2.516129 -0.540197
vt 2.516129 -0.380166
vt 2.516129 -0.220136
vt 2.516129 -0.060106
vt 2.516129 0.099924
vt 2.516129 0.259955
vt 2.516129 0.419985
vt 2.516129 0.580015
vt 2.516129 0.740045
vt 2.516129 0.900075
vt 2.516129 1.060106
vt 2.516129 1.220136
vt 2.516129 1.380166
vt 2.516129 1.540197
vt 2.516129 1.700227
vt 2.516129 1.860257
vt 2.516129 2.020287
vt 2.516129 2.180318
vt 2.516129 2.340348
vt 2.516129 2.500378
vt 2.516129 2.660408
vt 2.677419 -1.980469
vt 2.677419 -1.820438
vt 2.677419 -1.660408
vt 2.677419 -1.500378
vt 2.677419 -1.340348
vt 2.677419 -1.180318
vt 2.677419 -1.020287
vt 2.677419 -0.860257
vt 2.677419 -0.700227
vt 2.677419 -0.540197
vt 2.677419 -0.380166
vt 2.677419 -0.220136
vt 2.677419 -0.060106
vt 2.677419 0.099924
vt 2.677419 0.259955
vt 2.677419 0.419985
vt 2.677419 0.580015
vt 2.677419 0.740045
vt 2.677419 0.900075
vt 2.677419 1.060106
vt 2.677419 1.220136
vt 2.677419 1.380166
vt 2.677419 1.540197
vt 2.677419 1.700227
vt 2.677419 1.860257
vt 2.677419 2.020287
vt 2.677419 2.180318
vt 2.677419 2.340348
vt 2.677419 2.500378
vt 2.677419 2.660408
vt 2.838710 -1.980469
vt 2.838710 -1.820438
vt 2.838710 -1.660408
vt 2.838710 -1.500378
vt 2.838710 -1.340348
vt 2.838710 -1.180318
vt 2.838710 -1.020287
vt 2.838710 -0.860257
vt 2.838710 -0.700227
vt 2.838710 -0.540197
vt 2.838710 -0.380166
vt 2.838710 -0.220136
vt 2.838710 -0.060106
vt 2.838710 0.099924
vt 2.838710 0.259955
vt 2.838710 0.419985
vt 2.838710 0.580015
vt 2.838710 0.740045
vt 2.838710 0.900075
vt 2.838710 1.060106
vt 2.838710 1.220136
vt 2.838710 1.380166
vt 2.838710 1.540197
vt 2.838710 1.700227
vt 2.838710 1.860257
vt 2.838710 2.020287
vt 2.838710 2.180318
vt 2.838710 2.340348
vt 2.838710 2.500378
vt 2.838710 2.660408
vt 3.000000 -1.980469
vt 3.000000 -1.820438
vt 3.000000 -1.660408
vt 3.000000 -1.500378
vt 3.000000 -1.340348
vt 3.000000 -1.180318
vt 3.000000 -1.020287
vt 3.000000 -0.860257
vt 3.000000 -0.700227
vt 3.000000 -0.540197
vt 3.000000 -0.380166
vt 3.000000 -0.220136
vt 3.000000 -0.060106
vt 3.000000 0.099924
vt 3.000000 0.259955
vt 3.000000 0.419985
vt 3.000000 0.580015
vt 3.000000 0.740045
vt 3.000000 0.900075
vt 3.000000 1.060106
vt 3.000000 1.220136
vt 3.000000 1.380166
vt 3.000000 1.540197
vt 3.000000 1.700227
vt 3.000000 1.860257
vt 3.000000 2.020287
vt 3.000000 2.180318
vt 3.000000 2.340348
vt 3.000000 2.500378
vt 3.000000 2.660408
vt 3.000000 2.980469
s 0
usemtl matChao
f 94/1/1 95/2/1 1024/3/1
f 154/4/1 3/5/1 5/6/1
f 184/7/1 124/8/1 154/4/1
f 214/9/1 123/10/1 184/7/1
f 244/11/1 122/12/1 214/9/1
f 274/13/1 121/14/1 244/11/1
f 304/15/1 120/16/1 274/13/1
f 334/17/1 119/18/1 304/15/1
f 334/17/1 117/19/1 118/20/1
f 364/21/1 116/22/1 117/19/1
f 394/23/1 115/24/1 116/22/1
f 424/25/1 114/26/1 115/24/1
f 484/27/1 114/26/1 454/28/1
f 514/29/1 113/30/1 484/27/1
f 514/29/1 111/31/1 112/32/1
f 574/33/1 111/31/1 544/34/1
f 604/35/1 110/36/1 574/33/1
f 634/37/1 109/38/1 604/35/1
f 664/39/1 108/40/1 634/37/1
f 694/41/1 107/42/1 664/39/1
f 724/43/1 106/44/1 694/41/1
f 754/45/1 105/46/1 724/43/1
f 784/47/1 104/48/1 754/45/1
f 814/49/1 103/50/1 784/47/1
f 844/51/1 102/52/1 814/49/1
f 874/53/1 101/54/1 844/51/1
f 904/55/1 100/56/1 874/53/1
f 934/57/1 99/58/1 904/55/1
f 964/59/1 98/60/1 934/57/1
f 994/61/1 97/62/1 964/59/1
f 1024/3/1 96/63/1 994/61/1
f 35/64/1 34/65/1 1/66/1
f 125/67/1 33/68/1 34/65/1
f 126/69/1 32/70/1 33/68/1
f 127/71/1 31/72/1 32/70/1
f 128/73/1 30/74/1 31/72/1
f 129/75/1 29/76/1 30/74/1
f 130/77/1 28/78/1 29/76/1
f 131/79/1 27/80/1 28/78/1
f 132/81/1 26/82/1 27/80/1
f 133/83/1 25/84/1 26/82/1
f 134/85/1 24/86/1 25/84/1
f 135/87/1 23/88/1 24/86/1
f 136/89/1 22/90/1 23/88/1
f 137/91/1 21/92/1 22/90/1
f 138/93/1 20/94/1 21/92/1
f 139/95/1 19/96/1 20/94/1
f 140/97/1 18/98/1 19/96/1
f 141/99/1 17/100/1 18/98/1
f 142/101/1 16/102/1 17/100/1
f 143/103/1 15/104/1 16/102/1
f 144/105/1 14/106/1 15/104/1
f 145/107/1 13/108/1 14/106/1
f 146/109/1 12/110/1 13/108/1
f 147/111/1 11/112/1 12/110/1
f 148/113/1 10/114/1 11/112/1
f 149/115/1 9/116/1 10/114/1
f 150/117/1 8/118/1 9/116/1
f 151/119/1 7/120/1 8/118/1
f 152/121/1 6/122/1 7/120/1
f 153/123/1 5/6/1 6/122/1
f 36/124/1 125/67/1 35/64/1
f 155/125/1 126/69/1 125/67/1
f 156/126/1 127/71/1 126/69/1
f 157/127/1 128/73/1 127/71/1
f 158/128/1 129/75/1 128/73/1
f 159/129/1 130/77/1 129/75/1
f 160/130/1 131/79/1 130/77/1
f 161/131/1 132/81/1 131/79/1
f 162/132/1 133/83/1 132/81/1
f 163/133/1 134/85/1 133/83/1
f 164/134/1 135/87/1 134/85/1
f 165/135/1 136/89/1 135/87/1
f 166/136/1 137/91/1 136/89/1
f 167/137/1 138/93/1 137/91/1
f 168/138/1 139/95/1 138/93/1
f 169/139/1 140/97/1 139/95/1
f 170/140/1 141/99/1 140/97/1
f 171/141/1 142/101/1 141/99/1
f 172/142/1 143/103/1 142/101/1
f 173/143/1 144/105/1 143/103/1
f 174/144/1 145/107/1 144/105/1
f 175/145/1 146/109/1 145/107/1
f 176/146/1 147/111/1 146/109/1
f 177/147/1 148/113/1 147/111/1
f 178/148/1 149/115/1 148/113/1
f 179/149/1 150/117/1 149/115/1
f 180/150/1 151/119/1 150/117/1
f 181/151/1 152/121/1 151/119/1
f 182/152/1 153/123/1 152/121/1
f 183/153/1 154/4/1 153/123/1
f 37/154/1 155/125/1 36/124/1
f 185/155/1 156/126/1 155/125/1
f 186/156/1 157/127/1 156/126/1
f 187/157/1 158/128/1 157/127/1
f 188/158/1 159/129/1 158/128/1
f 189/159/1 160/130/1 159/129/1
f 190/160/1 161/131/1 160/130/1
f 191/161/1 162/132/1 161/131/1
f 192/162/1 163/133/1 162/132/1
f 193/163/1 164/134/1 163/133/1
f 194/164/1 165/135/1 164/134/1
f 195/165/1 166/136/1 165/135/1
f 196/166/1 167/137/1 166/136/1
f 197/167/1 168/138/1 167/137/1
f 198/168/1 169/139/1 168/138/1
f 199/169/1 170/140/1 169/139/1
f 200/170/1 171/141/1 170/140/1
f 201/171/1 172/142/1 171/141/1
f 202/172/1 173/143/1 172/142/1
f 203/173/1 174/144/1 173/143/1
f 204/174/1 175/145/1 174/144/1
f 205/175/1 176/146/1 175/145/1
f 206/176/1 177/147/1 176/146/1
f 207/177/1 178/148/1 177/147/1
f 208/178/1 179/149/1 178/148/1
f 209/179/1 180/150/1 179/149/1
f 210/180/1 181/151/1 180/150/1
f 211/181/1 182/152/1 181/151/1
f 212/182/1 183/153/1 182/152/1
f 213/183/1 184/7/1 183/153/1
f 38/184/1 185/155/1 37/154/1
f 215/185/1 186/156/1 185/155/1
f 216/186/1 187/157/1 186/156/1
f 217/187/1 188/158/1 187/157/1
f 218/188/1 189/159/1 188/158/1
f 219/189/1 190/160/1 189/159/1
f 220/190/1 191/161/1 190/160/1
f 221/191/1 192/162/1 191/161/1
f 222/192/1 193/163/1 192/162/1
f 223/193/1 194/164/1 193/163/1
f 224/194/1 195/165/1 194/164/1
f 225/195/1 196/166/1 195/165/1
f 226/196/1 197/167/1 196/166/1
f 227/197/1 198/168/1 197/167/1
f 228/198/1 199/169/1 198/168/1
f 229/199/1 200/170/1 199/169/1
f 230/200/1 201/171/1 200/170/1
f 231/201/1 202/172/1 201/171/1
f 232/202/1 203/173/1 202/172/1
f 233/203/1 204/174/1 203/173/1
f 234/204/1 205/175/1 204/174/1
f 235/205/1 206/176/1 205/175/1
f 236/206/1 207/177/1 206/176/1
f 237/207/1 208/178/1 207/177/1
f 238/208/1 209/179/1 208/178/1
f 239/209/1 210/180/1 209/179/1
f 240/210/1 211/181/1 210/180/1
f 241/211/1 212/182/1 211/181/1
f 242/212/1 213/183/1 212/182/1
f 243/213/1 214/9/1 213/183/1
f 39/214/1 215/185/1 38/184/1
f 245/215/1 216/186/1 215/185/1
f 246/216/1 217/187/1 216/186/1
f 247/217/1 218/188/1 217/187/1
f 248/218/1 219/189/1 218/188/1
f 249/219/1 220/190/1 219/189/1
f 250/220/1 221/191/1 220/190/1
f 251/221/1 222/192/1 221/191/1
f 252/222/1 223/193/1 222/192/1
f 253/223/1 224/194/1 223/193/1
f 254/224/1 225/195/1 224/194/1
f 255/225/1 226/196/1 225/195/1
f 256/226/1 227/197/1 226/196/1
f 257/227/1 228/198/1 227/197/1
f 258/228/1 229/199/1 228/198/1
f 259/229/1 230/200/1 229/199/1
f 260/230/1 231/201/1 230/200/1
f 261/231/1 232/202/1 231/201/1
f 262/232/1 233/203/1 232/202/1
f 263/233/1 234/204/1 233/203/1
f 264/234/1 235/205/1 234/204/1
f 265/235/1 236/206/1 235/205/1
f 266/236/1 237/207/1 236/206/1
f 267/237/1 238/208/1 237/207/1
f 268/238/1 239/209/1 238/208/1
f 269/239/1 240/210/1 239/209/1
f 270/240/1 241/211/1 240/210/1
f 271/241/1 242/212/1 241/211/1
f 272/242/1 243/213/1 242/212/1
f 273/243/1 244/11/1 243/213/1
f 40/244/1 245/215/1 39/214/1
f 275/245/1 246/216/1 245/215/1
f 276/246/1 247/217/1 246/216/1
f 277/247/1 248/218/1 247/217/1
f 278/248/1 249/219/1 248/218/1
f 279/249/1 250/220/1 249/219/1
f 280/250/1 251/221/1 250/220/1
f 281/251/1 252/222/1 251/221/1
f 282/252/1 253/223/1 252/222/1
f 283/253/1 254/224/1 253/223/1
f 284/254/1 255/225/1 254/224/1
f 285/255/1 256/226/1 255/225/1
f 286/256/1 257/227/1 256/226/1
f 287/257/1 258/228/1 257/227/1
f 288/258/1 259/229/1 258/228/1
f 289/259/1 260/230/1 259/229/1
f 290/260/1 261/231/1 260/230/1
f 291/261/1 262/232/1 261/231/1
f 292/262/1 263/233/1 262/232/1
f 293/263/1 264/234/1 263/233/1
f 294/264/1 265/235/1 264/234/1
f 295/265/1 266/236/1 265/235/1
f 296/266/1 267/237/1 266/236/1
f 297/267/1 268/238/1 267/237/1
f 298/268/1 269/239/1 268/238/1
f 299/269/1 270/240/1 269/239/1
f 300/270/1 271/241/1 270/240/1
f 301/271/1 272/242/1 271/241/1
f 302/272/1 273/243/1 272/242/1
f 303/273/1 274/13/1 273/243/1
f 41/274/1 275/245/1 40/244/1
f 305/275/1 276/246/1 275/245/1
f 306/276/1 277/247/1 276/246/1
f 307/277/1 278/248/1 277/247/1
f 308/278/1 279/249/1 278/248/1
f 309/279/1 280/250/1 279/249/1
f 310/280/1 281/251/1 280/250/1
f 311/281/1 282/252/1 281/251/1
f 312/282/1 283/253/1 282/252/1
f 313/283/1 284/254/1 283/253/1
f 314/284/1 285/255/1 284/254/1
f 315/285/1 286/256/1 285/255/1
f 316/286/1 287/257/1 286/256/1
f 317/287/1 288/258/1 287/257/1
f 318/288/1 289/259/1 288/258/1
f 319/289/1 290/260/1 289/259/1
f 320/290/1 291/261/1 290/260/1
f 321/291/1 292/262/1 291/261/1
f 322/292/1 293/263/1 292/262/1
f 323/293/1 294/264/1 293/263/1
f 324/294/1 295/265/1 294/264/1
f 325/295/1 296/266/1 295/265/1
f 326/296/1 297/267/1 296/266/1
f 327/297/1 298/268/1 297/267/1
f 328/298/1 299/269/1 298/268/1
f 329/299/1 300/270/1 299/269/1
f 330/300/1 301/271/1 300/270/1
f 331/301/1 302/272/1 301/271/1
f 332/302/1 303/273/1 302/272/1
f 333/303/1 304/15/1 303/273/1
f 42/304/1 305/275/1 41/274/1
f 335/305/1 306/276/1 305/275/1
f 336/306/1 307/277/1 306/276/1
f 337/307/1 308/278/1 307/277/1
f 338/308/1 309/279/1 308/278/1
f 339/309/1 310/280/1 309/279/1
f 340/310/1 311/281/1 310/280/1
f 341/311/1 312/282/1 311/281/1
f 342/312/1 313/283/1 312/282/1
f 343/313/1 314/284/1 313/283/1
f 344/314/1 315/285/1 314/284/1
f 345/315/1 316/286/1 315/285/1
f 346/316/1 317/287/1 316/286/1
f 347/317/1 318/288/1 317/287/1
f 348/318/1 319/289/1 318/288/1
f 349/319/1 320/290/1 319/289/1
f 350/320/1 321/291/1 320/290/1
f 351/321/1 322/292/1 321/291/1
f 352/322/1 323/293/1 322/292/1
f 353/323/1 324/294/1 323/293/1
f 354/324/1 325/295/1 324/294/1
f 355/325/1 326/296/1 325/295/1
f 356/326/1 327/297/1 326/296/1
f 357/327/1 328/298/1 327/297/1
f 358/328/1 329/299/1 328/298/1
f 359/329/1 330/300/1 329/299/1
f 360/330/1 331/301/1 330/300/1
f 361/331/1 332/302/1 331/301/1
f 362/332/1 333/303/1 332/302/1
f 363/333/1 334/17/1 333/303/1
f 43/334/1 335/305/1 42/304/1
f 365/335/1 336/306/1 335/305/1
f 366/336/1 337/307/1 336/306/1
f 367/337/1 338/308/1 337/307/1
f 368/338/1 339/309/1 338/308/1
f 369/339/1 340/310/1 339/309/1
f 370/340/1 341/311/1 340/310/1
f 371/341/1 342/312/1 341/311/1
f 372/342/1 343/313/1 342/312/1
f 373/343/1 344/314/1 343/313/1
f 374/344/1 345/315/1 344/314/1
f 375/345/1 346/316/1 345/315/1
f 376/346/1 347/317/1 346/316/1
f 377/347/1 348/318/1 347/317/1
f 378/348/1 349/319/1 348/318/1
f 379/349/1 350/320/1 349/319/1
f 380/350/1 351/321/1 350/320/1
f 381/351/1 352/322/1 351/321/1
f 382/352/1 353/323/1 352/322/1
f 383/353/1 354/324/1 353/323/1
f 384/354/1 355/325/1 354/324/1
f 385/355/1 356/326/1 355/325/1
f 386/356/1 357/327/1 356/326/1
f 387/357/1 358/328/1 357/327/1
f 388/358/1 359/329/1 358/328/1
f 389/359/1 360/330/1 359/329/1
f 390/360/1 361/331/1 360/330/1
f 391/361/1 362/332/1 361/331/1
f 392/362/1 363/333/1 362/332/1
f 393/363/1 364/21/1 363/333/1
f 44/364/1 365/335/1 43/334/1
f 395/365/1 366/336/1 365/335/1
f 396/366/1 367/337/1 366/336/1
f 397/367/1 368/338/1 367/337/1
f 398/368/1 369/339/1 368/338/1
f 399/369/1 370/340/1 369/339/1
f 400/370/1 371/341/1 370/340/1
f 401/371/1 372/342/1 371/341/1
f 402/372/1 373/343/1 372/342/1
f 403/373/1 374/344/1 373/343/1
f 404/374/1 375/345/1 374/344/1
f 405/375/1 376/346/1 375/345/1
f 406/376/1 377/347/1 376/346/1
f 407/377/1 378/348/1 377/347/1
f 408/378/1 379/349/1 378/348/1
f 409/379/1 380/350/1 379/349/1
f 410/380/1 381/351/1 380/350/1
f 411/381/1 382/352/1 381/351/1
f 412/382/1 383/353/1 382/352/1
f 413/383/1 384/354/1 383/353/1
f 414/384/1 385/355/1 384/354/1
f 415/385/1 386/356/1 385/355/1
f 416/386/1 387/357/1 386/356/1
f 417/387/1 388/358/1 387/357/1
f 418/388/1 389/359/1 388/358/1
f 419/389/1 390/360/1 389/359/1
f 420/390/1 391/361/1 390/360/1
f 421/391/1 392/362/1 391/361/1
f 422/392/1 393/363/1 392/362/1
f 423/393/1 394/23/1 393/363/1
f 45/394/1 395/365/1 44/364/1
f 425/395/1 396/366/1 395/365/1
f 426/396/1 397/367/1 396/366/1
f 427/397/1 398/368/1 397/367/1
f 428/398/1 399/369/1 398/368/1
f 429/399/1 400/370/1 399/369/1
f 430/400/1 401/371/1 400/370/1
f 431/401/1 402/372/1 401/371/1
f 432/402/1 403/373/1 402/372/1
f 433/403/1 404/374/1 403/373/1
f 434/404/1 405/375/1 404/374/1
f 435/405/1 406/376/1 405/375/1
f 436/406/1 407/377/1 406/376/1
f 437/407/1 408/378/1 407/377/1
f 438/408/1 409/379/1 408/378/1
f 439/409/1 410/380/1 409/379/1
f 440/410/1 411/381/1 410/380/1
f 441/411/1 412/382/1 411/381/1
f 442/412/1 413/383/1 412/382/1
f 443/413/1 414/384/1 413/383/1
f 444/414/1 415/385/1 414/384/1
f 445/415/1 416/386/1 415/385/1
f 446/416/1 417/387/1 416/386/1
f 447/417/1 418/388/1 417/387/1
f 448/418/1 419/389/1 418/388/1
f 449/419/1 420/390/1 419/389/1
f 450/420/1 421/391/1 420/390/1
f 451/421/1 422/392/1 421/391/1
f 452/422/1 423/393/1 422/392/1
f 453/423/1 424/25/1 423/393/1
f 46/424/1 425/395/1 45/394/1
f 455/425/1 426/396/1 425/395/1
f 456/426/1 427/397/1 426/396/1
f 457/427/1 428/398/1 427/397/1
f 458/428/1 429/399/1 428/398/1
f 459/429/1 430/400/1 429/399/1
f 460/430/1 431/401/1 430/400/1
f 461/431/1 432/402/1 431/401/1
f 462/432/1 433/403/1 432/402/1
f 463/433/1 434/404/1 433/403/1
f 464/434/1 435/405/1 434/404/1
f 465/435/1 436/406/1 435/405/1
f 466/436/1 437/407/1 436/406/1
f 467/437/1 438/408/1 437/407/1
f 468/438/1 439/409/1 438/408/1
f 469/439/1 440/410/1 439/409/1
f 470/440/1 441/411/1 440/410/1
f 471/441/1 442/412/1 441/411/1
f 472/442/1 443/413/1 442/412/1
f 473/443/1 444/414/1 443/413/1
f 474/444/1 445/415/1 444/414/1
f 475/445/1 446/416/1 445/415/1
f 476/446/1 447/417/1 446/416/1
f 477/447/1 448/418/1 447/417/1
f 478/448/1 449/419/1 448/418/1
f 479/449/1 450/420/1 449/419/1
f 450/420/1 481/450/1 451/421/1
f 481/450/1 452/422/1 451/421/1
f 482/451/1 453/423/1 452/422/1
f 483/452/1 454/28/1 453/423/1
f 47/453/1 455/425/1 46/424/1
f 485/454/1 456/426/1 455/425/1
f 486/455/1 457/427/1 456/426/1
f 487/456/1 458/428/1 457/427/1
f 488/457/1 459/429/1 458/428/1
f 489/458/1 460/430/1 459/429/1
f 490/459/1 461/431/1 460/430/1
f 491/460/1 462/432/1 461/431/1
f 492/461/1 463/433/1 462/432/1
f 493/462/1 464/434/1 463/433/1
f 494/463/1 465/435/1 464/434/1
f 495/464/1 466/436/1 465/435/1
f 496/465/1 467/437/1 466/436/1
f 497/466/1 468/438/1 467/437/1
f 498/467/1 469/439/1 468/438/1
f 499/468/1 470/440/1 469/439/1
f 500/469/1 471/441/1 470/440/1
f 501/470/1 472/442/1 471/441/1
f 502/471/1 473/443/1 472/442/1
f 503/472/1 474/444/1 473/443/1
f 504/473/1 475/445/1 474/444/1
f 505/474/1 476/446/1 475/445/1
f 506/475/1 477/447/1 476/446/1
f 507/476/1 478/448/1 477/447/1
f 508/477/1 479/449/1 478/448/1
f 509/478/1 480/479/1 479/449/1
f 510/480/1 481/450/1 480/479/1
f 511/481/1 482/451/1 481/450/1
f 512/482/1 483/452/1 482/451/1
f 513/483/1 484/27/1 483/452/1
f 48/484/1 485/454/1 47/453/1
f 515/485/1 486/455/1 485/454/1
f 516/486/1 487/456/1 486/455/1
f 517/487/1 488/457/1 487/456/1
f 518/488/1 489/458/1 488/457/1
f 519/489/1 490/459/1 489/458/1
f 520/490/1 491/460/1 490/459/1
f 521/491/1 492/461/1 491/460/1
f 522/492/1 493/462/1 492/461/1
f 523/493/1 494/463/1 493/462/1
f 524/494/1 495/464/1 494/463/1
f 525/495/1 496/465/1 495/464/1
f 526/496/1 497/466/1 496/465/1
f 527/497/1 498/467/1 497/466/1
f 528/498/1 499/468/1 498/467/1
f 529/499/1 500/469/1 499/468/1
f 530/500/1 501/470/1 500/469/1
f 531/501/1 502/471/1 501/470/1
f 532/502/1 503/472/1 502/471/1
f 533/503/1 504/473/1 503/472/1
f 534/504/1 505/474/1 504/473/1
f 535/505/1 506/475/1 505/474/1
f 536/506/1 507/476/1 506/475/1
f 537/507/1 508/477/1 507/476/1
f 538/508/1 509/478/1 508/477/1
f 539/509/1 510/480/1 509/478/1
f 540/510/1 511/481/1 510/480/1
f 511/481/1 542/511/1 512/482/1
f 542/511/1 513/483/1 512/482/1
f 543/512/1 514/29/1 513/483/1
f 49/513/1 515/485/1 48/484/1
f 545/514/1 516/486/1 515/485/1
f 546/515/1 517/487/1 516/486/1
f 547/516/1 518/488/1 517/487/1
f 548/517/1 519/489/1 518/488/1
f 549/518/1 520/490/1 519/489/1
f 550/519/1 521/491/1 520/490/1
f 551/520/1 522/492/1 521/491/1
f 552/521/1 523/493/1 522/492/1
f 523/493/1 554/522/1 524/494/1
f 554/522/1 525/495/1 524/494/1
f 555/523/1 526/496/1 525/495/1
f 556/524/1 527/497/1 526/496/1
f 557/525/1 528/498/1 527/497/1
f 558/526/1 529/499/1 528/498/1
f 559/527/1 530/500/1 529/499/1
f 560/528/1 531/501/1 530/500/1
f 561/529/1 532/502/1 531/501/1
f 562/530/1 533/503/1 532/502/1
f 563/531/1 534/504/1 533/503/1
f 564/532/1 535/505/1 534/504/1
f 565/533/1 536/506/1 535/505/1
f 566/534/1 537/507/1 536/506/1
f 567/535/1 538/508/1 537/507/1
f 568/536/1 539/509/1 538/508/1
f 539/509/1 570/537/1 540/510/1
f 570/537/1 541/538/1 540/510/1
f 571/539/1 542/511/1 541/538/1
f 542/511/1 573/540/1 543/512/1
f 573/540/1 544/34/1 543/512/1
f 50/541/1 545/514/1 49/513/1
f 575/542/1 546/515/1 545/514/1
f 576/543/1 547/516/1 546/515/1
f 577/544/1 548/517/1 547/516/1
f 578/545/1 549/518/1 548/517/1
f 579/546/1 550/519/1 549/518/1
f 580/547/1 551/520/1 550/519/1
f 581/548/1 552/521/1 551/520/1
f 582/549/1 553/550/1 552/521/1
f 583/551/1 554/522/1 553/550/1
f 584/552/1 555/523/1 554/522/1
f 585/553/1 556/524/1 555/523/1
f 586/554/1 557/525/1 556/524/1
f 587/555/1 558/526/1 557/525/1
f 588/556/1 559/527/1 558/526/1
f 589/557/1 560/528/1 559/527/1
f 590/558/1 561/529/1 560/528/1
f 591/559/1 562/530/1 561/529/1
f 592/560/1 563/531/1 562/530/1
f 593/561/1 564/532/1 563/531/1
f 594/562/1 565/533/1 564/532/1
f 595/563/1 566/534/1 565/533/1
f 596/564/1 567/535/1 566/534/1
f 597/565/1 568/536/1 567/535/1
f 598/566/1 569/567/1 568/536/1
f 599/568/1 570/537/1 569/567/1
f 600/569/1 571/539/1 570/537/1
f 601/570/1 572/571/1 571/539/1
f 602/572/1 573/540/1 572/571/1
f 603/573/1 574/33/1 573/540/1
f 51/574/1 575/542/1 50/541/1
f 605/575/1 576/543/1 575/542/1
f 576/543/1 607/576/1 577/544/1
f 607/576/1 578/545/1 577/544/1
f 608/577/1 579/546/1 578/545/1
f 609/578/1 580/547/1 579/546/1
f 610/579/1 581/548/1 580/547/1
f 611/580/1 582/549/1 581/548/1
f 612/581/1 583/551/1 582/549/1
f 613/582/1 584/552/1 583/551/1
f 614/583/1 585/553/1 584/552/1
f 615/584/1 586/554/1 585/553/1
f 616/585/1 587/555/1 586/554/1
f 617/586/1 588/556/1 587/555/1
f 618/587/1 589/557/1 588/556/1
f 619/588/1 590/558/1 589/557/1
f 620/589/1 591/559/1 590/558/1
f 621/590/1 592/560/1 591/559/1
f 622/591/1 593/561/1 592/560/1
f 623/592/1 594/562/1 593/561/1
f 624/593/1 595/563/1 594/562/1
f 625/594/1 596/564/1 595/563/1
f 626/595/1 597/565/1 596/564/1
f 627/596/1 598/566/1 597/565/1
f 628/597/1 599/568/1 598/566/1
f 629/598/1 600/569/1 599/568/1
f 630/599/1 601/570/1 600/569/1
f 631/600/1 602/572/1 601/570/1
f 632/601/1 603/573/1 602/572/1
f 633/602/1 604/35/1 603/573/1
f 52/603/1 605/575/1 51/574/1
f 635/604/1 606/605/1 605/575/1
f 636/606/1 607/576/1 606/605/1
f 637/607/1 608/577/1 607/576/1
f 638/608/1 609/578/1 608/577/1
f 639/609/1 610/579/1 609/578/1
f 640/610/1 611/580/1 610/579/1
f 641/611/1 612/581/1 611/580/1
f 642/612/1 613/582/1 612/581/1
f 643/613/1 614/583/1 613/582/1
f 644/614/1 615/584/1 614/583/1
f 645/615/1 616/585/1 615/584/1
f 646/616/1 617/586/1 616/585/1
f 647/617/1 618/587/1 617/586/1
f 648/618/1 619/588/1 618/587/1
f 649/619/1 620/589/1 619/588/1
f 650/620/1 621/590/1 620/589/1
f 651/621/1 622/591/1 621/590/1
f 652/622/1 623/592/1 622/591/1
f 653/623/1 624/593/1 623/592/1
f 654/624/1 625/594/1 624/593/1
f 655/625/1 626/595/1 625/594/1
f 656/626/1 627/596/1 626/595/1
f 657/627/1 628/597/1 627/596/1
f 658/628/1 629/598/1 628/597/1
f 659/629/1 630/599/1 629/598/1
f 660/630/1 631/600/1 630/599/1
f 661/631/1 632/601/1 631/600/1
f 662/632/1 633/602/1 632/601/1
f 633/602/1 664/39/1 634/37/1
f 53/633/1 635/604/1 52/603/1
f 665/634/1 636/606/1 635/604/1
f 666/635/1 637/607/1 636/606/1
f 667/636/1 638/608/1 637/607/1
f 668/637/1 639/609/1 638/608/1
f 669/638/1 640/610/1 639/609/1
f 670/639/1 641/611/1 640/610/1
f 671/640/1 642/612/1 641/611/1
f 672/641/1 643/613/1 642/612/1
f 673/642/1 644/614/1 643/613/1
f 674/643/1 645/615/1 644/614/1
f 675/644/1 646/616/1 645/615/1
f 676/645/1 647/617/1 646/616/1
f 677/646/1 648/618/1 647/617/1
f 678/647/1 649/619/1 648/618/1
f 679/648/1 650/620/1 649/619/1
f 680/649/1 651/621/1 650/620/1
f 681/650/1 652/622/1 651/621/1
f 682/651/1 653/623/1 652/622/1
f 683/652/1 654/624/1 653/623/1
f 684/653/1 655/625/1 654/624/1
f 685/654/1 656/626/1 655/625/1
f 686/655/1 657/627/1 656/626/1
f 687/656/1 658/628/1 657/627/1
f 688/657/1 659/629/1 658/628/1
f 689/658/1 660/630/1 659/629/1
f 690/659/1 661/631/1 660/630/1
f 691/660/1 662/632/1 661/631/1
f 692/661/1 663/662/1 662/632/1
f 693/663/1 664/39/1 663/662/1
f 54/664/1 665/634/1 53/633/1
f 695/665/1 666/635/1 665/634/1
f 696/666/1 667/636/1 666/635/1
f 697/667/1 668/637/1 667/636/1
f 698/668/1 669/638/1 668/637/1
f 699/669/1 670/639/1 669/638/1
f 700/670/1 671/640/1 670/639/1
f 701/671/1 672/641/1 671/640/1
f 702/672/1 673/642/1 672/641/1
f 703/673/1 674/643/1 673/642/1
f 704/674/1 675/644/1 674/643/1
f 705/675/1 676/645/1 675/644/1
f 706/676/1 677/646/1 676/645/1
f 707/677/1 678/647/1 677/646/1
f 708/678/1 679/648/1 678/647/1
f 709/679/1 680/649/1 679/648/1
f 710/680/1 681/650/1 680/649/1
f 711/681/1 682/651/1 681/650/1
f 712/682/1 683/652/1 682/651/1
f 713/683/1 684/653/1 683/652/1
f 714/684/1 685/654/1 684/653/1
f 715/685/1 686/655/1 685/654/1
f 716/686/1 687/656/1 686/655/1
f 717/687/1 688/657/1 687/656/1
f 718/688/1 689/658/1 688/657/1
f 689/658/1 720/689/1 690/659/1
f 720/689/1 691/660/1 690/659/1
f 721/690/1 692/661/1 691/660/1
f 722/691/1 693/663/1 692/661/1
f 693/663/1 724/43/1 694/41/1
f 55/692/1 695/665/1 54/664/1
f 725/693/1 696/666/1 695/665/1
f 726/694/1 697/667/1 696/666/1
f 727/695/1 698/668/1 697/667/1
f 728/696/1 699/669/1 698/668/1
f 729/697/1 700/670/1 699/669/1
f 730/698/1 701/671/1 700/670/1
f 731/699/1 702/672/1 701/671/1
f 732/700/1 703/673/1 702/672/1
f 733/701/1 704/674/1 703/673/1
f 734/702/1 705/675/1 704/674/1
f 735/703/1 706/676/1 705/675/1
f 736/704/1 707/677/1 706/676/1
f 737/705/1 708/678/1 707/677/1
f 738/706/1 709/679/1 708/678/1
f 739/707/1 710/680/1 709/679/1
f 740/708/1 711/681/1 710/680/1
f 741/709/1 712/682/1 711/681/1
f 742/710/1 713/683/1 712/682/1
f 743/711/1 714/684/1 713/683/1
f 744/712/1 715/685/1 714/684/1
f 745/713/1 716/686/1 715/685/1
f 746/714/1 717/687/1 716/686/1
f 747/715/1 718/688/1 717/687/1
f 748/716/1 719/717/1 718/688/1
f 749/718/1 720/689/1 719/717/1
f 750/719/1 721/690/1 720/689/1
f 751/720/1 722/691/1 721/690/1
f 752/721/1 723/722/1 722/691/1
f 723/722/1 754/45/1 724/43/1
f 56/723/1 725/693/1 55/692/1
f 755/724/1 726/694/1 725/693/1
f 756/725/1 727/695/1 726/694/1
f 757/726/1 728/696/1 727/695/1
f 758/727/1 729/697/1 728/696/1
f 759/728/1 730/698/1 729/697/1
f 760/729/1 731/699/1 730/698/1
f 761/730/1 732/700/1 731/699/1
f 762/731/1 733/701/1 732/700/1
f 763/732/1 734/702/1 733/701/1
f 764/733/1 735/703/1 734/702/1
f 765/734/1 736/704/1 735/703/1
f 766/735/1 737/705/1 736/704/1
f 767/736/1 738/706/1 737/705/1
f 768/737/1 739/707/1 738/706/1
f 769/738/1 740/708/1 739/707/1
f 770/739/1 741/709/1 740/708/1
f 771/740/1 742/710/1 741/709/1
f 772/741/1 743/711/1 742/710/1
f 773/742/1 744/712/1 743/711/1
f 774/743/1 745/713/1 744/712/1
f 775/744/1 746/714/1 745/713/1
f 776/745/1 747/715/1 746/714/1
f 777/746/1 748/716/1 747/715/1
f 778/747/1 749/718/1 748/716/1
f 779/748/1 750/719/1 749/718/1
f 780/749/1 751/720/1 750/719/1
f 781/750/1 752/721/1 751/720/1
f 782/751/1 753/752/1 752/721/1
f 753/752/1 784/47/1 754/45/1
f 57/753/1 755/724/1 56/723/1
f 785/754/1 756/725/1 755/724/1
f 786/755/1 757/726/1 756/725/1
f 787/756/1 758/727/1 757/726/1
f 788/757/1 759/728/1 758/727/1
f 789/758/1 760/729/1 759/728/1
f 790/759/1 761/730/1 760/729/1
f 791/760/1 762/731/1 761/730/1
f 792/761/1 763/732/1 762/731/1
f 793/762/1 764/733/1 763/732/1
f 794/763/1 765/734/1 764/733/1
f 795/764/1 766/735/1 765/734/1
f 796/765/1 767/736/1 766/735/1
f 797/766/1 768/737/1 767/736/1
f 798/767/1 769/738/1 768/737/1
f 799/768/1 770/739/1 769/738/1
f 800/769/1 771/740/1 770/739/1
f 801/770/1 772/741/1 771/740/1
f 802/771/1 773/742/1 772/741/1
f 803/772/1 774/743/1 773/742/1
f 804/773/1 775/744/1 774/743/1
f 805/774/1 776/745/1 775/744/1
f 806/775/1 777/746/1 776/745/1
f 807/776/1 778/747/1 777/746/1
f 808/777/1 779/748/1 778/747/1
f 809/778/1 780/749/1 779/748/1
f 810/779/1 781/750/1 780/749/1
f 811/780/1 782/751/1 781/750/1
f 812/781/1 783/782/1 782/751/1
f 783/782/1 814/49/1 784/47/1
f 58/783/1 785/754/1 57/753/1
f 815/784/1 786/755/1 785/754/1
f 816/785/1 787/756/1 786/755/1
f 817/786/1 788/757/1 787/756/1
f 818/787/1 789/758/1 788/757/1
f 819/788/1 790/759/1 789/758/1
f 820/789/1 791/760/1 790/759/1
f 821/790/1 792/761/1 791/760/1
f 822/791/1 793/762/1 792/761/1
f 823/792/1 794/763/1 793/762/1
f 824/793/1 795/764/1 794/763/1
f 825/794/1 796/765/1 795/764/1
f 826/795/1 797/766/1 796/765/1
f 827/796/1 798/767/1 797/766/1
f 828/797/1 799/768/1 798/767/1
f 829/798/1 800/769/1 799/768/1
f 830/799/1 801/770/1 800/769/1
f 831/800/1 802/771/1 801/770/1
f 832/801/1 803/772/1 802/771/1
f 833/802/1 804/773/1 803/772/1
f 834/803/1 805/774/1 804/773/1
f 835/804/1 806/775/1 805/774/1
f 836/805/1 807/776/1 806/775/1
f 837/806/1 808/777/1 807/776/1
f 838/807/1 809/778/1 808/777/1
f 839/808/1 810/779/1 809/778/1
f 840/809/1 811/780/1 810/779/1
f 841/810/1 812/781/1 811/780/1
f 842/811/1 813/812/1 812/781/1
f 813/812/1 844/51/1 814/49/1
f 59/813/1 815/784/1 58/783/1
f 845/814/1 816/785/1 815/784/1
f 846/815/1 817/786/1 816/785/1
f 847/816/1 818/787/1 817/786/1
f 848/817/1 819/788/1 818/787/1
f 849/818/1 820/789/1 819/788/1
f 850/819/1 821/790/1 820/789/1
f 851/820/1 822/791/1 821/790/1
f 852/821/1 823/792/1 822/791/1
f 853/822/1 824/793/1 823/792/1
f 854/823/1 825/794/1 824/793/1
f 855/824/1 826/795/1 825/794/1
f 856/825/1 827/796/1 826/795/1
f 857/826/1 828/797/1 827/796/1
f 858/827/1 829/798/1 828/797/1
f 859/828/1 830/799/1 829/798/1
f 860/829/1 831/800/1 830/799/1
f 861/830/1 832/801/1 831/800/1
f 862/831/1 833/802/1 832/801/1
f 863/832/1 834/803/1 833/802/1
f 864/833/1 835/804/1 834/803/1
f 865/834/1 836/805/1 835/804/1
f 866/835/1 837/806/1 836/805/1
f 867/836/1 838/807/1 837/806/1
f 868/837/1 839/808/1 838/807/1
f 869/838/1 840/809/1 839/808/1
f 870/839/1 841/810/1 840/809/1
f 871/840/1 842/811/1 841/810/1
f 872/841/1 843/842/1 842/811/1
f 873/843/1 844/51/1 843/842/1
f 60/844/1 845/814/1 59/813/1
f 875/845/1 846/815/1 845/814/1
f 876/846/1 847/816/1 846/815/1
f 877/847/1 848/817/1 847/816/1
f 878/848/1 849/818/1 848/817/1
f 879/849/1 850/819/1 849/818/1
f 880/850/1 851/820/1 850/819/1
f 881/851/1 852/821/1 851/820/1
f 882/852/1 853/822/1 852/821/1
f 883/853/1 854/823/1 853/822/1
f 884/854/1 855/824/1 854/823/1
f 885/855/1 856/825/1 855/824/1
f 886/856/1 857/826/1 856/825/1
f 887/857/1 858/827/1 857/826/1
f 888/858/1 859/828/1 858/827/1
f 889/859/1 860/829/1 859/828/1
f 890/860/1 861/830/1 860/829/1
f 891/861/1 862/831/1 861/830/1
f 892/862/1 863/832/1 862/831/1
f 893/863/1 864/833/1 863/832/1
f 894/864/1 865/834/1 864/833/1
f 895/865/1 866/835/1 865/834/1
f 896/866/1 867/836/1 866/835/1
f 897/867/1 868/837/1 867/836/1
f 898/868/1 869/838/1 868/837/1
f 899/869/1 870/839/1 869/838/1
f 900/870/1 871/840/1 870/839/1
f 901/871/1 872/841/1 871/840/1
f 902/872/1 873/843/1 872/841/1
f 903/873/1 874/53/1 873/843/1
f 61/874/1 875/845/1 60/844/1
f 905/875/1 876/846/1 875/845/1
f 906/876/1 877/847/1 876/846/1
f 907/877/1 878/848/1 877/847/1
f 908/878/1 879/849/1 878/848/1
f 909/879/1 880/850/1 879/849/1
f 910/880/1 881/851/1 880/850/1
f 911/881/1 882/852/1 881/851/1
f 912/882/1 883/853/1 882/852/1
f 913/883/1 884/854/1 883/853/1
f 914/884/1 885/855/1 884/854/1
f 915/885/1 886/856/1 885/855/1
f 916/886/1 887/857/1 886/856/1
f 917/887/1 888/858/1 887/857/1
f 918/888/1 889/859/1 888/858/1
f 919/889/1 890/860/1 889/859/1
f 920/890/1 891/861/1 890/860/1
f 921/891/1 892/862/1 891/861/1
f 922/892/1 893/863/1 892/862/1
f 923/893/1 894/864/1 893/863/1
f 924/894/1 895/865/1 894/864/1
f 925/895/1 896/866/1 895/865/1
f 926/896/1 897/867/1 896/866/1
f 927/897/1 898/868/1 897/867/1
f 928/898/1 899/869/1 898/868/1
f 929/899/1 900/870/1 899/869/1
f 930/900/1 901/871/1 900/870/1
f 931/901/1 902/872/1 901/871/1
f 932/902/1 903/873/1 902/872/1
f 933/903/1 904/55/1 903/873/1
f 62/904/1 905/875/1 61/874/1
f 935/905/1 906/876/1 905/875/1
f 936/906/1 907/877/1 906/876/1
f 937/907/1 908/878/1 907/877/1
f 938/908/1 909/879/1 908/878/1
f 939/909/1 910/880/1 909/879/1
f 940/910/1 911/881/1 910/880/1
f 941/911/1 912/882/1 911/881/1
f 942/912/1 913/883/1 912/882/1
f 943/913/1 914/884/1 913/883/1
f 944/914/1 915/885/1 914/884/1
f 945/915/1 916/886/1 915/885/1
f 946/916/1 917/887/1 916/886/1
f 947/917/1 918/888/1 917/887/1
f 948/918/1 919/889/1 918/888/1
f 949/919/1 920/890/1 919/889/1
f 950/920/1 921/891/1 920/890/1
f 951/921/1 922/892/1 921/891/1
f 952/922/1 923/893/1 922/892/1
f 953/923/1 924/894/1 923/893/1
f 954/924/1 925/895/1 924/894/1
f 955/925/1 926/896/1 925/895/1
f 956/926/1 927/897/1 926/896/1
f 957/927/1 928/898/1 927/897/1
f 958/928/1 929/899/1 928/898/1
f 959/929/1 930/900/1 929/899/1
f 960/930/1 931/901/1 930/900/1
f 961/931/1 932/902/1 931/901/1
f 962/932/1 933/903/1 932/902/1
f 963/933/1 934/57/1 933/903/1
f 63/934/1 935/905/1 62/904/1
f 965/935/1 936/906/1 935/905/1
f 966/936/1 937/907/1 936/906/1
f 967/937/1 938/908/1 937/907/1
f 968/938/1 939/909/1 938/908/1
f 969/939/1 940/910/1 939/909/1
f 970/940/1 941/911/1 940/910/1
f 971/941/1 942/912/1 941/911/1
f 972/942/1 943/913/1 942/912/1
f 973/943/1 944/914/1 943/913/1
f 974/944/1 945/915/1 944/914/1
f 975/945/1 946/916/1 945/915/1
f 976/946/1 947/917/1 946/916/1
f 977/947/1 948/918/1 947/917/1
f 978/948/1 949/919/1 948/918/1
f 979/949/1 950/920/1 949/919/1
f 980/950/1 951/921/1 950/920/1
f 981/951/1 952/922/1 951/921/1
f 982/952/1 953/923/1 952/922/1
f 983/953/1 954/924/1 953/923/1
f 984/954/1 955/925/1 954/924/1
f 985/955/1 956/926/1 955/925/1
f 986/956/1 957/927/1 956/926/1
f 987/957/1 958/928/1 957/927/1
f 988/958/1 959/929/1 958/928/1
f 989/959/1 960/930/1 959/929/1
f 990/960/1 961/931/1 960/930/1
f 991/961/1 962/932/1 961/931/1
f 992/962/1 963/933/1 962/932/1
f 993/963/1 964/59/1 963/933/1
f 64/964/1 965/935/1 63/934/1
f 995/965/1 966/936/1 965/935/1
f 996/966/1 967/937/1 966/936/1
f 997/967/1 968/938/1 967/937/1
f 998/968/1 969/939/1 968/938/1
f 999/969/1 970/940/1 969/939/1
f 1000/970/1 971/941/1 970/940/1
f 1001/971/1 972/942/1 971/941/1
f 1002/972/1 973/943/1 972/942/1
f 1003/973/1 974/944/1 973/943/1
f 1004/974/1 975/945/1 974/944/1
f 1005/975/1 976/946/1 975/945/1
f 1006/976/1 977/947/1 976/946/1
f 1007/977/1 978/948/1 977/947/1
f 1008/978/1 979/949/1 978/948/1
f 1009/979/1 980/950/1 979/949/1
f 1010/980/1 981/951/1 980/950/1
f 1011/981/1 982/952/1 981/951/1
f 1012/982/1 983/953/1 982/952/1
f 1013/983/1 984/954/1 983/953/1
f 1014/984/1 985/955/1 984/954/1
f 1015/985/1 986/956/1 985/955/1
f 1016/986/1 987/957/1 986/956/1
f 1017/987/1 988/958/1 987/957/1
f 1018/988/1 989/959/1 988/958/1
f 1019/989/1 990/960/1 989/959/1
f 1020/990/1 991/961/1 990/960/1
f 1021/991/1 992/962/1 991/961/1
f 1022/992/1 993/963/1 992/962/1
f 1023/993/1 994/61/1 993/963/1
f 2/994/1 995/965/1 64/964/1
f 65/995/1 996/966/1 995/965/1
f 66/996/1 997/967/1 996/966/1
f 67/997/1 998/968/1 997/967/1
f 68/998/1 999/969/1 998/968/1
f 69/999/1 1000/970/1 999/969/1
f 70/1000/1 1001/971/1 1000/970/1
f 71/1001/1 1002/972/1 1001/971/1
f 72/1002/1 1003/973/1 1002/972/1
f 73/1003/1 1004/974/1 1003/973/1
f 74/1004/1 1005/975/1 1004/974/1
f 75/1005/1 1006/976/1 1005/975/1
f 76/1006/1 1007/977/1 1006/976/1
f 77/1007/1 1008/978/1 1007/977/1
f 78/1008/1 1009/979/1 1008/978/1
f 79/1009/1 1010/980/1 1009/979/1
f 80/1010/1 1011/981/1 1010/980/1
f 81/1011/1 1012/982/1 1011/981/1
f 82/1012/1 1013/983/1 1012/982/1
f 83/1013/1 1014/984/1 1013/983/1
f 84/1014/1 1015/985/1 1014/984/1
f 85/1015/1 1016/986/1 1015/985/1
f 86/1016/1 1017/987/1 1016/986/1
f 87/1017/1 1018/988/1 1017/987/1
f 88/1018/1 1019/989/1 1018/988/1
f 89/1019/1 1020/990/1 1019/989/1
f 90/1020/1 1021/991/1 1020/990/1
f 91/1021/1 1022/992/1 1021/991/1
f 92/1022/1 1023/993/1 1022/992/1
f 93/1023/1 1024/3/1 1023/993/1
f 94/1/1 4/1024/1 95/2/1
f 154/4/1 124/8/1 3/5/1
f 184/7/1 123/10/1 124/8/1
f 214/9/1 122/12/1 123/10/1
f 244/11/1 121/14/1 122/12/1
f 274/13/1 120/16/1 121/14/1
f 304/15/1 119/18/1 120/16/1
f 334/17/1 118/20/1 119/18/1
f 334/17/1 364/21/1 117/19/1
f 364/21/1 394/23/1 116/22/1
f 394/23/1 424/25/1 115/24/1
f 424/25/1 454/28/1 114/26/1
f 484/27/1 113/30/1 114/26/1
f 514/29/1 112/32/1 113/30/1
f 514/29/1 544/34/1 111/31/1
f 574/33/1 110/36/1 111/31/1
f 604/35/1 109/38/1 110/36/1
f 634/37/1 108/40/1 109/38/1
f 664/39/1 107/42/1 108/40/1
f 694/41/1 106/44/1 107/42/1
f 724/43/1 105/46/1 106/44/1
f 754/45/1 104/48/1 105/46/1
f 784/47/1 103/50/1 104/48/1
f 814/49/1 102/52/1 103/50/1
f 844/51/1 101/54/1 102/52/1
f 874/53/1 100/56/1 101/54/1
f 904/55/1 99/58/1 100/56/1
f 934/57/1 98/60/1 99/58/1
f 964/59/1 97/62/1 98/60/1
f 994/61/1 96/63/1 97/62/1
f 1024/3/1 95/2/1 96/63/1
f 35/64/1 125/67/1 34/65/1
f 125/67/1 126/69/1 33/68/1
f 126/69/1 127/71/1 32/70/1
f 127/71/1 128/73/1 31/72/1
f 128/73/1 129/75/1 30/74/1
f 129/75/1 130/77/1 29/76/1
f 130/77/1 131/79/1 28/78/1
f 131/79/1 132/81/1 27/80/1
f 132/81/1 133/83/1 26/82/1
f 133/83/1 134/85/1 25/84/1
f 134/85/1 135/87/1 24/86/1
f 135/87/1 136/89/1 23/88/1
f 136/89/1 137/91/1 22/90/1
f 137/91/1 138/93/1 21/92/1
f 138/93/1 139/95/1 20/94/1
f 139/95/1 140/97/1 19/96/1
f 140/97/1 141/99/1 18/98/1
f 141/99/1 142/101/1 17/100/1
f 142/101/1 143/103/1 16/102/1
f 143/103/1 144/105/1 15/104/1
f 144/105/1 145/107/1 14/106/1
f 145/107/1 146/109/1 13/108/1
f 146/109/1 147/111/1 12/110/1
f 147/111/1 148/113/1 11/112/1
f 148/113/1 149/115/1 10/114/1
f 149/115/1 150/117/1 9/116/1
f 150/117/1 151/119/1 8/118/1
f 151/119/1 152/121/1 7/120/1
f 152/121/1 153/123/1 6/122/1
f 153/123/1 154/4/1 5/6/1
f 36/124/1 155/125/1 125/67/1
f 155/125/1 156/126/1 126/69/1
f 156/126/1 157/127/1 127/71/1
f 157/127/1 158/128/1 128/73/1
f 158/128/1 159/129/1 129/75/1
f 159/129/1 160/130/1 130/77/1
f 160/130/1 161/131/1 131/79/1
f 161/131/1 162/132/1 132/81/1
f 162/132/1 163/133/1 133/83/1
f 163/133/1 164/134/1 134/85/1
f 164/134/1 165/135/1 135/87/1
f 165/135/1 166/136/1 136/89/1
f 166/136/1 167/137/1 137/91/1
f 167/137/1 168/138/1 138/93/1
f 168/138/1 169/139/1 139/95/1
f 169/139/1 170/140/1 140/97/1
f 170/140/1 171/141/1 141/99/1
f 171/141/1 172/142/1 142/101/1
f 172/142/1 173/143/1 143/103/1
f 173/143/1 174/144/1 144/105/1
f 174/144/1 175/145/1 145/107/1
f 175/145/1 176/146/1 146/109/1
f 176/146/1 177/147/1 147/111/1
f 177/147/1 178/148/1 148/113/1
f 178/148/1 179/149/1 149/115/1
f 179/149/1 180/150/1 150/117/1
f 180/150/1 181/151/1 151/119/1
f 181/151/1 182/152/1 152/121/1
f 182/152/1 183/153/1 153/123/1
f 183/153/1 184/7/1 154/4/1
f 37/154/1 185/155/1 155/125/1
f 185/155/1 186/156/1 156/126/1
f 186/156/1 187/157/1 157/127/1
f 187/157/1 188/158/1 158/128/1
f 188/158/1 189/159/1 159/129/1
f 189/159/1 190/160/1 160/130/1
f 190/160/1 191/161/1 161/131/1
f 191/161/1 192/162/1 162/132/1
f 192/162/1 193/163/1 163/133/1
f 193/163/1 194/164/1 164/134/1
f 194/164/1 195/165/1 165/135/1
f 195/165/1 196/166/1 166/136/1
f 196/166/1 197/167/1 167/137/1
f 197/167/1 198/168/1 168/138/1
f 198/168/1 199/169/1 169/139/1
f 199/169/1 200/170/1 170/140/1
f 200/170/1 201/171/1 171/141/1
f 201/171/1 202/172/1 172/142/1
f 202/172/1 203/173/1 173/143/1
f 203/173/1 204/174/1 174/144/1
f 204/174/1 205/175/1 175/145/1
f 205/175/1 206/176/1 176/146/1
f 206/176/1 207/177/1 177/147/1
f 207/177/1 208/178/1 178/148/1
f 208/178/1 209/179/1 179/149/1
f 209/179/1 210/180/1 180/150/1
f 210/180/1 211/181/1 181/151/1
f 211/181/1 212/182/1 182/152/1
f 212/182/1 213/183/1 183/153/1
f 213/183/1 214/9/1 184/7/1
f 38/184/1 215/185/1 185/155/1
f 215/185/1 216/186/1 186/156/1
f 216/186/1 217/187/1 187/157/1
f 217/187/1 218/188/1 188/158/1
f 218/188/1 219/189/1 189/159/1
f 219/189/1 220/190/1 190/160/1
f 220/190/1 221/191/1 191/161/1
f 221/191/1 222/192/1 192/162/1
f 222/192/1 223/193/1 193/163/1
f 223/193/1 224/194/1 194/164/1
f 224/194/1 225/195/1 195/165/1
f 225/195/1 226/196/1 196/166/1
f 226/196/1 227/197/1 197/167/1
f 227/197/1 228/198/1 198/168/1
f 228/198/1 229/199/1 199/169/1
f 229/199/1 230/200/1 200/170/1
f 230/200/1 231/201/1 201/171/1
f 231/201/1 232/202/1 202/172/1
f 232/202/1 233/203/1 203/173/1
f 233/203/1 234/204/1 204/174/1
f 234/204/1 235/205/1 205/175/1
f 235/205/1 236/206/1 206/176/1
f 236/206/1 237/207/1 207/177/1
f 237/207/1 238/208/1 208/178/1
f 238/208/1 239/209/1 209/179/1
f 239/209/1 240/210/1 210/180/1
f 240/210/1 241/211/1 211/181/1
f 241/211/1 242/212/1 212/182/1
f 242/212/1 243/213/1 213/183/1
f 243/213/1 244/11/1 214/9/1
f 39/214/1 245/215/1 215/185/1
f 245/215/1 246/216/1 216/186/1
f 246/216/1 247/217/1 217/187/1
f 247/217/1 248/218/1 218/188/1
f 248/218/1 249/219/1 219/189/1
f 249/219/1 250/220/1 220/190/1
f 250/220/1 251/221/1 221/191/1
f 251/221/1 252/222/1 222/192/1
f 252/222/1 253/223/1 223/193/1
f 253/223/1 254/224/1 224/194/1
f 254/224/1 255/225/1 225/195/1
f 255/225/1 256/226/1 226/196/1
f 256/226/1 257/227/1 227/197/1
f 257/227/1 258/228/1 228/198/1
f 258/228/1 259/229/1 229/199/1
f 259/229/1 260/230/1 230/200/1
f 260/230/1 261/231/1 231/201/1
f 261/231/1 262/232/1 232/202/1
f 262/232/1 263/233/1 233/203/1
f 263/233/1 264/234/1 234/204/1
f 264/234/1 265/235/1 235/205/1
f 265/235/1 266/236/1 236/206/1
f 266/236/1 267/237/1 237/207/1
f 267/237/1 268/238/1 238/208/1
f 268/238/1 269/239/1 239/209/1
f 269/239/1 270/240/1 240/210/1
f 270/240/1 271/241/1 241/211/1
f 271/241/1 272/242/1 242/212/1
f 272/242/1 273/243/1 243/213/1
f 273/243/1 274/13/1 244/11/1
f 40/244/1 275/245/1 245/215/1
f 275/245/1 276/246/1 246/216/1
f 276/246/1 277/247/1 247/217/1
f 277/247/1 278/248/1 248/218/1
f 278/248/1 279/249/1 249/219/1
f 279/249/1 280/250/1 250/220/1
f 280/250/1 281/251/1 251/221/1
f 281/251/1 282/252/1 252/222/1
f 282/252/1 283/253/1 253/223/1
f 283/253/1 284/254/1 254/224/1
f 284/254/1 285/255/1 255/225/1
f 285/255/1 286/256/1 256/226/1
f 286/256/1 287/257/1 257/227/1
f 287/257/1 288/258/1 258/228/1
f 288/258/1 289/259/1 259/229/1
f 289/259/1 290/260/1 260/230/1
f 290/260/1 291/261/1 261/231/1
f 291/261/1 292/262/1 262/232/1
f 292/262/1 293/263/1 263/233/1
f 293/263/1 294/264/1 264/234/1
f 294/264/1 295/265/1 265/235/1
f 295/265/1 296/266/1 266/236/1
f 296/266/1 297/267/1 267/237/1
f 297/267/1 298/268/1 268/238/1
f 298/268/1 299/269/1 269/239/1
f 299/269/1 300/270/1 270/240/1
f 300/270/1 301/271/1 271/241/1
f 301/271/1 302/272/1 272/242/1
f 302/272/1 303/273/1 273/243/1
f 303/273/1 304/15/1 274/13/1
f 41/274/1 305/275/1 275/245/1
f 305/275/1 306/276/1 276/246/1
f 306/276/1 307/277/1 277/247/1
f 307/277/1 308/278/1 278/248/1
f 308/278/1 309/279/1 279/249/1
f 309/279/1 310/280/1 280/250/1
f 310/280/1 311/281/1 281/251/1
f 311/281/1 312/282/1 282/252/1
f 312/282/1 313/283/1 283/253/1
f 313/283/1 314/284/1 284/254/1
f 314/284/1 315/285/1 285/255/1
f 315/285/1 316/286/1 286/256/1
f 316/286/1 317/287/1 287/257/1
f 317/287/1 318/288/1 288/258/1
f 318/288/1 319/289/1 289/259/1
f 319/289/1 320/290/1 290/260/1
f 320/290/1 321/291/1 291/261/1
f 321/291/1 322/292/1 292/262/1
f 322/292/1 323/293/1 293/263/1
f 323/293/1 324/294/1 294/264/1
f 324/294/1 325/295/1 295/265/1
f 325/295/1 326/296/1 296/266/1
f 326/296/1 327/297/1 297/267/1
f 327/297/1 328/298/1 298/268/1
f 328/298/1 329/299/1 299/269/1
f 329/299/1 330/300/1 300/270/1
f 330/300/1 331/301/1 301/271/1
f 331/301/1 332/302/1 302/272/1
f 332/302/1 333/303/1 303/273/1
f 333/303/1 334/17/1 304/15/1
f 42/304/1 335/305/1 305/275/1
f 335/305/1 336/306/1 306/276/1
f 336/306/1 337/307/1 307/277/1
f 337/307/1 338/308/1 308/278/1
f 338/308/1 339/309/1 309/279/1
f 339/309/1 340/310/1 310/280/1
f 340/310/1 341/311/1 311/281/1
f 341/311/1 342/312/1 312/282/1
f 342/312/1 343/313/1 313/283/1
f 343/313/1 344/314/1 314/284/1
f 344/314/1 345/315/1 315/285/1
f 345/315/1 346/316/1 316/286/1
f 346/316/1 347/317/1 317/287/1
f 347/317/1 348/318/1 318/288/1
f 348/318/1 349/319/1 319/289/1
f 349/319/1 350/320/1 320/290/1
f 350/320/1 351/321/1 321/291/1
f 351/321/1 352/322/1 322/292/1
f 352/322/1 353/323/1 323/293/1
f 353/323/1 354/324/1 324/294/1
f 354/324/1 355/325/1 325/295/1
f 355/325/1 356/326/1 326/296/1
f 356/326/1 357/327/1 327/297/1
f 357/327/1 358/328/1 328/298/1
f 358/328/1 359/329/1 329/299/1
f 359/329/1 360/330/1 330/300/1
f 360/330/1 361/331/1 331/301/1
f 361/331/1 362/332/1 332/302/1
f 362/332/1 363/333/1 333/303/1
f 363/333/1 364/21/1 334/17/1
f 43/334/1 365/335/1 335/305/1
f 365/335/1 366/336/1 336/306/1
f 366/336/1 367/337/1 337/307/1
f 367/337/1 368/338/1 338/308/1
f 368/338/1 369/339/1 339/309/1
f 369/339/1 370/340/1 340/310/1
f 370/340/1 371/341/1 341/311/1
f 371/341/1 372/342/1 342/312/1
f 372/342/1 373/343/1 343/313/1
f 373/343/1 374/344/1 344/314/1
f 374/344/1 375/345/1 345/315/1
f 375/345/1 376/346/1 346/316/1
f 376/346/1 377/347/1 347/317/1
f 377/347/1 378/348/1 348/318/1
f 378/348/1 379/349/1 349/319/1
f 379/349/1 380/350/1 350/320/1
f 380/350/1 381/351/1 351/321/1
f 381/351/1 382/352/1 352/322/1
f 382/352/1 383/353/1 353/323/1
f 383/353/1 384/354/1 354/324/1
f 384/354/1 385/355/1 355/325/1
f 385/355/1 386/356/1 356/326/1
f 386/356/1 387/357/1 357/327/1
f 387/357/1 388/358/1 358/328/1
f 388/358/1 389/359/1 359/329/1
f 389/359/1 390/360/1 360/330/1
f 390/360/1 391/361/1 361/331/1
f 391/361/1 392/362/1 362/332/1
f 392/362/1 393/363/1 363/333/1
f 393/363/1 394/23/1 364/21/1
f 44/364/1 395/365/1 365/335/1
f 395/365/1 396/366/1 366/336/1
f 396/366/1 397/367/1 367/337/1
f 397/367/1 398/368/1 368/338/1
f 398/368/1 399/369/1 369/339/1
f 399/369/1 400/370/1 370/340/1
f 400/370/1 401/371/1 371/341/1
f 401/371/1 402/372/1 372/342/1
f 402/372/1 403/373/1 373/343/1
f 403/373/1 404/374/1 374/344/1
f 404/374/1 405/375/1 375/345/1
f 405/375/1 406/376/1 376/346/1
f 406/376/1 407/377/1 377/347/1
f 407/377/1 408/378/1 378/348/1
f 408/378/1 409/379/1 379/349/1
f 409/379/1 410/380/1 380/350/1
f 410/380/1 411/381/1 381/351/1
f 411/381/1 412/382/1 382/352/1
f 412/382/1 413/383/1 383/353/1
f 413/383/1 414/384/1 384/354/1
f 414/384/1 415/385/1 385/355/1
f 415/385/1 416/386/1 386/356/1
f 416/386/1 417/387/1 387/357/1
f 417/387/1 418/388/1 388/358/1
f 418/388/1 419/389/1 389/359/1
f 419/389/1 420/390/1 390/360/1
f 420/390/1 421/391/1 391/361/1
f 421/391/1 422/392/1 392/362/1
f 422/392/1 423/393/1 393/363/1
f 423/393/1 424/25/1 394/23/1
f 45/394/1 425/395/1 395/365/1
f 425/395/1 426/396/1 396/366/1
f 426/396/1 427/397/1 397/367/1
f 427/397/1 428/398/1 398/368/1
f 428/398/1 429/399/1 399/369/1
f 429/399/1 430/400/1 400/370/1
f 430/400/1 431/401/1 401/371/1
f 431/401/1 432/402/1 402/372/1
f 432/402/1 433/403/1 403/373/1
f 433/403/1 434/404/1 404/374/1
f 434/404/1 435/405/1 405/375/1
f 435/405/1 436/406/1 406/376/1
f 436/406/1 437/407/1 407/377/1
f 437/407/1 438/408/1 408/378/1
f 438/408/1 439/409/1 409/379/1
f 439/409/1 440/410/1 410/380/1
f 440/410/1 441/411/1 411/381/1
f 441/411/1 442/412/1 412/382/1
f 442/412/1 443/413/1 413/383/1
f 443/413/1 444/414/1 414/384/1
f 444/414/1 445/415/1 415/385/1
f 445/415/1 446/416/1 416/386/1
f 446/416/1 447/417/1 417/387/1
f 447/417/1 448/418/1 418/388/1
f 448/418/1 449/419/1 419/389/1
f 449/419/1 450/420/1 420/390/1
f 450/420/1 451/421/1 421/391/1
f 451/421/1 452/422/1 422/392/1
f 452/422/1 453/423/1 423/393/1
f 453/423/1 454/28/1 424/25/1
f 46/424/1 455/425/1 425/395/1
f 455/425/1 456/426/1 426/396/1
f 456/426/1 457/427/1 427/397/1
f 457/427/1 458/428/1 428/398/1
f 458/428/1 459/429/1 429/399/1
f 459/429/1 460/430/1 430/400/1
f 460/430/1 461/431/1 431/401/1
f 461/431/1 462/432/1 432/402/1
f 462/432/1 463/433/1 433/403/1
f 463/433/1 464/434/1 434/404/1
f 464/434/1 465/435/1 435/405/1
f 465/435/1 466/436/1 436/406/1
f 466/436/1 467/437/1 437/407/1
f 467/437/1 468/438/1 438/408/1
f 468/438/1 469/439/1 439/409/1
f 469/439/1 470/440/1 440/410/1
f 470/440/1 471/441/1 441/411/1
f 471/441/1 472/442/1 442/412/1
f 472/442/1 473/443/1 443/413/1
f 473/443/1 474/444/1 444/414/1
f 474/444/1 475/445/1 445/415/1
f 475/445/1 476/446/1 446/416/1
f 476/446/1 477/447/1 447/417/1
f 477/447/1 478/448/1 448/418/1
f 478/448/1 479/449/1 449/419/1
f 479/449/1 480/479/1 450/420/1
f 450/420/1 480/479/1 481/450/1
f 481/450/1 482/451/1 452/422/1
f 482/451/1 483/452/1 453/423/1
f 483/452/1 484/27/1 454/28/1
f 47/453/1 485/454/1 455/425/1
f 485/454/1 486/455/1 456/426/1
f 486/455/1 487/456/1 457/427/1
f 487/456/1 488/457/1 458/428/1
f 488/457/1 489/458/1 459/429/1
f 489/458/1 490/459/1 460/430/1
f 490/459/1 491/460/1 461/431/1
f 491/460/1 492/461/1 462/432/1
f 492/461/1 493/462/1 463/433/1
f 493/462/1 494/463/1 464/434/1
f 494/463/1 495/464/1 465/435/1
f 495/464/1 496/465/1 466/436/1
f 496/465/1 497/466/1 467/437/1
f 497/466/1 498/467/1 468/438/1
f 498/467/1 499/468/1 469/439/1
f 499/468/1 500/469/1 470/440/1
f 500/469/1 501/470/1 471/441/1
f 501/470/1 502/471/1 472/442/1
f 502/471/1 503/472/1 473/443/1
f 503/472/1 504/473/1 474/444/1
f 504/473/1 505/474/1 475/445/1
f 505/474/1 506/475/1 476/446/1
f 506/475/1 507/476/1 477/447/1
f 507/476/1 508/477/1 478/448/1
f 508/477/1 509/478/1 479/449/1
f 509/478/1 510/480/1 480/479/1
f 510/480/1 511/481/1 481/450/1
f 511/481/1 512/482/1 482/451/1
f 512/482/1 513/483/1 483/452/1
f 513/483/1 514/29/1 484/27/1
f 48/484/1 515/485/1 485/454/1
f 515/485/1 516/486/1 486/455/1
f 516/486/1 517/487/1 487/456/1
f 517/487/1 518/488/1 488/457/1
f 518/488/1 519/489/1 489/458/1
f 519/489/1 520/490/1 490/459/1
f 520/490/1 521/491/1 491/460/1
f 521/491/1 522/492/1 492/461/1
f 522/492/1 523/493/1 493/462/1
f 523/493/1 524/494/1 494/463/1
f 524/494/1 525/495/1 495/464/1
f 525/495/1 526/496/1 496/465/1
f 526/496/1 527/497/1 497/466/1
f 527/497/1 528/498/1 498/467/1
f 528/498/1 529/499/1 499/468/1
f 529/499/1 530/500/1 500/469/1
f 530/500/1 531/501/1 501/470/1
f 531/501/1 532/502/1 502/471/1
f 532/502/1 533/503/1 503/472/1
f 533/503/1 534/504/1 504/473/1
f 534/504/1 535/505/1 505/474/1
f 535/505/1 536/506/1 506/475/1
f 536/506/1 537/507/1 507/476/1
f 537/507/1 538/508/1 508/477/1
f 538/508/1 539/509/1 509/478/1
f 539/509/1 540/510/1 510/480/1
f 540/510/1 541/538/1 511/481/1
f 511/481/1 541/538/1 542/511/1
f 542/511/1 543/512/1 513/483/1
f 543/512/1 544/34/1 514/29/1
f 49/513/1 545/514/1 515/485/1
f 545/514/1 546/515/1 516/486/1
f 546/515/1 547/516/1 517/487/1
f 547/516/1 548/517/1 518/488/1
f 548/517/1 549/518/1 519/489/1
f 549/518/1 550/519/1 520/490/1
f 550/519/1 551/520/1 521/491/1
f 551/520/1 552/521/1 522/492/1
f 552/521/1 553/550/1 523/493/1
f 523/493/1 553/550/1 554/522/1
f 554/522/1 555/523/1 525/495/1
f 555/523/1 556/524/1 526/496/1
f 556/524/1 557/525/1 527/497/1
f 557/525/1 558/526/1 528/498/1
f 558/526/1 559/527/1 529/499/1
f 559/527/1 560/528/1 530/500/1
f 560/528/1 561/529/1 531/501/1
f 561/529/1 562/530/1 532/502/1
f 562/530/1 563/531/1 533/503/1
f 563/531/1 564/532/1 534/504/1
f 564/532/1 565/533/1 535/505/1
f 565/533/1 566/534/1 536/506/1
f 566/534/1 567/535/1 537/507/1
f 567/535/1 568/536/1 538/508/1
f 568/536/1 569/567/1 539/509/1
f 539/509/1 569/567/1 570/537/1
f 570/537/1 571/539/1 541/538/1
f 571/539/1 572/571/1 542/511/1
f 542/511/1 572/571/1 573/540/1
f 573/540/1 574/33/1 544/34/1
f 50/541/1 575/542/1 545/514/1
f 575/542/1 576/543/1 546/515/1
f 576/543/1 577/544/1 547/516/1
f 577/544/1 578/545/1 548/517/1
f 578/545/1 579/546/1 549/518/1
f 579/546/1 580/547/1 550/519/1
f 580/547/1 581/548/1 551/520/1
f 581/548/1 582/549/1 552/521/1
f 582/549/1 583/551/1 553/550/1
f 583/551/1 584/552/1 554/522/1
f 584/552/1 585/553/1 555/523/1
f 585/553/1 586/554/1 556/524/1
f 586/554/1 587/555/1 557/525/1
f 587/555/1 588/556/1 558/526/1
f 588/556/1 589/557/1 559/527/1
f 589/557/1 590/558/1 560/528/1
f 590/558/1 591/559/1 561/529/1
f 591/559/1 592/560/1 562/530/1
f 592/560/1 593/561/1 563/531/1
f 593/561/1 594/562/1 564/532/1
f 594/562/1 595/563/1 565/533/1
f 595/563/1 596/564/1 566/534/1
f 596/564/1 597/565/1 567/535/1
f 597/565/1 598/566/1 568/536/1
f 598/566/1 599/568/1 569/567/1
f 599/568/1 600/569/1 570/537/1
f 600/569/1 601/570/1 571/539/1
f 601/570/1 602/572/1 572/571/1
f 602/572/1 603/573/1 573/540/1
f 603/573/1 604/35/1 574/33/1
f 51/574/1 605/575/1 575/542/1
f 605/575/1 606/605/1 576/543/1
f 576/543/1 606/605/1 607/576/1
f 607/576/1 608/577/1 578/545/1
f 608/577/1 609/578/1 579/546/1
f 609/578/1 610/579/1 580/547/1
f 610/579/1 611/580/1 581/548/1
f 611/580/1 612/581/1 582/549/1
f 612/581/1 613/582/1 583/551/1
f 613/582/1 614/583/1 584/552/1
f 614/583/1 615/584/1 585/553/1
f 615/584/1 616/585/1 586/554/1
f 616/585/1 617/586/1 587/555/1
f 617/586/1 618/587/1 588/556/1
f 618/587/1 619/588/1 589/557/1
f 619/588/1 620/589/1 590/558/1
f 620/589/1 621/590/1 591/559/1
f 621/590/1 622/591/1 592/560/1
f 622/591/1 623/592/1 593/561/1
f 623/592/1 624/593/1 594/562/1
f 624/593/1 625/594/1 595/563/1
f 625/594/1 626/595/1 596/564/1
f 626/595/1 627/596/1 597/565/1
f 627/596/1 628/597/1 598/566/1
f 628/597/1 629/598/1 599/568/1
f 629/598/1 630/599/1 600/569/1
f 630/599/1 631/600/1 601/570/1
f 631/600/1 632/601/1 602/572/1
f 632/601/1 633/602/1 603/573/1
f 633/602/1 634/37/1 604/35/1
f 52/603/1 635/604/1 605/575/1
f 635/604/1 636/606/1 606/605/1
f 636/606/1 637/607/1 607/576/1
f 637/607/1 638/608/1 608/577/1
f 638/608/1 639/609/1 609/578/1
f 639/609/1 640/610/1 610/579/1
f 640/610/1 641/611/1 611/580/1
f 641/611/1 642/612/1 612/581/1
f 642/612/1 643/613/1 613/582/1
f 643/613/1 644/614/1 614/583/1
f 644/614/1 645/615/1 615/584/1
f 645/615/1 646/616/1 616/585/1
f 646/616/1 647/617/1 617/586/1
f 647/617/1 648/618/1 618/587/1
f 648/618/1 649/619/1 619/588/1
f 649/619/1 650/620/1 620/589/1
f 650/620/1 651/621/1 621/590/1
f 651/621/1 652/622/1 622/591/1
f 652/622/1 653/623/1 623/592/1
f 653/623/1 654/624/1 624/593/1
f 654/624/1 655/625/1 625/594/1
f 655/625/1 656/626/1 626/595/1
f 656/626/1 657/627/1 627/596/1
f 657/627/1 658/628/1 628/597/1
f 658/628/1 659/629/1 629/598/1
f 659/629/1 660/630/1 630/599/1
f 660/630/1 661/631/1 631/600/1
f 661/631/1 662/632/1 632/601/1
f 662/632/1 663/662/1 633/602/1
f 633/602/1 663/662/1 664/39/1
f 53/633/1 665/634/1 635/604/1
f 665/634/1 666/635/1 636/606/1
f 666/635/1 667/636/1 637/607/1
f 667/636/1 668/637/1 638/608/1
f 668/637/1 669/638/1 639/609/1
f 669/638/1 670/639/1 640/610/1
f 670/639/1 671/640/1 641/611/1
f 671/640/1 672/641/1 642/612/1
f 672/641/1 673/642/1 643/613/1
f 673/642/1 674/643/1 644/614/1
f 674/643/1 675/644/1 645/615/1
f 675/644/1 676/645/1 646/616/1
f 676/645/1 677/646/1 647/617/1
f 677/646/1 678/647/1 648/618/1
f 678/647/1 679/648/1 649/619/1
f 679/648/1 680/649/1 650/620/1
f 680/649/1 681/650/1 651/621/1
f 681/650/1 682/651/1 652/622/1
f 682/651/1 683/652/1 653/623/1
f 683/652/1 684/653/1 654/624/1
f 684/653/1 685/654/1 655/625/1
f 685/654/1 686/655/1 656/626/1
f 686/655/1 687/656/1 657/627/1
f 687/656/1 688/657/1 658/628/1
f 688/657/1 689/658/1 659/629/1
f 689/658/1 690/659/1 660/630/1
f 690/659/1 691/660/1 661/631/1
f 691/660/1 692/661/1 662/632/1
f 692/661/1 693/663/1 663/662/1
f 693/663/1 694/41/1 664/39/1
f 54/664/1 695/665/1 665/634/1
f 695/665/1 696/666/1 666/635/1
f 696/666/1 697/667/1 667/636/1
f 697/667/1 698/668/1 668/637/1
f 698/668/1 699/669/1 669/638/1
f 699/669/1 700/670/1 670/639/1
f 700/670/1 701/671/1 671/640/1
f 701/671/1 702/672/1 672/641/1
f 702/672/1 703/673/1 673/642/1
f 703/673/1 704/674/1 674/643/1
f 704/674/1 705/675/1 675/644/1
f 705/675/1 706/676/1 676/645/1
f 706/676/1 707/677/1 677/646/1
f 707/677/1 708/678/1 678/647/1
f 708/678/1 709/679/1 679/648/1
f 709/679/1 710/680/1 680/649/1
f 710/680/1 711/681/1 681/650/1
f 711/681/1 712/682/1 682/651/1
f 712/682/1 713/683/1 683/652/1
f 713/683/1 714/684/1 684/653/1
f 714/684/1 715/685/1 685/654/1
f 715/685/1 716/686/1 686/655/1
f 716/686/1 717/687/1 687/656/1
f 717/687/1 718/688/1 688/657/1
f 718/688/1 719/717/1 689/658/1
f 689/658/1 719/717/1 720/689/1
f 720/689/1 721/690/1 691/660/1
f 721/690/1 722/691/1 692/661/1
f 722/691/1 723/722/1 693/663/1
f 693/663/1 723/722/1 724/43/1
f 55/692/1 725/693/1 695/665/1
f 725/693/1 726/694/1 696/666/1
f 726/694/1 727/695/1 697/667/1
f 727/695/1 728/696/1 698/668/1
f 728/696/1 729/697/1 699/669/1
f 729/697/1 730/698/1 700/670/1
f 730/698/1 731/699/1 701/671/1
f 731/699/1 732/700/1 702/672/1
f 732/700/1 733/701/1 703/673/1
f 733/701/1 734/702/1 704/674/1
f 734/702/1 735/703/1 705/675/1
f 735/703/1 736/704/1 706/676/1
f 736/704/1 737/705/1 707/677/1
f 737/705/1 738/706/1 708/678/1
f 738/706/1 739/707/1 709/679/1
f 739/707/1 740/708/1 710/680/1
f 740/708/1 741/709/1 711/681/1
f 741/709/1 742/710/1 712/682/1
f 742/710/1 743/711/1 713/683/1
f 743/711/1 744/712/1 714/684/1
f 744/712/1 745/713/1 715/685/1
f 745/713/1 746/714/1 716/686/1
f 746/714/1 747/715/1 717/687/1
f 747/715/1 748/716/1 718/688/1
f 748/716/1 749/718/1 719/717/1
f 749/718/1 750/719/1 720/689/1
f 750/719/1 751/720/1 721/690/1
f 751/720/1 752/721/1 722/691/1
f 752/721/1 753/752/1 723/722/1
f 723/722/1 753/752/1 754/45/1
f 56/723/1 755/724/1 725/693/1
f 755/724/1 756/725/1 726/694/1
f 756/725/1 757/726/1 727/695/1
f 757/726/1 758/727/1 728/696/1
f 758/727/1 759/728/1 729/697/1
f 759/728/1 760/729/1 730/698/1
f 760/729/1 761/730/1 731/699/1
f 761/730/1 762/731/1 732/700/1
f 762/731/1 763/732/1 733/701/1
f 763/732/1 764/733/1 734/702/1
f 764/733/1 765/734/1 735/703/1
f 765/734/1 766/735/1 736/704/1
f 766/735/1 767/736/1 737/705/1
f 767/736/1 768/737/1 738/706/1
f 768/737/1 769/738/1 739/707/1
f 769/738/1 770/739/1 740/708/1
f 770/739/1 771/740/1 741/709/1
f 771/740/1 772/741/1 742/710/1
f 772/741/1 773/742/1 743/711/1
f 773/742/1 774/743/1 744/712/1
f 774/743/1 775/744/1 745/713/1
f 775/744/1 776/745/1 746/714/1
f 776/745/1 777/746/1 747/715/1
f 777/746/1 778/747/1 748/716/1
f 778/747/1 779/748/1 749/718/1
f 779/748/1 780/749/1 750/719/1
f 780/749/1 781/750/1 751/720/1
f 781/750/1 782/751/1 752/721/1
f 782/751/1 783/782/1 753/752/1
f 753/752/1 783/782/1 784/47/1
f 57/753/1 785/754/1 755/724/1
f 785/754/1 786/755/1 756/725/1
f 786/755/1 787/756/1 757/726/1
f 787/756/1 788/757/1 758/727/1
f 788/757/1 789/758/1 759/728/1
f 789/758/1 790/759/1 760/729/1
f 790/759/1 791/760/1 761/730/1
f 791/760/1 792/761/1 762/731/1
f 792/761/1 793/762/1 763/732/1
f 793/762/1 794/763/1 764/733/1
f 794/763/1 795/764/1 765/734/1
f 795/764/1 796/765/1 766/735/1
f 796/765/1 797/766/1 767/736/1
f 797/766/1 798/767/1 768/737/1
f 798/767/1 799/768/1 769/738/1
f 799/768/1 800/769/1 770/739/1
f 800/769/1 801/770/1 771/740/1
f 801/770/1 802/771/1 772/741/1
f 802/771/1 803/772/1 773/742/1
f 803/772/1 804/773/1 774/743/1
f 804/773/1 805/774/1 775/744/1
f 805/774/1 806/775/1 776/745/1
f 806/775/1 807/776/1 777/746/1
f 807/776/1 808/777/1 778/747/1
f 808/777/1 809/778/1 779/748/1
f 809/778/1 810/779/1 780/749/1
f 810/779/1 811/780/1 781/750/1
f 811/780/1 812/781/1 782/751/1
f 812/781/1 813/812/1 783/782/1
f 783/782/1 813/812/1 814/49/1
f 58/783/1 815/784/1 785/754/1
f 815/784/1 816/785/1 786/755/1
f 816/785/1 817/786/1 787/756/1
f 817/786/1 818/787/1 788/757/1
f 818/787/1 819/788/1 789/758/1
f 819/788/1 820/789/1 790/759/1
f 820/789/1 821/790/1 791/760/1
f 821/790/1 822/791/1 792/761/1
f 822/791/1 823/792/1 793/762/1
f 823/792/1 824/793/1 794/763/1
f 824/793/1 825/794/1 795/764/1
f 825/794/1 826/795/1 796/765/1
f 826/795/1 827/796/1 797/766/1
f 827/796/1 828/797/1 798/767/1
f 828/797/1 829/798/1 799/768/1
f 829/798/1 830/799/1 800/769/1
f 830/799/1 831/800/1 801/770/1
f 831/800/1 832/801/1 802/771/1
f 832/801/1 833/802/1 803/772/1
f 833/802/1 834/803/1 804/773/1
f 834/803/1 835/804/1 805/774/1
f 835/804/1 836/805/1 806/775/1
f 836/805/1 837/806/1 807/776/1
f 837/806/1 838/807/1 808/777/1
f 838/807/1 839/808/1 809/778/1
f 839/808/1 840/809/1 810/779/1
f 840/809/1 841/810/1 811/780/1
f 841/810/1 842/811/1 812/781/1
f 842/811/1 843/842/1 813/812/1
f 813/812/1 843/842/1 844/51/1
f 59/813/1 845/814/1 815/784/1
f 845/814/1 846/815/1 816/785/1
f 846/815/1 847/816/1 817/786/1
f 847/816/1 848/817/1 818/787/1
f 848/817/1 849/818/1 819/788/1
f 849/818/1 850/819/1 820/789/1
f 850/819/1 851/820/1 821/790/1
f 851/820/1 852/821/1 822/791/1
f 852/821/1 853/822/1 823/792/1
f 853/822/1 854/823/1 824/793/1
f 854/823/1 855/824/1 825/794/1
f 855/824/1 856/825/1 826/795/1
f 856/825/1 857/826/1 827/796/1
f 857/826/1 858/827/1 828/797/1
f 858/827/1 859/828/1 829/798/1
f 859/828/1 860/829/1 830/799/1
f 860/829/1 861/830/1 831/800/1
f 861/830/1 862/831/1 832/801/1
f 862/831/1 863/832/1 833/802/1
f 863/832/1 864/833/1 834/803/1
f 864/833/1 865/834/1 835/804/1
f 865/834/1 866/835/1 836/805/1
f 866/835/1 867/836/1 837/806/1
f 867/836/1 868/837/1 838/807/1
f 868/837/1 869/838/1 839/808/1
f 869/838/1 870/839/1 840/809/1
f 870/839/1 871/840/1 841/810/1
f 871/840/1 872/841/1 842/811/1
f 872/841/1 873/843/1 843/842/1
f 873/843/1 874/53/1 844/51/1
f 60/844/1 875/845/1 845/814/1
f 875/845/1 876/846/1 846/815/1
f 876/846/1 877/847/1 847/816/1
f 877/847/1 878/848/1 848/817/1
f 878/848/1 879/849/1 849/818/1
f 879/849/1 880/850/1 850/819/1
f 880/850/1 881/851/1 851/820/1
f 881/851/1 882/852/1 852/821/1
f 882/852/1 883/853/1 853/822/1
f 883/853/1 884/854/1 854/823/1
f 884/854/1 885/855/1 855/824/1
f 885/855/1 886/856/1 856/825/1
f 886/856/1 887/857/1 857/826/1
f 887/857/1 888/858/1 858/827/1
f 888/858/1 889/859/1 859/828/1
f 889/859/1 890/860/1 860/829/1
f 890/860/1 891/861/1 861/830/1
f 891/861/1 892/862/1 862/831/1
f 892/862/1 893/863/1 863/832/1
f 893/863/1 894/864/1 864/833/1
f 894/864/1 895/865/1 865/834/1
f 895/865/1 896/866/1 866/835/1
f 896/866/1 897/867/1 867/836/1
f 897/867/1 898/868/1 868/837/1
f 898/868/1 899/869/1 869/838/1
f 899/869/1 900/870/1 870/839/1
f 900/870/1 901/871/1 871/840/1
f 901/871/1 902/872/1 872/841/1
f 902/872/1 903/873/1 873/843/1
f 903/873/1 904/55/1 874/53/1
f 61/874/1 905/875/1 875/845/1
f 905/875/1 906/876/1 876/846/1
f 906/876/1 907/877/1 877/847/1
f 907/877/1 908/878/1 878/848/1
f 908/878/1 909/879/1 879/849/1
f 909/879/1 910/880/1 880/850/1
f 910/880/1 911/881/1 881/851/1
f 911/881/1 912/882/1 882/852/1
f 912/882/1 913/883/1 883/853/1
f 913/883/1 914/884/1 884/854/1
f 914/884/1 915/885/1 885/855/1
f 915/885/1 916/886/1 886/856/1
f 916/886/1 917/887/1 887/857/1
f 917/887/1 918/888/1 888/858/1
f 918/888/1 919/889/1 889/859/1
f 919/889/1 920/890/1 890/860/1
f 920/890/1 921/891/1 891/861/1
f 921/891/1 922/892/1 892/862/1
f 922/892/1 923/893/1 893/863/1
f 923/893/1 924/894/1 894/864/1
f 924/894/1 925/895/1 895/865/1
f 925/895/1 926/896/1 896/866/1
f 926/896/1 927/897/1 897/867/1
f 927/897/1 928/898/1 898/868/1
f 928/898/1 929/899/1 899/869/1
f 929/899/1 930/900/1 900/870/1
f 930/900/1 931/901/1 901/871/1
f 931/901/1 932/902/1 902/872/1
f 932/902/1 933/903/1 903/873/1
f 933/903/1 934/57/1 904/55/1
f 62/904/1 935/905/1 905/875/1
f 935/905/1 936/906/1 906/876/1
f 936/906/1 937/907/1 907/877/1
f 937/907/1 938/908/1 908/878/1
f 938/908/1 939/909/1 909/879/1
f 939/909/1 940/910/1 910/880/1
f 940/910/1 941/911/1 911/881/1
f 941/911/1 942/912/1 912/882/1
f 942/912/1 943/913/1 913/883/1
f 943/913/1 944/914/1 914/884/1
f 944/914/1 945/915/1 915/885/1
f 945/915/1 946/916/1 916/886/1
f 946/916/1 947/917/1 917/887/1
f 947/917/1 948/918/1 918/888/1
f 948/918/1 949/919/1 919/889/1
f 949/919/1 950/920/1 920/890/1
f 950/920/1 951/921/1 921/891/1
f 951/921/1 952/922/1 922/892/1
f 952/922/1 953/923/1 923/893/1
f 953/923/1 954/924/1 924/894/1
f 954/924/1 955/925/1 925/895/1
f 955/925/1 956/926/1 926/896/1
f 956/926/1 957/927/1 927/897/1
f 957/927/1 958/928/1 928/898/1
f 958/928/1 959/929/1 929/899/1
f 959/929/1 960/930/1 930/900/1
f 960/930/1 961/931/1 931/901/1
f 961/931/1 962/932/1 932/902/1
f 962/932/1 963/933/1 933/903/1
f 963/933/1 964/59/1 934/57/1
f 63/934/1 965/935/1 935/905/1
f 965/935/1 966/936/1 936/906/1
f 966/936/1 967/937/1 937/907/1
f 967/937/1 968/938/1 938/908/1
f 968/938/1 969/939/1 939/909/1
f 969/939/1 970/940/1 940/910/1
f 970/940/1 971/941/1 941/911/1
f 971/941/1 972/942/1 942/912/1
f 972/942/1 973/943/1 943/913/1
f 973/943/1 974/944/1 944/914/1
f 974/944/1 975/945/1 945/915/1
f 975/945/1 976/946/1 946/916/1
f 976/946/1 977/947/1 947/917/1
f 977/947/1 978/948/1 948/918/1
f 978/948/1 979/949/1 949/919/1
f 979/949/1 980/950/1 950/920/1
f 980/950/1 981/951/1 951/921/1
f 981/951/1 982/952/1 952/922/1
f 982/952/1 983/953/1 953/923/1
f 983/953/1 984/954/1 954/924/1
f 984/954/1 985/955/1 955/925/1
f 985/955/1 986/956/1 956/926/1
f 986/956/1 987/957/1 957/927/1
f 987/957/1 988/958/1 958/928/1
f 988/958/1 989/959/1 959/929/1
f 989/959/1 990/960/1 960/930/1
f 990/960/1 991/961/1 961/931/1
f 991/961/1 992/962/1 962/932/1
f 992/962/1 993/963/1 963/933/1
f 993/963/1 994/61/1 964/59/1
f 64/964/1 995/965/1 965/935/1
f 995/965/1 996/966/1 966/936/1
f 996/966/1 997/967/1 967/937/1
f 997/967/1 998/968/1 968/938/1
f 998/968/1 999/969/1 969/939/1
f 999/969/1 1000/970/1 970/940/1
f 1000/970/1 1001/971/1 971/941/1
f 1001/971/1 1002/972/1 972/942/1
f 1002/972/1 1003/973/1 973/943/1
f 1003/973/1 1004/974/1 974/944/1
f 1004/974/1 1005/975/1 975/945/1
f 1005/975/1 1006/976/1 976/946/1
f 1006/976/1 1007/977/1 977/947/1
f 1007/977/1 1008/978/1 978/948/1
f 1008/978/1 1009/979/1 979/949/1
f 1009/979/1 1010/980/1 980/950/1
f 1010/980/1 1011/981/1 981/951/1
f 1011/981/1 1012/982/1 982/952/1
f 1012/982/1 1013/983/1 983/953/1
f 1013/983/1 1014/984/1 984/954/1
f 1014/984/1 1015/985/1 985/955/1
f 1015/985/1 1016/986/1 986/956/1
f 1016/986/1 1017/987/1 987/957/1
f 1017/987/1 1018/988/1 988/958/1
f 1018/988/1 1019/989/1 989/959/1
f 1019/989/1 1020/990/1 990/960/1
f 1020/990/1 1021/991/1 991/961/1
f 1021/991/1 1022/992/1 992/962/1
f 1022/992/1 1023/993/1 993/963/1
f 1023/993/1 1024/3/1 994/61/1
f 2/994/1 65/995/1 995/965/1
f 65/995/1 66/996/1 996/966/1
f 66/996/1 67/997/1 997/967/1
f 67/997/1 68/998/1 998/968/1
f 68/998/1 69/999/1 999/969/1
f 69/999/1 70/1000/1 1000/970/1
f 70/1000/1 71/1001/1 1001/971/1
f 71/1001/1 72/1002/1 1002/972/1
f 72/1002/1 73/1003/1 1003/973/1
f 73/1003/1 74/1004/1 1004/974/1
f 74/1004/1 75/1005/1 1005/975/1
f 75/1005/1 76/1006/1 1006/976/1
f 76/1006/1 77/1007/1 1007/977/1
f 77/1007/1 78/1008/1 1008/978/1
f 78/1008/1 79/1009/1 1009/979/1
f 79/1009/1 80/1010/1 1010/980/1
f 80/1010/1 81/1011/1 1011/981/1
f 81/1011/1 82/1012/1 1012/982/1
f 82/1012/1 83/1013/1 1013/983/1
f 83/1013/1 84/1014/1 1014/984/1
f 84/1014/1 85/1015/1 1015/985/1
f 85/1015/1 86/1016/1 1016/986/1
f 86/1016/1 87/1017/1 1017/987/1
f 87/1017/1 88/1018/1 1018/988/1
f 88/1018/1 89/1019/1 1019/989/1
f 89/1019/1 90/1020/1 1020/990/1
f 90/1020/1 91/1021/1 1021/991/1
f 91/1021/1 92/1022/1 1022/992/1
f 92/1022/1 93/1023/1 1023/993/1
f 93/1023/1 94/1/1 1024/3/1
