# Blender 4.4.1
# www.blender.org
mtllib mat29Cores.mtl
o chaleira
v 15.464283 1.697500 -4.456060
v 15.463284 1.714650 -4.465067
v 15.348462 1.714650 -4.459059
v 15.348462 1.697500 -4.450000
v 15.462234 1.729350 -4.474522
v 15.348462 1.729350 -4.468568
v 15.461164 1.741600 -4.484177
v 15.348462 1.741600 -4.478280
v 15.460097 1.751400 -4.493787
v 15.348462 1.751400 -4.487945
v 15.459064 1.758750 -4.503102
v 15.348462 1.758750 -4.497315
v 15.458090 1.763650 -4.511877
v 15.348462 1.763650 -4.506140
v 15.457205 1.766100 -4.519862
v 15.348462 1.766100 -4.514172
v 15.456433 1.766100 -4.526811
v 15.348462 1.766100 -4.521162
v 15.455805 1.763650 -4.532477
v 15.348462 1.763650 -4.526860
v 15.455346 1.758750 -4.536612
v 15.348462 1.758750 -4.531019
v 15.455085 1.751400 -4.538967
v 15.348462 1.751400 -4.533388
v 15.455049 1.741600 -4.539297
v 15.348462 1.741600 -4.533720
v 15.455264 1.729350 -4.537354
v 15.348462 1.729350 -4.531765
v 15.455759 1.714650 -4.532889
v 15.348462 1.714650 -4.527275
v 15.456561 1.697500 -4.525657
v 15.348462 1.697500 -4.520000
v 15.576146 1.697500 -4.473844
v 15.574182 1.714650 -4.482697
v 15.572120 1.729350 -4.491990
v 15.570014 1.741600 -4.501482
v 15.567918 1.751400 -4.510927
v 15.565886 1.758750 -4.520084
v 15.563972 1.763650 -4.528709
v 15.562231 1.766100 -4.536558
v 15.560715 1.766100 -4.543389
v 15.559480 1.763650 -4.548958
v 15.558578 1.758750 -4.553022
v 15.558064 1.751400 -4.555338
v 15.557992 1.741600 -4.555663
v 15.558415 1.729350 -4.553752
v 15.559389 1.714650 -4.549364
v 15.560967 1.697500 -4.542254
v 15.683455 1.697500 -4.502752
v 15.680564 1.714650 -4.511355
v 15.677530 1.729350 -4.520387
v 15.674432 1.741600 -4.529611
v 15.671349 1.751400 -4.538791
v 15.668359 1.758750 -4.547690
v 15.665544 1.763650 -4.556071
v 15.662981 1.766100 -4.563700
v 15.660751 1.766100 -4.570338
v 15.658933 1.763650 -4.575750
v 15.657606 1.758750 -4.579700
v 15.656850 1.751400 -4.581951
v 15.656744 1.741600 -4.582266
v 15.657368 1.729350 -4.580409
v 15.658801 1.714650 -4.576145
v 15.661121 1.697500 -4.569235
v 15.785611 1.697500 -4.542189
v 15.781839 1.714650 -4.550452
v 15.777881 1.729350 -4.559126
v 15.773837 1.741600 -4.567986
v 15.769813 1.751400 -4.576802
v 15.765912 1.758750 -4.585349
v 15.762238 1.763650 -4.593400
v 15.758894 1.766100 -4.600726
v 15.755984 1.766100 -4.607102
v 15.753612 1.763650 -4.612300
v 15.751881 1.758750 -4.616094
v 15.750894 1.751400 -4.618255
v 15.750755 1.741600 -4.618558
v 15.751570 1.729350 -4.616775
v 15.753439 1.714650 -4.612679
v 15.756468 1.697500 -4.606042
v 15.882018 1.697500 -4.591556
v 15.877415 1.714650 -4.599393
v 15.872582 1.729350 -4.607620
v 15.867647 1.741600 -4.616023
v 15.862736 1.751400 -4.624385
v 15.857975 1.758750 -4.632492
v 15.853491 1.763650 -4.640127
v 15.849409 1.766100 -4.647076
v 15.845858 1.766100 -4.653123
v 15.842961 1.763650 -4.658054
v 15.840849 1.758750 -4.661652
v 15.839644 1.751400 -4.663702
v 15.839476 1.741600 -4.663989
v 15.840469 1.729350 -4.662298
v 15.842751 1.714650 -4.658412
v 15.846448 1.697500 -4.652119
v 15.972078 1.697500 -4.650256
v 15.966699 1.714650 -4.657587
v 15.961050 1.729350 -4.665283
v 15.955282 1.741600 -4.673142
v 15.949542 1.751400 -4.680964
v 15.943977 1.758750 -4.688547
v 15.938736 1.763650 -4.695689
v 15.933966 1.766100 -4.702189
v 15.929814 1.766100 -4.707846
v 15.926430 1.763650 -4.712457
v 15.923960 1.758750 -4.715823
v 15.922552 1.751400 -4.717740
v 15.922356 1.741600 -4.718009
v 15.923516 1.729350 -4.716427
v 15.926184 1.714650 -4.712793
v 15.930504 1.697500 -4.706905
v 16.055195 1.697500 -4.717692
v 16.049097 1.714650 -4.724442
v 16.042698 1.729350 -4.731527
v 16.036160 1.741600 -4.738763
v 16.029655 1.751400 -4.745964
v 16.023348 1.758750 -4.752944
v 16.017408 1.763650 -4.759520
v 16.012003 1.766100 -4.765504
v 16.007298 1.766100 -4.770711
v 16.003462 1.763650 -4.774957
v 16.000664 1.758750 -4.778056
v 15.999068 1.751400 -4.779821
v 15.998845 1.741600 -4.780068
v 16.000160 1.729350 -4.778612
v 16.003183 1.714650 -4.775267
v 16.008080 1.697500 -4.769846
v 16.130770 1.697500 -4.793268
v 16.124022 1.714650 -4.799365
v 16.116936 1.729350 -4.805766
v 16.109699 1.741600 -4.812302
v 16.102499 1.751400 -4.818808
v 16.095518 1.758750 -4.825114
v 16.088943 1.763650 -4.831054
v 16.082958 1.766100 -4.836460
v 16.077751 1.766100 -4.841165
v 16.073505 1.763650 -4.845000
v 16.070406 1.758750 -4.847799
v 16.068642 1.751400 -4.849394
v 16.068394 1.741600 -4.849617
v 16.069851 1.729350 -4.848302
v 16.073196 1.714650 -4.845280
v 16.078615 1.697500 -4.840383
v 16.198206 1.697500 -4.876384
v 16.190876 1.714650 -4.881764
v 16.183180 1.729350 -4.887412
v 16.175320 1.741600 -4.893180
v 16.167498 1.751400 -4.898921
v 16.159916 1.758750 -4.904485
v 16.152773 1.763650 -4.909727
v 16.146273 1.766100 -4.914497
v 16.140617 1.766100 -4.918648
v 16.136005 1.763650 -4.922033
v 16.132639 1.758750 -4.924502
v 16.130722 1.751400 -4.925910
v 16.130453 1.741600 -4.926107
v 16.132036 1.729350 -4.924946
v 16.135670 1.714650 -4.922279
v 16.141558 1.697500 -4.917958
v 16.256907 1.697500 -4.966444
v 16.249069 1.714650 -4.971047
v 16.240843 1.729350 -4.975880
v 16.232439 1.741600 -4.980815
v 16.224077 1.751400 -4.985726
v 16.215971 1.758750 -4.990487
v 16.208336 1.763650 -4.994972
v 16.201385 1.766100 -4.999053
v 16.195339 1.766100 -5.002605
v 16.190409 1.763650 -5.005501
v 16.186811 1.758750 -5.007614
v 16.184761 1.751400 -5.008818
v 16.184473 1.741600 -5.008986
v 16.186165 1.729350 -5.007993
v 16.190050 1.714650 -5.005712
v 16.196344 1.697500 -5.002015
v 16.306274 1.697500 -5.062851
v 16.298010 1.714650 -5.066623
v 16.289335 1.729350 -5.070582
v 16.280478 1.741600 -5.074625
v 16.271660 1.751400 -5.078650
v 16.263113 1.758750 -5.082550
v 16.255062 1.763650 -5.086225
v 16.247736 1.766100 -5.089568
v 16.241360 1.766100 -5.092478
v 16.236162 1.763650 -5.094851
v 16.232368 1.758750 -5.096582
v 16.230207 1.751400 -5.097569
v 16.229904 1.741600 -5.097707
v 16.231688 1.729350 -5.096893
v 16.235785 1.714650 -5.095024
v 16.242420 1.697500 -5.091995
v 16.345711 1.697500 -5.165008
v 16.337107 1.714650 -5.167898
v 16.328075 1.729350 -5.170932
v 16.318851 1.741600 -5.174030
v 16.309671 1.751400 -5.177114
v 16.300774 1.758750 -5.180103
v 16.292391 1.763650 -5.182919
v 16.284763 1.766100 -5.185482
v 16.278124 1.766100 -5.187711
v 16.272713 1.763650 -5.189529
v 16.268763 1.758750 -5.190856
v 16.266512 1.751400 -5.191612
v 16.266197 1.741600 -5.191718
v 16.268053 1.729350 -5.191094
v 16.272318 1.714650 -5.189662
v 16.279226 1.697500 -5.187341
v 16.374619 1.697500 -5.272316
v 16.365767 1.714650 -5.274281
v 16.356472 1.729350 -5.276343
v 16.346981 1.741600 -5.278449
v 16.337536 1.751400 -5.280545
v 16.328379 1.758750 -5.282576
v 16.319754 1.763650 -5.284490
v 16.311905 1.766100 -5.286232
v 16.305073 1.766100 -5.287747
v 16.299503 1.763650 -5.288983
v 16.295441 1.758750 -5.289885
v 16.293125 1.751400 -5.290399
v 16.292799 1.741600 -5.290471
v 16.294710 1.729350 -5.290047
v 16.299099 1.714650 -5.289073
v 16.306208 1.697500 -5.287495
v 16.392403 1.697500 -5.384180
v 16.383396 1.714650 -5.385179
v 16.373941 1.729350 -5.386228
v 16.364285 1.741600 -5.387299
v 16.354675 1.751400 -5.388365
v 16.345360 1.758750 -5.389399
v 16.336586 1.763650 -5.390372
v 16.328600 1.766100 -5.391258
v 16.321651 1.766100 -5.392029
v 16.315985 1.763650 -5.392658
v 16.311852 1.758750 -5.393116
v 16.309496 1.751400 -5.393378
v 16.309166 1.741600 -5.393414
v 16.311110 1.729350 -5.393198
v 16.315573 1.714650 -5.392704
v 16.322805 1.697500 -5.391901
v 16.398462 1.697500 -5.500000
v 16.389404 1.714650 -5.500000
v 16.379894 1.729350 -5.500000
v 16.370182 1.741600 -5.500000
v 16.360518 1.751400 -5.500000
v 16.351147 1.758750 -5.500000
v 16.342323 1.763650 -5.500000
v 16.334290 1.766100 -5.500000
v 16.327301 1.766100 -5.500000
v 16.321602 1.763650 -5.500000
v 16.317444 1.758750 -5.500000
v 16.315075 1.751400 -5.500000
v 16.314743 1.741600 -5.500000
v 16.316698 1.729350 -5.500000
v 16.321188 1.714650 -5.500000
v 16.328463 1.697500 -5.500000
v 14.304523 1.697500 -5.384180
v 14.313529 1.714650 -5.385179
v 14.307521 1.714650 -5.500000
v 14.298462 1.697500 -5.500000
v 14.322984 1.729350 -5.386228
v 14.317031 1.729350 -5.500000
v 14.332640 1.741600 -5.387299
v 14.326742 1.741600 -5.500000
v 14.342249 1.751400 -5.388365
v 14.336408 1.751400 -5.500000
v 14.351564 1.758750 -5.389399
v 14.345778 1.758750 -5.500000
v 14.360339 1.763650 -5.390372
v 14.354603 1.763650 -5.500000
v 14.368324 1.766100 -5.391258
v 14.362635 1.766100 -5.500000
v 14.375274 1.766100 -5.392029
v 14.369624 1.766100 -5.500000
v 14.380939 1.763650 -5.392658
v 14.375322 1.763650 -5.500000
v 14.385074 1.758750 -5.393116
v 14.379481 1.758750 -5.500000
v 14.387430 1.751400 -5.393378
v 14.381850 1.751400 -5.500000
v 14.387760 1.741600 -5.393414
v 14.382182 1.741600 -5.500000
v 14.385817 1.729350 -5.393198
v 14.380228 1.729350 -5.500000
v 14.381351 1.714650 -5.392704
v 14.375737 1.714650 -5.500000
v 14.374119 1.697500 -5.391901
v 14.368463 1.697500 -5.500000
v 14.322306 1.697500 -5.272316
v 14.331159 1.714650 -5.274281
v 14.340452 1.729350 -5.276343
v 14.349944 1.741600 -5.278449
v 14.359389 1.751400 -5.280545
v 14.368546 1.758750 -5.282576
v 14.377172 1.763650 -5.284490
v 14.385021 1.766100 -5.286232
v 14.391851 1.766100 -5.287747
v 14.397421 1.763650 -5.288983
v 14.401484 1.758750 -5.289885
v 14.403801 1.751400 -5.290399
v 14.404125 1.741600 -5.290471
v 14.402214 1.729350 -5.290047
v 14.397826 1.714650 -5.289073
v 14.390717 1.697500 -5.287495
v 14.351214 1.697500 -5.165008
v 14.359818 1.714650 -5.167898
v 14.368850 1.729350 -5.170932
v 14.378074 1.741600 -5.174030
v 14.387253 1.751400 -5.177114
v 14.396152 1.758750 -5.180103
v 14.404534 1.763650 -5.182919
v 14.412163 1.766100 -5.185482
v 14.418800 1.766100 -5.187711
v 14.424213 1.763650 -5.189529
v 14.428163 1.758750 -5.190856
v 14.430413 1.751400 -5.191612
v 14.430728 1.741600 -5.191718
v 14.428871 1.729350 -5.191094
v 14.424607 1.714650 -5.189662
v 14.417698 1.697500 -5.187341
v 14.390651 1.697500 -5.062851
v 14.398914 1.714650 -5.066623
v 14.407589 1.729350 -5.070582
v 14.416448 1.741600 -5.074625
v 14.425264 1.751400 -5.078650
v 14.433811 1.758750 -5.082550
v 14.441862 1.763650 -5.086225
v 14.449188 1.766100 -5.089568
v 14.455564 1.766100 -5.092478
v 14.460763 1.763650 -5.094851
v 14.464556 1.758750 -5.096582
v 14.466718 1.751400 -5.097569
v 14.467020 1.741600 -5.097707
v 14.465237 1.729350 -5.096893
v 14.461141 1.714650 -5.095024
v 14.454505 1.697500 -5.091995
v 14.440018 1.697500 -4.966444
v 14.447855 1.714650 -4.971047
v 14.456083 1.729350 -4.975880
v 14.464485 1.741600 -4.980815
v 14.472848 1.751400 -4.985726
v 14.480954 1.758750 -4.990488
v 14.488589 1.763650 -4.994972
v 14.495539 1.766100 -4.999053
v 14.501586 1.766100 -5.002605
v 14.506516 1.763650 -5.005501
v 14.510114 1.758750 -5.007614
v 14.512164 1.751400 -5.008818
v 14.512451 1.741600 -5.008986
v 14.510760 1.729350 -5.007993
v 14.506875 1.714650 -5.005712
v 14.500581 1.697500 -5.002015
v 14.498718 1.697500 -4.876384
v 14.506049 1.714650 -4.881764
v 14.513745 1.729350 -4.887412
v 14.521605 1.741600 -4.893180
v 14.529427 1.751400 -4.898921
v 14.537009 1.758750 -4.904485
v 14.544151 1.763650 -4.909727
v 14.550652 1.766100 -4.914497
v 14.556308 1.766100 -4.918648
v 14.560920 1.763650 -4.922033
v 14.564285 1.758750 -4.924502
v 14.566203 1.751400 -4.925910
v 14.566471 1.741600 -4.926107
v 14.564889 1.729350 -4.924946
v 14.561255 1.714650 -4.922279
v 14.555368 1.697500 -4.917958
v 14.566154 1.697500 -4.793268
v 14.572904 1.714650 -4.799365
v 14.579989 1.729350 -4.805765
v 14.587225 1.741600 -4.812302
v 14.594426 1.751400 -4.818808
v 14.601407 1.758750 -4.825114
v 14.607983 1.763650 -4.831054
v 14.613966 1.766100 -4.836460
v 14.619174 1.766100 -4.841165
v 14.623420 1.763650 -4.845000
v 14.626518 1.758750 -4.847799
v 14.628284 1.751400 -4.849394
v 14.628531 1.741600 -4.849617
v 14.627074 1.729350 -4.848302
v 14.623729 1.714650 -4.845280
v 14.618309 1.697500 -4.840383
v 14.641730 1.697500 -4.717692
v 14.647827 1.714650 -4.724442
v 14.654228 1.729350 -4.731527
v 14.660765 1.741600 -4.738763
v 14.667270 1.751400 -4.745964
v 14.673576 1.758750 -4.752944
v 14.679517 1.763650 -4.759520
v 14.684923 1.766100 -4.765504
v 14.689628 1.766100 -4.770711
v 14.693462 1.763650 -4.774957
v 14.696261 1.758750 -4.778056
v 14.697857 1.751400 -4.779821
v 14.698080 1.741600 -4.780068
v 14.696764 1.729350 -4.778612
v 14.693742 1.714650 -4.775267
v 14.688846 1.697500 -4.769846
v 14.724847 1.697500 -4.650256
v 14.730227 1.714650 -4.657587
v 14.735874 1.729350 -4.665283
v 14.741642 1.741600 -4.673142
v 14.747383 1.751400 -4.680964
v 14.752948 1.758750 -4.688547
v 14.758189 1.763650 -4.695689
v 14.762959 1.766100 -4.702189
v 14.767111 1.766100 -4.707846
v 14.770495 1.763650 -4.712457
v 14.772964 1.758750 -4.715823
v 14.774372 1.751400 -4.717741
v 14.774570 1.741600 -4.718009
v 14.773408 1.729350 -4.716427
v 14.770741 1.714650 -4.712793
v 14.766421 1.697500 -4.706905
v 14.814907 1.697500 -4.591556
v 14.819510 1.714650 -4.599393
v 14.824342 1.729350 -4.607620
v 14.829277 1.741600 -4.616023
v 14.834188 1.751400 -4.624385
v 14.838950 1.758750 -4.632492
v 14.843434 1.763650 -4.640127
v 14.847516 1.766100 -4.647076
v 14.851068 1.766100 -4.653123
v 14.853963 1.763650 -4.658054
v 14.856076 1.758750 -4.661652
v 14.857281 1.751400 -4.663702
v 14.857449 1.741600 -4.663989
v 14.856456 1.729350 -4.662298
v 14.854174 1.714650 -4.658412
v 14.850477 1.697500 -4.652119
v 14.911314 1.697500 -4.542189
v 14.915085 1.714650 -4.550452
v 14.919044 1.729350 -4.559126
v 14.923088 1.741600 -4.567986
v 14.927112 1.751400 -4.576802
v 14.931012 1.758750 -4.585349
v 14.934687 1.763650 -4.593400
v 14.938031 1.766100 -4.600726
v 14.940941 1.766100 -4.607102
v 14.943314 1.763650 -4.612300
v 14.945045 1.758750 -4.616094
v 14.946032 1.751400 -4.618255
v 14.946169 1.741600 -4.618558
v 14.945355 1.729350 -4.616775
v 14.943486 1.714650 -4.612679
v 14.940457 1.697500 -4.606042
v 15.013471 1.697500 -4.502752
v 15.016360 1.714650 -4.511355
v 15.019394 1.729350 -4.520387
v 15.022492 1.741600 -4.529611
v 15.025577 1.751400 -4.538791
v 15.028565 1.758750 -4.547689
v 15.031382 1.763650 -4.556071
v 15.033944 1.766100 -4.563700
v 15.036174 1.766100 -4.570338
v 15.037992 1.763650 -4.575750
v 15.039318 1.758750 -4.579700
v 15.040074 1.751400 -4.581951
v 15.040180 1.741600 -4.582266
v 15.039557 1.729350 -4.580409
v 15.038124 1.714650 -4.576145
v 15.035803 1.697500 -4.569235
v 15.120779 1.697500 -4.473844
v 15.122743 1.714650 -4.482697
v 15.124805 1.729350 -4.491990
v 15.126911 1.741600 -4.501482
v 15.129007 1.751400 -4.510927
v 15.131039 1.758750 -4.520084
v 15.132953 1.763650 -4.528709
v 15.134694 1.766100 -4.536558
v 15.136209 1.766100 -4.543389
v 15.137445 1.763650 -4.548958
v 15.138347 1.758750 -4.553022
v 15.138861 1.751400 -4.555338
v 15.138933 1.741600 -4.555663
v 15.138509 1.729350 -4.553752
v 15.137535 1.714650 -4.549364
v 15.135958 1.697500 -4.542254
v 15.232642 1.697500 -4.456060
v 15.233641 1.714650 -4.465067
v 15.234690 1.729350 -4.474522
v 15.235762 1.741600 -4.484177
v 15.236828 1.751400 -4.493787
v 15.237861 1.758750 -4.503102
v 15.238834 1.763650 -4.511877
v 15.239720 1.766100 -4.519862
v 15.240492 1.766100 -4.526811
v 15.241120 1.763650 -4.532477
v 15.241579 1.758750 -4.536612
v 15.241840 1.751400 -4.538967
v 15.241877 1.741600 -4.539297
v 15.241661 1.729350 -4.537354
v 15.241166 1.714650 -4.532889
v 15.240363 1.697500 -4.525657
v 15.232642 1.697500 -6.543940
v 15.233641 1.714650 -6.534933
v 15.348462 1.714650 -6.540941
v 15.348462 1.697500 -6.550000
v 15.234690 1.729350 -6.525478
v 15.348462 1.729350 -6.531432
v 15.235762 1.741600 -6.515823
v 15.348462 1.741600 -6.521720
v 15.236828 1.751400 -6.506213
v 15.348462 1.751400 -6.512055
v 15.237861 1.758750 -6.496898
v 15.348462 1.758750 -6.502685
v 15.238834 1.763650 -6.488123
v 15.348462 1.763650 -6.493860
v 15.239720 1.766100 -6.480138
v 15.348462 1.766100 -6.485828
v 15.240492 1.766100 -6.473189
v 15.348462 1.766100 -6.478838
v 15.241120 1.763650 -6.467523
v 15.348462 1.763650 -6.473140
v 15.241579 1.758750 -6.463388
v 15.348462 1.758750 -6.468981
v 15.241840 1.751400 -6.461033
v 15.348462 1.751400 -6.466612
v 15.241877 1.741600 -6.460703
v 15.348462 1.741600 -6.466280
v 15.241661 1.729350 -6.462646
v 15.348462 1.729350 -6.468235
v 15.241166 1.714650 -6.467111
v 15.348462 1.714650 -6.472725
v 15.240363 1.697500 -6.474343
v 15.348462 1.697500 -6.480000
v 15.120779 1.697500 -6.526156
v 15.122743 1.714650 -6.517303
v 15.124805 1.729350 -6.508010
v 15.126911 1.741600 -6.498518
v 15.129007 1.751400 -6.489073
v 15.131039 1.758750 -6.479916
v 15.132953 1.763650 -6.471291
v 15.134694 1.766100 -6.463442
v 15.136209 1.766100 -6.456611
v 15.137445 1.763650 -6.451042
v 15.138347 1.758750 -6.446978
v 15.138861 1.751400 -6.444662
v 15.138933 1.741600 -6.444337
v 15.138509 1.729350 -6.446248
v 15.137535 1.714650 -6.450636
v 15.135958 1.697500 -6.457746
v 15.013471 1.697500 -6.497248
v 15.016360 1.714650 -6.488645
v 15.019394 1.729350 -6.479613
v 15.022492 1.741600 -6.470389
v 15.025577 1.751400 -6.461209
v 15.028565 1.758750 -6.452310
v 15.031382 1.763650 -6.443929
v 15.033944 1.766100 -6.436300
v 15.036174 1.766100 -6.429662
v 15.037992 1.763650 -6.424250
v 15.039318 1.758750 -6.420300
v 15.040074 1.751400 -6.418049
v 15.040180 1.741600 -6.417734
v 15.039557 1.729350 -6.419591
v 15.038124 1.714650 -6.423855
v 15.035803 1.697500 -6.430765
v 14.911314 1.697500 -6.457811
v 14.915085 1.714650 -6.449548
v 14.919044 1.729350 -6.440874
v 14.923088 1.741600 -6.432014
v 14.927112 1.751400 -6.423198
v 14.931013 1.758750 -6.414651
v 14.934687 1.763650 -6.406600
v 14.938031 1.766100 -6.399274
v 14.940941 1.766100 -6.392898
v 14.943314 1.763650 -6.387700
v 14.945045 1.758750 -6.383906
v 14.946032 1.751400 -6.381745
v 14.946169 1.741600 -6.381442
v 14.945355 1.729350 -6.383225
v 14.943486 1.714650 -6.387321
v 14.940457 1.697500 -6.393958
v 14.814907 1.697500 -6.408444
v 14.819510 1.714650 -6.400607
v 14.824342 1.729350 -6.392380
v 14.829277 1.741600 -6.383977
v 14.834188 1.751400 -6.375615
v 14.838950 1.758750 -6.367508
v 14.843434 1.763650 -6.359873
v 14.847516 1.766100 -6.352924
v 14.851068 1.766100 -6.346877
v 14.853963 1.763650 -6.341946
v 14.856076 1.758750 -6.338348
v 14.857281 1.751400 -6.336298
v 14.857449 1.741600 -6.336011
v 14.856456 1.729350 -6.337702
v 14.854174 1.714650 -6.341588
v 14.850477 1.697500 -6.347881
v 14.724847 1.697500 -6.349744
v 14.730227 1.714650 -6.342413
v 14.735874 1.729350 -6.334717
v 14.741642 1.741600 -6.326858
v 14.747383 1.751400 -6.319036
v 14.752948 1.758750 -6.311453
v 14.758189 1.763650 -6.304311
v 14.762959 1.766100 -6.297811
v 14.767111 1.766100 -6.292154
v 14.770495 1.763650 -6.287543
v 14.772964 1.758750 -6.284177
v 14.774372 1.751400 -6.282260
v 14.774570 1.741600 -6.281991
v 14.773408 1.729350 -6.283573
v 14.770741 1.714650 -6.287207
v 14.766421 1.697500 -6.293095
v 14.641730 1.697500 -6.282308
v 14.647827 1.714650 -6.275558
v 14.654228 1.729350 -6.268473
v 14.660765 1.741600 -6.261237
v 14.667270 1.751400 -6.254036
v 14.673576 1.758750 -6.247056
v 14.679517 1.763650 -6.240480
v 14.684923 1.766100 -6.234496
v 14.689628 1.766100 -6.229289
v 14.693462 1.763650 -6.225043
v 14.696261 1.758750 -6.221944
v 14.697857 1.751400 -6.220179
v 14.698080 1.741600 -6.219932
v 14.696764 1.729350 -6.221388
v 14.693742 1.714650 -6.224733
v 14.688846 1.697500 -6.230154
v 14.566154 1.697500 -6.206732
v 14.572904 1.714650 -6.200635
v 14.579989 1.729350 -6.194234
v 14.587225 1.741600 -6.187698
v 14.594426 1.751400 -6.181192
v 14.601407 1.758750 -6.174886
v 14.607983 1.763650 -6.168946
v 14.613966 1.766100 -6.163540
v 14.619174 1.766100 -6.158835
v 14.623420 1.763650 -6.155000
v 14.626518 1.758750 -6.152201
v 14.628284 1.751400 -6.150606
v 14.628531 1.741600 -6.150383
v 14.627074 1.729350 -6.151698
v 14.623729 1.714650 -6.154720
v 14.618309 1.697500 -6.159617
v 14.498718 1.697500 -6.123616
v 14.506049 1.714650 -6.118236
v 14.513745 1.729350 -6.112588
v 14.521605 1.741600 -6.106820
v 14.529427 1.751400 -6.101079
v 14.537009 1.758750 -6.095515
v 14.544151 1.763650 -6.090273
v 14.550652 1.766100 -6.085503
v 14.556308 1.766100 -6.081352
v 14.560920 1.763650 -6.077967
v 14.564285 1.758750 -6.075498
v 14.566203 1.751400 -6.074090
v 14.566471 1.741600 -6.073893
v 14.564889 1.729350 -6.075054
v 14.561255 1.714650 -6.077721
v 14.555368 1.697500 -6.082042
v 14.440018 1.697500 -6.033556
v 14.447855 1.714650 -6.028953
v 14.456083 1.729350 -6.024120
v 14.464485 1.741600 -6.019185
v 14.472847 1.751400 -6.014274
v 14.480954 1.758750 -6.009513
v 14.488589 1.763650 -6.005028
v 14.495539 1.766100 -6.000947
v 14.501586 1.766100 -5.997395
v 14.506516 1.763650 -5.994499
v 14.510114 1.758750 -5.992386
v 14.512164 1.751400 -5.991182
v 14.512451 1.741600 -5.991014
v 14.510760 1.729350 -5.992007
v 14.506875 1.714650 -5.994288
v 14.500581 1.697500 -5.997985
v 14.390651 1.697500 -5.937149
v 14.398914 1.714650 -5.933377
v 14.407589 1.729350 -5.929418
v 14.416448 1.741600 -5.925375
v 14.425264 1.751400 -5.921350
v 14.433811 1.758750 -5.917450
v 14.441862 1.763650 -5.913775
v 14.449188 1.766100 -5.910432
v 14.455564 1.766100 -5.907522
v 14.460763 1.763650 -5.905149
v 14.464556 1.758750 -5.903418
v 14.466718 1.751400 -5.902431
v 14.467020 1.741600 -5.902293
v 14.465237 1.729350 -5.903107
v 14.461141 1.714650 -5.904976
v 14.454505 1.697500 -5.908005
v 14.351214 1.697500 -5.834992
v 14.359818 1.714650 -5.832102
v 14.368850 1.729350 -5.829068
v 14.378074 1.741600 -5.825970
v 14.387253 1.751400 -5.822886
v 14.396152 1.758750 -5.819897
v 14.404534 1.763650 -5.817081
v 14.412163 1.766100 -5.814518
v 14.418800 1.766100 -5.812289
v 14.424213 1.763650 -5.810471
v 14.428163 1.758750 -5.809144
v 14.430413 1.751400 -5.808388
v 14.430728 1.741600 -5.808282
v 14.428871 1.729350 -5.808906
v 14.424607 1.714650 -5.810338
v 14.417698 1.697500 -5.812659
v 14.322306 1.697500 -5.727684
v 14.331159 1.714650 -5.725719
v 14.340452 1.729350 -5.723657
v 14.349944 1.741600 -5.721551
v 14.359389 1.751400 -5.719455
v 14.368546 1.758750 -5.717424
v 14.377172 1.763650 -5.715510
v 14.385021 1.766100 -5.713768
v 14.391851 1.766100 -5.712253
v 14.397421 1.763650 -5.711017
v 14.401484 1.758750 -5.710115
v 14.403801 1.751400 -5.709601
v 14.404125 1.741600 -5.709529
v 14.402214 1.729350 -5.709953
v 14.397826 1.714650 -5.710927
v 14.390717 1.697500 -5.712505
v 14.304523 1.697500 -5.615820
v 14.313529 1.714650 -5.614821
v 14.322984 1.729350 -5.613772
v 14.332640 1.741600 -5.612701
v 14.342249 1.751400 -5.611635
v 14.351564 1.758750 -5.610601
v 14.360339 1.763650 -5.609628
v 14.368324 1.766100 -5.608742
v 14.375274 1.766100 -5.607971
v 14.380939 1.763650 -5.607342
v 14.385074 1.758750 -5.606884
v 14.387430 1.751400 -5.606622
v 14.387760 1.741600 -5.606586
v 14.385817 1.729350 -5.606802
v 14.381351 1.714650 -5.607296
v 14.374119 1.697500 -5.608099
v 16.392403 1.697500 -5.615820
v 16.383396 1.714650 -5.614821
v 16.373941 1.729350 -5.613772
v 16.364285 1.741600 -5.612701
v 16.354675 1.751400 -5.611635
v 16.345360 1.758750 -5.610601
v 16.336586 1.763650 -5.609628
v 16.328600 1.766100 -5.608742
v 16.321651 1.766100 -5.607971
v 16.315985 1.763650 -5.607342
v 16.311852 1.758750 -5.606884
v 16.309496 1.751400 -5.606622
v 16.309166 1.741600 -5.606586
v 16.311110 1.729350 -5.606802
v 16.315573 1.714650 -5.607296
v 16.322805 1.697500 -5.608099
v 16.374619 1.697500 -5.727684
v 16.365767 1.714650 -5.725719
v 16.356472 1.729350 -5.723657
v 16.346981 1.741600 -5.721551
v 16.337536 1.751400 -5.719455
v 16.328379 1.758750 -5.717424
v 16.319754 1.763650 -5.715510
v 16.311905 1.766100 -5.713768
v 16.305073 1.766100 -5.712253
v 16.299503 1.763650 -5.711017
v 16.295441 1.758750 -5.710115
v 16.293125 1.751400 -5.709601
v 16.292799 1.741600 -5.709529
v 16.294710 1.729350 -5.709953
v 16.299099 1.714650 -5.710927
v 16.306208 1.697500 -5.712505
v 16.345711 1.697500 -5.834992
v 16.337107 1.714650 -5.832102
v 16.328075 1.729350 -5.829068
v 16.318851 1.741600 -5.825970
v 16.309671 1.751400 -5.822886
v 16.300774 1.758750 -5.819897
v 16.292391 1.763650 -5.817081
v 16.284763 1.766100 -5.814518
v 16.278124 1.766100 -5.812289
v 16.272713 1.763650 -5.810471
v 16.268763 1.758750 -5.809144
v 16.266512 1.751400 -5.808388
v 16.266197 1.741600 -5.808282
v 16.268053 1.729350 -5.808906
v 16.272318 1.714650 -5.810338
v 16.279226 1.697500 -5.812659
v 16.306274 1.697500 -5.937149
v 16.298010 1.714650 -5.933377
v 16.289335 1.729350 -5.929418
v 16.280478 1.741600 -5.925375
v 16.271660 1.751400 -5.921350
v 16.263113 1.758750 -5.917450
v 16.255062 1.763650 -5.913775
v 16.247736 1.766100 -5.910432
v 16.241360 1.766100 -5.907522
v 16.236162 1.763650 -5.905149
v 16.232368 1.758750 -5.903418
v 16.230207 1.751400 -5.902431
v 16.229904 1.741600 -5.902293
v 16.231688 1.729350 -5.903107
v 16.235785 1.714650 -5.904976
v 16.242420 1.697500 -5.908005
v 16.256907 1.697500 -6.033556
v 16.249069 1.714650 -6.028953
v 16.240843 1.729350 -6.024120
v 16.232439 1.741600 -6.019185
v 16.224077 1.751400 -6.014274
v 16.215971 1.758750 -6.009512
v 16.208336 1.763650 -6.005028
v 16.201385 1.766100 -6.000947
v 16.195339 1.766100 -5.997395
v 16.190409 1.763650 -5.994499
v 16.186811 1.758750 -5.992386
v 16.184761 1.751400 -5.991182
v 16.184473 1.741600 -5.991014
v 16.186165 1.729350 -5.992007
v 16.190050 1.714650 -5.994288
v 16.196344 1.697500 -5.997985
v 16.198206 1.697500 -6.123616
v 16.190876 1.714650 -6.118236
v 16.183180 1.729350 -6.112588
v 16.175320 1.741600 -6.106820
v 16.167498 1.751400 -6.101079
v 16.159916 1.758750 -6.095515
v 16.152773 1.763650 -6.090273
v 16.146273 1.766100 -6.085503
v 16.140617 1.766100 -6.081352
v 16.136005 1.763650 -6.077967
v 16.132639 1.758750 -6.075498
v 16.130722 1.751400 -6.074090
v 16.130453 1.741600 -6.073893
v 16.132036 1.729350 -6.075054
v 16.135670 1.714650 -6.077721
v 16.141558 1.697500 -6.082042
v 16.130770 1.697500 -6.206732
v 16.124022 1.714650 -6.200635
v 16.116936 1.729350 -6.194235
v 16.109699 1.741600 -6.187698
v 16.102499 1.751400 -6.181192
v 16.095518 1.758750 -6.174886
v 16.088943 1.763650 -6.168946
v 16.082958 1.766100 -6.163540
v 16.077751 1.766100 -6.158835
v 16.073505 1.763650 -6.155000
v 16.070406 1.758750 -6.152201
v 16.068642 1.751400 -6.150606
v 16.068394 1.741600 -6.150383
v 16.069851 1.729350 -6.151698
v 16.073196 1.714650 -6.154720
v 16.078615 1.697500 -6.159617
v 16.055195 1.697500 -6.282308
v 16.049097 1.714650 -6.275558
v 16.042698 1.729350 -6.268473
v 16.036160 1.741600 -6.261237
v 16.029655 1.751400 -6.254036
v 16.023348 1.758750 -6.247056
v 16.017408 1.763650 -6.240480
v 16.012003 1.766100 -6.234496
v 16.007298 1.766100 -6.229289
v 16.003462 1.763650 -6.225043
v 16.000664 1.758750 -6.221944
v 15.999068 1.751400 -6.220179
v 15.998845 1.741600 -6.219932
v 16.000160 1.729350 -6.221388
v 16.003183 1.714650 -6.224733
v 16.008080 1.697500 -6.230154
v 15.972078 1.697500 -6.349744
v 15.966699 1.714650 -6.342413
v 15.961050 1.729350 -6.334717
v 15.955282 1.741600 -6.326858
v 15.949542 1.751400 -6.319036
v 15.943977 1.758750 -6.311453
v 15.938736 1.763650 -6.304311
v 15.933966 1.766100 -6.297811
v 15.929814 1.766100 -6.292154
v 15.926430 1.763650 -6.287543
v 15.923960 1.758750 -6.284177
v 15.922552 1.751400 -6.282259
v 15.922356 1.741600 -6.281991
v 15.923516 1.729350 -6.283573
v 15.926184 1.714650 -6.287207
v 15.930504 1.697500 -6.293095
v 15.882018 1.697500 -6.408444
v 15.877415 1.714650 -6.400607
v 15.872582 1.729350 -6.392380
v 15.867647 1.741600 -6.383977
v 15.862736 1.751400 -6.375615
v 15.857975 1.758750 -6.367508
v 15.853491 1.763650 -6.359873
v 15.849409 1.766100 -6.352924
v 15.845858 1.766100 -6.346877
v 15.842961 1.763650 -6.341946
v 15.840849 1.758750 -6.338348
v 15.839644 1.751400 -6.336298
v 15.839476 1.741600 -6.336011
v 15.840469 1.729350 -6.337702
v 15.842751 1.714650 -6.341588
v 15.846448 1.697500 -6.347881
v 15.785611 1.697500 -6.457811
v 15.781839 1.714650 -6.449548
v 15.777881 1.729350 -6.440874
v 15.773837 1.741600 -6.432014
v 15.769814 1.751400 -6.423198
v 15.765912 1.758750 -6.414651
v 15.762238 1.763650 -6.406600
v 15.758894 1.766100 -6.399274
v 15.755984 1.766100 -6.392898
v 15.753612 1.763650 -6.387700
v 15.751881 1.758750 -6.383906
v 15.750894 1.751400 -6.381745
v 15.750755 1.741600 -6.381442
v 15.751570 1.729350 -6.383225
v 15.753439 1.714650 -6.387321
v 15.756468 1.697500 -6.393958
v 15.683455 1.697500 -6.497248
v 15.680564 1.714650 -6.488645
v 15.677530 1.729350 -6.479613
v 15.674432 1.741600 -6.470389
v 15.671349 1.751400 -6.461209
v 15.668359 1.758750 -6.452311
v 15.665544 1.763650 -6.443929
v 15.662981 1.766100 -6.436300
v 15.660751 1.766100 -6.429662
v 15.658933 1.763650 -6.424250
v 15.657606 1.758750 -6.420300
v 15.656850 1.751400 -6.418049
v 15.656744 1.741600 -6.417734
v 15.657368 1.729350 -6.419591
v 15.658801 1.714650 -6.423855
v 15.661121 1.697500 -6.430765
v 15.576146 1.697500 -6.526156
v 15.574182 1.714650 -6.517303
v 15.572120 1.729350 -6.508010
v 15.570014 1.741600 -6.498518
v 15.567918 1.751400 -6.489073
v 15.565886 1.758750 -6.479916
v 15.563972 1.763650 -6.471291
v 15.562231 1.766100 -6.463442
v 15.560715 1.766100 -6.456611
v 15.559480 1.763650 -6.451042
v 15.558578 1.758750 -6.446978
v 15.558064 1.751400 -6.444662
v 15.557992 1.741600 -6.444337
v 15.558415 1.729350 -6.446248
v 15.559389 1.714650 -6.450636
v 15.560967 1.697500 -6.457746
v 15.464283 1.697500 -6.543940
v 15.463284 1.714650 -6.534933
v 15.462234 1.729350 -6.525478
v 15.461164 1.741600 -6.515823
v 15.460097 1.751400 -6.506213
v 15.459064 1.758750 -6.496898
v 15.458090 1.763650 -6.488123
v 15.457205 1.766100 -6.480138
v 15.456433 1.766100 -6.473189
v 15.455805 1.763650 -6.467523
v 15.455346 1.758750 -6.463388
v 15.455085 1.751400 -6.461033
v 15.455049 1.741600 -6.460703
v 15.455264 1.729350 -6.462646
v 15.455759 1.714650 -6.467111
v 15.456561 1.697500 -6.474343
v 15.502890 0.647500 -4.108081
v 15.502638 0.711184 -4.110349
v 15.348462 0.711184 -4.102282
v 15.348462 0.647500 -4.100000
v 15.501905 0.776176 -4.116948
v 15.348462 0.776176 -4.108919
v 15.500728 0.842380 -4.127567
v 15.348462 0.842380 -4.119600
v 15.499138 0.909704 -4.141899
v 15.348462 0.909704 -4.134015
v 15.497170 0.978055 -4.159633
v 15.348462 0.978055 -4.151852
v 15.494860 1.047340 -4.180460
v 15.348462 1.047340 -4.172800
v 15.492240 1.117464 -4.204072
v 15.348462 1.117464 -4.196548
v 15.489346 1.188336 -4.230157
v 15.348462 1.188336 -4.222785
v 15.486212 1.259860 -4.258408
v 15.348462 1.259860 -4.251200
v 15.482871 1.331944 -4.288515
v 15.348462 1.331944 -4.281482
v 15.479360 1.404496 -4.320168
v 15.348462 1.404496 -4.313318
v 15.475711 1.477420 -4.353058
v 15.348462 1.477420 -4.346400
v 15.471958 1.550624 -4.386877
v 15.348462 1.550624 -4.380415
v 15.468138 1.624015 -4.421314
v 15.348462 1.624015 -4.415052
v 15.652040 0.647500 -4.131792
v 15.651546 0.711184 -4.134021
v 15.650106 0.776176 -4.140508
v 15.647790 0.842380 -4.150947
v 15.644665 0.909704 -4.165034
v 15.640797 0.978055 -4.182466
v 15.636254 1.047340 -4.202938
v 15.631104 1.117464 -4.226147
v 15.625416 1.188336 -4.251789
v 15.619254 1.259860 -4.279558
v 15.612688 1.331944 -4.309152
v 15.605784 1.404496 -4.340266
v 15.598611 1.477420 -4.372596
v 15.591235 1.550624 -4.405838
v 15.583724 1.624015 -4.439689
v 15.795118 0.647500 -4.170336
v 15.794391 0.711184 -4.172503
v 15.792273 0.776176 -4.178806
v 15.788865 0.842380 -4.188951
v 15.784266 0.909704 -4.202642
v 15.778576 0.978055 -4.219583
v 15.771893 1.047340 -4.239479
v 15.764316 1.117464 -4.262033
v 15.755945 1.188336 -4.286952
v 15.746880 1.259860 -4.313940
v 15.737219 1.331944 -4.342700
v 15.727061 1.404496 -4.372937
v 15.716507 1.477420 -4.404357
v 15.705655 1.550624 -4.436663
v 15.694604 1.624015 -4.469560
v 15.931327 0.647500 -4.222918
v 15.930377 0.711184 -4.224999
v 15.927614 0.776175 -4.231053
v 15.923167 0.842380 -4.240797
v 15.917166 0.909704 -4.253946
v 15.909739 0.978055 -4.270217
v 15.901018 1.047340 -4.289326
v 15.891130 1.117464 -4.310989
v 15.880208 1.188336 -4.334923
v 15.868378 1.259860 -4.360843
v 15.855770 1.331944 -4.388465
v 15.842516 1.404496 -4.417507
v 15.828743 1.477420 -4.447684
v 15.814581 1.550624 -4.478713
v 15.800160 1.624015 -4.510309
v 16.059870 0.647500 -4.288741
v 16.058710 0.711184 -4.290715
v 16.055338 0.776176 -4.296457
v 16.049910 0.842380 -4.305698
v 16.042585 0.909704 -4.318170
v 16.033522 0.978055 -4.333602
v 16.022877 1.047340 -4.351727
v 16.010809 1.117464 -4.372272
v 15.997477 1.188336 -4.394973
v 15.983038 1.259860 -4.419557
v 15.967650 1.331944 -4.445756
v 15.951472 1.404496 -4.473301
v 15.934662 1.477420 -4.501923
v 15.917377 1.550624 -4.531352
v 15.899776 1.624015 -4.561319
v 16.179951 0.647500 -4.367008
v 16.178595 0.711184 -4.368855
v 16.174654 0.776176 -4.374226
v 16.168310 0.842380 -4.382870
v 16.159748 0.909704 -4.394536
v 16.149155 0.978055 -4.408971
v 16.136713 1.047340 -4.425923
v 16.122608 1.117464 -4.445142
v 16.107025 1.188336 -4.466375
v 16.090149 1.259860 -4.489371
v 16.072165 1.331944 -4.513877
v 16.053257 1.404496 -4.539642
v 16.033607 1.477420 -4.566414
v 16.013407 1.550624 -4.593942
v 15.992835 1.624015 -4.621973
v 16.290771 0.647500 -4.456923
v 16.289236 0.711184 -4.458623
v 16.284769 0.776175 -4.463568
v 16.277580 0.842380 -4.471526
v 16.267878 0.909704 -4.482266
v 16.255873 0.978055 -4.495556
v 16.241772 1.047340 -4.511163
v 16.225788 1.117464 -4.528857
v 16.208128 1.188336 -4.548405
v 16.189003 1.259860 -4.569575
v 16.168621 1.331944 -4.592137
v 16.147192 1.404496 -4.615857
v 16.124926 1.477420 -4.640505
v 16.102032 1.550624 -4.665848
v 16.078718 1.624015 -4.691654
v 16.391539 0.647500 -4.557690
v 16.389839 0.711184 -4.559226
v 16.384893 0.776176 -4.563693
v 16.376936 0.842380 -4.570882
v 16.366196 0.909704 -4.580585
v 16.352907 0.978055 -4.592590
v 16.337299 1.047340 -4.606690
v 16.319605 1.117464 -4.622675
v 16.300056 1.188336 -4.640334
v 16.278887 1.259860 -4.659460
v 16.256325 1.331944 -4.679842
v 16.232605 1.404496 -4.701270
v 16.207958 1.477420 -4.723536
v 16.182615 1.550624 -4.746431
v 16.156809 1.624015 -4.769745
v 16.481455 0.647500 -4.668512
v 16.479609 0.711184 -4.669867
v 16.474237 0.776176 -4.673809
v 16.465593 0.842380 -4.680153
v 16.453926 0.909704 -4.688714
v 16.439491 0.978056 -4.699308
v 16.422539 1.047340 -4.711750
v 16.403320 1.117464 -4.725854
v 16.382088 1.188336 -4.741436
v 16.359091 1.259860 -4.758313
v 16.334585 1.331944 -4.776298
v 16.308821 1.404496 -4.795206
v 16.282047 1.477420 -4.814854
v 16.254520 1.550624 -4.835056
v 16.226490 1.624015 -4.855628
v 16.559721 0.647500 -4.788593
v 16.557747 0.711184 -4.789752
v 16.552006 0.776175 -4.793125
v 16.542765 0.842380 -4.798553
v 16.530293 0.909704 -4.805877
v 16.514860 0.978055 -4.814941
v 16.496737 1.047340 -4.825586
v 16.476189 1.117464 -4.837653
v 16.453489 1.188335 -4.850986
v 16.428905 1.259860 -4.865425
v 16.402706 1.331944 -4.880812
v 16.375162 1.404495 -4.896990
v 16.346540 1.477420 -4.913800
v 16.317110 1.550624 -4.931085
v 16.287144 1.624015 -4.948686
v 16.625544 0.647500 -4.917135
v 16.623463 0.711184 -4.918085
v 16.617409 0.776175 -4.920848
v 16.607666 0.842380 -4.925295
v 16.594517 0.909704 -4.931297
v 16.578245 0.978055 -4.938723
v 16.559135 1.047340 -4.947444
v 16.537474 1.117464 -4.957332
v 16.513540 1.188336 -4.968255
v 16.487619 1.259860 -4.980085
v 16.459997 1.331944 -4.992692
v 16.430954 1.404495 -5.005947
v 16.400778 1.477420 -5.019720
v 16.369749 1.550624 -5.033881
v 16.338154 1.624015 -5.048302
v 16.678127 0.647500 -5.053344
v 16.675961 0.711184 -5.054072
v 16.669657 0.776176 -5.056190
v 16.659512 0.842380 -5.059597
v 16.645821 0.909704 -5.064196
v 16.628880 0.978055 -5.069887
v 16.608984 1.047340 -5.076570
v 16.586430 1.117464 -5.084147
v 16.561510 1.188336 -5.092517
v 16.534523 1.259860 -5.101583
v 16.505762 1.331944 -5.111244
v 16.475525 1.404496 -5.121401
v 16.444105 1.477420 -5.131956
v 16.411800 1.550625 -5.142807
v 16.378902 1.624016 -5.153858
v 16.716671 0.647500 -5.196422
v 16.714441 0.711184 -5.196917
v 16.707954 0.776175 -5.198356
v 16.697515 0.842380 -5.200672
v 16.683428 0.909704 -5.203798
v 16.665997 0.978055 -5.207665
v 16.645525 1.047340 -5.212208
v 16.622314 1.117464 -5.217358
v 16.596674 1.188336 -5.223047
v 16.568905 1.259860 -5.229208
v 16.539310 1.331944 -5.235775
v 16.508196 1.404496 -5.242678
v 16.475866 1.477420 -5.249852
v 16.442623 1.550624 -5.257227
v 16.408773 1.624015 -5.264738
v 16.740381 0.647500 -5.345573
v 16.738113 0.711184 -5.345824
v 16.731514 0.776176 -5.346557
v 16.720896 0.842380 -5.347735
v 16.706564 0.909704 -5.349325
v 16.688829 0.978055 -5.351292
v 16.668003 1.047340 -5.353603
v 16.644390 1.117464 -5.356223
v 16.618305 1.188336 -5.359117
v 16.590054 1.259860 -5.362251
v 16.559948 1.331944 -5.365591
v 16.528294 1.404496 -5.369103
v 16.495403 1.477420 -5.372752
v 16.461586 1.550624 -5.376504
v 16.427149 1.624015 -5.380324
v 16.748463 0.647500 -5.500000
v 16.746181 0.711184 -5.500000
v 16.739544 0.776176 -5.500000
v 16.728863 0.842380 -5.500000
v 16.714447 0.909704 -5.500000
v 16.696611 0.978055 -5.500000
v 16.675663 1.047340 -5.500000
v 16.651915 1.117464 -5.500000
v 16.625677 1.188336 -5.500000
v 16.597263 1.259860 -5.500000
v 16.566980 1.331944 -5.500000
v 16.535145 1.404496 -5.500000
v 16.502062 1.477420 -5.500000
v 16.468048 1.550624 -5.500000
v 16.433411 1.624015 -5.500000
v 13.956543 0.647500 -5.345573
v 13.958812 0.711184 -5.345824
v 13.950744 0.711184 -5.500000
v 13.948462 0.647500 -5.500000
v 13.965410 0.776176 -5.346557
v 13.957381 0.776176 -5.500000
v 13.976029 0.842380 -5.347735
v 13.968062 0.842380 -5.500000
v 13.990361 0.909704 -5.349325
v 13.982477 0.909704 -5.500000
v 14.008096 0.978055 -5.351292
v 14.000315 0.978055 -5.500000
v 14.028923 1.047340 -5.353603
v 14.021262 1.047340 -5.500000
v 14.052534 1.117464 -5.356223
v 14.045011 1.117464 -5.500000
v 14.078620 1.188336 -5.359117
v 14.071247 1.188336 -5.500000
v 14.106871 1.259860 -5.362251
v 14.099663 1.259860 -5.500000
v 14.136977 1.331944 -5.365591
v 14.129944 1.331944 -5.500000
v 14.168631 1.404496 -5.369103
v 14.161781 1.404496 -5.500000
v 14.201521 1.477420 -5.372752
v 14.194862 1.477420 -5.500000
v 14.235339 1.550624 -5.376504
v 14.228877 1.550624 -5.500000
v 14.269776 1.624015 -5.380324
v 14.263515 1.624015 -5.500000
v 13.980254 0.647500 -5.196422
v 13.982484 0.711184 -5.196917
v 13.988970 0.776176 -5.198356
v 13.999409 0.842380 -5.200672
v 14.013496 0.909704 -5.203798
v 14.030929 0.978055 -5.207665
v 14.051401 1.047340 -5.212208
v 14.074610 1.117464 -5.217358
v 14.100251 1.188336 -5.223047
v 14.128020 1.259860 -5.229208
v 14.157614 1.331944 -5.235775
v 14.188728 1.404496 -5.242678
v 14.221059 1.477420 -5.249852
v 14.254301 1.550624 -5.257227
v 14.288152 1.624015 -5.264738
v 14.018799 0.647500 -5.053344
v 14.020966 0.711184 -5.054072
v 14.027268 0.776176 -5.056190
v 14.037414 0.842380 -5.059597
v 14.051105 0.909704 -5.064196
v 14.068046 0.978055 -5.069887
v 14.087941 1.047340 -5.076570
v 14.110497 1.117464 -5.084146
v 14.135415 1.188336 -5.092517
v 14.162402 1.259860 -5.101583
v 14.191162 1.331944 -5.111244
v 14.221399 1.404496 -5.121401
v 14.252819 1.477420 -5.131956
v 14.285126 1.550624 -5.142807
v 14.318022 1.624015 -5.153858
v 14.071381 0.647500 -4.917135
v 14.073462 0.711184 -4.918085
v 14.079515 0.776175 -4.920848
v 14.089259 0.842380 -4.925295
v 14.102408 0.909704 -4.931297
v 14.118680 0.978055 -4.938723
v 14.137789 1.047340 -4.947444
v 14.159451 1.117464 -4.957332
v 14.183385 1.188336 -4.968255
v 14.209305 1.259860 -4.980085
v 14.236928 1.331944 -4.992692
v 14.265970 1.404496 -5.005947
v 14.296146 1.477420 -5.019720
v 14.327175 1.550624 -5.033881
v 14.358771 1.624015 -5.048302
v 14.137203 0.647500 -4.788593
v 14.139177 0.711184 -4.789752
v 14.144919 0.776176 -4.793125
v 14.154160 0.842380 -4.798553
v 14.166633 0.909704 -4.805877
v 14.182064 0.978055 -4.814941
v 14.200189 1.047340 -4.825586
v 14.220736 1.117464 -4.837653
v 14.243435 1.188336 -4.850986
v 14.268019 1.259860 -4.865425
v 14.294218 1.331944 -4.880812
v 14.321763 1.404496 -4.896990
v 14.350385 1.477420 -4.913800
v 14.379814 1.550624 -4.931085
v 14.409781 1.624015 -4.948686
v 14.215470 0.647500 -4.668512
v 14.217317 0.711184 -4.669867
v 14.222688 0.776176 -4.673809
v 14.231332 0.842380 -4.680153
v 14.242998 0.909704 -4.688714
v 14.257433 0.978055 -4.699308
v 14.274385 1.047340 -4.711750
v 14.293605 1.117464 -4.725854
v 14.314838 1.188336 -4.741436
v 14.337833 1.259860 -4.758313
v 14.362340 1.331944 -4.776298
v 14.388104 1.404496 -4.795206
v 14.414877 1.477420 -4.814854
v 14.442405 1.550624 -4.835056
v 14.470435 1.624015 -4.855628
v 14.305386 0.647500 -4.557690
v 14.307085 0.711184 -4.559226
v 14.312031 0.776175 -4.563693
v 14.319988 0.842380 -4.570882
v 14.330729 0.909704 -4.580585
v 14.344018 0.978055 -4.592590
v 14.359626 1.047340 -4.606690
v 14.377319 1.117464 -4.622674
v 14.396868 1.188336 -4.640334
v 14.418037 1.259860 -4.659460
v 14.440599 1.331944 -4.679842
v 14.464319 1.404496 -4.701270
v 14.488967 1.477420 -4.723536
v 14.514310 1.550624 -4.746431
v 14.540116 1.624015 -4.769745
v 14.406153 0.647500 -4.456923
v 14.407688 0.711184 -4.458623
v 14.412155 0.776176 -4.463568
v 14.419345 0.842380 -4.471526
v 14.429048 0.909704 -4.482266
v 14.441053 0.978055 -4.495556
v 14.455153 1.047340 -4.511163
v 14.471137 1.117464 -4.528857
v 14.488796 1.188336 -4.548405
v 14.507922 1.259860 -4.569575
v 14.528304 1.331944 -4.592137
v 14.549732 1.404496 -4.615857
v 14.571999 1.477420 -4.640505
v 14.594893 1.550624 -4.665848
v 14.618207 1.624015 -4.691654
v 14.516974 0.647500 -4.367008
v 14.518330 0.711184 -4.368855
v 14.522271 0.776176 -4.374226
v 14.528615 0.842380 -4.382870
v 14.537176 0.909704 -4.394536
v 14.547771 0.978056 -4.408971
v 14.560212 1.047340 -4.425924
v 14.574316 1.117464 -4.445143
v 14.589899 1.188336 -4.466375
v 14.606775 1.259860 -4.489371
v 14.624760 1.331944 -4.513877
v 14.643668 1.404496 -4.539642
v 14.663317 1.477420 -4.566414
v 14.683518 1.550624 -4.593942
v 14.704090 1.624015 -4.621973
v 14.637055 0.647500 -4.288741
v 14.638214 0.711184 -4.290715
v 14.641587 0.776175 -4.296457
v 14.647015 0.842380 -4.305698
v 14.654340 0.909704 -4.318170
v 14.663404 0.978055 -4.333602
v 14.674048 1.047340 -4.351727
v 14.686116 1.117464 -4.372272
v 14.699448 1.188335 -4.394973
v 14.713887 1.259860 -4.419557
v 14.729275 1.331944 -4.445756
v 14.745453 1.404495 -4.473301
v 14.762262 1.477420 -4.501923
v 14.779547 1.550624 -4.531352
v 14.797148 1.624015 -4.561319
v 14.765597 0.647500 -4.222918
v 14.766547 0.711184 -4.224999
v 14.769311 0.776175 -4.231053
v 14.773758 0.842380 -4.240797
v 14.779759 0.909704 -4.253946
v 14.787186 0.978055 -4.270217
v 14.795907 1.047340 -4.289326
v 14.805794 1.117464 -4.310989
v 14.816717 1.188336 -4.334923
v 14.828547 1.259860 -4.360843
v 14.841154 1.331944 -4.388465
v 14.854409 1.404495 -4.417507
v 14.868182 1.477420 -4.447684
v 14.882343 1.550624 -4.478713
v 14.896764 1.624015 -4.510309
v 14.901807 0.647500 -4.170336
v 14.902534 0.711184 -4.172503
v 14.904652 0.776176 -4.178806
v 14.908060 0.842380 -4.188951
v 14.912659 0.909704 -4.202642
v 14.918349 0.978055 -4.219583
v 14.925033 1.047340 -4.239479
v 14.932610 1.117464 -4.262033
v 14.940980 1.188336 -4.286952
v 14.950046 1.259860 -4.313940
v 14.959706 1.331944 -4.342700
v 14.969864 1.404496 -4.372937
v 14.980418 1.477420 -4.404357
v 14.991270 1.550625 -4.436663
v 15.002320 1.624016 -4.469560
v 15.044885 0.647500 -4.131791
v 15.045379 0.711184 -4.134021
v 15.046818 0.776175 -4.140507
v 15.049134 0.842380 -4.150946
v 15.052260 0.909704 -4.165034
v 15.056128 0.978055 -4.182466
v 15.060670 1.047340 -4.202938
v 15.065820 1.117464 -4.226147
v 15.071509 1.188336 -4.251788
v 15.077671 1.259860 -4.279558
v 15.084237 1.331944 -4.309152
v 15.091141 1.404496 -4.340266
v 15.098314 1.477420 -4.372596
v 15.105690 1.550624 -4.405838
v 15.113201 1.624015 -4.439689
v 15.194036 0.647500 -4.108080
v 15.194286 0.711184 -4.110349
v 15.195019 0.776176 -4.116948
v 15.196198 0.842380 -4.127567
v 15.197787 0.909704 -4.141899
v 15.199755 0.978055 -4.159633
v 15.202065 1.047340 -4.180460
v 15.204685 1.117464 -4.204072
v 15.207579 1.188336 -4.230157
v 15.210713 1.259860 -4.258408
v 15.214053 1.331944 -4.288515
v 15.217566 1.404496 -4.320168
v 15.221214 1.477420 -4.353058
v 15.224966 1.550624 -4.386877
v 15.228787 1.624015 -4.421314
v 15.194036 0.647500 -6.891919
v 15.194286 0.711184 -6.889651
v 15.348462 0.711184 -6.897718
v 15.348462 0.647500 -6.900000
v 15.195019 0.776176 -6.883052
v 15.348462 0.776176 -6.891081
v 15.196198 0.842380 -6.872433
v 15.348462 0.842380 -6.880400
v 15.197787 0.909704 -6.858101
v 15.348462 0.909704 -6.865985
v 15.199755 0.978055 -6.840367
v 15.348462 0.978055 -6.848148
v 15.202065 1.047340 -6.819540
v 15.348462 1.047340 -6.827200
v 15.204685 1.117464 -6.795928
v 15.348462 1.117464 -6.803452
v 15.207579 1.188336 -6.769843
v 15.348462 1.188336 -6.777215
v 15.210713 1.259860 -6.741592
v 15.348462 1.259860 -6.748800
v 15.214053 1.331944 -6.711485
v 15.348462 1.331944 -6.718518
v 15.217566 1.404496 -6.679832
v 15.348462 1.404496 -6.686682
v 15.221214 1.477420 -6.646942
v 15.348462 1.477420 -6.653600
v 15.224966 1.550624 -6.613123
v 15.348462 1.550624 -6.619585
v 15.228787 1.624015 -6.578686
v 15.348462 1.624015 -6.584948
v 15.044885 0.647500 -6.868208
v 15.045379 0.711184 -6.865979
v 15.046818 0.776176 -6.859492
v 15.049134 0.842380 -6.849053
v 15.052260 0.909704 -6.834966
v 15.056128 0.978055 -6.817534
v 15.060670 1.047340 -6.797062
v 15.065820 1.117464 -6.773853
v 15.071509 1.188336 -6.748211
v 15.077671 1.259860 -6.720442
v 15.084237 1.331944 -6.690848
v 15.091141 1.404496 -6.659734
v 15.098314 1.477420 -6.627404
v 15.105690 1.550624 -6.594162
v 15.113201 1.624015 -6.560311
v 14.901807 0.647500 -6.829664
v 14.902534 0.711184 -6.827497
v 14.904652 0.776176 -6.821194
v 14.908059 0.842380 -6.811049
v 14.912659 0.909704 -6.797358
v 14.918349 0.978055 -6.780417
v 14.925033 1.047340 -6.760521
v 14.932610 1.117464 -6.737967
v 14.940980 1.188336 -6.713048
v 14.950046 1.259860 -6.686060
v 14.959706 1.331944 -6.657300
v 14.969864 1.404496 -6.627063
v 14.980418 1.477420 -6.595643
v 14.991270 1.550624 -6.563337
v 15.002320 1.624015 -6.530440
v 14.765597 0.647500 -6.777082
v 14.766547 0.711184 -6.775001
v 14.769311 0.776175 -6.768947
v 14.773758 0.842380 -6.759203
v 14.779759 0.909704 -6.746054
v 14.787186 0.978055 -6.729783
v 14.795907 1.047340 -6.710674
v 14.805794 1.117464 -6.689011
v 14.816717 1.188336 -6.665077
v 14.828547 1.259860 -6.639157
v 14.841154 1.331944 -6.611535
v 14.854409 1.404496 -6.582493
v 14.868182 1.477420 -6.552316
v 14.882343 1.550624 -6.521287
v 14.896764 1.624015 -6.489691
v 14.637055 0.647500 -6.711259
v 14.638214 0.711184 -6.709285
v 14.641587 0.776176 -6.703543
v 14.647015 0.842380 -6.694302
v 14.654340 0.909704 -6.681830
v 14.663404 0.978055 -6.666398
v 14.674048 1.047340 -6.648273
v 14.686116 1.117464 -6.627728
v 14.699448 1.188336 -6.605027
v 14.713887 1.259860 -6.580443
v 14.729275 1.331944 -6.554244
v 14.745453 1.404496 -6.526699
v 14.762262 1.477420 -6.498077
v 14.779548 1.550624 -6.468648
v 14.797148 1.624015 -6.438681
v 14.516974 0.647500 -6.632992
v 14.518330 0.711184 -6.631145
v 14.522271 0.776176 -6.625774
v 14.528615 0.842380 -6.617130
v 14.537176 0.909704 -6.605464
v 14.547771 0.978055 -6.591029
v 14.560212 1.047340 -6.574077
v 14.574316 1.117464 -6.554858
v 14.589899 1.188336 -6.533625
v 14.606775 1.259860 -6.510629
v 14.624760 1.331944 -6.486123
v 14.643668 1.404496 -6.460358
v 14.663317 1.477420 -6.433586
v 14.683518 1.550624 -6.406058
v 14.704090 1.624015 -6.378027
v 14.406153 0.647500 -6.543077
v 14.407688 0.711184 -6.541377
v 14.412155 0.776175 -6.536432
v 14.419345 0.842380 -6.528474
v 14.429048 0.909704 -6.517734
v 14.441052 0.978055 -6.504444
v 14.455153 1.047340 -6.488837
v 14.471137 1.117464 -6.471143
v 14.488796 1.188336 -6.451595
v 14.507922 1.259860 -6.430425
v 14.528304 1.331944 -6.407863
v 14.549732 1.404496 -6.384143
v 14.571999 1.477420 -6.359495
v 14.594893 1.550624 -6.334152
v 14.618207 1.624015 -6.308346
v 14.305386 0.647500 -6.442310
v 14.307085 0.711184 -6.440774
v 14.312031 0.776176 -6.436307
v 14.319988 0.842380 -6.429118
v 14.330729 0.909704 -6.419415
v 14.344018 0.978055 -6.407410
v 14.359626 1.047340 -6.393310
v 14.377319 1.117464 -6.377325
v 14.396868 1.188336 -6.359666
v 14.418037 1.259860 -6.340540
v 14.440599 1.331944 -6.320158
v 14.464319 1.404496 -6.298730
v 14.488967 1.477420 -6.276464
v 14.514310 1.550624 -6.253569
v 14.540116 1.624015 -6.230255
v 14.215470 0.647500 -6.331488
v 14.217317 0.711184 -6.330133
v 14.222688 0.776176 -6.326191
v 14.231333 0.842380 -6.319847
v 14.242998 0.909704 -6.311286
v 14.257433 0.978056 -6.300692
v 14.274386 1.047340 -6.288250
v 14.293605 1.117464 -6.274146
v 14.314838 1.188336 -6.258564
v 14.337833 1.259860 -6.241687
v 14.362340 1.331944 -6.223702
v 14.388104 1.404496 -6.204794
v 14.414877 1.477420 -6.185146
v 14.442405 1.550624 -6.164944
v 14.470435 1.624015 -6.144372
v 14.137203 0.647500 -6.211407
v 14.139177 0.711184 -6.210248
v 14.144919 0.776175 -6.206875
v 14.154160 0.842380 -6.201447
v 14.166633 0.909704 -6.194123
v 14.182064 0.978055 -6.185059
v 14.200189 1.047340 -6.174414
v 14.220736 1.117464 -6.162347
v 14.243435 1.188335 -6.149014
v 14.268019 1.259860 -6.134575
v 14.294218 1.331944 -6.119188
v 14.321763 1.404495 -6.103010
v 14.350385 1.477420 -6.086200
v 14.379814 1.550624 -6.068915
v 14.409781 1.624015 -6.051314
v 14.071381 0.647500 -6.082865
v 14.073462 0.711184 -6.081915
v 14.079515 0.776175 -6.079152
v 14.089259 0.842380 -6.074705
v 14.102408 0.909704 -6.068703
v 14.118680 0.978055 -6.061277
v 14.137789 1.047340 -6.052556
v 14.159451 1.117464 -6.042668
v 14.183385 1.188336 -6.031745
v 14.209305 1.259860 -6.019915
v 14.236928 1.331944 -6.007308
v 14.265970 1.404495 -5.994053
v 14.296146 1.477420 -5.980280
v 14.327175 1.550624 -5.966119
v 14.358771 1.624015 -5.951698
v 14.018799 0.647500 -5.946656
v 14.020966 0.711184 -5.945928
v 14.027268 0.776176 -5.943810
v 14.037414 0.842380 -5.940403
v 14.051105 0.909704 -5.935804
v 14.068046 0.978055 -5.930113
v 14.087941 1.047340 -5.923430
v 14.110497 1.117464 -5.915853
v 14.135415 1.188336 -5.907483
v 14.162402 1.259860 -5.898417
v 14.191162 1.331944 -5.888756
v 14.221399 1.404496 -5.878599
v 14.252819 1.477420 -5.868044
v 14.285126 1.550625 -5.857193
v 14.318022 1.624016 -5.846142
v 13.980254 0.647500 -5.803578
v 13.982484 0.711184 -5.803083
v 13.988970 0.776175 -5.801644
v 13.999409 0.842380 -5.799328
v 14.013496 0.909704 -5.796202
v 14.030928 0.978055 -5.792335
v 14.051401 1.047340 -5.787792
v 14.074610 1.117464 -5.782642
v 14.100250 1.188336 -5.776953
v 14.128020 1.259860 -5.770792
v 14.157614 1.331944 -5.764225
v 14.188728 1.404496 -5.757322
v 14.221059 1.477420 -5.750148
v 14.254301 1.550624 -5.742773
v 14.288152 1.624015 -5.735262
v 13.956543 0.647500 -5.654427
v 13.958811 0.711184 -5.654176
v 13.965410 0.776176 -5.653443
v 13.976029 0.842380 -5.652265
v 13.990361 0.909704 -5.650675
v 14.008096 0.978055 -5.648708
v 14.028923 1.047340 -5.646397
v 14.052534 1.117464 -5.643777
v 14.078620 1.188336 -5.640883
v 14.106871 1.259860 -5.637749
v 14.136977 1.331944 -5.634409
v 14.168631 1.404496 -5.630897
v 14.201521 1.477420 -5.627248
v 14.235339 1.550624 -5.623496
v 14.269776 1.624015 -5.619676
v 16.740381 0.647500 -5.654427
v 16.738113 0.711184 -5.654176
v 16.731514 0.776176 -5.653443
v 16.720896 0.842380 -5.652265
v 16.706564 0.909704 -5.650675
v 16.688829 0.978055 -5.648708
v 16.668001 1.047340 -5.646397
v 16.644390 1.117464 -5.643777
v 16.618305 1.188336 -5.640883
v 16.590054 1.259860 -5.637749
v 16.559948 1.331944 -5.634409
v 16.528294 1.404496 -5.630897
v 16.495403 1.477420 -5.627248
v 16.461586 1.550624 -5.623496
v 16.427149 1.624015 -5.619676
v 16.716671 0.647500 -5.803578
v 16.714441 0.711184 -5.803083
v 16.707954 0.776176 -5.801644
v 16.697515 0.842380 -5.799328
v 16.683428 0.909704 -5.796202
v 16.665997 0.978055 -5.792335
v 16.645525 1.047340 -5.787792
v 16.622314 1.117464 -5.782642
v 16.596674 1.188336 -5.776953
v 16.568905 1.259860 -5.770792
v 16.539310 1.331944 -5.764225
v 16.508196 1.404496 -5.757322
v 16.475866 1.477420 -5.750148
v 16.442623 1.550624 -5.742773
v 16.408773 1.624015 -5.735262
v 16.678127 0.647500 -5.946656
v 16.675961 0.711184 -5.945928
v 16.669657 0.776176 -5.943810
v 16.659512 0.842380 -5.940403
v 16.645821 0.909704 -5.935804
v 16.628880 0.978055 -5.930113
v 16.608984 1.047340 -5.923430
v 16.586430 1.117464 -5.915854
v 16.561510 1.188336 -5.907483
v 16.534523 1.259860 -5.898417
v 16.505762 1.331944 -5.888756
v 16.475525 1.404496 -5.878599
v 16.444105 1.477420 -5.868044
v 16.411800 1.550624 -5.857193
v 16.378902 1.624015 -5.846142
v 16.625544 0.647500 -6.082865
v 16.623463 0.711184 -6.081915
v 16.617409 0.776175 -6.079152
v 16.607666 0.842380 -6.074705
v 16.594517 0.909704 -6.068703
v 16.578245 0.978055 -6.061277
v 16.559135 1.047340 -6.052556
v 16.537474 1.117464 -6.042668
v 16.513540 1.188336 -6.031745
v 16.487619 1.259860 -6.019915
v 16.459997 1.331944 -6.007308
v 16.430954 1.404496 -5.994053
v 16.400778 1.477420 -5.980280
v 16.369749 1.550624 -5.966119
v 16.338154 1.624015 -5.951698
v 16.559721 0.647500 -6.211407
v 16.557747 0.711184 -6.210248
v 16.552006 0.776176 -6.206875
v 16.542765 0.842380 -6.201447
v 16.530293 0.909704 -6.194123
v 16.514860 0.978055 -6.185059
v 16.496737 1.047340 -6.174414
v 16.476189 1.117464 -6.162347
v 16.453489 1.188336 -6.149014
v 16.428905 1.259860 -6.134575
v 16.402706 1.331944 -6.119188
v 16.375162 1.404496 -6.103010
v 16.346540 1.477420 -6.086200
v 16.317110 1.550624 -6.068915
v 16.287144 1.624015 -6.051314
v 16.481455 0.647500 -6.331488
v 16.479609 0.711184 -6.330133
v 16.474237 0.776176 -6.326191
v 16.465593 0.842380 -6.319847
v 16.453926 0.909704 -6.311286
v 16.439491 0.978055 -6.300692
v 16.422539 1.047340 -6.288250
v 16.403320 1.117464 -6.274146
v 16.382088 1.188336 -6.258564
v 16.359091 1.259860 -6.241687
v 16.334585 1.331944 -6.223702
v 16.308821 1.404496 -6.204794
v 16.282047 1.477420 -6.185146
v 16.254520 1.550624 -6.164944
v 16.226490 1.624015 -6.144372
v 16.391539 0.647500 -6.442310
v 16.389839 0.711184 -6.440774
v 16.384893 0.776175 -6.436307
v 16.376936 0.842380 -6.429118
v 16.366196 0.909704 -6.419415
v 16.352907 0.978055 -6.407410
v 16.337299 1.047340 -6.393310
v 16.319605 1.117464 -6.377326
v 16.300056 1.188336 -6.359666
v 16.278887 1.259860 -6.340540
v 16.256325 1.331944 -6.320158
v 16.232605 1.404496 -6.298730
v 16.207958 1.477420 -6.276464
v 16.182615 1.550624 -6.253569
v 16.156809 1.624015 -6.230255
v 16.290771 0.647500 -6.543077
v 16.289236 0.711184 -6.541377
v 16.284769 0.776176 -6.536432
v 16.277580 0.842380 -6.528474
v 16.267878 0.909704 -6.517734
v 16.255873 0.978055 -6.504444
v 16.241772 1.047340 -6.488837
v 16.225788 1.117464 -6.471143
v 16.208128 1.188336 -6.451595
v 16.189003 1.259860 -6.430425
v 16.168621 1.331944 -6.407863
v 16.147192 1.404496 -6.384143
v 16.124926 1.477420 -6.359495
v 16.102032 1.550624 -6.334152
v 16.078718 1.624015 -6.308346
v 16.179951 0.647500 -6.632992
v 16.178595 0.711184 -6.631145
v 16.174654 0.776176 -6.625774
v 16.168310 0.842380 -6.617130
v 16.159748 0.909704 -6.605464
v 16.149155 0.978056 -6.591029
v 16.136713 1.047340 -6.574076
v 16.122608 1.117464 -6.554857
v 16.107025 1.188336 -6.533625
v 16.090149 1.259860 -6.510629
v 16.072165 1.331944 -6.486123
v 16.053257 1.404496 -6.460358
v 16.033607 1.477420 -6.433586
v 16.013407 1.550624 -6.406058
v 15.992835 1.624015 -6.378027
v 16.059870 0.647500 -6.711259
v 16.058710 0.711184 -6.709285
v 16.055338 0.776175 -6.703543
v 16.049910 0.842380 -6.694302
v 16.042585 0.909704 -6.681830
v 16.033522 0.978055 -6.666398
v 16.022877 1.047340 -6.648273
v 16.010809 1.117464 -6.627728
v 15.997477 1.188335 -6.605027
v 15.983038 1.259860 -6.580443
v 15.967650 1.331944 -6.554244
v 15.951472 1.404495 -6.526699
v 15.934662 1.477420 -6.498077
v 15.917377 1.550624 -6.468648
v 15.899776 1.624015 -6.438681
v 15.931327 0.647500 -6.777082
v 15.930377 0.711184 -6.775001
v 15.927614 0.776175 -6.768947
v 15.923167 0.842380 -6.759203
v 15.917166 0.909704 -6.746054
v 15.909739 0.978055 -6.729783
v 15.901018 1.047340 -6.710674
v 15.891130 1.117464 -6.689011
v 15.880208 1.188336 -6.665077
v 15.868378 1.259860 -6.639157
v 15.855770 1.331944 -6.611535
v 15.842516 1.404495 -6.582493
v 15.828743 1.477420 -6.552316
v 15.814581 1.550624 -6.521287
v 15.800160 1.624015 -6.489691
v 15.795118 0.647500 -6.829664
v 15.794391 0.711184 -6.827497
v 15.792273 0.776176 -6.821194
v 15.788865 0.842380 -6.811049
v 15.784266 0.909704 -6.797358
v 15.778576 0.978055 -6.780417
v 15.771893 1.047340 -6.760521
v 15.764316 1.117464 -6.737967
v 15.755945 1.188336 -6.713048
v 15.746880 1.259860 -6.686060
v 15.737219 1.331944 -6.657300
v 15.727061 1.404496 -6.627063
v 15.716507 1.477420 -6.595643
v 15.705655 1.550625 -6.563337
v 15.694604 1.624016 -6.530440
v 15.652040 0.647500 -6.868209
v 15.651546 0.711184 -6.865979
v 15.650106 0.776175 -6.859493
v 15.647790 0.842380 -6.849054
v 15.644665 0.909704 -6.834966
v 15.640797 0.978055 -6.817534
v 15.636254 1.047340 -6.797062
v 15.631104 1.117464 -6.773853
v 15.625416 1.188336 -6.748212
v 15.619254 1.259860 -6.720442
v 15.612688 1.331944 -6.690848
v 15.605784 1.404496 -6.659734
v 15.598611 1.477420 -6.627404
v 15.591235 1.550624 -6.594162
v 15.583724 1.624015 -6.560311
v 15.502890 0.647500 -6.891920
v 15.502638 0.711184 -6.889651
v 15.501905 0.776176 -6.883052
v 15.500728 0.842380 -6.872433
v 15.499138 0.909704 -6.858101
v 15.497170 0.978055 -6.840367
v 15.494860 1.047340 -6.819540
v 15.492240 1.117464 -6.795928
v 15.489346 1.188336 -6.769843
v 15.486212 1.259860 -6.741592
v 15.482871 1.331944 -6.711485
v 15.479360 1.404496 -6.679832
v 15.475711 1.477420 -6.646942
v 15.471958 1.550624 -6.613123
v 15.468138 1.624015 -6.578686
v 15.464283 0.122500 -4.456060
v 15.464775 0.134416 -4.451627
v 15.348462 0.134416 -4.445540
v 15.348462 0.122500 -4.450000
v 15.466159 0.149224 -4.439151
v 15.348462 0.149224 -4.432992
v 15.468298 0.167020 -4.419870
v 15.348462 0.167020 -4.413600
v 15.471055 0.187896 -4.395022
v 15.348462 0.187896 -4.388608
v 15.474292 0.211944 -4.365843
v 15.348462 0.211944 -4.359259
v 15.477873 0.239260 -4.333571
v 15.348462 0.239260 -4.326800
v 15.481659 0.269935 -4.299444
v 15.348462 0.269935 -4.292474
v 15.485514 0.304064 -4.264698
v 15.348462 0.304064 -4.257526
v 15.489300 0.341740 -4.230569
v 15.348462 0.341740 -4.223200
v 15.492881 0.383056 -4.198298
v 15.348462 0.383056 -4.190741
v 15.496118 0.428104 -4.169119
v 15.348462 0.428104 -4.161393
v 15.498875 0.476980 -4.144270
v 15.348462 0.476980 -4.136400
v 15.501014 0.529776 -4.124990
v 15.348462 0.529776 -4.117007
v 15.502398 0.586584 -4.112514
v 15.348462 0.586584 -4.104459
v 15.577113 0.134416 -4.469486
v 15.579834 0.149224 -4.457222
v 15.584039 0.167020 -4.438270
v 15.589458 0.187896 -4.413845
v 15.595822 0.211944 -4.385163
v 15.602860 0.239260 -4.353441
v 15.610304 0.269935 -4.319895
v 15.617883 0.304064 -4.285740
v 15.625325 0.341740 -4.252194
v 15.632364 0.383056 -4.220471
v 15.638728 0.428104 -4.191790
v 15.644148 0.476980 -4.167365
v 15.648353 0.529776 -4.148413
v 15.651073 0.586584 -4.136149
v 15.683455 0.122500 -4.502752
v 15.684877 0.134416 -4.498517
v 15.688880 0.149224 -4.486599
v 15.695067 0.167020 -4.468181
v 15.703041 0.187896 -4.444444
v 15.712404 0.211944 -4.416570
v 15.722760 0.239260 -4.385742
v 15.733711 0.269935 -4.353140
v 15.744862 0.304064 -4.319948
v 15.755813 0.341740 -4.287346
v 15.766169 0.383056 -4.256518
v 15.775532 0.428104 -4.228644
v 15.783505 0.476980 -4.204907
v 15.789692 0.529776 -4.186489
v 15.793695 0.586584 -4.174571
v 15.787467 0.134416 -4.538121
v 15.792691 0.149224 -4.526674
v 15.800765 0.167020 -4.508985
v 15.811171 0.187896 -4.486186
v 15.823389 0.211944 -4.459414
v 15.836903 0.239260 -4.429805
v 15.851193 0.269935 -4.398493
v 15.865744 0.304064 -4.366613
v 15.880034 0.341740 -4.335301
v 15.893549 0.383056 -4.305692
v 15.905767 0.428104 -4.278920
v 15.916172 0.476980 -4.256122
v 15.924246 0.529776 -4.238432
v 15.929470 0.586584 -4.226986
v 15.884284 0.134416 -4.587698
v 15.890660 0.149224 -4.576841
v 15.900515 0.167020 -4.560063
v 15.913215 0.187896 -4.538440
v 15.928127 0.211944 -4.513048
v 15.944622 0.239260 -4.484965
v 15.962065 0.269935 -4.455266
v 15.979823 0.304064 -4.425030
v 15.997266 0.341740 -4.395331
v 16.013760 0.383056 -4.367248
v 16.028673 0.428104 -4.341857
v 16.041374 0.476980 -4.320233
v 16.051228 0.529776 -4.303455
v 16.057604 0.586584 -4.292599
v 15.972078 0.122500 -4.650256
v 15.974727 0.134416 -4.646647
v 15.982180 0.149224 -4.636492
v 15.993697 0.167020 -4.620798
v 16.008541 0.187896 -4.600572
v 16.025970 0.211944 -4.576821
v 16.045250 0.239260 -4.550553
v 16.065636 0.269935 -4.522773
v 16.086393 0.304064 -4.494491
v 16.106779 0.341740 -4.466712
v 16.126059 0.383056 -4.440443
v 16.143488 0.428104 -4.416692
v 16.158331 0.476980 -4.396466
v 16.169849 0.529776 -4.380772
v 16.177301 0.586584 -4.370617
v 16.055195 0.122500 -4.717692
v 16.058197 0.134416 -4.714370
v 16.066643 0.149224 -4.705021
v 16.079695 0.167020 -4.690572
v 16.096518 0.187896 -4.671952
v 16.116270 0.211944 -4.650085
v 16.138119 0.239260 -4.625902
v 16.161222 0.269935 -4.600327
v 16.184746 0.304064 -4.574289
v 16.207850 0.341740 -4.548714
v 16.229696 0.383056 -4.524530
v 16.249451 0.428104 -4.502664
v 16.266272 0.476980 -4.484043
v 16.279325 0.529776 -4.469595
v 16.287771 0.586584 -4.460246
v 16.134092 0.134416 -4.790266
v 16.143442 0.149224 -4.781820
v 16.157890 0.167020 -4.768767
v 16.176510 0.187896 -4.751945
v 16.198378 0.211944 -4.732192
v 16.222561 0.239260 -4.710344
v 16.248135 0.269935 -4.687241
v 16.274174 0.304064 -4.663717
v 16.299747 0.341740 -4.640614
v 16.323933 0.383056 -4.618766
v 16.345798 0.428104 -4.599012
v 16.364420 0.476980 -4.582190
v 16.378868 0.529776 -4.569138
v 16.388216 0.586584 -4.560691
v 16.198206 0.122500 -4.876384
v 16.201815 0.134416 -4.873735
v 16.211969 0.149224 -4.866283
v 16.227665 0.167020 -4.854765
v 16.247890 0.187896 -4.839922
v 16.271641 0.211944 -4.822491
v 16.297909 0.239260 -4.803213
v 16.325689 0.269935 -4.782826
v 16.353971 0.304064 -4.762070
v 16.381752 0.341740 -4.741683
v 16.408020 0.383056 -4.722404
v 16.431770 0.428104 -4.704974
v 16.451996 0.476980 -4.690131
v 16.467691 0.529776 -4.678613
v 16.477846 0.586584 -4.671161
v 16.260765 0.134416 -4.964179
v 16.271622 0.149224 -4.957802
v 16.288399 0.167020 -4.947948
v 16.310022 0.187896 -4.935248
v 16.335415 0.211944 -4.920335
v 16.363499 0.239260 -4.903841
v 16.393196 0.269935 -4.886398
v 16.423433 0.304064 -4.868639
v 16.453131 0.341740 -4.851196
v 16.481215 0.383056 -4.834702
v 16.506605 0.428104 -4.819789
v 16.528229 0.476980 -4.807089
v 16.545008 0.529776 -4.797235
v 16.555864 0.586584 -4.790858
v 16.306274 0.122500 -5.062851
v 16.310341 0.134416 -5.060995
v 16.321789 0.149224 -5.055771
v 16.339478 0.167020 -5.047697
v 16.362276 0.187896 -5.037292
v 16.389048 0.211944 -5.025073
v 16.418657 0.239260 -5.011559
v 16.449968 0.269935 -4.997269
v 16.481850 0.304064 -4.982718
v 16.513161 0.341740 -4.968428
v 16.542770 0.383056 -4.954914
v 16.569542 0.428104 -4.942695
v 16.592340 0.476980 -4.932290
v 16.610031 0.529776 -4.924216
v 16.621477 0.586584 -4.918992
v 16.349945 0.134416 -5.163585
v 16.361864 0.149224 -5.159582
v 16.380281 0.167020 -5.153395
v 16.404018 0.187896 -5.145422
v 16.431892 0.211944 -5.136058
v 16.462721 0.239260 -5.125702
v 16.495321 0.269935 -5.114751
v 16.528515 0.304064 -5.103601
v 16.561115 0.341740 -5.092650
v 16.591944 0.383056 -5.082294
v 16.619818 0.428104 -5.072931
v 16.643555 0.476980 -5.064957
v 16.661974 0.529776 -5.058770
v 16.673891 0.586584 -5.054767
v 16.378977 0.134416 -5.271349
v 16.391239 0.149224 -5.268629
v 16.410192 0.167020 -5.264423
v 16.434618 0.187896 -5.259004
v 16.463299 0.211944 -5.252640
v 16.495022 0.239260 -5.245602
v 16.528568 0.269935 -5.238158
v 16.562721 0.304064 -5.230580
v 16.596268 0.341740 -5.223137
v 16.627991 0.383056 -5.216098
v 16.656673 0.428104 -5.209734
v 16.681097 0.476980 -5.204315
v 16.700050 0.529776 -5.200110
v 16.712313 0.586584 -5.197389
v 16.392403 0.122500 -5.384180
v 16.396835 0.134416 -5.383687
v 16.409311 0.149224 -5.382304
v 16.428593 0.167020 -5.380165
v 16.453440 0.187896 -5.377408
v 16.482618 0.211944 -5.374170
v 16.514891 0.239260 -5.370590
v 16.549019 0.269935 -5.366804
v 16.583765 0.304064 -5.362949
v 16.617893 0.341740 -5.359162
v 16.650166 0.383056 -5.355582
v 16.679344 0.428104 -5.352345
v 16.704191 0.476980 -5.349588
v 16.723473 0.529776 -5.347449
v 16.735949 0.586584 -5.346065
v 16.398462 0.122500 -5.500000
v 16.402922 0.134416 -5.500000
v 16.415470 0.149224 -5.500000
v 16.434862 0.167020 -5.500000
v 16.459854 0.187896 -5.500000
v 16.489202 0.211944 -5.500000
v 16.521662 0.239260 -5.500000
v 16.555988 0.269935 -5.500000
v 16.590937 0.304064 -5.500000
v 16.625263 0.341740 -5.500000
v 16.657722 0.383056 -5.500000
v 16.687069 0.428104 -5.500000
v 16.712063 0.476980 -5.500000
v 16.731455 0.529776 -5.500000
v 16.744003 0.586584 -5.500000
v 14.304523 0.122500 -5.384180
v 14.300089 0.134416 -5.383687
v 14.294003 0.134416 -5.500000
v 14.298462 0.122500 -5.500000
v 14.287614 0.149224 -5.382304
v 14.281455 0.149224 -5.500000
v 14.268332 0.167020 -5.380165
v 14.262062 0.167020 -5.500000
v 14.243484 0.187896 -5.377408
v 14.237070 0.187896 -5.500000
v 14.214306 0.211944 -5.374170
v 14.207722 0.211944 -5.500000
v 14.182034 0.239260 -5.370590
v 14.175262 0.239260 -5.500000
v 14.147906 0.269935 -5.366804
v 14.140937 0.269935 -5.500000
v 14.113160 0.304064 -5.362949
v 14.105989 0.304064 -5.500000
v 14.079032 0.341740 -5.359162
v 14.071663 0.341740 -5.500000
v 14.046760 0.383056 -5.355582
v 14.039204 0.383056 -5.500000
v 14.017581 0.428104 -5.352345
v 14.009855 0.428104 -5.500000
v 13.992733 0.476980 -5.349588
v 13.984862 0.476980 -5.500000
v 13.973453 0.529776 -5.347449
v 13.965469 0.529776 -5.500000
v 13.960977 0.586584 -5.346065
v 13.952922 0.586584 -5.500000
v 14.317948 0.134416 -5.271349
v 14.305685 0.149224 -5.268629
v 14.286733 0.167020 -5.264423
v 14.262307 0.187896 -5.259004
v 14.233625 0.211944 -5.252640
v 14.201903 0.239260 -5.245602
v 14.168357 0.269935 -5.238158
v 14.134203 0.304064 -5.230580
v 14.100657 0.341740 -5.223137
v 14.068934 0.383056 -5.216098
v 14.040253 0.428104 -5.209734
v 14.015827 0.476980 -5.204315
v 13.996875 0.529776 -5.200110
v 13.984612 0.586584 -5.197389
v 14.351214 0.122500 -5.165008
v 14.346979 0.134416 -5.163585
v 14.335062 0.149224 -5.159582
v 14.316643 0.167020 -5.153395
v 14.292906 0.187896 -5.145422
v 14.265033 0.211944 -5.136058
v 14.234204 0.239260 -5.125702
v 14.201603 0.269935 -5.114751
v 14.168410 0.304064 -5.103601
v 14.135809 0.341740 -5.092650
v 14.104980 0.383056 -5.082294
v 14.077106 0.428104 -5.072931
v 14.053370 0.476980 -5.064957
v 14.034951 0.529776 -5.058770
v 14.023033 0.586584 -5.054767
v 14.386583 0.134416 -5.060995
v 14.375136 0.149224 -5.055771
v 14.357447 0.167020 -5.047697
v 14.334648 0.187896 -5.037292
v 14.307877 0.211944 -5.025073
v 14.278268 0.239260 -5.011559
v 14.246956 0.269935 -4.997269
v 14.215075 0.304064 -4.982718
v 14.183764 0.341740 -4.968428
v 14.154154 0.383056 -4.954914
v 14.127382 0.428104 -4.942695
v 14.104585 0.476980 -4.932290
v 14.086895 0.529776 -4.924216
v 14.075448 0.586584 -4.918992
v 14.436160 0.134416 -4.964179
v 14.425303 0.149224 -4.957802
v 14.408525 0.167020 -4.947948
v 14.386902 0.187896 -4.935248
v 14.361510 0.211944 -4.920335
v 14.333427 0.239260 -4.903841
v 14.303729 0.269935 -4.886398
v 14.273492 0.304064 -4.868639
v 14.243793 0.341740 -4.851196
v 14.215711 0.383056 -4.834702
v 14.190319 0.428104 -4.819789
v 14.168695 0.476980 -4.807089
v 14.151917 0.529776 -4.797235
v 14.141061 0.586584 -4.790858
v 14.498718 0.122500 -4.876384
v 14.495110 0.134416 -4.873735
v 14.484955 0.149224 -4.866283
v 14.469260 0.167020 -4.854765
v 14.449035 0.187896 -4.839922
v 14.425283 0.211944 -4.822491
v 14.399015 0.239260 -4.803213
v 14.371236 0.269935 -4.782826
v 14.342953 0.304064 -4.762070
v 14.315174 0.341740 -4.741683
v 14.288905 0.383056 -4.722404
v 14.265154 0.428104 -4.704974
v 14.244928 0.476980 -4.690131
v 14.229235 0.529776 -4.678613
v 14.219079 0.586584 -4.671161
v 14.566154 0.122500 -4.793268
v 14.562833 0.134416 -4.790266
v 14.553483 0.149224 -4.781820
v 14.539035 0.167020 -4.768767
v 14.520414 0.187896 -4.751945
v 14.498549 0.211944 -4.732192
v 14.474364 0.239260 -4.710344
v 14.448790 0.269935 -4.687241
v 14.422751 0.304064 -4.663717
v 14.397177 0.341740 -4.640614
v 14.372993 0.383056 -4.618766
v 14.351127 0.428104 -4.599012
v 14.332505 0.476980 -4.582190
v 14.318057 0.529776 -4.569138
v 14.308708 0.586584 -4.560691
v 14.638729 0.134416 -4.714370
v 14.630282 0.149224 -4.705021
v 14.617229 0.167020 -4.690573
v 14.600408 0.187896 -4.671952
v 14.580654 0.211944 -4.650085
v 14.558806 0.239260 -4.625902
v 14.535703 0.269935 -4.600327
v 14.512180 0.304064 -4.574289
v 14.489076 0.341740 -4.548714
v 14.467228 0.383056 -4.524530
v 14.447474 0.428104 -4.502664
v 14.430653 0.476980 -4.484043
v 14.417600 0.529776 -4.469595
v 14.409154 0.586584 -4.460246
v 14.724847 0.122500 -4.650256
v 14.722198 0.134416 -4.646647
v 14.714746 0.149224 -4.636492
v 14.703228 0.167020 -4.620798
v 14.688384 0.187896 -4.600572
v 14.670954 0.211944 -4.576821
v 14.651675 0.239260 -4.550553
v 14.631289 0.269935 -4.522773
v 14.610532 0.304064 -4.494491
v 14.590145 0.341740 -4.466712
v 14.570868 0.383056 -4.440443
v 14.553436 0.428104 -4.416692
v 14.538593 0.476980 -4.396466
v 14.527076 0.529776 -4.380772
v 14.519623 0.586584 -4.370617
v 14.814907 0.122500 -4.591556
v 14.812641 0.134416 -4.587698
v 14.806265 0.149224 -4.576841
v 14.796411 0.167020 -4.560063
v 14.783710 0.187896 -4.538440
v 14.768797 0.211944 -4.513048
v 14.752303 0.239260 -4.484965
v 14.734860 0.269935 -4.455266
v 14.717101 0.304064 -4.425030
v 14.699658 0.341740 -4.395331
v 14.683165 0.383056 -4.367248
v 14.668252 0.428104 -4.341857
v 14.655552 0.476980 -4.320233
v 14.645698 0.529776 -4.303455
v 14.639321 0.586584 -4.292599
v 14.911314 0.122500 -4.542189
v 14.909457 0.134416 -4.538121
v 14.904233 0.149224 -4.526674
v 14.896159 0.167020 -4.508985
v 14.885755 0.187896 -4.486186
v 14.873535 0.211944 -4.459414
v 14.860022 0.239260 -4.429805
v 14.845731 0.269935 -4.398493
v 14.831181 0.304064 -4.366613
v 14.816890 0.341740 -4.335301
v 14.803376 0.383056 -4.305692
v 14.791158 0.428104 -4.278920
v 14.780752 0.476980 -4.256122
v 14.772678 0.529776 -4.238432
v 14.767454 0.586584 -4.226986
v 15.012048 0.134416 -4.498517
v 15.008044 0.149224 -4.486599
v 15.001858 0.167020 -4.468181
v 14.993884 0.187896 -4.444444
v 14.984521 0.211944 -4.416570
v 14.974165 0.239260 -4.385742
v 14.963213 0.269935 -4.353140
v 14.952064 0.304064 -4.319948
v 14.941113 0.341740 -4.287346
v 14.930757 0.383056 -4.256518
v 14.921393 0.428104 -4.228644
v 14.913420 0.476980 -4.204907
v 14.907232 0.529776 -4.186489
v 14.903229 0.586584 -4.174571
v 15.120779 0.122500 -4.473844
v 15.119812 0.134416 -4.469485
v 15.117091 0.149224 -4.457222
v 15.112885 0.167020 -4.438270
v 15.107467 0.187896 -4.413845
v 15.101103 0.211944 -4.385163
v 15.094064 0.239260 -4.353441
v 15.086620 0.269935 -4.319895
v 15.079042 0.304064 -4.285740
v 15.071599 0.341740 -4.252194
v 15.064561 0.383056 -4.220471
v 15.058197 0.428104 -4.191790
v 15.052777 0.476980 -4.167365
v 15.048573 0.529776 -4.148413
v 15.045852 0.586584 -4.136149
v 15.232642 0.122500 -4.456060
v 15.232150 0.134416 -4.451627
v 15.230766 0.149224 -4.439151
v 15.228627 0.167020 -4.419870
v 15.225870 0.187896 -4.395022
v 15.222632 0.211944 -4.365843
v 15.219052 0.239260 -4.333571
v 15.215266 0.269935 -4.299444
v 15.211411 0.304064 -4.264697
v 15.207624 0.341740 -4.230569
v 15.204044 0.383056 -4.198298
v 15.200807 0.428104 -4.169119
v 15.198050 0.476980 -4.144270
v 15.195911 0.529776 -4.124990
v 15.194527 0.586584 -4.112514
v 15.232642 0.122500 -6.543940
v 15.232150 0.134416 -6.548373
v 15.348462 0.134416 -6.554460
v 15.348462 0.122500 -6.550000
v 15.230766 0.149224 -6.560849
v 15.348462 0.149224 -6.567008
v 15.228627 0.167020 -6.580130
v 15.348462 0.167020 -6.586400
v 15.225870 0.187896 -6.604978
v 15.348462 0.187896 -6.611392
v 15.222632 0.211944 -6.634157
v 15.348462 0.211944 -6.640741
v 15.219052 0.239260 -6.666429
v 15.348462 0.239260 -6.673200
v 15.215266 0.269935 -6.700556
v 15.348462 0.269935 -6.707526
v 15.211411 0.304064 -6.735302
v 15.348462 0.304064 -6.742474
v 15.207624 0.341740 -6.769431
v 15.348462 0.341740 -6.776800
v 15.204044 0.383056 -6.801702
v 15.348462 0.383056 -6.809259
v 15.200807 0.428104 -6.830881
v 15.348462 0.428104 -6.838607
v 15.198050 0.476980 -6.855730
v 15.348462 0.476980 -6.863600
v 15.195911 0.529776 -6.875010
v 15.348462 0.529776 -6.882993
v 15.194527 0.586584 -6.887486
v 15.348462 0.586584 -6.895541
v 15.120779 0.122500 -6.526156
v 15.119812 0.134416 -6.530514
v 15.117091 0.149224 -6.542778
v 15.112885 0.167020 -6.561730
v 15.107467 0.187896 -6.586155
v 15.101103 0.211944 -6.614837
v 15.094064 0.239260 -6.646559
v 15.086620 0.269935 -6.680105
v 15.079042 0.304064 -6.714260
v 15.071599 0.341740 -6.747806
v 15.064561 0.383056 -6.779529
v 15.058197 0.428104 -6.808210
v 15.052777 0.476980 -6.832635
v 15.048573 0.529776 -6.851587
v 15.045852 0.586584 -6.863851
v 15.012048 0.134416 -6.501483
v 15.008044 0.149224 -6.513401
v 15.001858 0.167020 -6.531819
v 14.993884 0.187896 -6.555556
v 14.984521 0.211944 -6.583430
v 14.974165 0.239260 -6.614258
v 14.963213 0.269935 -6.646860
v 14.952064 0.304064 -6.680052
v 14.941113 0.341740 -6.712654
v 14.930757 0.383056 -6.743482
v 14.921393 0.428104 -6.771356
v 14.913420 0.476980 -6.795093
v 14.907232 0.529776 -6.813511
v 14.903229 0.586584 -6.825429
v 14.909457 0.134416 -6.461879
v 14.904233 0.149224 -6.473326
v 14.896159 0.167020 -6.491015
v 14.885755 0.187896 -6.513814
v 14.873536 0.211944 -6.540586
v 14.860022 0.239260 -6.570195
v 14.845731 0.269935 -6.601507
v 14.831181 0.304064 -6.633387
v 14.816890 0.341740 -6.664699
v 14.803376 0.383056 -6.694308
v 14.791158 0.428104 -6.721080
v 14.780752 0.476980 -6.743878
v 14.772678 0.529776 -6.761568
v 14.767454 0.586584 -6.773014
v 14.814907 0.122500 -6.408444
v 14.812641 0.134416 -6.412302
v 14.806265 0.149224 -6.423159
v 14.796411 0.167020 -6.439937
v 14.783710 0.187896 -6.461560
v 14.768797 0.211944 -6.486952
v 14.752303 0.239260 -6.515035
v 14.734860 0.269935 -6.544734
v 14.717101 0.304064 -6.574970
v 14.699658 0.341740 -6.604669
v 14.683165 0.383056 -6.632752
v 14.668252 0.428104 -6.658143
v 14.655552 0.476980 -6.679767
v 14.645698 0.529776 -6.696545
v 14.639321 0.586584 -6.707401
v 14.724847 0.122500 -6.349744
v 14.722198 0.134416 -6.353353
v 14.714746 0.149224 -6.363508
v 14.703228 0.167020 -6.379202
v 14.688384 0.187896 -6.399428
v 14.670954 0.211944 -6.423179
v 14.651675 0.239260 -6.449447
v 14.631289 0.269935 -6.477227
v 14.610532 0.304064 -6.505509
v 14.590145 0.341740 -6.533288
v 14.570868 0.383056 -6.559557
v 14.553436 0.428104 -6.583308
v 14.538593 0.476980 -6.603534
v 14.527076 0.529776 -6.619228
v 14.519623 0.586584 -6.629383
v 14.641730 0.122500 -6.282308
v 14.638729 0.134416 -6.285630
v 14.630282 0.149224 -6.294979
v 14.617229 0.167020 -6.309428
v 14.600408 0.187896 -6.328048
v 14.580654 0.211944 -6.349915
v 14.558806 0.239260 -6.374098
v 14.535703 0.269935 -6.399673
v 14.512180 0.304064 -6.425711
v 14.489076 0.341740 -6.451286
v 14.467228 0.383056 -6.475470
v 14.447474 0.428104 -6.497336
v 14.430653 0.476980 -6.515957
v 14.417600 0.529776 -6.530405
v 14.409154 0.586584 -6.539754
v 14.562833 0.134416 -6.209734
v 14.553483 0.149224 -6.218180
v 14.539035 0.167020 -6.231233
v 14.520414 0.187896 -6.248055
v 14.498549 0.211944 -6.267808
v 14.474364 0.239260 -6.289656
v 14.448790 0.269935 -6.312759
v 14.422751 0.304064 -6.336283
v 14.397177 0.341740 -6.359386
v 14.372993 0.383056 -6.381234
v 14.351127 0.428104 -6.400988
v 14.332505 0.476980 -6.417810
v 14.318057 0.529776 -6.430862
v 14.308708 0.586584 -6.439309
v 14.498718 0.122500 -6.123616
v 14.495110 0.134416 -6.126265
v 14.484955 0.149224 -6.133717
v 14.469260 0.167020 -6.145235
v 14.449035 0.187896 -6.160078
v 14.425283 0.211944 -6.177509
v 14.399015 0.239260 -6.196787
v 14.371236 0.269935 -6.217174
v 14.342953 0.304064 -6.237930
v 14.315174 0.341740 -6.258317
v 14.288905 0.383056 -6.277596
v 14.265154 0.428104 -6.295026
v 14.244928 0.476980 -6.309869
v 14.229235 0.529776 -6.321387
v 14.219079 0.586584 -6.328839
v 14.436160 0.134416 -6.035821
v 14.425303 0.149224 -6.042198
v 14.408525 0.167020 -6.052052
v 14.386902 0.187896 -6.064752
v 14.361510 0.211944 -6.079665
v 14.333427 0.239260 -6.096159
v 14.303729 0.269935 -6.113602
v 14.273492 0.304064 -6.131361
v 14.243793 0.341740 -6.148804
v 14.215711 0.383056 -6.165298
v 14.190319 0.428104 -6.180211
v 14.168695 0.476980 -6.192911
v 14.151917 0.529776 -6.202765
v 14.141061 0.586584 -6.209142
v 14.386583 0.134416 -5.939005
v 14.375136 0.149224 -5.944229
v 14.357447 0.167020 -5.952303
v 14.334648 0.187896 -5.962708
v 14.307877 0.211944 -5.974927
v 14.278268 0.239260 -5.988441
v 14.246956 0.269935 -6.002731
v 14.215075 0.304064 -6.017282
v 14.183764 0.341740 -6.031572
v 14.154154 0.383056 -6.045086
v 14.127382 0.428104 -6.057305
v 14.104585 0.476980 -6.067710
v 14.086895 0.529776 -6.075784
v 14.075448 0.586584 -6.081008
v 14.351214 0.122500 -5.834992
v 14.346979 0.134416 -5.836415
v 14.335062 0.149224 -5.840418
v 14.316643 0.167020 -5.846605
v 14.292906 0.187896 -5.854578
v 14.265033 0.211944 -5.863942
v 14.234204 0.239260 -5.874298
v 14.201603 0.269935 -5.885249
v 14.168410 0.304064 -5.896399
v 14.135809 0.341740 -5.907350
v 14.104980 0.383056 -5.917706
v 14.077106 0.428104 -5.927069
v 14.053370 0.476980 -5.935043
v 14.034951 0.529776 -5.941230
v 14.023033 0.586584 -5.945233
v 14.322306 0.122500 -5.727684
v 14.317947 0.134416 -5.728651
v 14.305685 0.149224 -5.731371
v 14.286733 0.167020 -5.735577
v 14.262307 0.187896 -5.740996
v 14.233625 0.211944 -5.747360
v 14.201903 0.239260 -5.754398
v 14.168357 0.269935 -5.761842
v 14.134203 0.304064 -5.769420
v 14.100657 0.341740 -5.776863
v 14.068933 0.383056 -5.783902
v 14.040253 0.428104 -5.790266
v 14.015827 0.476980 -5.795685
v 13.996875 0.529776 -5.799890
v 13.984612 0.586584 -5.802611
v 14.304523 0.122500 -5.615820
v 14.300089 0.134416 -5.616313
v 14.287614 0.149224 -5.617696
v 14.268332 0.167020 -5.619835
v 14.243484 0.187896 -5.622592
v 14.214306 0.211944 -5.625830
v 14.182034 0.239260 -5.629410
v 14.147906 0.269935 -5.633196
v 14.113159 0.304064 -5.637051
v 14.079032 0.341740 -5.640838
v 14.046760 0.383056 -5.644418
v 14.017581 0.428104 -5.647655
v 13.992733 0.476980 -5.650412
v 13.973453 0.529776 -5.652551
v 13.960977 0.586584 -5.653935
v 16.392403 0.122500 -5.615820
v 16.396835 0.134416 -5.616313
v 16.409311 0.149224 -5.617696
v 16.428593 0.167020 -5.619835
v 16.453440 0.187896 -5.622592
v 16.482618 0.211944 -5.625830
v 16.514891 0.239260 -5.629410
v 16.549019 0.269935 -5.633196
v 16.583765 0.304064 -5.637051
v 16.617893 0.341740 -5.640838
v 16.650166 0.383056 -5.644418
v 16.679344 0.428104 -5.647655
v 16.704191 0.476980 -5.650412
v 16.723473 0.529776 -5.652551
v 16.735949 0.586584 -5.653935
v 16.378977 0.134416 -5.728651
v 16.391239 0.149224 -5.731371
v 16.410192 0.167020 -5.735577
v 16.434618 0.187896 -5.740996
v 16.463299 0.211944 -5.747360
v 16.495022 0.239260 -5.754398
v 16.528568 0.269935 -5.761842
v 16.562721 0.304064 -5.769420
v 16.596268 0.341740 -5.776863
v 16.627991 0.383056 -5.783902
v 16.656673 0.428104 -5.790266
v 16.681097 0.476980 -5.795685
v 16.700050 0.529776 -5.799890
v 16.712313 0.586584 -5.802611
v 16.345711 0.122500 -5.834992
v 16.349945 0.134416 -5.836415
v 16.361864 0.149224 -5.840418
v 16.380281 0.167020 -5.846605
v 16.404018 0.187896 -5.854578
v 16.431892 0.211944 -5.863942
v 16.462721 0.239260 -5.874298
v 16.495321 0.269935 -5.885249
v 16.528515 0.304064 -5.896399
v 16.561115 0.341740 -5.907350
v 16.591944 0.383056 -5.917706
v 16.619818 0.428104 -5.927069
v 16.643555 0.476980 -5.935043
v 16.661974 0.529776 -5.941230
v 16.673891 0.586584 -5.945233
v 16.310341 0.134416 -5.939005
v 16.321789 0.149224 -5.944229
v 16.339478 0.167020 -5.952303
v 16.362276 0.187896 -5.962708
v 16.389048 0.211944 -5.974927
v 16.418657 0.239260 -5.988441
v 16.449968 0.269935 -6.002731
v 16.481850 0.304064 -6.017282
v 16.513161 0.341740 -6.031572
v 16.542770 0.383056 -6.045086
v 16.569542 0.428104 -6.057305
v 16.592340 0.476980 -6.067710
v 16.610031 0.529776 -6.075784
v 16.621477 0.586584 -6.081008
v 16.256907 0.122500 -6.033556
v 16.260765 0.134416 -6.035821
v 16.271622 0.149224 -6.042198
v 16.288399 0.167020 -6.052052
v 16.310022 0.187896 -6.064752
v 16.335415 0.211944 -6.079665
v 16.363499 0.239260 -6.096159
v 16.393196 0.269935 -6.113602
v 16.423433 0.304064 -6.131361
v 16.453131 0.341740 -6.148804
v 16.481215 0.383056 -6.165298
v 16.506605 0.428104 -6.180211
v 16.528229 0.476980 -6.192911
v 16.545008 0.529776 -6.202765
v 16.555864 0.586584 -6.209142
v 16.198206 0.122500 -6.123616
v 16.201815 0.134416 -6.126265
v 16.211969 0.149224 -6.133717
v 16.227665 0.167020 -6.145235
v 16.247890 0.187896 -6.160078
v 16.271641 0.211944 -6.177509
v 16.297909 0.239260 -6.196787
v 16.325689 0.269935 -6.217174
v 16.353971 0.304064 -6.237930
v 16.381752 0.341740 -6.258317
v 16.408020 0.383056 -6.277596
v 16.431770 0.428104 -6.295026
v 16.451996 0.476980 -6.309869
v 16.467691 0.529776 -6.321387
v 16.477846 0.586584 -6.328839
v 16.134092 0.134416 -6.209734
v 16.143442 0.149224 -6.218180
v 16.157890 0.167020 -6.231233
v 16.176510 0.187896 -6.248055
v 16.198378 0.211944 -6.267808
v 16.222561 0.239260 -6.289656
v 16.248135 0.269935 -6.312759
v 16.274174 0.304064 -6.336283
v 16.299747 0.341740 -6.359386
v 16.323933 0.383056 -6.381234
v 16.345798 0.428104 -6.400988
v 16.364420 0.476980 -6.417810
v 16.378868 0.529776 -6.430862
v 16.388216 0.586584 -6.439309
v 16.055195 0.122500 -6.282308
v 16.058197 0.134416 -6.285630
v 16.066643 0.149224 -6.294979
v 16.079695 0.167020 -6.309427
v 16.096518 0.187896 -6.328048
v 16.116270 0.211944 -6.349915
v 16.138119 0.239260 -6.374098
v 16.161222 0.269935 -6.399673
v 16.184746 0.304064 -6.425711
v 16.207850 0.341740 -6.451286
v 16.229696 0.383056 -6.475470
v 16.249451 0.428104 -6.497336
v 16.266272 0.476980 -6.515957
v 16.279325 0.529776 -6.530405
v 16.287771 0.586584 -6.539754
v 15.972078 0.122500 -6.349744
v 15.974727 0.134416 -6.353353
v 15.982180 0.149224 -6.363508
v 15.993697 0.167020 -6.379202
v 16.008541 0.187896 -6.399428
v 16.025970 0.211944 -6.423179
v 16.045250 0.239260 -6.449447
v 16.065636 0.269935 -6.477227
v 16.086393 0.304064 -6.505509
v 16.106779 0.341740 -6.533288
v 16.126059 0.383056 -6.559557
v 16.143488 0.428104 -6.583308
v 16.158331 0.476980 -6.603534
v 16.169849 0.529776 -6.619228
v 16.177301 0.586584 -6.629383
v 15.882018 0.122500 -6.408444
v 15.884284 0.134416 -6.412302
v 15.890660 0.149224 -6.423159
v 15.900515 0.167020 -6.439937
v 15.913215 0.187896 -6.461560
v 15.928127 0.211944 -6.486952
v 15.944622 0.239260 -6.515035
v 15.962065 0.269935 -6.544734
v 15.979823 0.304064 -6.574970
v 15.997266 0.341740 -6.604669
v 16.013760 0.383056 -6.632752
v 16.028673 0.428104 -6.658143
v 16.041374 0.476980 -6.679767
v 16.051228 0.529776 -6.696545
v 16.057604 0.586584 -6.707401
v 15.785611 0.122500 -6.457811
v 15.787467 0.134416 -6.461879
v 15.792691 0.149224 -6.473326
v 15.800765 0.167020 -6.491015
v 15.811171 0.187896 -6.513814
v 15.823389 0.211944 -6.540586
v 15.836903 0.239260 -6.570195
v 15.851193 0.269935 -6.601507
v 15.865744 0.304064 -6.633387
v 15.880034 0.341740 -6.664699
v 15.893549 0.383056 -6.694308
v 15.905767 0.428104 -6.721080
v 15.916172 0.476980 -6.743878
v 15.924246 0.529776 -6.761568
v 15.929470 0.586584 -6.773014
v 15.683455 0.122500 -6.497248
v 15.684877 0.134416 -6.501483
v 15.688880 0.149224 -6.513401
v 15.695067 0.167020 -6.531819
v 15.703041 0.187896 -6.555556
v 15.712404 0.211944 -6.583430
v 15.722760 0.239260 -6.614258
v 15.733711 0.269935 -6.646860
v 15.744862 0.304064 -6.680052
v 15.755813 0.341740 -6.712654
v 15.766169 0.383056 -6.743482
v 15.775532 0.428104 -6.771356
v 15.783505 0.476980 -6.795093
v 15.789692 0.529776 -6.813511
v 15.793695 0.586584 -6.825429
v 15.576146 0.122500 -6.526156
v 15.577113 0.134416 -6.530515
v 15.579834 0.149224 -6.542778
v 15.584039 0.167020 -6.561730
v 15.589458 0.187896 -6.586155
v 15.595822 0.211944 -6.614837
v 15.602860 0.239260 -6.646559
v 15.610304 0.269935 -6.680105
v 15.617883 0.304064 -6.714260
v 15.625325 0.341740 -6.747806
v 15.632364 0.383056 -6.779529
v 15.638728 0.428104 -6.808210
v 15.644148 0.476980 -6.832635
v 15.648353 0.529776 -6.851587
v 15.651073 0.586584 -6.863851
v 15.464283 0.122500 -6.543940
v 15.464775 0.134416 -6.548373
v 15.466159 0.149224 -6.560849
v 15.468298 0.167020 -6.580130
v 15.471055 0.187896 -6.604978
v 15.474292 0.211944 -6.634157
v 15.477873 0.239260 -6.666429
v 15.481659 0.269935 -6.700556
v 15.485514 0.304064 -6.735303
v 15.489300 0.341740 -6.769431
v 15.492881 0.383056 -6.801702
v 15.496118 0.428104 -6.830881
v 15.498875 0.476980 -6.855730
v 15.501014 0.529776 -6.875010
v 15.502398 0.586584 -6.887486
v 13.251138 1.277500 -5.460800
v 13.255793 1.336018 -5.460800
v 13.253129 1.336393 -5.500000
v 13.248463 1.277500 -5.500000
v 13.269754 1.386746 -5.460800
v 13.267129 1.387447 -5.500000
v 13.293024 1.430241 -5.460800
v 13.290462 1.431220 -5.500000
v 13.325598 1.467058 -5.460800
v 13.323129 1.468273 -5.500000
v 13.367475 1.497754 -5.460800
v 13.365129 1.499166 -5.500000
v 13.418653 1.522887 -5.460800
v 13.416462 1.524460 -5.500000
v 13.479132 1.543011 -5.460800
v 13.477129 1.544713 -5.500000
v 13.548908 1.558684 -5.460800
v 13.547129 1.560487 -5.500000
v 13.627982 1.570462 -5.460800
v 13.626462 1.572340 -5.500000
v 13.716352 1.578901 -5.460800
v 13.715129 1.580833 -5.500000
v 13.814014 1.584558 -5.460800
v 13.813129 1.586527 -5.500000
v 13.920969 1.587989 -5.460800
v 13.920463 1.589980 -5.500000
v 14.037214 1.589751 -5.460800
v 14.037129 1.591753 -5.500000
v 14.162748 1.590400 -5.460800
v 14.163129 1.592407 -5.500000
v 14.297570 1.590493 -5.460800
v 14.298462 1.592500 -5.500000
v 13.258667 1.277500 -5.427200
v 13.263288 1.334962 -5.427200
v 13.277144 1.384775 -5.427200
v 13.300232 1.427485 -5.427200
v 13.332543 1.463638 -5.427200
v 13.374074 1.493781 -5.427200
v 13.424816 1.518460 -5.427200
v 13.484766 1.538221 -5.427200
v 13.553915 1.553611 -5.427200
v 13.632258 1.565176 -5.427200
v 13.719790 1.573463 -5.427200
v 13.816504 1.579018 -5.427200
v 13.922395 1.582388 -5.427200
v 14.037455 1.584118 -5.427200
v 14.161678 1.584756 -5.427200
v 14.295061 1.584847 -5.427200
v 13.270302 1.277500 -5.399200
v 13.274870 1.333331 -5.399200
v 13.288564 1.381729 -5.399200
v 13.311371 1.423227 -5.399200
v 13.343278 1.458353 -5.399200
v 13.384273 1.487640 -5.399200
v 13.434341 1.511618 -5.399200
v 13.493473 1.530818 -5.399200
v 13.561652 1.545771 -5.399200
v 13.638867 1.557009 -5.399200
v 13.725105 1.565060 -5.399200
v 13.820353 1.570457 -5.399200
v 13.924598 1.573731 -5.399200
v 14.037826 1.575412 -5.399200
v 14.160025 1.576032 -5.399200
v 14.291183 1.576120 -5.399200
v 13.285298 1.277500 -5.376800
v 13.289797 1.331228 -5.376800
v 13.303281 1.377804 -5.376800
v 13.325727 1.417738 -5.376800
v 13.357113 1.451542 -5.376800
v 13.397417 1.479726 -5.376800
v 13.446619 1.502801 -5.376800
v 13.504695 1.521278 -5.376800
v 13.571625 1.535668 -5.376800
v 13.647385 1.546482 -5.376800
v 13.731956 1.554230 -5.376800
v 13.825314 1.559424 -5.376800
v 13.927437 1.562574 -5.376800
v 14.038304 1.564192 -5.376800
v 14.157894 1.564788 -5.376800
v 14.286184 1.564873 -5.376800
v 13.302907 1.277500 -5.360000
v 13.307326 1.328759 -5.360000
v 13.320562 1.373194 -5.360000
v 13.342585 1.411293 -5.360000
v 13.373358 1.443543 -5.360000
v 13.412852 1.470432 -5.360000
v 13.461035 1.492447 -5.360000
v 13.517872 1.510074 -5.360000
v 13.583334 1.523803 -5.360000
v 13.657387 1.534120 -5.360000
v 13.739999 1.541512 -5.360000
v 13.831138 1.546468 -5.360000
v 13.930771 1.549473 -5.360000
v 14.038866 1.551017 -5.360000
v 14.155392 1.551586 -5.360000
v 14.280314 1.551667 -5.360000
v 13.322382 1.277500 -5.348800
v 13.326714 1.326028 -5.348800
v 13.339677 1.368096 -5.348800
v 13.361229 1.404165 -5.348800
v 13.391325 1.434697 -5.348800
v 13.429923 1.460153 -5.348800
v 13.476978 1.480995 -5.348800
v 13.532447 1.497684 -5.348800
v 13.596285 1.510681 -5.348800
v 13.668449 1.520448 -5.348800
v 13.748895 1.527447 -5.348800
v 13.837580 1.532138 -5.348800
v 13.934458 1.534983 -5.348800
v 14.039487 1.536445 -5.348800
v 14.152623 1.536983 -5.348800
v 14.273823 1.537060 -5.348800
v 13.342978 1.277500 -5.343200
v 13.347216 1.323140 -5.343200
v 13.359890 1.362705 -5.343200
v 13.380945 1.396627 -5.343200
v 13.410326 1.425342 -5.343200
v 13.447976 1.449283 -5.343200
v 13.493839 1.468885 -5.343200
v 13.547859 1.484580 -5.343200
v 13.609981 1.496804 -5.343200
v 13.680147 1.505990 -5.343200
v 13.758303 1.512572 -5.343200
v 13.844392 1.516984 -5.343200
v 13.938357 1.519660 -5.343200
v 14.040144 1.521035 -5.343200
v 14.149696 1.521541 -5.343200
v 14.266957 1.521613 -5.343200
v 13.363947 1.277500 -5.343200
v 13.368089 1.320200 -5.343200
v 13.380469 1.357215 -5.343200
v 13.401020 1.388953 -5.343200
v 13.429671 1.415818 -5.343200
v 13.466356 1.438216 -5.343200
v 13.511005 1.456555 -5.343200
v 13.563551 1.471240 -5.343200
v 13.623925 1.482676 -5.343200
v 13.692058 1.491270 -5.343200
v 13.767881 1.497428 -5.343200
v 13.851327 1.501556 -5.343200
v 13.942327 1.504059 -5.343200
v 14.040813 1.505345 -5.343200
v 14.146716 1.505819 -5.343200
v 14.259968 1.505887 -5.343200
v 13.384542 1.277500 -5.348800
v 13.388591 1.317312 -5.348800
v 13.400682 1.351824 -5.348800
v 13.420736 1.381415 -5.348800
v 13.448672 1.406463 -5.348800
v 13.484409 1.427347 -5.348800
v 13.527866 1.444445 -5.348800
v 13.578964 1.458136 -5.348800
v 13.637621 1.468799 -5.348800
v 13.703755 1.476812 -5.348800
v 13.777288 1.482553 -5.348800
v 13.858140 1.486402 -5.348800
v 13.946227 1.488737 -5.348800
v 14.041471 1.489935 -5.348800
v 14.143789 1.490377 -5.348800
v 14.253102 1.490440 -5.348800
v 13.404018 1.277500 -5.360000
v 13.407978 1.314581 -5.360000
v 13.419796 1.346726 -5.360000
v 13.439381 1.374287 -5.360000
v 13.466640 1.397616 -5.360000
v 13.501480 1.417068 -5.360000
v 13.543811 1.432993 -5.360000
v 13.593538 1.445745 -5.360000
v 13.650572 1.455677 -5.360000
v 13.714818 1.463140 -5.360000
v 13.786185 1.468488 -5.360000
v 13.864581 1.472072 -5.360000
v 13.949914 1.474247 -5.360000
v 14.042091 1.475363 -5.360000
v 14.141021 1.475775 -5.360000
v 14.246611 1.475833 -5.360000
v 13.421627 1.277500 -5.376800
v 13.425507 1.312112 -5.376800
v 13.437078 1.342116 -5.376800
v 13.456239 1.367842 -5.376800
v 13.482885 1.389618 -5.376800
v 13.516915 1.407774 -5.376800
v 13.558227 1.422639 -5.376800
v 13.606716 1.434542 -5.376800
v 13.662281 1.443812 -5.376800
v 13.724820 1.450779 -5.376800
v 13.794229 1.455770 -5.376800
v 13.870406 1.459116 -5.376800
v 13.953248 1.461146 -5.376800
v 14.042653 1.462188 -5.376800
v 14.138518 1.462572 -5.376800
v 14.240741 1.462627 -5.376800
v 13.436623 1.277500 -5.399200
v 13.440434 1.310009 -5.399200
v 13.451796 1.338191 -5.399200
v 13.470594 1.362354 -5.399200
v 13.496719 1.382807 -5.399200
v 13.530060 1.399860 -5.399200
v 13.570502 1.413822 -5.399200
v 13.617938 1.425002 -5.399200
v 13.672253 1.433709 -5.399200
v 13.733337 1.440252 -5.399200
v 13.801079 1.444940 -5.399200
v 13.875366 1.448083 -5.399200
v 13.956087 1.449989 -5.399200
v 14.043132 1.450968 -5.399200
v 14.136387 1.451329 -5.399200
v 14.235743 1.451380 -5.399200
v 13.448258 1.277500 -5.427200
v 13.452017 1.308378 -5.427200
v 13.463215 1.335145 -5.427200
v 13.481733 1.358095 -5.427200
v 13.507454 1.377522 -5.427200
v 13.540258 1.393719 -5.427200
v 13.580029 1.406980 -5.427200
v 13.626645 1.417599 -5.427200
v 13.679991 1.425869 -5.427200
v 13.739946 1.432084 -5.427200
v 13.806394 1.436537 -5.427200
v 13.879214 1.439522 -5.427200
v 13.958290 1.441332 -5.427200
v 14.043503 1.442262 -5.427200
v 14.134733 1.442604 -5.427200
v 14.231864 1.442653 -5.427200
v 13.455787 1.277500 -5.460800
v 13.459512 1.307322 -5.460800
v 13.470604 1.333174 -5.460800
v 13.488941 1.355339 -5.460800
v 13.514400 1.374102 -5.460800
v 13.546858 1.389745 -5.460800
v 13.586192 1.402553 -5.460800
v 13.632279 1.412809 -5.460800
v 13.684998 1.420796 -5.460800
v 13.744223 1.426798 -5.460800
v 13.809833 1.431099 -5.460800
v 13.881705 1.433982 -5.460800
v 13.959716 1.435731 -5.460800
v 14.043743 1.436629 -5.460800
v 14.133663 1.436960 -5.460800
v 14.229354 1.437007 -5.460800
v 13.458463 1.277500 -5.500000
v 13.462175 1.306947 -5.500000
v 13.473230 1.332473 -5.500000
v 13.491503 1.354360 -5.500000
v 13.516869 1.372887 -5.500000
v 13.549203 1.388333 -5.500000
v 13.588383 1.400980 -5.500000
v 13.634281 1.411107 -5.500000
v 13.686776 1.418993 -5.500000
v 13.745743 1.424920 -5.500000
v 13.811055 1.429167 -5.500000
v 13.882590 1.432013 -5.500000
v 13.960222 1.433740 -5.500000
v 14.043828 1.434627 -5.500000
v 14.133284 1.434953 -5.500000
v 14.228462 1.435000 -5.500000
v 13.455787 1.277500 -5.539200
v 13.459512 1.307322 -5.539200
v 13.470604 1.333174 -5.539200
v 13.488941 1.355339 -5.539200
v 13.514400 1.374102 -5.539200
v 13.546858 1.389745 -5.539200
v 13.586192 1.402553 -5.539200
v 13.632279 1.412809 -5.539200
v 13.684998 1.420796 -5.539200
v 13.744223 1.426798 -5.539200
v 13.809833 1.431099 -5.539200
v 13.881705 1.433982 -5.539200
v 13.959716 1.435731 -5.539200
v 14.043743 1.436629 -5.539200
v 14.133663 1.436960 -5.539200
v 14.229354 1.437007 -5.539200
v 13.448258 1.277500 -5.572800
v 13.452017 1.308378 -5.572800
v 13.463215 1.335145 -5.572800
v 13.481733 1.358095 -5.572800
v 13.507454 1.377522 -5.572800
v 13.540258 1.393719 -5.572800
v 13.580029 1.406980 -5.572800
v 13.626645 1.417599 -5.572800
v 13.679991 1.425869 -5.572800
v 13.739946 1.432084 -5.572800
v 13.806394 1.436537 -5.572800
v 13.879214 1.439522 -5.572800
v 13.958290 1.441332 -5.572800
v 14.043503 1.442262 -5.572800
v 14.134733 1.442604 -5.572800
v 14.231864 1.442653 -5.572800
v 13.436623 1.277500 -5.600800
v 13.440434 1.310009 -5.600800
v 13.451796 1.338191 -5.600800
v 13.470594 1.362354 -5.600800
v 13.496719 1.382807 -5.600800
v 13.530060 1.399860 -5.600800
v 13.570502 1.413822 -5.600800
v 13.617938 1.425002 -5.600800
v 13.672253 1.433709 -5.600800
v 13.733337 1.440252 -5.600800
v 13.801079 1.444940 -5.600800
v 13.875366 1.448083 -5.600800
v 13.956087 1.449989 -5.600800
v 14.043132 1.450968 -5.600800
v 14.136387 1.451329 -5.600800
v 14.235743 1.451380 -5.600800
v 13.421627 1.277500 -5.623200
v 13.425507 1.312112 -5.623200
v 13.437078 1.342116 -5.623200
v 13.456239 1.367842 -5.623200
v 13.482885 1.389618 -5.623200
v 13.516915 1.407774 -5.623200
v 13.558227 1.422639 -5.623200
v 13.606716 1.434542 -5.623200
v 13.662281 1.443812 -5.623200
v 13.724820 1.450779 -5.623200
v 13.794229 1.455770 -5.623200
v 13.870406 1.459116 -5.623200
v 13.953248 1.461146 -5.623200
v 14.042653 1.462188 -5.623200
v 14.138518 1.462572 -5.623200
v 14.240741 1.462627 -5.623200
v 13.404018 1.277500 -5.640000
v 13.407978 1.314581 -5.640000
v 13.419796 1.346726 -5.640000
v 13.439381 1.374287 -5.640000
v 13.466640 1.397617 -5.640000
v 13.501480 1.417068 -5.640000
v 13.543811 1.432993 -5.640000
v 13.593538 1.445745 -5.640000
v 13.650572 1.455677 -5.640000
v 13.714818 1.463140 -5.640000
v 13.786185 1.468488 -5.640000
v 13.864581 1.472072 -5.640000
v 13.949914 1.474247 -5.640000
v 14.042091 1.475363 -5.640000
v 14.141021 1.475775 -5.640000
v 14.246611 1.475833 -5.640000
v 13.384542 1.277500 -5.651200
v 13.388591 1.317312 -5.651200
v 13.400682 1.351824 -5.651200
v 13.420736 1.381415 -5.651200
v 13.448672 1.406463 -5.651200
v 13.484409 1.427347 -5.651200
v 13.527866 1.444445 -5.651200
v 13.578964 1.458136 -5.651200
v 13.637621 1.468799 -5.651200
v 13.703755 1.476812 -5.651200
v 13.777288 1.482553 -5.651200
v 13.858140 1.486402 -5.651200
v 13.946227 1.488737 -5.651200
v 14.041471 1.489935 -5.651200
v 14.143789 1.490377 -5.651200
v 14.253102 1.490440 -5.651200
v 13.363947 1.277500 -5.656800
v 13.368089 1.320200 -5.656800
v 13.380469 1.357215 -5.656800
v 13.401020 1.388953 -5.656800
v 13.429671 1.415818 -5.656800
v 13.466356 1.438217 -5.656800
v 13.511005 1.456555 -5.656800
v 13.563552 1.471240 -5.656800
v 13.623925 1.482676 -5.656800
v 13.692058 1.491270 -5.656800
v 13.767881 1.497428 -5.656800
v 13.851327 1.501556 -5.656800
v 13.942327 1.504060 -5.656800
v 14.040813 1.505345 -5.656800
v 14.146716 1.505819 -5.656800
v 14.259968 1.505887 -5.656800
v 13.342978 1.277500 -5.656800
v 13.347216 1.323140 -5.656800
v 13.359890 1.362705 -5.656800
v 13.380945 1.396627 -5.656800
v 13.410326 1.425342 -5.656800
v 13.447976 1.449283 -5.656800
v 13.493839 1.468885 -5.656800
v 13.547859 1.484580 -5.656800
v 13.609982 1.496804 -5.656800
v 13.680147 1.505990 -5.656800
v 13.758303 1.512572 -5.656800
v 13.844392 1.516984 -5.656800
v 13.938357 1.519660 -5.656800
v 14.040144 1.521035 -5.656800
v 14.149696 1.521541 -5.656800
v 14.266957 1.521613 -5.656800
v 13.322382 1.277500 -5.651200
v 13.326714 1.326028 -5.651200
v 13.339676 1.368096 -5.651200
v 13.361229 1.404165 -5.651200
v 13.391325 1.434697 -5.651200
v 13.429923 1.460153 -5.651200
v 13.476978 1.480995 -5.651200
v 13.532447 1.497684 -5.651200
v 13.596285 1.510681 -5.651200
v 13.668448 1.520448 -5.651200
v 13.748895 1.527447 -5.651200
v 13.837580 1.532138 -5.651200
v 13.934458 1.534983 -5.651200
v 14.039487 1.536445 -5.651200
v 14.152623 1.536983 -5.651200
v 14.273823 1.537060 -5.651200
v 13.302907 1.277500 -5.640000
v 13.307326 1.328759 -5.640000
v 13.320562 1.373194 -5.640000
v 13.342585 1.411293 -5.640000
v 13.373358 1.443543 -5.640000
v 13.412852 1.470432 -5.640000
v 13.461035 1.492447 -5.640000
v 13.517872 1.510074 -5.640000
v 13.583334 1.523803 -5.640000
v 13.657387 1.534120 -5.640000
v 13.739999 1.541512 -5.640000
v 13.831138 1.546468 -5.640000
v 13.930771 1.549473 -5.640000
v 14.038866 1.551017 -5.640000
v 14.155392 1.551586 -5.640000
v 14.280314 1.551667 -5.640000
v 13.285298 1.277500 -5.623200
v 13.289797 1.331228 -5.623200
v 13.303281 1.377804 -5.623200
v 13.325727 1.417738 -5.623200
v 13.357113 1.451542 -5.623200
v 13.397417 1.479726 -5.623200
v 13.446619 1.502801 -5.623200
v 13.504695 1.521278 -5.623200
v 13.571625 1.535668 -5.623200
v 13.647385 1.546482 -5.623200
v 13.731956 1.554230 -5.623200
v 13.825314 1.559424 -5.623200
v 13.927437 1.562574 -5.623200
v 14.038304 1.564192 -5.623200
v 14.157894 1.564788 -5.623200
v 14.286184 1.564873 -5.623200
v 13.270302 1.277500 -5.600800
v 13.274870 1.333331 -5.600800
v 13.288564 1.381729 -5.600800
v 13.311371 1.423227 -5.600800
v 13.343278 1.458353 -5.600800
v 13.384273 1.487640 -5.600800
v 13.434341 1.511618 -5.600800
v 13.493473 1.530818 -5.600800
v 13.561652 1.545771 -5.600800
v 13.638867 1.557009 -5.600800
v 13.725105 1.565060 -5.600800
v 13.820353 1.570457 -5.600800
v 13.924598 1.573731 -5.600800
v 14.037826 1.575412 -5.600800
v 14.160025 1.576032 -5.600800
v 14.291183 1.576120 -5.600800
v 13.258667 1.277500 -5.572800
v 13.263288 1.334962 -5.572800
v 13.277143 1.384775 -5.572800
v 13.300231 1.427485 -5.572800
v 13.332543 1.463638 -5.572800
v 13.374073 1.493781 -5.572800
v 13.424816 1.518460 -5.572800
v 13.484765 1.538221 -5.572800
v 13.553915 1.553611 -5.572800
v 13.632258 1.565176 -5.572800
v 13.719790 1.573463 -5.572800
v 13.816504 1.579018 -5.572800
v 13.922395 1.582388 -5.572800
v 14.037455 1.584118 -5.572800
v 14.161678 1.584756 -5.572800
v 14.295061 1.584847 -5.572800
v 13.251138 1.277500 -5.539200
v 13.255793 1.336018 -5.539200
v 13.269754 1.386746 -5.539200
v 13.293024 1.430241 -5.539200
v 13.325598 1.467058 -5.539200
v 13.367475 1.497754 -5.539200
v 13.418653 1.522887 -5.539200
v 13.479132 1.543011 -5.539200
v 13.548908 1.558684 -5.539200
v 13.627982 1.570462 -5.539200
v 13.716352 1.578901 -5.539200
v 13.814014 1.584558 -5.539200
v 13.920969 1.587989 -5.539200
v 14.037214 1.589751 -5.539200
v 14.162748 1.590400 -5.539200
v 14.297570 1.590493 -5.539200
v 14.017570 0.440176 -5.460800
v 13.916727 0.487934 -5.460800
v 13.917185 0.485442 -5.500000
v 14.018462 0.437500 -5.500000
v 13.823264 0.537075 -5.460800
v 13.823313 0.534738 -5.500000
v 13.737118 0.587545 -5.460800
v 13.736782 0.585340 -5.500000
v 13.658225 0.639291 -5.460800
v 13.657532 0.637202 -5.500000
v 13.586523 0.692260 -5.460800
v 13.585499 0.690278 -5.500000
v 13.521950 0.746398 -5.460800
v 13.520622 0.744520 -5.500000
v 13.464440 0.801653 -5.460800
v 13.462839 0.799882 -5.500000
v 13.413933 0.857971 -5.460800
v 13.412086 0.856318 -5.500000
v 13.370364 0.915300 -5.460800
v 13.368302 0.913780 -5.500000
v 13.333672 0.973585 -5.460800
v 13.331425 0.972222 -5.500000
v 13.303791 1.032773 -5.460800
v 13.301393 1.031598 -5.500000
v 13.280661 1.092812 -5.460800
v 13.278143 1.091860 -5.500000
v 13.264217 1.153649 -5.460800
v 13.261612 1.152962 -5.500000
v 13.254397 1.215229 -5.460800
v 13.251740 1.214858 -5.500000
v 14.015060 0.447704 -5.427200
v 13.915439 0.494945 -5.427200
v 13.823128 0.543650 -5.427200
v 13.738061 0.593748 -5.427200
v 13.660175 0.645168 -5.427200
v 13.589405 0.697837 -5.427200
v 13.525684 0.751683 -5.427200
v 13.468947 0.806637 -5.427200
v 13.419130 0.862625 -5.427200
v 13.376166 0.919576 -5.427200
v 13.339993 0.977419 -5.427200
v 13.310541 1.036082 -5.427200
v 13.287748 1.095493 -5.427200
v 13.271548 1.155581 -5.427200
v 13.261877 1.216274 -5.427200
v 14.011183 0.459340 -5.399200
v 13.913447 0.505781 -5.399200
v 13.822916 0.553813 -5.399200
v 13.739520 0.603336 -5.399200
v 13.663190 0.654250 -5.399200
v 13.593858 0.706456 -5.399200
v 13.531455 0.759852 -5.399200
v 13.475912 0.814339 -5.399200
v 13.427162 0.869816 -5.399200
v 13.385134 0.926185 -5.399200
v 13.349760 0.983344 -5.399200
v 13.320972 1.041194 -5.399200
v 13.298701 1.099635 -5.399200
v 13.282879 1.158566 -5.399200
v 13.273435 1.217888 -5.399200
v 14.006184 0.474336 -5.376800
v 13.910881 0.519746 -5.376800
v 13.822643 0.566910 -5.376800
v 13.741399 0.615692 -5.376800
v 13.667074 0.665956 -5.376800
v 13.599597 0.717563 -5.376800
v 13.538893 0.770379 -5.376800
v 13.484889 0.824265 -5.376800
v 13.437512 0.879085 -5.376800
v 13.396690 0.934703 -5.376800
v 13.362349 0.990981 -5.376800
v 13.334415 1.047783 -5.376800
v 13.312817 1.104973 -5.376800
v 13.297480 1.162414 -5.376800
v 13.288331 1.219968 -5.376800
v 14.000315 0.491944 -5.360000
v 13.907866 0.536144 -5.360000
v 13.822323 0.582290 -5.360000
v 13.743607 0.630202 -5.360000
v 13.671637 0.679701 -5.360000
v 13.606337 0.730607 -5.360000
v 13.547626 0.782740 -5.360000
v 13.495430 0.835920 -5.360000
v 13.449668 0.889968 -5.360000
v 13.410261 0.944704 -5.360000
v 13.377132 0.999949 -5.360000
v 13.350203 1.055521 -5.360000
v 13.329393 1.111242 -5.360000
v 13.314627 1.166932 -5.360000
v 13.305824 1.222412 -5.360000
v 13.993822 0.511420 -5.348800
v 13.904533 0.554281 -5.348800
v 13.821969 0.599300 -5.348800
v 13.746047 0.646250 -5.348800
v 13.676682 0.694904 -5.348800
v 13.613790 0.745033 -5.348800
v 13.557287 0.796412 -5.348800
v 13.507089 0.848812 -5.348800
v 13.463111 0.902006 -5.348800
v 13.425270 0.955767 -5.348800
v 13.393481 1.009867 -5.348800
v 13.367661 1.064079 -5.348800
v 13.347726 1.118176 -5.348800
v 13.333591 1.171929 -5.348800
v 13.325171 1.225114 -5.348800
v 13.986958 0.532016 -5.343200
v 13.901008 0.573461 -5.343200
v 13.821595 0.617288 -5.343200
v 13.748629 0.663221 -5.343200
v 13.682017 0.710980 -5.343200
v 13.621673 0.760289 -5.343200
v 13.567502 0.810870 -5.343200
v 13.519418 0.862445 -5.343200
v 13.477327 0.914735 -5.343200
v 13.441143 0.967465 -5.343200
v 13.410772 1.020355 -5.343200
v 13.386126 1.073128 -5.343200
v 13.367113 1.125508 -5.343200
v 13.353645 1.177214 -5.343200
v 13.345630 1.227971 -5.343200
v 13.979967 0.552984 -5.343200
v 13.897419 0.592988 -5.343200
v 13.821215 0.635603 -5.343200
v 13.751257 0.680499 -5.343200
v 13.687449 0.727349 -5.343200
v 13.629698 0.775822 -5.343200
v 13.577903 0.825590 -5.343200
v 13.531970 0.876324 -5.343200
v 13.491802 0.927696 -5.343200
v 13.457302 0.979375 -5.343200
v 13.428375 1.031034 -5.343200
v 13.404924 1.082342 -5.343200
v 13.386851 1.132972 -5.343200
v 13.374063 1.182595 -5.343200
v 13.366460 1.230880 -5.343200
v 13.973103 0.573580 -5.348800
v 13.893894 0.612168 -5.348800
v 13.820840 0.653591 -5.348800
v 13.753838 0.697470 -5.348800
v 13.692785 0.743425 -5.348800
v 13.637579 0.791078 -5.348800
v 13.588118 0.840048 -5.348800
v 13.544298 0.889957 -5.348800
v 13.506018 0.940425 -5.348800
v 13.473175 0.991073 -5.348800
v 13.445665 1.041522 -5.348800
v 13.423388 1.091392 -5.348800
v 13.406239 1.140304 -5.348800
v 13.394117 1.187879 -5.348800
v 13.386919 1.233738 -5.348800
v 13.966611 0.593055 -5.360000
v 13.890560 0.630305 -5.360000
v 13.820486 0.670601 -5.360000
v 13.756279 0.713518 -5.360000
v 13.697830 0.758628 -5.360000
v 13.645033 0.805504 -5.360000
v 13.597778 0.853720 -5.360000
v 13.555957 0.902848 -5.360000
v 13.519462 0.952463 -5.360000
v 13.488184 1.002136 -5.360000
v 13.462015 1.051440 -5.360000
v 13.440847 1.099950 -5.360000
v 13.424572 1.147238 -5.360000
v 13.413081 1.192876 -5.360000
v 13.406265 1.236440 -5.360000
v 13.960741 0.610664 -5.376800
v 13.887547 0.646703 -5.376800
v 13.820166 0.685981 -5.376800
v 13.758486 0.728027 -5.376800
v 13.702393 0.772373 -5.376800
v 13.651772 0.818548 -5.376800
v 13.606512 0.866081 -5.376800
v 13.566498 0.914504 -5.376800
v 13.531617 0.963346 -5.376800
v 13.501755 1.012137 -5.376800
v 13.476798 1.060408 -5.376800
v 13.456634 1.107687 -5.376800
v 13.441148 1.153507 -5.376800
v 13.430227 1.197395 -5.376800
v 13.423758 1.238883 -5.376800
v 13.955742 0.625660 -5.399200
v 13.884980 0.660668 -5.399200
v 13.819893 0.699078 -5.399200
v 13.760365 0.740384 -5.399200
v 13.706277 0.784079 -5.399200
v 13.657511 0.829656 -5.399200
v 13.613950 0.876608 -5.399200
v 13.575475 0.924430 -5.399200
v 13.541967 0.972615 -5.399200
v 13.513311 1.020655 -5.399200
v 13.489387 1.068044 -5.399200
v 13.470078 1.114277 -5.399200
v 13.455263 1.158845 -5.399200
v 13.444829 1.201243 -5.399200
v 13.438654 1.240963 -5.399200
v 13.951864 0.637295 -5.427200
v 13.882988 0.671504 -5.427200
v 13.819682 0.709241 -5.427200
v 13.761824 0.749972 -5.427200
v 13.709291 0.793161 -5.427200
v 13.661964 0.838274 -5.427200
v 13.619721 0.884776 -5.427200
v 13.582439 0.932132 -5.427200
v 13.549999 0.979806 -5.427200
v 13.522278 1.027264 -5.427200
v 13.499155 1.073970 -5.427200
v 13.480509 1.119389 -5.427200
v 13.466217 1.162987 -5.427200
v 13.456159 1.204228 -5.427200
v 13.450212 1.242577 -5.427200
v 13.949354 0.644824 -5.460800
v 13.881700 0.678515 -5.460800
v 13.819545 0.715816 -5.460800
v 13.762767 0.756175 -5.460800
v 13.711242 0.799038 -5.460800
v 13.664846 0.843851 -5.460800
v 13.623455 0.890062 -5.460800
v 13.586946 0.937116 -5.460800
v 13.555197 0.984460 -5.460800
v 13.528080 1.031540 -5.460800
v 13.505476 1.077804 -5.460800
v 13.487258 1.122698 -5.460800
v 13.473304 1.165668 -5.460800
v 13.463490 1.206160 -5.460800
v 13.457692 1.243622 -5.460800
v 13.881242 0.681007 -5.500000
v 13.819496 0.718153 -5.500000
v 13.763103 0.758380 -5.500000
v 13.711935 0.801127 -5.500000
v 13.665870 0.845833 -5.500000
v 13.624783 0.891940 -5.500000
v 13.588549 0.938887 -5.500000
v 13.557043 0.986113 -5.500000
v 13.530142 1.033060 -5.500000
v 13.507722 1.079167 -5.500000
v 13.489656 1.123873 -5.500000
v 13.475822 1.166620 -5.500000
v 13.466095 1.206847 -5.500000
v 13.460350 1.243993 -5.500000
v 13.949354 0.644824 -5.539200
v 13.881700 0.678515 -5.539200
v 13.819545 0.715816 -5.539200
v 13.762767 0.756175 -5.539200
v 13.711242 0.799038 -5.539200
v 13.664845 0.843851 -5.539200
v 13.623455 0.890062 -5.539200
v 13.586946 0.937116 -5.539200
v 13.555197 0.984460 -5.539200
v 13.528080 1.031540 -5.539200
v 13.505476 1.077804 -5.539200
v 13.487258 1.122698 -5.539200
v 13.473304 1.165668 -5.539200
v 13.463490 1.206160 -5.539200
v 13.457692 1.243622 -5.539200
v 13.951864 0.637295 -5.572800
v 13.882988 0.671504 -5.572800
v 13.819682 0.709241 -5.572800
v 13.761824 0.749972 -5.572800
v 13.709291 0.793161 -5.572800
v 13.661964 0.838274 -5.572800
v 13.619721 0.884776 -5.572800
v 13.582439 0.932132 -5.572800
v 13.549999 0.979806 -5.572800
v 13.522278 1.027264 -5.572800
v 13.499155 1.073970 -5.572800
v 13.480509 1.119389 -5.572800
v 13.466217 1.162987 -5.572800
v 13.456159 1.204228 -5.572800
v 13.450212 1.242578 -5.572800
v 13.955742 0.625660 -5.600800
v 13.884980 0.660668 -5.600800
v 13.819893 0.699078 -5.600800
v 13.760365 0.740384 -5.600800
v 13.706277 0.784078 -5.600800
v 13.657511 0.829656 -5.600800
v 13.613950 0.876608 -5.600800
v 13.575475 0.924430 -5.600800
v 13.541967 0.972615 -5.600800
v 13.513311 1.020655 -5.600800
v 13.489387 1.068044 -5.600800
v 13.470078 1.114277 -5.600800
v 13.455263 1.158845 -5.600800
v 13.444829 1.201243 -5.600800
v 13.438654 1.240963 -5.600800
v 13.960741 0.610664 -5.623200
v 13.887547 0.646703 -5.623200
v 13.820166 0.685981 -5.623200
v 13.758486 0.728027 -5.623200
v 13.702393 0.772373 -5.623200
v 13.651772 0.818548 -5.623200
v 13.606512 0.866081 -5.623200
v 13.566498 0.914504 -5.623200
v 13.531617 0.963346 -5.623200
v 13.501755 1.012137 -5.623200
v 13.476798 1.060408 -5.623200
v 13.456634 1.107687 -5.623200
v 13.441148 1.153507 -5.623200
v 13.430227 1.197395 -5.623200
v 13.423758 1.238883 -5.623200
v 13.966611 0.593056 -5.640000
v 13.890560 0.630305 -5.640000
v 13.820486 0.670601 -5.640000
v 13.756279 0.713518 -5.640000
v 13.697830 0.758628 -5.640000
v 13.645033 0.805504 -5.640000
v 13.597778 0.853720 -5.640000
v 13.555957 0.902848 -5.640000
v 13.519462 0.952463 -5.640000
v 13.488184 1.002136 -5.640000
v 13.462015 1.051440 -5.640000
v 13.440847 1.099950 -5.640000
v 13.424572 1.147238 -5.640000
v 13.413081 1.192876 -5.640000
v 13.406265 1.236440 -5.640000
v 13.973103 0.573580 -5.651200
v 13.893894 0.612168 -5.651200
v 13.820840 0.653591 -5.651200
v 13.753838 0.697470 -5.651200
v 13.692785 0.743425 -5.651200
v 13.637579 0.791078 -5.651200
v 13.588119 0.840048 -5.651200
v 13.544298 0.889957 -5.651200
v 13.506018 0.940425 -5.651200
v 13.473175 0.991073 -5.651200
v 13.445665 1.041522 -5.651200
v 13.423388 1.091392 -5.651200
v 13.406239 1.140304 -5.651200
v 13.394117 1.187879 -5.651200
v 13.386919 1.233737 -5.651200
v 13.979967 0.552984 -5.656800
v 13.897419 0.592988 -5.656800
v 13.821215 0.635603 -5.656800
v 13.751256 0.680499 -5.656800
v 13.687449 0.727349 -5.656800
v 13.629697 0.775822 -5.656800
v 13.577903 0.825590 -5.656800
v 13.531970 0.876324 -5.656800
v 13.491802 0.927696 -5.656800
v 13.457302 0.979375 -5.656800
v 13.428375 1.031034 -5.656800
v 13.404924 1.082342 -5.656800
v 13.386851 1.132972 -5.656800
v 13.374063 1.182595 -5.656800
v 13.366460 1.230880 -5.656800
v 13.986958 0.532016 -5.656800
v 13.901008 0.573461 -5.656800
v 13.821595 0.617288 -5.656800
v 13.748629 0.663221 -5.656800
v 13.682017 0.710980 -5.656800
v 13.621672 0.760289 -5.656800
v 13.567502 0.810870 -5.656800
v 13.519418 0.862445 -5.656800
v 13.477327 0.914735 -5.656800
v 13.441143 0.967465 -5.656800
v 13.410772 1.020355 -5.656800
v 13.386126 1.073128 -5.656800
v 13.367113 1.125508 -5.656800
v 13.353645 1.177214 -5.656800
v 13.345630 1.227971 -5.656800
v 13.993822 0.511420 -5.651200
v 13.904533 0.554281 -5.651200
v 13.821970 0.599300 -5.651200
v 13.746047 0.646250 -5.651200
v 13.676682 0.694904 -5.651200
v 13.613790 0.745033 -5.651200
v 13.557287 0.796412 -5.651200
v 13.507089 0.848812 -5.651200
v 13.463111 0.902006 -5.651200
v 13.425270 0.955767 -5.651200
v 13.393481 1.009867 -5.651200
v 13.367661 1.064079 -5.651200
v 13.347726 1.118176 -5.651200
v 13.333590 1.171929 -5.651200
v 13.325171 1.225114 -5.651200
v 14.000315 0.491944 -5.640000
v 13.907866 0.536144 -5.640000
v 13.822323 0.582290 -5.640000
v 13.743607 0.630202 -5.640000
v 13.671637 0.679701 -5.640000
v 13.606337 0.730607 -5.640000
v 13.547626 0.782740 -5.640000
v 13.495430 0.835920 -5.640000
v 13.449668 0.889968 -5.640000
v 13.410261 0.944704 -5.640000
v 13.377132 0.999948 -5.640000
v 13.350203 1.055521 -5.640000
v 13.329393 1.111242 -5.640000
v 13.314627 1.166932 -5.640000
v 13.305824 1.222412 -5.640000
v 14.006184 0.474336 -5.623200
v 13.910880 0.519746 -5.623200
v 13.822643 0.566910 -5.623200
v 13.741399 0.615692 -5.623200
v 13.667074 0.665956 -5.623200
v 13.599597 0.717563 -5.623200
v 13.538893 0.770379 -5.623200
v 13.484889 0.824265 -5.623200
v 13.437512 0.879085 -5.623200
v 13.396690 0.934703 -5.623200
v 13.362349 0.990981 -5.623200
v 13.334415 1.047783 -5.623200
v 13.312817 1.104973 -5.623200
v 13.297480 1.162414 -5.623200
v 13.288331 1.219968 -5.623200
v 14.011183 0.459340 -5.600800
v 13.913447 0.505781 -5.600800
v 13.822916 0.553813 -5.600800
v 13.739520 0.603336 -5.600800
v 13.663190 0.654250 -5.600800
v 13.593858 0.706456 -5.600800
v 13.531455 0.759852 -5.600800
v 13.475912 0.814339 -5.600800
v 13.427162 0.869816 -5.600800
v 13.385134 0.926185 -5.600800
v 13.349760 0.983344 -5.600800
v 13.320972 1.041194 -5.600800
v 13.298701 1.099635 -5.600800
v 13.282879 1.158566 -5.600800
v 13.273435 1.217888 -5.600800
v 14.015060 0.447704 -5.572800
v 13.915439 0.494945 -5.572800
v 13.823128 0.543650 -5.572800
v 13.738061 0.593748 -5.572800
v 13.660175 0.645168 -5.572800
v 13.589405 0.697837 -5.572800
v 13.525683 0.751683 -5.572800
v 13.468947 0.806637 -5.572800
v 13.419130 0.862625 -5.572800
v 13.376166 0.919576 -5.572800
v 13.339993 0.977419 -5.572800
v 13.310541 1.036082 -5.572800
v 13.287748 1.095493 -5.572800
v 13.271548 1.155580 -5.572800
v 13.261876 1.216273 -5.572800
v 14.017570 0.440176 -5.539200
v 13.916727 0.487934 -5.539200
v 13.823264 0.537075 -5.539200
v 13.737118 0.587545 -5.539200
v 13.658225 0.639291 -5.539200
v 13.586523 0.692260 -5.539200
v 13.521950 0.746398 -5.539200
v 13.464440 0.801653 -5.539200
v 13.413933 0.857971 -5.539200
v 13.370364 0.915300 -5.539200
v 13.333672 0.973585 -5.539200
v 13.303791 1.032773 -5.539200
v 13.280661 1.092812 -5.539200
v 13.264217 1.153649 -5.539200
v 13.254397 1.215229 -5.539200
v 17.653111 1.697500 -5.467333
v 17.542067 1.637859 -5.466651
v 17.546629 1.637673 -5.500000
v 17.658463 1.697500 -5.500000
v 17.456099 1.565153 -5.464730
v 17.460056 1.564687 -5.500000
v 17.390633 1.481609 -5.461761
v 17.394142 1.480780 -5.500000
v 17.341089 1.389458 -5.457936
v 17.344282 1.388193 -5.500000
v 17.302896 1.290926 -5.453444
v 17.305870 1.289167 -5.500000
v 17.271477 1.188241 -5.448475
v 17.274302 1.185940 -5.500000
v 17.242254 1.083632 -5.443222
v 17.244974 1.080753 -5.500000
v 17.210653 0.979327 -5.437872
v 17.213284 0.975847 -5.500000
v 17.172096 0.877554 -5.432618
v 17.174622 0.873460 -5.500000
v 17.122009 0.780540 -5.427649
v 17.124388 0.775833 -5.500000
v 17.055817 0.690515 -5.423157
v 17.057976 0.685207 -5.500000
v 16.968941 0.609706 -5.419332
v 16.970783 0.603820 -5.500000
v 16.856808 0.540342 -5.416363
v 16.858202 0.533913 -5.500000
v 16.714840 0.484649 -5.414443
v 16.715630 0.477727 -5.500000
v 16.538462 0.444858 -5.413760
v 16.538462 0.437500 -5.500000
v 17.638054 1.697500 -5.439333
v 17.529230 1.638380 -5.438066
v 17.444963 1.566463 -5.434499
v 17.380754 1.483943 -5.428986
v 17.332109 1.393016 -5.421882
v 17.294531 1.295875 -5.413539
v 17.263527 1.194716 -5.404312
v 17.234598 1.091733 -5.394554
v 17.203251 0.989120 -5.384619
v 17.164989 0.889073 -5.374862
v 17.115318 0.793786 -5.365634
v 17.049740 0.705453 -5.357292
v 16.963762 0.626270 -5.350187
v 16.852886 0.558430 -5.344675
v 16.712618 0.504130 -5.341107
v 16.538462 0.465562 -5.339840
v 17.614782 1.697500 -5.416000
v 17.509394 1.639186 -5.414245
v 17.427753 1.568488 -5.409306
v 17.365488 1.487550 -5.401673
v 17.318230 1.398515 -5.391836
v 17.281603 1.303525 -5.380284
v 17.251240 1.204722 -5.367508
v 17.222767 1.104252 -5.353998
v 17.191813 1.004255 -5.340242
v 17.154005 0.906875 -5.326732
v 17.104975 0.814256 -5.313955
v 17.040348 0.728539 -5.302404
v 16.955757 0.651868 -5.292567
v 16.846825 0.586386 -5.284934
v 16.709185 0.534236 -5.279995
v 16.538462 0.497560 -5.278240
v 17.584791 1.697500 -5.397333
v 17.483828 1.640224 -5.395188
v 17.405573 1.571099 -5.389152
v 17.345814 1.492199 -5.379823
v 17.300341 1.405602 -5.367799
v 17.264942 1.313383 -5.353681
v 17.235405 1.217619 -5.338066
v 17.207518 1.120386 -5.321553
v 17.177071 1.023760 -5.304740
v 17.139851 0.929818 -5.288228
v 17.091646 0.840637 -5.272613
v 17.028246 0.758291 -5.258494
v 16.945440 0.684858 -5.246471
v 16.839014 0.622414 -5.237142
v 16.704760 0.573035 -5.231105
v 16.538462 0.538798 -5.228960
v 17.549574 1.697500 -5.383333
v 17.453806 1.641444 -5.380896
v 17.379526 1.574164 -5.374036
v 17.322712 1.497658 -5.363435
v 17.279335 1.413924 -5.349772
v 17.245377 1.324959 -5.333728
v 17.216808 1.232762 -5.315984
v 17.189611 1.139331 -5.297219
v 17.159758 1.046665 -5.278114
v 17.123226 0.956760 -5.259349
v 17.075993 0.871615 -5.241605
v 17.014034 0.793228 -5.225561
v 16.933325 0.723598 -5.211899
v 16.829842 0.664721 -5.201297
v 16.699562 0.618597 -5.194438
v 16.538462 0.587222 -5.192000
v 17.510622 1.697500 -5.374000
v 17.420603 1.642793 -5.371367
v 17.350721 1.577554 -5.363959
v 17.297159 1.503695 -5.352509
v 17.256104 1.423127 -5.337754
v 17.223736 1.337762 -5.320426
v 17.196243 1.249511 -5.301263
v 17.169807 1.160286 -5.280997
v 17.140612 1.071998 -5.260363
v 17.104841 0.986558 -5.240097
v 17.058681 0.905878 -5.220933
v 16.998314 0.831869 -5.203606
v 16.919926 0.766444 -5.188850
v 16.819698 0.711513 -5.177401
v 16.693815 0.668988 -5.169993
v 16.538462 0.640780 -5.167360
v 17.469431 1.697500 -5.369333
v 17.385490 1.644219 -5.366603
v 17.320257 1.581139 -5.358920
v 17.270138 1.510080 -5.347047
v 17.231535 1.432861 -5.331745
v 17.200851 1.351302 -5.313776
v 17.174494 1.267223 -5.293902
v 17.148863 1.182445 -5.272885
v 17.120363 1.098787 -5.251488
v 17.085400 1.018069 -5.230471
v 17.040375 0.942111 -5.210598
v 16.981691 0.872732 -5.192629
v 16.905756 0.811754 -5.177327
v 16.808969 0.760996 -5.165453
v 16.687737 0.722277 -5.157770
v 16.538462 0.697418 -5.155040
v 17.427494 1.697500 -5.369333
v 17.349739 1.645672 -5.366603
v 17.289242 1.584790 -5.358920
v 17.242626 1.516580 -5.347047
v 17.206522 1.442770 -5.331745
v 17.177553 1.365087 -5.313776
v 17.152351 1.285257 -5.293902
v 17.127541 1.205006 -5.272885
v 17.099749 1.126062 -5.251488
v 17.065605 1.050151 -5.230471
v 17.021736 0.979000 -5.210598
v 16.964767 0.914336 -5.192629
v 16.891329 0.857886 -5.177327
v 16.798046 0.811375 -5.165453
v 16.681549 0.776532 -5.157770
v 16.538462 0.755082 -5.155040
v 17.386303 1.697500 -5.374000
v 17.314627 1.647098 -5.371367
v 17.258780 1.588375 -5.363959
v 17.215605 1.522965 -5.352509
v 17.181953 1.452504 -5.337754
v 17.154671 1.378627 -5.320426
v 17.130602 1.302969 -5.301263
v 17.106596 1.227165 -5.280997
v 17.079502 1.152851 -5.260363
v 17.046164 1.081662 -5.240097
v 17.003428 1.015233 -5.220933
v 16.948145 0.955199 -5.203606
v 16.877159 0.903196 -5.188850
v 16.787319 0.860858 -5.177401
v 16.675470 0.829821 -5.169993
v 16.538462 0.811720 -5.167360
v 17.347351 1.697500 -5.383333
v 17.281424 1.648447 -5.380896
v 17.229973 1.591765 -5.374036
v 17.190054 1.529002 -5.363435
v 17.158722 1.461708 -5.349772
v 17.133030 1.391430 -5.333728
v 17.110035 1.319718 -5.315984
v 17.086792 1.248119 -5.297219
v 17.060354 1.178184 -5.278114
v 17.027779 1.111460 -5.259349
v 16.986116 1.049496 -5.241605
v 16.932426 0.993840 -5.225561
v 16.863760 0.946042 -5.211899
v 16.777174 0.907650 -5.201297
v 16.669724 0.880212 -5.194438
v 16.538462 0.865278 -5.192000
v 17.312134 1.697500 -5.397333
v 17.251402 1.649667 -5.395188
v 17.203926 1.594830 -5.389152
v 17.166950 1.534461 -5.379823
v 17.137716 1.470030 -5.367799
v 17.113464 1.403006 -5.353681
v 17.091440 1.334861 -5.338066
v 17.068886 1.267065 -5.321553
v 17.043043 1.201089 -5.304740
v 17.011154 1.138402 -5.288228
v 16.970465 1.080474 -5.272613
v 16.918213 1.028778 -5.258494
v 16.851645 0.984782 -5.246471
v 16.768002 0.949957 -5.237142
v 16.664528 0.925774 -5.231105
v 16.538462 0.913702 -5.228960
v 17.282143 1.697500 -5.416000
v 17.225836 1.650705 -5.414245
v 17.181747 1.597441 -5.409306
v 17.147276 1.539110 -5.401673
v 17.119827 1.477116 -5.391836
v 17.096804 1.412864 -5.380284
v 17.075605 1.347758 -5.367508
v 17.053637 1.283200 -5.353998
v 17.028301 1.220594 -5.340242
v 16.997000 1.161345 -5.326732
v 16.957134 1.106856 -5.313955
v 16.906111 1.058530 -5.302404
v 16.841328 1.017772 -5.292567
v 16.760191 0.985985 -5.284934
v 16.660101 0.964573 -5.279995
v 16.538462 0.954940 -5.278240
v 17.258871 1.697500 -5.439333
v 17.205999 1.651511 -5.438066
v 17.164537 1.599466 -5.434499
v 17.132011 1.542717 -5.428986
v 17.105947 1.482615 -5.421882
v 17.083874 1.420514 -5.413539
v 17.063318 1.357764 -5.404312
v 17.041805 1.295719 -5.394554
v 17.016861 1.235729 -5.384619
v 16.986015 1.179147 -5.374862
v 16.946793 1.127326 -5.365634
v 16.896719 1.081616 -5.357292
v 16.833323 1.043370 -5.350187
v 16.754129 1.013941 -5.344675
v 16.656668 0.994679 -5.341107
v 16.538462 0.986938 -5.339840
v 17.243813 1.697500 -5.467333
v 17.193163 1.652032 -5.466651
v 17.153400 1.600777 -5.464730
v 17.122133 1.545051 -5.461761
v 17.096966 1.486173 -5.457936
v 17.075510 1.425463 -5.453444
v 17.055368 1.364239 -5.448475
v 17.034149 1.303819 -5.443222
v 17.009460 1.245522 -5.437872
v 16.978909 1.190666 -5.432618
v 16.940100 1.140571 -5.427649
v 16.890642 1.096554 -5.423157
v 16.828144 1.059934 -5.419332
v 16.750208 1.032030 -5.416363
v 16.654446 1.014159 -5.414443
v 16.538462 1.007642 -5.413760
v 17.238462 1.697500 -5.500000
v 17.188602 1.652218 -5.500000
v 17.149443 1.601242 -5.500000
v 17.118622 1.545880 -5.500000
v 17.093775 1.487438 -5.500000
v 17.072536 1.427222 -5.500000
v 17.052542 1.366540 -5.500000
v 17.031427 1.306698 -5.500000
v 17.006830 1.249002 -5.500000
v 16.976383 1.194760 -5.500000
v 16.937721 1.145278 -5.500000
v 16.888483 1.101862 -5.500000
v 16.826302 1.065820 -5.500000
v 16.748816 1.038458 -5.500000
v 16.653656 1.021082 -5.500000
v 16.538462 1.015000 -5.500000
v 17.243813 1.697500 -5.532667
v 17.193163 1.652032 -5.533349
v 17.153400 1.600777 -5.535270
v 17.122133 1.545051 -5.538239
v 17.096966 1.486173 -5.542064
v 17.075510 1.425463 -5.546556
v 17.055368 1.364239 -5.551525
v 17.034149 1.303819 -5.556778
v 17.009460 1.245522 -5.562128
v 16.978909 1.190666 -5.567382
v 16.940100 1.140571 -5.572351
v 16.890642 1.096554 -5.576843
v 16.828144 1.059934 -5.580668
v 16.750208 1.032029 -5.583637
v 16.654446 1.014159 -5.585557
v 16.538462 1.007642 -5.586240
v 17.258871 1.697500 -5.560667
v 17.205999 1.651511 -5.561934
v 17.164537 1.599466 -5.565501
v 17.132011 1.542717 -5.571014
v 17.105947 1.482615 -5.578118
v 17.083874 1.420514 -5.586461
v 17.063318 1.357764 -5.595688
v 17.041805 1.295718 -5.605446
v 17.016861 1.235729 -5.615381
v 16.986015 1.179147 -5.625138
v 16.946793 1.127326 -5.634366
v 16.896719 1.081616 -5.642708
v 16.833323 1.043370 -5.649813
v 16.754129 1.013941 -5.655325
v 16.656668 0.994679 -5.658893
v 16.538462 0.986938 -5.660160
v 17.282143 1.697500 -5.584000
v 17.225836 1.650705 -5.585755
v 17.181747 1.597440 -5.590694
v 17.147276 1.539110 -5.598327
v 17.119827 1.477116 -5.608164
v 17.096804 1.412864 -5.619716
v 17.075605 1.347758 -5.632492
v 17.053637 1.283199 -5.646002
v 17.028301 1.220594 -5.659758
v 16.997000 1.161345 -5.673268
v 16.957134 1.106856 -5.686045
v 16.906111 1.058530 -5.697596
v 16.841328 1.017772 -5.707433
v 16.760191 0.985985 -5.715066
v 16.660101 0.964573 -5.720005
v 16.538462 0.954940 -5.721760
v 17.312134 1.697500 -5.602667
v 17.251402 1.649667 -5.604812
v 17.203926 1.594830 -5.610848
v 17.166950 1.534461 -5.620177
v 17.137716 1.470030 -5.632201
v 17.113464 1.403006 -5.646319
v 17.091440 1.334861 -5.661934
v 17.068886 1.267065 -5.678447
v 17.043043 1.201089 -5.695260
v 17.011154 1.138402 -5.711772
v 16.970465 1.080474 -5.727387
v 16.918213 1.028778 -5.741506
v 16.851645 0.984782 -5.753529
v 16.768002 0.949957 -5.762858
v 16.664528 0.925774 -5.768895
v 16.538462 0.913702 -5.771040
v 17.347351 1.697500 -5.616667
v 17.281424 1.648447 -5.619104
v 17.229973 1.591765 -5.625964
v 17.190054 1.529002 -5.636565
v 17.158722 1.461708 -5.650228
v 17.133030 1.391430 -5.666272
v 17.110035 1.319718 -5.684016
v 17.086792 1.248119 -5.702781
v 17.060354 1.178184 -5.721886
v 17.027779 1.111460 -5.740651
v 16.986116 1.049496 -5.758395
v 16.932426 0.993840 -5.774439
v 16.863760 0.946042 -5.788101
v 16.777174 0.907650 -5.798703
v 16.669724 0.880212 -5.805562
v 16.538462 0.865278 -5.808000
v 17.386303 1.697500 -5.626000
v 17.314627 1.647098 -5.628633
v 17.258780 1.588375 -5.636041
v 17.215605 1.522965 -5.647491
v 17.181953 1.452504 -5.662246
v 17.154671 1.378627 -5.679574
v 17.130602 1.302969 -5.698737
v 17.106596 1.227165 -5.719003
v 17.079502 1.152851 -5.739637
v 17.046164 1.081662 -5.759903
v 17.003428 1.015233 -5.779067
v 16.948145 0.955199 -5.796394
v 16.877159 0.903196 -5.811150
v 16.787319 0.860858 -5.822599
v 16.675470 0.829821 -5.830007
v 16.538462 0.811720 -5.832640
v 17.427494 1.697500 -5.630667
v 17.349741 1.645672 -5.633397
v 17.289242 1.584790 -5.641080
v 17.242626 1.516580 -5.652953
v 17.206522 1.442770 -5.668255
v 17.177553 1.365087 -5.686224
v 17.152351 1.285257 -5.706098
v 17.127541 1.205006 -5.727115
v 17.099749 1.126062 -5.748512
v 17.065605 1.050151 -5.769529
v 17.021736 0.979000 -5.789402
v 16.964767 0.914336 -5.807371
v 16.891329 0.857886 -5.822673
v 16.798046 0.811375 -5.834547
v 16.681549 0.776532 -5.842230
v 16.538462 0.755082 -5.844960
v 17.469431 1.697500 -5.630667
v 17.385490 1.644219 -5.633397
v 17.320257 1.581139 -5.641080
v 17.270138 1.510080 -5.652953
v 17.231535 1.432861 -5.668255
v 17.200853 1.351302 -5.686224
v 17.174494 1.267223 -5.706098
v 17.148863 1.182445 -5.727115
v 17.120363 1.098787 -5.748512
v 17.085400 1.018069 -5.769529
v 17.040375 0.942111 -5.789402
v 16.981691 0.872733 -5.807371
v 16.905756 0.811754 -5.822673
v 16.808969 0.760996 -5.834547
v 16.687737 0.722277 -5.842230
v 16.538462 0.697418 -5.844960
v 17.510622 1.697500 -5.626000
v 17.420603 1.642793 -5.628633
v 17.350721 1.577554 -5.636041
v 17.297159 1.503695 -5.647491
v 17.256104 1.423127 -5.662246
v 17.223736 1.337762 -5.679574
v 17.196243 1.249511 -5.698737
v 17.169807 1.160286 -5.719003
v 17.140612 1.071997 -5.739637
v 17.104841 0.986558 -5.759903
v 17.058681 0.905878 -5.779067
v 16.998314 0.831869 -5.796394
v 16.919926 0.766444 -5.811150
v 16.819698 0.711513 -5.822599
v 16.693815 0.668988 -5.830007
v 16.538462 0.640780 -5.832640
v 17.549574 1.697500 -5.616667
v 17.453806 1.641444 -5.619104
v 17.379528 1.574164 -5.625964
v 17.322712 1.497658 -5.636565
v 17.279335 1.413924 -5.650228
v 17.245377 1.324959 -5.666272
v 17.216808 1.232762 -5.684016
v 17.189611 1.139331 -5.702781
v 17.159758 1.046665 -5.721886
v 17.123226 0.956760 -5.740651
v 17.075993 0.871615 -5.758395
v 17.014034 0.793228 -5.774439
v 16.933325 0.723598 -5.788101
v 16.829842 0.664721 -5.798703
v 16.699562 0.618597 -5.805562
v 16.538462 0.587222 -5.808000
v 17.584791 1.697500 -5.602667
v 17.483828 1.640224 -5.604812
v 17.405573 1.571099 -5.610848
v 17.345814 1.492199 -5.620177
v 17.300341 1.405602 -5.632201
v 17.264942 1.313383 -5.646319
v 17.235405 1.217619 -5.661934
v 17.207518 1.120386 -5.678447
v 17.177071 1.023760 -5.695260
v 17.139851 0.929818 -5.711772
v 17.091646 0.840637 -5.727387
v 17.028246 0.758291 -5.741506
v 16.945440 0.684858 -5.753529
v 16.839014 0.622414 -5.762858
v 16.704760 0.573035 -5.768895
v 16.538462 0.538798 -5.771040
v 17.614782 1.697500 -5.584000
v 17.509394 1.639186 -5.585755
v 17.427753 1.568489 -5.590694
v 17.365488 1.487551 -5.598327
v 17.318230 1.398515 -5.608164
v 17.281603 1.303525 -5.619716
v 17.251240 1.204723 -5.632492
v 17.222767 1.104252 -5.646002
v 17.191813 1.004255 -5.659758
v 17.154005 0.906875 -5.673268
v 17.104975 0.814256 -5.686045
v 17.040348 0.728539 -5.697596
v 16.955757 0.651868 -5.707433
v 16.846825 0.586386 -5.715066
v 16.709185 0.534236 -5.720005
v 16.538462 0.497560 -5.721760
v 17.638054 1.697500 -5.560667
v 17.529230 1.638380 -5.561934
v 17.444963 1.566463 -5.565501
v 17.380754 1.483943 -5.571014
v 17.332109 1.393016 -5.578118
v 17.294531 1.295875 -5.586461
v 17.263527 1.194716 -5.595688
v 17.234598 1.091732 -5.605446
v 17.203251 0.989120 -5.615381
v 17.164989 0.889073 -5.625138
v 17.115318 0.793786 -5.634366
v 17.049740 0.705453 -5.642708
v 16.963762 0.626270 -5.649813
v 16.852886 0.558430 -5.655325
v 16.712618 0.504130 -5.658893
v 16.538462 0.465562 -5.660160
v 17.653111 1.697500 -5.532667
v 17.542067 1.637859 -5.533349
v 17.456099 1.565153 -5.535270
v 17.390633 1.481609 -5.538239
v 17.341089 1.389458 -5.542064
v 17.302896 1.290926 -5.546556
v 17.271477 1.188241 -5.551525
v 17.242254 1.083632 -5.556778
v 17.210653 0.979327 -5.562128
v 17.172096 0.877554 -5.567382
v 17.122009 0.780540 -5.572351
v 17.055817 0.690515 -5.576843
v 16.968941 0.609706 -5.580668
v 16.856808 0.540342 -5.583637
v 16.714840 0.484649 -5.585557
v 16.538462 0.444858 -5.586240
v 17.584896 1.697500 -5.480400
v 17.617966 1.711976 -5.480234
v 17.621803 1.712037 -5.500000
v 17.588463 1.697500 -5.500000
v 17.647614 1.724085 -5.479765
v 17.651722 1.724193 -5.500000
v 17.673689 1.733896 -5.479041
v 17.678062 1.734040 -5.500000
v 17.696039 1.741477 -5.478108
v 17.700670 1.741647 -5.500000
v 17.714516 1.746897 -5.477012
v 17.719389 1.747083 -5.500000
v 17.728968 1.750227 -5.475801
v 17.734062 1.750420 -5.500000
v 17.739244 1.751535 -5.474519
v 17.744537 1.751727 -5.500000
v 17.745197 1.750890 -5.473214
v 17.750654 1.751073 -5.500000
v 17.746672 1.748361 -5.471933
v 17.752262 1.748530 -5.500000
v 17.743523 1.744018 -5.470721
v 17.749203 1.744167 -5.500000
v 17.735594 1.737929 -5.469625
v 17.741322 1.738053 -5.500000
v 17.722740 1.730164 -5.468692
v 17.728462 1.730260 -5.500000
v 17.704809 1.720791 -5.467968
v 17.710470 1.720857 -5.500000
v 17.681648 1.709880 -5.467500
v 17.687189 1.709913 -5.500000
v 17.574856 1.697500 -5.463600
v 17.607168 1.711806 -5.463291
v 17.636055 1.723781 -5.462421
v 17.661381 1.733489 -5.461076
v 17.683010 1.740998 -5.459343
v 17.700806 1.746375 -5.457309
v 17.714634 1.749685 -5.455058
v 17.724356 1.750996 -5.452678
v 17.729837 1.750375 -5.450255
v 17.730942 1.747887 -5.447875
v 17.727535 1.743600 -5.445625
v 17.719479 1.737579 -5.443590
v 17.706638 1.729893 -5.441857
v 17.688877 1.720606 -5.440513
v 17.666061 1.709786 -5.439642
v 17.559341 1.697500 -5.449600
v 17.590481 1.711544 -5.449172
v 17.618193 1.723310 -5.447967
v 17.642361 1.732861 -5.446105
v 17.662874 1.740259 -5.443707
v 17.679619 1.745567 -5.440889
v 17.692478 1.748848 -5.437773
v 17.701344 1.750164 -5.434477
v 17.706099 1.749578 -5.431122
v 17.706631 1.747154 -5.427827
v 17.702827 1.742954 -5.424711
v 17.694572 1.737039 -5.421894
v 17.681755 1.729474 -5.419495
v 17.664259 1.720320 -5.417633
v 17.641972 1.709642 -5.416428
v 17.539349 1.697500 -5.438400
v 17.568977 1.711206 -5.437877
v 17.595171 1.722703 -5.436404
v 17.617849 1.732051 -5.434129
v 17.636923 1.739305 -5.431197
v 17.652311 1.744525 -5.427753
v 17.663927 1.747768 -5.423944
v 17.671688 1.749091 -5.419917
v 17.675507 1.748552 -5.415816
v 17.675301 1.746209 -5.411789
v 17.670984 1.742120 -5.407980
v 17.662474 1.736342 -5.404537
v 17.649683 1.728934 -5.401604
v 17.632530 1.719952 -5.399329
v 17.610928 1.709455 -5.397857
v 17.515869 1.697500 -5.430000
v 17.543724 1.710809 -5.429405
v 17.568138 1.721991 -5.427732
v 17.589064 1.731100 -5.425147
v 17.606449 1.738186 -5.421814
v 17.620245 1.743302 -5.417901
v 17.630400 1.746500 -5.413573
v 17.636864 1.747831 -5.408997
v 17.639584 1.747347 -5.404337
v 17.638510 1.745100 -5.399760
v 17.633593 1.741142 -5.395432
v 17.624781 1.735525 -5.391519
v 17.612024 1.728300 -5.388186
v 17.595270 1.719520 -5.385601
v 17.574471 1.709236 -5.383928
v 17.489902 1.697500 -5.424400
v 17.515793 1.710369 -5.423758
v 17.538239 1.721204 -5.421951
v 17.557228 1.730048 -5.419158
v 17.572746 1.736948 -5.415559
v 17.584782 1.741950 -5.411333
v 17.593319 1.745098 -5.406659
v 17.598347 1.746437 -5.401716
v 17.599852 1.746014 -5.396684
v 17.597818 1.743873 -5.391741
v 17.592237 1.740060 -5.387067
v 17.583092 1.734620 -5.382841
v 17.570372 1.727599 -5.379241
v 17.554062 1.719042 -5.376449
v 17.534149 1.708994 -5.374642
v 17.462442 1.697500 -5.421600
v 17.486256 1.709905 -5.420934
v 17.506620 1.720371 -5.419060
v 17.523561 1.728936 -5.416164
v 17.537104 1.735640 -5.412432
v 17.547277 1.740520 -5.408050
v 17.554106 1.743615 -5.403202
v 17.557615 1.744963 -5.398076
v 17.557835 1.744604 -5.392857
v 17.554789 1.742575 -5.387731
v 17.548504 1.738916 -5.382884
v 17.539007 1.733663 -5.378501
v 17.526325 1.726857 -5.374769
v 17.510485 1.718536 -5.371873
v 17.491510 1.708737 -5.369999
v 17.434483 1.697500 -5.421600
v 17.456184 1.709432 -5.420934
v 17.474428 1.719522 -5.419060
v 17.489285 1.727804 -5.416164
v 17.500816 1.734307 -5.412432
v 17.509092 1.739064 -5.408050
v 17.514179 1.742105 -5.403202
v 17.516146 1.743463 -5.398076
v 17.515055 1.743169 -5.392857
v 17.510977 1.741254 -5.387731
v 17.503977 1.737751 -5.382884
v 17.494122 1.732690 -5.378501
v 17.481480 1.726103 -5.374769
v 17.466116 1.718021 -5.371873
v 17.448097 1.708476 -5.369999
v 17.407022 1.697500 -5.424400
v 17.426647 1.708967 -5.423758
v 17.442810 1.718690 -5.421951
v 17.455618 1.726692 -5.419158
v 17.465174 1.732998 -5.415559
v 17.471588 1.737633 -5.411333
v 17.474966 1.740622 -5.406659
v 17.475414 1.741989 -5.401716
v 17.473038 1.741759 -5.396684
v 17.467945 1.739957 -5.391741
v 17.460243 1.736607 -5.387067
v 17.450037 1.731733 -5.382841
v 17.437433 1.725361 -5.379241
v 17.422539 1.717515 -5.376449
v 17.405458 1.708220 -5.374642
v 17.381056 1.697500 -5.430000
v 17.398718 1.708528 -5.429405
v 17.412910 1.717902 -5.427732
v 17.423780 1.725640 -5.425147
v 17.431471 1.731760 -5.421814
v 17.436123 1.736281 -5.417901
v 17.437885 1.739220 -5.413573
v 17.436897 1.740596 -5.408997
v 17.433306 1.740426 -5.404337
v 17.427256 1.738730 -5.399760
v 17.418888 1.735525 -5.395432
v 17.408348 1.730829 -5.391519
v 17.395781 1.724660 -5.388186
v 17.381330 1.717037 -5.385601
v 17.365139 1.707978 -5.383928
v 17.357576 1.697500 -5.438400
v 17.373465 1.708131 -5.437877
v 17.385878 1.717190 -5.436404
v 17.394997 1.724689 -5.434129
v 17.400997 1.730641 -5.431197
v 17.404058 1.735058 -5.427753
v 17.404358 1.737952 -5.423944
v 17.402073 1.739336 -5.419917
v 17.397383 1.739221 -5.415816
v 17.390465 1.737620 -5.411789
v 17.381496 1.734546 -5.407980
v 17.370655 1.730011 -5.404537
v 17.358122 1.724026 -5.401604
v 17.344070 1.716604 -5.399329
v 17.328682 1.707758 -5.397857
v 17.337582 1.697500 -5.449600
v 17.351959 1.707793 -5.449172
v 17.362856 1.716583 -5.447967
v 17.370483 1.723879 -5.446105
v 17.375046 1.729688 -5.443707
v 17.376751 1.734017 -5.440889
v 17.375805 1.736872 -5.437773
v 17.372416 1.738263 -5.434477
v 17.366791 1.738194 -5.431122
v 17.359133 1.736676 -5.427827
v 17.349653 1.733713 -5.424711
v 17.338556 1.729314 -5.421894
v 17.326052 1.723486 -5.419495
v 17.312342 1.716236 -5.417633
v 17.297636 1.707572 -5.416428
v 17.322069 1.697500 -5.463600
v 17.335272 1.707530 -5.463291
v 17.344994 1.716113 -5.462421
v 17.351463 1.723251 -5.461076
v 17.354910 1.728949 -5.459343
v 17.355562 1.733208 -5.457309
v 17.353651 1.736035 -5.455058
v 17.349405 1.737430 -5.452678
v 17.343052 1.737398 -5.450255
v 17.334824 1.735943 -5.447875
v 17.324945 1.733067 -5.445625
v 17.313650 1.728774 -5.443590
v 17.301167 1.723067 -5.441857
v 17.287722 1.715950 -5.440513
v 17.273548 1.707427 -5.439642
v 17.312031 1.697500 -5.480400
v 17.324474 1.707360 -5.480234
v 17.333435 1.715808 -5.479765
v 17.339157 1.722844 -5.479041
v 17.341881 1.728470 -5.478108
v 17.341854 1.732686 -5.477012
v 17.339317 1.735492 -5.475801
v 17.334515 1.736892 -5.474519
v 17.327692 1.736883 -5.473214
v 17.319092 1.735469 -5.471933
v 17.308958 1.732649 -5.470721
v 17.297535 1.728424 -5.469625
v 17.285065 1.722796 -5.468692
v 17.271791 1.715766 -5.467968
v 17.257961 1.707333 -5.467500
v 17.308462 1.697500 -5.500000
v 17.320637 1.707300 -5.500000
v 17.329327 1.715700 -5.500000
v 17.334782 1.722700 -5.500000
v 17.337250 1.728300 -5.500000
v 17.336981 1.732500 -5.500000
v 17.334223 1.735300 -5.500000
v 17.329224 1.736700 -5.500000
v 17.322235 1.736700 -5.500000
v 17.313503 1.735300 -5.500000
v 17.303278 1.732500 -5.500000
v 17.291807 1.728300 -5.500000
v 17.279343 1.722700 -5.500000
v 17.266130 1.715700 -5.500000
v 17.252420 1.707300 -5.500000
v 17.312029 1.697500 -5.519600
v 17.324474 1.707360 -5.519766
v 17.333435 1.715808 -5.520235
v 17.339157 1.722844 -5.520959
v 17.341881 1.728470 -5.521892
v 17.341852 1.732686 -5.522988
v 17.339317 1.735492 -5.524199
v 17.334515 1.736892 -5.525481
v 17.327692 1.736883 -5.526786
v 17.319092 1.735469 -5.528067
v 17.308958 1.732649 -5.529279
v 17.297535 1.728424 -5.530375
v 17.285065 1.722796 -5.531308
v 17.271791 1.715766 -5.532032
v 17.257961 1.707333 -5.532500
v 17.322069 1.697500 -5.536400
v 17.335272 1.707530 -5.536709
v 17.344994 1.716113 -5.537579
v 17.351463 1.723251 -5.538924
v 17.354910 1.728949 -5.540657
v 17.355562 1.733209 -5.542691
v 17.353651 1.736035 -5.544942
v 17.349405 1.737430 -5.547322
v 17.343052 1.737398 -5.549745
v 17.334824 1.735943 -5.552125
v 17.324945 1.733067 -5.554375
v 17.313650 1.728774 -5.556410
v 17.301167 1.723067 -5.558143
v 17.287722 1.715951 -5.559487
v 17.273548 1.707427 -5.560358
v 17.337582 1.697500 -5.550400
v 17.351959 1.707793 -5.550828
v 17.362856 1.716583 -5.552033
v 17.370483 1.723879 -5.553895
v 17.375046 1.729688 -5.556293
v 17.376751 1.734017 -5.559111
v 17.375805 1.736872 -5.562227
v 17.372416 1.738263 -5.565523
v 17.366791 1.738194 -5.568878
v 17.359133 1.736676 -5.572173
v 17.349653 1.733713 -5.575289
v 17.338556 1.729314 -5.578106
v 17.326052 1.723486 -5.580505
v 17.312342 1.716236 -5.582367
v 17.297636 1.707572 -5.583572
v 17.357576 1.697500 -5.561600
v 17.373465 1.708131 -5.562123
v 17.385878 1.717190 -5.563596
v 17.394997 1.724689 -5.565871
v 17.400997 1.730641 -5.568803
v 17.404058 1.735058 -5.572247
v 17.404358 1.737952 -5.576056
v 17.402073 1.739336 -5.580083
v 17.397383 1.739221 -5.584184
v 17.390465 1.737620 -5.588211
v 17.381496 1.734546 -5.592020
v 17.370655 1.730011 -5.595463
v 17.358122 1.724026 -5.598396
v 17.344070 1.716605 -5.600671
v 17.328682 1.707758 -5.602143
v 17.381056 1.697500 -5.570000
v 17.398718 1.708528 -5.570595
v 17.412912 1.717902 -5.572268
v 17.423780 1.725640 -5.574853
v 17.431471 1.731760 -5.578186
v 17.436123 1.736281 -5.582099
v 17.437885 1.739220 -5.586427
v 17.436897 1.740596 -5.591003
v 17.433306 1.740426 -5.595663
v 17.427256 1.738730 -5.600240
v 17.418888 1.735525 -5.604568
v 17.408348 1.730829 -5.608481
v 17.395781 1.724660 -5.611814
v 17.381330 1.717037 -5.614399
v 17.365139 1.707978 -5.616072
v 17.407022 1.697500 -5.575600
v 17.426647 1.708967 -5.576242
v 17.442810 1.718690 -5.578049
v 17.455616 1.726692 -5.580842
v 17.465174 1.732998 -5.584441
v 17.471588 1.737633 -5.588667
v 17.474966 1.740622 -5.593341
v 17.475414 1.741989 -5.598284
v 17.473038 1.741759 -5.603316
v 17.467945 1.739957 -5.608259
v 17.460243 1.736607 -5.612933
v 17.450037 1.731733 -5.617159
v 17.437433 1.725361 -5.620759
v 17.422539 1.717515 -5.623551
v 17.405458 1.708220 -5.625358
v 17.434483 1.697500 -5.578400
v 17.456184 1.709432 -5.579066
v 17.474428 1.719522 -5.580940
v 17.489285 1.727804 -5.583836
v 17.500816 1.734307 -5.587568
v 17.509092 1.739063 -5.591950
v 17.514179 1.742105 -5.596798
v 17.516146 1.743463 -5.601924
v 17.515055 1.743169 -5.607143
v 17.510977 1.741254 -5.612269
v 17.503977 1.737751 -5.617116
v 17.494122 1.732690 -5.621499
v 17.481480 1.726102 -5.625231
v 17.466116 1.718021 -5.628127
v 17.448097 1.708476 -5.630001
v 17.462442 1.697500 -5.578400
v 17.486256 1.709905 -5.579066
v 17.506620 1.720371 -5.580940
v 17.523561 1.728936 -5.583836
v 17.537104 1.735639 -5.587568
v 17.547277 1.740520 -5.591950
v 17.554104 1.743615 -5.596798
v 17.557615 1.744963 -5.601924
v 17.557835 1.744604 -5.607143
v 17.554787 1.742575 -5.612269
v 17.548504 1.738916 -5.617116
v 17.539007 1.733663 -5.621499
v 17.526325 1.726857 -5.625231
v 17.510485 1.718536 -5.628127
v 17.491510 1.708737 -5.630001
v 17.489902 1.697500 -5.575600
v 17.515793 1.710369 -5.576242
v 17.538239 1.721204 -5.578049
v 17.557228 1.730048 -5.580842
v 17.572746 1.736949 -5.584441
v 17.584782 1.741950 -5.588667
v 17.593319 1.745098 -5.593341
v 17.598347 1.746437 -5.598284
v 17.599852 1.746014 -5.603316
v 17.597818 1.743873 -5.608259
v 17.592237 1.740060 -5.612933
v 17.583092 1.734620 -5.617159
v 17.570372 1.727599 -5.620759
v 17.554062 1.719042 -5.623551
v 17.534149 1.708994 -5.625358
v 17.515869 1.697500 -5.570000
v 17.543724 1.710809 -5.570595
v 17.568138 1.721991 -5.572268
v 17.589064 1.731100 -5.574853
v 17.606449 1.738186 -5.578186
v 17.620245 1.743302 -5.582099
v 17.630400 1.746500 -5.586427
v 17.636864 1.747831 -5.591003
v 17.639584 1.747347 -5.595663
v 17.638510 1.745100 -5.600240
v 17.633593 1.741142 -5.604568
v 17.624781 1.735525 -5.608481
v 17.612024 1.728300 -5.611814
v 17.595270 1.719520 -5.614399
v 17.574471 1.709236 -5.616072
v 17.539349 1.697500 -5.561600
v 17.568977 1.711206 -5.562123
v 17.595171 1.722703 -5.563596
v 17.617849 1.732051 -5.565871
v 17.636923 1.739305 -5.568803
v 17.652311 1.744525 -5.572247
v 17.663927 1.747768 -5.576056
v 17.671688 1.749091 -5.580083
v 17.675507 1.748552 -5.584184
v 17.675301 1.746209 -5.588211
v 17.670984 1.742120 -5.592020
v 17.662474 1.736342 -5.595463
v 17.649683 1.728934 -5.598396
v 17.632530 1.719952 -5.600671
v 17.610928 1.709455 -5.602143
v 17.559341 1.697500 -5.550400
v 17.590481 1.711544 -5.550828
v 17.618193 1.723310 -5.552033
v 17.642361 1.732861 -5.553895
v 17.662874 1.740259 -5.556293
v 17.679619 1.745567 -5.559111
v 17.692478 1.748848 -5.562227
v 17.701344 1.750164 -5.565523
v 17.706099 1.749579 -5.568878
v 17.706631 1.747154 -5.572173
v 17.702827 1.742954 -5.575289
v 17.694572 1.737039 -5.578106
v 17.681753 1.729474 -5.580505
v 17.664259 1.720320 -5.582367
v 17.641972 1.709642 -5.583572
v 17.574856 1.697500 -5.536400
v 17.607168 1.711806 -5.536709
v 17.636055 1.723781 -5.537579
v 17.661381 1.733489 -5.538924
v 17.683010 1.740998 -5.540657
v 17.700806 1.746375 -5.542691
v 17.714634 1.749685 -5.544942
v 17.724356 1.750997 -5.547322
v 17.729837 1.750375 -5.549745
v 17.730942 1.747887 -5.552125
v 17.727535 1.743600 -5.554375
v 17.719479 1.737579 -5.556410
v 17.706638 1.729893 -5.558143
v 17.688877 1.720606 -5.559487
v 17.666061 1.709787 -5.560358
v 17.584896 1.697500 -5.519600
v 17.617966 1.711976 -5.519766
v 17.647614 1.724085 -5.520235
v 17.673689 1.733896 -5.520959
v 17.696039 1.741477 -5.521892
v 17.714516 1.746898 -5.522988
v 17.728968 1.750227 -5.524199
v 17.739244 1.751535 -5.525481
v 17.745197 1.750890 -5.526786
v 17.746672 1.748362 -5.528067
v 17.743523 1.744018 -5.529279
v 17.735594 1.737929 -5.530375
v 17.722740 1.730164 -5.531308
v 17.704809 1.720791 -5.532032
v 17.681648 1.709880 -5.532500
v 15.363905 1.907500 -5.360808
v 15.361790 1.929807 -5.379903
v 15.348462 1.929807 -5.379206
v 15.348462 1.907500 -5.360000
v 15.361382 1.954353 -5.383656
v 15.348462 1.954353 -5.382981
v 15.362323 1.980580 -5.375282
v 15.348462 1.980580 -5.374560
v 15.364254 2.007927 -5.358001
v 15.348462 2.007927 -5.357179
v 15.366819 2.035833 -5.335028
v 15.348462 2.035833 -5.334074
v 15.369658 2.063740 -5.309580
v 15.348462 2.063740 -5.308480
v 15.372414 2.091087 -5.284875
v 15.348462 2.091087 -5.283633
v 15.374727 2.117313 -5.264130
v 15.348462 2.117313 -5.262767
v 15.376241 2.141860 -5.250560
v 15.348462 2.141860 -5.249120
v 15.376596 2.164166 -5.247385
v 15.348462 2.164166 -5.245926
v 15.375436 2.183673 -5.257819
v 15.348462 2.183673 -5.256421
v 15.372399 2.199820 -5.285081
v 15.348462 2.199820 -5.283840
v 15.367131 2.212047 -5.332387
v 15.348462 2.212047 -5.331419
v 15.359271 2.219793 -5.402955
v 15.348462 2.219793 -5.402394
v 15.348462 2.222500 -5.500000
v 15.378820 1.907500 -5.363179
v 15.374660 1.929807 -5.381948
v 15.373857 1.954353 -5.385635
v 15.375704 1.980580 -5.377402
v 15.379498 2.007927 -5.360412
v 15.384536 2.035833 -5.337828
v 15.390113 2.063740 -5.312810
v 15.395526 2.091087 -5.288523
v 15.400072 2.117313 -5.268129
v 15.403046 2.141860 -5.254789
v 15.403743 2.164166 -5.251667
v 15.401462 2.183673 -5.261924
v 15.395496 2.199820 -5.288724
v 15.385144 2.212047 -5.335228
v 15.369700 2.219793 -5.404599
v 15.393128 1.907500 -5.367033
v 15.387007 1.929807 -5.385273
v 15.385821 1.954353 -5.388854
v 15.388535 1.980580 -5.380849
v 15.394112 2.007927 -5.364334
v 15.401519 2.035833 -5.342381
v 15.409719 2.063740 -5.318063
v 15.417680 2.091087 -5.294456
v 15.424363 2.117313 -5.274632
v 15.428736 2.141860 -5.261666
v 15.429761 2.164166 -5.258631
v 15.426405 2.183673 -5.268600
v 15.417632 2.199820 -5.294648
v 15.402408 2.212047 -5.339849
v 15.379696 2.219793 -5.407274
v 15.406749 1.907500 -5.372292
v 15.398760 1.929807 -5.389809
v 15.397209 1.954353 -5.393245
v 15.400744 1.980580 -5.385552
v 15.408017 2.007927 -5.369684
v 15.417677 2.035833 -5.348593
v 15.428371 2.063740 -5.325232
v 15.438753 2.091087 -5.302553
v 15.447470 2.117313 -5.283509
v 15.453172 2.141860 -5.271052
v 15.454509 2.164166 -5.268136
v 15.450131 2.183673 -5.277712
v 15.438688 2.199820 -5.302734
v 15.418829 2.212047 -5.346155
v 15.389204 2.219793 -5.410925
v 15.419603 1.907500 -5.378874
v 15.409851 1.929807 -5.395487
v 15.407954 1.954353 -5.398742
v 15.412264 1.980580 -5.391441
v 15.421134 2.007927 -5.376385
v 15.432916 2.035833 -5.356374
v 15.445962 2.063740 -5.334210
v 15.458626 2.091087 -5.312694
v 15.469259 2.117313 -5.294626
v 15.476215 2.141860 -5.282808
v 15.477846 2.164166 -5.280041
v 15.472505 2.183673 -5.289125
v 15.458543 2.199820 -5.312862
v 15.434314 2.212047 -5.354053
v 15.398170 2.219793 -5.415499
v 15.431611 1.907500 -5.386701
v 15.420212 1.929807 -5.402239
v 15.417991 1.954353 -5.405280
v 15.423021 1.980580 -5.398445
v 15.433381 2.007927 -5.384355
v 15.447144 2.035833 -5.365630
v 15.462384 2.063740 -5.344891
v 15.477178 2.091087 -5.324758
v 15.489600 2.117313 -5.307852
v 15.497726 2.141860 -5.296793
v 15.499631 2.164166 -5.294204
v 15.493389 2.183673 -5.302703
v 15.477077 2.199820 -5.324911
v 15.448768 2.212047 -5.363450
v 15.406538 2.219793 -5.420939
v 15.442694 1.907500 -5.395692
v 15.429773 1.929807 -5.409996
v 15.427251 1.954353 -5.412792
v 15.432947 1.980580 -5.406494
v 15.444679 2.007927 -5.393515
v 15.460267 2.035833 -5.376268
v 15.477530 2.063740 -5.357167
v 15.494288 2.091087 -5.338624
v 15.508361 2.117313 -5.323054
v 15.517565 2.141860 -5.312870
v 15.519722 2.164166 -5.310484
v 15.512650 2.183673 -5.318310
v 15.494169 2.199820 -5.338762
v 15.462098 2.212047 -5.374251
v 15.414256 2.219793 -5.427193
v 15.452770 1.907500 -5.405769
v 15.438467 1.929807 -5.418689
v 15.435671 1.954353 -5.421211
v 15.441969 1.980580 -5.415515
v 15.454948 2.007927 -5.403783
v 15.472195 2.035833 -5.388195
v 15.491296 2.063740 -5.370932
v 15.509838 2.091087 -5.354174
v 15.525408 2.117313 -5.340102
v 15.535592 2.141860 -5.330897
v 15.537978 2.164166 -5.328741
v 15.530152 2.183673 -5.335812
v 15.509701 2.199820 -5.354293
v 15.474211 2.212047 -5.386364
v 15.421269 2.219793 -5.434206
v 15.461761 1.907500 -5.416851
v 15.446223 1.929807 -5.428250
v 15.443182 1.954353 -5.430472
v 15.450017 1.980580 -5.425441
v 15.464108 2.007927 -5.415082
v 15.482833 2.035834 -5.401319
v 15.503572 2.063740 -5.386078
v 15.523705 2.091087 -5.371284
v 15.540610 2.117313 -5.358862
v 15.551669 2.141860 -5.350736
v 15.554258 2.164166 -5.348832
v 15.545760 2.183673 -5.355073
v 15.523551 2.199820 -5.371386
v 15.485013 2.212047 -5.399695
v 15.427524 2.219793 -5.441925
v 15.469588 1.907500 -5.428859
v 15.452975 1.929806 -5.438611
v 15.449720 1.954353 -5.440508
v 15.457021 1.980580 -5.436198
v 15.472077 2.007926 -5.427329
v 15.492088 2.035833 -5.415547
v 15.514253 2.063740 -5.402500
v 15.535769 2.091087 -5.389836
v 15.553837 2.117313 -5.379203
v 15.565655 2.141860 -5.372247
v 15.568421 2.164166 -5.370616
v 15.559338 2.183673 -5.375958
v 15.535601 2.199820 -5.389920
v 15.494410 2.212047 -5.414149
v 15.432963 2.219793 -5.450294
v 15.476171 1.907500 -5.441713
v 15.458653 1.929806 -5.449702
v 15.455217 1.954353 -5.451253
v 15.462910 1.980580 -5.447718
v 15.478778 2.007926 -5.440445
v 15.499869 2.035833 -5.430786
v 15.523231 2.063740 -5.420091
v 15.545909 2.091087 -5.409709
v 15.564954 2.117313 -5.400993
v 15.577410 2.141860 -5.395290
v 15.580326 2.164167 -5.393953
v 15.570750 2.183673 -5.398331
v 15.545728 2.199820 -5.409774
v 15.502308 2.212047 -5.429634
v 15.437537 2.219793 -5.459259
v 15.481429 1.907500 -5.455334
v 15.463189 1.929807 -5.461455
v 15.459609 1.954353 -5.462641
v 15.467613 1.980580 -5.459928
v 15.484129 2.007927 -5.454350
v 15.506083 2.035833 -5.446944
v 15.530399 2.063740 -5.438743
v 15.554007 2.091087 -5.430783
v 15.573830 2.117313 -5.424099
v 15.586796 2.141860 -5.419727
v 15.589831 2.164166 -5.418701
v 15.579862 2.183673 -5.422057
v 15.553814 2.199820 -5.430830
v 15.508614 2.212047 -5.446054
v 15.441188 2.219793 -5.468766
v 15.485283 1.907500 -5.469642
v 15.466515 1.929807 -5.473802
v 15.462828 1.954353 -5.474606
v 15.471060 1.980580 -5.472759
v 15.488050 2.007927 -5.468965
v 15.510634 2.035833 -5.463927
v 15.535652 2.063740 -5.458349
v 15.559939 2.091087 -5.452936
v 15.580334 2.117313 -5.448390
v 15.593674 2.141860 -5.445417
v 15.596796 2.164167 -5.444719
v 15.586538 2.183673 -5.447001
v 15.559739 2.199820 -5.452966
v 15.513234 2.212047 -5.463318
v 15.443863 2.219793 -5.478762
v 15.487655 1.907500 -5.484557
v 15.468559 1.929807 -5.486673
v 15.464808 1.954353 -5.487081
v 15.473180 1.980580 -5.486140
v 15.490461 2.007927 -5.484208
v 15.513434 2.035833 -5.481643
v 15.538882 2.063740 -5.478804
v 15.563587 2.091087 -5.476048
v 15.584332 2.117313 -5.473735
v 15.597902 2.141860 -5.472221
v 15.601078 2.164167 -5.471866
v 15.590643 2.183673 -5.473027
v 15.563381 2.199820 -5.476063
v 15.516075 2.212047 -5.481331
v 15.445508 2.219793 -5.489191
v 15.488462 1.907500 -5.500000
v 15.469256 1.929807 -5.500000
v 15.465482 1.954353 -5.500000
v 15.473903 1.980580 -5.500000
v 15.491283 2.007927 -5.500000
v 15.514388 2.035833 -5.500000
v 15.539983 2.063740 -5.500000
v 15.564830 2.091087 -5.500000
v 15.585695 2.117313 -5.500000
v 15.599342 2.141860 -5.500000
v 15.602536 2.164166 -5.500000
v 15.592042 2.183673 -5.500000
v 15.564622 2.199820 -5.500000
v 15.517043 2.212047 -5.500000
v 15.446069 2.219793 -5.500000
v 15.209270 1.907500 -5.484557
v 15.228365 1.929807 -5.486673
v 15.227669 1.929807 -5.500000
v 15.208463 1.907500 -5.500000
v 15.232118 1.954353 -5.487081
v 15.231443 1.954353 -5.500000
v 15.223744 1.980580 -5.486140
v 15.223022 1.980580 -5.500000
v 15.206463 2.007927 -5.484208
v 15.205642 2.007927 -5.500000
v 15.183491 2.035833 -5.481643
v 15.182536 2.035833 -5.500000
v 15.158043 2.063740 -5.478804
v 15.156942 2.063740 -5.500000
v 15.133338 2.091087 -5.476048
v 15.132095 2.091087 -5.500000
v 15.112592 2.117313 -5.473735
v 15.111230 2.117313 -5.500000
v 15.099023 2.141860 -5.472221
v 15.097583 2.141860 -5.500000
v 15.095847 2.164166 -5.471866
v 15.094388 2.164166 -5.500000
v 15.106281 2.183673 -5.473027
v 15.104883 2.183673 -5.500000
v 15.133543 2.199820 -5.476063
v 15.132302 2.199820 -5.500000
v 15.180849 2.212047 -5.481331
v 15.179882 2.212047 -5.500000
v 15.251417 2.219793 -5.489191
v 15.250856 2.219793 -5.500000
v 15.211641 1.907500 -5.469642
v 15.230411 1.929807 -5.473802
v 15.234097 1.954353 -5.474606
v 15.225864 1.980580 -5.472759
v 15.208875 2.007927 -5.468965
v 15.186290 2.035833 -5.463927
v 15.161273 2.063740 -5.458349
v 15.136986 2.091087 -5.452936
v 15.116591 2.117313 -5.448390
v 15.103251 2.141860 -5.445417
v 15.100129 2.164166 -5.444719
v 15.110387 2.183673 -5.447001
v 15.137186 2.199820 -5.452966
v 15.183690 2.212047 -5.463318
v 15.253061 2.219793 -5.478762
v 15.215496 1.907500 -5.455334
v 15.233735 1.929807 -5.461455
v 15.237316 1.954353 -5.462641
v 15.229312 1.980580 -5.459928
v 15.212796 2.007927 -5.454350
v 15.190843 2.035833 -5.446944
v 15.166526 2.063740 -5.438743
v 15.142919 2.091087 -5.430783
v 15.123095 2.117313 -5.424099
v 15.110128 2.141860 -5.419727
v 15.107093 2.164166 -5.418701
v 15.117063 2.183673 -5.422057
v 15.143110 2.199820 -5.430830
v 15.188311 2.212047 -5.446054
v 15.255736 2.219793 -5.468766
v 15.220755 1.907500 -5.441713
v 15.238271 1.929807 -5.449702
v 15.241707 1.954353 -5.451253
v 15.234015 1.980580 -5.447718
v 15.218147 2.007927 -5.440445
v 15.197056 2.035833 -5.430786
v 15.173695 2.063740 -5.420091
v 15.151015 2.091087 -5.409709
v 15.131971 2.117313 -5.400993
v 15.119514 2.141860 -5.395290
v 15.116598 2.164166 -5.393953
v 15.126175 2.183673 -5.398331
v 15.151196 2.199820 -5.409774
v 15.194617 2.212047 -5.429634
v 15.259388 2.219793 -5.459259
v 15.227337 1.907500 -5.428859
v 15.243949 1.929807 -5.438611
v 15.247205 1.954353 -5.440508
v 15.239903 1.980580 -5.436198
v 15.224848 2.007927 -5.427329
v 15.204837 2.035833 -5.415547
v 15.182673 2.063740 -5.402500
v 15.161156 2.091087 -5.389836
v 15.143088 2.117313 -5.379203
v 15.131270 2.141860 -5.372247
v 15.128503 2.164166 -5.370616
v 15.137588 2.183673 -5.375958
v 15.161325 2.199820 -5.389920
v 15.202516 2.212047 -5.414149
v 15.263961 2.219793 -5.450294
v 15.235163 1.907500 -5.416851
v 15.250701 1.929807 -5.428250
v 15.253742 1.954353 -5.430472
v 15.246907 1.980580 -5.425441
v 15.232818 2.007927 -5.415082
v 15.214092 2.035833 -5.401319
v 15.193353 2.063740 -5.386078
v 15.173220 2.091087 -5.371284
v 15.156314 2.117313 -5.358862
v 15.145256 2.141860 -5.350736
v 15.142666 2.164166 -5.348832
v 15.151165 2.183673 -5.355073
v 15.173373 2.199820 -5.371386
v 15.211912 2.212047 -5.399695
v 15.269402 2.219793 -5.441925
v 15.244155 1.907500 -5.405769
v 15.258458 1.929807 -5.418689
v 15.261254 1.954353 -5.421211
v 15.254956 1.980580 -5.415515
v 15.241977 2.007927 -5.403783
v 15.224730 2.035833 -5.388195
v 15.205629 2.063740 -5.370932
v 15.187087 2.091087 -5.354174
v 15.171516 2.117313 -5.340102
v 15.161332 2.141860 -5.330897
v 15.158946 2.164166 -5.328741
v 15.166773 2.183673 -5.335812
v 15.187224 2.199820 -5.354293
v 15.222713 2.212047 -5.386364
v 15.275656 2.219793 -5.434206
v 15.254231 1.907500 -5.395692
v 15.267152 1.929807 -5.409996
v 15.269673 1.954353 -5.412792
v 15.263978 1.980580 -5.406494
v 15.252246 2.007927 -5.393515
v 15.236657 2.035833 -5.376268
v 15.219394 2.063740 -5.357167
v 15.202636 2.091087 -5.338624
v 15.188564 2.117313 -5.323054
v 15.179359 2.141860 -5.312870
v 15.177203 2.164166 -5.310484
v 15.184275 2.183673 -5.318310
v 15.202756 2.199820 -5.338762
v 15.234827 2.212047 -5.374251
v 15.282669 2.219793 -5.427193
v 15.265313 1.907500 -5.386701
v 15.276712 1.929807 -5.402239
v 15.278934 1.954353 -5.405280
v 15.273903 1.980580 -5.398445
v 15.263544 2.007927 -5.384355
v 15.249782 2.035834 -5.365630
v 15.234541 2.063740 -5.344891
v 15.219747 2.091087 -5.324758
v 15.207324 2.117313 -5.307852
v 15.199199 2.141860 -5.296793
v 15.197294 2.164166 -5.294204
v 15.203536 2.183673 -5.302703
v 15.219849 2.199820 -5.324911
v 15.248158 2.212047 -5.363450
v 15.290387 2.219793 -5.420939
v 15.277322 1.907500 -5.378874
v 15.287073 1.929806 -5.395487
v 15.288971 1.954353 -5.398742
v 15.284660 1.980580 -5.391441
v 15.275791 2.007926 -5.376385
v 15.264009 2.035833 -5.356374
v 15.250962 2.063740 -5.334210
v 15.238298 2.091087 -5.312694
v 15.227665 2.117313 -5.294626
v 15.220710 2.141860 -5.282808
v 15.219079 2.164166 -5.280041
v 15.224421 2.183673 -5.289125
v 15.238382 2.199820 -5.312862
v 15.262611 2.212047 -5.354053
v 15.298756 2.219793 -5.415499
v 15.290176 1.907500 -5.372292
v 15.298164 1.929806 -5.389809
v 15.299716 1.954353 -5.393245
v 15.296180 1.980580 -5.385552
v 15.288907 2.007926 -5.369684
v 15.279248 2.035833 -5.348593
v 15.268553 2.063740 -5.325232
v 15.258172 2.091087 -5.302553
v 15.249455 2.117313 -5.283509
v 15.243752 2.141860 -5.271052
v 15.242415 2.164167 -5.268136
v 15.246794 2.183673 -5.277712
v 15.258237 2.199820 -5.302734
v 15.278096 2.212047 -5.346155
v 15.307721 2.219793 -5.410925
v 15.303797 1.907500 -5.367033
v 15.309917 1.929807 -5.385273
v 15.311104 1.954353 -5.388854
v 15.308391 1.980580 -5.380849
v 15.302813 2.007927 -5.364334
v 15.295406 2.035833 -5.342381
v 15.287205 2.063740 -5.318063
v 15.279245 2.091087 -5.294456
v 15.272562 2.117313 -5.274632
v 15.268189 2.141860 -5.261666
v 15.267163 2.164166 -5.258631
v 15.270519 2.183673 -5.268600
v 15.279292 2.199820 -5.294648
v 15.294517 2.212047 -5.339849
v 15.317228 2.219793 -5.407274
v 15.318105 1.907500 -5.363179
v 15.322264 1.929807 -5.381948
v 15.323069 1.954353 -5.385635
v 15.321221 1.980580 -5.377402
v 15.317427 2.007927 -5.360412
v 15.312389 2.035833 -5.337828
v 15.306811 2.063740 -5.312810
v 15.301398 2.091087 -5.288523
v 15.296853 2.117313 -5.268129
v 15.293880 2.141860 -5.254789
v 15.293181 2.164167 -5.251667
v 15.295464 2.183673 -5.261924
v 15.301429 2.199820 -5.288724
v 15.311781 2.212047 -5.335228
v 15.327224 2.219793 -5.404599
v 15.333019 1.907500 -5.360808
v 15.335135 1.929807 -5.379903
v 15.335544 1.954353 -5.383656
v 15.334602 1.980580 -5.375282
v 15.332670 2.007927 -5.358001
v 15.330106 2.035833 -5.335028
v 15.327267 2.063740 -5.309580
v 15.324511 2.091087 -5.284875
v 15.322197 2.117313 -5.264130
v 15.320683 2.141860 -5.250560
v 15.320329 2.164167 -5.247385
v 15.321489 2.183673 -5.257819
v 15.324525 2.199820 -5.285081
v 15.329794 2.212047 -5.332387
v 15.337653 2.219793 -5.402955
v 15.333019 1.907500 -5.639192
v 15.335135 1.929807 -5.620097
v 15.348462 1.929807 -5.620794
v 15.348462 1.907500 -5.640000
v 15.335544 1.954353 -5.616344
v 15.348462 1.954353 -5.617019
v 15.334602 1.980580 -5.624718
v 15.348462 1.980580 -5.625440
v 15.332670 2.007927 -5.641999
v 15.348462 2.007927 -5.642821
v 15.330106 2.035833 -5.664972
v 15.348462 2.035833 -5.665926
v 15.327267 2.063740 -5.690420
v 15.348462 2.063740 -5.691520
v 15.324511 2.091087 -5.715125
v 15.348462 2.091087 -5.716367
v 15.322197 2.117313 -5.735870
v 15.348462 2.117313 -5.737233
v 15.320683 2.141860 -5.749440
v 15.348462 2.141860 -5.750880
v 15.320329 2.164166 -5.752615
v 15.348462 2.164166 -5.754074
v 15.321489 2.183673 -5.742181
v 15.348462 2.183673 -5.743579
v 15.324525 2.199820 -5.714919
v 15.348462 2.199820 -5.716160
v 15.329794 2.212047 -5.667613
v 15.348462 2.212047 -5.668581
v 15.337653 2.219793 -5.597045
v 15.348462 2.219793 -5.597606
v 15.318105 1.907500 -5.636821
v 15.322264 1.929807 -5.618052
v 15.323069 1.954353 -5.614365
v 15.321221 1.980580 -5.622598
v 15.317427 2.007927 -5.639588
v 15.312389 2.035833 -5.662172
v 15.306811 2.063740 -5.687190
v 15.301398 2.091087 -5.711477
v 15.296853 2.117313 -5.731871
v 15.293880 2.141860 -5.745211
v 15.293181 2.164166 -5.748333
v 15.295464 2.183673 -5.738076
v 15.301429 2.199820 -5.711276
v 15.311781 2.212047 -5.664772
v 15.327224 2.219793 -5.595401
v 15.303797 1.907500 -5.632967
v 15.309917 1.929807 -5.614727
v 15.311104 1.954353 -5.611146
v 15.308391 1.980580 -5.619151
v 15.302813 2.007927 -5.635666
v 15.295406 2.035833 -5.657619
v 15.287205 2.063740 -5.681937
v 15.279245 2.091087 -5.705544
v 15.272562 2.117313 -5.725368
v 15.268189 2.141860 -5.738334
v 15.267163 2.164166 -5.741369
v 15.270519 2.183673 -5.731400
v 15.279292 2.199820 -5.705352
v 15.294517 2.212047 -5.660151
v 15.317228 2.219793 -5.592726
v 15.290176 1.907500 -5.627708
v 15.298164 1.929807 -5.610191
v 15.299716 1.954353 -5.606755
v 15.296180 1.980580 -5.614448
v 15.288907 2.007927 -5.630316
v 15.279248 2.035833 -5.651407
v 15.268553 2.063740 -5.674768
v 15.258172 2.091087 -5.697447
v 15.249455 2.117313 -5.716491
v 15.243752 2.141860 -5.728948
v 15.242415 2.164166 -5.731864
v 15.246794 2.183673 -5.722288
v 15.258237 2.199820 -5.697266
v 15.278096 2.212047 -5.653845
v 15.307721 2.219793 -5.589075
v 15.277322 1.907500 -5.621126
v 15.287073 1.929807 -5.604513
v 15.288971 1.954353 -5.601258
v 15.284660 1.980580 -5.608559
v 15.275791 2.007927 -5.623615
v 15.264009 2.035833 -5.643626
v 15.250962 2.063740 -5.665790
v 15.238298 2.091087 -5.687306
v 15.227665 2.117313 -5.705374
v 15.220710 2.141860 -5.717192
v 15.219079 2.164166 -5.719959
v 15.224421 2.183673 -5.710875
v 15.238382 2.199820 -5.687138
v 15.262611 2.212047 -5.645947
v 15.298756 2.219793 -5.584501
v 15.265313 1.907500 -5.613299
v 15.276712 1.929807 -5.597761
v 15.278934 1.954353 -5.594720
v 15.273903 1.980580 -5.601555
v 15.263544 2.007927 -5.615645
v 15.249782 2.035833 -5.634370
v 15.234541 2.063740 -5.655109
v 15.219747 2.091087 -5.675242
v 15.207324 2.117313 -5.692148
v 15.199199 2.141860 -5.703207
v 15.197294 2.164166 -5.705796
v 15.203536 2.183673 -5.697297
v 15.219849 2.199820 -5.675089
v 15.248158 2.212047 -5.636550
v 15.290387 2.219793 -5.579061
v 15.254231 1.907500 -5.604308
v 15.267152 1.929807 -5.590004
v 15.269673 1.954353 -5.587208
v 15.263978 1.980580 -5.593506
v 15.252246 2.007927 -5.606485
v 15.236657 2.035833 -5.623732
v 15.219394 2.063740 -5.642833
v 15.202636 2.091087 -5.661376
v 15.188564 2.117313 -5.676946
v 15.179359 2.141860 -5.687130
v 15.177203 2.164166 -5.689516
v 15.184275 2.183673 -5.681690
v 15.202756 2.199820 -5.661238
v 15.234827 2.212047 -5.625749
v 15.282669 2.219793 -5.572807
v 15.244155 1.907500 -5.594231
v 15.258458 1.929807 -5.581311
v 15.261254 1.954353 -5.578789
v 15.254956 1.980580 -5.584485
v 15.241977 2.007927 -5.596217
v 15.224730 2.035833 -5.611805
v 15.205629 2.063740 -5.629068
v 15.187087 2.091087 -5.645826
v 15.171516 2.117313 -5.659898
v 15.161332 2.141860 -5.669103
v 15.158946 2.164166 -5.671259
v 15.166773 2.183673 -5.664188
v 15.187224 2.199820 -5.645707
v 15.222713 2.212047 -5.613636
v 15.275656 2.219793 -5.565794
v 15.235163 1.907500 -5.583149
v 15.250701 1.929807 -5.571750
v 15.253742 1.954353 -5.569528
v 15.246907 1.980580 -5.574559
v 15.232818 2.007927 -5.584918
v 15.214092 2.035834 -5.598681
v 15.193353 2.063740 -5.613922
v 15.173220 2.091087 -5.628716
v 15.156314 2.117313 -5.641138
v 15.145256 2.141860 -5.649264
v 15.142666 2.164166 -5.651168
v 15.151165 2.183673 -5.644927
v 15.173373 2.199820 -5.628614
v 15.211912 2.212047 -5.600305
v 15.269402 2.219793 -5.558075
v 15.227337 1.907500 -5.571141
v 15.243949 1.929806 -5.561389
v 15.247205 1.954353 -5.559492
v 15.239903 1.980580 -5.563802
v 15.224848 2.007926 -5.572671
v 15.204837 2.035833 -5.584453
v 15.182673 2.063740 -5.597500
v 15.161156 2.091087 -5.610164
v 15.143088 2.117313 -5.620797
v 15.131270 2.141860 -5.627753
v 15.128503 2.164166 -5.629384
v 15.137588 2.183673 -5.624042
v 15.161325 2.199820 -5.610080
v 15.202516 2.212047 -5.585851
v 15.263961 2.219793 -5.549706
v 15.220755 1.907500 -5.558287
v 15.238271 1.929806 -5.550298
v 15.241707 1.954353 -5.548747
v 15.234015 1.980580 -5.552282
v 15.218147 2.007926 -5.559555
v 15.197056 2.035833 -5.569214
v 15.173695 2.063740 -5.579909
v 15.151015 2.091087 -5.590291
v 15.131971 2.117313 -5.599007
v 15.119514 2.141860 -5.604710
v 15.116598 2.164167 -5.606047
v 15.126175 2.183673 -5.601669
v 15.151196 2.199820 -5.590226
v 15.194617 2.212047 -5.570366
v 15.259388 2.219793 -5.540741
v 15.215496 1.907500 -5.544666
v 15.233735 1.929807 -5.538545
v 15.237316 1.954353 -5.537359
v 15.229312 1.980580 -5.540072
v 15.212796 2.007927 -5.545650
v 15.190843 2.035833 -5.553056
v 15.166526 2.063740 -5.561257
v 15.142919 2.091087 -5.569217
v 15.123095 2.117313 -5.575901
v 15.110128 2.141860 -5.580273
v 15.107093 2.164166 -5.581299
v 15.117063 2.183673 -5.577943
v 15.143110 2.199820 -5.569170
v 15.188311 2.212047 -5.553946
v 15.255736 2.219793 -5.531234
v 15.211641 1.907500 -5.530358
v 15.230411 1.929807 -5.526198
v 15.234097 1.954353 -5.525394
v 15.225864 1.980580 -5.527241
v 15.208875 2.007927 -5.531035
v 15.186290 2.035833 -5.536073
v 15.161273 2.063740 -5.541651
v 15.136986 2.091087 -5.547064
v 15.116591 2.117313 -5.551610
v 15.103251 2.141860 -5.554583
v 15.100129 2.164167 -5.555281
v 15.110387 2.183673 -5.552999
v 15.137186 2.199820 -5.547034
v 15.183690 2.212047 -5.536682
v 15.253061 2.219793 -5.521238
v 15.209270 1.907500 -5.515443
v 15.228365 1.929807 -5.513327
v 15.232118 1.954353 -5.512919
v 15.223744 1.980580 -5.513860
v 15.206463 2.007927 -5.515792
v 15.183491 2.035833 -5.518357
v 15.158043 2.063740 -5.521196
v 15.133338 2.091087 -5.523952
v 15.112592 2.117313 -5.526265
v 15.099023 2.141860 -5.527779
v 15.095847 2.164167 -5.528134
v 15.106281 2.183673 -5.526973
v 15.133543 2.199820 -5.523937
v 15.180849 2.212047 -5.518669
v 15.251417 2.219793 -5.510809
v 15.487655 1.907500 -5.515443
v 15.468559 1.929807 -5.513327
v 15.464808 1.954353 -5.512919
v 15.473180 1.980580 -5.513860
v 15.490461 2.007927 -5.515792
v 15.513434 2.035833 -5.518357
v 15.538882 2.063740 -5.521196
v 15.563587 2.091087 -5.523952
v 15.584332 2.117313 -5.526265
v 15.597902 2.141860 -5.527779
v 15.601078 2.164166 -5.528134
v 15.590643 2.183673 -5.526973
v 15.563381 2.199820 -5.523937
v 15.516075 2.212047 -5.518669
v 15.445508 2.219793 -5.510809
v 15.485283 1.907500 -5.530358
v 15.466515 1.929807 -5.526198
v 15.462828 1.954353 -5.525394
v 15.471060 1.980580 -5.527241
v 15.488050 2.007927 -5.531035
v 15.510634 2.035833 -5.536073
v 15.535652 2.063740 -5.541651
v 15.559939 2.091087 -5.547064
v 15.580334 2.117313 -5.551610
v 15.593674 2.141860 -5.554583
v 15.596796 2.164166 -5.555281
v 15.586538 2.183673 -5.552999
v 15.559739 2.199820 -5.547034
v 15.513234 2.212047 -5.536682
v 15.443863 2.219793 -5.521238
v 15.481429 1.907500 -5.544666
v 15.463189 1.929807 -5.538545
v 15.459609 1.954353 -5.537359
v 15.467613 1.980580 -5.540072
v 15.484129 2.007927 -5.545650
v 15.506083 2.035833 -5.553056
v 15.530399 2.063740 -5.561257
v 15.554007 2.091087 -5.569217
v 15.573830 2.117313 -5.575901
v 15.586796 2.141860 -5.580273
v 15.589831 2.164166 -5.581299
v 15.579862 2.183673 -5.577943
v 15.553814 2.199820 -5.569170
v 15.508614 2.212047 -5.553946
v 15.441188 2.219793 -5.531234
v 15.476171 1.907500 -5.558287
v 15.458653 1.929807 -5.550298
v 15.455217 1.954353 -5.548747
v 15.462910 1.980580 -5.552282
v 15.478778 2.007927 -5.559555
v 15.499869 2.035833 -5.569214
v 15.523231 2.063740 -5.579909
v 15.545909 2.091087 -5.590291
v 15.564954 2.117313 -5.599007
v 15.577410 2.141860 -5.604710
v 15.580326 2.164166 -5.606047
v 15.570750 2.183673 -5.601669
v 15.545728 2.199820 -5.590226
v 15.502308 2.212047 -5.570366
v 15.437537 2.219793 -5.540741
v 15.469588 1.907500 -5.571141
v 15.452975 1.929807 -5.561389
v 15.449720 1.954353 -5.559492
v 15.457021 1.980580 -5.563802
v 15.472077 2.007927 -5.572671
v 15.492088 2.035833 -5.584453
v 15.514253 2.063740 -5.597500
v 15.535769 2.091087 -5.610164
v 15.553837 2.117313 -5.620797
v 15.565655 2.141860 -5.627753
v 15.568421 2.164166 -5.629384
v 15.559338 2.183673 -5.624042
v 15.535601 2.199820 -5.610080
v 15.494410 2.212047 -5.585851
v 15.432963 2.219793 -5.549706
v 15.461761 1.907500 -5.583149
v 15.446223 1.929807 -5.571750
v 15.443182 1.954353 -5.569528
v 15.450017 1.980580 -5.574559
v 15.464108 2.007927 -5.584918
v 15.482833 2.035833 -5.598681
v 15.503572 2.063740 -5.613922
v 15.523705 2.091087 -5.628716
v 15.540610 2.117313 -5.641138
v 15.551669 2.141860 -5.649264
v 15.554258 2.164166 -5.651168
v 15.545760 2.183673 -5.644927
v 15.523551 2.199820 -5.628614
v 15.485013 2.212047 -5.600305
v 15.427524 2.219793 -5.558075
v 15.452770 1.907500 -5.594231
v 15.438467 1.929807 -5.581311
v 15.435671 1.954353 -5.578789
v 15.441969 1.980580 -5.584485
v 15.454948 2.007927 -5.596217
v 15.472195 2.035833 -5.611805
v 15.491296 2.063740 -5.629068
v 15.509838 2.091087 -5.645826
v 15.525408 2.117313 -5.659898
v 15.535592 2.141860 -5.669103
v 15.537978 2.164166 -5.671259
v 15.530152 2.183673 -5.664188
v 15.509701 2.199820 -5.645707
v 15.474211 2.212047 -5.613636
v 15.421269 2.219793 -5.565794
v 15.442694 1.907500 -5.604308
v 15.429773 1.929807 -5.590004
v 15.427251 1.954353 -5.587208
v 15.432947 1.980580 -5.593506
v 15.444679 2.007927 -5.606485
v 15.460267 2.035833 -5.623732
v 15.477530 2.063740 -5.642833
v 15.494288 2.091087 -5.661376
v 15.508361 2.117313 -5.676946
v 15.517565 2.141860 -5.687130
v 15.519722 2.164166 -5.689516
v 15.512650 2.183673 -5.681690
v 15.494169 2.199820 -5.661238
v 15.462098 2.212047 -5.625749
v 15.414256 2.219793 -5.572807
v 15.431611 1.907500 -5.613299
v 15.420212 1.929807 -5.597761
v 15.417991 1.954353 -5.594720
v 15.423021 1.980580 -5.601555
v 15.433381 2.007927 -5.615645
v 15.447144 2.035834 -5.634370
v 15.462384 2.063740 -5.655109
v 15.477178 2.091087 -5.675242
v 15.489600 2.117313 -5.692148
v 15.497726 2.141860 -5.703207
v 15.499631 2.164166 -5.705796
v 15.493389 2.183673 -5.697297
v 15.477077 2.199820 -5.675089
v 15.448768 2.212047 -5.636550
v 15.406538 2.219793 -5.579061
v 15.419603 1.907500 -5.621126
v 15.409851 1.929806 -5.604513
v 15.407954 1.954353 -5.601258
v 15.412264 1.980580 -5.608559
v 15.421134 2.007926 -5.623615
v 15.432916 2.035833 -5.643626
v 15.445962 2.063740 -5.665790
v 15.458626 2.091087 -5.687306
v 15.469259 2.117313 -5.705374
v 15.476215 2.141860 -5.717192
v 15.477846 2.164166 -5.719959
v 15.472505 2.183673 -5.710875
v 15.458543 2.199820 -5.687138
v 15.434314 2.212047 -5.645947
v 15.398170 2.219793 -5.584501
v 15.406749 1.907500 -5.627708
v 15.398760 1.929806 -5.610191
v 15.397209 1.954353 -5.606755
v 15.400744 1.980580 -5.614448
v 15.408017 2.007926 -5.630316
v 15.417677 2.035833 -5.651407
v 15.428371 2.063740 -5.674768
v 15.438753 2.091087 -5.697447
v 15.447470 2.117313 -5.716491
v 15.453172 2.141860 -5.728948
v 15.454509 2.164167 -5.731864
v 15.450131 2.183673 -5.722288
v 15.438688 2.199820 -5.697266
v 15.418829 2.212047 -5.653845
v 15.389204 2.219793 -5.589075
v 15.393128 1.907500 -5.632967
v 15.387007 1.929807 -5.614727
v 15.385821 1.954353 -5.611146
v 15.388535 1.980580 -5.619151
v 15.394112 2.007927 -5.635666
v 15.401519 2.035833 -5.657619
v 15.409719 2.063740 -5.681937
v 15.417680 2.091087 -5.705544
v 15.424363 2.117313 -5.725368
v 15.428736 2.141860 -5.738334
v 15.429761 2.164166 -5.741369
v 15.426405 2.183673 -5.731400
v 15.417632 2.199820 -5.705352
v 15.402408 2.212047 -5.660151
v 15.379696 2.219793 -5.592726
v 15.378820 1.907500 -5.636821
v 15.374660 1.929807 -5.618052
v 15.373857 1.954353 -5.614365
v 15.375704 1.980580 -5.622598
v 15.379498 2.007927 -5.639588
v 15.384536 2.035833 -5.662172
v 15.390113 2.063740 -5.687190
v 15.395526 2.091087 -5.711477
v 15.400072 2.117313 -5.731871
v 15.403046 2.141860 -5.745211
v 15.403743 2.164167 -5.748333
v 15.401462 2.183673 -5.738076
v 15.395496 2.199820 -5.711276
v 15.385144 2.212047 -5.664772
v 15.369700 2.219793 -5.595401
v 15.363905 1.907500 -5.639192
v 15.361790 1.929807 -5.620097
v 15.361382 1.954353 -5.616344
v 15.362323 1.980580 -5.624718
v 15.364254 2.007927 -5.641999
v 15.366819 2.035833 -5.664972
v 15.369658 2.063740 -5.690420
v 15.372414 2.091087 -5.715125
v 15.374727 2.117313 -5.735870
v 15.376241 2.141860 -5.749440
v 15.376596 2.164167 -5.752615
v 15.375436 2.183673 -5.742181
v 15.372399 2.199820 -5.714919
v 15.367131 2.212047 -5.667613
v 15.359271 2.219793 -5.597045
v 15.448840 1.697500 -4.595253
v 15.447950 1.717162 -4.603274
v 15.348462 1.717162 -4.598068
v 15.348462 1.697500 -4.590000
v 15.445427 1.734398 -4.626019
v 15.348462 1.734398 -4.620945
v 15.441489 1.749580 -4.661508
v 15.348462 1.749580 -4.656640
v 15.436357 1.763082 -4.707761
v 15.348462 1.763082 -4.703162
v 15.430252 1.775278 -4.762798
v 15.348462 1.775278 -4.758519
v 15.423390 1.786540 -4.824641
v 15.348462 1.786540 -4.820720
v 15.415994 1.797242 -4.891309
v 15.348462 1.797242 -4.887775
v 15.408281 1.807758 -4.960822
v 15.348462 1.807758 -4.957692
v 15.400474 1.818460 -5.031201
v 15.348462 1.818460 -5.028480
v 15.392789 1.829722 -5.100468
v 15.348462 1.829722 -5.098148
v 15.385448 1.841918 -5.166640
v 15.348462 1.841918 -5.164705
v 15.378669 1.855420 -5.227741
v 15.348462 1.855420 -5.226160
v 15.372672 1.870602 -5.281788
v 15.348462 1.870602 -5.280521
v 15.367678 1.887838 -5.326804
v 15.348462 1.887838 -5.325799
v 15.545788 1.697500 -4.610664
v 15.544039 1.717162 -4.618549
v 15.539078 1.734398 -4.640907
v 15.531338 1.749580 -4.675791
v 15.521250 1.763082 -4.721256
v 15.509246 1.775278 -4.775356
v 15.495758 1.786540 -4.836145
v 15.481218 1.797242 -4.901677
v 15.466057 1.807758 -4.970007
v 15.450707 1.818460 -5.039187
v 15.435600 1.829722 -5.107274
v 15.421168 1.841918 -5.172319
v 15.407843 1.855420 -5.232378
v 15.396054 1.870602 -5.285505
v 15.386236 1.887838 -5.329754
v 15.638789 1.697500 -4.635718
v 15.636214 1.717162 -4.643381
v 15.628916 1.734398 -4.665109
v 15.617528 1.749580 -4.699010
v 15.602686 1.763082 -4.743195
v 15.585025 1.775278 -4.795771
v 15.565180 1.786540 -4.854847
v 15.543787 1.797242 -4.918533
v 15.521481 1.807758 -4.984938
v 15.498897 1.818460 -5.052169
v 15.476669 1.829722 -5.118337
v 15.455435 1.841918 -5.181551
v 15.435828 1.855420 -5.239918
v 15.418485 1.870602 -5.291548
v 15.404039 1.887838 -5.334550
v 15.727324 1.697500 -4.669897
v 15.723966 1.717162 -4.677257
v 15.714441 1.734398 -4.698125
v 15.699580 1.749580 -4.730686
v 15.680212 1.763082 -4.773123
v 15.657165 1.775278 -4.823619
v 15.631269 1.786540 -4.880360
v 15.603352 1.797242 -4.941527
v 15.574243 1.807758 -5.005306
v 15.544771 1.818460 -5.069879
v 15.515766 1.829722 -5.133430
v 15.488056 1.841918 -5.194144
v 15.462471 1.855420 -5.250203
v 15.439838 1.870602 -5.299791
v 15.420988 1.887838 -5.341093
v 15.810877 1.697500 -4.712682
v 15.806777 1.717162 -4.719662
v 15.795153 1.734398 -4.739455
v 15.777014 1.749580 -4.770338
v 15.753374 1.763082 -4.810587
v 15.725245 1.775278 -4.858481
v 15.693637 1.786540 -4.912297
v 15.659563 1.797242 -4.970312
v 15.624035 1.807758 -5.030803
v 15.588064 1.818460 -5.092048
v 15.552663 1.829722 -5.152324
v 15.518842 1.841918 -5.209908
v 15.487614 1.855420 -5.263078
v 15.459990 1.870602 -5.310111
v 15.436982 1.887838 -5.349284
v 15.888929 1.697500 -4.763555
v 15.884138 1.717162 -4.770084
v 15.870550 1.734398 -4.788599
v 15.849351 1.749580 -4.817486
v 15.821721 1.763082 -4.855134
v 15.788843 1.775278 -4.899934
v 15.751901 1.786540 -4.950273
v 15.712075 1.797242 -5.004539
v 15.670550 1.807758 -5.061121
v 15.628508 1.818460 -5.118408
v 15.587131 1.829722 -5.174789
v 15.547601 1.841918 -5.228652
v 15.511102 1.855420 -5.278387
v 15.478815 1.870602 -5.322381
v 15.451924 1.887838 -5.359022
v 15.960964 1.697500 -4.822000
v 15.955533 1.717162 -4.828012
v 15.940135 1.734398 -4.845056
v 15.916110 1.749580 -4.871651
v 15.884797 1.763082 -4.906312
v 15.847538 1.775278 -4.947556
v 15.805671 1.786540 -4.993899
v 15.760538 1.797242 -5.043859
v 15.713478 1.807758 -5.095951
v 15.665833 1.818460 -5.148692
v 15.618940 1.829722 -5.200598
v 15.574142 1.841918 -5.250187
v 15.532778 1.855420 -5.295974
v 15.496189 1.870602 -5.336476
v 15.465714 1.887838 -5.370210
v 16.026463 1.697500 -4.887499
v 16.020451 1.717162 -4.892929
v 16.003407 1.734398 -4.908327
v 15.976811 1.749580 -4.932353
v 15.942151 1.763082 -4.963665
v 15.900907 1.775278 -5.000925
v 15.854563 1.786540 -5.042791
v 15.804604 1.797242 -5.087924
v 15.752512 1.807758 -5.134984
v 15.699771 1.818460 -5.182630
v 15.647864 1.829722 -5.229522
v 15.598275 1.841918 -5.274320
v 15.552488 1.855420 -5.315684
v 15.511986 1.870602 -5.352274
v 15.478252 1.887838 -5.382749
v 16.084908 1.697500 -4.959533
v 16.078379 1.717162 -4.964325
v 16.059864 1.734398 -4.977912
v 16.030977 1.749580 -4.999112
v 15.993328 1.763082 -5.026742
v 15.948528 1.775278 -5.059619
v 15.898190 1.786540 -5.096562
v 15.843924 1.797242 -5.136387
v 15.787341 1.807758 -5.177912
v 15.730054 1.818460 -5.219955
v 15.673673 1.829722 -5.261332
v 15.619810 1.841918 -5.300862
v 15.570076 1.855420 -5.337361
v 15.526082 1.870602 -5.369648
v 15.489440 1.887838 -5.396538
v 16.135780 1.697500 -5.037585
v 16.128799 1.717162 -5.041685
v 16.109007 1.734398 -5.053310
v 16.078125 1.749580 -5.071448
v 16.037876 1.763082 -5.095088
v 15.989981 1.775278 -5.123218
v 15.936166 1.786540 -5.154825
v 15.878151 1.797242 -5.188899
v 15.817659 1.807758 -5.224427
v 15.756414 1.818460 -5.260398
v 15.696138 1.829722 -5.295800
v 15.638555 1.841918 -5.329620
v 15.585384 1.855420 -5.360849
v 15.538352 1.870602 -5.388473
v 15.499179 1.887837 -5.411480
v 16.178566 1.697500 -5.121138
v 16.171206 1.717162 -5.124497
v 16.150337 1.734398 -5.134022
v 16.117777 1.749580 -5.148882
v 16.075340 1.763082 -5.168251
v 16.024843 1.775278 -5.191298
v 15.968102 1.786540 -5.217194
v 15.906935 1.797242 -5.245111
v 15.843157 1.807758 -5.274220
v 15.778584 1.818460 -5.303691
v 15.715033 1.829722 -5.332696
v 15.654319 1.841918 -5.360406
v 15.598260 1.855420 -5.385992
v 15.548671 1.870602 -5.408624
v 15.507369 1.887837 -5.427474
v 16.212744 1.697500 -5.209673
v 16.205082 1.717162 -5.212248
v 16.183353 1.734398 -5.219546
v 16.149452 1.749580 -5.230935
v 16.105268 1.763082 -5.245777
v 16.052692 1.775278 -5.263438
v 15.993615 1.786540 -5.283282
v 15.929930 1.797242 -5.304676
v 15.863525 1.807758 -5.326982
v 15.796293 1.818460 -5.349566
v 15.730125 1.829722 -5.371793
v 15.666912 1.841918 -5.393028
v 15.608544 1.855420 -5.412634
v 15.556914 1.870602 -5.429977
v 15.513912 1.887838 -5.444423
v 16.237799 1.697500 -5.302674
v 16.229914 1.717162 -5.304424
v 16.207556 1.734398 -5.309384
v 16.172670 1.749580 -5.317124
v 16.127207 1.763082 -5.327212
v 16.073107 1.775278 -5.339216
v 16.012318 1.786540 -5.352704
v 15.946785 1.797242 -5.367244
v 15.878456 1.807758 -5.382405
v 15.809275 1.818460 -5.397755
v 15.741189 1.829722 -5.412862
v 15.676144 1.841918 -5.427294
v 15.616084 1.855420 -5.440620
v 15.562957 1.870602 -5.452408
v 15.518708 1.887838 -5.462226
v 16.253210 1.697500 -5.399622
v 16.245188 1.717162 -5.400512
v 16.222443 1.734398 -5.403036
v 16.186954 1.749580 -5.406973
v 16.140701 1.763082 -5.412105
v 16.085665 1.775278 -5.418211
v 16.023821 1.786540 -5.425072
v 15.957154 1.797242 -5.432468
v 15.887640 1.807758 -5.440181
v 15.817261 1.818460 -5.447989
v 15.747994 1.829722 -5.455674
v 15.681822 1.841918 -5.463015
v 15.620722 1.855420 -5.469794
v 15.566674 1.870602 -5.475791
v 15.521658 1.887838 -5.480785
v 16.258463 1.697500 -5.500000
v 16.250395 1.717162 -5.500000
v 16.227516 1.734398 -5.500000
v 16.191822 1.749580 -5.500000
v 16.145302 1.763082 -5.500000
v 16.089943 1.775278 -5.500000
v 16.027742 1.786540 -5.500000
v 15.960688 1.797242 -5.500000
v 15.890771 1.807758 -5.500000
v 15.819983 1.818460 -5.500000
v 15.750315 1.829722 -5.500000
v 15.683757 1.841918 -5.500000
v 15.622302 1.855420 -5.500000
v 15.567941 1.870602 -5.500000
v 15.522664 1.887838 -5.500000
v 14.443715 1.697500 -5.399622
v 14.451736 1.717162 -5.400512
v 14.446530 1.717162 -5.500000
v 14.438462 1.697500 -5.500000
v 14.474482 1.734398 -5.403036
v 14.469408 1.734398 -5.500000
v 14.509971 1.749580 -5.406973
v 14.505102 1.749580 -5.500000
v 14.556223 1.763082 -5.412105
v 14.551624 1.763082 -5.500000
v 14.611260 1.775278 -5.418211
v 14.606981 1.775278 -5.500000
v 14.673103 1.786540 -5.425072
v 14.669183 1.786540 -5.500000
v 14.739771 1.797242 -5.432468
v 14.736238 1.797242 -5.500000
v 14.809284 1.807758 -5.440181
v 14.806154 1.807758 -5.500000
v 14.879663 1.818460 -5.447989
v 14.876943 1.818460 -5.500000
v 14.948930 1.829722 -5.455674
v 14.946610 1.829722 -5.500000
v 15.015103 1.841918 -5.463015
v 15.013167 1.841918 -5.500000
v 15.076203 1.855420 -5.469794
v 15.074622 1.855420 -5.500000
v 15.130251 1.870602 -5.475791
v 15.128983 1.870602 -5.500000
v 15.175266 1.887838 -5.480785
v 15.174261 1.887838 -5.500000
v 14.459126 1.697500 -5.302674
v 14.467011 1.717162 -5.304424
v 14.489369 1.734398 -5.309384
v 14.524254 1.749580 -5.317124
v 14.569718 1.763082 -5.327212
v 14.623818 1.775278 -5.339216
v 14.684608 1.786540 -5.352704
v 14.750139 1.797242 -5.367244
v 14.818469 1.807758 -5.382405
v 14.887650 1.818460 -5.397755
v 14.955736 1.829722 -5.412862
v 15.020782 1.841918 -5.427294
v 15.080841 1.855420 -5.440620
v 15.133967 1.870602 -5.452408
v 15.178217 1.887838 -5.462226
v 14.484180 1.697500 -5.209673
v 14.491843 1.717162 -5.212248
v 14.513572 1.734398 -5.219546
v 14.547473 1.749580 -5.230935
v 14.591657 1.763082 -5.245777
v 14.644233 1.775278 -5.263438
v 14.703309 1.786540 -5.283282
v 14.766995 1.797242 -5.304676
v 14.833400 1.807758 -5.326982
v 14.900632 1.818460 -5.349566
v 14.966800 1.829722 -5.371793
v 15.030013 1.841918 -5.393027
v 15.088380 1.855420 -5.412634
v 15.140011 1.870602 -5.429977
v 15.183013 1.887838 -5.444423
v 14.518359 1.697500 -5.121138
v 14.525719 1.717162 -5.124497
v 14.546587 1.734398 -5.134021
v 14.579148 1.749580 -5.148882
v 14.621585 1.763082 -5.168251
v 14.672082 1.775278 -5.191298
v 14.728823 1.786540 -5.217194
v 14.789989 1.797242 -5.245111
v 14.853768 1.807758 -5.274220
v 14.918341 1.818460 -5.303691
v 14.981893 1.829722 -5.332696
v 15.042606 1.841918 -5.360406
v 15.098665 1.855420 -5.385992
v 15.148253 1.870602 -5.408624
v 15.189555 1.887838 -5.427474
v 14.561144 1.697500 -5.037585
v 14.568125 1.717162 -5.041685
v 14.587917 1.734398 -5.053310
v 14.618800 1.749580 -5.071448
v 14.659050 1.763082 -5.095088
v 14.706944 1.775278 -5.123218
v 14.760759 1.786540 -5.154825
v 14.818774 1.797242 -5.188899
v 14.879266 1.807758 -5.224427
v 14.940511 1.818460 -5.260398
v 15.000786 1.829722 -5.295800
v 15.058371 1.841918 -5.329620
v 15.111540 1.855420 -5.360849
v 15.158573 1.870602 -5.388473
v 15.197746 1.887838 -5.411480
v 14.612018 1.697500 -4.959533
v 14.618547 1.717162 -4.964324
v 14.637061 1.734398 -4.977912
v 14.665948 1.749580 -4.999112
v 14.703597 1.763082 -5.026742
v 14.748396 1.775278 -5.059619
v 14.798735 1.786540 -5.096562
v 14.853001 1.797242 -5.136387
v 14.909583 1.807758 -5.177912
v 14.966870 1.818460 -5.219955
v 15.023252 1.829722 -5.261332
v 15.077115 1.841918 -5.300862
v 15.126849 1.855420 -5.337361
v 15.170843 1.870602 -5.369648
v 15.207484 1.887838 -5.396538
v 14.670463 1.697500 -4.887499
v 14.676474 1.717162 -4.892929
v 14.693519 1.734398 -4.908327
v 14.720113 1.749580 -4.932353
v 14.754774 1.763082 -4.963665
v 14.796019 1.775278 -5.000925
v 14.842361 1.786540 -5.042791
v 14.892321 1.797242 -5.087924
v 14.944413 1.807758 -5.134984
v 14.997154 1.818460 -5.182630
v 15.049061 1.829722 -5.229522
v 15.098649 1.841918 -5.274320
v 15.144437 1.855420 -5.315684
v 15.184938 1.870602 -5.352274
v 15.218673 1.887838 -5.382749
v 14.735961 1.697500 -4.822000
v 14.741391 1.717162 -4.828012
v 14.756789 1.734398 -4.845056
v 14.780815 1.749580 -4.871651
v 14.812127 1.763082 -4.906312
v 14.849387 1.775278 -4.947556
v 14.891253 1.786540 -4.993899
v 14.936387 1.797242 -5.043859
v 14.983446 1.807758 -5.095951
v 15.031093 1.818460 -5.148692
v 15.077985 1.829722 -5.200598
v 15.122783 1.841918 -5.250187
v 15.164146 1.855420 -5.295974
v 15.200736 1.870602 -5.336476
v 15.231211 1.887838 -5.370210
v 14.807995 1.697500 -4.763555
v 14.812787 1.717162 -4.770084
v 14.826374 1.734398 -4.788599
v 14.847574 1.749580 -4.817486
v 14.875204 1.763082 -4.855134
v 14.908082 1.775278 -4.899934
v 14.945024 1.786540 -4.950273
v 14.984850 1.797242 -5.004539
v 15.026375 1.807758 -5.061121
v 15.068418 1.818460 -5.118408
v 15.109795 1.829722 -5.174789
v 15.149324 1.841918 -5.228652
v 15.185823 1.855420 -5.278387
v 15.218110 1.870602 -5.322381
v 15.245001 1.887838 -5.359022
v 14.886047 1.697500 -4.712682
v 14.890147 1.717162 -4.719662
v 14.901772 1.734398 -4.739455
v 14.919910 1.749580 -4.770338
v 14.943550 1.763082 -4.810587
v 14.971680 1.775278 -4.858481
v 15.003287 1.786540 -4.912297
v 15.037361 1.797242 -4.970312
v 15.072889 1.807758 -5.030803
v 15.108860 1.818460 -5.092048
v 15.144262 1.829722 -5.152324
v 15.178083 1.841918 -5.209908
v 15.209311 1.855420 -5.263078
v 15.236935 1.870602 -5.310111
v 15.259942 1.887837 -5.349284
v 14.969601 1.697500 -4.669897
v 14.972960 1.717162 -4.677257
v 14.982484 1.734398 -4.698125
v 14.997345 1.749580 -4.730686
v 15.016713 1.763082 -4.773123
v 15.039760 1.775278 -4.823619
v 15.065657 1.786540 -4.880360
v 15.093574 1.797242 -4.941527
v 15.122683 1.807758 -5.005306
v 15.152154 1.818460 -5.069879
v 15.181159 1.829722 -5.133430
v 15.208868 1.841918 -5.194144
v 15.234454 1.855420 -5.250203
v 15.257087 1.870602 -5.299791
v 15.275937 1.887837 -5.341093
v 15.058136 1.697500 -4.635718
v 15.060710 1.717162 -4.643381
v 15.068008 1.734398 -4.665109
v 15.079397 1.749580 -4.699010
v 15.094239 1.763082 -4.743195
v 15.111900 1.775278 -4.795771
v 15.131745 1.786540 -4.854847
v 15.153138 1.797242 -4.918533
v 15.175445 1.807758 -4.984938
v 15.198029 1.818460 -5.052169
v 15.220256 1.829722 -5.118337
v 15.241490 1.841918 -5.181551
v 15.261097 1.855420 -5.239918
v 15.278440 1.870602 -5.291548
v 15.292885 1.887838 -5.334550
v 15.151136 1.697500 -4.610664
v 15.152886 1.717162 -4.618549
v 15.157846 1.734398 -4.640907
v 15.165587 1.749580 -4.675791
v 15.175674 1.763082 -4.721256
v 15.187678 1.775278 -4.775356
v 15.201166 1.786540 -4.836145
v 15.215707 1.797242 -4.901677
v 15.230867 1.807758 -4.970007
v 15.246218 1.818460 -5.039187
v 15.261324 1.829722 -5.107274
v 15.275757 1.841918 -5.172319
v 15.289083 1.855420 -5.232378
v 15.300870 1.870602 -5.285505
v 15.310688 1.887838 -5.329754
v 15.248085 1.697500 -4.595253
v 15.248975 1.717162 -4.603274
v 15.251498 1.734398 -4.626019
v 15.255435 1.749580 -4.661508
v 15.260567 1.763082 -4.707761
v 15.266673 1.775278 -4.762798
v 15.273535 1.786540 -4.824641
v 15.280931 1.797242 -4.891309
v 15.288643 1.807758 -4.960822
v 15.296452 1.818460 -5.031201
v 15.304136 1.829722 -5.100468
v 15.311478 1.841918 -5.166640
v 15.318256 1.855420 -5.227741
v 15.324253 1.870602 -5.281788
v 15.329247 1.887838 -5.326804
v 15.248085 1.697500 -6.404747
v 15.248975 1.717162 -6.396726
v 15.348462 1.717162 -6.401932
v 15.348462 1.697500 -6.410000
v 15.251498 1.734398 -6.373981
v 15.348462 1.734398 -6.379055
v 15.255435 1.749580 -6.338492
v 15.348462 1.749580 -6.343360
v 15.260567 1.763082 -6.292239
v 15.348462 1.763082 -6.296838
v 15.266673 1.775278 -6.237202
v 15.348462 1.775278 -6.241481
v 15.273534 1.786540 -6.175359
v 15.348462 1.786540 -6.179280
v 15.280931 1.797242 -6.108691
v 15.348462 1.797242 -6.112225
v 15.288643 1.807758 -6.039178
v 15.348462 1.807758 -6.042308
v 15.296452 1.818460 -5.968799
v 15.348462 1.818460 -5.971520
v 15.304136 1.829722 -5.899532
v 15.348462 1.829722 -5.901852
v 15.311478 1.841918 -5.833360
v 15.348462 1.841918 -5.835295
v 15.318256 1.855420 -5.772259
v 15.348462 1.855420 -5.773840
v 15.324253 1.870602 -5.718212
v 15.348462 1.870602 -5.719479
v 15.329247 1.887838 -5.673196
v 15.348462 1.887838 -5.674201
v 15.151136 1.697500 -6.389336
v 15.152886 1.717162 -6.381451
v 15.157846 1.734398 -6.359093
v 15.165587 1.749580 -6.324209
v 15.175674 1.763082 -6.278744
v 15.187678 1.775278 -6.224644
v 15.201166 1.786540 -6.163855
v 15.215707 1.797242 -6.098323
v 15.230867 1.807758 -6.029993
v 15.246218 1.818460 -5.960813
v 15.261324 1.829722 -5.892726
v 15.275757 1.841918 -5.827681
v 15.289083 1.855420 -5.767622
v 15.300870 1.870602 -5.714495
v 15.310688 1.887838 -5.670246
v 15.058136 1.697500 -6.364282
v 15.060710 1.717162 -6.356619
v 15.068008 1.734398 -6.334891
v 15.079397 1.749580 -6.300990
v 15.094239 1.763082 -6.256805
v 15.111900 1.775278 -6.204229
v 15.131745 1.786540 -6.145153
v 15.153138 1.797242 -6.081467
v 15.175445 1.807758 -6.015062
v 15.198029 1.818460 -5.947831
v 15.220256 1.829722 -5.881663
v 15.241490 1.841918 -5.818449
v 15.261097 1.855420 -5.760082
v 15.278440 1.870602 -5.708452
v 15.292885 1.887838 -5.665450
v 14.969601 1.697500 -6.330103
v 14.972960 1.717162 -6.322743
v 14.982484 1.734398 -6.301875
v 14.997345 1.749580 -6.269314
v 15.016713 1.763082 -6.226877
v 15.039760 1.775278 -6.176381
v 15.065657 1.786540 -6.119640
v 15.093574 1.797242 -6.058473
v 15.122683 1.807758 -5.994694
v 15.152154 1.818460 -5.930121
v 15.181159 1.829722 -5.866570
v 15.208868 1.841918 -5.805856
v 15.234454 1.855420 -5.749797
v 15.257087 1.870602 -5.700209
v 15.275937 1.887838 -5.658907
v 14.886047 1.697500 -6.287318
v 14.890147 1.717162 -6.280338
v 14.901772 1.734398 -6.260545
v 14.919910 1.749580 -6.229662
v 14.943550 1.763082 -6.189413
v 14.971680 1.775278 -6.141519
v 15.003287 1.786540 -6.087703
v 15.037361 1.797242 -6.029688
v 15.072889 1.807758 -5.969197
v 15.108860 1.818460 -5.907952
v 15.144262 1.829722 -5.847676
v 15.178083 1.841918 -5.790092
v 15.209311 1.855420 -5.736922
v 15.236935 1.870602 -5.689889
v 15.259942 1.887838 -5.650716
v 14.807995 1.697500 -6.236445
v 14.812787 1.717162 -6.229916
v 14.826374 1.734398 -6.211401
v 14.847574 1.749580 -6.182514
v 14.875204 1.763082 -6.144866
v 14.908082 1.775278 -6.100066
v 14.945024 1.786540 -6.049727
v 14.984850 1.797242 -5.995461
v 15.026375 1.807758 -5.938879
v 15.068418 1.818460 -5.881592
v 15.109795 1.829722 -5.825211
v 15.149324 1.841918 -5.771348
v 15.185823 1.855420 -5.721613
v 15.218110 1.870602 -5.677619
v 15.245001 1.887838 -5.640978
v 14.735961 1.697500 -6.178000
v 14.741391 1.717162 -6.171988
v 14.756789 1.734398 -6.154944
v 14.780815 1.749580 -6.128349
v 14.812127 1.763082 -6.093688
v 14.849387 1.775278 -6.052444
v 14.891253 1.786540 -6.006101
v 14.936387 1.797242 -5.956141
v 14.983446 1.807758 -5.904049
v 15.031093 1.818460 -5.851308
v 15.077985 1.829722 -5.799402
v 15.122783 1.841918 -5.749813
v 15.164146 1.855420 -5.704026
v 15.200736 1.870602 -5.663524
v 15.231211 1.887838 -5.629790
v 14.670463 1.697500 -6.112501
v 14.676474 1.717162 -6.107071
v 14.693519 1.734398 -6.091673
v 14.720113 1.749580 -6.067647
v 14.754774 1.763082 -6.036335
v 14.796019 1.775278 -5.999075
v 14.842361 1.786540 -5.957209
v 14.892321 1.797242 -5.912076
v 14.944413 1.807758 -5.865016
v 14.997154 1.818460 -5.817370
v 15.049061 1.829722 -5.770478
v 15.098649 1.841918 -5.725680
v 15.144437 1.855420 -5.684316
v 15.184938 1.870602 -5.647726
v 15.218673 1.887838 -5.617251
v 14.612018 1.697500 -6.040467
v 14.618547 1.717162 -6.035675
v 14.637061 1.734398 -6.022088
v 14.665948 1.749580 -6.000888
v 14.703597 1.763082 -5.973258
v 14.748396 1.775278 -5.940381
v 14.798735 1.786540 -5.903438
v 14.853001 1.797242 -5.863613
v 14.909583 1.807758 -5.822088
v 14.966870 1.818460 -5.780045
v 15.023252 1.829722 -5.738668
v 15.077115 1.841918 -5.699138
v 15.126849 1.855420 -5.662639
v 15.170843 1.870602 -5.630352
v 15.207484 1.887838 -5.603462
v 14.561144 1.697500 -5.962415
v 14.568125 1.717162 -5.958315
v 14.587917 1.734398 -5.946690
v 14.618800 1.749580 -5.928552
v 14.659050 1.763082 -5.904912
v 14.706944 1.775278 -5.876782
v 14.760759 1.786540 -5.845175
v 14.818774 1.797242 -5.811101
v 14.879266 1.807758 -5.775573
v 14.940511 1.818460 -5.739602
v 15.000786 1.829722 -5.704200
v 15.058371 1.841918 -5.670380
v 15.111540 1.855420 -5.639151
v 15.158573 1.870602 -5.611527
v 15.197746 1.887837 -5.588520
v 14.518359 1.697500 -5.878862
v 14.525719 1.717162 -5.875503
v 14.546587 1.734398 -5.865978
v 14.579148 1.749580 -5.851118
v 14.621585 1.763082 -5.831749
v 14.672082 1.775278 -5.808702
v 14.728822 1.786540 -5.782806
v 14.789989 1.797242 -5.754889
v 14.853768 1.807758 -5.725780
v 14.918341 1.818460 -5.696309
v 14.981893 1.829722 -5.667304
v 15.042606 1.841918 -5.639594
v 15.098665 1.855420 -5.614008
v 15.148253 1.870602 -5.591376
v 15.189555 1.887837 -5.572526
v 14.484180 1.697500 -5.790327
v 14.491844 1.717162 -5.787752
v 14.513572 1.734398 -5.780454
v 14.547473 1.749580 -5.769065
v 14.591657 1.763082 -5.754223
v 14.644233 1.775278 -5.736562
v 14.703309 1.786540 -5.716718
v 14.766995 1.797242 -5.695324
v 14.833400 1.807758 -5.673018
v 14.900632 1.818460 -5.650434
v 14.966800 1.829722 -5.628207
v 15.030013 1.841918 -5.606972
v 15.088380 1.855420 -5.587366
v 15.140011 1.870602 -5.570023
v 15.183013 1.887838 -5.555577
v 14.459126 1.697500 -5.697326
v 14.467011 1.717162 -5.695576
v 14.489369 1.734398 -5.690616
v 14.524254 1.749580 -5.682876
v 14.569718 1.763082 -5.672788
v 14.623818 1.775278 -5.660784
v 14.684608 1.786540 -5.647296
v 14.750139 1.797242 -5.632756
v 14.818469 1.807758 -5.617595
v 14.887650 1.818460 -5.602245
v 14.955736 1.829722 -5.587138
v 15.020782 1.841918 -5.572706
v 15.080841 1.855420 -5.559380
v 15.133967 1.870602 -5.547592
v 15.178217 1.887838 -5.537774
v 14.443715 1.697500 -5.600378
v 14.451736 1.717162 -5.599488
v 14.474482 1.734398 -5.596964
v 14.509971 1.749580 -5.593027
v 14.556223 1.763082 -5.587895
v 14.611260 1.775278 -5.581789
v 14.673103 1.786540 -5.574928
v 14.739771 1.797242 -5.567532
v 14.809284 1.807758 -5.559819
v 14.879663 1.818460 -5.552011
v 14.948930 1.829722 -5.544326
v 15.015103 1.841918 -5.536985
v 15.076203 1.855420 -5.530206
v 15.130251 1.870602 -5.524209
v 15.175266 1.887838 -5.519215
v 16.253210 1.697500 -5.600378
v 16.245188 1.717162 -5.599488
v 16.222443 1.734398 -5.596964
v 16.186954 1.749580 -5.593027
v 16.140701 1.763082 -5.587895
v 16.085665 1.775278 -5.581789
v 16.023821 1.786540 -5.574928
v 15.957154 1.797242 -5.567532
v 15.887640 1.807758 -5.559819
v 15.817261 1.818460 -5.552011
v 15.747994 1.829722 -5.544326
v 15.681822 1.841918 -5.536985
v 15.620722 1.855420 -5.530206
v 15.566674 1.870602 -5.524209
v 15.521658 1.887838 -5.519215
v 16.237799 1.697500 -5.697326
v 16.229914 1.717162 -5.695576
v 16.207556 1.734398 -5.690616
v 16.172670 1.749580 -5.682876
v 16.127207 1.763082 -5.672788
v 16.073107 1.775278 -5.660784
v 16.012318 1.786540 -5.647296
v 15.946785 1.797242 -5.632756
v 15.878456 1.807758 -5.617595
v 15.809275 1.818460 -5.602245
v 15.741189 1.829722 -5.587138
v 15.676144 1.841918 -5.572706
v 15.616084 1.855420 -5.559380
v 15.562957 1.870602 -5.547592
v 15.518708 1.887838 -5.537774
v 16.212744 1.697500 -5.790327
v 16.205082 1.717162 -5.787752
v 16.183353 1.734398 -5.780454
v 16.149452 1.749580 -5.769065
v 16.105268 1.763082 -5.754223
v 16.052692 1.775278 -5.736562
v 15.993615 1.786540 -5.716718
v 15.929930 1.797242 -5.695324
v 15.863525 1.807758 -5.673018
v 15.796293 1.818460 -5.650434
v 15.730125 1.829722 -5.628207
v 15.666912 1.841918 -5.606973
v 15.608544 1.855420 -5.587366
v 15.556914 1.870602 -5.570023
v 15.513912 1.887838 -5.555577
v 16.178566 1.697500 -5.878862
v 16.171206 1.717162 -5.875503
v 16.150337 1.734398 -5.865979
v 16.117777 1.749580 -5.851118
v 16.075340 1.763082 -5.831749
v 16.024843 1.775278 -5.808702
v 15.968102 1.786540 -5.782806
v 15.906935 1.797242 -5.754889
v 15.843157 1.807758 -5.725780
v 15.778584 1.818460 -5.696309
v 15.715033 1.829722 -5.667304
v 15.654319 1.841918 -5.639594
v 15.598260 1.855420 -5.614008
v 15.548671 1.870602 -5.591376
v 15.507369 1.887838 -5.572526
v 16.135780 1.697500 -5.962415
v 16.128799 1.717162 -5.958315
v 16.109007 1.734398 -5.946690
v 16.078125 1.749580 -5.928552
v 16.037876 1.763082 -5.904912
v 15.989981 1.775278 -5.876782
v 15.936166 1.786540 -5.845175
v 15.878151 1.797242 -5.811101
v 15.817659 1.807758 -5.775573
v 15.756414 1.818460 -5.739602
v 15.696138 1.829722 -5.704200
v 15.638555 1.841918 -5.670380
v 15.585384 1.855420 -5.639151
v 15.538352 1.870602 -5.611527
v 15.499179 1.887838 -5.588520
v 16.084908 1.697500 -6.040467
v 16.078379 1.717162 -6.035676
v 16.059864 1.734398 -6.022088
v 16.030977 1.749580 -6.000888
v 15.993328 1.763082 -5.973258
v 15.948528 1.775278 -5.940381
v 15.898190 1.786540 -5.903438
v 15.843924 1.797242 -5.863613
v 15.787341 1.807758 -5.822088
v 15.730054 1.818460 -5.780045
v 15.673673 1.829722 -5.738668
v 15.619810 1.841918 -5.699138
v 15.570076 1.855420 -5.662639
v 15.526082 1.870602 -5.630352
v 15.489440 1.887838 -5.603462
v 16.026463 1.697500 -6.112501
v 16.020451 1.717162 -6.107071
v 16.003407 1.734398 -6.091673
v 15.976811 1.749580 -6.067647
v 15.942151 1.763082 -6.036335
v 15.900907 1.775278 -5.999075
v 15.854563 1.786540 -5.957209
v 15.804604 1.797242 -5.912076
v 15.752512 1.807758 -5.865016
v 15.699771 1.818460 -5.817370
v 15.647864 1.829722 -5.770478
v 15.598275 1.841918 -5.725680
v 15.552488 1.855420 -5.684316
v 15.511986 1.870602 -5.647726
v 15.478252 1.887838 -5.617251
v 15.960964 1.697500 -6.178000
v 15.955533 1.717162 -6.171988
v 15.940135 1.734398 -6.154944
v 15.916110 1.749580 -6.128349
v 15.884797 1.763082 -6.093688
v 15.847538 1.775278 -6.052444
v 15.805671 1.786540 -6.006101
v 15.760538 1.797242 -5.956141
v 15.713478 1.807758 -5.904049
v 15.665833 1.818460 -5.851308
v 15.618940 1.829722 -5.799402
v 15.574142 1.841918 -5.749813
v 15.532778 1.855420 -5.704026
v 15.496189 1.870602 -5.663524
v 15.465714 1.887838 -5.629790
v 15.888929 1.697500 -6.236445
v 15.884138 1.717162 -6.229916
v 15.870550 1.734398 -6.211401
v 15.849351 1.749580 -6.182514
v 15.821721 1.763082 -6.144866
v 15.788843 1.775278 -6.100066
v 15.751901 1.786540 -6.049727
v 15.712075 1.797242 -5.995461
v 15.670550 1.807758 -5.938879
v 15.628508 1.818460 -5.881592
v 15.587131 1.829722 -5.825211
v 15.547601 1.841918 -5.771348
v 15.511102 1.855420 -5.721613
v 15.478815 1.870602 -5.677619
v 15.451924 1.887838 -5.640978
v 15.810877 1.697500 -6.287318
v 15.806777 1.717162 -6.280338
v 15.795153 1.734398 -6.260545
v 15.777014 1.749580 -6.229662
v 15.753374 1.763082 -6.189413
v 15.725245 1.775278 -6.141519
v 15.693637 1.786540 -6.087703
v 15.659563 1.797242 -6.029688
v 15.624035 1.807758 -5.969197
v 15.588064 1.818460 -5.907952
v 15.552663 1.829722 -5.847676
v 15.518842 1.841918 -5.790092
v 15.487614 1.855420 -5.736922
v 15.459990 1.870602 -5.689889
v 15.436982 1.887837 -5.650716
v 15.727324 1.697500 -6.330103
v 15.723966 1.717162 -6.322743
v 15.714441 1.734398 -6.301875
v 15.699580 1.749580 -6.269314
v 15.680212 1.763082 -6.226877
v 15.657165 1.775278 -6.176381
v 15.631269 1.786540 -6.119640
v 15.603352 1.797242 -6.058473
v 15.574243 1.807758 -5.994694
v 15.544771 1.818460 -5.930121
v 15.515766 1.829722 -5.866570
v 15.488056 1.841918 -5.805856
v 15.462471 1.855420 -5.749797
v 15.439838 1.870602 -5.700209
v 15.420988 1.887837 -5.658907
v 15.638789 1.697500 -6.364282
v 15.636214 1.717162 -6.356619
v 15.628916 1.734398 -6.334891
v 15.617528 1.749580 -6.300990
v 15.602686 1.763082 -6.256805
v 15.585025 1.775278 -6.204229
v 15.565180 1.786540 -6.145153
v 15.543787 1.797242 -6.081467
v 15.521481 1.807758 -6.015062
v 15.498897 1.818460 -5.947831
v 15.476669 1.829722 -5.881663
v 15.455435 1.841918 -5.818449
v 15.435828 1.855420 -5.760082
v 15.418485 1.870602 -5.708452
v 15.404039 1.887838 -5.665450
v 15.545788 1.697500 -6.389336
v 15.544039 1.717162 -6.381451
v 15.539078 1.734398 -6.359093
v 15.531338 1.749580 -6.324209
v 15.521250 1.763082 -6.278744
v 15.509246 1.775278 -6.224644
v 15.495758 1.786540 -6.163855
v 15.481218 1.797242 -6.098323
v 15.466057 1.807758 -6.029993
v 15.450707 1.818460 -5.960813
v 15.435600 1.829722 -5.892726
v 15.421168 1.841918 -5.827681
v 15.407843 1.855420 -5.767622
v 15.396054 1.870602 -5.714495
v 15.386236 1.887838 -5.670246
v 15.448840 1.697500 -6.404747
v 15.447950 1.717162 -6.396726
v 15.445427 1.734398 -6.373981
v 15.441489 1.749580 -6.338492
v 15.436357 1.763082 -6.292239
v 15.430252 1.775278 -6.237202
v 15.423390 1.786540 -6.175359
v 15.415994 1.797242 -6.108691
v 15.408281 1.807758 -6.039178
v 15.400474 1.818460 -5.968799
v 15.392789 1.829722 -5.899532
v 15.385448 1.841918 -5.833360
v 15.378669 1.855420 -5.772259
v 15.372672 1.870602 -5.718212
v 15.367678 1.887838 -5.673196
v 15.464176 0.112015 -6.542981
v 15.348462 0.112015 -6.549036
v 15.463740 0.101624 -6.539052
v 15.348462 0.101624 -6.545084
v 15.462800 0.091420 -6.530577
v 15.348462 0.091420 -6.536560
v 15.461181 0.081496 -6.515977
v 15.348462 0.081496 -6.521875
v 15.458706 0.071944 -6.493676
v 15.348462 0.071944 -6.499444
v 15.455202 0.062860 -6.462095
v 15.348462 0.062860 -6.467680
v 15.450494 0.054335 -6.419657
v 15.348462 0.054335 -6.424995
v 15.444407 0.046464 -6.364784
v 15.348462 0.046464 -6.369804
v 15.436764 0.039340 -6.295899
v 15.348462 0.039340 -6.300520
v 15.427392 0.033056 -6.211425
v 15.348462 0.033056 -6.215556
v 15.416115 0.027704 -6.109784
v 15.348462 0.027704 -6.113324
v 15.402759 0.023380 -5.989399
v 15.348462 0.023380 -5.992240
v 15.387148 0.020176 -5.848691
v 15.348462 0.020176 -5.850716
v 15.369107 0.018184 -5.686084
v 15.348462 0.018184 -5.687164
v 15.348462 0.017500 -5.500000
v 15.575937 0.112015 -6.525214
v 15.575080 0.101624 -6.521352
v 15.573232 0.091420 -6.513021
v 15.570047 0.081496 -6.498671
v 15.565184 0.071944 -6.476749
v 15.558295 0.062860 -6.445706
v 15.549040 0.054335 -6.403991
v 15.537072 0.046464 -6.350053
v 15.522048 0.039340 -6.282341
v 15.503625 0.033056 -6.199306
v 15.481457 0.027704 -6.099397
v 15.455200 0.023380 -5.981062
v 15.424512 0.020176 -5.842752
v 15.389048 0.018184 -5.682914
v 15.683146 0.112015 -6.496332
v 15.681886 0.101624 -6.492579
v 15.679167 0.091420 -6.484483
v 15.674481 0.081496 -6.470536
v 15.667325 0.071944 -6.449232
v 15.657191 0.062860 -6.419064
v 15.643573 0.054335 -6.378524
v 15.625965 0.046464 -6.326106
v 15.603860 0.039340 -6.260302
v 15.576754 0.033056 -6.179606
v 15.544137 0.027704 -6.082511
v 15.505507 0.023380 -5.967510
v 15.460355 0.020176 -5.833096
v 15.408175 0.018184 -5.677761
v 15.785210 0.112015 -6.456932
v 15.783565 0.101624 -6.453328
v 15.780015 0.091420 -6.445551
v 15.773902 0.081496 -6.432157
v 15.764563 0.071944 -6.411695
v 15.751338 0.062860 -6.382719
v 15.733567 0.054335 -6.343782
v 15.710589 0.046464 -6.293437
v 15.681745 0.039340 -6.230236
v 15.646371 0.033056 -6.152731
v 15.603808 0.027704 -6.059475
v 15.553397 0.023380 -5.949022
v 15.494476 0.020176 -5.819923
v 15.426385 0.018184 -5.670732
v 15.881528 0.112015 -6.407610
v 15.879520 0.101624 -6.404191
v 15.875189 0.091420 -6.396816
v 15.867726 0.081496 -6.384111
v 15.856328 0.071944 -6.364705
v 15.840187 0.062860 -6.337223
v 15.818497 0.054335 -6.300292
v 15.790452 0.046464 -6.252542
v 15.755245 0.039340 -6.192598
v 15.712070 0.033056 -6.119088
v 15.660122 0.027704 -6.030639
v 15.598593 0.023380 -5.925879
v 15.526678 0.020176 -5.803434
v 15.443569 0.018184 -5.661932
v 15.971505 0.112015 -6.348964
v 15.969159 0.101624 -6.345766
v 15.964096 0.091420 -6.338867
v 15.955375 0.081496 -6.326983
v 15.942053 0.071944 -6.308830
v 15.923187 0.062860 -6.283124
v 15.897836 0.054335 -6.248580
v 15.865057 0.046464 -6.203915
v 15.823907 0.039340 -6.147845
v 15.773445 0.033056 -6.079085
v 15.712729 0.027704 -5.996351
v 15.640814 0.023380 -5.898360
v 15.556760 0.020176 -5.783827
v 15.459623 0.018184 -5.651468
v 16.054546 0.112015 -6.281589
v 16.051886 0.101624 -6.278645
v 16.046148 0.091420 -6.272294
v 16.036264 0.081496 -6.261353
v 16.021168 0.071944 -6.244641
v 15.999787 0.062860 -6.220974
v 15.971057 0.054335 -6.189172
v 15.933909 0.046464 -6.148052
v 15.887275 0.039340 -6.096431
v 15.830088 0.033056 -6.033128
v 15.761278 0.027704 -5.956960
v 15.679778 0.023380 -5.866746
v 15.584521 0.020176 -5.761302
v 15.474439 0.018184 -5.639448
v 16.130770 0.122500 -6.206732
v 16.130051 0.112015 -6.206083
v 16.127108 0.101624 -6.203424
v 16.120756 0.091420 -6.197686
v 16.109816 0.081496 -6.187802
v 16.093103 0.071944 -6.172705
v 16.069437 0.062860 -6.151325
v 16.037634 0.054335 -6.122594
v 15.996514 0.046464 -6.085447
v 15.944894 0.039340 -6.038813
v 15.881591 0.033056 -5.981625
v 15.805423 0.027704 -5.912816
v 15.715208 0.023380 -5.831316
v 15.609765 0.020176 -5.736059
v 15.487910 0.018184 -5.625977
v 16.197426 0.112015 -6.123043
v 16.194229 0.101624 -6.120697
v 16.187330 0.091420 -6.115634
v 16.175446 0.081496 -6.106912
v 16.157293 0.071944 -6.093590
v 16.131586 0.062860 -6.074725
v 16.097042 0.054335 -6.049373
v 16.052378 0.046464 -6.016594
v 15.996307 0.039340 -5.975445
v 15.927547 0.033056 -5.924983
v 15.844813 0.027704 -5.864265
v 15.746822 0.023380 -5.792351
v 15.632290 0.020176 -5.708297
v 15.499930 0.018184 -5.611161
v 16.256073 0.112015 -6.033065
v 16.252653 0.101624 -6.031058
v 16.245279 0.091420 -6.026726
v 16.232574 0.081496 -6.019264
v 16.213167 0.071944 -6.007866
v 16.185684 0.062860 -5.991725
v 16.148754 0.054335 -5.970035
v 16.101004 0.046464 -5.941989
v 16.041061 0.039340 -5.906783
v 15.967550 0.033056 -5.863608
v 15.879102 0.027704 -5.811660
v 15.774342 0.023380 -5.750131
v 15.651896 0.020176 -5.678216
v 15.510394 0.018184 -5.595107
v 16.306274 0.122500 -5.937149
v 16.305393 0.112015 -5.936747
v 16.301790 0.101624 -5.935102
v 16.294014 0.091420 -5.931553
v 16.280619 0.081496 -5.925439
v 16.260157 0.071944 -5.916101
v 16.231182 0.062860 -5.902876
v 16.192245 0.054335 -5.885105
v 16.141899 0.046464 -5.862127
v 16.078697 0.039340 -5.833282
v 16.001194 0.033056 -5.797909
v 15.907938 0.027704 -5.755346
v 15.797484 0.023380 -5.704935
v 15.668386 0.020176 -5.646014
v 15.519194 0.018184 -5.577922
v 16.344795 0.112016 -5.834684
v 16.341042 0.101624 -5.833424
v 16.332945 0.091420 -5.830704
v 16.318998 0.081496 -5.826019
v 16.297695 0.071944 -5.818863
v 16.267527 0.062860 -5.808729
v 16.226986 0.054335 -5.795111
v 16.174568 0.046464 -5.777503
v 16.108765 0.039340 -5.755398
v 16.028069 0.033056 -5.728291
v 15.930973 0.027704 -5.695675
v 15.815972 0.023380 -5.657044
v 15.681558 0.020176 -5.611892
v 15.526224 0.018184 -5.559713
v 16.374619 0.122500 -5.727684
v 16.373676 0.112015 -5.727474
v 16.369816 0.101624 -5.726618
v 16.361485 0.091420 -5.724769
v 16.347134 0.081496 -5.721585
v 16.325211 0.071944 -5.716721
v 16.294168 0.062860 -5.709833
v 16.252453 0.054335 -5.700577
v 16.198515 0.046464 -5.688610
v 16.130804 0.039340 -5.673586
v 16.047770 0.033056 -5.655162
v 15.947860 0.027704 -5.632994
v 15.829525 0.023380 -5.606738
v 15.691214 0.020176 -5.576050
v 15.531377 0.018184 -5.540585
v 16.391443 0.112015 -5.615714
v 16.387514 0.101624 -5.615278
v 16.379040 0.091420 -5.614338
v 16.364439 0.081496 -5.612718
v 16.342138 0.071944 -5.610244
v 16.310556 0.062860 -5.606740
v 16.268120 0.054335 -5.602032
v 16.213247 0.046464 -5.595944
v 16.144361 0.039340 -5.588302
v 16.059887 0.033056 -5.578929
v 15.958247 0.027704 -5.567653
v 15.837861 0.023380 -5.554296
v 15.697154 0.020176 -5.538686
v 15.534547 0.018184 -5.520645
v 16.397497 0.112015 -5.500000
v 16.393547 0.101624 -5.500000
v 16.385023 0.091420 -5.500000
v 16.370338 0.081496 -5.500000
v 16.347906 0.071944 -5.500000
v 16.316143 0.062860 -5.500000
v 16.273458 0.054335 -5.500000
v 16.218267 0.046464 -5.500000
v 16.148983 0.039340 -5.500000
v 16.064018 0.033056 -5.500000
v 15.961787 0.027704 -5.500000
v 15.840702 0.023380 -5.500000
v 15.699178 0.020176 -5.500000
v 15.535626 0.018184 -5.500000
v 14.305482 0.112015 -5.615714
v 14.299427 0.112015 -5.500000
v 14.309410 0.101624 -5.615278
v 14.303378 0.101624 -5.500000
v 14.317885 0.091420 -5.614338
v 14.311903 0.091420 -5.500000
v 14.332485 0.081496 -5.612718
v 14.326587 0.081496 -5.500000
v 14.354787 0.071944 -5.610244
v 14.349018 0.071944 -5.500000
v 14.386368 0.062860 -5.606740
v 14.380782 0.062860 -5.500000
v 14.428805 0.054335 -5.602032
v 14.423467 0.054335 -5.500000
v 14.483679 0.046464 -5.595944
v 14.478658 0.046464 -5.500000
v 14.552563 0.039340 -5.588302
v 14.547942 0.039340 -5.500000
v 14.637037 0.033056 -5.578929
v 14.632907 0.033056 -5.500000
v 14.738678 0.027704 -5.567653
v 14.735138 0.027704 -5.500000
v 14.859063 0.023380 -5.554296
v 14.856222 0.023380 -5.500000
v 14.999771 0.020176 -5.538686
v 14.997746 0.020176 -5.500000
v 15.162378 0.018184 -5.520645
v 15.161298 0.018184 -5.500000
v 14.323249 0.112015 -5.727474
v 14.327110 0.101624 -5.726618
v 14.335441 0.091420 -5.724769
v 14.349792 0.081496 -5.721585
v 14.371714 0.071944 -5.716721
v 14.402757 0.062860 -5.709833
v 14.444471 0.054335 -5.700577
v 14.498409 0.046464 -5.688610
v 14.566121 0.039340 -5.673586
v 14.649156 0.033056 -5.655162
v 14.749065 0.027704 -5.632994
v 14.867400 0.023380 -5.606738
v 15.005711 0.020176 -5.576050
v 15.165548 0.018184 -5.540585
v 14.352131 0.112015 -5.834684
v 14.355883 0.101624 -5.833424
v 14.363979 0.091420 -5.830704
v 14.377926 0.081496 -5.826019
v 14.399230 0.071944 -5.818863
v 14.429399 0.062860 -5.808729
v 14.469938 0.054335 -5.795111
v 14.522357 0.046464 -5.777503
v 14.588161 0.039340 -5.755398
v 14.668857 0.033056 -5.728291
v 14.765951 0.027704 -5.695675
v 14.880953 0.023380 -5.657044
v 15.015367 0.020176 -5.611892
v 15.170701 0.018184 -5.559713
v 14.390651 0.122500 -5.937149
v 14.391531 0.112015 -5.936747
v 14.395135 0.101624 -5.935102
v 14.402911 0.091420 -5.931553
v 14.416306 0.081496 -5.925439
v 14.436768 0.071944 -5.916101
v 14.465743 0.062860 -5.902876
v 14.504681 0.054335 -5.885105
v 14.555025 0.046464 -5.862127
v 14.618227 0.039340 -5.833282
v 14.695732 0.033056 -5.797909
v 14.788987 0.027704 -5.755346
v 14.899441 0.023380 -5.704935
v 15.028540 0.020176 -5.646014
v 15.177731 0.018184 -5.577922
v 14.440018 0.122500 -6.033556
v 14.440852 0.112015 -6.033065
v 14.444271 0.101624 -6.031058
v 14.451646 0.091420 -6.026726
v 14.464351 0.081496 -6.019264
v 14.483758 0.071944 -6.007866
v 14.511240 0.062860 -5.991725
v 14.548170 0.054335 -5.970035
v 14.595921 0.046464 -5.941989
v 14.655865 0.039340 -5.906783
v 14.729374 0.033056 -5.863608
v 14.817823 0.027704 -5.811660
v 14.922584 0.023380 -5.750131
v 15.045029 0.020176 -5.678216
v 15.186530 0.018184 -5.595107
v 14.499498 0.112015 -6.123043
v 14.502696 0.101624 -6.120697
v 14.509595 0.091420 -6.115634
v 14.521479 0.081496 -6.106912
v 14.539632 0.071944 -6.093590
v 14.565338 0.062860 -6.074725
v 14.599882 0.054335 -6.049373
v 14.644547 0.046464 -6.016594
v 14.700618 0.039340 -5.975445
v 14.769378 0.033056 -5.924983
v 14.852111 0.027704 -5.864265
v 14.950103 0.023380 -5.792351
v 15.064635 0.020176 -5.708297
v 15.196994 0.018184 -5.611161
v 14.566154 0.122500 -6.206732
v 14.566874 0.112015 -6.206083
v 14.569818 0.101624 -6.203424
v 14.576168 0.091420 -6.197686
v 14.587110 0.081496 -6.187802
v 14.603822 0.071944 -6.172705
v 14.627488 0.062860 -6.151325
v 14.659290 0.054335 -6.122594
v 14.700411 0.046464 -6.085447
v 14.752031 0.039340 -6.038813
v 14.815334 0.033056 -5.981625
v 14.891502 0.027704 -5.912816
v 14.981716 0.023380 -5.831316
v 15.087160 0.020176 -5.736059
v 15.209015 0.018184 -5.625977
v 14.642379 0.112015 -6.281589
v 14.645039 0.101624 -6.278645
v 14.650776 0.091420 -6.272294
v 14.660660 0.081496 -6.261353
v 14.675758 0.071944 -6.244641
v 14.697138 0.062860 -6.220974
v 14.725868 0.054335 -6.189172
v 14.763016 0.046464 -6.148052
v 14.809649 0.039340 -6.096431
v 14.866838 0.033056 -6.033128
v 14.935647 0.027704 -5.956960
v 15.017146 0.023380 -5.866746
v 15.112403 0.020176 -5.761302
v 15.222486 0.018184 -5.639448
v 14.725419 0.112015 -6.348964
v 14.727766 0.101624 -6.345766
v 14.732829 0.091420 -6.338867
v 14.741550 0.081496 -6.326983
v 14.754872 0.071944 -6.308830
v 14.773738 0.062860 -6.283124
v 14.799089 0.054335 -6.248580
v 14.831868 0.046464 -6.203915
v 14.873017 0.039340 -6.147845
v 14.923480 0.033056 -6.079085
v 14.984197 0.027704 -5.996351
v 15.056111 0.023380 -5.898360
v 15.140165 0.020176 -5.783827
v 15.237302 0.018184 -5.651468
v 14.815397 0.112015 -6.407610
v 14.817405 0.101624 -6.404191
v 14.821736 0.091420 -6.396816
v 14.829198 0.081496 -6.384112
v 14.840596 0.071944 -6.364705
v 14.856737 0.062860 -6.337223
v 14.878428 0.054335 -6.300292
v 14.906473 0.046464 -6.252542
v 14.941680 0.039340 -6.192598
v 14.984854 0.033056 -6.119088
v 15.036802 0.027704 -6.030639
v 15.098331 0.023380 -5.925879
v 15.170247 0.020176 -5.803434
v 15.253355 0.018184 -5.661932
v 14.911314 0.122500 -6.457811
v 14.911716 0.112015 -6.456932
v 14.913361 0.101624 -6.453328
v 14.916909 0.091420 -6.445551
v 14.923023 0.081496 -6.432157
v 14.932362 0.071944 -6.411695
v 14.945586 0.062860 -6.382719
v 14.963357 0.054335 -6.343782
v 14.986335 0.046464 -6.293437
v 15.015181 0.039340 -6.230236
v 15.050554 0.033056 -6.152731
v 15.093116 0.027704 -6.059475
v 15.143527 0.023380 -5.949022
v 15.202448 0.020176 -5.819923
v 15.270540 0.018184 -5.670732
v 15.013471 0.122500 -6.497248
v 15.013778 0.112016 -6.496332
v 15.015038 0.101624 -6.492579
v 15.017758 0.091420 -6.484483
v 15.022443 0.081496 -6.470536
v 15.029599 0.071944 -6.449232
v 15.039734 0.062860 -6.419064
v 15.053351 0.054335 -6.378524
v 15.070960 0.046464 -6.326105
v 15.093064 0.039340 -6.260302
v 15.120172 0.033056 -6.179606
v 15.152787 0.027704 -6.082511
v 15.191418 0.023380 -5.967510
v 15.236570 0.020176 -5.833096
v 15.288750 0.018184 -5.677761
v 15.120988 0.112015 -6.525214
v 15.121844 0.101624 -6.521353
v 15.123693 0.091420 -6.513021
v 15.126878 0.081496 -6.498671
v 15.131742 0.071944 -6.476749
v 15.138629 0.062860 -6.445706
v 15.147885 0.054335 -6.403991
v 15.159853 0.046464 -6.350053
v 15.174876 0.039340 -6.282341
v 15.193300 0.033056 -6.199306
v 15.215468 0.027704 -6.099397
v 15.241724 0.023380 -5.981062
v 15.272412 0.020176 -5.842752
v 15.307878 0.018184 -5.682914
v 15.232748 0.112015 -6.542981
v 15.233184 0.101624 -6.539052
v 15.234124 0.091420 -6.530577
v 15.235744 0.081496 -6.515977
v 15.238218 0.071944 -6.493676
v 15.241722 0.062860 -6.462095
v 15.246430 0.054335 -6.419657
v 15.252519 0.046464 -6.364784
v 15.260160 0.039340 -6.295899
v 15.269533 0.033056 -6.211425
v 15.280809 0.027704 -6.109784
v 15.294166 0.023380 -5.989399
v 15.309776 0.020176 -5.848691
v 15.327817 0.018184 -5.686084
v 15.232748 0.112015 -4.457019
v 15.348462 0.112015 -4.450964
v 15.233184 0.101624 -4.460948
v 15.348462 0.101624 -4.454916
v 15.234124 0.091420 -4.469423
v 15.348462 0.091420 -4.463440
v 15.235744 0.081496 -4.484023
v 15.348462 0.081496 -4.478125
v 15.238218 0.071944 -4.506324
v 15.348462 0.071944 -4.500556
v 15.241722 0.062860 -4.537905
v 15.348462 0.062860 -4.532320
v 15.246430 0.054335 -4.580343
v 15.348462 0.054335 -4.575005
v 15.252519 0.046464 -4.635216
v 15.348462 0.046464 -4.630196
v 15.260160 0.039340 -4.704101
v 15.348462 0.039340 -4.699480
v 15.269533 0.033056 -4.788575
v 15.348462 0.033056 -4.784444
v 15.280809 0.027704 -4.890216
v 15.348462 0.027704 -4.886676
v 15.294166 0.023380 -5.010601
v 15.348462 0.023380 -5.007760
v 15.309776 0.020176 -5.151309
v 15.348462 0.020176 -5.149284
v 15.327817 0.018184 -5.313916
v 15.348462 0.018184 -5.312836
v 15.120988 0.112015 -4.474786
v 15.121844 0.101624 -4.478648
v 15.123693 0.091420 -4.486979
v 15.126878 0.081496 -4.501329
v 15.131742 0.071944 -4.523251
v 15.138629 0.062860 -4.554294
v 15.147885 0.054335 -4.596009
v 15.159853 0.046464 -4.649947
v 15.174876 0.039340 -4.717659
v 15.193300 0.033056 -4.800694
v 15.215468 0.027704 -4.900603
v 15.241724 0.023380 -5.018938
v 15.272412 0.020176 -5.157248
v 15.307878 0.018184 -5.317086
v 15.013471 0.122500 -4.502752
v 15.013778 0.112015 -4.503668
v 15.015038 0.101624 -4.507421
v 15.017758 0.091420 -4.515517
v 15.022443 0.081496 -4.529464
v 15.029600 0.071944 -4.550768
v 15.039734 0.062860 -4.580936
v 15.053351 0.054335 -4.621476
v 15.070960 0.046464 -4.673894
v 15.093064 0.039340 -4.739698
v 15.120172 0.033056 -4.820394
v 15.152787 0.027704 -4.917489
v 15.191418 0.023380 -5.032490
v 15.236570 0.020176 -5.166904
v 15.288750 0.018184 -5.322239
v 14.911716 0.112015 -4.543068
v 14.913361 0.101624 -4.546672
v 14.916909 0.091420 -4.554449
v 14.923023 0.081496 -4.567843
v 14.932362 0.071944 -4.588305
v 14.945586 0.062860 -4.617281
v 14.963357 0.054335 -4.656218
v 14.986335 0.046464 -4.706563
v 15.015181 0.039340 -4.769764
v 15.050554 0.033056 -4.847269
v 15.093116 0.027704 -4.940525
v 15.143527 0.023380 -5.050978
v 15.202448 0.020176 -5.180077
v 15.270540 0.018184 -5.329268
v 14.815397 0.112015 -4.592390
v 14.817405 0.101624 -4.595809
v 14.821736 0.091420 -4.603184
v 14.829198 0.081496 -4.615889
v 14.840596 0.071944 -4.635295
v 14.856737 0.062860 -4.662777
v 14.878428 0.054335 -4.699708
v 14.906473 0.046464 -4.747458
v 14.941680 0.039340 -4.807402
v 14.984854 0.033056 -4.880912
v 15.036802 0.027704 -4.969361
v 15.098331 0.023380 -5.074121
v 15.170247 0.020176 -5.196566
v 15.253355 0.018184 -5.338068
v 14.725419 0.112015 -4.651036
v 14.727766 0.101624 -4.654234
v 14.732829 0.091420 -4.661133
v 14.741550 0.081496 -4.673017
v 14.754872 0.071944 -4.691170
v 14.773738 0.062860 -4.716876
v 14.799089 0.054335 -4.751420
v 14.831868 0.046464 -4.796085
v 14.873017 0.039340 -4.852155
v 14.923480 0.033056 -4.920915
v 14.984197 0.027704 -5.003649
v 15.056111 0.023380 -5.101640
v 15.140165 0.020176 -5.216173
v 15.237302 0.018184 -5.348532
v 14.641730 0.122500 -4.717692
v 14.642379 0.112015 -4.718411
v 14.645039 0.101624 -4.721355
v 14.650776 0.091420 -4.727706
v 14.660660 0.081496 -4.738647
v 14.675758 0.071944 -4.755359
v 14.697138 0.062860 -4.779026
v 14.725868 0.054335 -4.810828
v 14.763016 0.046464 -4.851948
v 14.809649 0.039340 -4.903569
v 14.866838 0.033056 -4.966872
v 14.935647 0.027704 -5.043040
v 15.017146 0.023380 -5.133254
v 15.112403 0.020176 -5.238698
v 15.222486 0.018184 -5.360552
v 14.566874 0.112015 -4.793917
v 14.569818 0.101624 -4.796576
v 14.576168 0.091420 -4.802314
v 14.587110 0.081496 -4.812198
v 14.603822 0.071944 -4.827295
v 14.627488 0.062860 -4.848675
v 14.659290 0.054335 -4.877406
v 14.700411 0.046464 -4.914553
v 14.752031 0.039340 -4.961187
v 14.815334 0.033056 -5.018375
v 14.891502 0.027704 -5.087184
v 14.981716 0.023380 -5.168684
v 15.087160 0.020176 -5.263941
v 15.209015 0.018184 -5.374023
v 14.499498 0.112015 -4.876957
v 14.502696 0.101624 -4.879303
v 14.509595 0.091420 -4.884366
v 14.521479 0.081496 -4.893088
v 14.539632 0.071944 -4.906410
v 14.565338 0.062860 -4.925275
v 14.599882 0.054335 -4.950627
v 14.644547 0.046464 -4.983406
v 14.700618 0.039340 -5.024555
v 14.769378 0.033056 -5.075017
v 14.852111 0.027704 -5.135735
v 14.950103 0.023380 -5.207649
v 15.064635 0.020176 -5.291703
v 15.196994 0.018184 -5.388839
v 14.440018 0.122500 -4.966444
v 14.440852 0.112015 -4.966935
v 14.444271 0.101624 -4.968942
v 14.451646 0.091420 -4.973274
v 14.464351 0.081496 -4.980736
v 14.483758 0.071944 -4.992134
v 14.511240 0.062860 -5.008275
v 14.548170 0.054335 -5.029965
v 14.595921 0.046464 -5.058011
v 14.655865 0.039340 -5.093217
v 14.729374 0.033056 -5.136392
v 14.817823 0.027704 -5.188340
v 14.922584 0.023380 -5.249869
v 15.045029 0.020176 -5.321784
v 15.186530 0.018184 -5.404893
v 14.390651 0.122500 -5.062851
v 14.391531 0.112015 -5.063253
v 14.395135 0.101624 -5.064898
v 14.402911 0.091420 -5.068447
v 14.416306 0.081496 -5.074561
v 14.436768 0.071944 -5.083899
v 14.465743 0.062860 -5.097124
v 14.504681 0.054335 -5.114895
v 14.555025 0.046464 -5.137873
v 14.618227 0.039340 -5.166718
v 14.695732 0.033056 -5.202091
v 14.788987 0.027704 -5.244654
v 14.899441 0.023380 -5.295065
v 15.028540 0.020176 -5.353986
v 15.177731 0.018184 -5.422078
v 14.352131 0.112016 -5.165316
v 14.355883 0.101624 -5.166576
v 14.363979 0.091420 -5.169296
v 14.377926 0.081496 -5.173981
v 14.399230 0.071944 -5.181137
v 14.429399 0.062860 -5.191271
v 14.469938 0.054335 -5.204889
v 14.522357 0.046464 -5.222497
v 14.588161 0.039340 -5.244602
v 14.668857 0.033056 -5.271709
v 14.765951 0.027704 -5.304325
v 14.880953 0.023380 -5.342956
v 15.015367 0.020176 -5.388108
v 15.170701 0.018184 -5.440287
v 14.322306 0.122500 -5.272316
v 14.323249 0.112015 -5.272526
v 14.327110 0.101624 -5.273382
v 14.335441 0.091420 -5.275231
v 14.349792 0.081496 -5.278415
v 14.371714 0.071944 -5.283279
v 14.402757 0.062860 -5.290167
v 14.444471 0.054335 -5.299423
v 14.498409 0.046464 -5.311390
v 14.566121 0.039340 -5.326414
v 14.649156 0.033056 -5.344838
v 14.749065 0.027704 -5.367006
v 14.867400 0.023380 -5.393262
v 15.005711 0.020176 -5.423950
v 15.165548 0.018184 -5.459415
v 14.305482 0.112015 -5.384286
v 14.309410 0.101624 -5.384722
v 14.317885 0.091420 -5.385662
v 14.332485 0.081496 -5.387282
v 14.354787 0.071944 -5.389756
v 14.386368 0.062860 -5.393260
v 14.428805 0.054335 -5.397968
v 14.483679 0.046464 -5.404056
v 14.552563 0.039340 -5.411698
v 14.637037 0.033056 -5.421071
v 14.738678 0.027704 -5.432347
v 14.859063 0.023380 -5.445704
v 14.999771 0.020176 -5.461314
v 15.162378 0.018184 -5.479355
v 16.391443 0.112015 -5.384286
v 16.387514 0.101624 -5.384722
v 16.379040 0.091420 -5.385662
v 16.364439 0.081496 -5.387282
v 16.342138 0.071944 -5.389756
v 16.310556 0.062860 -5.393260
v 16.268120 0.054335 -5.397968
v 16.213247 0.046464 -5.404056
v 16.144361 0.039340 -5.411698
v 16.059887 0.033056 -5.421071
v 15.958247 0.027704 -5.432347
v 15.837861 0.023380 -5.445704
v 15.697154 0.020176 -5.461314
v 15.534547 0.018184 -5.479355
v 16.374619 0.122500 -5.272316
v 16.373676 0.112015 -5.272526
v 16.369816 0.101624 -5.273382
v 16.361485 0.091420 -5.275231
v 16.347134 0.081496 -5.278415
v 16.325211 0.071944 -5.283279
v 16.294168 0.062860 -5.290167
v 16.252453 0.054335 -5.299423
v 16.198515 0.046464 -5.311390
v 16.130804 0.039340 -5.326414
v 16.047770 0.033056 -5.344838
v 15.947860 0.027704 -5.367006
v 15.829525 0.023380 -5.393262
v 15.691214 0.020176 -5.423950
v 15.531377 0.018184 -5.459415
v 16.345711 0.122500 -5.165008
v 16.344795 0.112015 -5.165316
v 16.341042 0.101624 -5.166576
v 16.332945 0.091420 -5.169296
v 16.318998 0.081496 -5.173981
v 16.297695 0.071944 -5.181137
v 16.267527 0.062860 -5.191271
v 16.226986 0.054335 -5.204889
v 16.174568 0.046464 -5.222497
v 16.108765 0.039340 -5.244602
v 16.028069 0.033056 -5.271709
v 15.930973 0.027704 -5.304325
v 15.815972 0.023380 -5.342956
v 15.681558 0.020176 -5.388108
v 15.526224 0.018184 -5.440287
v 16.305393 0.112015 -5.063253
v 16.301790 0.101624 -5.064898
v 16.294014 0.091420 -5.068447
v 16.280619 0.081496 -5.074561
v 16.260157 0.071944 -5.083899
v 16.231182 0.062860 -5.097124
v 16.192245 0.054335 -5.114895
v 16.141899 0.046464 -5.137873
v 16.078697 0.039340 -5.166718
v 16.001194 0.033056 -5.202091
v 15.907938 0.027704 -5.244654
v 15.797484 0.023380 -5.295065
v 15.668386 0.020176 -5.353986
v 15.519194 0.018184 -5.422078
v 16.256907 0.122500 -4.966444
v 16.256073 0.112015 -4.966935
v 16.252653 0.101624 -4.968942
v 16.245279 0.091420 -4.973274
v 16.232574 0.081496 -4.980736
v 16.213167 0.071944 -4.992134
v 16.185684 0.062860 -5.008275
v 16.148754 0.054335 -5.029965
v 16.101004 0.046464 -5.058011
v 16.041061 0.039340 -5.093217
v 15.967550 0.033056 -5.136392
v 15.879102 0.027704 -5.188340
v 15.774342 0.023380 -5.249869
v 15.651896 0.020176 -5.321784
v 15.510394 0.018184 -5.404893
v 16.197426 0.112015 -4.876957
v 16.194229 0.101624 -4.879303
v 16.187330 0.091420 -4.884366
v 16.175446 0.081496 -4.893088
v 16.157293 0.071944 -4.906410
v 16.131586 0.062860 -4.925275
v 16.097042 0.054335 -4.950627
v 16.052378 0.046464 -4.983406
v 15.996307 0.039340 -5.024555
v 15.927547 0.033056 -5.075017
v 15.844813 0.027704 -5.135735
v 15.746822 0.023380 -5.207649
v 15.632290 0.020176 -5.291703
v 15.499930 0.018184 -5.388839
v 16.130770 0.122500 -4.793268
v 16.130051 0.112015 -4.793917
v 16.127108 0.101624 -4.796576
v 16.120756 0.091420 -4.802314
v 16.109816 0.081496 -4.812198
v 16.093103 0.071944 -4.827295
v 16.069437 0.062860 -4.848675
v 16.037634 0.054335 -4.877406
v 15.996514 0.046464 -4.914553
v 15.944894 0.039340 -4.961187
v 15.881591 0.033056 -5.018375
v 15.805423 0.027704 -5.087184
v 15.715208 0.023380 -5.168684
v 15.609765 0.020176 -5.263941
v 15.487910 0.018184 -5.374023
v 16.054546 0.112015 -4.718411
v 16.051886 0.101624 -4.721355
v 16.046148 0.091420 -4.727706
v 16.036264 0.081496 -4.738647
v 16.021168 0.071944 -4.755359
v 15.999787 0.062860 -4.779026
v 15.971057 0.054335 -4.810828
v 15.933909 0.046464 -4.851948
v 15.887275 0.039340 -4.903569
v 15.830088 0.033056 -4.966872
v 15.761278 0.027704 -5.043040
v 15.679778 0.023380 -5.133254
v 15.584521 0.020176 -5.238698
v 15.474439 0.018184 -5.360552
v 15.971505 0.112015 -4.651036
v 15.969159 0.101624 -4.654234
v 15.964096 0.091420 -4.661133
v 15.955375 0.081496 -4.673017
v 15.942053 0.071944 -4.691170
v 15.923187 0.062860 -4.716876
v 15.897836 0.054335 -4.751420
v 15.865057 0.046464 -4.796085
v 15.823907 0.039340 -4.852155
v 15.773445 0.033056 -4.920915
v 15.712729 0.027704 -5.003649
v 15.640814 0.023380 -5.101640
v 15.556760 0.020176 -5.216173
v 15.459623 0.018184 -5.348532
v 15.882018 0.122500 -4.591556
v 15.881528 0.112015 -4.592390
v 15.879520 0.101624 -4.595809
v 15.875189 0.091420 -4.603184
v 15.867726 0.081496 -4.615888
v 15.856328 0.071944 -4.635295
v 15.840187 0.062860 -4.662777
v 15.818497 0.054335 -4.699708
v 15.790452 0.046464 -4.747458
v 15.755245 0.039340 -4.807402
v 15.712070 0.033056 -4.880912
v 15.660122 0.027704 -4.969361
v 15.598594 0.023380 -5.074121
v 15.526678 0.020176 -5.196566
v 15.443569 0.018184 -5.338068
v 15.785611 0.122500 -4.542189
v 15.785210 0.112015 -4.543068
v 15.783565 0.101624 -4.546672
v 15.780015 0.091420 -4.554449
v 15.773902 0.081496 -4.567843
v 15.764563 0.071944 -4.588305
v 15.751338 0.062860 -4.617281
v 15.733567 0.054335 -4.656218
v 15.710589 0.046464 -4.706563
v 15.681745 0.039340 -4.769764
v 15.646371 0.033056 -4.847269
v 15.603809 0.027704 -4.940525
v 15.553397 0.023380 -5.050978
v 15.494476 0.020176 -5.180077
v 15.426385 0.018184 -5.329268
v 15.683146 0.112016 -4.503668
v 15.681886 0.101624 -4.507421
v 15.679167 0.091420 -4.515517
v 15.674481 0.081496 -4.529464
v 15.667325 0.071944 -4.550768
v 15.657191 0.062860 -4.580936
v 15.643573 0.054335 -4.621476
v 15.625965 0.046464 -4.673895
v 15.603860 0.039340 -4.739698
v 15.576754 0.033056 -4.820394
v 15.544137 0.027704 -4.917489
v 15.505507 0.023380 -5.032490
v 15.460355 0.020176 -5.166904
v 15.408175 0.018184 -5.322239
v 15.576146 0.122500 -4.473844
v 15.575937 0.112015 -4.474786
v 15.575080 0.101624 -4.478647
v 15.573232 0.091420 -4.486979
v 15.570047 0.081496 -4.501329
v 15.565184 0.071944 -4.523251
v 15.558295 0.062860 -4.554294
v 15.549040 0.054335 -4.596009
v 15.537072 0.046464 -4.649947
v 15.522048 0.039340 -4.717659
v 15.503625 0.033056 -4.800694
v 15.481457 0.027704 -4.900603
v 15.455200 0.023380 -5.018938
v 15.424512 0.020176 -5.157248
v 15.389048 0.018184 -5.317086
v 15.464176 0.112015 -4.457019
v 15.463740 0.101624 -4.460948
v 15.462800 0.091420 -4.469423
v 15.461181 0.081496 -4.484023
v 15.458706 0.071944 -4.506324
v 15.455202 0.062860 -4.537905
v 15.450494 0.054335 -4.580343
v 15.444407 0.046464 -4.635216
v 15.436764 0.039340 -4.704101
v 15.427392 0.033056 -4.788575
v 15.416115 0.027704 -4.890216
v 15.402759 0.023380 -5.010601
v 15.387148 0.020176 -5.151309
v 15.369107 0.018184 -5.313916
vn 0.0937 0.4482 0.8890
vn 0.0904 0.5051 0.8583
vn -0.0000 0.5050 0.8631
vn -0.0000 0.4481 0.8940
vn 0.0852 0.5822 0.8085
vn -0.0000 0.5821 0.8131
vn 0.0785 0.6619 0.7455
vn -0.0000 0.6618 0.7497
vn 0.0699 0.7451 0.6633
vn -0.0000 0.7450 0.6671
vn 0.0581 0.8320 0.5517
vn -0.0000 0.8319 0.5549
vn 0.0412 0.9193 0.3915
vn -0.0000 0.9192 0.3937
vn 0.0159 0.9883 0.1514
vn -0.0000 0.9883 0.1523
vn -0.0205 0.9808 -0.1940
vn -0.0000 0.9808 -0.1952
vn -0.0618 0.8079 -0.5861
vn -0.0000 0.8078 -0.5895
vn -0.0914 0.4892 -0.8674
vn -0.0000 0.4890 -0.8723
vn -0.1032 0.1728 -0.9795
vn -0.0000 0.1728 -0.9850
vn -0.1046 -0.0624 -0.9926
vn -0.0000 -0.0624 -0.9981
vn -0.1021 -0.2260 -0.9688
vn -0.0000 -0.2259 -0.9741
vn -0.0984 -0.3425 -0.9344
vn -0.0000 -0.3424 -0.9396
vn -0.0965 -0.3906 -0.9155
vn -0.0000 -0.3905 -0.9206
vn 0.1867 0.4485 0.8741
vn 0.1802 0.5053 0.8439
vn 0.1698 0.5825 0.7949
vn 0.1565 0.6622 0.7328
vn 0.1392 0.7453 0.6520
vn 0.1158 0.8322 0.5423
vn 0.0821 0.9194 0.3847
vn 0.0317 0.9884 0.1488
vn -0.0408 0.9808 -0.1906
vn -0.1230 0.8081 -0.5761
vn -0.1821 0.4894 -0.8528
vn -0.2057 0.1730 -0.9632
vn -0.2084 -0.0624 -0.9760
vn -0.2034 -0.2261 -0.9526
vn -0.1962 -0.3427 -0.9187
vn -0.1923 -0.3908 -0.9001
vn 0.2775 0.4488 0.8495
vn 0.2679 0.5057 0.8201
vn 0.2524 0.5828 0.7724
vn 0.2326 0.6625 0.7120
vn 0.2070 0.7456 0.6335
vn 0.1721 0.8324 0.5268
vn 0.1221 0.9195 0.3737
vn 0.0472 0.9884 0.1445
vn -0.0606 0.9808 -0.1852
vn -0.1829 0.8083 -0.5597
vn -0.2707 0.4897 -0.8288
vn -0.3058 0.1731 -0.9362
vn -0.3099 -0.0625 -0.9487
vn -0.3025 -0.2263 -0.9259
vn -0.2917 -0.3429 -0.8929
vn -0.2859 -0.3911 -0.8748
vn 0.3650 0.4490 0.8155
vn 0.3524 0.5060 0.7873
vn 0.3319 0.5832 0.7415
vn 0.3059 0.6628 0.6835
vn 0.2721 0.7458 0.6080
vn 0.2262 0.8326 0.5055
vn 0.1605 0.9196 0.3586
vn 0.0620 0.9884 0.1387
vn -0.0796 0.9809 -0.1777
vn -0.2404 0.8085 -0.5372
vn -0.3561 0.4900 -0.7957
vn -0.4023 0.1732 -0.8990
vn -0.4077 -0.0625 -0.9110
vn -0.3979 -0.2265 -0.8890
vn -0.3837 -0.3432 -0.8573
vn -0.3760 -0.3914 -0.8399
vn 0.4481 0.4493 0.7729
vn 0.4326 0.5062 0.7461
vn 0.4074 0.5834 0.7026
vn 0.3755 0.6630 0.6476
vn 0.3340 0.7461 0.5761
vn 0.2777 0.8328 0.4789
vn 0.1969 0.9197 0.3397
vn 0.0761 0.9884 0.1313
vn -0.0977 0.9809 -0.1684
vn -0.2951 0.8086 -0.5090
vn -0.4372 0.4902 -0.7541
vn -0.4940 0.1733 -0.8520
vn -0.5006 -0.0626 -0.8634
vn -0.4885 -0.2266 -0.8426
vn -0.4711 -0.3434 -0.8125
vn -0.4616 -0.3916 -0.7960
vn 0.5260 0.4495 0.7220
vn 0.5078 0.5064 0.6970
vn 0.4782 0.5836 0.6563
vn 0.4407 0.6632 0.6049
vn 0.3920 0.7462 0.5381
vn 0.3259 0.8329 0.4473
vn 0.2311 0.9198 0.3172
vn 0.0893 0.9884 0.1226
vn -0.1146 0.9809 -0.1572
vn -0.3463 0.8087 -0.4754
vn -0.5132 0.4903 -0.7044
vn -0.5799 0.1734 -0.7960
vn -0.5877 -0.0626 -0.8067
vn -0.5735 -0.2267 -0.7872
vn -0.5530 -0.3435 -0.7591
vn -0.5418 -0.3918 -0.7436
vn 0.5980 0.4495 0.6635
vn 0.5773 0.5065 0.6405
vn 0.5436 0.5837 0.6032
vn 0.5010 0.6633 0.5559
vn 0.4456 0.7463 0.4944
vn 0.3704 0.8330 0.4110
vn 0.2627 0.9198 0.2915
vn 0.1015 0.9884 0.1127
vn -0.1302 0.9809 -0.1445
vn -0.3937 0.8088 -0.4369
vn -0.5834 0.4904 -0.6474
vn -0.6593 0.1734 -0.7316
vn -0.6682 -0.0626 -0.7414
vn -0.6520 -0.2268 -0.7235
vn -0.6287 -0.3436 -0.6976
vn -0.6160 -0.3918 -0.6834
vn 0.6635 0.4495 0.5980
vn 0.6405 0.5065 0.5773
vn 0.6032 0.5837 0.5436
vn 0.5559 0.6633 0.5010
vn 0.4944 0.7463 0.4456
vn 0.4110 0.8330 0.3704
vn 0.2915 0.9198 0.2627
vn 0.1127 0.9884 0.1015
vn -0.1445 0.9809 -0.1302
vn -0.4369 0.8088 -0.3937
vn -0.6474 0.4904 -0.5834
vn -0.7316 0.1734 -0.6593
vn -0.7414 -0.0626 -0.6682
vn -0.7235 -0.2268 -0.6520
vn -0.6976 -0.3436 -0.6287
vn -0.6834 -0.3918 -0.6160
vn 0.7220 0.4495 0.5260
vn 0.6970 0.5064 0.5078
vn 0.6563 0.5836 0.4782
vn 0.6049 0.6632 0.4407
vn 0.5381 0.7462 0.3920
vn 0.4473 0.8329 0.3259
vn 0.3172 0.9198 0.2311
vn 0.1226 0.9884 0.0893
vn -0.1572 0.9809 -0.1146
vn -0.4754 0.8087 -0.3463
vn -0.7044 0.4903 -0.5132
vn -0.7960 0.1734 -0.5799
vn -0.8067 -0.0626 -0.5877
vn -0.7872 -0.2267 -0.5735
vn -0.7591 -0.3435 -0.5530
vn -0.7436 -0.3918 -0.5418
vn 0.7729 0.4493 0.4481
vn 0.7461 0.5062 0.4326
vn 0.7026 0.5834 0.4074
vn 0.6476 0.6630 0.3755
vn 0.5761 0.7461 0.3340
vn 0.4789 0.8328 0.2777
vn 0.3397 0.9197 0.1969
vn 0.1313 0.9884 0.0761
vn -0.1684 0.9809 -0.0977
vn -0.5090 0.8086 -0.2951
vn -0.7541 0.4902 -0.4372
vn -0.8520 0.1733 -0.4940
vn -0.8634 -0.0626 -0.5006
vn -0.8426 -0.2266 -0.4885
vn -0.8125 -0.3434 -0.4711
vn -0.7960 -0.3916 -0.4616
vn 0.8155 0.4490 0.3650
vn 0.7873 0.5060 0.3524
vn 0.7415 0.5832 0.3319
vn 0.6835 0.6628 0.3059
vn 0.6080 0.7458 0.2721
vn 0.5055 0.8326 0.2262
vn 0.3586 0.9196 0.1605
vn 0.1387 0.9884 0.0620
vn -0.1777 0.9809 -0.0796
vn -0.5372 0.8085 -0.2404
vn -0.7957 0.4900 -0.3561
vn -0.8990 0.1732 -0.4023
vn -0.9110 -0.0625 -0.4077
vn -0.8890 -0.2265 -0.3979
vn -0.8573 -0.3432 -0.3837
vn -0.8399 -0.3914 -0.3760
vn 0.8495 0.4488 0.2775
vn 0.8201 0.5057 0.2679
vn 0.7724 0.5828 0.2524
vn 0.7120 0.6625 0.2326
vn 0.6335 0.7456 0.2070
vn 0.5268 0.8324 0.1721
vn 0.3737 0.9195 0.1221
vn 0.1445 0.9884 0.0472
vn -0.1852 0.9808 -0.0605
vn -0.5597 0.8083 -0.1829
vn -0.8288 0.4897 -0.2707
vn -0.9362 0.1731 -0.3058
vn -0.9487 -0.0625 -0.3099
vn -0.9259 -0.2263 -0.3025
vn -0.8929 -0.3429 -0.2917
vn -0.8748 -0.3911 -0.2859
vn 0.8741 0.4485 0.1867
vn 0.8439 0.5053 0.1802
vn 0.7949 0.5825 0.1698
vn 0.7328 0.6622 0.1565
vn 0.6520 0.7453 0.1392
vn 0.5423 0.8322 0.1158
vn 0.3847 0.9194 0.0821
vn 0.1488 0.9884 0.0317
vn -0.1906 0.9808 -0.0408
vn -0.5761 0.8081 -0.1230
vn -0.8528 0.4894 -0.1821
vn -0.9632 0.1730 -0.2057
vn -0.9760 -0.0624 -0.2084
vn -0.9526 -0.2261 -0.2034
vn -0.9187 -0.3427 -0.1962
vn -0.9001 -0.3908 -0.1923
vn 0.8890 0.4482 0.0937
vn 0.8583 0.5051 0.0904
vn 0.8085 0.5822 0.0852
vn 0.7455 0.6619 0.0785
vn 0.6633 0.7451 0.0699
vn 0.5517 0.8320 0.0581
vn 0.3915 0.9193 0.0412
vn 0.1514 0.9883 0.0159
vn -0.1940 0.9808 -0.0205
vn -0.5861 0.8079 -0.0618
vn -0.8674 0.4892 -0.0914
vn -0.9795 0.1728 -0.1032
vn -0.9926 -0.0624 -0.1046
vn -0.9688 -0.2260 -0.1021
vn -0.9344 -0.3425 -0.0984
vn -0.9155 -0.3906 -0.0965
vn 0.8940 0.4481 -0.0000
vn 0.8631 0.5050 -0.0000
vn 0.8131 0.5821 -0.0000
vn 0.7497 0.6618 -0.0000
vn 0.6671 0.7450 -0.0000
vn 0.5549 0.8319 -0.0000
vn 0.3937 0.9192 -0.0000
vn 0.1523 0.9883 -0.0000
vn -0.1952 0.9808 -0.0000
vn -0.5895 0.8078 -0.0000
vn -0.8723 0.4890 -0.0000
vn -0.9850 0.1728 -0.0000
vn -0.9981 -0.0624 -0.0000
vn -0.9741 -0.2259 -0.0000
vn -0.9396 -0.3424 -0.0000
vn -0.9206 -0.3905 -0.0000
vn -0.8890 0.4482 0.0937
vn -0.8583 0.5051 0.0904
vn -0.8631 0.5050 -0.0000
vn -0.8940 0.4481 -0.0000
vn -0.8085 0.5822 0.0852
vn -0.8131 0.5821 -0.0000
vn -0.7455 0.6619 0.0785
vn -0.7497 0.6618 -0.0000
vn -0.6633 0.7451 0.0699
vn -0.6671 0.7450 -0.0000
vn -0.5517 0.8320 0.0581
vn -0.5549 0.8319 -0.0000
vn -0.3915 0.9193 0.0412
vn -0.3937 0.9192 -0.0000
vn -0.1514 0.9883 0.0159
vn -0.1523 0.9883 -0.0000
vn 0.1940 0.9808 -0.0205
vn 0.1952 0.9808 -0.0000
vn 0.5861 0.8079 -0.0618
vn 0.5895 0.8078 -0.0000
vn 0.8674 0.4892 -0.0914
vn 0.8723 0.4890 -0.0000
vn 0.9795 0.1728 -0.1032
vn 0.9850 0.1728 -0.0000
vn 0.9926 -0.0624 -0.1046
vn 0.9981 -0.0624 -0.0000
vn 0.9688 -0.2260 -0.1021
vn 0.9741 -0.2259 -0.0000
vn 0.9344 -0.3425 -0.0984
vn 0.9396 -0.3424 -0.0000
vn 0.9155 -0.3906 -0.0965
vn 0.9206 -0.3905 -0.0000
vn -0.8741 0.4485 0.1867
vn -0.8439 0.5053 0.1802
vn -0.7949 0.5825 0.1698
vn -0.7328 0.6622 0.1565
vn -0.6520 0.7453 0.1392
vn -0.5423 0.8322 0.1158
vn -0.3847 0.9194 0.0821
vn -0.1488 0.9884 0.0317
vn 0.1906 0.9808 -0.0408
vn 0.5761 0.8081 -0.1230
vn 0.8528 0.4894 -0.1821
vn 0.9632 0.1730 -0.2057
vn 0.9760 -0.0624 -0.2084
vn 0.9526 -0.2261 -0.2034
vn 0.9187 -0.3427 -0.1962
vn 0.9001 -0.3908 -0.1923
vn -0.8495 0.4488 0.2775
vn -0.8201 0.5057 0.2679
vn -0.7724 0.5828 0.2524
vn -0.7120 0.6625 0.2326
vn -0.6335 0.7456 0.2070
vn -0.5268 0.8324 0.1721
vn -0.3737 0.9195 0.1221
vn -0.1445 0.9884 0.0472
vn 0.1852 0.9808 -0.0605
vn 0.5597 0.8083 -0.1829
vn 0.8288 0.4897 -0.2707
vn 0.9362 0.1731 -0.3058
vn 0.9487 -0.0625 -0.3099
vn 0.9259 -0.2263 -0.3025
vn 0.8929 -0.3429 -0.2917
vn 0.8748 -0.3911 -0.2859
vn -0.8155 0.4490 0.3650
vn -0.7873 0.5060 0.3524
vn -0.7415 0.5832 0.3319
vn -0.6835 0.6628 0.3059
vn -0.6080 0.7458 0.2721
vn -0.5055 0.8326 0.2262
vn -0.3586 0.9196 0.1605
vn -0.1387 0.9884 0.0620
vn 0.1777 0.9809 -0.0796
vn 0.5372 0.8085 -0.2404
vn 0.7957 0.4900 -0.3561
vn 0.8990 0.1732 -0.4023
vn 0.9110 -0.0625 -0.4077
vn 0.8890 -0.2265 -0.3979
vn 0.8573 -0.3432 -0.3837
vn 0.8399 -0.3914 -0.3760
vn -0.7729 0.4493 0.4481
vn -0.7461 0.5062 0.4326
vn -0.7026 0.5834 0.4074
vn -0.6476 0.6630 0.3755
vn -0.5761 0.7461 0.3340
vn -0.4789 0.8328 0.2777
vn -0.3397 0.9197 0.1969
vn -0.1313 0.9884 0.0761
vn 0.1684 0.9809 -0.0977
vn 0.5090 0.8086 -0.2951
vn 0.7541 0.4902 -0.4372
vn 0.8520 0.1733 -0.4940
vn 0.8634 -0.0626 -0.5006
vn 0.8426 -0.2266 -0.4885
vn 0.8125 -0.3434 -0.4711
vn 0.7960 -0.3916 -0.4616
vn -0.7220 0.4495 0.5260
vn -0.6970 0.5064 0.5078
vn -0.6563 0.5836 0.4782
vn -0.6049 0.6632 0.4407
vn -0.5381 0.7462 0.3920
vn -0.4473 0.8329 0.3259
vn -0.3172 0.9198 0.2311
vn -0.1226 0.9884 0.0893
vn 0.1573 0.9809 -0.1146
vn 0.4754 0.8087 -0.3464
vn 0.7044 0.4903 -0.5132
vn 0.7960 0.1734 -0.5799
vn 0.8067 -0.0626 -0.5877
vn 0.7872 -0.2267 -0.5735
vn 0.7591 -0.3435 -0.5530
vn 0.7436 -0.3918 -0.5418
vn -0.6635 0.4495 0.5980
vn -0.6405 0.5065 0.5773
vn -0.6032 0.5837 0.5436
vn -0.5559 0.6633 0.5010
vn -0.4944 0.7463 0.4456
vn -0.4110 0.8330 0.3704
vn -0.2915 0.9198 0.2627
vn -0.1127 0.9884 0.1015
vn 0.1445 0.9809 -0.1302
vn 0.4369 0.8088 -0.3937
vn 0.6474 0.4904 -0.5834
vn 0.7316 0.1734 -0.6593
vn 0.7414 -0.0626 -0.6682
vn 0.7235 -0.2268 -0.6520
vn 0.6976 -0.3436 -0.6287
vn 0.6834 -0.3918 -0.6160
vn -0.5980 0.4495 0.6635
vn -0.5773 0.5065 0.6405
vn -0.5436 0.5837 0.6032
vn -0.5010 0.6633 0.5559
vn -0.4456 0.7463 0.4944
vn -0.3704 0.8330 0.4110
vn -0.2627 0.9198 0.2915
vn -0.1015 0.9884 0.1127
vn 0.1302 0.9809 -0.1445
vn 0.3937 0.8088 -0.4369
vn 0.5834 0.4904 -0.6474
vn 0.6593 0.1734 -0.7316
vn 0.6682 -0.0626 -0.7414
vn 0.6520 -0.2268 -0.7235
vn 0.6287 -0.3436 -0.6976
vn 0.6160 -0.3918 -0.6834
vn -0.5260 0.4495 0.7220
vn -0.5078 0.5064 0.6970
vn -0.4782 0.5836 0.6563
vn -0.4407 0.6632 0.6049
vn -0.3920 0.7462 0.5381
vn -0.3259 0.8329 0.4473
vn -0.2311 0.9198 0.3172
vn -0.0893 0.9884 0.1226
vn 0.1146 0.9809 -0.1572
vn 0.3463 0.8087 -0.4754
vn 0.5132 0.4903 -0.7044
vn 0.5799 0.1734 -0.7960
vn 0.5877 -0.0626 -0.8067
vn 0.5735 -0.2267 -0.7872
vn 0.5530 -0.3435 -0.7591
vn 0.5418 -0.3918 -0.7436
vn -0.4481 0.4493 0.7729
vn -0.4326 0.5062 0.7461
vn -0.4074 0.5834 0.7026
vn -0.3755 0.6630 0.6476
vn -0.3340 0.7461 0.5761
vn -0.2777 0.8328 0.4789
vn -0.1969 0.9197 0.3397
vn -0.0761 0.9884 0.1313
vn 0.0977 0.9809 -0.1684
vn 0.2951 0.8086 -0.5090
vn 0.4372 0.4902 -0.7540
vn 0.4940 0.1733 -0.8520
vn 0.5006 -0.0626 -0.8634
vn 0.4885 -0.2266 -0.8426
vn 0.4711 -0.3434 -0.8125
vn 0.4616 -0.3916 -0.7960
vn -0.3650 0.4490 0.8155
vn -0.3524 0.5060 0.7873
vn -0.3319 0.5832 0.7415
vn -0.3059 0.6628 0.6835
vn -0.2721 0.7458 0.6080
vn -0.2262 0.8326 0.5055
vn -0.1605 0.9196 0.3586
vn -0.0620 0.9884 0.1387
vn 0.0796 0.9809 -0.1777
vn 0.2404 0.8085 -0.5372
vn 0.3561 0.4900 -0.7957
vn 0.4023 0.1732 -0.8990
vn 0.4077 -0.0625 -0.9110
vn 0.3979 -0.2265 -0.8890
vn 0.3837 -0.3432 -0.8573
vn 0.3760 -0.3914 -0.8399
vn -0.2775 0.4488 0.8495
vn -0.2679 0.5057 0.8201
vn -0.2524 0.5828 0.7724
vn -0.2326 0.6625 0.7120
vn -0.2070 0.7456 0.6335
vn -0.1721 0.8324 0.5268
vn -0.1221 0.9195 0.3737
vn -0.0472 0.9884 0.1445
vn 0.0605 0.9808 -0.1852
vn 0.1829 0.8083 -0.5597
vn 0.2707 0.4897 -0.8288
vn 0.3058 0.1731 -0.9362
vn 0.3099 -0.0625 -0.9487
vn 0.3025 -0.2263 -0.9259
vn 0.2917 -0.3429 -0.8929
vn 0.2859 -0.3911 -0.8748
vn -0.1867 0.4485 0.8741
vn -0.1802 0.5053 0.8439
vn -0.1698 0.5825 0.7949
vn -0.1565 0.6622 0.7328
vn -0.1392 0.7453 0.6520
vn -0.1158 0.8322 0.5423
vn -0.0821 0.9194 0.3847
vn -0.0317 0.9884 0.1488
vn 0.0408 0.9808 -0.1906
vn 0.1230 0.8081 -0.5761
vn 0.1821 0.4894 -0.8528
vn 0.2057 0.1730 -0.9632
vn 0.2084 -0.0624 -0.9760
vn 0.2034 -0.2261 -0.9526
vn 0.1962 -0.3427 -0.9187
vn 0.1923 -0.3908 -0.9001
vn -0.0937 0.4482 0.8890
vn -0.0904 0.5051 0.8583
vn -0.0852 0.5822 0.8085
vn -0.0785 0.6619 0.7455
vn -0.0699 0.7451 0.6633
vn -0.0581 0.8320 0.5517
vn -0.0412 0.9193 0.3915
vn -0.0159 0.9883 0.1514
vn 0.0205 0.9808 -0.1940
vn 0.0618 0.8079 -0.5861
vn 0.0914 0.4892 -0.8674
vn 0.1032 0.1728 -0.9795
vn 0.1046 -0.0624 -0.9926
vn 0.1020 -0.2260 -0.9688
vn 0.0984 -0.3425 -0.9344
vn 0.0965 -0.3906 -0.9155
vn -0.0937 0.4482 -0.8890
vn -0.0904 0.5051 -0.8583
vn -0.0000 0.5050 -0.8631
vn -0.0000 0.4481 -0.8940
vn -0.0852 0.5822 -0.8085
vn -0.0000 0.5821 -0.8131
vn -0.0785 0.6619 -0.7455
vn -0.0000 0.6618 -0.7497
vn -0.0699 0.7451 -0.6633
vn -0.0000 0.7450 -0.6671
vn -0.0581 0.8320 -0.5517
vn -0.0000 0.8319 -0.5549
vn -0.0412 0.9193 -0.3915
vn -0.0000 0.9192 -0.3937
vn -0.0159 0.9883 -0.1514
vn -0.0000 0.9883 -0.1523
vn 0.0205 0.9808 0.1940
vn -0.0000 0.9808 0.1952
vn 0.0618 0.8079 0.5861
vn -0.0000 0.8078 0.5895
vn 0.0914 0.4892 0.8674
vn -0.0000 0.4890 0.8723
vn 0.1032 0.1729 0.9795
vn -0.0000 0.1728 0.9850
vn 0.1046 -0.0624 0.9926
vn -0.0000 -0.0624 0.9981
vn 0.1020 -0.2260 0.9688
vn -0.0000 -0.2259 0.9741
vn 0.0984 -0.3425 0.9344
vn -0.0000 -0.3424 0.9396
vn 0.0965 -0.3906 0.9155
vn -0.0000 -0.3905 0.9206
vn -0.1867 0.4485 -0.8741
vn -0.1802 0.5053 -0.8439
vn -0.1698 0.5825 -0.7949
vn -0.1565 0.6622 -0.7328
vn -0.1392 0.7453 -0.6520
vn -0.1158 0.8322 -0.5423
vn -0.0821 0.9194 -0.3847
vn -0.0317 0.9884 -0.1488
vn 0.0408 0.9808 0.1906
vn 0.1230 0.8081 0.5761
vn 0.1821 0.4894 0.8528
vn 0.2057 0.1730 0.9632
vn 0.2084 -0.0624 0.9760
vn 0.2034 -0.2261 0.9526
vn 0.1962 -0.3427 0.9187
vn 0.1923 -0.3908 0.9001
vn -0.2775 0.4488 -0.8495
vn -0.2679 0.5057 -0.8201
vn -0.2524 0.5828 -0.7724
vn -0.2326 0.6625 -0.7120
vn -0.2070 0.7456 -0.6335
vn -0.1721 0.8324 -0.5268
vn -0.1221 0.9195 -0.3737
vn -0.0472 0.9884 -0.1445
vn 0.0606 0.9808 0.1852
vn 0.1829 0.8083 0.5597
vn 0.2707 0.4897 0.8288
vn 0.3058 0.1731 0.9362
vn 0.3099 -0.0625 0.9487
vn 0.3025 -0.2263 0.9259
vn 0.2917 -0.3429 0.8929
vn 0.2859 -0.3911 0.8748
vn -0.3650 0.4490 -0.8155
vn -0.3524 0.5060 -0.7873
vn -0.3319 0.5832 -0.7415
vn -0.3059 0.6628 -0.6835
vn -0.2721 0.7458 -0.6080
vn -0.2262 0.8326 -0.5055
vn -0.1605 0.9196 -0.3586
vn -0.0620 0.9884 -0.1387
vn 0.0796 0.9809 0.1777
vn 0.2404 0.8085 0.5372
vn 0.3561 0.4900 0.7957
vn 0.4023 0.1732 0.8990
vn 0.4077 -0.0625 0.9110
vn 0.3979 -0.2265 0.8890
vn 0.3837 -0.3432 0.8573
vn 0.3760 -0.3914 0.8399
vn -0.4481 0.4493 -0.7729
vn -0.4326 0.5062 -0.7461
vn -0.4074 0.5834 -0.7026
vn -0.3755 0.6630 -0.6476
vn -0.3340 0.7461 -0.5761
vn -0.2777 0.8328 -0.4789
vn -0.1969 0.9197 -0.3397
vn -0.0761 0.9884 -0.1313
vn 0.0977 0.9809 0.1684
vn 0.2951 0.8086 0.5089
vn 0.4372 0.4902 0.7541
vn 0.4940 0.1733 0.8520
vn 0.5006 -0.0626 0.8634
vn 0.4885 -0.2266 0.8426
vn 0.4711 -0.3434 0.8125
vn 0.4616 -0.3916 0.7960
vn -0.5260 0.4495 -0.7220
vn -0.5078 0.5064 -0.6970
vn -0.4782 0.5836 -0.6563
vn -0.4407 0.6632 -0.6049
vn -0.3920 0.7462 -0.5381
vn -0.3259 0.8329 -0.4473
vn -0.2311 0.9198 -0.3172
vn -0.0893 0.9884 -0.1226
vn 0.1146 0.9809 0.1573
vn 0.3463 0.8087 0.4754
vn 0.5132 0.4903 0.7044
vn 0.5799 0.1734 0.7960
vn 0.5877 -0.0626 0.8067
vn 0.5735 -0.2267 0.7872
vn 0.5530 -0.3435 0.7591
vn 0.5418 -0.3918 0.7436
vn -0.5980 0.4495 -0.6635
vn -0.5773 0.5065 -0.6405
vn -0.5436 0.5837 -0.6032
vn -0.5010 0.6633 -0.5559
vn -0.4456 0.7463 -0.4944
vn -0.3704 0.8330 -0.4110
vn -0.2627 0.9198 -0.2915
vn -0.1015 0.9884 -0.1127
vn 0.1302 0.9809 0.1445
vn 0.3937 0.8088 0.4369
vn 0.5834 0.4904 0.6474
vn 0.6593 0.1734 0.7316
vn 0.6682 -0.0626 0.7414
vn 0.6520 -0.2268 0.7235
vn 0.6287 -0.3436 0.6976
vn 0.6160 -0.3918 0.6834
vn -0.6635 0.4495 -0.5980
vn -0.6405 0.5065 -0.5773
vn -0.6032 0.5837 -0.5436
vn -0.5559 0.6633 -0.5010
vn -0.4944 0.7463 -0.4456
vn -0.4110 0.8330 -0.3704
vn -0.2915 0.9198 -0.2627
vn -0.1127 0.9884 -0.1015
vn 0.1445 0.9809 0.1302
vn 0.4369 0.8088 0.3937
vn 0.6474 0.4904 0.5834
vn 0.7316 0.1734 0.6593
vn 0.7414 -0.0626 0.6682
vn 0.7235 -0.2268 0.6520
vn 0.6976 -0.3436 0.6287
vn 0.6834 -0.3918 0.6160
vn -0.7220 0.4495 -0.5260
vn -0.6970 0.5064 -0.5078
vn -0.6563 0.5836 -0.4782
vn -0.6049 0.6632 -0.4407
vn -0.5381 0.7462 -0.3920
vn -0.4473 0.8329 -0.3259
vn -0.3172 0.9198 -0.2311
vn -0.1226 0.9884 -0.0893
vn 0.1572 0.9809 0.1146
vn 0.4754 0.8087 0.3463
vn 0.7044 0.4903 0.5132
vn 0.7960 0.1734 0.5799
vn 0.8067 -0.0626 0.5877
vn 0.7872 -0.2267 0.5735
vn 0.7591 -0.3435 0.5530
vn 0.7436 -0.3918 0.5418
vn -0.7729 0.4493 -0.4481
vn -0.7461 0.5062 -0.4326
vn -0.7026 0.5834 -0.4074
vn -0.6476 0.6630 -0.3755
vn -0.5761 0.7461 -0.3340
vn -0.4789 0.8328 -0.2777
vn -0.3397 0.9197 -0.1969
vn -0.1313 0.9884 -0.0761
vn 0.1684 0.9809 0.0977
vn 0.5090 0.8086 0.2951
vn 0.7541 0.4902 0.4372
vn 0.8520 0.1733 0.4940
vn 0.8634 -0.0626 0.5006
vn 0.8426 -0.2266 0.4885
vn 0.8125 -0.3434 0.4711
vn 0.7960 -0.3916 0.4616
vn -0.8155 0.4490 -0.3650
vn -0.7873 0.5060 -0.3524
vn -0.7415 0.5832 -0.3319
vn -0.6835 0.6628 -0.3059
vn -0.6080 0.7458 -0.2721
vn -0.5055 0.8326 -0.2262
vn -0.3586 0.9196 -0.1605
vn -0.1387 0.9884 -0.0620
vn 0.1777 0.9809 0.0796
vn 0.5372 0.8085 0.2404
vn 0.7957 0.4900 0.3561
vn 0.8990 0.1732 0.4023
vn 0.9110 -0.0625 0.4077
vn 0.8890 -0.2265 0.3979
vn 0.8573 -0.3432 0.3837
vn 0.8399 -0.3914 0.3760
vn -0.8495 0.4488 -0.2775
vn -0.8201 0.5057 -0.2679
vn -0.7724 0.5828 -0.2524
vn -0.7120 0.6625 -0.2326
vn -0.6335 0.7456 -0.2070
vn -0.5268 0.8324 -0.1721
vn -0.3737 0.9195 -0.1221
vn -0.1445 0.9884 -0.0472
vn 0.1852 0.9808 0.0605
vn 0.5597 0.8083 0.1829
vn 0.8288 0.4897 0.2707
vn 0.9362 0.1731 0.3058
vn 0.9487 -0.0625 0.3099
vn 0.9259 -0.2263 0.3025
vn 0.8929 -0.3429 0.2917
vn 0.8748 -0.3911 0.2859
vn -0.8741 0.4485 -0.1867
vn -0.8439 0.5053 -0.1802
vn -0.7949 0.5825 -0.1698
vn -0.7328 0.6622 -0.1565
vn -0.6520 0.7453 -0.1392
vn -0.5423 0.8322 -0.1158
vn -0.3847 0.9194 -0.0821
vn -0.1488 0.9884 -0.0317
vn 0.1906 0.9808 0.0408
vn 0.5761 0.8081 0.1230
vn 0.8528 0.4894 0.1821
vn 0.9632 0.1730 0.2057
vn 0.9760 -0.0624 0.2084
vn 0.9526 -0.2261 0.2034
vn 0.9187 -0.3427 0.1962
vn 0.9001 -0.3908 0.1923
vn -0.8890 0.4482 -0.0937
vn -0.8583 0.5051 -0.0904
vn -0.8085 0.5822 -0.0852
vn -0.7455 0.6619 -0.0785
vn -0.6633 0.7451 -0.0699
vn -0.5517 0.8320 -0.0581
vn -0.3915 0.9193 -0.0412
vn -0.1514 0.9883 -0.0159
vn 0.1940 0.9808 0.0205
vn 0.5861 0.8079 0.0618
vn 0.8674 0.4892 0.0914
vn 0.9795 0.1728 0.1032
vn 0.9926 -0.0624 0.1046
vn 0.9688 -0.2260 0.1021
vn 0.9344 -0.3425 0.0984
vn 0.9155 -0.3906 0.0965
vn 0.8890 0.4482 -0.0937
vn 0.8583 0.5051 -0.0904
vn 0.8085 0.5822 -0.0852
vn 0.7455 0.6619 -0.0785
vn 0.6633 0.7451 -0.0699
vn 0.5517 0.8320 -0.0581
vn 0.3915 0.9193 -0.0412
vn 0.1514 0.9883 -0.0159
vn -0.1940 0.9808 0.0205
vn -0.5861 0.8079 0.0618
vn -0.8674 0.4892 0.0914
vn -0.9795 0.1728 0.1032
vn -0.9926 -0.0624 0.1046
vn -0.9688 -0.2260 0.1021
vn -0.9344 -0.3425 0.0984
vn -0.9155 -0.3906 0.0965
vn 0.8741 0.4485 -0.1867
vn 0.8439 0.5053 -0.1802
vn 0.7949 0.5825 -0.1698
vn 0.7328 0.6622 -0.1565
vn 0.6520 0.7453 -0.1392
vn 0.5423 0.8322 -0.1158
vn 0.3847 0.9194 -0.0821
vn 0.1488 0.9884 -0.0317
vn -0.1906 0.9808 0.0408
vn -0.5761 0.8081 0.1230
vn -0.8528 0.4894 0.1821
vn -0.9632 0.1730 0.2057
vn -0.9760 -0.0624 0.2084
vn -0.9526 -0.2261 0.2034
vn -0.9187 -0.3427 0.1962
vn -0.9001 -0.3908 0.1923
vn 0.8495 0.4488 -0.2775
vn 0.8201 0.5057 -0.2679
vn 0.7724 0.5828 -0.2524
vn 0.7120 0.6625 -0.2326
vn 0.6335 0.7456 -0.2070
vn 0.5268 0.8324 -0.1721
vn 0.3737 0.9195 -0.1221
vn 0.1445 0.9884 -0.0472
vn -0.1852 0.9808 0.0605
vn -0.5597 0.8083 0.1829
vn -0.8288 0.4897 0.2707
vn -0.9362 0.1731 0.3058
vn -0.9487 -0.0625 0.3099
vn -0.9259 -0.2263 0.3025
vn -0.8929 -0.3429 0.2917
vn -0.8748 -0.3911 0.2859
vn 0.8155 0.4490 -0.3650
vn 0.7873 0.5060 -0.3524
vn 0.7415 0.5832 -0.3319
vn 0.6835 0.6628 -0.3059
vn 0.6080 0.7458 -0.2721
vn 0.5055 0.8326 -0.2262
vn 0.3586 0.9196 -0.1605
vn 0.1387 0.9884 -0.0620
vn -0.1777 0.9809 0.0796
vn -0.5372 0.8085 0.2404
vn -0.7957 0.4900 0.3561
vn -0.8990 0.1732 0.4023
vn -0.9110 -0.0625 0.4077
vn -0.8890 -0.2265 0.3979
vn -0.8573 -0.3432 0.3837
vn -0.8399 -0.3914 0.3760
vn 0.7729 0.4493 -0.4481
vn 0.7461 0.5062 -0.4326
vn 0.7026 0.5834 -0.4074
vn 0.6476 0.6630 -0.3755
vn 0.5761 0.7461 -0.3340
vn 0.4789 0.8328 -0.2777
vn 0.3397 0.9197 -0.1969
vn 0.1313 0.9884 -0.0761
vn -0.1684 0.9809 0.0977
vn -0.5090 0.8086 0.2951
vn -0.7541 0.4902 0.4372
vn -0.8520 0.1733 0.4940
vn -0.8634 -0.0626 0.5006
vn -0.8426 -0.2266 0.4885
vn -0.8125 -0.3434 0.4711
vn -0.7960 -0.3916 0.4616
vn 0.7220 0.4495 -0.5260
vn 0.6970 0.5064 -0.5078
vn 0.6563 0.5836 -0.4782
vn 0.6049 0.6632 -0.4407
vn 0.5381 0.7462 -0.3920
vn 0.4473 0.8329 -0.3259
vn 0.3172 0.9198 -0.2311
vn 0.1226 0.9884 -0.0893
vn -0.1573 0.9809 0.1146
vn -0.4754 0.8087 0.3464
vn -0.7044 0.4903 0.5132
vn -0.7960 0.1734 0.5799
vn -0.8067 -0.0626 0.5877
vn -0.7872 -0.2267 0.5735
vn -0.7591 -0.3435 0.5530
vn -0.7436 -0.3918 0.5418
vn 0.6635 0.4495 -0.5980
vn 0.6405 0.5065 -0.5773
vn 0.6032 0.5837 -0.5436
vn 0.5559 0.6633 -0.5010
vn 0.4944 0.7463 -0.4456
vn 0.4110 0.8330 -0.3704
vn 0.2915 0.9198 -0.2627
vn 0.1127 0.9884 -0.1015
vn -0.1445 0.9809 0.1302
vn -0.4369 0.8088 0.3937
vn -0.6474 0.4904 0.5834
vn -0.7316 0.1734 0.6593
vn -0.7414 -0.0626 0.6682
vn -0.7235 -0.2268 0.6520
vn -0.6976 -0.3436 0.6287
vn -0.6834 -0.3918 0.6160
vn 0.5980 0.4495 -0.6635
vn 0.5773 0.5065 -0.6405
vn 0.5436 0.5837 -0.6032
vn 0.5010 0.6633 -0.5559
vn 0.4456 0.7463 -0.4944
vn 0.3704 0.8330 -0.4110
vn 0.2627 0.9198 -0.2915
vn 0.1015 0.9884 -0.1127
vn -0.1302 0.9809 0.1445
vn -0.3937 0.8088 0.4369
vn -0.5835 0.4904 0.6474
vn -0.6593 0.1734 0.7316
vn -0.6682 -0.0626 0.7414
vn -0.6520 -0.2268 0.7235
vn -0.6287 -0.3436 0.6976
vn -0.6160 -0.3918 0.6834
vn 0.5260 0.4495 -0.7220
vn 0.5078 0.5064 -0.6970
vn 0.4782 0.5836 -0.6563
vn 0.4407 0.6632 -0.6049
vn 0.3920 0.7462 -0.5381
vn 0.3259 0.8329 -0.4473
vn 0.2311 0.9198 -0.3172
vn 0.0893 0.9884 -0.1226
vn -0.1146 0.9809 0.1572
vn -0.3463 0.8087 0.4754
vn -0.5132 0.4903 0.7044
vn -0.5799 0.1734 0.7960
vn -0.5877 -0.0626 0.8067
vn -0.5735 -0.2267 0.7872
vn -0.5530 -0.3435 0.7591
vn -0.5418 -0.3918 0.7436
vn 0.4481 0.4493 -0.7729
vn 0.4326 0.5062 -0.7461
vn 0.4074 0.5834 -0.7026
vn 0.3755 0.6630 -0.6476
vn 0.3340 0.7461 -0.5761
vn 0.2777 0.8328 -0.4789
vn 0.1969 0.9197 -0.3397
vn 0.0761 0.9884 -0.1313
vn -0.0977 0.9809 0.1684
vn -0.2951 0.8086 0.5090
vn -0.4372 0.4902 0.7540
vn -0.4940 0.1733 0.8520
vn -0.5006 -0.0626 0.8634
vn -0.4885 -0.2266 0.8426
vn -0.4711 -0.3434 0.8125
vn -0.4616 -0.3916 0.7960
vn 0.3650 0.4490 -0.8155
vn 0.3524 0.5060 -0.7873
vn 0.3319 0.5832 -0.7415
vn 0.3059 0.6628 -0.6835
vn 0.2721 0.7458 -0.6080
vn 0.2262 0.8326 -0.5055
vn 0.1605 0.9196 -0.3586
vn 0.0620 0.9884 -0.1387
vn -0.0796 0.9809 0.1777
vn -0.2404 0.8085 0.5372
vn -0.3561 0.4900 0.7957
vn -0.4023 0.1732 0.8990
vn -0.4077 -0.0625 0.9110
vn -0.3979 -0.2265 0.8890
vn -0.3837 -0.3432 0.8573
vn -0.3760 -0.3914 0.8399
vn 0.2775 0.4488 -0.8495
vn 0.2679 0.5057 -0.8201
vn 0.2524 0.5828 -0.7724
vn 0.2326 0.6625 -0.7120
vn 0.2070 0.7456 -0.6335
vn 0.1721 0.8324 -0.5268
vn 0.1221 0.9195 -0.3737
vn 0.0472 0.9884 -0.1445
vn -0.0605 0.9808 0.1852
vn -0.1829 0.8083 0.5597
vn -0.2707 0.4897 0.8288
vn -0.3058 0.1731 0.9362
vn -0.3099 -0.0625 0.9487
vn -0.3025 -0.2263 0.9259
vn -0.2917 -0.3429 0.8929
vn -0.2859 -0.3911 0.8748
vn 0.1867 0.4485 -0.8741
vn 0.1802 0.5053 -0.8439
vn 0.1698 0.5825 -0.7949
vn 0.1565 0.6622 -0.7328
vn 0.1392 0.7453 -0.6520
vn 0.1158 0.8322 -0.5423
vn 0.0821 0.9194 -0.3847
vn 0.0317 0.9884 -0.1488
vn -0.0408 0.9808 0.1906
vn -0.1230 0.8081 0.5761
vn -0.1821 0.4894 0.8528
vn -0.2057 0.1730 0.9632
vn -0.2084 -0.0624 0.9760
vn -0.2034 -0.2261 0.9526
vn -0.1962 -0.3427 0.9187
vn -0.1923 -0.3908 0.9001
vn 0.0937 0.4482 -0.8890
vn 0.0904 0.5051 -0.8583
vn 0.0852 0.5822 -0.8085
vn 0.0785 0.6619 -0.7455
vn 0.0699 0.7451 -0.6633
vn 0.0581 0.8320 -0.5517
vn 0.0412 0.9193 -0.3915
vn 0.0159 0.9883 -0.1514
vn -0.0205 0.9808 0.1940
vn -0.0618 0.8079 0.5861
vn -0.0914 0.4892 0.8674
vn -0.1032 0.1728 0.9795
vn -0.1046 -0.0624 0.9926
vn -0.1020 -0.2260 0.9688
vn -0.0984 -0.3425 0.9344
vn -0.0965 -0.3906 0.9155
vn 0.1048 -0.0186 0.9943
vn 0.1045 0.0687 0.9921
vn -0.0000 0.0687 0.9976
vn -0.0000 -0.0186 0.9998
vn 0.1039 0.1304 0.9860
vn -0.0000 0.1304 0.9915
vn 0.1030 0.1843 0.9775
vn -0.0000 0.1842 0.9829
vn 0.1019 0.2309 0.9676
vn -0.0000 0.2308 0.9730
vn 0.1009 0.2709 0.9573
vn -0.0000 0.2708 0.9626
vn 0.0998 0.3051 0.9471
vn -0.0000 0.3050 0.9524
vn 0.0988 0.3339 0.9374
vn -0.0000 0.3339 0.9426
vn 0.0978 0.3582 0.9285
vn -0.0000 0.3581 0.9337
vn 0.0970 0.3783 0.9206
vn -0.0000 0.3782 0.9257
vn 0.0963 0.3946 0.9138
vn -0.0000 0.3945 0.9189
vn 0.0957 0.4075 0.9082
vn -0.0000 0.4074 0.9132
vn 0.0952 0.4173 0.9038
vn -0.0000 0.4172 0.9088
vn 0.0949 0.4242 0.9006
vn -0.0000 0.4241 0.9056
vn 0.0947 0.4282 0.8987
vn -0.0000 0.4281 0.9037
vn 0.2088 -0.0186 0.9778
vn 0.2084 0.0687 0.9756
vn 0.2071 0.1305 0.9696
vn 0.2053 0.1844 0.9612
vn 0.2032 0.2310 0.9515
vn 0.2010 0.2711 0.9413
vn 0.1989 0.3053 0.9313
vn 0.1968 0.3342 0.9217
vn 0.1950 0.3584 0.9130
vn 0.1933 0.3785 0.9052
vn 0.1919 0.3948 0.8985
vn 0.1907 0.4078 0.8930
vn 0.1898 0.4176 0.8886
vn 0.1891 0.4244 0.8855
vn 0.1887 0.4285 0.8836
vn 0.3105 -0.0186 0.9504
vn 0.3098 0.0688 0.9483
vn 0.3079 0.1306 0.9424
vn 0.3052 0.1846 0.9342
vn 0.3021 0.2312 0.9248
vn 0.2989 0.2713 0.9149
vn 0.2957 0.3055 0.9051
vn 0.2927 0.3344 0.8958
vn 0.2899 0.3587 0.8873
vn 0.2874 0.3788 0.8797
vn 0.2853 0.3951 0.8732
vn 0.2835 0.4080 0.8678
vn 0.2821 0.4178 0.8636
vn 0.2812 0.4247 0.8606
vn 0.2806 0.4288 0.8587
vn 0.4085 -0.0186 0.9126
vn 0.4076 0.0688 0.9106
vn 0.4050 0.1307 0.9049
vn 0.4015 0.1847 0.8970
vn 0.3974 0.2314 0.8880
vn 0.3932 0.2715 0.8785
vn 0.3890 0.3057 0.8690
vn 0.3850 0.3347 0.8601
vn 0.3813 0.3589 0.8519
vn 0.3780 0.3790 0.8446
vn 0.3752 0.3954 0.8384
vn 0.3729 0.4083 0.8332
vn 0.3711 0.4181 0.8291
vn 0.3698 0.4250 0.8262
vn 0.3690 0.4291 0.8245
vn 0.5015 -0.0187 0.8649
vn 0.5004 0.0689 0.8630
vn 0.4973 0.1308 0.8577
vn 0.4930 0.1848 0.8502
vn 0.4880 0.2316 0.8416
vn 0.4827 0.2717 0.8326
vn 0.4776 0.3059 0.8236
vn 0.4726 0.3349 0.8152
vn 0.4681 0.3591 0.8074
vn 0.4641 0.3792 0.8005
vn 0.4607 0.3956 0.7945
vn 0.4578 0.4085 0.7896
vn 0.4556 0.4184 0.7858
vn 0.4540 0.4252 0.7830
vn 0.4530 0.4293 0.7813
vn 0.5887 -0.0187 0.8081
vn 0.5874 0.0689 0.8063
vn 0.5838 0.1309 0.8013
vn 0.5787 0.1849 0.7943
vn 0.5728 0.2317 0.7863
vn 0.5667 0.2718 0.7778
vn 0.5606 0.3060 0.7695
vn 0.5548 0.3350 0.7615
vn 0.5495 0.3593 0.7543
vn 0.5448 0.3794 0.7478
vn 0.5408 0.3958 0.7423
vn 0.5374 0.4087 0.7377
vn 0.5348 0.4185 0.7341
vn 0.5329 0.4254 0.7315
vn 0.5318 0.4295 0.7299
vn 0.6694 -0.0187 0.7427
vn 0.6679 0.0689 0.7411
vn 0.6637 0.1309 0.7364
vn 0.6579 0.1850 0.7300
vn 0.6513 0.2317 0.7226
vn 0.6443 0.2719 0.7149
vn 0.6373 0.3061 0.7072
vn 0.6308 0.3351 0.6999
vn 0.6248 0.3594 0.6932
vn 0.6194 0.3795 0.6873
vn 0.6148 0.3958 0.6822
vn 0.6110 0.4088 0.6779
vn 0.6080 0.4186 0.6746
vn 0.6059 0.4255 0.6722
vn 0.6046 0.4295 0.6708
vn 0.7427 -0.0187 0.6694
vn 0.7411 0.0689 0.6679
vn 0.7364 0.1309 0.6637
vn 0.7300 0.1850 0.6579
vn 0.7226 0.2317 0.6513
vn 0.7149 0.2719 0.6443
vn 0.7072 0.3061 0.6373
vn 0.6999 0.3351 0.6308
vn 0.6932 0.3594 0.6248
vn 0.6873 0.3795 0.6194
vn 0.6822 0.3958 0.6148
vn 0.6779 0.4088 0.6110
vn 0.6746 0.4186 0.6080
vn 0.6722 0.4255 0.6059
vn 0.6708 0.4295 0.6046
vn 0.8081 -0.0187 0.5887
vn 0.8063 0.0689 0.5874
vn 0.8013 0.1309 0.5838
vn 0.7943 0.1849 0.5787
vn 0.7863 0.2317 0.5728
vn 0.7778 0.2718 0.5667
vn 0.7695 0.3060 0.5606
vn 0.7615 0.3350 0.5548
vn 0.7543 0.3593 0.5495
vn 0.7478 0.3794 0.5448
vn 0.7423 0.3958 0.5408
vn 0.7377 0.4087 0.5374
vn 0.7341 0.4185 0.5348
vn 0.7315 0.4254 0.5329
vn 0.7299 0.4295 0.5318
vn 0.8649 -0.0187 0.5015
vn 0.8630 0.0689 0.5004
vn 0.8577 0.1308 0.4973
vn 0.8502 0.1848 0.4930
vn 0.8416 0.2316 0.4880
vn 0.8326 0.2717 0.4827
vn 0.8236 0.3059 0.4776
vn 0.8152 0.3349 0.4726
vn 0.8074 0.3591 0.4681
vn 0.8005 0.3792 0.4641
vn 0.7945 0.3956 0.4607
vn 0.7896 0.4085 0.4578
vn 0.7858 0.4184 0.4556
vn 0.7830 0.4252 0.4540
vn 0.7813 0.4293 0.4530
vn 0.9126 -0.0186 0.4085
vn 0.9106 0.0688 0.4076
vn 0.9049 0.1307 0.4050
vn 0.8970 0.1847 0.4015
vn 0.8880 0.2314 0.3974
vn 0.8785 0.2715 0.3932
vn 0.8690 0.3057 0.3890
vn 0.8601 0.3347 0.3850
vn 0.8519 0.3589 0.3813
vn 0.8446 0.3790 0.3780
vn 0.8384 0.3954 0.3752
vn 0.8332 0.4083 0.3729
vn 0.8291 0.4181 0.3711
vn 0.8262 0.4250 0.3698
vn 0.8245 0.4291 0.3690
vn 0.9504 -0.0186 0.3105
vn 0.9483 0.0688 0.3098
vn 0.9424 0.1306 0.3079
vn 0.9342 0.1846 0.3052
vn 0.9248 0.2312 0.3021
vn 0.9149 0.2713 0.2989
vn 0.9051 0.3055 0.2957
vn 0.8958 0.3344 0.2927
vn 0.8873 0.3587 0.2899
vn 0.8797 0.3788 0.2874
vn 0.8732 0.3951 0.2853
vn 0.8678 0.4080 0.2835
vn 0.8636 0.4178 0.2821
vn 0.8606 0.4247 0.2812
vn 0.8587 0.4288 0.2806
vn 0.9778 -0.0186 0.2088
vn 0.9756 0.0687 0.2084
vn 0.9696 0.1305 0.2071
vn 0.9612 0.1844 0.2053
vn 0.9515 0.2310 0.2032
vn 0.9413 0.2711 0.2010
vn 0.9313 0.3053 0.1989
vn 0.9217 0.3342 0.1968
vn 0.9130 0.3584 0.1950
vn 0.9052 0.3785 0.1933
vn 0.8985 0.3948 0.1919
vn 0.8930 0.4078 0.1907
vn 0.8886 0.4176 0.1898
vn 0.8855 0.4244 0.1891
vn 0.8836 0.4285 0.1887
vn 0.9943 -0.0186 0.1048
vn 0.9921 0.0687 0.1045
vn 0.9860 0.1304 0.1039
vn 0.9775 0.1843 0.1030
vn 0.9676 0.2309 0.1019
vn 0.9573 0.2709 0.1009
vn 0.9471 0.3051 0.0998
vn 0.9374 0.3339 0.0988
vn 0.9285 0.3582 0.0978
vn 0.9206 0.3783 0.0970
vn 0.9138 0.3946 0.0963
vn 0.9082 0.4075 0.0957
vn 0.9038 0.4173 0.0952
vn 0.9006 0.4242 0.0949
vn 0.8987 0.4282 0.0947
vn 0.9998 -0.0186 -0.0000
vn 0.9976 0.0687 -0.0000
vn 0.9915 0.1304 -0.0000
vn 0.9829 0.1842 -0.0000
vn 0.9730 0.2308 -0.0000
vn 0.9626 0.2708 -0.0000
vn 0.9524 0.3050 -0.0000
vn 0.9426 0.3339 -0.0000
vn 0.9337 0.3581 -0.0000
vn 0.9257 0.3782 -0.0000
vn 0.9189 0.3945 -0.0000
vn 0.9132 0.4074 -0.0000
vn 0.9088 0.4172 -0.0000
vn 0.9056 0.4241 -0.0000
vn 0.9037 0.4281 -0.0000
vn -0.9943 -0.0186 0.1048
vn -0.9921 0.0687 0.1045
vn -0.9976 0.0687 -0.0000
vn -0.8655 0.5009 -0.0000
vn -0.9860 0.1304 0.1039
vn -0.9915 0.1304 -0.0000
vn -0.9775 0.1843 0.1030
vn -0.9829 0.1842 -0.0000
vn -0.9676 0.2309 0.1019
vn -0.9730 0.2308 -0.0000
vn -0.9573 0.2709 0.1009
vn -0.9626 0.2708 -0.0000
vn -0.9471 0.3051 0.0998
vn -0.9524 0.3050 -0.0000
vn -0.9374 0.3339 0.0988
vn -0.9426 0.3339 -0.0000
vn -0.9285 0.3582 0.0978
vn -0.9337 0.3581 -0.0000
vn -0.9206 0.3783 0.0970
vn -0.9257 0.3782 -0.0000
vn -0.9138 0.3946 0.0963
vn -0.9189 0.3945 -0.0000
vn -0.9082 0.4075 0.0957
vn -0.9132 0.4074 -0.0000
vn -0.9038 0.4173 0.0952
vn -0.9088 0.4172 -0.0000
vn -0.9006 0.4242 0.0949
vn -0.9056 0.4241 -0.0000
vn -0.8987 0.4282 0.0947
vn -0.9037 0.4281 -0.0000
vn -0.9778 -0.0186 0.2088
vn -0.9756 0.0687 0.2084
vn -0.9696 0.1305 0.2071
vn -0.9612 0.1844 0.2053
vn -0.9515 0.2310 0.2032
vn -0.9413 0.2711 0.2010
vn -0.9313 0.3053 0.1989
vn -0.9217 0.3342 0.1968
vn -0.9130 0.3584 0.1950
vn -0.9052 0.3785 0.1933
vn -0.8985 0.3948 0.1919
vn -0.8930 0.4078 0.1907
vn -0.8886 0.4176 0.1898
vn -0.8855 0.4244 0.1891
vn -0.8836 0.4285 0.1887
vn -0.9504 -0.0186 0.3105
vn -0.9483 0.0688 0.3098
vn -0.9424 0.1306 0.3079
vn -0.9342 0.1846 0.3052
vn -0.9248 0.2312 0.3021
vn -0.9149 0.2713 0.2989
vn -0.9051 0.3055 0.2957
vn -0.8958 0.3344 0.2927
vn -0.8873 0.3587 0.2899
vn -0.8797 0.3788 0.2874
vn -0.8732 0.3951 0.2853
vn -0.8678 0.4080 0.2835
vn -0.8636 0.4178 0.2821
vn -0.8606 0.4247 0.2812
vn -0.8587 0.4288 0.2806
vn -0.9126 -0.0186 0.4085
vn -0.9106 0.0688 0.4076
vn -0.9049 0.1307 0.4050
vn -0.8970 0.1847 0.4015
vn -0.8880 0.2314 0.3974
vn -0.8785 0.2715 0.3932
vn -0.8690 0.3057 0.3890
vn -0.8601 0.3347 0.3850
vn -0.8519 0.3589 0.3813
vn -0.8446 0.3790 0.3780
vn -0.8384 0.3954 0.3752
vn -0.8332 0.4083 0.3729
vn -0.8291 0.4181 0.3711
vn -0.8262 0.4250 0.3698
vn -0.8245 0.4291 0.3690
vn -0.8649 -0.0187 0.5015
vn -0.8630 0.0689 0.5004
vn -0.8577 0.1308 0.4973
vn -0.8502 0.1848 0.4930
vn -0.8416 0.2316 0.4880
vn -0.8326 0.2717 0.4827
vn -0.8236 0.3059 0.4776
vn -0.8152 0.3349 0.4726
vn -0.8074 0.3591 0.4681
vn -0.8005 0.3792 0.4641
vn -0.7945 0.3956 0.4607
vn -0.7896 0.4085 0.4578
vn -0.7858 0.4184 0.4556
vn -0.7830 0.4252 0.4540
vn -0.7813 0.4293 0.4530
vn -0.8081 -0.0187 0.5887
vn -0.8063 0.0689 0.5874
vn -0.8013 0.1309 0.5838
vn -0.7943 0.1849 0.5787
vn -0.7863 0.2317 0.5728
vn -0.7778 0.2718 0.5667
vn -0.7695 0.3060 0.5606
vn -0.7615 0.3350 0.5548
vn -0.7543 0.3593 0.5495
vn -0.7478 0.3794 0.5448
vn -0.7423 0.3958 0.5408
vn -0.7377 0.4087 0.5374
vn -0.7341 0.4185 0.5348
vn -0.7315 0.4254 0.5329
vn -0.7299 0.4295 0.5318
vn -0.7427 -0.0187 0.6694
vn -0.7411 0.0689 0.6679
vn -0.7364 0.1309 0.6637
vn -0.7300 0.1850 0.6579
vn -0.7226 0.2317 0.6513
vn -0.7149 0.2719 0.6443
vn -0.7072 0.3061 0.6373
vn -0.6999 0.3351 0.6308
vn -0.6932 0.3594 0.6248
vn -0.6873 0.3795 0.6194
vn -0.6822 0.3958 0.6148
vn -0.6779 0.4088 0.6110
vn -0.6746 0.4186 0.6080
vn -0.6722 0.4255 0.6059
vn -0.6708 0.4295 0.6046
vn -0.6694 -0.0187 0.7427
vn -0.6679 0.0689 0.7411
vn -0.6637 0.1309 0.7364
vn -0.6579 0.1850 0.7300
vn -0.6513 0.2317 0.7226
vn -0.6443 0.2719 0.7149
vn -0.6373 0.3061 0.7072
vn -0.6308 0.3351 0.6999
vn -0.6248 0.3594 0.6932
vn -0.6194 0.3795 0.6873
vn -0.6148 0.3958 0.6822
vn -0.6110 0.4088 0.6779
vn -0.6080 0.4186 0.6746
vn -0.6059 0.4255 0.6722
vn -0.6046 0.4295 0.6708
vn -0.5887 -0.0187 0.8081
vn -0.5874 0.0689 0.8063
vn -0.5838 0.1309 0.8013
vn -0.5787 0.1849 0.7943
vn -0.5728 0.2317 0.7863
vn -0.5667 0.2718 0.7778
vn -0.5606 0.3060 0.7695
vn -0.5548 0.3350 0.7615
vn -0.5495 0.3593 0.7543
vn -0.5448 0.3794 0.7478
vn -0.5408 0.3958 0.7423
vn -0.5374 0.4087 0.7377
vn -0.5348 0.4185 0.7341
vn -0.5329 0.4254 0.7315
vn -0.5318 0.4295 0.7299
vn -0.5015 -0.0187 0.8649
vn -0.5004 0.0689 0.8630
vn -0.4973 0.1308 0.8577
vn -0.4930 0.1848 0.8502
vn -0.4880 0.2316 0.8416
vn -0.4827 0.2717 0.8326
vn -0.4776 0.3059 0.8236
vn -0.4726 0.3349 0.8152
vn -0.4681 0.3591 0.8074
vn -0.4641 0.3792 0.8005
vn -0.4607 0.3956 0.7945
vn -0.4578 0.4085 0.7896
vn -0.4556 0.4184 0.7858
vn -0.4540 0.4252 0.7830
vn -0.4530 0.4293 0.7813
vn -0.4085 -0.0186 0.9126
vn -0.4076 0.0688 0.9106
vn -0.4050 0.1307 0.9049
vn -0.4015 0.1847 0.8970
vn -0.3974 0.2314 0.8880
vn -0.3932 0.2715 0.8785
vn -0.3890 0.3057 0.8690
vn -0.3850 0.3347 0.8601
vn -0.3813 0.3589 0.8519
vn -0.3780 0.3790 0.8446
vn -0.3752 0.3954 0.8384
vn -0.3729 0.4083 0.8332
vn -0.3711 0.4181 0.8291
vn -0.3698 0.4250 0.8262
vn -0.3690 0.4291 0.8245
vn -0.3105 -0.0186 0.9504
vn -0.3098 0.0688 0.9483
vn -0.3079 0.1306 0.9424
vn -0.3052 0.1846 0.9342
vn -0.3021 0.2312 0.9248
vn -0.2989 0.2713 0.9149
vn -0.2957 0.3055 0.9051
vn -0.2927 0.3344 0.8958
vn -0.2899 0.3587 0.8873
vn -0.2874 0.3788 0.8797
vn -0.2853 0.3951 0.8732
vn -0.2835 0.4080 0.8678
vn -0.2821 0.4178 0.8636
vn -0.2812 0.4247 0.8606
vn -0.2806 0.4288 0.8587
vn -0.2088 -0.0186 0.9778
vn -0.2084 0.0687 0.9756
vn -0.2071 0.1305 0.9696
vn -0.2053 0.1844 0.9612
vn -0.2032 0.2310 0.9515
vn -0.2010 0.2711 0.9413
vn -0.1989 0.3053 0.9313
vn -0.1968 0.3342 0.9217
vn -0.1950 0.3584 0.9130
vn -0.1933 0.3785 0.9052
vn -0.1919 0.3948 0.8985
vn -0.1907 0.4078 0.8930
vn -0.1898 0.4176 0.8886
vn -0.1891 0.4244 0.8855
vn -0.1887 0.4285 0.8836
vn -0.1048 -0.0186 0.9943
vn -0.1045 0.0687 0.9921
vn -0.1039 0.1304 0.9860
vn -0.1030 0.1843 0.9775
vn -0.1019 0.2309 0.9676
vn -0.1009 0.2709 0.9573
vn -0.0998 0.3051 0.9471
vn -0.0988 0.3339 0.9374
vn -0.0978 0.3582 0.9285
vn -0.0970 0.3783 0.9206
vn -0.0963 0.3946 0.9138
vn -0.0957 0.4075 0.9082
vn -0.0952 0.4173 0.9038
vn -0.0949 0.4242 0.9006
vn -0.0947 0.4282 0.8987
vn -0.1048 -0.0186 -0.9943
vn -0.1045 0.0687 -0.9921
vn -0.0000 0.0687 -0.9976
vn -0.0000 -0.0186 -0.9998
vn -0.1039 0.1304 -0.9860
vn -0.0000 0.1304 -0.9915
vn -0.1030 0.1843 -0.9775
vn -0.0000 0.1842 -0.9829
vn -0.1019 0.2309 -0.9676
vn -0.0000 0.2308 -0.9730
vn -0.1009 0.2709 -0.9573
vn -0.0000 0.2708 -0.9626
vn -0.0998 0.3051 -0.9471
vn -0.0000 0.3050 -0.9524
vn -0.0988 0.3339 -0.9374
vn -0.0000 0.3339 -0.9426
vn -0.0978 0.3582 -0.9285
vn -0.0000 0.3581 -0.9337
vn -0.0970 0.3783 -0.9206
vn -0.0000 0.3782 -0.9257
vn -0.0963 0.3946 -0.9138
vn -0.0000 0.3945 -0.9189
vn -0.0957 0.4075 -0.9082
vn -0.0000 0.4074 -0.9132
vn -0.0952 0.4173 -0.9038
vn -0.0000 0.4172 -0.9088
vn -0.0949 0.4242 -0.9006
vn -0.0000 0.4241 -0.9056
vn -0.0947 0.4282 -0.8987
vn -0.0000 0.4281 -0.9037
vn -0.2088 -0.0186 -0.9778
vn -0.2084 0.0687 -0.9756
vn -0.2071 0.1305 -0.9696
vn -0.2053 0.1844 -0.9612
vn -0.2032 0.2310 -0.9515
vn -0.2010 0.2711 -0.9413
vn -0.1989 0.3053 -0.9313
vn -0.1968 0.3342 -0.9217
vn -0.1950 0.3584 -0.9130
vn -0.1933 0.3785 -0.9052
vn -0.1919 0.3948 -0.8985
vn -0.1907 0.4078 -0.8930
vn -0.1898 0.4176 -0.8886
vn -0.1891 0.4244 -0.8855
vn -0.1887 0.4285 -0.8836
vn -0.3105 -0.0186 -0.9504
vn -0.3098 0.0688 -0.9483
vn -0.3079 0.1306 -0.9424
vn -0.3052 0.1846 -0.9342
vn -0.3021 0.2312 -0.9248
vn -0.2989 0.2713 -0.9149
vn -0.2957 0.3055 -0.9051
vn -0.2927 0.3344 -0.8958
vn -0.2899 0.3587 -0.8873
vn -0.2874 0.3788 -0.8797
vn -0.2853 0.3951 -0.8732
vn -0.2835 0.4080 -0.8678
vn -0.2821 0.4178 -0.8636
vn -0.2812 0.4247 -0.8606
vn -0.2806 0.4288 -0.8587
vn -0.4085 -0.0186 -0.9126
vn -0.4076 0.0688 -0.9106
vn -0.4050 0.1307 -0.9049
vn -0.4015 0.1847 -0.8970
vn -0.3974 0.2314 -0.8880
vn -0.3932 0.2715 -0.8785
vn -0.3890 0.3057 -0.8690
vn -0.3850 0.3347 -0.8601
vn -0.3813 0.3589 -0.8519
vn -0.3780 0.3790 -0.8446
vn -0.3752 0.3954 -0.8384
vn -0.3729 0.4083 -0.8332
vn -0.3711 0.4181 -0.8291
vn -0.3698 0.4250 -0.8262
vn -0.3690 0.4291 -0.8245
vn -0.5015 -0.0187 -0.8649
vn -0.5004 0.0689 -0.8630
vn -0.4973 0.1308 -0.8577
vn -0.4930 0.1848 -0.8502
vn -0.4880 0.2316 -0.8416
vn -0.4827 0.2717 -0.8326
vn -0.4776 0.3059 -0.8236
vn -0.4726 0.3349 -0.8152
vn -0.4681 0.3591 -0.8074
vn -0.4641 0.3792 -0.8005
vn -0.4607 0.3956 -0.7945
vn -0.4578 0.4085 -0.7896
vn -0.4556 0.4184 -0.7858
vn -0.4540 0.4252 -0.7830
vn -0.4530 0.4293 -0.7813
vn -0.5887 -0.0187 -0.8081
vn -0.5874 0.0689 -0.8063
vn -0.5838 0.1309 -0.8013
vn -0.5787 0.1849 -0.7943
vn -0.5728 0.2317 -0.7863
vn -0.5667 0.2718 -0.7778
vn -0.5606 0.3060 -0.7695
vn -0.5548 0.3350 -0.7615
vn -0.5495 0.3593 -0.7543
vn -0.5448 0.3794 -0.7478
vn -0.5408 0.3958 -0.7423
vn -0.5374 0.4087 -0.7377
vn -0.5348 0.4185 -0.7341
vn -0.5329 0.4254 -0.7315
vn -0.5318 0.4295 -0.7299
vn -0.6694 -0.0187 -0.7427
vn -0.6679 0.0689 -0.7411
vn -0.6637 0.1309 -0.7364
vn -0.6579 0.1850 -0.7300
vn -0.6513 0.2317 -0.7226
vn -0.6443 0.2719 -0.7149
vn -0.6373 0.3061 -0.7072
vn -0.6308 0.3351 -0.6999
vn -0.6248 0.3594 -0.6932
vn -0.6194 0.3795 -0.6873
vn -0.6148 0.3958 -0.6822
vn -0.6110 0.4088 -0.6779
vn -0.6080 0.4186 -0.6746
vn -0.6059 0.4255 -0.6722
vn -0.6046 0.4295 -0.6708
vn -0.7427 -0.0187 -0.6694
vn -0.7411 0.0689 -0.6679
vn -0.7364 0.1309 -0.6637
vn -0.7300 0.1850 -0.6579
vn -0.7226 0.2317 -0.6513
vn -0.7149 0.2719 -0.6443
vn -0.7072 0.3061 -0.6373
vn -0.6999 0.3351 -0.6308
vn -0.6932 0.3594 -0.6248
vn -0.6873 0.3795 -0.6194
vn -0.6822 0.3958 -0.6148
vn -0.6779 0.4088 -0.6110
vn -0.6746 0.4186 -0.6080
vn -0.6722 0.4255 -0.6059
vn -0.6708 0.4295 -0.6046
vn -0.8081 -0.0187 -0.5887
vn -0.8063 0.0689 -0.5874
vn -0.8013 0.1309 -0.5838
vn -0.7943 0.1849 -0.5787
vn -0.7863 0.2317 -0.5728
vn -0.7778 0.2718 -0.5667
vn -0.7695 0.3060 -0.5606
vn -0.7615 0.3350 -0.5548
vn -0.7543 0.3593 -0.5495
vn -0.7478 0.3794 -0.5448
vn -0.7423 0.3958 -0.5408
vn -0.7377 0.4087 -0.5374
vn -0.7341 0.4185 -0.5348
vn -0.7315 0.4254 -0.5329
vn -0.7299 0.4295 -0.5318
vn -0.8649 -0.0187 -0.5015
vn -0.8630 0.0689 -0.5004
vn -0.8577 0.1308 -0.4973
vn -0.8502 0.1848 -0.4930
vn -0.8416 0.2316 -0.4880
vn -0.8326 0.2717 -0.4827
vn -0.8236 0.3059 -0.4776
vn -0.8152 0.3349 -0.4726
vn -0.8074 0.3591 -0.4681
vn -0.8005 0.3792 -0.4641
vn -0.7945 0.3956 -0.4607
vn -0.7896 0.4085 -0.4578
vn -0.7858 0.4184 -0.4556
vn -0.7830 0.4252 -0.4540
vn -0.7813 0.4293 -0.4530
vn -0.9126 -0.0186 -0.4085
vn -0.9106 0.0688 -0.4076
vn -0.9049 0.1307 -0.4050
vn -0.8970 0.1847 -0.4015
vn -0.8880 0.2314 -0.3974
vn -0.8785 0.2715 -0.3932
vn -0.8690 0.3057 -0.3890
vn -0.8601 0.3347 -0.3850
vn -0.8519 0.3589 -0.3813
vn -0.8446 0.3790 -0.3780
vn -0.8384 0.3954 -0.3752
vn -0.8332 0.4083 -0.3729
vn -0.8291 0.4181 -0.3711
vn -0.8262 0.4250 -0.3698
vn -0.8245 0.4291 -0.3690
vn -0.9504 -0.0186 -0.3105
vn -0.9483 0.0688 -0.3098
vn -0.9424 0.1306 -0.3079
vn -0.9342 0.1846 -0.3052
vn -0.9248 0.2312 -0.3021
vn -0.9149 0.2713 -0.2989
vn -0.9051 0.3055 -0.2957
vn -0.8958 0.3344 -0.2927
vn -0.8873 0.3587 -0.2899
vn -0.8797 0.3788 -0.2874
vn -0.8732 0.3951 -0.2853
vn -0.8678 0.4080 -0.2835
vn -0.8636 0.4178 -0.2821
vn -0.8606 0.4247 -0.2812
vn -0.8587 0.4288 -0.2806
vn -0.9778 -0.0186 -0.2088
vn -0.9756 0.0687 -0.2084
vn -0.9696 0.1305 -0.2071
vn -0.9612 0.1844 -0.2053
vn -0.9515 0.2310 -0.2032
vn -0.9413 0.2711 -0.2010
vn -0.9313 0.3053 -0.1989
vn -0.9217 0.3342 -0.1968
vn -0.9130 0.3584 -0.1950
vn -0.9052 0.3785 -0.1933
vn -0.8985 0.3948 -0.1919
vn -0.8930 0.4078 -0.1907
vn -0.8886 0.4176 -0.1898
vn -0.8855 0.4244 -0.1891
vn -0.8836 0.4285 -0.1887
vn -0.9943 -0.0186 -0.1048
vn -0.9921 0.0687 -0.1045
vn -0.9860 0.1304 -0.1039
vn -0.9775 0.1843 -0.1030
vn -0.9676 0.2309 -0.1019
vn -0.9573 0.2709 -0.1009
vn -0.9471 0.3051 -0.0998
vn -0.9374 0.3340 -0.0988
vn -0.9285 0.3582 -0.0978
vn -0.9206 0.3783 -0.0970
vn -0.9138 0.3946 -0.0963
vn -0.9082 0.4075 -0.0957
vn -0.9038 0.4173 -0.0952
vn -0.9006 0.4242 -0.0949
vn -0.8987 0.4282 -0.0947
vn 0.9943 -0.0186 -0.1048
vn 0.9921 0.0687 -0.1045
vn 0.9860 0.1304 -0.1039
vn 0.9775 0.1843 -0.1030
vn 0.9676 0.2309 -0.1019
vn 0.9573 0.2709 -0.1009
vn 0.9471 0.3051 -0.0998
vn 0.9374 0.3339 -0.0988
vn 0.9285 0.3582 -0.0978
vn 0.9206 0.3783 -0.0970
vn 0.9138 0.3946 -0.0963
vn 0.9082 0.4075 -0.0957
vn 0.9038 0.4173 -0.0952
vn 0.9006 0.4242 -0.0949
vn 0.8987 0.4282 -0.0947
vn 0.9778 -0.0186 -0.2088
vn 0.9756 0.0687 -0.2084
vn 0.9696 0.1305 -0.2071
vn 0.9612 0.1844 -0.2053
vn 0.9515 0.2310 -0.2032
vn 0.9413 0.2711 -0.2010
vn 0.9313 0.3053 -0.1989
vn 0.9217 0.3342 -0.1968
vn 0.9130 0.3584 -0.1950
vn 0.9052 0.3785 -0.1933
vn 0.8985 0.3948 -0.1919
vn 0.8930 0.4078 -0.1907
vn 0.8886 0.4176 -0.1898
vn 0.8855 0.4244 -0.1891
vn 0.8836 0.4285 -0.1887
vn 0.9504 -0.0186 -0.3105
vn 0.9483 0.0688 -0.3098
vn 0.9424 0.1306 -0.3079
vn 0.9342 0.1846 -0.3052
vn 0.9248 0.2312 -0.3021
vn 0.9149 0.2713 -0.2989
vn 0.9051 0.3055 -0.2957
vn 0.8958 0.3344 -0.2927
vn 0.8873 0.3587 -0.2899
vn 0.8797 0.3788 -0.2874
vn 0.8732 0.3951 -0.2853
vn 0.8678 0.4080 -0.2835
vn 0.8636 0.4178 -0.2821
vn 0.8606 0.4247 -0.2812
vn 0.8587 0.4288 -0.2806
vn 0.9126 -0.0186 -0.4085
vn 0.9106 0.0688 -0.4076
vn 0.9049 0.1307 -0.4050
vn 0.8970 0.1847 -0.4015
vn 0.8880 0.2314 -0.3974
vn 0.8785 0.2715 -0.3932
vn 0.8690 0.3057 -0.3890
vn 0.8601 0.3347 -0.3850
vn 0.8519 0.3589 -0.3813
vn 0.8446 0.3790 -0.3780
vn 0.8384 0.3954 -0.3752
vn 0.8332 0.4083 -0.3729
vn 0.8291 0.4181 -0.3711
vn 0.8262 0.4250 -0.3698
vn 0.8245 0.4291 -0.3690
vn 0.8649 -0.0187 -0.5015
vn 0.8630 0.0689 -0.5004
vn 0.8577 0.1308 -0.4973
vn 0.8502 0.1848 -0.4930
vn 0.8416 0.2316 -0.4880
vn 0.8326 0.2717 -0.4827
vn 0.8236 0.3059 -0.4776
vn 0.8152 0.3349 -0.4726
vn 0.8074 0.3591 -0.4681
vn 0.8005 0.3792 -0.4641
vn 0.7945 0.3956 -0.4607
vn 0.7896 0.4085 -0.4578
vn 0.7858 0.4184 -0.4556
vn 0.7830 0.4252 -0.4540
vn 0.7813 0.4293 -0.4530
vn 0.8081 -0.0187 -0.5887
vn 0.8063 0.0689 -0.5874
vn 0.8013 0.1309 -0.5838
vn 0.7943 0.1849 -0.5787
vn 0.7863 0.2317 -0.5728
vn 0.7778 0.2718 -0.5667
vn 0.7695 0.3060 -0.5606
vn 0.7615 0.3350 -0.5548
vn 0.7543 0.3593 -0.5495
vn 0.7478 0.3794 -0.5448
vn 0.7423 0.3958 -0.5408
vn 0.7377 0.4087 -0.5374
vn 0.7341 0.4185 -0.5348
vn 0.7315 0.4254 -0.5329
vn 0.7299 0.4295 -0.5318
vn 0.7427 -0.0187 -0.6694
vn 0.7411 0.0689 -0.6679
vn 0.7364 0.1309 -0.6637
vn 0.7300 0.1850 -0.6579
vn 0.7226 0.2317 -0.6513
vn 0.7149 0.2719 -0.6443
vn 0.7072 0.3061 -0.6373
vn 0.6999 0.3351 -0.6308
vn 0.6932 0.3594 -0.6248
vn 0.6873 0.3795 -0.6194
vn 0.6822 0.3958 -0.6148
vn 0.6779 0.4088 -0.6110
vn 0.6746 0.4186 -0.6080
vn 0.6722 0.4255 -0.6059
vn 0.6708 0.4295 -0.6046
vn 0.6694 -0.0187 -0.7427
vn 0.6679 0.0689 -0.7411
vn 0.6637 0.1309 -0.7364
vn 0.6579 0.1850 -0.7300
vn 0.6513 0.2317 -0.7226
vn 0.6443 0.2719 -0.7149
vn 0.6373 0.3061 -0.7072
vn 0.6308 0.3351 -0.6999
vn 0.6248 0.3594 -0.6932
vn 0.6194 0.3795 -0.6873
vn 0.6148 0.3958 -0.6822
vn 0.6110 0.4088 -0.6779
vn 0.6080 0.4186 -0.6746
vn 0.6059 0.4255 -0.6722
vn 0.6046 0.4295 -0.6708
vn 0.5887 -0.0187 -0.8081
vn 0.5874 0.0689 -0.8063
vn 0.5838 0.1309 -0.8013
vn 0.5787 0.1849 -0.7943
vn 0.5728 0.2317 -0.7863
vn 0.5667 0.2718 -0.7778
vn 0.5606 0.3060 -0.7695
vn 0.5548 0.3350 -0.7615
vn 0.5495 0.3593 -0.7543
vn 0.5448 0.3794 -0.7478
vn 0.5408 0.3958 -0.7423
vn 0.5374 0.4087 -0.7377
vn 0.5348 0.4185 -0.7341
vn 0.5329 0.4254 -0.7315
vn 0.5318 0.4295 -0.7299
vn 0.5015 -0.0187 -0.8649
vn 0.5004 0.0689 -0.8630
vn 0.4973 0.1308 -0.8577
vn 0.4930 0.1848 -0.8502
vn 0.4880 0.2316 -0.8416
vn 0.4827 0.2717 -0.8326
vn 0.4776 0.3059 -0.8236
vn 0.4726 0.3349 -0.8152
vn 0.4681 0.3591 -0.8074
vn 0.4641 0.3792 -0.8005
vn 0.4607 0.3956 -0.7945
vn 0.4578 0.4085 -0.7896
vn 0.4556 0.4184 -0.7858
vn 0.4540 0.4252 -0.7830
vn 0.4530 0.4293 -0.7813
vn 0.4085 -0.0186 -0.9126
vn 0.4076 0.0688 -0.9106
vn 0.4050 0.1307 -0.9049
vn 0.4015 0.1847 -0.8970
vn 0.3974 0.2314 -0.8880
vn 0.3932 0.2715 -0.8785
vn 0.3890 0.3057 -0.8690
vn 0.3850 0.3347 -0.8601
vn 0.3813 0.3589 -0.8519
vn 0.3780 0.3790 -0.8446
vn 0.3752 0.3954 -0.8384
vn 0.3729 0.4083 -0.8332
vn 0.3711 0.4181 -0.8291
vn 0.3698 0.4250 -0.8262
vn 0.3690 0.4291 -0.8245
vn 0.3105 -0.0186 -0.9504
vn 0.3098 0.0688 -0.9483
vn 0.3079 0.1306 -0.9424
vn 0.3052 0.1846 -0.9342
vn 0.3021 0.2312 -0.9248
vn 0.2989 0.2713 -0.9149
vn 0.2957 0.3055 -0.9051
vn 0.2927 0.3344 -0.8958
vn 0.2899 0.3587 -0.8873
vn 0.2874 0.3788 -0.8797
vn 0.2853 0.3951 -0.8732
vn 0.2835 0.4080 -0.8678
vn 0.2821 0.4178 -0.8636
vn 0.2812 0.4247 -0.8606
vn 0.2806 0.4288 -0.8587
vn 0.2088 -0.0186 -0.9778
vn 0.2084 0.0687 -0.9756
vn 0.2071 0.1305 -0.9696
vn 0.2053 0.1844 -0.9612
vn 0.2032 0.2310 -0.9515
vn 0.2010 0.2711 -0.9413
vn 0.1989 0.3053 -0.9313
vn 0.1968 0.3342 -0.9217
vn 0.1950 0.3584 -0.9130
vn 0.1933 0.3785 -0.9052
vn 0.1919 0.3948 -0.8985
vn 0.1907 0.4078 -0.8930
vn 0.1898 0.4176 -0.8886
vn 0.1891 0.4244 -0.8855
vn 0.1887 0.4285 -0.8836
vn 0.1048 -0.0186 -0.9943
vn 0.1045 0.0687 -0.9921
vn 0.1039 0.1304 -0.9860
vn 0.1030 0.1843 -0.9775
vn 0.1019 0.2309 -0.9676
vn 0.1009 0.2709 -0.9573
vn 0.0998 0.3051 -0.9471
vn 0.0988 0.3339 -0.9374
vn 0.0978 0.3582 -0.9285
vn 0.0970 0.3783 -0.9206
vn 0.0963 0.3946 -0.9138
vn 0.0957 0.4075 -0.9082
vn 0.0952 0.4173 -0.9038
vn 0.0949 0.4242 -0.9006
vn 0.0947 0.4282 -0.8987
vn 0.1021 -0.2241 0.9692
vn 0.0902 -0.5086 0.8563
vn -0.0000 -0.5085 0.8611
vn -0.0000 -0.2240 0.9746
vn 0.0754 -0.6942 0.7159
vn -0.0000 -0.6940 0.7199
vn 0.0690 -0.7528 0.6546
vn -0.0000 -0.7527 0.6583
vn 0.0668 -0.7707 0.6337
vn -0.0000 -0.7706 0.6374
vn 0.0669 -0.7693 0.6354
vn -0.0000 -0.7692 0.6390
vn 0.0687 -0.7553 0.6517
vn -0.0000 -0.7552 0.6555
vn 0.0715 -0.7305 0.6792
vn -0.0000 -0.7304 0.6831
vn 0.0754 -0.6944 0.7156
vn -0.0000 -0.6943 0.7197
vn 0.0800 -0.6456 0.7595
vn -0.0000 -0.6455 0.7638
vn 0.0852 -0.5818 0.8088
vn -0.0000 -0.5817 0.8134
vn 0.0907 -0.5006 0.8609
vn -0.0000 -0.5005 0.8657
vn 0.0960 -0.4001 0.9114
vn -0.0000 -0.4000 0.9165
vn 0.1006 -0.2803 0.9546
vn -0.0000 -0.2803 0.9599
vn 0.1037 -0.1444 0.9841
vn -0.0000 -0.1444 0.9895
vn 0.1798 -0.5089 0.8419
vn 0.1503 -0.6944 0.7037
vn 0.1374 -0.7531 0.6434
vn 0.1330 -0.7709 0.6229
vn 0.1334 -0.7695 0.6245
vn 0.1368 -0.7556 0.6406
vn 0.1426 -0.7307 0.6676
vn 0.1502 -0.6946 0.7035
vn 0.1594 -0.6458 0.7466
vn 0.1698 -0.5821 0.7952
vn 0.1808 -0.5009 0.8464
vn 0.1914 -0.4004 0.8961
vn 0.2005 -0.2805 0.9387
vn 0.2067 -0.1445 0.9677
vn 0.3026 -0.2244 0.9263
vn 0.2673 -0.5092 0.8181
vn 0.2234 -0.6947 0.6837
vn 0.2042 -0.7533 0.6251
vn 0.1977 -0.7712 0.6052
vn 0.1982 -0.7698 0.6067
vn 0.2033 -0.7558 0.6224
vn 0.2119 -0.7310 0.6487
vn 0.2233 -0.6949 0.6835
vn 0.2370 -0.6462 0.7255
vn 0.2524 -0.5824 0.7727
vn 0.2687 -0.5012 0.8225
vn 0.2846 -0.4007 0.8709
vn 0.2981 -0.2807 0.9123
vn 0.3073 -0.1446 0.9406
vn 0.3515 -0.5095 0.7854
vn 0.2937 -0.6950 0.6563
vn 0.2685 -0.7536 0.6000
vn 0.2600 -0.7714 0.5808
vn 0.2606 -0.7701 0.5823
vn 0.2674 -0.7561 0.5974
vn 0.2786 -0.7313 0.6226
vn 0.2936 -0.6952 0.6561
vn 0.3117 -0.6465 0.6964
vn 0.3320 -0.5827 0.7418
vn 0.3534 -0.5015 0.7897
vn 0.3743 -0.4009 0.8362
vn 0.3921 -0.2810 0.8760
vn 0.4042 -0.1448 0.9031
vn 0.4315 -0.5097 0.7443
vn 0.3605 -0.6952 0.6218
vn 0.3296 -0.7538 0.5684
vn 0.3191 -0.7716 0.5503
vn 0.3199 -0.7703 0.5517
vn 0.3281 -0.7563 0.5660
vn 0.3420 -0.7315 0.5899
vn 0.3604 -0.6955 0.6216
vn 0.3826 -0.6467 0.6598
vn 0.4075 -0.5830 0.7029
vn 0.4339 -0.5018 0.7483
vn 0.4595 -0.4012 0.7924
vn 0.4814 -0.2811 0.8302
vn 0.4963 -0.1449 0.8560
vn 0.5738 -0.2248 0.7876
vn 0.5066 -0.5098 0.6953
vn 0.4232 -0.6954 0.5808
vn 0.3868 -0.7540 0.5309
vn 0.3744 -0.7718 0.5140
vn 0.3754 -0.7704 0.5153
vn 0.3851 -0.7565 0.5286
vn 0.4014 -0.7317 0.5510
vn 0.4230 -0.6956 0.5806
vn 0.4490 -0.6469 0.6163
vn 0.4784 -0.5832 0.6566
vn 0.5093 -0.5019 0.6991
vn 0.5393 -0.4013 0.7403
vn 0.5651 -0.2813 0.7756
vn 0.5826 -0.1449 0.7997
vn 0.6523 -0.2248 0.7238
vn 0.5759 -0.5099 0.6390
vn 0.4811 -0.6955 0.5338
vn 0.4397 -0.7540 0.4879
vn 0.4257 -0.7718 0.4723
vn 0.4268 -0.7705 0.4735
vn 0.4378 -0.7565 0.4858
vn 0.4563 -0.7317 0.5063
vn 0.4809 -0.6957 0.5336
vn 0.5105 -0.6470 0.5664
vn 0.5438 -0.5833 0.6034
vn 0.5790 -0.5020 0.6424
vn 0.6132 -0.4014 0.6804
vn 0.6424 -0.2813 0.7128
vn 0.6624 -0.1450 0.7350
vn 0.6390 -0.5099 0.5759
vn 0.5338 -0.6955 0.4811
vn 0.4879 -0.7540 0.4397
vn 0.4723 -0.7718 0.4257
vn 0.4735 -0.7705 0.4268
vn 0.4858 -0.7565 0.4378
vn 0.5063 -0.7317 0.4563
vn 0.5336 -0.6957 0.4809
vn 0.5664 -0.6470 0.5105
vn 0.6034 -0.5833 0.5438
vn 0.6424 -0.5020 0.5790
vn 0.6804 -0.4014 0.6132
vn 0.7128 -0.2813 0.6424
vn 0.7350 -0.1450 0.6624
vn 0.7876 -0.2248 0.5738
vn 0.6953 -0.5098 0.5066
vn 0.5808 -0.6954 0.4232
vn 0.5309 -0.7540 0.3868
vn 0.5140 -0.7718 0.3744
vn 0.5153 -0.7704 0.3754
vn 0.5286 -0.7565 0.3851
vn 0.5510 -0.7317 0.4014
vn 0.5806 -0.6956 0.4230
vn 0.6163 -0.6469 0.4490
vn 0.6566 -0.5832 0.4784
vn 0.6991 -0.5019 0.5093
vn 0.7403 -0.4013 0.5393
vn 0.7756 -0.2813 0.5651
vn 0.7997 -0.1449 0.5826
vn 0.7443 -0.5097 0.4315
vn 0.6218 -0.6952 0.3605
vn 0.5684 -0.7538 0.3296
vn 0.5503 -0.7716 0.3191
vn 0.5517 -0.7703 0.3199
vn 0.5660 -0.7563 0.3281
vn 0.5899 -0.7315 0.3420
vn 0.6216 -0.6955 0.3604
vn 0.6598 -0.6467 0.3826
vn 0.7029 -0.5830 0.4075
vn 0.7483 -0.5018 0.4339
vn 0.7924 -0.4012 0.4595
vn 0.8302 -0.2811 0.4814
vn 0.8560 -0.1448 0.4963
vn 0.8895 -0.2245 0.3981
vn 0.7854 -0.5095 0.3515
vn 0.6563 -0.6950 0.2937
vn 0.6000 -0.7536 0.2685
vn 0.5808 -0.7714 0.2600
vn 0.5823 -0.7701 0.2606
vn 0.5974 -0.7561 0.2674
vn 0.6226 -0.7313 0.2786
vn 0.6561 -0.6952 0.2936
vn 0.6964 -0.6465 0.3117
vn 0.7418 -0.5827 0.3320
vn 0.7897 -0.5015 0.3534
vn 0.8362 -0.4009 0.3743
vn 0.8760 -0.2810 0.3921
vn 0.9031 -0.1448 0.4042
vn 0.8181 -0.5092 0.2673
vn 0.6837 -0.6947 0.2234
vn 0.6251 -0.7533 0.2042
vn 0.6052 -0.7712 0.1977
vn 0.6067 -0.7698 0.1982
vn 0.6224 -0.7558 0.2033
vn 0.6486 -0.7310 0.2119
vn 0.6835 -0.6949 0.2233
vn 0.7255 -0.6462 0.2370
vn 0.7727 -0.5824 0.2525
vn 0.8225 -0.5012 0.2687
vn 0.8709 -0.4007 0.2846
vn 0.9123 -0.2807 0.2981
vn 0.9406 -0.1446 0.3073
vn 0.8419 -0.5089 0.1798
vn 0.7037 -0.6944 0.1503
vn 0.6434 -0.7531 0.1374
vn 0.6229 -0.7709 0.1330
vn 0.6245 -0.7695 0.1334
vn 0.6406 -0.7556 0.1368
vn 0.6676 -0.7307 0.1426
vn 0.7035 -0.6946 0.1502
vn 0.7466 -0.6458 0.1594
vn 0.7952 -0.5821 0.1698
vn 0.8464 -0.5009 0.1808
vn 0.8961 -0.4004 0.1914
vn 0.9387 -0.2805 0.2005
vn 0.9677 -0.1445 0.2067
vn 0.9692 -0.2241 0.1021
vn 0.8563 -0.5086 0.0902
vn 0.7159 -0.6942 0.0754
vn 0.6546 -0.7528 0.0690
vn 0.6337 -0.7707 0.0668
vn 0.6354 -0.7693 0.0669
vn 0.6517 -0.7553 0.0687
vn 0.6792 -0.7305 0.0715
vn 0.7156 -0.6944 0.0754
vn 0.7595 -0.6456 0.0800
vn 0.8088 -0.5818 0.0852
vn 0.8609 -0.5006 0.0907
vn 0.9114 -0.4001 0.0960
vn 0.9546 -0.2803 0.1006
vn 0.9841 -0.1444 0.1037
vn 0.9746 -0.2240 -0.0000
vn 0.8611 -0.5085 -0.0000
vn 0.7199 -0.6940 -0.0000
vn 0.6583 -0.7527 -0.0000
vn 0.6374 -0.7706 -0.0000
vn 0.6390 -0.7692 -0.0000
vn 0.6555 -0.7552 -0.0000
vn 0.6831 -0.7304 -0.0000
vn 0.7197 -0.6943 -0.0000
vn 0.7638 -0.6455 -0.0000
vn 0.8134 -0.5817 -0.0000
vn 0.8657 -0.5005 -0.0000
vn 0.9165 -0.4000 -0.0000
vn 0.9599 -0.2803 -0.0000
vn 0.9895 -0.1444 -0.0000
vn -0.9692 -0.2241 0.1021
vn -0.8563 -0.5086 0.0902
vn -0.8611 -0.5085 -0.0000
vn -0.9746 -0.2240 -0.0000
vn -0.7159 -0.6942 0.0754
vn -0.7199 -0.6940 -0.0000
vn -0.6546 -0.7528 0.0690
vn -0.6583 -0.7527 -0.0000
vn -0.6337 -0.7707 0.0668
vn -0.6374 -0.7706 -0.0000
vn -0.6354 -0.7693 0.0669
vn -0.6390 -0.7692 -0.0000
vn -0.6517 -0.7553 0.0687
vn -0.6555 -0.7552 -0.0000
vn -0.6792 -0.7305 0.0715
vn -0.6831 -0.7304 -0.0000
vn -0.7156 -0.6944 0.0754
vn -0.7197 -0.6943 -0.0000
vn -0.7595 -0.6456 0.0800
vn -0.7638 -0.6455 -0.0000
vn -0.8088 -0.5818 0.0852
vn -0.8134 -0.5817 -0.0000
vn -0.8609 -0.5006 0.0907
vn -0.8657 -0.5005 -0.0000
vn -0.9114 -0.4001 0.0960
vn -0.9165 -0.4000 -0.0000
vn -0.9546 -0.2803 0.1006
vn -0.9599 -0.2803 -0.0000
vn -0.9841 -0.1444 0.1037
vn -0.9895 -0.1444 -0.0000
vn -0.8419 -0.5089 0.1798
vn -0.7037 -0.6944 0.1503
vn -0.6434 -0.7531 0.1374
vn -0.6229 -0.7709 0.1330
vn -0.6245 -0.7695 0.1334
vn -0.6406 -0.7556 0.1368
vn -0.6676 -0.7307 0.1426
vn -0.7035 -0.6946 0.1502
vn -0.7466 -0.6458 0.1594
vn -0.7952 -0.5821 0.1698
vn -0.8464 -0.5009 0.1808
vn -0.8961 -0.4004 0.1914
vn -0.9387 -0.2805 0.2005
vn -0.9677 -0.1445 0.2067
vn -0.9263 -0.2244 0.3026
vn -0.8181 -0.5092 0.2673
vn -0.6837 -0.6947 0.2234
vn -0.6251 -0.7533 0.2042
vn -0.6052 -0.7712 0.1977
vn -0.6067 -0.7698 0.1982
vn -0.6224 -0.7558 0.2033
vn -0.6487 -0.7310 0.2119
vn -0.6835 -0.6949 0.2233
vn -0.7255 -0.6462 0.2370
vn -0.7727 -0.5824 0.2524
vn -0.8225 -0.5012 0.2687
vn -0.8709 -0.4007 0.2846
vn -0.9123 -0.2807 0.2981
vn -0.9406 -0.1446 0.3073
vn -0.7854 -0.5095 0.3515
vn -0.6563 -0.6950 0.2937
vn -0.6000 -0.7536 0.2685
vn -0.5808 -0.7714 0.2600
vn -0.5823 -0.7701 0.2606
vn -0.5974 -0.7561 0.2674
vn -0.6226 -0.7313 0.2786
vn -0.6561 -0.6952 0.2936
vn -0.6964 -0.6465 0.3117
vn -0.7418 -0.5827 0.3320
vn -0.7897 -0.5015 0.3534
vn -0.8362 -0.4009 0.3743
vn -0.8760 -0.2810 0.3921
vn -0.9031 -0.1448 0.4042
vn -0.7443 -0.5097 0.4315
vn -0.6218 -0.6952 0.3605
vn -0.5684 -0.7538 0.3296
vn -0.5503 -0.7716 0.3191
vn -0.5517 -0.7703 0.3199
vn -0.5660 -0.7563 0.3281
vn -0.5899 -0.7315 0.3420
vn -0.6216 -0.6955 0.3604
vn -0.6598 -0.6467 0.3826
vn -0.7029 -0.5830 0.4075
vn -0.7483 -0.5018 0.4339
vn -0.7924 -0.4011 0.4595
vn -0.8302 -0.2811 0.4814
vn -0.8560 -0.1449 0.4963
vn -0.7876 -0.2248 0.5738
vn -0.6953 -0.5098 0.5066
vn -0.5808 -0.6954 0.4232
vn -0.5309 -0.7540 0.3868
vn -0.5140 -0.7718 0.3744
vn -0.5153 -0.7704 0.3754
vn -0.5286 -0.7565 0.3851
vn -0.5510 -0.7317 0.4014
vn -0.5806 -0.6956 0.4230
vn -0.6163 -0.6469 0.4490
vn -0.6566 -0.5832 0.4783
vn -0.6991 -0.5019 0.5093
vn -0.7403 -0.4013 0.5394
vn -0.7756 -0.2813 0.5651
vn -0.7997 -0.1449 0.5826
vn -0.7238 -0.2248 0.6523
vn -0.6390 -0.5099 0.5759
vn -0.5338 -0.6955 0.4811
vn -0.4879 -0.7540 0.4397
vn -0.4723 -0.7718 0.4257
vn -0.4735 -0.7705 0.4268
vn -0.4858 -0.7565 0.4378
vn -0.5063 -0.7317 0.4563
vn -0.5336 -0.6957 0.4809
vn -0.5664 -0.6470 0.5105
vn -0.6034 -0.5833 0.5438
vn -0.6424 -0.5020 0.5790
vn -0.6804 -0.4014 0.6132
vn -0.7128 -0.2813 0.6424
vn -0.7350 -0.1450 0.6624
vn -0.5759 -0.5099 0.6390
vn -0.4811 -0.6955 0.5338
vn -0.4397 -0.7540 0.4879
vn -0.4257 -0.7718 0.4723
vn -0.4268 -0.7705 0.4735
vn -0.4378 -0.7565 0.4858
vn -0.4563 -0.7317 0.5063
vn -0.4809 -0.6957 0.5336
vn -0.5105 -0.6470 0.5664
vn -0.5438 -0.5833 0.6034
vn -0.5790 -0.5020 0.6424
vn -0.6132 -0.4014 0.6804
vn -0.6424 -0.2813 0.7128
vn -0.6624 -0.1450 0.7350
vn -0.5738 -0.2248 0.7876
vn -0.5066 -0.5098 0.6953
vn -0.4232 -0.6954 0.5808
vn -0.3868 -0.7540 0.5309
vn -0.3744 -0.7718 0.5140
vn -0.3754 -0.7704 0.5153
vn -0.3851 -0.7565 0.5286
vn -0.4014 -0.7317 0.5510
vn -0.4230 -0.6956 0.5806
vn -0.4490 -0.6469 0.6163
vn -0.4784 -0.5832 0.6566
vn -0.5093 -0.5019 0.6991
vn -0.5394 -0.4013 0.7403
vn -0.5651 -0.2813 0.7756
vn -0.5826 -0.1449 0.7997
vn -0.4888 -0.2247 0.8430
vn -0.4315 -0.5097 0.7443
vn -0.3605 -0.6952 0.6218
vn -0.3296 -0.7538 0.5684
vn -0.3191 -0.7716 0.5503
vn -0.3199 -0.7703 0.5517
vn -0.3281 -0.7563 0.5660
vn -0.3420 -0.7315 0.5899
vn -0.3604 -0.6955 0.6216
vn -0.3826 -0.6467 0.6598
vn -0.4075 -0.5830 0.7029
vn -0.4339 -0.5018 0.7483
vn -0.4595 -0.4012 0.7924
vn -0.4814 -0.2811 0.8302
vn -0.4963 -0.1449 0.8560
vn -0.3981 -0.2245 0.8895
vn -0.3515 -0.5095 0.7854
vn -0.2937 -0.6950 0.6563
vn -0.2685 -0.7536 0.6000
vn -0.2600 -0.7714 0.5808
vn -0.2606 -0.7701 0.5823
vn -0.2674 -0.7561 0.5974
vn -0.2786 -0.7313 0.6226
vn -0.2936 -0.6952 0.6561
vn -0.3117 -0.6465 0.6964
vn -0.3320 -0.5827 0.7418
vn -0.3534 -0.5015 0.7897
vn -0.3743 -0.4009 0.8362
vn -0.3921 -0.2810 0.8760
vn -0.4042 -0.1448 0.9031
vn -0.2673 -0.5092 0.8181
vn -0.2234 -0.6947 0.6837
vn -0.2042 -0.7533 0.6251
vn -0.1977 -0.7712 0.6052
vn -0.1982 -0.7698 0.6067
vn -0.2033 -0.7558 0.6224
vn -0.2119 -0.7310 0.6486
vn -0.2233 -0.6949 0.6835
vn -0.2370 -0.6462 0.7255
vn -0.2524 -0.5824 0.7727
vn -0.2687 -0.5012 0.8225
vn -0.2846 -0.4007 0.8709
vn -0.2981 -0.2807 0.9123
vn -0.3073 -0.1446 0.9406
vn -0.2035 -0.2242 0.9531
vn -0.1798 -0.5089 0.8419
vn -0.1503 -0.6944 0.7037
vn -0.1374 -0.7531 0.6434
vn -0.1330 -0.7709 0.6229
vn -0.1334 -0.7695 0.6245
vn -0.1368 -0.7556 0.6406
vn -0.1426 -0.7307 0.6676
vn -0.1502 -0.6946 0.7035
vn -0.1594 -0.6458 0.7466
vn -0.1698 -0.5821 0.7952
vn -0.1808 -0.5009 0.8464
vn -0.1914 -0.4004 0.8961
vn -0.2005 -0.2805 0.9387
vn -0.2067 -0.1445 0.9677
vn -0.1021 -0.2241 0.9692
vn -0.0902 -0.5086 0.8563
vn -0.0754 -0.6942 0.7159
vn -0.0690 -0.7528 0.6546
vn -0.0668 -0.7707 0.6337
vn -0.0669 -0.7693 0.6354
vn -0.0687 -0.7553 0.6517
vn -0.0715 -0.7305 0.6792
vn -0.0754 -0.6944 0.7156
vn -0.0800 -0.6456 0.7595
vn -0.0852 -0.5818 0.8088
vn -0.0907 -0.5006 0.8609
vn -0.0960 -0.4001 0.9114
vn -0.1006 -0.2803 0.9546
vn -0.1037 -0.1444 0.9841
vn -0.1021 -0.2241 -0.9692
vn -0.0902 -0.5086 -0.8563
vn -0.0000 -0.5085 -0.8611
vn -0.0000 -0.2240 -0.9746
vn -0.0754 -0.6942 -0.7159
vn -0.0000 -0.6940 -0.7199
vn -0.0690 -0.7528 -0.6546
vn -0.0000 -0.7527 -0.6583
vn -0.0668 -0.7707 -0.6337
vn -0.0000 -0.7706 -0.6374
vn -0.0669 -0.7693 -0.6354
vn -0.0000 -0.7692 -0.6390
vn -0.0687 -0.7553 -0.6517
vn -0.0000 -0.7552 -0.6555
vn -0.0715 -0.7305 -0.6792
vn -0.0000 -0.7304 -0.6831
vn -0.0754 -0.6944 -0.7156
vn -0.0000 -0.6943 -0.7197
vn -0.0800 -0.6456 -0.7595
vn -0.0000 -0.6455 -0.7638
vn -0.0852 -0.5818 -0.8088
vn -0.0000 -0.5817 -0.8134
vn -0.0907 -0.5006 -0.8609
vn -0.0000 -0.5005 -0.8657
vn -0.0960 -0.4001 -0.9114
vn -0.0000 -0.4000 -0.9165
vn -0.1006 -0.2803 -0.9546
vn -0.0000 -0.2803 -0.9599
vn -0.1037 -0.1444 -0.9841
vn -0.0000 -0.1444 -0.9895
vn -0.2035 -0.2242 -0.9531
vn -0.1798 -0.5089 -0.8419
vn -0.1503 -0.6944 -0.7037
vn -0.1374 -0.7531 -0.6434
vn -0.1330 -0.7709 -0.6229
vn -0.1334 -0.7695 -0.6245
vn -0.1368 -0.7556 -0.6406
vn -0.1426 -0.7307 -0.6676
vn -0.1502 -0.6946 -0.7035
vn -0.1594 -0.6458 -0.7466
vn -0.1698 -0.5821 -0.7952
vn -0.1808 -0.5009 -0.8464
vn -0.1914 -0.4004 -0.8961
vn -0.2005 -0.2805 -0.9387
vn -0.2067 -0.1445 -0.9677
vn -0.2673 -0.5092 -0.8181
vn -0.2234 -0.6947 -0.6837
vn -0.2042 -0.7533 -0.6251
vn -0.1977 -0.7712 -0.6052
vn -0.1982 -0.7698 -0.6067
vn -0.2033 -0.7558 -0.6224
vn -0.2119 -0.7310 -0.6487
vn -0.2233 -0.6949 -0.6835
vn -0.2370 -0.6462 -0.7255
vn -0.2524 -0.5824 -0.7727
vn -0.2687 -0.5012 -0.8225
vn -0.2846 -0.4007 -0.8709
vn -0.2981 -0.2807 -0.9123
vn -0.3073 -0.1446 -0.9406
vn -0.3515 -0.5095 -0.7854
vn -0.2937 -0.6950 -0.6563
vn -0.2685 -0.7536 -0.6000
vn -0.2600 -0.7714 -0.5808
vn -0.2606 -0.7701 -0.5823
vn -0.2674 -0.7561 -0.5974
vn -0.2786 -0.7313 -0.6226
vn -0.2936 -0.6952 -0.6561
vn -0.3117 -0.6465 -0.6964
vn -0.3320 -0.5827 -0.7418
vn -0.3534 -0.5015 -0.7897
vn -0.3743 -0.4009 -0.8362
vn -0.3921 -0.2810 -0.8760
vn -0.4042 -0.1448 -0.9031
vn -0.4888 -0.2247 -0.8430
vn -0.4315 -0.5097 -0.7443
vn -0.3605 -0.6952 -0.6218
vn -0.3296 -0.7538 -0.5684
vn -0.3191 -0.7716 -0.5503
vn -0.3199 -0.7703 -0.5517
vn -0.3281 -0.7563 -0.5660
vn -0.3420 -0.7315 -0.5899
vn -0.3604 -0.6955 -0.6216
vn -0.3826 -0.6467 -0.6598
vn -0.4075 -0.5830 -0.7029
vn -0.4339 -0.5018 -0.7483
vn -0.4595 -0.4011 -0.7924
vn -0.4814 -0.2811 -0.8302
vn -0.4963 -0.1449 -0.8560
vn -0.5738 -0.2248 -0.7876
vn -0.5066 -0.5098 -0.6953
vn -0.4232 -0.6954 -0.5808
vn -0.3868 -0.7540 -0.5309
vn -0.3744 -0.7718 -0.5140
vn -0.3754 -0.7704 -0.5153
vn -0.3851 -0.7565 -0.5286
vn -0.4014 -0.7317 -0.5510
vn -0.4230 -0.6956 -0.5806
vn -0.4490 -0.6469 -0.6163
vn -0.4784 -0.5832 -0.6566
vn -0.5093 -0.5019 -0.6991
vn -0.5393 -0.4013 -0.7403
vn -0.5651 -0.2813 -0.7756
vn -0.5826 -0.1449 -0.7997
vn -0.6523 -0.2248 -0.7238
vn -0.5759 -0.5099 -0.6390
vn -0.4811 -0.6955 -0.5338
vn -0.4397 -0.7540 -0.4879
vn -0.4257 -0.7718 -0.4723
vn -0.4268 -0.7705 -0.4735
vn -0.4378 -0.7565 -0.4858
vn -0.4563 -0.7317 -0.5063
vn -0.4809 -0.6957 -0.5336
vn -0.5105 -0.6470 -0.5664
vn -0.5438 -0.5833 -0.6034
vn -0.5790 -0.5020 -0.6424
vn -0.6132 -0.4014 -0.6804
vn -0.6424 -0.2813 -0.7128
vn -0.6624 -0.1450 -0.7350
vn -0.6390 -0.5099 -0.5759
vn -0.5338 -0.6955 -0.4811
vn -0.4879 -0.7540 -0.4397
vn -0.4723 -0.7718 -0.4257
vn -0.4735 -0.7705 -0.4268
vn -0.4858 -0.7565 -0.4378
vn -0.5063 -0.7317 -0.4563
vn -0.5336 -0.6957 -0.4809
vn -0.5664 -0.6470 -0.5105
vn -0.6034 -0.5833 -0.5438
vn -0.6424 -0.5020 -0.5790
vn -0.6804 -0.4014 -0.6132
vn -0.7128 -0.2813 -0.6424
vn -0.7350 -0.1450 -0.6624
vn -0.7876 -0.2248 -0.5738
vn -0.6953 -0.5098 -0.5066
vn -0.5808 -0.6954 -0.4232
vn -0.5309 -0.7540 -0.3868
vn -0.5140 -0.7718 -0.3744
vn -0.5153 -0.7704 -0.3754
vn -0.5286 -0.7565 -0.3851
vn -0.5510 -0.7317 -0.4014
vn -0.5806 -0.6956 -0.4230
vn -0.6163 -0.6469 -0.4490
vn -0.6566 -0.5832 -0.4784
vn -0.6991 -0.5019 -0.5093
vn -0.7403 -0.4013 -0.5394
vn -0.7756 -0.2813 -0.5651
vn -0.7997 -0.1449 -0.5826
vn -0.7443 -0.5097 -0.4315
vn -0.6218 -0.6952 -0.3605
vn -0.5684 -0.7538 -0.3296
vn -0.5503 -0.7716 -0.3191
vn -0.5517 -0.7703 -0.3199
vn -0.5660 -0.7563 -0.3281
vn -0.5899 -0.7315 -0.3420
vn -0.6216 -0.6955 -0.3604
vn -0.6598 -0.6467 -0.3826
vn -0.7029 -0.5830 -0.4075
vn -0.7483 -0.5018 -0.4339
vn -0.7924 -0.4012 -0.4595
vn -0.8302 -0.2811 -0.4814
vn -0.8560 -0.1448 -0.4963
vn -0.7854 -0.5095 -0.3515
vn -0.6563 -0.6950 -0.2937
vn -0.6000 -0.7536 -0.2685
vn -0.5808 -0.7714 -0.2600
vn -0.5823 -0.7701 -0.2606
vn -0.5974 -0.7561 -0.2674
vn -0.6226 -0.7313 -0.2786
vn -0.6561 -0.6952 -0.2936
vn -0.6964 -0.6465 -0.3117
vn -0.7418 -0.5827 -0.3320
vn -0.7897 -0.5015 -0.3534
vn -0.8362 -0.4009 -0.3743
vn -0.8760 -0.2810 -0.3921
vn -0.9031 -0.1448 -0.4042
vn -0.9263 -0.2244 -0.3026
vn -0.8181 -0.5092 -0.2673
vn -0.6837 -0.6947 -0.2234
vn -0.6251 -0.7533 -0.2042
vn -0.6052 -0.7712 -0.1977
vn -0.6067 -0.7698 -0.1982
vn -0.6224 -0.7558 -0.2033
vn -0.6486 -0.7310 -0.2119
vn -0.6835 -0.6949 -0.2233
vn -0.7255 -0.6462 -0.2370
vn -0.7727 -0.5824 -0.2524
vn -0.8225 -0.5012 -0.2687
vn -0.8709 -0.4007 -0.2846
vn -0.9123 -0.2807 -0.2981
vn -0.9406 -0.1446 -0.3073
vn -0.9531 -0.2242 -0.2035
vn -0.8419 -0.5089 -0.1798
vn -0.7037 -0.6944 -0.1503
vn -0.6434 -0.7531 -0.1374
vn -0.6229 -0.7709 -0.1330
vn -0.6245 -0.7695 -0.1334
vn -0.6406 -0.7556 -0.1368
vn -0.6676 -0.7307 -0.1426
vn -0.7035 -0.6946 -0.1502
vn -0.7466 -0.6458 -0.1594
vn -0.7952 -0.5821 -0.1698
vn -0.8464 -0.5009 -0.1808
vn -0.8961 -0.4004 -0.1914
vn -0.9387 -0.2805 -0.2005
vn -0.9677 -0.1445 -0.2067
vn -0.9692 -0.2241 -0.1021
vn -0.8563 -0.5086 -0.0902
vn -0.7159 -0.6942 -0.0754
vn -0.6546 -0.7528 -0.0690
vn -0.6337 -0.7707 -0.0668
vn -0.6354 -0.7693 -0.0669
vn -0.6517 -0.7553 -0.0687
vn -0.6792 -0.7305 -0.0715
vn -0.7156 -0.6944 -0.0754
vn -0.7595 -0.6456 -0.0800
vn -0.8088 -0.5818 -0.0852
vn -0.8609 -0.5006 -0.0907
vn -0.9114 -0.4001 -0.0960
vn -0.9546 -0.2803 -0.1006
vn -0.9841 -0.1444 -0.1037
vn 0.9692 -0.2241 -0.1021
vn 0.8563 -0.5086 -0.0902
vn 0.7159 -0.6942 -0.0754
vn 0.6546 -0.7528 -0.0690
vn 0.6337 -0.7707 -0.0668
vn 0.6354 -0.7693 -0.0669
vn 0.6517 -0.7553 -0.0687
vn 0.6792 -0.7305 -0.0715
vn 0.7156 -0.6944 -0.0754
vn 0.7595 -0.6456 -0.0800
vn 0.8088 -0.5818 -0.0852
vn 0.8609 -0.5006 -0.0907
vn 0.9114 -0.4001 -0.0960
vn 0.9546 -0.2803 -0.1006
vn 0.9841 -0.1444 -0.1037
vn 0.8419 -0.5089 -0.1798
vn 0.7037 -0.6944 -0.1503
vn 0.6434 -0.7531 -0.1374
vn 0.6229 -0.7709 -0.1330
vn 0.6245 -0.7695 -0.1334
vn 0.6406 -0.7556 -0.1368
vn 0.6676 -0.7307 -0.1426
vn 0.7035 -0.6946 -0.1502
vn 0.7466 -0.6458 -0.1594
vn 0.7952 -0.5821 -0.1698
vn 0.8464 -0.5009 -0.1808
vn 0.8961 -0.4004 -0.1914
vn 0.9387 -0.2805 -0.2005
vn 0.9677 -0.1445 -0.2067
vn 0.9263 -0.2244 -0.3026
vn 0.8181 -0.5092 -0.2673
vn 0.6837 -0.6947 -0.2234
vn 0.6251 -0.7533 -0.2042
vn 0.6052 -0.7712 -0.1977
vn 0.6067 -0.7698 -0.1982
vn 0.6224 -0.7558 -0.2033
vn 0.6487 -0.7310 -0.2119
vn 0.6835 -0.6949 -0.2233
vn 0.7255 -0.6462 -0.2370
vn 0.7727 -0.5824 -0.2524
vn 0.8225 -0.5012 -0.2687
vn 0.8709 -0.4007 -0.2846
vn 0.9123 -0.2807 -0.2981
vn 0.9406 -0.1446 -0.3073
vn 0.7854 -0.5095 -0.3515
vn 0.6563 -0.6950 -0.2937
vn 0.6000 -0.7536 -0.2685
vn 0.5808 -0.7714 -0.2600
vn 0.5823 -0.7701 -0.2606
vn 0.5974 -0.7561 -0.2674
vn 0.6226 -0.7313 -0.2786
vn 0.6561 -0.6952 -0.2936
vn 0.6964 -0.6465 -0.3117
vn 0.7418 -0.5827 -0.3320
vn 0.7897 -0.5015 -0.3534
vn 0.8362 -0.4009 -0.3743
vn 0.8760 -0.2810 -0.3921
vn 0.9031 -0.1448 -0.4042
vn 0.8430 -0.2247 -0.4887
vn 0.7443 -0.5097 -0.4315
vn 0.6218 -0.6952 -0.3605
vn 0.5684 -0.7538 -0.3296
vn 0.5503 -0.7716 -0.3191
vn 0.5517 -0.7703 -0.3199
vn 0.5660 -0.7563 -0.3281
vn 0.5899 -0.7315 -0.3420
vn 0.6216 -0.6955 -0.3604
vn 0.6598 -0.6467 -0.3826
vn 0.7029 -0.5830 -0.4075
vn 0.7483 -0.5018 -0.4339
vn 0.7924 -0.4011 -0.4595
vn 0.8302 -0.2811 -0.4814
vn 0.8560 -0.1449 -0.4963
vn 0.7876 -0.2248 -0.5738
vn 0.6953 -0.5098 -0.5066
vn 0.5808 -0.6954 -0.4232
vn 0.5309 -0.7540 -0.3868
vn 0.5140 -0.7718 -0.3744
vn 0.5153 -0.7704 -0.3754
vn 0.5286 -0.7565 -0.3851
vn 0.5510 -0.7317 -0.4014
vn 0.5806 -0.6956 -0.4230
vn 0.6163 -0.6469 -0.4490
vn 0.6566 -0.5832 -0.4784
vn 0.6991 -0.5019 -0.5093
vn 0.7403 -0.4013 -0.5393
vn 0.7756 -0.2813 -0.5651
vn 0.7997 -0.1449 -0.5826
vn 0.6390 -0.5099 -0.5759
vn 0.5338 -0.6955 -0.4811
vn 0.4879 -0.7540 -0.4397
vn 0.4723 -0.7718 -0.4257
vn 0.4735 -0.7705 -0.4268
vn 0.4858 -0.7565 -0.4378
vn 0.5063 -0.7317 -0.4563
vn 0.5336 -0.6957 -0.4809
vn 0.5664 -0.6470 -0.5105
vn 0.6034 -0.5833 -0.5438
vn 0.6424 -0.5020 -0.5790
vn 0.6804 -0.4014 -0.6132
vn 0.7128 -0.2813 -0.6424
vn 0.7350 -0.1450 -0.6624
vn 0.6523 -0.2248 -0.7238
vn 0.5759 -0.5099 -0.6390
vn 0.4811 -0.6955 -0.5338
vn 0.4397 -0.7540 -0.4879
vn 0.4257 -0.7718 -0.4723
vn 0.4268 -0.7705 -0.4735
vn 0.4378 -0.7565 -0.4858
vn 0.4563 -0.7317 -0.5063
vn 0.4809 -0.6957 -0.5336
vn 0.5105 -0.6470 -0.5664
vn 0.5438 -0.5833 -0.6034
vn 0.5790 -0.5020 -0.6424
vn 0.6132 -0.4014 -0.6804
vn 0.6424 -0.2813 -0.7128
vn 0.6624 -0.1450 -0.7350
vn 0.5738 -0.2248 -0.7876
vn 0.5066 -0.5098 -0.6953
vn 0.4232 -0.6954 -0.5808
vn 0.3868 -0.7540 -0.5309
vn 0.3744 -0.7718 -0.5140
vn 0.3754 -0.7704 -0.5153
vn 0.3851 -0.7565 -0.5286
vn 0.4014 -0.7317 -0.5510
vn 0.4230 -0.6956 -0.5806
vn 0.4490 -0.6469 -0.6163
vn 0.4784 -0.5832 -0.6566
vn 0.5093 -0.5019 -0.6991
vn 0.5393 -0.4013 -0.7403
vn 0.5651 -0.2813 -0.7756
vn 0.5826 -0.1449 -0.7997
vn 0.4888 -0.2247 -0.8430
vn 0.4315 -0.5097 -0.7443
vn 0.3605 -0.6952 -0.6218
vn 0.3296 -0.7538 -0.5684
vn 0.3191 -0.7716 -0.5503
vn 0.3199 -0.7703 -0.5517
vn 0.3281 -0.7563 -0.5660
vn 0.3420 -0.7315 -0.5899
vn 0.3604 -0.6955 -0.6216
vn 0.3826 -0.6467 -0.6598
vn 0.4075 -0.5830 -0.7029
vn 0.4339 -0.5018 -0.7483
vn 0.4595 -0.4011 -0.7924
vn 0.4814 -0.2811 -0.8302
vn 0.4963 -0.1449 -0.8560
vn 0.3981 -0.2245 -0.8895
vn 0.3515 -0.5095 -0.7854
vn 0.2937 -0.6950 -0.6563
vn 0.2685 -0.7536 -0.6000
vn 0.2600 -0.7714 -0.5808
vn 0.2606 -0.7701 -0.5823
vn 0.2674 -0.7561 -0.5974
vn 0.2786 -0.7313 -0.6226
vn 0.2936 -0.6952 -0.6561
vn 0.3117 -0.6465 -0.6964
vn 0.3320 -0.5827 -0.7418
vn 0.3534 -0.5015 -0.7897
vn 0.3743 -0.4009 -0.8362
vn 0.3921 -0.2810 -0.8760
vn 0.4042 -0.1448 -0.9031
vn 0.3026 -0.2244 -0.9263
vn 0.2673 -0.5092 -0.8181
vn 0.2234 -0.6947 -0.6837
vn 0.2042 -0.7533 -0.6251
vn 0.1977 -0.7712 -0.6052
vn 0.1982 -0.7698 -0.6067
vn 0.2033 -0.7558 -0.6224
vn 0.2119 -0.7310 -0.6487
vn 0.2233 -0.6949 -0.6835
vn 0.2370 -0.6462 -0.7255
vn 0.2524 -0.5824 -0.7727
vn 0.2687 -0.5012 -0.8225
vn 0.2846 -0.4007 -0.8709
vn 0.2981 -0.2807 -0.9123
vn 0.3073 -0.1446 -0.9406
vn 0.2035 -0.2242 -0.9531
vn 0.1798 -0.5089 -0.8419
vn 0.1503 -0.6944 -0.7037
vn 0.1374 -0.7531 -0.6434
vn 0.1330 -0.7709 -0.6229
vn 0.1334 -0.7695 -0.6245
vn 0.1368 -0.7556 -0.6406
vn 0.1426 -0.7307 -0.6676
vn 0.1502 -0.6946 -0.7035
vn 0.1594 -0.6458 -0.7466
vn 0.1698 -0.5821 -0.7952
vn 0.1808 -0.5009 -0.8464
vn 0.1914 -0.4004 -0.8961
vn 0.2005 -0.2805 -0.9387
vn 0.2067 -0.1445 -0.9677
vn 0.1021 -0.2241 -0.9692
vn 0.0902 -0.5086 -0.8563
vn 0.0754 -0.6942 -0.7159
vn 0.0690 -0.7528 -0.6546
vn 0.0668 -0.7707 -0.6337
vn 0.0669 -0.7693 -0.6354
vn 0.0687 -0.7553 -0.6517
vn 0.0715 -0.7305 -0.6792
vn 0.0754 -0.6944 -0.7156
vn 0.0800 -0.6456 -0.7595
vn 0.0852 -0.5818 -0.8088
vn 0.0907 -0.5006 -0.8609
vn 0.0960 -0.4001 -0.9114
vn 0.1006 -0.2803 -0.9546
vn 0.1037 -0.1444 -0.9841
vn -0.9896 0.0133 0.1434
vn -0.9747 0.1712 0.1438
vn -0.9850 0.1724 -0.0000
vn -0.9999 0.0134 -0.0000
vn -0.9192 0.3666 0.1440
vn -0.9293 0.3694 -0.0000
vn -0.8131 0.5645 0.1420
vn -0.8223 0.5691 -0.0000
vn -0.6685 0.7310 0.1368
vn -0.6761 0.7368 -0.0000
vn -0.5148 0.8475 0.1298
vn -0.5204 0.8539 -0.0000
vn -0.3773 0.9179 0.1228
vn -0.3813 0.9245 -0.0000
vn -0.2668 0.9566 0.1172
vn -0.2694 0.9630 -0.0000
vn -0.1828 0.9766 0.1132
vn -0.1845 0.9828 -0.0000
vn -0.1209 0.9865 0.1106
vn -0.1220 0.9925 -0.0000
vn -0.0762 0.9911 0.1092
vn -0.0769 0.9970 -0.0000
vn -0.0448 0.9931 0.1085
vn -0.0452 0.9990 -0.0000
vn -0.0235 0.9938 0.1083
vn -0.0237 0.9997 -0.0000
vn -0.0101 0.9941 0.1084
vn -0.0102 0.9999 -0.0000
vn -0.0029 0.9941 0.1085
vn -0.0029 1.0000 -0.0000
vn -0.0007 0.9943 0.1068
vn -0.0007 1.0000 -0.0000
vn -0.9534 0.0131 0.3014
vn -0.9386 0.1663 0.3023
vn -0.8840 0.3561 0.3028
vn -0.7813 0.5480 0.2987
vn -0.6426 0.7098 0.2885
vn -0.4955 0.8241 0.2745
vn -0.3640 0.8942 0.2607
vn -0.2578 0.9334 0.2494
vn -0.1769 0.9542 0.2414
vn -0.1171 0.9646 0.2362
vn -0.0739 0.9696 0.2333
vn -0.0434 0.9718 0.2319
vn -0.0228 0.9726 0.2315
vn -0.0098 0.9727 0.2317
vn -0.0028 0.9727 0.2320
vn -0.0007 0.9737 0.2277
vn -0.8822 0.0126 0.4707
vn -0.8678 0.1562 0.4717
vn -0.8158 0.3339 0.4722
vn -0.7202 0.5136 0.4665
vn -0.5930 0.6662 0.4523
vn -0.4588 0.7759 0.4331
vn -0.3383 0.8451 0.4140
vn -0.2406 0.8851 0.3983
vn -0.1656 0.9070 0.3871
vn -0.1099 0.9185 0.3799
vn -0.0694 0.9241 0.3758
vn -0.0408 0.9266 0.3739
vn -0.0214 0.9274 0.3734
vn -0.0092 0.9275 0.3736
vn -0.0027 0.9274 0.3741
vn -0.0006 0.9306 0.3662
vn -0.7669 0.0115 0.6416
vn -0.7537 0.1386 0.6424
vn -0.7068 0.2959 0.6425
vn -0.6233 0.4550 0.6360
vn -0.5144 0.5918 0.6206
vn -0.4000 0.6928 0.6000
vn -0.2969 0.7591 0.5793
vn -0.2124 0.7993 0.5622
vn -0.1468 0.8223 0.5498
vn -0.0977 0.8347 0.5419
vn -0.0619 0.8411 0.5374
vn -0.0365 0.8438 0.5353
vn -0.0192 0.8447 0.5348
vn -0.0082 0.8447 0.5351
vn -0.0024 0.8444 0.5357
vn -0.0006 0.8523 0.5230
vn -0.6018 0.0097 0.7986
vn -0.5911 0.1118 0.7988
vn -0.5529 0.2383 0.7985
vn -0.4871 0.3665 0.7927
vn -0.4031 0.4785 0.7801
vn -0.3154 0.5638 0.7633
vn -0.2359 0.6222 0.7464
vn -0.1699 0.6593 0.7324
vn -0.1181 0.6815 0.7222
vn -0.0789 0.6940 0.7157
vn -0.0501 0.7004 0.7120
vn -0.0296 0.7032 0.7104
vn -0.0156 0.7039 0.7101
vn -0.0067 0.7037 0.7105
vn -0.0020 0.7032 0.7110
vn -0.0005 0.7204 0.6935
vn -0.3883 0.0067 0.9215
vn -0.3818 0.0747 0.9212
vn -0.3563 0.1593 0.9207
vn -0.3133 0.2450 0.9175
vn -0.2595 0.3207 0.9109
vn -0.2038 0.3796 0.9024
vn -0.1532 0.4213 0.8939
vn -0.1109 0.4486 0.8869
vn -0.0774 0.4652 0.8818
vn -0.0519 0.4747 0.8786
vn -0.0330 0.4795 0.8769
vn -0.0195 0.4814 0.8763
vn -0.0103 0.4818 0.8762
vn -0.0044 0.4813 0.8765
vn -0.0013 0.4807 0.8769
vn -0.0003 0.5123 0.8588
vn -0.1382 0.0026 0.9904
vn -0.1376 0.0281 0.9901
vn -0.1283 0.0604 0.9899
vn -0.1120 0.0929 0.9894
vn -0.0916 0.1209 0.9884
vn -0.0710 0.1420 0.9873
vn -0.0528 0.1564 0.9863
vn -0.0379 0.1654 0.9855
vn -0.0262 0.1706 0.9850
vn -0.0175 0.1733 0.9847
vn -0.0111 0.1744 0.9846
vn -0.0066 0.1745 0.9846
vn -0.0035 0.1743 0.9847
vn -0.0016 0.1738 0.9848
vn -0.0005 0.1734 0.9849
vn -0.0001 0.2181 0.9759
vn 0.1261 -0.0026 0.9920
vn 0.1202 -0.0252 0.9924
vn 0.1108 -0.0522 0.9925
vn 0.0981 -0.0795 0.9920
vn 0.0830 -0.1051 0.9910
vn 0.0670 -0.1270 0.9896
vn 0.0516 -0.1438 0.9883
vn 0.0381 -0.1556 0.9871
vn 0.0270 -0.1633 0.9862
vn 0.0182 -0.1681 0.9856
vn 0.0117 -0.1708 0.9852
vn 0.0069 -0.1722 0.9850
vn 0.0036 -0.1727 0.9850
vn 0.0015 -0.1729 0.9849
vn 0.0004 -0.1729 0.9849
vn 0.0001 -0.1283 0.9917
vn 0.3780 -0.0086 0.9258
vn 0.3656 -0.0808 0.9273
vn 0.3365 -0.1686 0.9265
vn 0.2926 -0.2546 0.9217
vn 0.2406 -0.3289 0.9132
vn 0.1880 -0.3859 0.9032
vn 0.1407 -0.4255 0.8940
vn 0.1015 -0.4507 0.8869
vn 0.0708 -0.4659 0.8820
vn 0.0474 -0.4744 0.8790
vn 0.0301 -0.4787 0.8775
vn 0.0178 -0.4805 0.8768
vn 0.0094 -0.4809 0.8767
vn 0.0040 -0.4807 0.8769
vn 0.0012 -0.4804 0.8770
vn 0.0003 -0.4489 0.8936
vn 0.5943 -0.0149 0.8041
vn 0.5762 -0.1337 0.8063
vn 0.5270 -0.2776 0.8033
vn 0.4507 -0.4126 0.7916
vn 0.3618 -0.5210 0.7731
vn 0.2760 -0.5969 0.7534
vn 0.2025 -0.6451 0.7368
vn 0.1441 -0.6736 0.7249
vn 0.0995 -0.6896 0.7173
vn 0.0663 -0.6980 0.7130
vn 0.0421 -0.7020 0.7110
vn 0.0249 -0.7035 0.7103
vn 0.0131 -0.7037 0.7104
vn 0.0056 -0.7034 0.7108
vn 0.0017 -0.7030 0.7112
vn 0.0004 -0.6858 0.7278
vn 0.7623 -0.0209 0.6469
vn 0.7391 -0.1799 0.6492
vn 0.6699 -0.3700 0.6437
vn 0.5623 -0.5396 0.6266
vn 0.4410 -0.6654 0.6022
vn 0.3293 -0.7461 0.5787
vn 0.2379 -0.7934 0.5603
vn 0.1676 -0.8195 0.5480
vn 0.1150 -0.8334 0.5406
vn 0.0764 -0.8404 0.5366
vn 0.0485 -0.8435 0.5349
vn 0.0287 -0.8447 0.5345
vn 0.0151 -0.8448 0.5348
vn 0.0065 -0.8446 0.5354
vn 0.0020 -0.8443 0.5358
vn 0.0005 -0.8363 0.5482
vn 0.8796 -0.0263 0.4749
vn 0.8519 -0.2168 0.4766
vn 0.7648 -0.4409 0.4699
vn 0.6305 -0.6311 0.4518
vn 0.4847 -0.7625 0.4285
vn 0.3561 -0.8409 0.4076
vn 0.2545 -0.8839 0.3923
vn 0.1781 -0.9066 0.3825
vn 0.1219 -0.9182 0.3769
vn 0.0809 -0.9239 0.3740
vn 0.0513 -0.9264 0.3730
vn 0.0303 -0.9274 0.3729
vn 0.0161 -0.9276 0.3732
vn 0.0069 -0.9275 0.3737
vn 0.0021 -0.9274 0.3742
vn 0.0005 -0.9241 0.3820
vn 0.9521 -0.0306 0.3042
vn 0.9207 -0.2432 0.3052
vn 0.8192 -0.4893 0.2993
vn 0.6655 -0.6898 0.2851
vn 0.5042 -0.8210 0.2679
vn 0.3665 -0.8953 0.2533
vn 0.2602 -0.9344 0.2431
vn 0.1815 -0.9545 0.2368
vn 0.1240 -0.9645 0.2333
vn 0.0823 -0.9693 0.2316
vn 0.0522 -0.9716 0.2310
vn 0.0309 -0.9725 0.2310
vn 0.0164 -0.9727 0.2314
vn 0.0071 -0.9728 0.2317
vn 0.0021 -0.9727 0.2320
vn 0.0005 -0.9717 0.2364
vn 0.9889 -0.0334 0.1447
vn 0.9549 -0.2589 0.1454
vn 0.8443 -0.5167 0.1422
vn 0.6796 -0.7211 0.1347
vn 0.5104 -0.8506 0.1259
vn 0.3689 -0.9219 0.1187
vn 0.2611 -0.9586 0.1138
vn 0.1818 -0.9771 0.1107
vn 0.1242 -0.9863 0.1091
vn 0.0824 -0.9907 0.1083
vn 0.0523 -0.9928 0.1080
vn 0.0310 -0.9937 0.1081
vn 0.0164 -0.9940 0.1082
vn 0.0071 -0.9941 0.1084
vn 0.0021 -0.9941 0.1085
vn 0.0005 -0.9939 0.1103
vn 0.9994 -0.0345 -0.0000
vn 0.9645 -0.2640 -0.0000
vn 0.8509 -0.5253 -0.0000
vn 0.6828 -0.7306 -0.0000
vn 0.5114 -0.8593 -0.0000
vn 0.3689 -0.9295 -0.0000
vn 0.2608 -0.9654 -0.0000
vn 0.1816 -0.9834 -0.0000
vn 0.1240 -0.9923 -0.0000
vn 0.0822 -0.9966 -0.0000
vn 0.0522 -0.9986 -0.0000
vn 0.0309 -0.9995 -0.0000
vn 0.0164 -0.9999 -0.0000
vn 0.0071 -1.0000 -0.0000
vn 0.0021 -1.0000 -0.0000
vn 0.0005 -1.0000 -0.0000
vn 0.9889 -0.0334 -0.1447
vn 0.9549 -0.2589 -0.1454
vn 0.8443 -0.5167 -0.1422
vn 0.6796 -0.7211 -0.1347
vn 0.5104 -0.8506 -0.1259
vn 0.3689 -0.9219 -0.1187
vn 0.2611 -0.9586 -0.1138
vn 0.1818 -0.9771 -0.1107
vn 0.1242 -0.9863 -0.1091
vn 0.0824 -0.9907 -0.1083
vn 0.0523 -0.9928 -0.1080
vn 0.0310 -0.9937 -0.1081
vn 0.0164 -0.9940 -0.1082
vn 0.0071 -0.9941 -0.1084
vn 0.0021 -0.9941 -0.1085
vn 0.0005 -0.9939 -0.1103
vn 0.9521 -0.0306 -0.3042
vn 0.9207 -0.2432 -0.3052
vn 0.8192 -0.4893 -0.2993
vn 0.6655 -0.6898 -0.2851
vn 0.5042 -0.8210 -0.2679
vn 0.3665 -0.8953 -0.2533
vn 0.2602 -0.9344 -0.2431
vn 0.1815 -0.9545 -0.2368
vn 0.1240 -0.9645 -0.2333
vn 0.0823 -0.9693 -0.2316
vn 0.0522 -0.9716 -0.2310
vn 0.0309 -0.9725 -0.2310
vn 0.0164 -0.9727 -0.2314
vn 0.0071 -0.9728 -0.2317
vn 0.0021 -0.9727 -0.2320
vn 0.0005 -0.9717 -0.2364
vn 0.8796 -0.0263 -0.4749
vn 0.8519 -0.2168 -0.4766
vn 0.7648 -0.4409 -0.4699
vn 0.6305 -0.6311 -0.4519
vn 0.4847 -0.7625 -0.4285
vn 0.3561 -0.8409 -0.4076
vn 0.2545 -0.8839 -0.3923
vn 0.1781 -0.9066 -0.3825
vn 0.1219 -0.9182 -0.3769
vn 0.0809 -0.9239 -0.3740
vn 0.0513 -0.9264 -0.3730
vn 0.0303 -0.9274 -0.3729
vn 0.0161 -0.9276 -0.3732
vn 0.0069 -0.9275 -0.3737
vn 0.0021 -0.9274 -0.3742
vn 0.0005 -0.9241 -0.3821
vn 0.7622 -0.0209 -0.6469
vn 0.7391 -0.1799 -0.6492
vn 0.6699 -0.3700 -0.6437
vn 0.5623 -0.5396 -0.6266
vn 0.4410 -0.6654 -0.6022
vn 0.3293 -0.7461 -0.5787
vn 0.2379 -0.7934 -0.5603
vn 0.1676 -0.8195 -0.5480
vn 0.1150 -0.8334 -0.5406
vn 0.0764 -0.8404 -0.5366
vn 0.0485 -0.8435 -0.5349
vn 0.0287 -0.8447 -0.5345
vn 0.0151 -0.8448 -0.5348
vn 0.0065 -0.8446 -0.5354
vn 0.0020 -0.8443 -0.5358
vn 0.0005 -0.8363 -0.5482
vn 0.5943 -0.0149 -0.8041
vn 0.5762 -0.1337 -0.8063
vn 0.5270 -0.2776 -0.8033
vn 0.4507 -0.4126 -0.7916
vn 0.3618 -0.5210 -0.7731
vn 0.2760 -0.5969 -0.7534
vn 0.2025 -0.6451 -0.7368
vn 0.1441 -0.6736 -0.7249
vn 0.0995 -0.6896 -0.7173
vn 0.0663 -0.6980 -0.7130
vn 0.0421 -0.7020 -0.7109
vn 0.0249 -0.7035 -0.7103
vn 0.0131 -0.7037 -0.7104
vn 0.0056 -0.7034 -0.7108
vn 0.0017 -0.7030 -0.7112
vn 0.0004 -0.6858 -0.7278
vn 0.3780 -0.0086 -0.9258
vn 0.3656 -0.0808 -0.9273
vn 0.3365 -0.1686 -0.9265
vn 0.2926 -0.2546 -0.9217
vn 0.2406 -0.3289 -0.9132
vn 0.1880 -0.3859 -0.9032
vn 0.1407 -0.4255 -0.8940
vn 0.1015 -0.4508 -0.8869
vn 0.0708 -0.4659 -0.8820
vn 0.0474 -0.4744 -0.8790
vn 0.0301 -0.4787 -0.8775
vn 0.0178 -0.4805 -0.8768
vn 0.0094 -0.4809 -0.8767
vn 0.0040 -0.4807 -0.8769
vn 0.0012 -0.4804 -0.8770
vn 0.0003 -0.4489 -0.8936
vn 0.1261 -0.0026 -0.9920
vn 0.1202 -0.0252 -0.9924
vn 0.1108 -0.0522 -0.9925
vn 0.0981 -0.0795 -0.9920
vn 0.0830 -0.1051 -0.9910
vn 0.0670 -0.1270 -0.9896
vn 0.0516 -0.1438 -0.9883
vn 0.0381 -0.1556 -0.9871
vn 0.0270 -0.1633 -0.9862
vn 0.0182 -0.1681 -0.9856
vn 0.0117 -0.1708 -0.9852
vn 0.0069 -0.1722 -0.9850
vn 0.0036 -0.1727 -0.9850
vn 0.0015 -0.1729 -0.9849
vn 0.0004 -0.1729 -0.9849
vn 0.0001 -0.1283 -0.9917
vn -0.1382 0.0026 -0.9904
vn -0.1376 0.0281 -0.9901
vn -0.1283 0.0604 -0.9899
vn -0.1120 0.0929 -0.9894
vn -0.0916 0.1209 -0.9884
vn -0.0710 0.1420 -0.9873
vn -0.0528 0.1564 -0.9863
vn -0.0379 0.1654 -0.9855
vn -0.0262 0.1706 -0.9850
vn -0.0175 0.1733 -0.9847
vn -0.0111 0.1744 -0.9846
vn -0.0066 0.1745 -0.9846
vn -0.0035 0.1743 -0.9847
vn -0.0016 0.1738 -0.9848
vn -0.0005 0.1734 -0.9849
vn -0.0001 0.2181 -0.9759
vn -0.3883 0.0067 -0.9215
vn -0.3818 0.0747 -0.9212
vn -0.3563 0.1593 -0.9207
vn -0.3133 0.2450 -0.9175
vn -0.2595 0.3207 -0.9109
vn -0.2038 0.3796 -0.9024
vn -0.1532 0.4213 -0.8939
vn -0.1109 0.4486 -0.8869
vn -0.0774 0.4652 -0.8818
vn -0.0519 0.4747 -0.8786
vn -0.0330 0.4795 -0.8769
vn -0.0195 0.4814 -0.8763
vn -0.0103 0.4818 -0.8762
vn -0.0044 0.4813 -0.8765
vn -0.0013 0.4807 -0.8769
vn -0.0003 0.5123 -0.8588
vn -0.6018 0.0097 -0.7986
vn -0.5911 0.1118 -0.7988
vn -0.5529 0.2383 -0.7985
vn -0.4871 0.3665 -0.7927
vn -0.4031 0.4785 -0.7801
vn -0.3154 0.5638 -0.7633
vn -0.2359 0.6222 -0.7464
vn -0.1699 0.6593 -0.7324
vn -0.1181 0.6815 -0.7222
vn -0.0789 0.6940 -0.7157
vn -0.0501 0.7004 -0.7120
vn -0.0296 0.7032 -0.7104
vn -0.0156 0.7039 -0.7101
vn -0.0067 0.7037 -0.7105
vn -0.0020 0.7032 -0.7110
vn -0.0005 0.7204 -0.6935
vn -0.7669 0.0115 -0.6416
vn -0.7537 0.1386 -0.6424
vn -0.7068 0.2959 -0.6425
vn -0.6233 0.4550 -0.6360
vn -0.5144 0.5918 -0.6206
vn -0.4000 0.6928 -0.6000
vn -0.2969 0.7591 -0.5793
vn -0.2124 0.7993 -0.5622
vn -0.1468 0.8223 -0.5498
vn -0.0977 0.8347 -0.5419
vn -0.0619 0.8411 -0.5374
vn -0.0365 0.8438 -0.5353
vn -0.0192 0.8447 -0.5348
vn -0.0082 0.8447 -0.5351
vn -0.0024 0.8444 -0.5357
vn -0.0006 0.8523 -0.5230
vn -0.8822 0.0126 -0.4707
vn -0.8678 0.1562 -0.4717
vn -0.8158 0.3339 -0.4722
vn -0.7202 0.5136 -0.4665
vn -0.5930 0.6662 -0.4523
vn -0.4588 0.7759 -0.4331
vn -0.3383 0.8451 -0.4140
vn -0.2406 0.8851 -0.3983
vn -0.1656 0.9070 -0.3871
vn -0.1099 0.9185 -0.3799
vn -0.0694 0.9241 -0.3758
vn -0.0408 0.9266 -0.3739
vn -0.0214 0.9274 -0.3734
vn -0.0092 0.9275 -0.3736
vn -0.0027 0.9274 -0.3741
vn -0.0006 0.9306 -0.3662
vn -0.9534 0.0131 -0.3014
vn -0.9386 0.1663 -0.3023
vn -0.8840 0.3561 -0.3028
vn -0.7813 0.5480 -0.2987
vn -0.6426 0.7098 -0.2885
vn -0.4955 0.8241 -0.2745
vn -0.3640 0.8942 -0.2607
vn -0.2578 0.9334 -0.2494
vn -0.1769 0.9542 -0.2414
vn -0.1171 0.9646 -0.2362
vn -0.0739 0.9696 -0.2333
vn -0.0434 0.9718 -0.2319
vn -0.0228 0.9726 -0.2315
vn -0.0098 0.9727 -0.2317
vn -0.0028 0.9727 -0.2320
vn -0.0007 0.9737 -0.2277
vn -0.9896 0.0133 -0.1434
vn -0.9747 0.1712 -0.1438
vn -0.9192 0.3666 -0.1440
vn -0.8131 0.5645 -0.1420
vn -0.6685 0.7310 -0.1368
vn -0.5148 0.8475 -0.1298
vn -0.3773 0.9179 -0.1228
vn -0.2668 0.9566 -0.1172
vn -0.1828 0.9766 -0.1132
vn -0.1209 0.9865 -0.1106
vn -0.0762 0.9911 -0.1092
vn -0.0448 0.9931 -0.1085
vn -0.0235 0.9938 -0.1083
vn -0.0101 0.9941 -0.1084
vn -0.0029 0.9941 -0.1085
vn -0.0007 0.9943 -0.1068
vn -0.4255 -0.8987 0.1062
vn -0.4436 -0.8895 0.1096
vn -0.4461 -0.8950 -0.0000
vn -0.4279 -0.9038 -0.0000
vn -0.4824 -0.8691 0.1091
vn -0.4848 -0.8746 -0.0000
vn -0.5238 -0.8446 0.1106
vn -0.5263 -0.8503 -0.0000
vn -0.5679 -0.8152 0.1137
vn -0.5707 -0.8212 -0.0000
vn -0.6145 -0.7801 0.1179
vn -0.6178 -0.7863 -0.0000
vn -0.6632 -0.7383 0.1227
vn -0.6673 -0.7448 -0.0000
vn -0.7135 -0.6889 0.1279
vn -0.7185 -0.6956 -0.0000
vn -0.7644 -0.6309 0.1328
vn -0.7704 -0.6376 -0.0000
vn -0.8145 -0.5638 0.1371
vn -0.8216 -0.5701 -0.0000
vn -0.8620 -0.4871 0.1406
vn -0.8701 -0.4928 -0.0000
vn -0.9048 -0.4012 0.1429
vn -0.9139 -0.4060 -0.0000
vn -0.9406 -0.3073 0.1440
vn -0.9504 -0.3109 -0.0000
vn -0.9676 -0.2073 0.1442
vn -0.9778 -0.2097 -0.0000
vn -0.9841 -0.1040 0.1438
vn -0.9945 -0.1051 -0.0000
vn -0.4172 -0.8803 0.2257
vn -0.4346 -0.8697 0.2340
vn -0.4733 -0.8495 0.2332
vn -0.5142 -0.8245 0.2363
vn -0.5570 -0.7943 0.2426
vn -0.6017 -0.7582 0.2512
vn -0.6479 -0.7156 0.2610
vn -0.6951 -0.6658 0.2713
vn -0.7424 -0.6082 0.2811
vn -0.7888 -0.5422 0.2896
vn -0.8328 -0.4677 0.2962
vn -0.8726 -0.3850 0.3006
vn -0.9063 -0.2950 0.3027
vn -0.9319 -0.1993 0.3030
vn -0.9480 -0.1001 0.3021
vn -0.3998 -0.8423 0.3614
vn -0.4152 -0.8280 0.3767
vn -0.4535 -0.8084 0.3753
vn -0.4927 -0.7829 0.3799
vn -0.5327 -0.7515 0.3891
vn -0.5734 -0.7141 0.4015
vn -0.6146 -0.6705 0.4156
vn -0.6558 -0.6205 0.4300
vn -0.6966 -0.5639 0.4435
vn -0.7364 -0.5006 0.4551
vn -0.7741 -0.4306 0.4640
vn -0.8087 -0.3540 0.4699
vn -0.8384 -0.2713 0.4726
vn -0.8618 -0.1836 0.4729
vn -0.8769 -0.0926 0.4718
vn -0.3685 -0.7746 0.5140
vn -0.3794 -0.7527 0.5381
vn -0.4158 -0.7346 0.5362
vn -0.4517 -0.7090 0.5415
vn -0.4867 -0.6768 0.5524
vn -0.5208 -0.6384 0.5667
vn -0.5540 -0.5945 0.5828
vn -0.5863 -0.5457 0.5988
vn -0.6177 -0.4921 0.6134
vn -0.6481 -0.4342 0.6257
vn -0.6772 -0.3718 0.6350
vn -0.7043 -0.3051 0.6410
vn -0.7286 -0.2339 0.6438
vn -0.7484 -0.1588 0.6440
vn -0.7618 -0.0803 0.6428
vn -0.3156 -0.6617 0.6801
vn -0.3179 -0.6260 0.7121
vn -0.3500 -0.6109 0.7101
vn -0.3797 -0.5870 0.7150
vn -0.4069 -0.5559 0.7248
vn -0.4318 -0.5191 0.7376
vn -0.4546 -0.4781 0.7515
vn -0.4759 -0.4341 0.7649
vn -0.4961 -0.3877 0.7769
vn -0.5158 -0.3394 0.7866
vn -0.5350 -0.2892 0.7938
vn -0.5537 -0.2367 0.7984
vn -0.5712 -0.1816 0.8005
vn -0.5863 -0.1236 0.8006
vn -0.5971 -0.0629 0.7997
vn -0.2316 -0.4839 0.8439
vn -0.2200 -0.4284 0.8764
vn -0.2433 -0.4182 0.8752
vn -0.2634 -0.3997 0.8780
vn -0.2803 -0.3750 0.8836
vn -0.2944 -0.3462 0.8908
vn -0.3064 -0.3150 0.8983
vn -0.3171 -0.2827 0.9053
vn -0.3270 -0.2500 0.9113
vn -0.3369 -0.2172 0.9161
vn -0.3470 -0.1842 0.9196
vn -0.3574 -0.1505 0.9218
vn -0.3677 -0.1156 0.9227
vn -0.3772 -0.0790 0.9228
vn -0.3843 -0.0404 0.9223
vn -0.1098 -0.2287 0.9673
vn -0.0824 -0.1565 0.9842
vn -0.0910 -0.1525 0.9841
vn -0.0980 -0.1450 0.9846
vn -0.1034 -0.1350 0.9854
vn -0.1076 -0.1236 0.9865
vn -0.1109 -0.1115 0.9876
vn -0.1138 -0.0993 0.9885
vn -0.1166 -0.0873 0.9893
vn -0.1194 -0.0755 0.9900
vn -0.1225 -0.0639 0.9904
vn -0.1259 -0.0522 0.9907
vn -0.1295 -0.0401 0.9908
vn -0.1329 -0.0275 0.9908
vn -0.1356 -0.0141 0.9907
vn 0.0391 0.0806 0.9960
vn 0.0768 0.1511 0.9855
vn 0.0873 0.1478 0.9852
vn 0.0958 0.1404 0.9855
vn 0.1021 0.1301 0.9862
vn 0.1066 0.1183 0.9872
vn 0.1098 0.1059 0.9883
vn 0.1121 0.0936 0.9893
vn 0.1140 0.0818 0.9901
vn 0.1159 0.0704 0.9908
vn 0.1179 0.0595 0.9912
vn 0.1202 0.0486 0.9916
vn 0.1227 0.0376 0.9917
vn 0.1251 0.0260 0.9918
vn 0.1271 0.0135 0.9918
vn 0.1828 0.3763 0.9083
vn 0.2224 0.4253 0.8773
vn 0.2515 0.4138 0.8749
vn 0.2755 0.3927 0.8774
vn 0.2943 0.3649 0.8833
vn 0.3085 0.3333 0.8909
vn 0.3191 0.3000 0.8990
vn 0.3275 0.2668 0.9064
vn 0.3346 0.2343 0.9128
vn 0.3413 0.2027 0.9178
vn 0.3482 0.1719 0.9215
vn 0.3556 0.1411 0.9239
vn 0.3634 0.1095 0.9252
vn 0.3711 0.0761 0.9255
vn 0.3773 0.0398 0.9253
vn 0.2928 0.5997 0.7447
vn 0.3304 0.6228 0.7092
vn 0.3738 0.6030 0.7047
vn 0.4113 0.5726 0.7092
vn 0.4426 0.5345 0.7200
vn 0.4681 0.4916 0.7344
vn 0.4887 0.4461 0.7498
vn 0.5056 0.3999 0.7646
vn 0.5200 0.3538 0.7775
vn 0.5331 0.3082 0.7879
vn 0.5457 0.2629 0.7957
vn 0.5583 0.2170 0.8007
vn 0.5709 0.1694 0.8033
vn 0.5828 0.1184 0.8040
vn 0.5921 0.0623 0.8034
vn 0.3646 0.7426 0.5618
vn 0.4004 0.7461 0.5320
vn 0.4537 0.7189 0.5267
vn 0.5015 0.6827 0.5314
vn 0.5434 0.6397 0.5436
vn 0.5794 0.5920 0.5601
vn 0.6102 0.5414 0.5784
vn 0.6365 0.4891 0.5964
vn 0.6593 0.4361 0.6125
vn 0.6796 0.3826 0.6259
vn 0.6983 0.3285 0.6360
vn 0.7159 0.2727 0.6427
vn 0.7325 0.2141 0.6462
vn 0.7474 0.1506 0.6470
vn 0.7589 0.0797 0.6463
vn 0.4074 0.8254 0.3909
vn 0.4426 0.8169 0.3699
vn 0.5023 0.7839 0.3650
vn 0.5573 0.7439 0.3689
vn 0.6069 0.6984 0.3794
vn 0.6510 0.6489 0.3939
vn 0.6899 0.5965 0.4102
vn 0.7240 0.5420 0.4267
vn 0.7540 0.4862 0.4417
vn 0.7806 0.4291 0.4545
vn 0.8046 0.3703 0.4642
vn 0.8263 0.3091 0.4708
vn 0.8459 0.2439 0.4742
vn 0.8629 0.1726 0.4751
vn 0.8755 0.0920 0.4744
vn 0.4311 0.8695 0.2411
vn 0.4665 0.8545 0.2286
vn 0.5304 0.8173 0.2251
vn 0.5898 0.7748 0.2278
vn 0.6442 0.7278 0.2350
vn 0.6935 0.6775 0.2451
vn 0.7376 0.6245 0.2567
vn 0.7769 0.5695 0.2685
vn 0.8118 0.5127 0.2795
vn 0.8428 0.4542 0.2889
vn 0.8703 0.3935 0.2961
vn 0.8948 0.3297 0.3010
vn 0.9163 0.2612 0.3036
vn 0.9343 0.1857 0.3043
vn 0.9476 0.0996 0.3037
vn 0.4426 0.8897 0.1123
vn 0.4783 0.8717 0.1068
vn 0.5445 0.8321 0.1051
vn 0.6064 0.7880 0.1065
vn 0.6633 0.7402 0.1100
vn 0.7152 0.6894 0.1151
vn 0.7620 0.6361 0.1209
vn 0.8040 0.5810 0.1268
vn 0.8414 0.5240 0.1323
vn 0.8746 0.4651 0.1371
vn 0.9039 0.4038 0.1407
vn 0.9298 0.3391 0.1432
vn 0.9521 0.2695 0.1445
vn 0.9706 0.1922 0.1448
vn 0.9841 0.1035 0.1444
vn 0.4818 0.8763 -0.0000
vn 0.5488 0.8360 -0.0000
vn 0.6113 0.7914 -0.0000
vn 0.6691 0.7432 -0.0000
vn 0.7217 0.6922 -0.0000
vn 0.7693 0.6389 -0.0000
vn 0.8120 0.5837 -0.0000
vn 0.8500 0.5267 -0.0000
vn 0.8838 0.4678 -0.0000
vn 0.9137 0.4064 -0.0000
vn 0.9398 0.3416 -0.0000
vn 0.9624 0.2717 -0.0000
vn 0.9810 0.1940 -0.0000
vn 0.9945 0.1046 -0.0000
vn 0.4426 0.8897 -0.1123
vn 0.4783 0.8717 -0.1068
vn 0.5445 0.8321 -0.1051
vn 0.6064 0.7880 -0.1065
vn 0.6633 0.7402 -0.1100
vn 0.7152 0.6894 -0.1151
vn 0.7620 0.6361 -0.1209
vn 0.8040 0.5810 -0.1268
vn 0.8414 0.5240 -0.1323
vn 0.8746 0.4651 -0.1371
vn 0.9039 0.4038 -0.1407
vn 0.9298 0.3391 -0.1432
vn 0.9521 0.2695 -0.1445
vn 0.9706 0.1922 -0.1448
vn 0.9841 0.1035 -0.1444
vn 0.4311 0.8695 -0.2411
vn 0.4665 0.8545 -0.2286
vn 0.5304 0.8173 -0.2251
vn 0.5898 0.7748 -0.2278
vn 0.6442 0.7278 -0.2350
vn 0.6935 0.6775 -0.2451
vn 0.7376 0.6245 -0.2567
vn 0.7769 0.5695 -0.2685
vn 0.8118 0.5127 -0.2795
vn 0.8428 0.4542 -0.2889
vn 0.8703 0.3935 -0.2961
vn 0.8948 0.3297 -0.3010
vn 0.9163 0.2612 -0.3036
vn 0.9343 0.1857 -0.3043
vn 0.9476 0.0996 -0.3037
vn 0.4074 0.8254 -0.3909
vn 0.4426 0.8169 -0.3699
vn 0.5023 0.7839 -0.3650
vn 0.5573 0.7439 -0.3689
vn 0.6069 0.6984 -0.3794
vn 0.6510 0.6489 -0.3939
vn 0.6899 0.5965 -0.4102
vn 0.7240 0.5420 -0.4267
vn 0.7540 0.4862 -0.4417
vn 0.7806 0.4291 -0.4545
vn 0.8046 0.3703 -0.4642
vn 0.8263 0.3091 -0.4708
vn 0.8459 0.2439 -0.4742
vn 0.8629 0.1726 -0.4751
vn 0.8755 0.0920 -0.4744
vn 0.3646 0.7426 -0.5618
vn 0.4004 0.7461 -0.5320
vn 0.4537 0.7189 -0.5267
vn 0.5015 0.6827 -0.5314
vn 0.5434 0.6397 -0.5436
vn 0.5794 0.5920 -0.5601
vn 0.6102 0.5414 -0.5784
vn 0.6365 0.4891 -0.5964
vn 0.6593 0.4361 -0.6125
vn 0.6796 0.3826 -0.6259
vn 0.6983 0.3285 -0.6360
vn 0.7159 0.2727 -0.6427
vn 0.7325 0.2141 -0.6462
vn 0.7474 0.1506 -0.6470
vn 0.7589 0.0797 -0.6463
vn 0.2928 0.5997 -0.7447
vn 0.3304 0.6228 -0.7092
vn 0.3738 0.6030 -0.7047
vn 0.4113 0.5726 -0.7092
vn 0.4426 0.5345 -0.7200
vn 0.4681 0.4916 -0.7344
vn 0.4887 0.4461 -0.7498
vn 0.5056 0.3999 -0.7645
vn 0.5200 0.3538 -0.7775
vn 0.5331 0.3082 -0.7879
vn 0.5457 0.2629 -0.7957
vn 0.5583 0.2170 -0.8007
vn 0.5709 0.1694 -0.8033
vn 0.5828 0.1184 -0.8040
vn 0.5921 0.0623 -0.8034
vn 0.1828 0.3763 -0.9083
vn 0.2224 0.4253 -0.8773
vn 0.2515 0.4138 -0.8749
vn 0.2755 0.3927 -0.8774
vn 0.2943 0.3649 -0.8833
vn 0.3085 0.3333 -0.8909
vn 0.3191 0.3000 -0.8990
vn 0.3275 0.2668 -0.9064
vn 0.3346 0.2343 -0.9128
vn 0.3413 0.2027 -0.9178
vn 0.3482 0.1719 -0.9215
vn 0.3556 0.1411 -0.9239
vn 0.3634 0.1095 -0.9252
vn 0.3711 0.0761 -0.9255
vn 0.3773 0.0398 -0.9253
vn 0.0391 0.0806 -0.9960
vn 0.0768 0.1511 -0.9855
vn 0.0873 0.1478 -0.9852
vn 0.0958 0.1404 -0.9855
vn 0.1021 0.1301 -0.9862
vn 0.1066 0.1183 -0.9872
vn 0.1098 0.1059 -0.9883
vn 0.1121 0.0936 -0.9893
vn 0.1140 0.0818 -0.9901
vn 0.1159 0.0704 -0.9908
vn 0.1179 0.0595 -0.9912
vn 0.1202 0.0486 -0.9916
vn 0.1227 0.0376 -0.9917
vn 0.1251 0.0260 -0.9918
vn 0.1271 0.0135 -0.9918
vn -0.1098 -0.2287 -0.9673
vn -0.0824 -0.1565 -0.9842
vn -0.0910 -0.1525 -0.9841
vn -0.0980 -0.1450 -0.9846
vn -0.1034 -0.1350 -0.9854
vn -0.1076 -0.1236 -0.9865
vn -0.1109 -0.1115 -0.9876
vn -0.1138 -0.0993 -0.9885
vn -0.1166 -0.0873 -0.9893
vn -0.1194 -0.0755 -0.9900
vn -0.1225 -0.0639 -0.9904
vn -0.1259 -0.0522 -0.9907
vn -0.1295 -0.0401 -0.9908
vn -0.1329 -0.0275 -0.9908
vn -0.1356 -0.0141 -0.9907
vn -0.2316 -0.4839 -0.8439
vn -0.2200 -0.4284 -0.8764
vn -0.2433 -0.4182 -0.8752
vn -0.2634 -0.3997 -0.8780
vn -0.2803 -0.3750 -0.8836
vn -0.2944 -0.3462 -0.8908
vn -0.3064 -0.3150 -0.8983
vn -0.3171 -0.2827 -0.9053
vn -0.3270 -0.2500 -0.9113
vn -0.3369 -0.2172 -0.9161
vn -0.3470 -0.1842 -0.9196
vn -0.3574 -0.1505 -0.9218
vn -0.3677 -0.1156 -0.9227
vn -0.3772 -0.0790 -0.9228
vn -0.3843 -0.0404 -0.9223
vn -0.3156 -0.6617 -0.6801
vn -0.3179 -0.6260 -0.7121
vn -0.3500 -0.6109 -0.7101
vn -0.3797 -0.5870 -0.7150
vn -0.4069 -0.5559 -0.7248
vn -0.4318 -0.5191 -0.7376
vn -0.4546 -0.4781 -0.7515
vn -0.4759 -0.4341 -0.7649
vn -0.4961 -0.3877 -0.7769
vn -0.5158 -0.3394 -0.7866
vn -0.5350 -0.2892 -0.7938
vn -0.5537 -0.2367 -0.7984
vn -0.5712 -0.1816 -0.8005
vn -0.5863 -0.1236 -0.8006
vn -0.5971 -0.0629 -0.7997
vn -0.3685 -0.7746 -0.5140
vn -0.3794 -0.7527 -0.5381
vn -0.4158 -0.7346 -0.5362
vn -0.4517 -0.7090 -0.5415
vn -0.4867 -0.6768 -0.5524
vn -0.5208 -0.6384 -0.5667
vn -0.5540 -0.5945 -0.5828
vn -0.5863 -0.5457 -0.5988
vn -0.6177 -0.4921 -0.6134
vn -0.6481 -0.4342 -0.6257
vn -0.6772 -0.3718 -0.6350
vn -0.7043 -0.3051 -0.6410
vn -0.7286 -0.2339 -0.6438
vn -0.7484 -0.1588 -0.6440
vn -0.7618 -0.0803 -0.6428
vn -0.3998 -0.8423 -0.3614
vn -0.4152 -0.8280 -0.3767
vn -0.4535 -0.8084 -0.3753
vn -0.4927 -0.7829 -0.3799
vn -0.5327 -0.7515 -0.3891
vn -0.5734 -0.7141 -0.4015
vn -0.6146 -0.6705 -0.4156
vn -0.6558 -0.6205 -0.4300
vn -0.6966 -0.5639 -0.4435
vn -0.7364 -0.5006 -0.4551
vn -0.7741 -0.4306 -0.4640
vn -0.8087 -0.3540 -0.4699
vn -0.8385 -0.2713 -0.4726
vn -0.8618 -0.1836 -0.4729
vn -0.8769 -0.0926 -0.4718
vn -0.4172 -0.8803 -0.2257
vn -0.4346 -0.8697 -0.2340
vn -0.4733 -0.8495 -0.2332
vn -0.5142 -0.8245 -0.2363
vn -0.5570 -0.7943 -0.2426
vn -0.6017 -0.7582 -0.2512
vn -0.6479 -0.7156 -0.2610
vn -0.6951 -0.6658 -0.2713
vn -0.7424 -0.6082 -0.2811
vn -0.7888 -0.5422 -0.2896
vn -0.8328 -0.4677 -0.2962
vn -0.8726 -0.3850 -0.3006
vn -0.9063 -0.2950 -0.3027
vn -0.9319 -0.1993 -0.3030
vn -0.9480 -0.1001 -0.3021
vn -0.4255 -0.8987 -0.1062
vn -0.4436 -0.8895 -0.1096
vn -0.4824 -0.8691 -0.1091
vn -0.5238 -0.8446 -0.1106
vn -0.5679 -0.8152 -0.1137
vn -0.6145 -0.7801 -0.1179
vn -0.6632 -0.7383 -0.1227
vn -0.7135 -0.6889 -0.1279
vn -0.7644 -0.6309 -0.1328
vn -0.8145 -0.5638 -0.1371
vn -0.8620 -0.4871 -0.1406
vn -0.9048 -0.4012 -0.1429
vn -0.9406 -0.3073 -0.1440
vn -0.9676 -0.2073 -0.1442
vn -0.9841 -0.1040 -0.1438
vn 0.4286 -0.8911 0.1492
vn 0.5504 -0.8176 0.1692
vn 0.5559 -0.8312 -0.0000
vn 0.4315 -0.9021 -0.0000
vn 0.7078 -0.6807 0.1887
vn 0.7170 -0.6971 -0.0000
vn 0.8254 -0.5328 0.1870
vn 0.8363 -0.5482 -0.0000
vn 0.8981 -0.4046 0.1721
vn 0.9087 -0.4176 -0.0000
vn 0.9372 -0.3138 0.1522
vn 0.9455 -0.3257 -0.0000
vn 0.9531 -0.2705 0.1358
vn 0.9605 -0.2784 -0.0000
vn 0.9543 -0.2710 0.1259
vn 0.9414 -0.3146 0.1218
vn 0.9469 -0.3216 -0.0000
vn 0.9082 -0.3998 0.1236
vn 0.9134 -0.4070 -0.0000
vn 0.8445 -0.5194 0.1305
vn 0.8497 -0.5273 -0.0000
vn 0.7413 -0.6563 0.1403
vn 0.7466 -0.6653 -0.0000
vn 0.6014 -0.7846 0.1506
vn 0.6065 -0.7951 -0.0000
vn 0.4429 -0.8823 0.1596
vn 0.4477 -0.8942 -0.0000
vn 0.2895 -0.9424 0.1676
vn 0.2938 -0.9559 -0.0000
vn 0.2178 -0.9608 0.1716
vn 0.2214 -0.9752 -0.0000
vn 0.4171 -0.8518 0.3169
vn 0.5304 -0.7700 0.3547
vn 0.6747 -0.6266 0.3901
vn 0.7863 -0.4833 0.3849
vn 0.8608 -0.3643 0.3554
vn 0.9061 -0.2791 0.3179
vn 0.9265 -0.2444 0.2861
vn 0.9319 -0.2475 0.2652
vn 0.9213 -0.2921 0.2567
vn 0.8891 -0.3763 0.2604
vn 0.8255 -0.4932 0.2744
vn 0.7225 -0.6257 0.2941
vn 0.5833 -0.7489 0.3144
vn 0.4266 -0.8413 0.3320
vn 0.2754 -0.8964 0.3472
vn 0.2058 -0.9122 0.3543
vn 0.3901 -0.7724 0.5013
vn 0.4873 -0.6786 0.5496
vn 0.6090 -0.5293 0.5906
vn 0.7106 -0.3978 0.5803
vn 0.7882 -0.2954 0.5399
vn 0.8436 -0.2223 0.4888
vn 0.8733 -0.1983 0.4449
vn 0.8862 -0.2061 0.4148
vn 0.8801 -0.2517 0.4026
vn 0.8498 -0.3334 0.4082
vn 0.7868 -0.4442 0.4285
vn 0.6846 -0.5679 0.4570
vn 0.5480 -0.6811 0.4855
vn 0.3958 -0.7640 0.5095
vn 0.2502 -0.8106 0.5295
vn 0.1841 -0.8226 0.5380
vn 0.3398 -0.6425 0.6868
vn 0.4144 -0.5399 0.7327
vn 0.5081 -0.3938 0.7660
vn 0.5969 -0.2821 0.7511
vn 0.6767 -0.2017 0.7081
vn 0.7436 -0.1447 0.6528
vn 0.7859 -0.1327 0.6040
vn 0.8094 -0.1457 0.5689
vn 0.8100 -0.1914 0.5543
vn 0.7830 -0.2679 0.5613
vn 0.7217 -0.3687 0.5859
vn 0.6223 -0.4786 0.6194
vn 0.4919 -0.5768 0.6521
vn 0.3490 -0.6466 0.6784
vn 0.2140 -0.6825 0.6988
vn 0.1535 -0.6908 0.7066
vn 0.2630 -0.4629 0.8465
vn 0.3128 -0.3641 0.8773
vn 0.3789 -0.2360 0.8948
vn 0.4528 -0.1495 0.8790
vn 0.5335 -0.0895 0.8411
vn 0.6050 -0.0559 0.7943
vn 0.6580 -0.0497 0.7514
vn 0.6932 -0.0666 0.7177
vn 0.7023 -0.1100 0.7034
vn 0.6807 -0.1780 0.7106
vn 0.6240 -0.2643 0.7354
vn 0.5320 -0.3558 0.7684
vn 0.4138 -0.4356 0.7994
vn 0.2870 -0.4905 0.8228
vn 0.1690 -0.5164 0.8395
vn 0.1167 -0.5225 0.8446
vn 0.1644 -0.2520 0.9537
vn 0.1922 -0.1736 0.9659
vn 0.2348 -0.0761 0.9691
vn 0.2908 -0.0157 0.9567
vn 0.3587 0.0295 0.9330
vn 0.4251 0.0432 0.9041
vn 0.4866 0.0456 0.8725
vn 0.5303 0.0287 0.8473
vn 0.5485 -0.0084 0.8361
vn 0.5356 -0.0638 0.8421
vn 0.4892 -0.1318 0.8621
vn 0.4124 -0.2020 0.8883
vn 0.3153 -0.2622 0.9121
vn 0.2129 -0.3030 0.9289
vn 0.1187 -0.3217 0.9394
vn 0.0772 -0.3279 0.9415
vn 0.0550 -0.0386 0.9977
vn 0.0647 0.0086 0.9979
vn 0.0869 0.0708 0.9937
vn 0.1214 0.1076 0.9867
vn 0.1684 0.1358 0.9763
vn 0.2197 0.1438 0.9649
vn 0.2735 0.1450 0.9509
vn 0.3181 0.1336 0.9386
vn 0.3438 0.1083 0.9328
vn 0.3442 0.0701 0.9363
vn 0.3172 0.0235 0.9481
vn 0.2665 -0.0245 0.9635
vn 0.2008 -0.0659 0.9774
vn 0.1314 -0.0949 0.9868
vn 0.0673 -0.1095 0.9917
vn 0.0387 -0.1183 0.9922
vn -0.0555 0.1548 0.9864
vn -0.0620 0.1694 0.9836
vn -0.0596 0.1978 0.9784
vn -0.0495 0.2142 0.9755
vn -0.0307 0.2277 0.9732
vn -0.0050 0.2336 0.9723
vn 0.0288 0.2375 0.9710
vn 0.0642 0.2364 0.9695
vn 0.0945 0.2283 0.9690
vn 0.1128 0.2122 0.9707
vn 0.1151 0.1897 0.9751
vn 0.1017 0.1644 0.9811
vn 0.0772 0.1408 0.9870
vn 0.0477 0.1219 0.9914
vn 0.0183 0.1092 0.9938
vn 0.0041 0.0970 0.9953
vn -0.1628 0.3197 0.9334
vn -0.1859 0.3056 0.9339
vn -0.2043 0.3039 0.9305
vn -0.2200 0.3014 0.9278
vn -0.2322 0.3001 0.9252
vn -0.2354 0.3039 0.9232
vn -0.2272 0.3107 0.9230
vn -0.2067 0.3216 0.9241
vn -0.1751 0.3339 0.9262
vn -0.1374 0.3441 0.9288
vn -0.1002 0.3492 0.9317
vn -0.0693 0.3484 0.9348
vn -0.0470 0.3430 0.9382
vn -0.0329 0.3346 0.9418
vn -0.0253 0.3242 0.9456
vn -0.0243 0.3096 0.9505
vn -0.2666 0.4569 0.8486
vn -0.3080 0.4191 0.8541
vn -0.3486 0.3903 0.8522
vn -0.3920 0.3662 0.8439
vn -0.4288 0.3534 0.8314
vn -0.4541 0.3488 0.8198
vn -0.4661 0.3556 0.8101
vn -0.4579 0.3761 0.8055
vn -0.4264 0.4085 0.8071
vn -0.3727 0.4469 0.8132
vn -0.3039 0.4831 0.8211
vn -0.2306 0.5104 0.8284
vn -0.1626 0.5259 0.8349
vn -0.1054 0.5301 0.8414
vn -0.0611 0.5246 0.8491
vn -0.0450 0.5104 0.8588
vn -0.3678 0.5703 0.7345
vn -0.4290 0.5127 0.7437
vn -0.4914 0.4578 0.7409
vn -0.5546 0.4075 0.7255
vn -0.6040 0.3832 0.6988
vn -0.6423 0.3670 0.6729
vn -0.6619 0.3708 0.6514
vn -0.6579 0.3977 0.6395
vn -0.6258 0.4469 0.6392
vn -0.5632 0.5118 0.6488
vn -0.4733 0.5799 0.6631
vn -0.3674 0.6376 0.6771
vn -0.2607 0.6768 0.6885
vn -0.1654 0.6961 0.6986
vn -0.0877 0.6985 0.7102
vn -0.0573 0.6880 0.7235
vn -0.4642 0.6616 0.5889
vn -0.5452 0.5869 0.5986
vn -0.6262 0.5064 0.5928
vn -0.6996 0.4315 0.5696
vn -0.7499 0.3901 0.5343
vn -0.7858 0.3633 0.5005
vn -0.8019 0.3639 0.4738
vn -0.7957 0.3952 0.4590
vn -0.7626 0.4572 0.4576
vn -0.6969 0.5435 0.4679
vn -0.5968 0.6394 0.4848
vn -0.4705 0.7258 0.5019
vn -0.3355 0.7883 0.5158
vn -0.2100 0.8232 0.5275
vn -0.1048 0.8350 0.5401
vn -0.0618 0.8302 0.5540
vn -0.5481 0.7288 0.4104
vn -0.6457 0.6394 0.4174
vn -0.7386 0.5356 0.4094
vn -0.8112 0.4398 0.3854
vn -0.8539 0.3823 0.3531
vn -0.8803 0.3477 0.3228
vn -0.8887 0.3467 0.3000
vn -0.8784 0.3818 0.2875
vn -0.8445 0.4527 0.2862
vn -0.7789 0.5538 0.2944
vn -0.6754 0.6700 0.3083
vn -0.5382 0.7785 0.3229
vn -0.3852 0.8599 0.3349
vn -0.2388 0.9079 0.3446
vn -0.1135 0.9280 0.3549
vn -0.0605 0.9287 0.3658
vn -0.6063 0.7679 0.2070
vn -0.7139 0.6681 0.2098
vn -0.8115 0.5477 0.2037
vn -0.8778 0.4399 0.1897
vn -0.9129 0.3702 0.1719
vn -0.9307 0.3316 0.1545
vn -0.9330 0.3307 0.1419
vn -0.9197 0.3686 0.1351
vn -0.8855 0.4449 0.1342
vn -0.8207 0.5543 0.1384
vn -0.7165 0.6822 0.1459
vn -0.5744 0.8040 0.1538
vn -0.4119 0.8970 0.1603
vn -0.2535 0.9531 0.1655
vn -0.1166 0.9784 0.1710
vn -0.0566 0.9826 0.1766
vn -0.6265 0.7794 -0.0000
vn -0.7370 0.6759 -0.0000
vn -0.8354 0.5496 -0.0000
vn -0.8986 0.4388 -0.0000
vn -0.9313 0.3642 -0.0000
vn -0.9458 0.3246 -0.0000
vn -0.9460 0.3240 -0.0000
vn -0.9318 0.3631 -0.0000
vn -0.8974 0.4412 -0.0000
vn -0.8329 0.5534 -0.0000
vn -0.7286 0.6849 -0.0000
vn -0.5851 0.8109 -0.0000
vn -0.4197 0.9076 -0.0000
vn -0.2577 0.9662 -0.0000
vn -0.1170 0.9931 -0.0000
vn -0.0544 0.9985 -0.0000
vn -0.6063 0.7679 -0.2070
vn -0.7139 0.6681 -0.2098
vn -0.8115 0.5477 -0.2037
vn -0.8778 0.4399 -0.1897
vn -0.9129 0.3702 -0.1719
vn -0.9307 0.3316 -0.1545
vn -0.9330 0.3307 -0.1419
vn -0.9197 0.3686 -0.1351
vn -0.8855 0.4449 -0.1342
vn -0.8207 0.5543 -0.1384
vn -0.7165 0.6822 -0.1459
vn -0.5744 0.8040 -0.1538
vn -0.4119 0.8970 -0.1603
vn -0.2535 0.9531 -0.1655
vn -0.1166 0.9784 -0.1710
vn -0.0566 0.9826 -0.1766
vn -0.5481 0.7288 -0.4104
vn -0.6457 0.6394 -0.4174
vn -0.7386 0.5356 -0.4094
vn -0.8112 0.4398 -0.3854
vn -0.8539 0.3823 -0.3531
vn -0.8803 0.3477 -0.3228
vn -0.8887 0.3467 -0.3000
vn -0.8784 0.3818 -0.2875
vn -0.8445 0.4527 -0.2862
vn -0.7789 0.5538 -0.2944
vn -0.6754 0.6700 -0.3083
vn -0.5382 0.7785 -0.3229
vn -0.3852 0.8599 -0.3349
vn -0.2388 0.9079 -0.3446
vn -0.1135 0.9280 -0.3549
vn -0.0605 0.9287 -0.3658
vn -0.4642 0.6616 -0.5889
vn -0.5452 0.5869 -0.5986
vn -0.6262 0.5064 -0.5928
vn -0.6996 0.4315 -0.5696
vn -0.7499 0.3901 -0.5343
vn -0.7858 0.3633 -0.5005
vn -0.8019 0.3639 -0.4738
vn -0.7957 0.3952 -0.4590
vn -0.7626 0.4572 -0.4576
vn -0.6969 0.5435 -0.4679
vn -0.5968 0.6394 -0.4848
vn -0.4705 0.7258 -0.5019
vn -0.3355 0.7883 -0.5158
vn -0.2100 0.8232 -0.5275
vn -0.1048 0.8350 -0.5401
vn -0.0618 0.8302 -0.5540
vn -0.3678 0.5703 -0.7345
vn -0.4290 0.5127 -0.7437
vn -0.4914 0.4578 -0.7409
vn -0.5546 0.4075 -0.7255
vn -0.6040 0.3832 -0.6988
vn -0.6423 0.3670 -0.6729
vn -0.6619 0.3708 -0.6514
vn -0.6579 0.3977 -0.6395
vn -0.6258 0.4469 -0.6392
vn -0.5632 0.5118 -0.6488
vn -0.4733 0.5799 -0.6631
vn -0.3674 0.6376 -0.6771
vn -0.2607 0.6768 -0.6885
vn -0.1654 0.6961 -0.6986
vn -0.0877 0.6985 -0.7102
vn -0.0573 0.6880 -0.7235
vn -0.2666 0.4569 -0.8486
vn -0.3080 0.4191 -0.8541
vn -0.3486 0.3903 -0.8522
vn -0.3920 0.3662 -0.8439
vn -0.4288 0.3534 -0.8314
vn -0.4541 0.3488 -0.8198
vn -0.4661 0.3556 -0.8101
vn -0.4579 0.3761 -0.8055
vn -0.4264 0.4085 -0.8071
vn -0.3727 0.4469 -0.8132
vn -0.3039 0.4831 -0.8211
vn -0.2306 0.5104 -0.8284
vn -0.1626 0.5259 -0.8349
vn -0.1054 0.5301 -0.8414
vn -0.0611 0.5246 -0.8491
vn -0.0450 0.5104 -0.8588
vn -0.1628 0.3197 -0.9334
vn -0.1859 0.3056 -0.9339
vn -0.2043 0.3039 -0.9305
vn -0.2200 0.3014 -0.9278
vn -0.2322 0.3001 -0.9252
vn -0.2354 0.3039 -0.9232
vn -0.2272 0.3107 -0.9230
vn -0.2067 0.3216 -0.9241
vn -0.1751 0.3339 -0.9262
vn -0.1374 0.3441 -0.9288
vn -0.1002 0.3492 -0.9317
vn -0.0693 0.3484 -0.9348
vn -0.0470 0.3430 -0.9382
vn -0.0329 0.3346 -0.9418
vn -0.0253 0.3242 -0.9456
vn -0.0243 0.3096 -0.9505
vn -0.0555 0.1548 -0.9864
vn -0.0620 0.1694 -0.9836
vn -0.0596 0.1978 -0.9784
vn -0.0495 0.2142 -0.9755
vn -0.0307 0.2277 -0.9733
vn -0.0050 0.2336 -0.9723
vn 0.0288 0.2375 -0.9710
vn 0.0642 0.2364 -0.9695
vn 0.0945 0.2283 -0.9690
vn 0.1128 0.2122 -0.9707
vn 0.1151 0.1897 -0.9751
vn 0.1017 0.1644 -0.9811
vn 0.0772 0.1408 -0.9870
vn 0.0477 0.1219 -0.9914
vn 0.0183 0.1092 -0.9938
vn 0.0041 0.0970 -0.9953
vn 0.0550 -0.0386 -0.9977
vn 0.0647 0.0086 -0.9979
vn 0.0869 0.0708 -0.9937
vn 0.1214 0.1076 -0.9867
vn 0.1684 0.1358 -0.9763
vn 0.2197 0.1438 -0.9649
vn 0.2735 0.1450 -0.9509
vn 0.3181 0.1336 -0.9386
vn 0.3438 0.1083 -0.9328
vn 0.3442 0.0701 -0.9363
vn 0.3173 0.0235 -0.9481
vn 0.2665 -0.0245 -0.9635
vn 0.2008 -0.0659 -0.9774
vn 0.1314 -0.0949 -0.9868
vn 0.0673 -0.1095 -0.9917
vn 0.0387 -0.1183 -0.9922
vn 0.1644 -0.2520 -0.9537
vn 0.1922 -0.1736 -0.9659
vn 0.2348 -0.0761 -0.9691
vn 0.2908 -0.0157 -0.9567
vn 0.3587 0.0295 -0.9330
vn 0.4251 0.0432 -0.9041
vn 0.4866 0.0456 -0.8725
vn 0.5303 0.0287 -0.8473
vn 0.5485 -0.0084 -0.8361
vn 0.5356 -0.0638 -0.8421
vn 0.4892 -0.1318 -0.8621
vn 0.4124 -0.2020 -0.8883
vn 0.3153 -0.2622 -0.9121
vn 0.2129 -0.3030 -0.9289
vn 0.1187 -0.3217 -0.9394
vn 0.0772 -0.3279 -0.9415
vn 0.2630 -0.4629 -0.8465
vn 0.3128 -0.3641 -0.8773
vn 0.3789 -0.2360 -0.8948
vn 0.4528 -0.1495 -0.8790
vn 0.5335 -0.0895 -0.8411
vn 0.6050 -0.0559 -0.7943
vn 0.6580 -0.0497 -0.7514
vn 0.6932 -0.0666 -0.7177
vn 0.7023 -0.1100 -0.7034
vn 0.6807 -0.1780 -0.7106
vn 0.6240 -0.2643 -0.7354
vn 0.5320 -0.3558 -0.7684
vn 0.4138 -0.4356 -0.7994
vn 0.2870 -0.4905 -0.8228
vn 0.1690 -0.5164 -0.8395
vn 0.1167 -0.5225 -0.8446
vn 0.3398 -0.6425 -0.6868
vn 0.4144 -0.5399 -0.7326
vn 0.5081 -0.3938 -0.7660
vn 0.5969 -0.2821 -0.7511
vn 0.6767 -0.2017 -0.7081
vn 0.7436 -0.1447 -0.6528
vn 0.7859 -0.1327 -0.6040
vn 0.8094 -0.1457 -0.5689
vn 0.8100 -0.1914 -0.5543
vn 0.7830 -0.2679 -0.5614
vn 0.7217 -0.3687 -0.5859
vn 0.6223 -0.4786 -0.6194
vn 0.4919 -0.5768 -0.6521
vn 0.3490 -0.6466 -0.6784
vn 0.2140 -0.6825 -0.6988
vn 0.1535 -0.6908 -0.7066
vn 0.3901 -0.7724 -0.5013
vn 0.4873 -0.6786 -0.5496
vn 0.6090 -0.5293 -0.5906
vn 0.7106 -0.3978 -0.5803
vn 0.7882 -0.2954 -0.5399
vn 0.8436 -0.2223 -0.4888
vn 0.8733 -0.1983 -0.4449
vn 0.8862 -0.2061 -0.4149
vn 0.8801 -0.2517 -0.4026
vn 0.8498 -0.3334 -0.4082
vn 0.7868 -0.4442 -0.4285
vn 0.6846 -0.5679 -0.4570
vn 0.5480 -0.6811 -0.4855
vn 0.3958 -0.7640 -0.5095
vn 0.2502 -0.8106 -0.5295
vn 0.1841 -0.8226 -0.5380
vn 0.4171 -0.8518 -0.3169
vn 0.5304 -0.7700 -0.3547
vn 0.6747 -0.6266 -0.3901
vn 0.7863 -0.4833 -0.3849
vn 0.8608 -0.3643 -0.3554
vn 0.9061 -0.2791 -0.3179
vn 0.9265 -0.2444 -0.2861
vn 0.9319 -0.2475 -0.2652
vn 0.9213 -0.2921 -0.2567
vn 0.8891 -0.3763 -0.2604
vn 0.8255 -0.4932 -0.2743
vn 0.7225 -0.6257 -0.2941
vn 0.5833 -0.7489 -0.3144
vn 0.4266 -0.8413 -0.3320
vn 0.2754 -0.8964 -0.3472
vn 0.2058 -0.9122 -0.3543
vn 0.4286 -0.8911 -0.1492
vn 0.5504 -0.8176 -0.1692
vn 0.7078 -0.6807 -0.1887
vn 0.8254 -0.5328 -0.1870
vn 0.8981 -0.4046 -0.1721
vn 0.9372 -0.3138 -0.1522
vn 0.9531 -0.2705 -0.1358
vn 0.9543 -0.2710 -0.1259
vn 0.9414 -0.3146 -0.1218
vn 0.9082 -0.3998 -0.1236
vn 0.8445 -0.5194 -0.1305
vn 0.7413 -0.6563 -0.1403
vn 0.6014 -0.7846 -0.1506
vn 0.4429 -0.8823 -0.1596
vn 0.2895 -0.9424 -0.1676
vn 0.2178 -0.9608 -0.1716
vn -0.3957 0.9026 -0.1697
vn -0.3826 0.9114 -0.1516
vn -0.3870 0.9221 -0.0000
vn -0.4004 0.9164 -0.0000
vn -0.3572 0.9231 -0.1428
vn -0.3619 0.9322 -0.0000
vn -0.3278 0.9357 -0.1304
vn -0.3326 0.9431 -0.0000
vn -0.2916 0.9498 -0.1137
vn -0.2964 0.9551 -0.0000
vn -0.2423 0.9660 -0.0904
vn -0.2466 0.9691 -0.0000
vn -0.1639 0.9850 -0.0539
vn -0.1666 0.9860 -0.0000
vn -0.0004 0.9998 0.0180
vn 0.0058 1.0000 -0.0000
vn 0.4975 0.8436 0.2018
vn 0.5654 0.8248 -0.0000
vn 0.9289 0.0496 0.3669
vn 0.9998 -0.0193 -0.0000
vn 0.7262 -0.6178 0.3016
vn 0.7334 -0.6798 -0.0000
vn 0.5708 -0.7889 0.2277
vn 0.5718 -0.8204 -0.0000
vn 0.4932 -0.8490 0.1899
vn 0.4943 -0.8693 -0.0000
vn 0.4453 -0.8798 0.1662
vn 0.4468 -0.8946 -0.0000
vn 0.4112 -0.8993 0.1492
vn 0.4130 -0.9108 -0.0000
vn -0.3775 0.8548 -0.3562
vn -0.3670 0.8746 -0.3169
vn -0.3414 0.8916 -0.2974
vn -0.3124 0.9107 -0.2704
vn -0.2771 0.9318 -0.2345
vn -0.2297 0.9554 -0.1854
vn -0.1566 0.9814 -0.1110
vn -0.0161 0.9996 0.0241
vn 0.3452 0.8827 0.3188
vn 0.7420 0.2250 0.6315
vn 0.6750 -0.4251 0.6030
vn 0.5545 -0.6788 0.4814
vn 0.4821 -0.7769 0.4048
vn 0.4356 -0.8273 0.3547
vn 0.4021 -0.8585 0.3182
vn -0.3403 0.7642 -0.5478
vn -0.3363 0.8043 -0.4899
vn -0.3118 0.8328 -0.4574
vn -0.2846 0.8647 -0.4138
vn -0.2519 0.8996 -0.3567
vn -0.2085 0.9371 -0.2798
vn -0.1439 0.9752 -0.1680
vn -0.0309 0.9994 0.0151
vn 0.2062 0.9157 0.3449
vn 0.5069 0.4470 0.7371
vn 0.5539 -0.1331 0.8219
vn 0.4995 -0.4692 0.7283
vn 0.4473 -0.6316 0.6332
vn 0.4082 -0.7200 0.5612
vn 0.3784 -0.7752 0.5058
vn -0.2816 0.6295 -0.7242
vn -0.2878 0.6969 -0.6569
vn -0.2670 0.7445 -0.6119
vn -0.2441 0.7974 -0.5519
vn -0.2165 0.8539 -0.4732
vn -0.1798 0.9122 -0.3681
vn -0.1263 0.9670 -0.2211
vn -0.0405 0.9992 -0.0033
vn 0.1111 0.9384 0.3272
vn 0.3014 0.6318 0.7142
vn 0.3902 0.1734 0.9042
vn 0.3957 -0.1845 0.8997
vn 0.3759 -0.4075 0.8323
vn 0.3531 -0.5455 0.7601
vn 0.3323 -0.6365 0.6961
vn -0.2036 0.4597 -0.8644
vn -0.2217 0.5553 -0.8016
vn -0.2074 0.6293 -0.7490
vn -0.1917 0.7109 -0.6766
vn -0.1720 0.7970 -0.5790
vn -0.1448 0.8825 -0.4475
vn -0.1053 0.9574 -0.2688
vn -0.0448 0.9987 -0.0257
vn 0.0497 0.9542 0.2952
vn 0.1592 0.7495 0.6426
vn 0.2336 0.4214 0.8763
vn 0.2651 0.1049 0.9585
vn 0.2715 -0.1388 0.9524
vn 0.2672 -0.3146 0.9108
vn 0.2589 -0.4419 0.8589
vn -0.1127 0.2723 -0.9556
vn -0.1411 0.3895 -0.9102
vn -0.1351 0.4936 -0.8591
vn -0.1286 0.6095 -0.7823
vn -0.1193 0.7313 -0.6715
vn -0.1045 0.8493 -0.5174
vn -0.0812 0.9469 -0.3112
vn -0.0447 0.9978 -0.0494
vn 0.0092 0.9656 0.2599
vn 0.0665 0.8207 0.5675
vn 0.1115 0.5903 0.7995
vn 0.1400 0.3414 0.9294
vn 0.1550 0.1186 0.9808
vn 0.1613 -0.0653 0.9847
vn 0.1624 -0.2130 0.9635
vn -0.0159 0.0848 -0.9963
vn -0.0506 0.2132 -0.9757
vn -0.0525 0.3458 -0.9368
vn -0.0555 0.4971 -0.8659
vn -0.0581 0.6587 -0.7501
vn -0.0584 0.8135 -0.5786
vn -0.0537 0.9356 -0.3489
vn -0.0413 0.9965 -0.0727
vn -0.0191 0.9742 0.2248
vn 0.0036 0.8660 0.5001
vn 0.0222 0.6995 0.7143
vn 0.0363 0.5118 0.8583
vn 0.0461 0.3287 0.9433
vn 0.0520 0.1623 0.9854
vn 0.0551 0.0162 0.9984
vn 0.0825 -0.0912 -0.9924
vn 0.0458 0.0386 -0.9982
vn 0.0389 0.1928 -0.9805
vn 0.0280 0.3765 -0.9260
vn 0.0131 0.5794 -0.8149
vn -0.0045 0.7748 -0.6321
vn -0.0215 0.9236 -0.3828
vn -0.0327 0.9949 -0.0950
vn -0.0381 0.9808 0.1915
vn -0.0423 0.8967 0.4405
vn -0.0451 0.7720 0.6341
vn -0.0468 0.6305 0.7748
vn -0.0481 0.4869 0.8721
vn -0.0496 0.3486 0.9360
vn -0.0517 0.2195 0.9742
vn 0.1813 -0.2512 -0.9508
vn 0.1463 -0.1275 -0.9810
vn 0.1388 0.0386 -0.9896
vn 0.1240 0.2480 -0.9608
vn 0.0984 0.4920 -0.8650
vn 0.0609 0.7325 -0.6781
vn 0.0180 0.9108 -0.4125
vn -0.0204 0.9931 -0.1155
vn -0.0524 0.9857 0.1604
vn -0.0790 0.9190 0.3862
vn -0.0997 0.8230 0.5592
vn -0.1161 0.7153 0.6891
vn -0.1296 0.6044 0.7861
vn -0.1415 0.4945 0.8576
vn -0.1524 0.3878 0.9090
vn 0.2811 -0.3949 -0.8747
vn 0.2508 -0.2827 -0.9258
vn 0.2487 -0.1156 -0.9617
vn 0.2364 0.1100 -0.9654
vn 0.2040 0.3935 -0.8964
vn 0.1440 0.6851 -0.7141
vn 0.0678 0.8976 -0.4356
vn -0.0031 0.9912 -0.1323
vn -0.0631 0.9894 0.1312
vn -0.1108 0.9360 0.3340
vn -0.1478 0.8614 0.4860
vn -0.1776 0.7789 0.6015
vn -0.2030 0.6940 0.6908
vn -0.2258 0.6087 0.7606
vn -0.2469 0.5241 0.8151
vn 0.3813 -0.5224 -0.7627
vn 0.3593 -0.4267 -0.8300
vn 0.3696 -0.2698 -0.8892
vn 0.3699 -0.0401 -0.9282
vn 0.3393 0.2796 -0.8982
vn 0.2547 0.6314 -0.7324
vn 0.1355 0.8850 -0.4453
vn 0.0214 0.9898 -0.1409
vn -0.0712 0.9921 0.1036
vn -0.1401 0.9496 0.2803
vn -0.1926 0.8918 0.4093
vn -0.2351 0.8292 0.5072
vn -0.2717 0.7649 0.5841
vn -0.3049 0.6998 0.6460
vn -0.3362 0.6341 0.6963
vn 0.4775 -0.6313 -0.6111
vn 0.4681 -0.5568 -0.6862
vn 0.4983 -0.4202 -0.7584
vn 0.5247 -0.2013 -0.8272
vn 0.5137 0.1466 -0.8453
vn 0.4060 0.5712 -0.7134
vn 0.2250 0.8756 -0.4275
vn 0.0513 0.9895 -0.1348
vn -0.0778 0.9940 0.0775
vn -0.1679 0.9606 0.2214
vn -0.2350 0.9166 0.3234
vn -0.2890 0.8696 0.4003
vn -0.3356 0.8215 0.4610
vn -0.3782 0.7723 0.5104
vn -0.4186 0.7216 0.5514
vn 0.5584 -0.7143 -0.4219
vn 0.5658 -0.6636 -0.4894
vn 0.6202 -0.5534 -0.5559
vn 0.6852 -0.3599 -0.6333
vn 0.7220 -0.0008 -0.6919
vn 0.6047 0.5077 -0.6137
vn 0.3342 0.8727 -0.3559
vn 0.0830 0.9907 -0.1077
vn -0.0835 0.9951 0.0522
vn -0.1930 0.9690 0.1540
vn -0.2725 0.9357 0.2243
vn -0.3359 0.9003 0.2768
vn -0.3906 0.8638 0.3181
vn -0.4406 0.8259 0.3519
vn -0.4880 0.7858 0.3799
vn 0.6101 -0.7638 -0.2107
vn 0.6337 -0.7320 -0.2503
vn 0.7079 -0.6442 -0.2896
vn 0.8089 -0.4794 -0.3405
vn 0.9093 -0.1301 -0.3953
vn 0.8110 0.4515 -0.3720
vn 0.4367 0.8755 -0.2071
vn 0.1080 0.9924 -0.0593
vn -0.0882 0.9958 0.0262
vn -0.2114 0.9743 0.0782
vn -0.2992 0.9474 0.1134
vn -0.3687 0.9190 0.1394
vn -0.4285 0.8893 0.1598
vn -0.4829 0.8577 0.1764
vn -0.5345 0.8235 0.1902
vn 0.6270 -0.7790 -0.0000
vn 0.6574 -0.7535 -0.0000
vn 0.7386 -0.6741 -0.0000
vn 0.8533 -0.5214 -0.0000
vn 0.9833 -0.1821 -0.0000
vn 0.9051 0.4253 -0.0000
vn 0.4820 0.8762 -0.0000
vn 0.1185 0.9930 -0.0000
vn -0.0895 0.9960 -0.0000
vn -0.2179 0.9760 -0.0000
vn -0.3086 0.9512 -0.0000
vn -0.3803 0.9249 -0.0000
vn -0.4417 0.8972 -0.0000
vn -0.4975 0.8674 -0.0000
vn -0.5504 0.8349 -0.0000
vn 0.6101 -0.7638 0.2107
vn 0.6337 -0.7320 0.2503
vn 0.7079 -0.6442 0.2896
vn 0.8089 -0.4794 0.3405
vn 0.9093 -0.1301 0.3953
vn 0.8110 0.4515 0.3720
vn 0.4367 0.8755 0.2071
vn 0.1080 0.9924 0.0593
vn -0.0882 0.9958 -0.0262
vn -0.2114 0.9743 -0.0782
vn -0.2992 0.9474 -0.1134
vn -0.3687 0.9190 -0.1394
vn -0.4285 0.8893 -0.1598
vn -0.4829 0.8577 -0.1764
vn -0.5345 0.8235 -0.1902
vn 0.5584 -0.7143 0.4220
vn 0.5658 -0.6636 0.4894
vn 0.6202 -0.5534 0.5559
vn 0.6852 -0.3599 0.6333
vn 0.7220 -0.0008 0.6919
vn 0.6047 0.5077 0.6137
vn 0.3342 0.8727 0.3559
vn 0.0830 0.9907 0.1077
vn -0.0835 0.9951 -0.0522
vn -0.1930 0.9690 -0.1540
vn -0.2725 0.9357 -0.2243
vn -0.3359 0.9003 -0.2768
vn -0.3906 0.8638 -0.3181
vn -0.4406 0.8259 -0.3519
vn -0.4880 0.7858 -0.3799
vn 0.4775 -0.6313 0.6111
vn 0.4681 -0.5568 0.6862
vn 0.4983 -0.4202 0.7584
vn 0.5247 -0.2013 0.8272
vn 0.5137 0.1466 0.8453
vn 0.4060 0.5712 0.7134
vn 0.2250 0.8756 0.4275
vn 0.0513 0.9895 0.1348
vn -0.0778 0.9940 -0.0775
vn -0.1679 0.9606 -0.2214
vn -0.2350 0.9166 -0.3234
vn -0.2890 0.8696 -0.4003
vn -0.3357 0.8215 -0.4610
vn -0.3782 0.7723 -0.5104
vn -0.4186 0.7216 -0.5514
vn 0.3813 -0.5224 0.7626
vn 0.3592 -0.4267 0.8300
vn 0.3696 -0.2698 0.8892
vn 0.3699 -0.0401 0.9282
vn 0.3393 0.2796 0.8982
vn 0.2547 0.6314 0.7324
vn 0.1355 0.8850 0.4453
vn 0.0214 0.9898 0.1409
vn -0.0712 0.9921 -0.1036
vn -0.1401 0.9496 -0.2803
vn -0.1926 0.8918 -0.4093
vn -0.2351 0.8292 -0.5072
vn -0.2717 0.7649 -0.5841
vn -0.3049 0.6998 -0.6460
vn -0.3362 0.6341 -0.6963
vn 0.2811 -0.3949 0.8747
vn 0.2508 -0.2827 0.9258
vn 0.2487 -0.1156 0.9617
vn 0.2364 0.1100 0.9654
vn 0.2040 0.3935 0.8964
vn 0.1440 0.6851 0.7141
vn 0.0678 0.8976 0.4356
vn -0.0031 0.9912 0.1323
vn -0.0631 0.9894 -0.1312
vn -0.1108 0.9360 -0.3340
vn -0.1478 0.8614 -0.4860
vn -0.1776 0.7789 -0.6015
vn -0.2030 0.6940 -0.6908
vn -0.2258 0.6087 -0.7606
vn -0.2469 0.5241 -0.8151
vn 0.1813 -0.2512 0.9508
vn 0.1463 -0.1275 0.9810
vn 0.1388 0.0386 0.9896
vn 0.1240 0.2480 0.9608
vn 0.0984 0.4920 0.8650
vn 0.0609 0.7324 0.6781
vn 0.0180 0.9108 0.4125
vn -0.0204 0.9931 0.1155
vn -0.0524 0.9857 -0.1604
vn -0.0790 0.9190 -0.3862
vn -0.0997 0.8230 -0.5592
vn -0.1161 0.7153 -0.6891
vn -0.1296 0.6044 -0.7861
vn -0.1415 0.4945 -0.8576
vn -0.1524 0.3878 -0.9090
vn 0.0825 -0.0912 0.9924
vn 0.0458 0.0386 0.9982
vn 0.0389 0.1928 0.9805
vn 0.0280 0.3765 0.9260
vn 0.0131 0.5794 0.8149
vn -0.0045 0.7748 0.6322
vn -0.0215 0.9236 0.3828
vn -0.0327 0.9949 0.0950
vn -0.0381 0.9808 -0.1915
vn -0.0423 0.8967 -0.4405
vn -0.0451 0.7720 -0.6340
vn -0.0468 0.6305 -0.7748
vn -0.0481 0.4869 -0.8722
vn -0.0496 0.3486 -0.9360
vn -0.0517 0.2195 -0.9742
vn -0.0159 0.0848 0.9963
vn -0.0506 0.2132 0.9757
vn -0.0525 0.3458 0.9368
vn -0.0555 0.4971 0.8659
vn -0.0581 0.6587 0.7501
vn -0.0584 0.8135 0.5786
vn -0.0537 0.9356 0.3489
vn -0.0413 0.9965 0.0727
vn -0.0191 0.9742 -0.2248
vn 0.0036 0.8660 -0.5001
vn 0.0222 0.6995 -0.7143
vn 0.0363 0.5118 -0.8583
vn 0.0461 0.3287 -0.9433
vn 0.0520 0.1623 -0.9854
vn 0.0551 0.0162 -0.9984
vn -0.1127 0.2723 0.9556
vn -0.1411 0.3895 0.9102
vn -0.1351 0.4936 0.8591
vn -0.1286 0.6095 0.7823
vn -0.1193 0.7313 0.6715
vn -0.1045 0.8493 0.5174
vn -0.0811 0.9469 0.3112
vn -0.0447 0.9978 0.0494
vn 0.0092 0.9656 -0.2599
vn 0.0665 0.8207 -0.5675
vn 0.1115 0.5903 -0.7995
vn 0.1400 0.3414 -0.9294
vn 0.1550 0.1186 -0.9808
vn 0.1613 -0.0653 -0.9847
vn 0.1624 -0.2130 -0.9635
vn -0.2036 0.4597 0.8644
vn -0.2217 0.5553 0.8016
vn -0.2074 0.6293 0.7490
vn -0.1917 0.7109 0.6766
vn -0.1720 0.7970 0.5790
vn -0.1448 0.8825 0.4475
vn -0.1053 0.9574 0.2688
vn -0.0448 0.9987 0.0257
vn 0.0497 0.9542 -0.2952
vn 0.1592 0.7495 -0.6426
vn 0.2336 0.4214 -0.8763
vn 0.2651 0.1049 -0.9585
vn 0.2715 -0.1388 -0.9524
vn 0.2672 -0.3146 -0.9108
vn 0.2589 -0.4419 -0.8589
vn -0.2816 0.6295 0.7242
vn -0.2878 0.6969 0.6569
vn -0.2670 0.7445 0.6119
vn -0.2441 0.7974 0.5519
vn -0.2165 0.8539 0.4732
vn -0.1798 0.9122 0.3681
vn -0.1263 0.9670 0.2211
vn -0.0405 0.9992 0.0033
vn 0.1111 0.9384 -0.3272
vn 0.3014 0.6318 -0.7142
vn 0.3902 0.1734 -0.9042
vn 0.3957 -0.1844 -0.8997
vn 0.3759 -0.4075 -0.8323
vn 0.3531 -0.5455 -0.7601
vn 0.3323 -0.6365 -0.6961
vn -0.3404 0.7642 0.5478
vn -0.3363 0.8043 0.4899
vn -0.3118 0.8328 0.4574
vn -0.2846 0.8647 0.4138
vn -0.2519 0.8996 0.3567
vn -0.2085 0.9372 0.2798
vn -0.1439 0.9752 0.1680
vn -0.0309 0.9994 -0.0150
vn 0.2062 0.9157 -0.3449
vn 0.5069 0.4470 -0.7371
vn 0.5539 -0.1331 -0.8219
vn 0.4995 -0.4692 -0.7283
vn 0.4473 -0.6316 -0.6332
vn 0.4082 -0.7200 -0.5612
vn 0.3784 -0.7752 -0.5058
vn -0.3775 0.8547 0.3562
vn -0.3670 0.8746 0.3169
vn -0.3414 0.8916 0.2974
vn -0.3124 0.9107 0.2704
vn -0.2771 0.9318 0.2345
vn -0.2297 0.9554 0.1854
vn -0.1566 0.9814 0.1110
vn -0.0161 0.9996 -0.0241
vn 0.3452 0.8827 -0.3188
vn 0.7420 0.2250 -0.6315
vn 0.6750 -0.4251 -0.6030
vn 0.5545 -0.6788 -0.4814
vn 0.4821 -0.7769 -0.4048
vn 0.4356 -0.8273 -0.3547
vn 0.4021 -0.8585 -0.3182
vn -0.3957 0.9026 0.1697
vn -0.3826 0.9114 0.1516
vn -0.3572 0.9231 0.1428
vn -0.3278 0.9357 0.1304
vn -0.2916 0.9498 0.1137
vn -0.2423 0.9660 0.0904
vn -0.1639 0.9850 0.0539
vn -0.0004 0.9998 -0.0180
vn 0.4975 0.8437 -0.2018
vn 0.9289 0.0496 -0.3669
vn 0.7262 -0.6178 -0.3016
vn 0.5708 -0.7889 -0.2277
vn 0.4932 -0.8490 -0.1899
vn 0.4453 -0.8798 -0.1662
vn 0.4112 -0.8993 -0.1492
vn 0.0664 0.7736 0.6302
vn 0.0949 0.4220 0.9016
vn -0.0000 0.4219 0.9066
vn -0.0000 0.7735 0.6338
vn 0.1042 -0.0796 0.9914
vn -0.0000 -0.0796 0.9968
vn 0.0944 -0.4263 0.8996
vn -0.0000 -0.4262 0.9046
vn 0.0842 -0.5894 0.8034
vn -0.0000 -0.5892 0.8080
vn 0.0784 -0.6576 0.7493
vn -0.0000 -0.6575 0.7535
vn 0.0768 -0.6743 0.7344
vn -0.0000 -0.6742 0.7386
vn 0.0793 -0.6475 0.7579
vn -0.0000 -0.6473 0.7622
vn 0.0865 -0.5550 0.8273
vn -0.0000 -0.5549 0.8319
vn 0.0986 -0.3174 0.9431
vn -0.0000 -0.3174 0.9483
vn 0.1024 0.1731 0.9796
vn -0.0000 0.1730 0.9849
vn 0.0753 0.6890 0.7208
vn -0.0000 0.6889 0.7248
vn 0.0401 0.9226 0.3837
vn -0.0000 0.9226 0.3858
vn 0.0188 0.9834 0.1804
vn -0.0000 0.9834 0.1814
vn 0.0072 0.9976 0.0691
vn -0.0000 0.9976 0.0695
vn -0.0000 1.0000 -0.0000
vn 0.1323 0.7738 0.6195
vn 0.1892 0.4222 0.8866
vn 0.2078 -0.0798 0.9749
vn 0.1883 -0.4267 0.8846
vn 0.1680 -0.5898 0.7899
vn 0.1565 -0.6580 0.7366
vn 0.1533 -0.6747 0.7220
vn 0.1581 -0.6479 0.7452
vn 0.1726 -0.5554 0.8135
vn 0.1968 -0.3177 0.9275
vn 0.2044 0.1731 0.9634
vn 0.1503 0.6892 0.7088
vn 0.0799 0.9227 0.3771
vn 0.0376 0.9834 0.1773
vn 0.0144 0.9976 0.0679
vn 0.1966 0.7740 0.6019
vn 0.2814 0.4223 0.8617
vn 0.3091 -0.0801 0.9476
vn 0.2801 -0.4272 0.8596
vn 0.2499 -0.5903 0.7675
vn 0.2328 -0.6584 0.7157
vn 0.2281 -0.6751 0.7016
vn 0.2353 -0.6483 0.7241
vn 0.2569 -0.5558 0.7906
vn 0.2930 -0.3180 0.9017
vn 0.3044 0.1733 0.9367
vn 0.2238 0.6896 0.6888
vn 0.1190 0.9229 0.3663
vn 0.0559 0.9835 0.1722
vn 0.0214 0.9976 0.0660
vn 0.2586 0.7742 0.5777
vn 0.3701 0.4224 0.8274
vn 0.4068 -0.0804 0.9100
vn 0.3687 -0.4277 0.8253
vn 0.3288 -0.5908 0.7368
vn 0.3064 -0.6589 0.6870
vn 0.3003 -0.6755 0.6734
vn 0.3098 -0.6487 0.6951
vn 0.3383 -0.5563 0.7590
vn 0.3859 -0.3184 0.8659
vn 0.4010 0.1734 0.8995
vn 0.2946 0.6899 0.6612
vn 0.1566 0.9230 0.3515
vn 0.0736 0.9835 0.1652
vn 0.0282 0.9976 0.0633
vn 0.3174 0.7744 0.5474
vn 0.4545 0.4225 0.7842
vn 0.4997 -0.0807 0.8625
vn 0.4528 -0.4281 0.7821
vn 0.4040 -0.5912 0.6981
vn 0.3765 -0.6593 0.6509
vn 0.3689 -0.6759 0.6380
vn 0.3807 -0.6491 0.6586
vn 0.4158 -0.5567 0.7192
vn 0.4744 -0.3186 0.8206
vn 0.4929 0.1735 0.8526
vn 0.3621 0.6902 0.6265
vn 0.1924 0.9231 0.3329
vn 0.0904 0.9835 0.1565
vn 0.0346 0.9976 0.0599
vn 0.3725 0.7745 0.5113
vn 0.5336 0.4225 0.7326
vn 0.5867 -0.0809 0.8057
vn 0.5318 -0.4284 0.7305
vn 0.4744 -0.5915 0.6520
vn 0.4422 -0.6596 0.6078
vn 0.4334 -0.6762 0.5958
vn 0.4473 -0.6494 0.6150
vn 0.4885 -0.5569 0.6717
vn 0.5575 -0.3189 0.7665
vn 0.5792 0.1735 0.7965
vn 0.4255 0.6904 0.5851
vn 0.2260 0.9232 0.3108
vn 0.1062 0.9836 0.1461
vn 0.0407 0.9976 0.0559
vn 0.4235 0.7746 0.4698
vn 0.6068 0.4226 0.6733
vn 0.6672 -0.0810 0.7404
vn 0.6048 -0.4286 0.6712
vn 0.5396 -0.5916 0.5990
vn 0.5030 -0.6597 0.5584
vn 0.4930 -0.6763 0.5473
vn 0.5089 -0.6495 0.5650
vn 0.5558 -0.5571 0.6171
vn 0.6343 -0.3190 0.7042
vn 0.6591 0.1736 0.7317
vn 0.4841 0.6905 0.5375
vn 0.2571 0.9232 0.2855
vn 0.1208 0.9836 0.1341
vn 0.0463 0.9976 0.0514
vn 0.4698 0.7746 0.4235
vn 0.6733 0.4226 0.6068
vn 0.7404 -0.0810 0.6672
vn 0.6712 -0.4286 0.6048
vn 0.5990 -0.5916 0.5396
vn 0.5584 -0.6597 0.5030
vn 0.5473 -0.6763 0.4930
vn 0.5650 -0.6495 0.5089
vn 0.6171 -0.5571 0.5558
vn 0.7042 -0.3190 0.6343
vn 0.7317 0.1736 0.6591
vn 0.5375 0.6905 0.4841
vn 0.2855 0.9232 0.2571
vn 0.1341 0.9836 0.1208
vn 0.0514 0.9976 0.0463
vn 0.5113 0.7745 0.3725
vn 0.7326 0.4225 0.5336
vn 0.8057 -0.0809 0.5867
vn 0.7305 -0.4284 0.5318
vn 0.6520 -0.5915 0.4744
vn 0.6078 -0.6596 0.4422
vn 0.5958 -0.6762 0.4334
vn 0.6150 -0.6494 0.4473
vn 0.6717 -0.5569 0.4885
vn 0.7665 -0.3189 0.5575
vn 0.7965 0.1735 0.5792
vn 0.5851 0.6904 0.4255
vn 0.3108 0.9232 0.2260
vn 0.1461 0.9836 0.1062
vn 0.0559 0.9976 0.0407
vn 0.5474 0.7744 0.3174
vn 0.7842 0.4225 0.4545
vn 0.8625 -0.0807 0.4997
vn 0.7821 -0.4281 0.4528
vn 0.6981 -0.5912 0.4040
vn 0.6509 -0.6593 0.3765
vn 0.6380 -0.6759 0.3689
vn 0.6586 -0.6491 0.3807
vn 0.7192 -0.5567 0.4158
vn 0.8206 -0.3186 0.4744
vn 0.8526 0.1735 0.4929
vn 0.6265 0.6902 0.3621
vn 0.3329 0.9231 0.1924
vn 0.1565 0.9835 0.0904
vn 0.0599 0.9976 0.0346
vn 0.5777 0.7742 0.2586
vn 0.8274 0.4224 0.3701
vn 0.9100 -0.0804 0.4068
vn 0.8253 -0.4277 0.3687
vn 0.7368 -0.5908 0.3288
vn 0.6870 -0.6589 0.3064
vn 0.6734 -0.6755 0.3003
vn 0.6951 -0.6487 0.3098
vn 0.7590 -0.5563 0.3383
vn 0.8659 -0.3184 0.3859
vn 0.8995 0.1734 0.4010
vn 0.6612 0.6899 0.2946
vn 0.3515 0.9230 0.1566
vn 0.1652 0.9835 0.0736
vn 0.0633 0.9976 0.0282
vn 0.6019 0.7740 0.1966
vn 0.8617 0.4223 0.2814
vn 0.9476 -0.0801 0.3091
vn 0.8596 -0.4272 0.2801
vn 0.7675 -0.5903 0.2499
vn 0.7157 -0.6584 0.2328
vn 0.7016 -0.6751 0.2281
vn 0.7241 -0.6483 0.2353
vn 0.7906 -0.5558 0.2569
vn 0.9017 -0.3180 0.2930
vn 0.9367 0.1733 0.3044
vn 0.6888 0.6896 0.2238
vn 0.3663 0.9228 0.1190
vn 0.1722 0.9835 0.0559
vn 0.0660 0.9976 0.0214
vn 0.6195 0.7738 0.1323
vn 0.8866 0.4222 0.1892
vn 0.9749 -0.0798 0.2078
vn 0.8846 -0.4267 0.1883
vn 0.7899 -0.5898 0.1680
vn 0.7366 -0.6580 0.1565
vn 0.7220 -0.6747 0.1533
vn 0.7452 -0.6479 0.1581
vn 0.8135 -0.5554 0.1726
vn 0.9275 -0.3177 0.1968
vn 0.9634 0.1731 0.2044
vn 0.7088 0.6892 0.1503
vn 0.3771 0.9227 0.0799
vn 0.1773 0.9834 0.0376
vn 0.0679 0.9976 0.0144
vn 0.6302 0.7736 0.0664
vn 0.9016 0.4220 0.0949
vn 0.9914 -0.0796 0.1042
vn 0.8996 -0.4263 0.0944
vn 0.8034 -0.5894 0.0842
vn 0.7493 -0.6576 0.0784
vn 0.7344 -0.6743 0.0768
vn 0.7579 -0.6475 0.0793
vn 0.8273 -0.5550 0.0865
vn 0.9431 -0.3174 0.0986
vn 0.9796 0.1731 0.1024
vn 0.7208 0.6890 0.0753
vn 0.3837 0.9226 0.0401
vn 0.1804 0.9834 0.0188
vn 0.0691 0.9976 0.0072
vn 0.6338 0.7735 -0.0000
vn 0.9066 0.4219 -0.0000
vn 0.9968 -0.0796 -0.0000
vn 0.9046 -0.4262 -0.0000
vn 0.8080 -0.5892 -0.0000
vn 0.7535 -0.6575 -0.0000
vn 0.7386 -0.6742 -0.0000
vn 0.7622 -0.6473 -0.0000
vn 0.8319 -0.5549 -0.0000
vn 0.9483 -0.3174 -0.0000
vn 0.9849 0.1730 -0.0000
vn 0.7248 0.6889 -0.0000
vn 0.3858 0.9226 -0.0000
vn 0.1814 0.9834 -0.0000
vn 0.0695 0.9976 -0.0000
vn -0.6302 0.7736 0.0664
vn -0.9016 0.4220 0.0949
vn -0.9066 0.4219 -0.0000
vn -0.6338 0.7735 -0.0000
vn -0.9914 -0.0796 0.1042
vn -0.9968 -0.0796 -0.0000
vn -0.8996 -0.4263 0.0944
vn -0.9046 -0.4262 -0.0000
vn -0.8034 -0.5894 0.0842
vn -0.8080 -0.5892 -0.0000
vn -0.7493 -0.6576 0.0784
vn -0.7535 -0.6575 -0.0000
vn -0.7344 -0.6743 0.0768
vn -0.7386 -0.6742 -0.0000
vn -0.7579 -0.6475 0.0793
vn -0.7622 -0.6473 -0.0000
vn -0.8273 -0.5550 0.0865
vn -0.8319 -0.5549 -0.0000
vn -0.9431 -0.3174 0.0986
vn -0.9483 -0.3174 -0.0000
vn -0.9796 0.1731 0.1024
vn -0.9849 0.1730 -0.0000
vn -0.7208 0.6890 0.0753
vn -0.7248 0.6889 -0.0000
vn -0.3837 0.9226 0.0401
vn -0.3858 0.9226 -0.0000
vn -0.1804 0.9834 0.0188
vn -0.1814 0.9834 -0.0000
vn -0.0691 0.9976 0.0072
vn -0.0695 0.9976 -0.0000
vn -0.6195 0.7738 0.1323
vn -0.8866 0.4222 0.1892
vn -0.9749 -0.0798 0.2078
vn -0.8846 -0.4267 0.1883
vn -0.7899 -0.5898 0.1680
vn -0.7366 -0.6580 0.1565
vn -0.7220 -0.6747 0.1533
vn -0.7452 -0.6479 0.1581
vn -0.8135 -0.5554 0.1726
vn -0.9275 -0.3177 0.1968
vn -0.9634 0.1731 0.2044
vn -0.7088 0.6892 0.1503
vn -0.3771 0.9227 0.0799
vn -0.1773 0.9834 0.0376
vn -0.0679 0.9976 0.0144
vn -0.6019 0.7740 0.1966
vn -0.8617 0.4223 0.2814
vn -0.9476 -0.0801 0.3091
vn -0.8596 -0.4272 0.2801
vn -0.7675 -0.5903 0.2499
vn -0.7157 -0.6584 0.2328
vn -0.7016 -0.6751 0.2281
vn -0.7241 -0.6483 0.2353
vn -0.7906 -0.5558 0.2569
vn -0.9017 -0.3180 0.2930
vn -0.9367 0.1733 0.3044
vn -0.6888 0.6896 0.2238
vn -0.3663 0.9228 0.1190
vn -0.1722 0.9835 0.0559
vn -0.0660 0.9976 0.0214
vn -0.5777 0.7742 0.2586
vn -0.8274 0.4224 0.3701
vn -0.9100 -0.0804 0.4068
vn -0.8253 -0.4277 0.3687
vn -0.7368 -0.5908 0.3288
vn -0.6870 -0.6589 0.3064
vn -0.6734 -0.6755 0.3003
vn -0.6951 -0.6487 0.3098
vn -0.7590 -0.5563 0.3383
vn -0.8659 -0.3184 0.3859
vn -0.8995 0.1734 0.4010
vn -0.6612 0.6899 0.2946
vn -0.3515 0.9230 0.1566
vn -0.1652 0.9835 0.0736
vn -0.0633 0.9976 0.0282
vn -0.5474 0.7744 0.3174
vn -0.7842 0.4225 0.4545
vn -0.8625 -0.0807 0.4997
vn -0.7821 -0.4281 0.4528
vn -0.6981 -0.5912 0.4040
vn -0.6509 -0.6593 0.3765
vn -0.6380 -0.6759 0.3689
vn -0.6586 -0.6491 0.3807
vn -0.7192 -0.5567 0.4158
vn -0.8206 -0.3186 0.4744
vn -0.8526 0.1735 0.4929
vn -0.6265 0.6902 0.3621
vn -0.3329 0.9231 0.1924
vn -0.1565 0.9835 0.0904
vn -0.0599 0.9976 0.0346
vn -0.5113 0.7745 0.3725
vn -0.7326 0.4225 0.5336
vn -0.8057 -0.0809 0.5867
vn -0.7305 -0.4284 0.5318
vn -0.6520 -0.5915 0.4744
vn -0.6078 -0.6596 0.4422
vn -0.5958 -0.6762 0.4334
vn -0.6150 -0.6494 0.4473
vn -0.6717 -0.5569 0.4885
vn -0.7665 -0.3189 0.5575
vn -0.7965 0.1735 0.5792
vn -0.5851 0.6904 0.4255
vn -0.3108 0.9232 0.2260
vn -0.1461 0.9836 0.1062
vn -0.0559 0.9976 0.0407
vn -0.4698 0.7746 0.4235
vn -0.6733 0.4226 0.6068
vn -0.7404 -0.0810 0.6672
vn -0.6712 -0.4286 0.6048
vn -0.5990 -0.5916 0.5396
vn -0.5584 -0.6597 0.5030
vn -0.5473 -0.6763 0.4930
vn -0.5650 -0.6495 0.5089
vn -0.6171 -0.5571 0.5558
vn -0.7042 -0.3190 0.6343
vn -0.7317 0.1736 0.6591
vn -0.5375 0.6905 0.4841
vn -0.2855 0.9232 0.2571
vn -0.1341 0.9836 0.1208
vn -0.0514 0.9976 0.0463
vn -0.4235 0.7746 0.4698
vn -0.6068 0.4226 0.6733
vn -0.6672 -0.0810 0.7404
vn -0.6048 -0.4286 0.6712
vn -0.5396 -0.5916 0.5990
vn -0.5030 -0.6597 0.5584
vn -0.4930 -0.6763 0.5473
vn -0.5089 -0.6495 0.5650
vn -0.5558 -0.5571 0.6171
vn -0.6343 -0.3190 0.7042
vn -0.6591 0.1736 0.7317
vn -0.4841 0.6905 0.5375
vn -0.2571 0.9232 0.2855
vn -0.1208 0.9836 0.1341
vn -0.0463 0.9976 0.0514
vn -0.3725 0.7745 0.5113
vn -0.5336 0.4225 0.7326
vn -0.5867 -0.0809 0.8057
vn -0.5318 -0.4284 0.7305
vn -0.4744 -0.5915 0.6520
vn -0.4422 -0.6596 0.6078
vn -0.4334 -0.6762 0.5958
vn -0.4473 -0.6494 0.6150
vn -0.4885 -0.5569 0.6717
vn -0.5575 -0.3189 0.7665
vn -0.5792 0.1735 0.7965
vn -0.4255 0.6904 0.5851
vn -0.2260 0.9232 0.3108
vn -0.1062 0.9836 0.1461
vn -0.0407 0.9976 0.0559
vn -0.3174 0.7744 0.5474
vn -0.4545 0.4225 0.7842
vn -0.4997 -0.0807 0.8625
vn -0.4528 -0.4281 0.7821
vn -0.4040 -0.5912 0.6981
vn -0.3765 -0.6593 0.6509
vn -0.3689 -0.6759 0.6380
vn -0.3807 -0.6491 0.6586
vn -0.4158 -0.5567 0.7192
vn -0.4744 -0.3186 0.8206
vn -0.4929 0.1735 0.8526
vn -0.3621 0.6902 0.6265
vn -0.1924 0.9231 0.3329
vn -0.0904 0.9835 0.1565
vn -0.0346 0.9976 0.0599
vn -0.2586 0.7742 0.5777
vn -0.3701 0.4224 0.8274
vn -0.4068 -0.0804 0.9100
vn -0.3687 -0.4277 0.8253
vn -0.3288 -0.5908 0.7368
vn -0.3064 -0.6589 0.6870
vn -0.3003 -0.6755 0.6734
vn -0.3098 -0.6487 0.6951
vn -0.3383 -0.5563 0.7590
vn -0.3859 -0.3184 0.8659
vn -0.4010 0.1734 0.8995
vn -0.2946 0.6899 0.6612
vn -0.1566 0.9230 0.3515
vn -0.0736 0.9835 0.1652
vn -0.0282 0.9976 0.0633
vn -0.1966 0.7740 0.6019
vn -0.2814 0.4223 0.8617
vn -0.3091 -0.0801 0.9476
vn -0.2801 -0.4272 0.8596
vn -0.2499 -0.5903 0.7675
vn -0.2328 -0.6584 0.7157
vn -0.2281 -0.6751 0.7016
vn -0.2353 -0.6483 0.7241
vn -0.2569 -0.5558 0.7906
vn -0.2930 -0.3180 0.9017
vn -0.3044 0.1733 0.9367
vn -0.2238 0.6896 0.6888
vn -0.1190 0.9229 0.3663
vn -0.0559 0.9835 0.1722
vn -0.0214 0.9976 0.0660
vn -0.1323 0.7738 0.6195
vn -0.1892 0.4222 0.8866
vn -0.2078 -0.0798 0.9749
vn -0.1883 -0.4267 0.8846
vn -0.1680 -0.5898 0.7899
vn -0.1565 -0.6580 0.7366
vn -0.1533 -0.6747 0.7220
vn -0.1581 -0.6479 0.7452
vn -0.1726 -0.5554 0.8135
vn -0.1968 -0.3177 0.9275
vn -0.2044 0.1731 0.9634
vn -0.1503 0.6892 0.7088
vn -0.0799 0.9227 0.3771
vn -0.0376 0.9834 0.1773
vn -0.0144 0.9976 0.0679
vn -0.0664 0.7736 0.6302
vn -0.0949 0.4220 0.9016
vn -0.1042 -0.0796 0.9914
vn -0.0944 -0.4263 0.8996
vn -0.0842 -0.5894 0.8034
vn -0.0784 -0.6576 0.7493
vn -0.0768 -0.6743 0.7344
vn -0.0793 -0.6475 0.7579
vn -0.0865 -0.5550 0.8273
vn -0.0986 -0.3174 0.9431
vn -0.1024 0.1731 0.9796
vn -0.0753 0.6890 0.7208
vn -0.0401 0.9226 0.3837
vn -0.0188 0.9834 0.1804
vn -0.0072 0.9976 0.0691
vn -0.0664 0.7736 -0.6302
vn -0.0949 0.4220 -0.9016
vn -0.0000 0.4219 -0.9066
vn -0.0000 0.7735 -0.6338
vn -0.1042 -0.0796 -0.9914
vn -0.0000 -0.0796 -0.9968
vn -0.0944 -0.4263 -0.8996
vn -0.0000 -0.4262 -0.9046
vn -0.0842 -0.5894 -0.8034
vn -0.0000 -0.5892 -0.8080
vn -0.0784 -0.6576 -0.7493
vn -0.0000 -0.6575 -0.7535
vn -0.0768 -0.6743 -0.7344
vn -0.0000 -0.6742 -0.7386
vn -0.0793 -0.6475 -0.7579
vn -0.0000 -0.6473 -0.7622
vn -0.0865 -0.5550 -0.8273
vn -0.0000 -0.5549 -0.8319
vn -0.0986 -0.3174 -0.9431
vn -0.0000 -0.3174 -0.9483
vn -0.1024 0.1731 -0.9796
vn -0.0000 0.1730 -0.9849
vn -0.0753 0.6890 -0.7208
vn -0.0000 0.6889 -0.7248
vn -0.0401 0.9226 -0.3837
vn -0.0000 0.9226 -0.3858
vn -0.0188 0.9834 -0.1804
vn -0.0000 0.9834 -0.1814
vn -0.0072 0.9976 -0.0691
vn -0.0000 0.9976 -0.0695
vn -0.1323 0.7738 -0.6195
vn -0.1892 0.4222 -0.8866
vn -0.2078 -0.0798 -0.9749
vn -0.1883 -0.4267 -0.8846
vn -0.1680 -0.5898 -0.7899
vn -0.1565 -0.6580 -0.7366
vn -0.1533 -0.6747 -0.7220
vn -0.1581 -0.6479 -0.7452
vn -0.1726 -0.5554 -0.8135
vn -0.1968 -0.3177 -0.9275
vn -0.2044 0.1731 -0.9634
vn -0.1503 0.6892 -0.7088
vn -0.0799 0.9227 -0.3771
vn -0.0376 0.9834 -0.1773
vn -0.0144 0.9976 -0.0679
vn -0.1966 0.7740 -0.6019
vn -0.2814 0.4223 -0.8617
vn -0.3091 -0.0801 -0.9476
vn -0.2801 -0.4272 -0.8596
vn -0.2499 -0.5903 -0.7675
vn -0.2328 -0.6584 -0.7157
vn -0.2281 -0.6751 -0.7016
vn -0.2353 -0.6483 -0.7241
vn -0.2569 -0.5558 -0.7906
vn -0.2930 -0.3180 -0.9017
vn -0.3044 0.1733 -0.9367
vn -0.2238 0.6896 -0.6888
vn -0.1190 0.9229 -0.3663
vn -0.0559 0.9835 -0.1722
vn -0.0214 0.9976 -0.0660
vn -0.2586 0.7742 -0.5777
vn -0.3701 0.4224 -0.8274
vn -0.4068 -0.0804 -0.9100
vn -0.3687 -0.4277 -0.8253
vn -0.3288 -0.5908 -0.7368
vn -0.3064 -0.6589 -0.6870
vn -0.3003 -0.6755 -0.6734
vn -0.3098 -0.6487 -0.6951
vn -0.3383 -0.5563 -0.7590
vn -0.3859 -0.3184 -0.8659
vn -0.4010 0.1734 -0.8995
vn -0.2946 0.6899 -0.6612
vn -0.1566 0.9230 -0.3515
vn -0.0736 0.9835 -0.1652
vn -0.0282 0.9976 -0.0633
vn -0.3174 0.7744 -0.5474
vn -0.4545 0.4225 -0.7842
vn -0.4997 -0.0807 -0.8625
vn -0.4528 -0.4281 -0.7821
vn -0.4040 -0.5912 -0.6981
vn -0.3765 -0.6593 -0.6509
vn -0.3689 -0.6759 -0.6380
vn -0.3807 -0.6491 -0.6586
vn -0.4158 -0.5567 -0.7192
vn -0.4744 -0.3186 -0.8206
vn -0.4929 0.1735 -0.8526
vn -0.3621 0.6902 -0.6265
vn -0.1924 0.9231 -0.3329
vn -0.0904 0.9835 -0.1565
vn -0.0346 0.9976 -0.0599
vn -0.3725 0.7745 -0.5113
vn -0.5336 0.4225 -0.7326
vn -0.5867 -0.0809 -0.8057
vn -0.5318 -0.4284 -0.7305
vn -0.4744 -0.5915 -0.6520
vn -0.4422 -0.6596 -0.6078
vn -0.4334 -0.6762 -0.5958
vn -0.4473 -0.6494 -0.6150
vn -0.4885 -0.5569 -0.6717
vn -0.5575 -0.3189 -0.7665
vn -0.5792 0.1735 -0.7965
vn -0.4255 0.6904 -0.5851
vn -0.2260 0.9232 -0.3108
vn -0.1062 0.9836 -0.1461
vn -0.0407 0.9976 -0.0559
vn -0.4235 0.7746 -0.4698
vn -0.6068 0.4226 -0.6733
vn -0.6672 -0.0810 -0.7404
vn -0.6048 -0.4286 -0.6712
vn -0.5396 -0.5916 -0.5990
vn -0.5030 -0.6597 -0.5584
vn -0.4930 -0.6763 -0.5473
vn -0.5089 -0.6495 -0.5650
vn -0.5558 -0.5571 -0.6171
vn -0.6343 -0.3190 -0.7042
vn -0.6591 0.1736 -0.7317
vn -0.4841 0.6905 -0.5375
vn -0.2571 0.9232 -0.2855
vn -0.1208 0.9836 -0.1341
vn -0.0463 0.9976 -0.0514
vn -0.4698 0.7746 -0.4235
vn -0.6733 0.4226 -0.6068
vn -0.7404 -0.0810 -0.6672
vn -0.6712 -0.4286 -0.6048
vn -0.5990 -0.5916 -0.5396
vn -0.5584 -0.6597 -0.5030
vn -0.5473 -0.6763 -0.4930
vn -0.5650 -0.6495 -0.5089
vn -0.6171 -0.5571 -0.5558
vn -0.7042 -0.3190 -0.6343
vn -0.7317 0.1736 -0.6591
vn -0.5375 0.6905 -0.4841
vn -0.2855 0.9232 -0.2571
vn -0.1341 0.9836 -0.1208
vn -0.0514 0.9976 -0.0463
vn -0.5113 0.7745 -0.3725
vn -0.7326 0.4225 -0.5336
vn -0.8057 -0.0809 -0.5867
vn -0.7305 -0.4284 -0.5318
vn -0.6520 -0.5915 -0.4744
vn -0.6078 -0.6596 -0.4422
vn -0.5958 -0.6762 -0.4334
vn -0.6150 -0.6494 -0.4473
vn -0.6717 -0.5569 -0.4885
vn -0.7665 -0.3189 -0.5575
vn -0.7965 0.1735 -0.5792
vn -0.5851 0.6904 -0.4255
vn -0.3108 0.9232 -0.2260
vn -0.1461 0.9836 -0.1062
vn -0.0559 0.9976 -0.0407
vn -0.5474 0.7744 -0.3174
vn -0.7842 0.4225 -0.4545
vn -0.8625 -0.0807 -0.4997
vn -0.7821 -0.4281 -0.4528
vn -0.6981 -0.5912 -0.4040
vn -0.6509 -0.6593 -0.3765
vn -0.6380 -0.6759 -0.3689
vn -0.6586 -0.6491 -0.3807
vn -0.7192 -0.5567 -0.4158
vn -0.8206 -0.3186 -0.4744
vn -0.8526 0.1735 -0.4929
vn -0.6265 0.6902 -0.3621
vn -0.3329 0.9231 -0.1924
vn -0.1565 0.9835 -0.0904
vn -0.0599 0.9976 -0.0346
vn -0.5777 0.7742 -0.2586
vn -0.8274 0.4224 -0.3701
vn -0.9100 -0.0804 -0.4068
vn -0.8253 -0.4277 -0.3687
vn -0.7368 -0.5908 -0.3288
vn -0.6870 -0.6589 -0.3064
vn -0.6734 -0.6755 -0.3003
vn -0.6951 -0.6487 -0.3098
vn -0.7590 -0.5563 -0.3383
vn -0.8659 -0.3184 -0.3859
vn -0.8995 0.1734 -0.4010
vn -0.6612 0.6899 -0.2946
vn -0.3515 0.9230 -0.1566
vn -0.1652 0.9835 -0.0736
vn -0.0633 0.9976 -0.0282
vn -0.6019 0.7740 -0.1966
vn -0.8617 0.4223 -0.2814
vn -0.9476 -0.0801 -0.3091
vn -0.8596 -0.4272 -0.2801
vn -0.7675 -0.5903 -0.2499
vn -0.7157 -0.6584 -0.2328
vn -0.7016 -0.6751 -0.2281
vn -0.7241 -0.6483 -0.2353
vn -0.7906 -0.5558 -0.2569
vn -0.9017 -0.3180 -0.2930
vn -0.9367 0.1733 -0.3044
vn -0.6888 0.6896 -0.2238
vn -0.3663 0.9228 -0.1190
vn -0.1722 0.9835 -0.0559
vn -0.0660 0.9976 -0.0214
vn -0.6195 0.7738 -0.1323
vn -0.8866 0.4222 -0.1892
vn -0.9749 -0.0798 -0.2078
vn -0.8846 -0.4267 -0.1883
vn -0.7899 -0.5898 -0.1680
vn -0.7366 -0.6580 -0.1565
vn -0.7220 -0.6747 -0.1533
vn -0.7452 -0.6479 -0.1581
vn -0.8135 -0.5554 -0.1726
vn -0.9275 -0.3177 -0.1968
vn -0.9634 0.1731 -0.2044
vn -0.7088 0.6892 -0.1503
vn -0.3771 0.9227 -0.0799
vn -0.1773 0.9834 -0.0376
vn -0.0679 0.9976 -0.0144
vn -0.6302 0.7736 -0.0664
vn -0.9016 0.4220 -0.0949
vn -0.9914 -0.0796 -0.1042
vn -0.8996 -0.4263 -0.0944
vn -0.8034 -0.5894 -0.0842
vn -0.7493 -0.6576 -0.0784
vn -0.7344 -0.6743 -0.0768
vn -0.7579 -0.6475 -0.0793
vn -0.8273 -0.5550 -0.0865
vn -0.9431 -0.3174 -0.0986
vn -0.9796 0.1731 -0.1024
vn -0.7208 0.6890 -0.0753
vn -0.3837 0.9226 -0.0401
vn -0.1804 0.9834 -0.0188
vn -0.0691 0.9976 -0.0072
vn 0.6302 0.7736 -0.0664
vn 0.9016 0.4220 -0.0949
vn 0.9914 -0.0796 -0.1042
vn 0.8996 -0.4263 -0.0944
vn 0.8034 -0.5894 -0.0842
vn 0.7493 -0.6576 -0.0784
vn 0.7344 -0.6743 -0.0768
vn 0.7579 -0.6475 -0.0793
vn 0.8273 -0.5550 -0.0865
vn 0.9431 -0.3174 -0.0986
vn 0.9796 0.1731 -0.1024
vn 0.7208 0.6890 -0.0753
vn 0.3837 0.9226 -0.0401
vn 0.1804 0.9834 -0.0188
vn 0.0691 0.9976 -0.0072
vn 0.6195 0.7738 -0.1323
vn 0.8866 0.4222 -0.1892
vn 0.9749 -0.0798 -0.2078
vn 0.8846 -0.4267 -0.1883
vn 0.7899 -0.5898 -0.1680
vn 0.7366 -0.6580 -0.1565
vn 0.7220 -0.6747 -0.1533
vn 0.7452 -0.6479 -0.1581
vn 0.8135 -0.5554 -0.1726
vn 0.9275 -0.3177 -0.1968
vn 0.9634 0.1731 -0.2044
vn 0.7088 0.6892 -0.1503
vn 0.3771 0.9227 -0.0799
vn 0.1773 0.9834 -0.0376
vn 0.0679 0.9976 -0.0144
vn 0.6019 0.7740 -0.1966
vn 0.8617 0.4223 -0.2814
vn 0.9476 -0.0801 -0.3091
vn 0.8596 -0.4272 -0.2801
vn 0.7675 -0.5903 -0.2499
vn 0.7157 -0.6584 -0.2328
vn 0.7016 -0.6751 -0.2281
vn 0.7241 -0.6483 -0.2353
vn 0.7906 -0.5558 -0.2569
vn 0.9017 -0.3180 -0.2930
vn 0.9367 0.1733 -0.3044
vn 0.6888 0.6896 -0.2238
vn 0.3663 0.9228 -0.1190
vn 0.1722 0.9835 -0.0559
vn 0.0660 0.9976 -0.0214
vn 0.5777 0.7742 -0.2586
vn 0.8274 0.4224 -0.3701
vn 0.9100 -0.0804 -0.4068
vn 0.8253 -0.4277 -0.3687
vn 0.7368 -0.5908 -0.3288
vn 0.6870 -0.6589 -0.3064
vn 0.6734 -0.6755 -0.3003
vn 0.6951 -0.6487 -0.3098
vn 0.7590 -0.5563 -0.3383
vn 0.8659 -0.3184 -0.3859
vn 0.8995 0.1734 -0.4010
vn 0.6612 0.6899 -0.2946
vn 0.3515 0.9230 -0.1566
vn 0.1652 0.9835 -0.0736
vn 0.0633 0.9976 -0.0282
vn 0.5474 0.7744 -0.3174
vn 0.7842 0.4225 -0.4545
vn 0.8625 -0.0807 -0.4997
vn 0.7821 -0.4281 -0.4528
vn 0.6981 -0.5912 -0.4040
vn 0.6509 -0.6593 -0.3765
vn 0.6380 -0.6759 -0.3689
vn 0.6586 -0.6491 -0.3807
vn 0.7192 -0.5567 -0.4158
vn 0.8206 -0.3186 -0.4744
vn 0.8526 0.1735 -0.4929
vn 0.6265 0.6902 -0.3621
vn 0.3329 0.9231 -0.1924
vn 0.1565 0.9835 -0.0904
vn 0.0599 0.9976 -0.0346
vn 0.5113 0.7745 -0.3725
vn 0.7326 0.4225 -0.5336
vn 0.8057 -0.0809 -0.5867
vn 0.7305 -0.4284 -0.5318
vn 0.6520 -0.5915 -0.4744
vn 0.6078 -0.6596 -0.4422
vn 0.5958 -0.6762 -0.4334
vn 0.6150 -0.6494 -0.4473
vn 0.6717 -0.5569 -0.4885
vn 0.7665 -0.3189 -0.5575
vn 0.7965 0.1735 -0.5792
vn 0.5851 0.6904 -0.4255
vn 0.3108 0.9232 -0.2260
vn 0.1461 0.9836 -0.1062
vn 0.0559 0.9976 -0.0407
vn 0.4698 0.7746 -0.4235
vn 0.6733 0.4226 -0.6068
vn 0.7404 -0.0810 -0.6672
vn 0.6712 -0.4286 -0.6048
vn 0.5990 -0.5916 -0.5396
vn 0.5584 -0.6597 -0.5030
vn 0.5473 -0.6763 -0.4930
vn 0.5650 -0.6495 -0.5089
vn 0.6171 -0.5571 -0.5558
vn 0.7042 -0.3190 -0.6343
vn 0.7317 0.1736 -0.6591
vn 0.5375 0.6905 -0.4841
vn 0.2855 0.9232 -0.2571
vn 0.1341 0.9836 -0.1208
vn 0.0514 0.9976 -0.0463
vn 0.4235 0.7746 -0.4698
vn 0.6068 0.4226 -0.6733
vn 0.6672 -0.0810 -0.7404
vn 0.6048 -0.4286 -0.6712
vn 0.5396 -0.5916 -0.5990
vn 0.5030 -0.6597 -0.5584
vn 0.4930 -0.6763 -0.5473
vn 0.5089 -0.6495 -0.5650
vn 0.5558 -0.5571 -0.6171
vn 0.6343 -0.3190 -0.7042
vn 0.6591 0.1736 -0.7317
vn 0.4841 0.6905 -0.5375
vn 0.2571 0.9232 -0.2855
vn 0.1208 0.9836 -0.1341
vn 0.0463 0.9976 -0.0514
vn 0.3725 0.7745 -0.5113
vn 0.5336 0.4225 -0.7326
vn 0.5867 -0.0809 -0.8057
vn 0.5318 -0.4284 -0.7305
vn 0.4744 -0.5915 -0.6520
vn 0.4422 -0.6596 -0.6078
vn 0.4334 -0.6762 -0.5958
vn 0.4473 -0.6494 -0.6150
vn 0.4885 -0.5569 -0.6717
vn 0.5575 -0.3189 -0.7665
vn 0.5792 0.1735 -0.7965
vn 0.4255 0.6904 -0.5851
vn 0.2260 0.9232 -0.3108
vn 0.1062 0.9836 -0.1461
vn 0.0407 0.9976 -0.0559
vn 0.3174 0.7744 -0.5474
vn 0.4545 0.4225 -0.7842
vn 0.4997 -0.0807 -0.8625
vn 0.4528 -0.4281 -0.7821
vn 0.4040 -0.5912 -0.6981
vn 0.3765 -0.6593 -0.6509
vn 0.3689 -0.6759 -0.6380
vn 0.3807 -0.6491 -0.6586
vn 0.4158 -0.5567 -0.7192
vn 0.4744 -0.3186 -0.8206
vn 0.4929 0.1735 -0.8526
vn 0.3621 0.6902 -0.6265
vn 0.1924 0.9231 -0.3329
vn 0.0904 0.9835 -0.1565
vn 0.0346 0.9976 -0.0599
vn 0.2586 0.7742 -0.5777
vn 0.3701 0.4224 -0.8274
vn 0.4068 -0.0804 -0.9100
vn 0.3687 -0.4277 -0.8253
vn 0.3288 -0.5908 -0.7368
vn 0.3064 -0.6589 -0.6870
vn 0.3003 -0.6755 -0.6734
vn 0.3098 -0.6487 -0.6951
vn 0.3383 -0.5563 -0.7590
vn 0.3859 -0.3184 -0.8659
vn 0.4010 0.1734 -0.8995
vn 0.2946 0.6899 -0.6612
vn 0.1566 0.9230 -0.3515
vn 0.0736 0.9835 -0.1652
vn 0.0282 0.9976 -0.0633
vn 0.1966 0.7740 -0.6019
vn 0.2814 0.4223 -0.8617
vn 0.3091 -0.0801 -0.9476
vn 0.2801 -0.4272 -0.8596
vn 0.2499 -0.5903 -0.7675
vn 0.2328 -0.6584 -0.7157
vn 0.2281 -0.6751 -0.7016
vn 0.2353 -0.6483 -0.7241
vn 0.2569 -0.5558 -0.7906
vn 0.2930 -0.3180 -0.9017
vn 0.3044 0.1733 -0.9367
vn 0.2238 0.6896 -0.6888
vn 0.1190 0.9229 -0.3663
vn 0.0559 0.9835 -0.1722
vn 0.0214 0.9976 -0.0660
vn 0.1323 0.7738 -0.6195
vn 0.1892 0.4222 -0.8866
vn 0.2078 -0.0798 -0.9749
vn 0.1883 -0.4267 -0.8846
vn 0.1680 -0.5898 -0.7899
vn 0.1565 -0.6580 -0.7366
vn 0.1533 -0.6747 -0.7220
vn 0.1581 -0.6479 -0.7452
vn 0.1726 -0.5554 -0.8135
vn 0.1968 -0.3177 -0.9275
vn 0.2044 0.1731 -0.9634
vn 0.1503 0.6892 -0.7088
vn 0.0799 0.9227 -0.3771
vn 0.0376 0.9834 -0.1773
vn 0.0144 0.9976 -0.0679
vn 0.0664 0.7736 -0.6302
vn 0.0949 0.4220 -0.9016
vn 0.1042 -0.0796 -0.9914
vn 0.0944 -0.4263 -0.8996
vn 0.0842 -0.5894 -0.8034
vn 0.0784 -0.6576 -0.7493
vn 0.0768 -0.6743 -0.7344
vn 0.0793 -0.6475 -0.7579
vn 0.0865 -0.5550 -0.8273
vn 0.0986 -0.3174 -0.9431
vn 0.1024 0.1731 -0.9796
vn 0.0753 0.6890 -0.7208
vn 0.0401 0.9226 -0.3837
vn 0.0188 0.9834 -0.1804
vn 0.0072 0.9976 -0.0691
vn 0.0970 0.3797 0.9200
vn 0.0833 0.6068 0.7905
vn -0.0000 0.6067 0.7949
vn -0.0000 0.3796 0.9251
vn 0.0527 0.8642 0.5004
vn -0.0000 0.8641 0.5033
vn 0.0353 0.9414 0.3355
vn -0.0000 0.9413 0.3374
vn 0.0260 0.9688 0.2467
vn -0.0000 0.9687 0.2481
vn 0.0207 0.9804 0.1962
vn -0.0000 0.9803 0.1973
vn 0.0176 0.9858 0.1673
vn -0.0000 0.9857 0.1682
vn 0.0161 0.9882 0.1524
vn -0.0000 0.9882 0.1533
vn 0.0156 0.9888 0.1482
vn -0.0000 0.9888 0.1491
vn 0.0162 0.9880 0.1535
vn -0.0000 0.9880 0.1544
vn 0.0178 0.9855 0.1686
vn -0.0000 0.9855 0.1696
vn 0.0206 0.9804 0.1957
vn -0.0000 0.9804 0.1969
vn 0.0252 0.9705 0.2396
vn -0.0000 0.9705 0.2410
vn 0.0326 0.9503 0.3095
vn -0.0000 0.9503 0.3113
vn 0.0447 0.9047 0.4238
vn -0.0000 0.9046 0.4263
vn 0.1933 0.3800 0.9046
vn 0.1660 0.6070 0.7772
vn 0.1050 0.8643 0.4919
vn 0.0704 0.9415 0.3297
vn 0.0518 0.9688 0.2424
vn 0.0412 0.9804 0.1928
vn 0.0351 0.9858 0.1644
vn 0.0320 0.9882 0.1498
vn 0.0311 0.9888 0.1457
vn 0.0322 0.9880 0.1508
vn 0.0354 0.9855 0.1657
vn 0.0411 0.9805 0.1923
vn 0.0503 0.9706 0.2355
vn 0.0650 0.9504 0.3042
vn 0.0890 0.9048 0.4165
vn 0.2873 0.3802 0.8791
vn 0.2467 0.6073 0.7552
vn 0.1561 0.8645 0.4778
vn 0.1046 0.9415 0.3202
vn 0.0769 0.9688 0.2354
vn 0.0612 0.9804 0.1872
vn 0.0521 0.9858 0.1596
vn 0.0475 0.9882 0.1455
vn 0.0462 0.9889 0.1415
vn 0.0479 0.9881 0.1465
vn 0.0526 0.9856 0.1609
vn 0.0610 0.9805 0.1868
vn 0.0747 0.9706 0.2287
vn 0.0965 0.9505 0.2954
vn 0.1322 0.9049 0.4046
vn 0.3779 0.3805 0.8441
vn 0.3245 0.6076 0.7249
vn 0.2052 0.8647 0.4585
vn 0.1375 0.9416 0.3073
vn 0.1011 0.9689 0.2259
vn 0.0804 0.9804 0.1796
vn 0.0685 0.9858 0.1532
vn 0.0625 0.9882 0.1396
vn 0.0607 0.9889 0.1357
vn 0.0629 0.9881 0.1405
vn 0.0691 0.9856 0.1544
vn 0.0802 0.9805 0.1792
vn 0.0982 0.9707 0.2194
vn 0.1269 0.9505 0.2835
vn 0.1738 0.9050 0.3882
vn 0.4639 0.3807 0.7999
vn 0.3983 0.6078 0.6869
vn 0.2518 0.8648 0.4343
vn 0.1687 0.9417 0.2911
vn 0.1240 0.9689 0.2140
vn 0.0986 0.9805 0.1701
vn 0.0841 0.9858 0.1451
vn 0.0766 0.9883 0.1322
vn 0.0745 0.9889 0.1286
vn 0.0772 0.9881 0.1331
vn 0.0848 0.9856 0.1462
vn 0.0984 0.9806 0.1698
vn 0.1205 0.9707 0.2078
vn 0.1557 0.9506 0.2685
vn 0.2132 0.9051 0.3678
vn 0.5445 0.3809 0.7473
vn 0.4675 0.6080 0.6417
vn 0.2955 0.8649 0.4057
vn 0.1980 0.9418 0.2718
vn 0.1456 0.9690 0.1998
vn 0.1157 0.9805 0.1589
vn 0.0987 0.9859 0.1355
vn 0.0899 0.9883 0.1235
vn 0.0875 0.9889 0.1201
vn 0.0906 0.9881 0.1243
vn 0.0995 0.9856 0.1366
vn 0.1155 0.9806 0.1586
vn 0.1414 0.9707 0.1941
vn 0.1827 0.9506 0.2508
vn 0.2502 0.9052 0.3435
vn 0.6190 0.3809 0.6868
vn 0.5315 0.6081 0.5897
vn 0.3359 0.8650 0.3727
vn 0.2251 0.9418 0.2498
vn 0.1655 0.9690 0.1836
vn 0.1316 0.9805 0.1460
vn 0.1122 0.9859 0.1245
vn 0.1022 0.9883 0.1134
vn 0.0994 0.9889 0.1103
vn 0.1029 0.9881 0.1142
vn 0.1131 0.9856 0.1255
vn 0.1313 0.9806 0.1457
vn 0.1607 0.9707 0.1783
vn 0.2077 0.9507 0.2304
vn 0.2845 0.9052 0.3156
vn 0.6868 0.3809 0.6190
vn 0.5897 0.6081 0.5315
vn 0.3727 0.8650 0.3359
vn 0.2498 0.9418 0.2251
vn 0.1836 0.9690 0.1655
vn 0.1460 0.9805 0.1316
vn 0.1245 0.9859 0.1122
vn 0.1134 0.9883 0.1022
vn 0.1103 0.9889 0.0994
vn 0.1142 0.9881 0.1029
vn 0.1255 0.9856 0.1131
vn 0.1457 0.9806 0.1313
vn 0.1783 0.9707 0.1607
vn 0.2304 0.9507 0.2077
vn 0.3156 0.9052 0.2845
vn 0.7473 0.3809 0.5445
vn 0.6417 0.6080 0.4675
vn 0.4057 0.8649 0.2955
vn 0.2718 0.9418 0.1980
vn 0.1998 0.9690 0.1456
vn 0.1589 0.9805 0.1157
vn 0.1355 0.9859 0.0987
vn 0.1235 0.9883 0.0899
vn 0.1201 0.9889 0.0875
vn 0.1243 0.9881 0.0906
vn 0.1366 0.9856 0.0995
vn 0.1586 0.9806 0.1155
vn 0.1941 0.9707 0.1414
vn 0.2508 0.9506 0.1827
vn 0.3435 0.9052 0.2502
vn 0.7999 0.3807 0.4639
vn 0.6869 0.6078 0.3983
vn 0.4343 0.8648 0.2518
vn 0.2911 0.9417 0.1687
vn 0.2140 0.9689 0.1240
vn 0.1701 0.9805 0.0986
vn 0.1451 0.9858 0.0841
vn 0.1322 0.9883 0.0766
vn 0.1286 0.9889 0.0745
vn 0.1331 0.9881 0.0772
vn 0.1462 0.9856 0.0848
vn 0.1698 0.9806 0.0984
vn 0.2078 0.9707 0.1205
vn 0.2685 0.9506 0.1557
vn 0.3678 0.9051 0.2132
vn 0.8441 0.3805 0.3779
vn 0.7249 0.6076 0.3245
vn 0.4585 0.8647 0.2052
vn 0.3073 0.9416 0.1375
vn 0.2259 0.9689 0.1011
vn 0.1796 0.9804 0.0804
vn 0.1532 0.9858 0.0685
vn 0.1396 0.9882 0.0625
vn 0.1357 0.9889 0.0607
vn 0.1405 0.9881 0.0629
vn 0.1544 0.9856 0.0691
vn 0.1792 0.9805 0.0802
vn 0.2194 0.9707 0.0982
vn 0.2835 0.9505 0.1269
vn 0.3882 0.9050 0.1738
vn 0.8791 0.3802 0.2873
vn 0.7552 0.6073 0.2467
vn 0.4778 0.8645 0.1561
vn 0.3202 0.9415 0.1046
vn 0.2354 0.9688 0.0769
vn 0.1872 0.9804 0.0612
vn 0.1596 0.9858 0.0521
vn 0.1455 0.9882 0.0475
vn 0.1415 0.9889 0.0462
vn 0.1465 0.9881 0.0479
vn 0.1609 0.9856 0.0526
vn 0.1868 0.9805 0.0610
vn 0.2287 0.9706 0.0747
vn 0.2954 0.9505 0.0965
vn 0.4046 0.9049 0.1322
vn 0.9046 0.3800 0.1933
vn 0.7772 0.6070 0.1660
vn 0.4919 0.8643 0.1050
vn 0.3297 0.9415 0.0704
vn 0.2424 0.9688 0.0518
vn 0.1928 0.9804 0.0412
vn 0.1644 0.9858 0.0351
vn 0.1498 0.9882 0.0320
vn 0.1457 0.9888 0.0311
vn 0.1508 0.9880 0.0322
vn 0.1657 0.9855 0.0354
vn 0.1923 0.9805 0.0411
vn 0.2355 0.9706 0.0503
vn 0.3042 0.9504 0.0650
vn 0.4165 0.9048 0.0890
vn 0.9200 0.3797 0.0970
vn 0.7905 0.6068 0.0833
vn 0.5004 0.8642 0.0527
vn 0.3355 0.9414 0.0353
vn 0.2467 0.9688 0.0260
vn 0.1962 0.9804 0.0207
vn 0.1673 0.9858 0.0176
vn 0.1524 0.9882 0.0161
vn 0.1482 0.9888 0.0156
vn 0.1535 0.9880 0.0162
vn 0.1686 0.9855 0.0178
vn 0.1957 0.9804 0.0206
vn 0.2396 0.9705 0.0252
vn 0.3095 0.9503 0.0326
vn 0.4238 0.9047 0.0447
vn 0.9251 0.3796 -0.0000
vn 0.7949 0.6067 -0.0000
vn 0.5033 0.8641 -0.0000
vn 0.3374 0.9414 -0.0000
vn 0.2481 0.9687 -0.0000
vn 0.1973 0.9803 -0.0000
vn 0.1682 0.9857 -0.0000
vn 0.1533 0.9882 -0.0000
vn 0.1491 0.9888 -0.0000
vn 0.1544 0.9880 -0.0000
vn 0.1696 0.9855 -0.0000
vn 0.1969 0.9804 -0.0000
vn 0.2410 0.9705 -0.0000
vn 0.3113 0.9503 -0.0000
vn 0.4263 0.9046 -0.0000
vn -0.9200 0.3797 0.0970
vn -0.7905 0.6068 0.0833
vn -0.7949 0.6067 -0.0000
vn -0.9251 0.3796 -0.0000
vn -0.5004 0.8642 0.0527
vn -0.5033 0.8641 -0.0000
vn -0.3355 0.9414 0.0353
vn -0.3374 0.9414 -0.0000
vn -0.2467 0.9688 0.0260
vn -0.2481 0.9687 -0.0000
vn -0.1962 0.9804 0.0207
vn -0.1973 0.9803 -0.0000
vn -0.1673 0.9858 0.0176
vn -0.1682 0.9857 -0.0000
vn -0.1524 0.9882 0.0161
vn -0.1533 0.9882 -0.0000
vn -0.1482 0.9888 0.0156
vn -0.1491 0.9888 -0.0000
vn -0.1535 0.9880 0.0162
vn -0.1544 0.9880 -0.0000
vn -0.1686 0.9855 0.0178
vn -0.1696 0.9855 -0.0000
vn -0.1957 0.9804 0.0206
vn -0.1969 0.9804 -0.0000
vn -0.2396 0.9705 0.0252
vn -0.2410 0.9705 -0.0000
vn -0.3095 0.9503 0.0326
vn -0.3113 0.9503 -0.0000
vn -0.4238 0.9047 0.0447
vn -0.4263 0.9046 -0.0000
vn -0.9046 0.3800 0.1933
vn -0.7772 0.6070 0.1660
vn -0.4919 0.8643 0.1050
vn -0.3297 0.9415 0.0704
vn -0.2424 0.9688 0.0518
vn -0.1928 0.9804 0.0412
vn -0.1644 0.9858 0.0351
vn -0.1498 0.9882 0.0320
vn -0.1457 0.9888 0.0311
vn -0.1508 0.9880 0.0322
vn -0.1657 0.9855 0.0354
vn -0.1923 0.9805 0.0411
vn -0.2355 0.9706 0.0503
vn -0.3042 0.9504 0.0650
vn -0.4165 0.9048 0.0890
vn -0.8791 0.3802 0.2873
vn -0.7552 0.6073 0.2467
vn -0.4778 0.8645 0.1561
vn -0.3202 0.9415 0.1046
vn -0.2354 0.9688 0.0769
vn -0.1872 0.9804 0.0612
vn -0.1596 0.9858 0.0521
vn -0.1455 0.9882 0.0475
vn -0.1415 0.9889 0.0462
vn -0.1465 0.9881 0.0479
vn -0.1609 0.9856 0.0526
vn -0.1868 0.9805 0.0610
vn -0.2287 0.9706 0.0747
vn -0.2954 0.9505 0.0965
vn -0.4046 0.9049 0.1322
vn -0.8441 0.3805 0.3779
vn -0.7249 0.6076 0.3245
vn -0.4585 0.8647 0.2052
vn -0.3073 0.9416 0.1375
vn -0.2259 0.9689 0.1011
vn -0.1796 0.9804 0.0804
vn -0.1532 0.9858 0.0685
vn -0.1396 0.9882 0.0625
vn -0.1357 0.9889 0.0607
vn -0.1405 0.9881 0.0629
vn -0.1544 0.9856 0.0691
vn -0.1792 0.9805 0.0802
vn -0.2194 0.9707 0.0982
vn -0.2835 0.9505 0.1269
vn -0.3882 0.9050 0.1738
vn -0.7999 0.3807 0.4639
vn -0.6869 0.6078 0.3983
vn -0.4343 0.8648 0.2518
vn -0.2911 0.9417 0.1687
vn -0.2140 0.9689 0.1240
vn -0.1701 0.9805 0.0986
vn -0.1451 0.9858 0.0841
vn -0.1322 0.9883 0.0766
vn -0.1286 0.9889 0.0745
vn -0.1331 0.9881 0.0772
vn -0.1462 0.9856 0.0848
vn -0.1698 0.9806 0.0984
vn -0.2078 0.9707 0.1205
vn -0.2685 0.9506 0.1557
vn -0.3678 0.9051 0.2132
vn -0.7473 0.3809 0.5445
vn -0.6417 0.6080 0.4675
vn -0.4057 0.8649 0.2955
vn -0.2718 0.9418 0.1980
vn -0.1998 0.9690 0.1456
vn -0.1589 0.9805 0.1157
vn -0.1355 0.9859 0.0987
vn -0.1235 0.9883 0.0899
vn -0.1201 0.9889 0.0875
vn -0.1243 0.9881 0.0906
vn -0.1366 0.9856 0.0995
vn -0.1586 0.9806 0.1155
vn -0.1941 0.9707 0.1414
vn -0.2508 0.9506 0.1827
vn -0.3435 0.9052 0.2502
vn -0.6868 0.3809 0.6190
vn -0.5897 0.6081 0.5315
vn -0.3727 0.8650 0.3359
vn -0.2498 0.9418 0.2251
vn -0.1836 0.9690 0.1655
vn -0.1460 0.9805 0.1316
vn -0.1245 0.9859 0.1122
vn -0.1134 0.9883 0.1022
vn -0.1103 0.9889 0.0994
vn -0.1142 0.9881 0.1029
vn -0.1255 0.9856 0.1131
vn -0.1457 0.9806 0.1313
vn -0.1783 0.9707 0.1607
vn -0.2304 0.9507 0.2077
vn -0.3156 0.9052 0.2845
vn -0.6190 0.3809 0.6868
vn -0.5315 0.6081 0.5897
vn -0.3359 0.8650 0.3727
vn -0.2251 0.9418 0.2498
vn -0.1655 0.9690 0.1836
vn -0.1316 0.9805 0.1460
vn -0.1122 0.9859 0.1245
vn -0.1022 0.9883 0.1134
vn -0.0994 0.9889 0.1103
vn -0.1029 0.9881 0.1142
vn -0.1131 0.9856 0.1255
vn -0.1313 0.9806 0.1457
vn -0.1607 0.9707 0.1783
vn -0.2077 0.9507 0.2304
vn -0.2845 0.9052 0.3156
vn -0.5445 0.3809 0.7473
vn -0.4675 0.6080 0.6417
vn -0.2955 0.8649 0.4057
vn -0.1980 0.9418 0.2718
vn -0.1456 0.9690 0.1998
vn -0.1157 0.9805 0.1589
vn -0.0987 0.9859 0.1355
vn -0.0899 0.9883 0.1235
vn -0.0875 0.9889 0.1201
vn -0.0906 0.9881 0.1243
vn -0.0995 0.9856 0.1366
vn -0.1155 0.9806 0.1586
vn -0.1414 0.9707 0.1941
vn -0.1827 0.9506 0.2508
vn -0.2502 0.9052 0.3435
vn -0.4639 0.3807 0.7999
vn -0.3983 0.6078 0.6869
vn -0.2518 0.8648 0.4343
vn -0.1687 0.9417 0.2911
vn -0.1240 0.9689 0.2140
vn -0.0986 0.9805 0.1701
vn -0.0841 0.9858 0.1451
vn -0.0766 0.9883 0.1322
vn -0.0745 0.9889 0.1286
vn -0.0772 0.9881 0.1331
vn -0.0848 0.9856 0.1462
vn -0.0984 0.9806 0.1698
vn -0.1205 0.9707 0.2078
vn -0.1557 0.9506 0.2685
vn -0.2132 0.9051 0.3678
vn -0.3779 0.3805 0.8441
vn -0.3245 0.6076 0.7249
vn -0.2052 0.8647 0.4585
vn -0.1375 0.9416 0.3073
vn -0.1011 0.9689 0.2259
vn -0.0804 0.9804 0.1796
vn -0.0685 0.9858 0.1532
vn -0.0625 0.9882 0.1396
vn -0.0607 0.9889 0.1357
vn -0.0629 0.9881 0.1405
vn -0.0691 0.9856 0.1544
vn -0.0802 0.9805 0.1792
vn -0.0982 0.9707 0.2194
vn -0.1269 0.9505 0.2835
vn -0.1738 0.9050 0.3882
vn -0.2873 0.3802 0.8791
vn -0.2467 0.6073 0.7552
vn -0.1561 0.8645 0.4778
vn -0.1046 0.9415 0.3202
vn -0.0769 0.9688 0.2354
vn -0.0612 0.9804 0.1872
vn -0.0521 0.9858 0.1596
vn -0.0475 0.9882 0.1455
vn -0.0462 0.9889 0.1415
vn -0.0479 0.9881 0.1465
vn -0.0526 0.9856 0.1609
vn -0.0610 0.9805 0.1868
vn -0.0747 0.9706 0.2287
vn -0.0965 0.9505 0.2954
vn -0.1322 0.9049 0.4046
vn -0.1933 0.3800 0.9046
vn -0.1660 0.6070 0.7772
vn -0.1050 0.8643 0.4919
vn -0.0704 0.9415 0.3297
vn -0.0518 0.9688 0.2424
vn -0.0412 0.9804 0.1928
vn -0.0351 0.9858 0.1644
vn -0.0320 0.9882 0.1498
vn -0.0311 0.9888 0.1457
vn -0.0322 0.9880 0.1508
vn -0.0354 0.9855 0.1657
vn -0.0411 0.9805 0.1923
vn -0.0503 0.9706 0.2355
vn -0.0650 0.9504 0.3042
vn -0.0890 0.9048 0.4165
vn -0.0970 0.3797 0.9200
vn -0.0833 0.6068 0.7905
vn -0.0527 0.8642 0.5004
vn -0.0353 0.9414 0.3355
vn -0.0260 0.9688 0.2467
vn -0.0207 0.9804 0.1962
vn -0.0176 0.9858 0.1673
vn -0.0161 0.9882 0.1524
vn -0.0156 0.9888 0.1482
vn -0.0162 0.9880 0.1535
vn -0.0178 0.9855 0.1686
vn -0.0206 0.9804 0.1957
vn -0.0252 0.9705 0.2396
vn -0.0326 0.9503 0.3095
vn -0.0447 0.9047 0.4238
vn -0.0970 0.3797 -0.9200
vn -0.0833 0.6068 -0.7905
vn -0.0000 0.6067 -0.7949
vn -0.0000 0.3796 -0.9251
vn -0.0527 0.8642 -0.5004
vn -0.0000 0.8641 -0.5033
vn -0.0353 0.9414 -0.3355
vn -0.0000 0.9413 -0.3374
vn -0.0260 0.9688 -0.2467
vn -0.0000 0.9687 -0.2481
vn -0.0207 0.9804 -0.1962
vn -0.0000 0.9803 -0.1973
vn -0.0176 0.9858 -0.1673
vn -0.0000 0.9857 -0.1682
vn -0.0161 0.9882 -0.1524
vn -0.0000 0.9882 -0.1533
vn -0.0156 0.9888 -0.1482
vn -0.0000 0.9888 -0.1491
vn -0.0162 0.9880 -0.1535
vn -0.0000 0.9880 -0.1544
vn -0.0178 0.9855 -0.1686
vn -0.0000 0.9855 -0.1696
vn -0.0206 0.9804 -0.1957
vn -0.0000 0.9804 -0.1969
vn -0.0252 0.9705 -0.2396
vn -0.0000 0.9705 -0.2410
vn -0.0326 0.9503 -0.3095
vn -0.0000 0.9503 -0.3113
vn -0.0447 0.9047 -0.4238
vn -0.0000 0.9046 -0.4263
vn -0.1933 0.3800 -0.9046
vn -0.1660 0.6070 -0.7772
vn -0.1050 0.8643 -0.4919
vn -0.0704 0.9415 -0.3297
vn -0.0518 0.9688 -0.2424
vn -0.0412 0.9804 -0.1928
vn -0.0351 0.9858 -0.1644
vn -0.0320 0.9882 -0.1498
vn -0.0311 0.9888 -0.1457
vn -0.0322 0.9880 -0.1508
vn -0.0354 0.9855 -0.1657
vn -0.0411 0.9805 -0.1923
vn -0.0503 0.9706 -0.2355
vn -0.0650 0.9504 -0.3042
vn -0.0890 0.9048 -0.4165
vn -0.2873 0.3802 -0.8791
vn -0.2467 0.6073 -0.7552
vn -0.1561 0.8645 -0.4778
vn -0.1046 0.9415 -0.3202
vn -0.0769 0.9688 -0.2354
vn -0.0612 0.9804 -0.1872
vn -0.0521 0.9858 -0.1596
vn -0.0475 0.9882 -0.1455
vn -0.0462 0.9889 -0.1415
vn -0.0479 0.9881 -0.1465
vn -0.0526 0.9856 -0.1609
vn -0.0610 0.9805 -0.1868
vn -0.0747 0.9706 -0.2287
vn -0.0965 0.9505 -0.2954
vn -0.1322 0.9049 -0.4046
vn -0.3779 0.3805 -0.8441
vn -0.3245 0.6076 -0.7249
vn -0.2052 0.8647 -0.4585
vn -0.1375 0.9416 -0.3073
vn -0.1011 0.9689 -0.2259
vn -0.0804 0.9804 -0.1796
vn -0.0685 0.9858 -0.1532
vn -0.0625 0.9882 -0.1396
vn -0.0607 0.9889 -0.1357
vn -0.0629 0.9881 -0.1405
vn -0.0691 0.9856 -0.1544
vn -0.0802 0.9805 -0.1792
vn -0.0982 0.9707 -0.2194
vn -0.1269 0.9505 -0.2835
vn -0.1738 0.9050 -0.3882
vn -0.4639 0.3807 -0.7999
vn -0.3983 0.6078 -0.6869
vn -0.2518 0.8648 -0.4343
vn -0.1687 0.9417 -0.2911
vn -0.1240 0.9689 -0.2140
vn -0.0986 0.9805 -0.1701
vn -0.0841 0.9858 -0.1451
vn -0.0766 0.9883 -0.1322
vn -0.0745 0.9889 -0.1286
vn -0.0772 0.9881 -0.1331
vn -0.0848 0.9856 -0.1462
vn -0.0984 0.9806 -0.1698
vn -0.1205 0.9707 -0.2078
vn -0.1557 0.9506 -0.2685
vn -0.2132 0.9051 -0.3678
vn -0.5445 0.3809 -0.7473
vn -0.4675 0.6080 -0.6417
vn -0.2955 0.8649 -0.4057
vn -0.1980 0.9418 -0.2718
vn -0.1456 0.9690 -0.1998
vn -0.1157 0.9805 -0.1589
vn -0.0987 0.9859 -0.1355
vn -0.0899 0.9883 -0.1235
vn -0.0875 0.9889 -0.1201
vn -0.0906 0.9881 -0.1243
vn -0.0995 0.9856 -0.1366
vn -0.1155 0.9806 -0.1586
vn -0.1414 0.9707 -0.1941
vn -0.1827 0.9506 -0.2508
vn -0.2502 0.9052 -0.3435
vn -0.6190 0.3809 -0.6868
vn -0.5315 0.6081 -0.5897
vn -0.3359 0.8650 -0.3727
vn -0.2251 0.9418 -0.2498
vn -0.1655 0.9690 -0.1836
vn -0.1316 0.9805 -0.1460
vn -0.1122 0.9859 -0.1245
vn -0.1022 0.9883 -0.1134
vn -0.0994 0.9889 -0.1103
vn -0.1029 0.9881 -0.1142
vn -0.1131 0.9856 -0.1255
vn -0.1313 0.9806 -0.1457
vn -0.1607 0.9707 -0.1783
vn -0.2077 0.9507 -0.2304
vn -0.2845 0.9052 -0.3156
vn -0.6868 0.3809 -0.6190
vn -0.5897 0.6081 -0.5315
vn -0.3727 0.8650 -0.3359
vn -0.2498 0.9418 -0.2251
vn -0.1836 0.9690 -0.1655
vn -0.1460 0.9805 -0.1316
vn -0.1245 0.9859 -0.1122
vn -0.1134 0.9883 -0.1022
vn -0.1103 0.9889 -0.0994
vn -0.1142 0.9881 -0.1029
vn -0.1255 0.9856 -0.1131
vn -0.1457 0.9806 -0.1313
vn -0.1783 0.9707 -0.1607
vn -0.2304 0.9507 -0.2077
vn -0.3156 0.9052 -0.2845
vn -0.7473 0.3809 -0.5445
vn -0.6417 0.6080 -0.4675
vn -0.4057 0.8649 -0.2955
vn -0.2718 0.9418 -0.1980
vn -0.1998 0.9690 -0.1456
vn -0.1589 0.9805 -0.1157
vn -0.1355 0.9859 -0.0987
vn -0.1235 0.9883 -0.0899
vn -0.1201 0.9889 -0.0875
vn -0.1243 0.9881 -0.0906
vn -0.1366 0.9856 -0.0995
vn -0.1586 0.9806 -0.1155
vn -0.1941 0.9707 -0.1414
vn -0.2508 0.9506 -0.1827
vn -0.3435 0.9052 -0.2502
vn -0.7999 0.3807 -0.4639
vn -0.6869 0.6078 -0.3983
vn -0.4343 0.8648 -0.2518
vn -0.2911 0.9417 -0.1687
vn -0.2140 0.9689 -0.1240
vn -0.1701 0.9805 -0.0986
vn -0.1451 0.9858 -0.0841
vn -0.1322 0.9883 -0.0766
vn -0.1286 0.9889 -0.0745
vn -0.1331 0.9881 -0.0772
vn -0.1462 0.9856 -0.0848
vn -0.1698 0.9806 -0.0984
vn -0.2078 0.9707 -0.1205
vn -0.2685 0.9506 -0.1557
vn -0.3678 0.9051 -0.2132
vn -0.8441 0.3805 -0.3779
vn -0.7249 0.6076 -0.3245
vn -0.4585 0.8647 -0.2052
vn -0.3073 0.9416 -0.1375
vn -0.2259 0.9689 -0.1011
vn -0.1796 0.9804 -0.0804
vn -0.1532 0.9858 -0.0685
vn -0.1396 0.9882 -0.0625
vn -0.1357 0.9889 -0.0607
vn -0.1405 0.9881 -0.0629
vn -0.1544 0.9856 -0.0691
vn -0.1792 0.9805 -0.0802
vn -0.2194 0.9707 -0.0982
vn -0.2835 0.9505 -0.1269
vn -0.3882 0.9050 -0.1738
vn -0.8791 0.3802 -0.2873
vn -0.7552 0.6073 -0.2467
vn -0.4778 0.8645 -0.1561
vn -0.3202 0.9415 -0.1046
vn -0.2354 0.9688 -0.0769
vn -0.1872 0.9804 -0.0612
vn -0.1596 0.9858 -0.0521
vn -0.1455 0.9882 -0.0475
vn -0.1415 0.9889 -0.0462
vn -0.1465 0.9881 -0.0479
vn -0.1609 0.9856 -0.0526
vn -0.1868 0.9805 -0.0610
vn -0.2287 0.9706 -0.0747
vn -0.2954 0.9505 -0.0965
vn -0.4046 0.9049 -0.1322
vn -0.9046 0.3800 -0.1933
vn -0.7772 0.6070 -0.1660
vn -0.4919 0.8643 -0.1050
vn -0.3297 0.9415 -0.0704
vn -0.2424 0.9688 -0.0518
vn -0.1928 0.9804 -0.0412
vn -0.1644 0.9858 -0.0351
vn -0.1498 0.9882 -0.0320
vn -0.1457 0.9888 -0.0311
vn -0.1508 0.9880 -0.0322
vn -0.1657 0.9855 -0.0354
vn -0.1923 0.9805 -0.0411
vn -0.2355 0.9706 -0.0503
vn -0.3042 0.9504 -0.0650
vn -0.4165 0.9048 -0.0889
vn -0.9200 0.3797 -0.0970
vn -0.7905 0.6068 -0.0833
vn -0.5004 0.8642 -0.0527
vn -0.3355 0.9414 -0.0353
vn -0.2467 0.9688 -0.0260
vn -0.1962 0.9804 -0.0207
vn -0.1673 0.9858 -0.0176
vn -0.1524 0.9882 -0.0161
vn -0.1482 0.9888 -0.0156
vn -0.1535 0.9880 -0.0162
vn -0.1686 0.9855 -0.0178
vn -0.1957 0.9804 -0.0206
vn -0.2396 0.9705 -0.0252
vn -0.3095 0.9503 -0.0326
vn -0.4238 0.9047 -0.0447
vn 0.9200 0.3797 -0.0970
vn 0.7905 0.6068 -0.0833
vn 0.5004 0.8642 -0.0527
vn 0.3355 0.9414 -0.0353
vn 0.2467 0.9688 -0.0260
vn 0.1962 0.9804 -0.0207
vn 0.1673 0.9858 -0.0176
vn 0.1524 0.9882 -0.0161
vn 0.1482 0.9888 -0.0156
vn 0.1535 0.9880 -0.0162
vn 0.1686 0.9855 -0.0178
vn 0.1957 0.9804 -0.0206
vn 0.2396 0.9705 -0.0252
vn 0.3095 0.9503 -0.0326
vn 0.4238 0.9047 -0.0447
vn 0.9046 0.3800 -0.1933
vn 0.7772 0.6070 -0.1660
vn 0.4919 0.8643 -0.1050
vn 0.3297 0.9415 -0.0704
vn 0.2424 0.9688 -0.0518
vn 0.1928 0.9804 -0.0412
vn 0.1644 0.9858 -0.0351
vn 0.1498 0.9882 -0.0320
vn 0.1457 0.9888 -0.0311
vn 0.1508 0.9880 -0.0322
vn 0.1657 0.9855 -0.0354
vn 0.1923 0.9805 -0.0411
vn 0.2355 0.9706 -0.0503
vn 0.3042 0.9504 -0.0650
vn 0.4165 0.9048 -0.0890
vn 0.8791 0.3802 -0.2873
vn 0.7552 0.6073 -0.2467
vn 0.4778 0.8645 -0.1561
vn 0.3202 0.9415 -0.1046
vn 0.2354 0.9688 -0.0769
vn 0.1872 0.9804 -0.0612
vn 0.1596 0.9858 -0.0521
vn 0.1455 0.9882 -0.0475
vn 0.1415 0.9889 -0.0462
vn 0.1465 0.9881 -0.0479
vn 0.1609 0.9856 -0.0526
vn 0.1868 0.9805 -0.0610
vn 0.2287 0.9706 -0.0747
vn 0.2954 0.9505 -0.0965
vn 0.4046 0.9049 -0.1322
vn 0.8441 0.3805 -0.3779
vn 0.7249 0.6076 -0.3245
vn 0.4585 0.8647 -0.2052
vn 0.3073 0.9416 -0.1375
vn 0.2259 0.9689 -0.1011
vn 0.1796 0.9804 -0.0804
vn 0.1532 0.9858 -0.0685
vn 0.1396 0.9882 -0.0625
vn 0.1357 0.9889 -0.0607
vn 0.1405 0.9881 -0.0629
vn 0.1544 0.9856 -0.0691
vn 0.1792 0.9805 -0.0802
vn 0.2194 0.9707 -0.0982
vn 0.2835 0.9505 -0.1269
vn 0.3882 0.9050 -0.1738
vn 0.7999 0.3807 -0.4639
vn 0.6869 0.6078 -0.3983
vn 0.4343 0.8648 -0.2518
vn 0.2911 0.9417 -0.1687
vn 0.2140 0.9689 -0.1240
vn 0.1701 0.9805 -0.0986
vn 0.1451 0.9858 -0.0841
vn 0.1322 0.9883 -0.0766
vn 0.1286 0.9889 -0.0745
vn 0.1331 0.9881 -0.0772
vn 0.1462 0.9856 -0.0848
vn 0.1698 0.9806 -0.0984
vn 0.2078 0.9707 -0.1205
vn 0.2685 0.9506 -0.1557
vn 0.3678 0.9051 -0.2132
vn 0.7473 0.3809 -0.5445
vn 0.6417 0.6080 -0.4675
vn 0.4057 0.8649 -0.2955
vn 0.2718 0.9418 -0.1980
vn 0.1998 0.9690 -0.1456
vn 0.1589 0.9805 -0.1157
vn 0.1355 0.9859 -0.0987
vn 0.1235 0.9883 -0.0899
vn 0.1201 0.9889 -0.0875
vn 0.1243 0.9881 -0.0906
vn 0.1366 0.9856 -0.0995
vn 0.1586 0.9806 -0.1155
vn 0.1941 0.9707 -0.1414
vn 0.2508 0.9506 -0.1827
vn 0.3435 0.9052 -0.2502
vn 0.6868 0.3809 -0.6190
vn 0.5897 0.6081 -0.5315
vn 0.3727 0.8650 -0.3359
vn 0.2498 0.9418 -0.2251
vn 0.1836 0.9690 -0.1655
vn 0.1460 0.9805 -0.1316
vn 0.1245 0.9859 -0.1122
vn 0.1134 0.9883 -0.1022
vn 0.1103 0.9889 -0.0994
vn 0.1142 0.9881 -0.1029
vn 0.1255 0.9856 -0.1131
vn 0.1457 0.9806 -0.1313
vn 0.1783 0.9707 -0.1607
vn 0.2304 0.9507 -0.2077
vn 0.3156 0.9052 -0.2845
vn 0.6190 0.3809 -0.6868
vn 0.5315 0.6081 -0.5897
vn 0.3359 0.8650 -0.3727
vn 0.2251 0.9418 -0.2498
vn 0.1655 0.9690 -0.1836
vn 0.1316 0.9805 -0.1460
vn 0.1122 0.9859 -0.1245
vn 0.1022 0.9883 -0.1134
vn 0.0994 0.9889 -0.1103
vn 0.1029 0.9881 -0.1142
vn 0.1131 0.9856 -0.1255
vn 0.1313 0.9806 -0.1457
vn 0.1607 0.9707 -0.1783
vn 0.2077 0.9507 -0.2304
vn 0.2845 0.9052 -0.3156
vn 0.5445 0.3809 -0.7473
vn 0.4675 0.6080 -0.6417
vn 0.2955 0.8649 -0.4057
vn 0.1980 0.9418 -0.2718
vn 0.1456 0.9690 -0.1998
vn 0.1157 0.9805 -0.1589
vn 0.0987 0.9859 -0.1355
vn 0.0899 0.9883 -0.1235
vn 0.0875 0.9889 -0.1201
vn 0.0906 0.9881 -0.1243
vn 0.0995 0.9856 -0.1366
vn 0.1155 0.9806 -0.1586
vn 0.1414 0.9707 -0.1941
vn 0.1827 0.9506 -0.2508
vn 0.2502 0.9052 -0.3435
vn 0.4639 0.3807 -0.7999
vn 0.3983 0.6078 -0.6869
vn 0.2518 0.8648 -0.4343
vn 0.1687 0.9417 -0.2911
vn 0.1240 0.9689 -0.2140
vn 0.0986 0.9805 -0.1701
vn 0.0841 0.9858 -0.1451
vn 0.0766 0.9883 -0.1322
vn 0.0745 0.9889 -0.1286
vn 0.0772 0.9881 -0.1331
vn 0.0848 0.9856 -0.1462
vn 0.0984 0.9806 -0.1698
vn 0.1205 0.9707 -0.2078
vn 0.1557 0.9506 -0.2685
vn 0.2132 0.9051 -0.3678
vn 0.3779 0.3805 -0.8441
vn 0.3245 0.6076 -0.7249
vn 0.2052 0.8647 -0.4585
vn 0.1375 0.9416 -0.3073
vn 0.1011 0.9689 -0.2259
vn 0.0804 0.9804 -0.1796
vn 0.0685 0.9858 -0.1532
vn 0.0625 0.9882 -0.1396
vn 0.0607 0.9889 -0.1357
vn 0.0629 0.9881 -0.1405
vn 0.0691 0.9856 -0.1544
vn 0.0802 0.9805 -0.1792
vn 0.0982 0.9707 -0.2194
vn 0.1269 0.9505 -0.2835
vn 0.1738 0.9050 -0.3882
vn 0.2873 0.3802 -0.8791
vn 0.2467 0.6073 -0.7552
vn 0.1561 0.8645 -0.4778
vn 0.1046 0.9415 -0.3202
vn 0.0769 0.9688 -0.2354
vn 0.0612 0.9804 -0.1872
vn 0.0521 0.9858 -0.1596
vn 0.0475 0.9882 -0.1455
vn 0.0462 0.9889 -0.1415
vn 0.0479 0.9881 -0.1465
vn 0.0526 0.9856 -0.1609
vn 0.0610 0.9805 -0.1868
vn 0.0747 0.9706 -0.2287
vn 0.0965 0.9505 -0.2954
vn 0.1322 0.9049 -0.4046
vn 0.1933 0.3800 -0.9046
vn 0.1660 0.6070 -0.7772
vn 0.1050 0.8643 -0.4919
vn 0.0704 0.9415 -0.3297
vn 0.0518 0.9688 -0.2424
vn 0.0412 0.9804 -0.1928
vn 0.0351 0.9858 -0.1644
vn 0.0320 0.9882 -0.1498
vn 0.0311 0.9888 -0.1457
vn 0.0322 0.9880 -0.1508
vn 0.0354 0.9855 -0.1657
vn 0.0411 0.9805 -0.1923
vn 0.0503 0.9706 -0.2355
vn 0.0650 0.9504 -0.3042
vn 0.0890 0.9048 -0.4165
vn 0.0970 0.3797 -0.9200
vn 0.0833 0.6068 -0.7905
vn 0.0527 0.8642 -0.5004
vn 0.0353 0.9414 -0.3355
vn 0.0260 0.9688 -0.2467
vn 0.0207 0.9804 -0.1962
vn 0.0176 0.9858 -0.1673
vn 0.0161 0.9882 -0.1524
vn 0.0156 0.9888 -0.1482
vn 0.0162 0.9880 -0.1535
vn 0.0178 0.9855 -0.1686
vn 0.0206 0.9804 -0.1957
vn 0.0252 0.9705 -0.2396
vn 0.0326 0.9503 -0.3095
vn 0.0447 0.9047 -0.4238
vn 0.1021 -0.2247 -0.9691
vn -0.0000 -0.2246 -0.9744
vn 0.0906 -0.5029 -0.8596
vn -0.0000 -0.5028 -0.8644
vn 0.0705 -0.7399 -0.6690
vn -0.0000 -0.7398 -0.6728
vn 0.0503 -0.8770 -0.4778
vn -0.0000 -0.8770 -0.4805
vn 0.0352 -0.9419 -0.3339
vn -0.0000 -0.9419 -0.3358
vn 0.0248 -0.9716 -0.2355
vn -0.0000 -0.9715 -0.2369
vn 0.0177 -0.9855 -0.1685
vn -0.0000 -0.9855 -0.1695
vn 0.0128 -0.9925 -0.1217
vn -0.0000 -0.9925 -0.1224
vn 0.0093 -0.9961 -0.0880
vn -0.0000 -0.9961 -0.0885
vn 0.0066 -0.9980 -0.0630
vn -0.0000 -0.9980 -0.0634
vn 0.0046 -0.9990 -0.0440
vn -0.0000 -0.9990 -0.0443
vn 0.0031 -0.9996 -0.0292
vn -0.0000 -0.9996 -0.0294
vn 0.0018 -0.9998 -0.0175
vn -0.0000 -0.9998 -0.0176
vn 0.0008 -1.0000 -0.0080
vn -0.0000 -1.0000 -0.0081
vn -0.0000 -1.0000 -0.0000
vn 0.2035 -0.2248 -0.9529
vn 0.1805 -0.5032 -0.8451
vn 0.1404 -0.7401 -0.6577
vn 0.1003 -0.8772 -0.4696
vn 0.0701 -0.9420 -0.3282
vn 0.0494 -0.9716 -0.2314
vn 0.0354 -0.9856 -0.1656
vn 0.0255 -0.9925 -0.1196
vn 0.0185 -0.9961 -0.0865
vn 0.0132 -0.9980 -0.0619
vn 0.0092 -0.9990 -0.0432
vn 0.0061 -0.9996 -0.0287
vn 0.0037 -0.9998 -0.0172
vn 0.0017 -1.0000 -0.0079
vn 0.3026 -0.2250 -0.9262
vn 0.2683 -0.5035 -0.8213
vn 0.2087 -0.7404 -0.6390
vn 0.1490 -0.8774 -0.4561
vn 0.1041 -0.9421 -0.3187
vn 0.0734 -0.9716 -0.2248
vn 0.0525 -0.9856 -0.1608
vn 0.0379 -0.9925 -0.1161
vn 0.0274 -0.9961 -0.0840
vn 0.0196 -0.9980 -0.0601
vn 0.0137 -0.9990 -0.0420
vn 0.0091 -0.9996 -0.0279
vn 0.0054 -0.9998 -0.0167
vn 0.0025 -1.0000 -0.0076
vn 0.3981 -0.2251 -0.8893
vn 0.3529 -0.5038 -0.7884
vn 0.2745 -0.7407 -0.6133
vn 0.1959 -0.8775 -0.4377
vn 0.1369 -0.9422 -0.3058
vn 0.0965 -0.9717 -0.2157
vn 0.0690 -0.9856 -0.1543
vn 0.0499 -0.9925 -0.1114
vn 0.0361 -0.9961 -0.0806
vn 0.0258 -0.9980 -0.0577
vn 0.0180 -0.9990 -0.0403
vn 0.0120 -0.9996 -0.0267
vn 0.0072 -0.9998 -0.0160
vn 0.0033 -1.0000 -0.0073
vn 0.4887 -0.2253 -0.8428
vn 0.4332 -0.5040 -0.7472
vn 0.3369 -0.7409 -0.5810
vn 0.2404 -0.8777 -0.4146
vn 0.1679 -0.9423 -0.2897
vn 0.1184 -0.9717 -0.2043
vn 0.0847 -0.9856 -0.1461
vn 0.0612 -0.9925 -0.1055
vn 0.0442 -0.9961 -0.0763
vn 0.0317 -0.9980 -0.0546
vn 0.0221 -0.9990 -0.0382
vn 0.0147 -0.9996 -0.0253
vn 0.0088 -0.9998 -0.0152
vn 0.0040 -1.0000 -0.0069
vn 0.5737 -0.2254 -0.7874
vn 0.5085 -0.5042 -0.6980
vn 0.3954 -0.7410 -0.5427
vn 0.2821 -0.8778 -0.3872
vn 0.1971 -0.9423 -0.2705
vn 0.1390 -0.9717 -0.1908
vn 0.0994 -0.9856 -0.1365
vn 0.0718 -0.9925 -0.0986
vn 0.0519 -0.9961 -0.0713
vn 0.0372 -0.9980 -0.0510
vn 0.0260 -0.9990 -0.0356
vn 0.0172 -0.9996 -0.0237
vn 0.0103 -0.9998 -0.0142
vn 0.0047 -1.0000 -0.0065
vn 0.6523 -0.2254 -0.7237
vn 0.5781 -0.5043 -0.6415
vn 0.4495 -0.7411 -0.4987
vn 0.3207 -0.8778 -0.3558
vn 0.2240 -0.9424 -0.2486
vn 0.1580 -0.9718 -0.1753
vn 0.1130 -0.9856 -0.1254
vn 0.0816 -0.9925 -0.0906
vn 0.0590 -0.9961 -0.0655
vn 0.0423 -0.9980 -0.0469
vn 0.0295 -0.9990 -0.0327
vn 0.0196 -0.9996 -0.0217
vn 0.0117 -0.9998 -0.0130
vn 0.0054 -1.0000 -0.0060
vn 0.7238 -0.2248 -0.6523
vn 0.7237 -0.2254 -0.6523
vn 0.6415 -0.5043 -0.5781
vn 0.4987 -0.7411 -0.4495
vn 0.3558 -0.8778 -0.3207
vn 0.2486 -0.9424 -0.2240
vn 0.1753 -0.9718 -0.1580
vn 0.1254 -0.9856 -0.1130
vn 0.0906 -0.9925 -0.0816
vn 0.0655 -0.9961 -0.0590
vn 0.0469 -0.9980 -0.0423
vn 0.0327 -0.9990 -0.0295
vn 0.0217 -0.9996 -0.0196
vn 0.0130 -0.9998 -0.0117
vn 0.0060 -1.0000 -0.0054
vn 0.7874 -0.2254 -0.5737
vn 0.6980 -0.5042 -0.5085
vn 0.5427 -0.7410 -0.3954
vn 0.3872 -0.8778 -0.2821
vn 0.2705 -0.9423 -0.1971
vn 0.1908 -0.9717 -0.1390
vn 0.1365 -0.9856 -0.0994
vn 0.0986 -0.9925 -0.0718
vn 0.0713 -0.9961 -0.0519
vn 0.0510 -0.9980 -0.0372
vn 0.0356 -0.9990 -0.0260
vn 0.0237 -0.9996 -0.0172
vn 0.0142 -0.9998 -0.0103
vn 0.0065 -1.0000 -0.0047
vn 0.8429 -0.2253 -0.4887
vn 0.7472 -0.5040 -0.4332
vn 0.5810 -0.7409 -0.3369
vn 0.4146 -0.8777 -0.2404
vn 0.2897 -0.9423 -0.1679
vn 0.2043 -0.9717 -0.1184
vn 0.1461 -0.9856 -0.0847
vn 0.1055 -0.9925 -0.0612
vn 0.0763 -0.9961 -0.0442
vn 0.0546 -0.9980 -0.0317
vn 0.0382 -0.9990 -0.0221
vn 0.0253 -0.9996 -0.0147
vn 0.0152 -0.9998 -0.0088
vn 0.0069 -1.0000 -0.0040
vn 0.8895 -0.2245 -0.3981
vn 0.8893 -0.2252 -0.3981
vn 0.7884 -0.5038 -0.3529
vn 0.6133 -0.7407 -0.2745
vn 0.4377 -0.8775 -0.1959
vn 0.3058 -0.9422 -0.1369
vn 0.2157 -0.9717 -0.0965
vn 0.1543 -0.9856 -0.0690
vn 0.1114 -0.9925 -0.0499
vn 0.0806 -0.9961 -0.0361
vn 0.0577 -0.9980 -0.0258
vn 0.0403 -0.9990 -0.0180
vn 0.0267 -0.9996 -0.0120
vn 0.0160 -0.9998 -0.0072
vn 0.0073 -1.0000 -0.0033
vn 0.9262 -0.2250 -0.3026
vn 0.8213 -0.5035 -0.2683
vn 0.6390 -0.7404 -0.2087
vn 0.4561 -0.8774 -0.1490
vn 0.3187 -0.9421 -0.1041
vn 0.2248 -0.9716 -0.0734
vn 0.1608 -0.9856 -0.0525
vn 0.1161 -0.9925 -0.0379
vn 0.0840 -0.9961 -0.0274
vn 0.0601 -0.9980 -0.0196
vn 0.0420 -0.9990 -0.0137
vn 0.0279 -0.9996 -0.0091
vn 0.0167 -0.9998 -0.0054
vn 0.0076 -1.0000 -0.0025
vn 0.9531 -0.2242 -0.2035
vn 0.9529 -0.2248 -0.2035
vn 0.8451 -0.5032 -0.1805
vn 0.6577 -0.7401 -0.1404
vn 0.4696 -0.8772 -0.1003
vn 0.3282 -0.9420 -0.0701
vn 0.2314 -0.9716 -0.0494
vn 0.1656 -0.9856 -0.0354
vn 0.1196 -0.9925 -0.0255
vn 0.0865 -0.9961 -0.0185
vn 0.0619 -0.9980 -0.0132
vn 0.0432 -0.9990 -0.0092
vn 0.0287 -0.9996 -0.0061
vn 0.0172 -0.9998 -0.0037
vn 0.0079 -1.0000 -0.0017
vn 0.9691 -0.2247 -0.1021
vn 0.8596 -0.5029 -0.0906
vn 0.6690 -0.7399 -0.0705
vn 0.4778 -0.8770 -0.0503
vn 0.3339 -0.9419 -0.0352
vn 0.2355 -0.9716 -0.0248
vn 0.1685 -0.9855 -0.0177
vn 0.1217 -0.9925 -0.0128
vn 0.0880 -0.9961 -0.0093
vn 0.0630 -0.9980 -0.0066
vn 0.0440 -0.9990 -0.0046
vn 0.0292 -0.9996 -0.0031
vn 0.0175 -0.9998 -0.0018
vn 0.0080 -1.0000 -0.0008
vn 0.9745 -0.2246 -0.0000
vn 0.8644 -0.5028 -0.0000
vn 0.6728 -0.7398 -0.0000
vn 0.4805 -0.8770 -0.0000
vn 0.3358 -0.9419 -0.0000
vn 0.2369 -0.9715 -0.0000
vn 0.1695 -0.9855 -0.0000
vn 0.1224 -0.9925 -0.0000
vn 0.0885 -0.9961 -0.0000
vn 0.0634 -0.9980 -0.0000
vn 0.0443 -0.9990 -0.0000
vn 0.0294 -0.9996 -0.0000
vn 0.0176 -0.9998 -0.0000
vn 0.0081 -1.0000 -0.0000
vn -0.9691 -0.2247 -0.1021
vn -0.9745 -0.2246 -0.0000
vn -0.8596 -0.5029 -0.0906
vn -0.8644 -0.5028 -0.0000
vn -0.6690 -0.7399 -0.0705
vn -0.6728 -0.7398 -0.0000
vn -0.4778 -0.8770 -0.0503
vn -0.4805 -0.8770 -0.0000
vn -0.3339 -0.9419 -0.0352
vn -0.3358 -0.9419 -0.0000
vn -0.2355 -0.9716 -0.0248
vn -0.2369 -0.9715 -0.0000
vn -0.1685 -0.9855 -0.0177
vn -0.1695 -0.9855 -0.0000
vn -0.1217 -0.9925 -0.0128
vn -0.1224 -0.9925 -0.0000
vn -0.0880 -0.9961 -0.0093
vn -0.0885 -0.9961 -0.0000
vn -0.0630 -0.9980 -0.0066
vn -0.0634 -0.9980 -0.0000
vn -0.0440 -0.9990 -0.0046
vn -0.0443 -0.9990 -0.0000
vn -0.0292 -0.9996 -0.0031
vn -0.0294 -0.9996 -0.0000
vn -0.0175 -0.9998 -0.0018
vn -0.0176 -0.9998 -0.0000
vn -0.0080 -1.0000 -0.0008
vn -0.0081 -1.0000 -0.0000
vn -0.9529 -0.2248 -0.2035
vn -0.8451 -0.5032 -0.1805
vn -0.6577 -0.7401 -0.1404
vn -0.4696 -0.8772 -0.1003
vn -0.3282 -0.9420 -0.0701
vn -0.2314 -0.9716 -0.0494
vn -0.1656 -0.9856 -0.0354
vn -0.1196 -0.9925 -0.0255
vn -0.0865 -0.9961 -0.0185
vn -0.0619 -0.9980 -0.0132
vn -0.0432 -0.9990 -0.0092
vn -0.0287 -0.9996 -0.0061
vn -0.0172 -0.9998 -0.0037
vn -0.0079 -1.0000 -0.0017
vn -0.9262 -0.2250 -0.3026
vn -0.8213 -0.5035 -0.2683
vn -0.6390 -0.7404 -0.2087
vn -0.4561 -0.8774 -0.1490
vn -0.3187 -0.9421 -0.1041
vn -0.2248 -0.9716 -0.0734
vn -0.1608 -0.9856 -0.0525
vn -0.1161 -0.9925 -0.0379
vn -0.0840 -0.9961 -0.0274
vn -0.0601 -0.9980 -0.0196
vn -0.0420 -0.9990 -0.0137
vn -0.0279 -0.9996 -0.0091
vn -0.0167 -0.9998 -0.0054
vn -0.0076 -1.0000 -0.0025
vn -0.8895 -0.2245 -0.3981
vn -0.8893 -0.2252 -0.3981
vn -0.7885 -0.5038 -0.3529
vn -0.6133 -0.7406 -0.2745
vn -0.4377 -0.8775 -0.1959
vn -0.3058 -0.9422 -0.1369
vn -0.2157 -0.9717 -0.0965
vn -0.1543 -0.9856 -0.0690
vn -0.1114 -0.9925 -0.0499
vn -0.0806 -0.9961 -0.0361
vn -0.0577 -0.9980 -0.0258
vn -0.0403 -0.9990 -0.0180
vn -0.0267 -0.9996 -0.0120
vn -0.0160 -0.9998 -0.0072
vn -0.0073 -1.0000 -0.0033
vn -0.8430 -0.2247 -0.4888
vn -0.8429 -0.2253 -0.4887
vn -0.7472 -0.5040 -0.4332
vn -0.5810 -0.7409 -0.3369
vn -0.4146 -0.8777 -0.2404
vn -0.2897 -0.9423 -0.1679
vn -0.2043 -0.9717 -0.1184
vn -0.1461 -0.9856 -0.0847
vn -0.1055 -0.9925 -0.0612
vn -0.0763 -0.9961 -0.0442
vn -0.0546 -0.9980 -0.0317
vn -0.0382 -0.9990 -0.0221
vn -0.0253 -0.9996 -0.0147
vn -0.0152 -0.9998 -0.0088
vn -0.0069 -1.0000 -0.0040
vn -0.7874 -0.2254 -0.5737
vn -0.6980 -0.5042 -0.5085
vn -0.5427 -0.7410 -0.3954
vn -0.3872 -0.8778 -0.2821
vn -0.2705 -0.9423 -0.1971
vn -0.1908 -0.9717 -0.1390
vn -0.1365 -0.9856 -0.0994
vn -0.0986 -0.9925 -0.0718
vn -0.0713 -0.9961 -0.0519
vn -0.0510 -0.9980 -0.0372
vn -0.0356 -0.9990 -0.0260
vn -0.0237 -0.9996 -0.0172
vn -0.0142 -0.9998 -0.0103
vn -0.0065 -1.0000 -0.0047
vn -0.7238 -0.2248 -0.6523
vn -0.7237 -0.2254 -0.6522
vn -0.6415 -0.5043 -0.5781
vn -0.4987 -0.7411 -0.4495
vn -0.3558 -0.8778 -0.3207
vn -0.2486 -0.9424 -0.2240
vn -0.1753 -0.9718 -0.1580
vn -0.1254 -0.9856 -0.1130
vn -0.0906 -0.9925 -0.0816
vn -0.0655 -0.9961 -0.0590
vn -0.0469 -0.9980 -0.0423
vn -0.0327 -0.9990 -0.0295
vn -0.0217 -0.9996 -0.0196
vn -0.0130 -0.9998 -0.0117
vn -0.0060 -1.0000 -0.0054
vn -0.6523 -0.2254 -0.7237
vn -0.5781 -0.5043 -0.6415
vn -0.4495 -0.7411 -0.4987
vn -0.3207 -0.8778 -0.3558
vn -0.2240 -0.9424 -0.2486
vn -0.1580 -0.9718 -0.1753
vn -0.1130 -0.9856 -0.1254
vn -0.0816 -0.9925 -0.0906
vn -0.0590 -0.9961 -0.0655
vn -0.0423 -0.9980 -0.0469
vn -0.0295 -0.9990 -0.0327
vn -0.0196 -0.9996 -0.0217
vn -0.0117 -0.9998 -0.0130
vn -0.0054 -1.0000 -0.0060
vn -0.5737 -0.2254 -0.7874
vn -0.5085 -0.5042 -0.6980
vn -0.3954 -0.7410 -0.5427
vn -0.2821 -0.8778 -0.3872
vn -0.1971 -0.9423 -0.2705
vn -0.1390 -0.9717 -0.1908
vn -0.0994 -0.9856 -0.1365
vn -0.0718 -0.9925 -0.0986
vn -0.0519 -0.9961 -0.0713
vn -0.0372 -0.9980 -0.0510
vn -0.0260 -0.9990 -0.0356
vn -0.0172 -0.9996 -0.0237
vn -0.0103 -0.9998 -0.0142
vn -0.0047 -1.0000 -0.0065
vn -0.4887 -0.2253 -0.8428
vn -0.4332 -0.5040 -0.7472
vn -0.3369 -0.7409 -0.5810
vn -0.2404 -0.8777 -0.4146
vn -0.1679 -0.9423 -0.2897
vn -0.1184 -0.9717 -0.2043
vn -0.0847 -0.9856 -0.1461
vn -0.0612 -0.9925 -0.1055
vn -0.0442 -0.9961 -0.0763
vn -0.0317 -0.9980 -0.0546
vn -0.0221 -0.9990 -0.0382
vn -0.0147 -0.9996 -0.0253
vn -0.0088 -0.9998 -0.0152
vn -0.0040 -1.0000 -0.0069
vn -0.3981 -0.2245 -0.8895
vn -0.3981 -0.2251 -0.8893
vn -0.3529 -0.5038 -0.7884
vn -0.2745 -0.7407 -0.6133
vn -0.1959 -0.8775 -0.4377
vn -0.1369 -0.9422 -0.3058
vn -0.0965 -0.9717 -0.2157
vn -0.0690 -0.9856 -0.1543
vn -0.0499 -0.9925 -0.1114
vn -0.0361 -0.9961 -0.0806
vn -0.0258 -0.9980 -0.0577
vn -0.0180 -0.9990 -0.0403
vn -0.0120 -0.9996 -0.0267
vn -0.0072 -0.9998 -0.0160
vn -0.0033 -1.0000 -0.0073
vn -0.3026 -0.2244 -0.9263
vn -0.3026 -0.2250 -0.9262
vn -0.2683 -0.5035 -0.8213
vn -0.2087 -0.7404 -0.6390
vn -0.1490 -0.8774 -0.4561
vn -0.1041 -0.9421 -0.3187
vn -0.0734 -0.9716 -0.2248
vn -0.0525 -0.9856 -0.1608
vn -0.0379 -0.9925 -0.1161
vn -0.0274 -0.9961 -0.0840
vn -0.0196 -0.9980 -0.0601
vn -0.0137 -0.9990 -0.0420
vn -0.0091 -0.9996 -0.0279
vn -0.0055 -0.9998 -0.0167
vn -0.0025 -1.0000 -0.0076
vn -0.2035 -0.2248 -0.9529
vn -0.1805 -0.5032 -0.8451
vn -0.1404 -0.7401 -0.6577
vn -0.1003 -0.8772 -0.4696
vn -0.0701 -0.9420 -0.3282
vn -0.0494 -0.9716 -0.2314
vn -0.0354 -0.9856 -0.1656
vn -0.0255 -0.9925 -0.1196
vn -0.0185 -0.9961 -0.0865
vn -0.0132 -0.9980 -0.0619
vn -0.0092 -0.9990 -0.0432
vn -0.0061 -0.9996 -0.0287
vn -0.0037 -0.9998 -0.0172
vn -0.0017 -1.0000 -0.0079
vn -0.1021 -0.2247 -0.9691
vn -0.0906 -0.5029 -0.8596
vn -0.0705 -0.7399 -0.6690
vn -0.0503 -0.8770 -0.4778
vn -0.0352 -0.9419 -0.3339
vn -0.0248 -0.9716 -0.2355
vn -0.0177 -0.9855 -0.1685
vn -0.0128 -0.9925 -0.1217
vn -0.0093 -0.9961 -0.0880
vn -0.0066 -0.9980 -0.0630
vn -0.0046 -0.9990 -0.0440
vn -0.0031 -0.9996 -0.0292
vn -0.0018 -0.9998 -0.0175
vn -0.0008 -1.0000 -0.0080
vn -0.1021 -0.2247 0.9691
vn -0.0000 -0.2246 0.9744
vn -0.0906 -0.5029 0.8596
vn -0.0000 -0.5029 0.8644
vn -0.0705 -0.7399 0.6690
vn -0.0000 -0.7398 0.6728
vn -0.0503 -0.8770 0.4778
vn -0.0000 -0.8770 0.4805
vn -0.0352 -0.9419 0.3339
vn -0.0000 -0.9419 0.3358
vn -0.0248 -0.9716 0.2355
vn -0.0000 -0.9715 0.2369
vn -0.0177 -0.9855 0.1685
vn -0.0000 -0.9855 0.1695
vn -0.0128 -0.9925 0.1217
vn -0.0000 -0.9925 0.1224
vn -0.0093 -0.9961 0.0880
vn -0.0000 -0.9961 0.0885
vn -0.0066 -0.9980 0.0630
vn -0.0000 -0.9980 0.0634
vn -0.0046 -0.9990 0.0440
vn -0.0000 -0.9990 0.0443
vn -0.0031 -0.9996 0.0292
vn -0.0000 -0.9996 0.0294
vn -0.0018 -0.9998 0.0175
vn -0.0000 -0.9998 0.0176
vn -0.0008 -1.0000 0.0080
vn -0.0000 -1.0000 0.0081
vn -0.2035 -0.2248 0.9529
vn -0.1805 -0.5032 0.8451
vn -0.1404 -0.7401 0.6577
vn -0.1003 -0.8772 0.4696
vn -0.0701 -0.9420 0.3282
vn -0.0494 -0.9716 0.2314
vn -0.0354 -0.9856 0.1656
vn -0.0255 -0.9925 0.1196
vn -0.0185 -0.9961 0.0865
vn -0.0132 -0.9980 0.0619
vn -0.0092 -0.9990 0.0432
vn -0.0061 -0.9996 0.0287
vn -0.0037 -0.9998 0.0172
vn -0.0017 -1.0000 0.0079
vn -0.3026 -0.2244 0.9263
vn -0.3026 -0.2250 0.9262
vn -0.2683 -0.5035 0.8213
vn -0.2087 -0.7404 0.6390
vn -0.1490 -0.8774 0.4561
vn -0.1041 -0.9421 0.3187
vn -0.0734 -0.9716 0.2248
vn -0.0525 -0.9856 0.1608
vn -0.0379 -0.9925 0.1161
vn -0.0274 -0.9961 0.0840
vn -0.0196 -0.9980 0.0601
vn -0.0137 -0.9990 0.0420
vn -0.0091 -0.9996 0.0279
vn -0.0054 -0.9998 0.0167
vn -0.0025 -1.0000 0.0076
vn -0.3981 -0.2251 0.8893
vn -0.3529 -0.5038 0.7884
vn -0.2745 -0.7407 0.6133
vn -0.1959 -0.8775 0.4377
vn -0.1369 -0.9422 0.3058
vn -0.0965 -0.9717 0.2157
vn -0.0690 -0.9856 0.1543
vn -0.0499 -0.9925 0.1114
vn -0.0361 -0.9961 0.0806
vn -0.0258 -0.9980 0.0577
vn -0.0180 -0.9990 0.0403
vn -0.0120 -0.9996 0.0267
vn -0.0072 -0.9998 0.0160
vn -0.0033 -1.0000 0.0073
vn -0.4887 -0.2253 0.8428
vn -0.4332 -0.5040 0.7472
vn -0.3369 -0.7409 0.5810
vn -0.2404 -0.8777 0.4146
vn -0.1679 -0.9423 0.2897
vn -0.1184 -0.9717 0.2043
vn -0.0847 -0.9856 0.1461
vn -0.0612 -0.9925 0.1055
vn -0.0442 -0.9961 0.0763
vn -0.0317 -0.9980 0.0546
vn -0.0221 -0.9990 0.0382
vn -0.0147 -0.9996 0.0253
vn -0.0088 -0.9998 0.0152
vn -0.0040 -1.0000 0.0069
vn -0.5737 -0.2254 0.7874
vn -0.5085 -0.5042 0.6980
vn -0.3954 -0.7410 0.5427
vn -0.2821 -0.8778 0.3872
vn -0.1971 -0.9423 0.2705
vn -0.1390 -0.9717 0.1908
vn -0.0994 -0.9856 0.1365
vn -0.0718 -0.9925 0.0986
vn -0.0519 -0.9961 0.0713
vn -0.0372 -0.9980 0.0510
vn -0.0260 -0.9990 0.0356
vn -0.0172 -0.9996 0.0237
vn -0.0103 -0.9998 0.0142
vn -0.0047 -1.0000 0.0065
vn -0.6523 -0.2248 0.7238
vn -0.6523 -0.2254 0.7237
vn -0.5781 -0.5043 0.6415
vn -0.4495 -0.7411 0.4987
vn -0.3207 -0.8778 0.3558
vn -0.2240 -0.9424 0.2486
vn -0.1580 -0.9718 0.1753
vn -0.1130 -0.9856 0.1254
vn -0.0816 -0.9925 0.0906
vn -0.0590 -0.9961 0.0655
vn -0.0423 -0.9980 0.0469
vn -0.0295 -0.9990 0.0327
vn -0.0196 -0.9996 0.0217
vn -0.0117 -0.9998 0.0130
vn -0.0054 -1.0000 0.0060
vn -0.7237 -0.2254 0.6523
vn -0.6415 -0.5043 0.5781
vn -0.4987 -0.7411 0.4495
vn -0.3558 -0.8778 0.3207
vn -0.2486 -0.9424 0.2240
vn -0.1753 -0.9718 0.1580
vn -0.1254 -0.9856 0.1130
vn -0.0906 -0.9925 0.0816
vn -0.0655 -0.9961 0.0590
vn -0.0469 -0.9980 0.0423
vn -0.0327 -0.9990 0.0295
vn -0.0217 -0.9996 0.0196
vn -0.0130 -0.9998 0.0117
vn -0.0060 -1.0000 0.0054
vn -0.7874 -0.2254 0.5737
vn -0.6980 -0.5042 0.5085
vn -0.5427 -0.7410 0.3954
vn -0.3872 -0.8778 0.2821
vn -0.2705 -0.9423 0.1971
vn -0.1908 -0.9717 0.1390
vn -0.1365 -0.9856 0.0994
vn -0.0986 -0.9925 0.0718
vn -0.0713 -0.9961 0.0519
vn -0.0510 -0.9980 0.0372
vn -0.0356 -0.9990 0.0260
vn -0.0237 -0.9996 0.0172
vn -0.0142 -0.9998 0.0103
vn -0.0065 -1.0000 0.0047
vn -0.8430 -0.2247 0.4888
vn -0.8429 -0.2253 0.4887
vn -0.7472 -0.5040 0.4332
vn -0.5810 -0.7409 0.3369
vn -0.4146 -0.8777 0.2404
vn -0.2897 -0.9423 0.1679
vn -0.2043 -0.9717 0.1184
vn -0.1461 -0.9856 0.0847
vn -0.1055 -0.9925 0.0612
vn -0.0763 -0.9961 0.0442
vn -0.0546 -0.9980 0.0317
vn -0.0382 -0.9990 0.0221
vn -0.0253 -0.9996 0.0147
vn -0.0152 -0.9998 0.0088
vn -0.0069 -1.0000 0.0040
vn -0.8895 -0.2245 0.3981
vn -0.8893 -0.2252 0.3981
vn -0.7884 -0.5038 0.3529
vn -0.6133 -0.7407 0.2745
vn -0.4377 -0.8775 0.1959
vn -0.3058 -0.9422 0.1369
vn -0.2157 -0.9717 0.0965
vn -0.1543 -0.9856 0.0690
vn -0.1114 -0.9925 0.0499
vn -0.0806 -0.9961 0.0361
vn -0.0577 -0.9980 0.0258
vn -0.0403 -0.9990 0.0180
vn -0.0267 -0.9996 0.0120
vn -0.0160 -0.9998 0.0072
vn -0.0073 -1.0000 0.0033
vn -0.9262 -0.2250 0.3026
vn -0.8213 -0.5035 0.2683
vn -0.6390 -0.7404 0.2087
vn -0.4561 -0.8774 0.1490
vn -0.3187 -0.9421 0.1041
vn -0.2248 -0.9716 0.0734
vn -0.1608 -0.9856 0.0525
vn -0.1161 -0.9925 0.0379
vn -0.0840 -0.9961 0.0274
vn -0.0601 -0.9980 0.0196
vn -0.0420 -0.9990 0.0137
vn -0.0279 -0.9996 0.0091
vn -0.0167 -0.9998 0.0054
vn -0.0076 -1.0000 0.0025
vn -0.9531 -0.2242 0.2035
vn -0.9529 -0.2248 0.2035
vn -0.8451 -0.5032 0.1805
vn -0.6577 -0.7401 0.1404
vn -0.4696 -0.8772 0.1003
vn -0.3282 -0.9420 0.0701
vn -0.2314 -0.9716 0.0494
vn -0.1656 -0.9856 0.0354
vn -0.1196 -0.9925 0.0255
vn -0.0865 -0.9961 0.0185
vn -0.0619 -0.9980 0.0132
vn -0.0432 -0.9990 0.0092
vn -0.0287 -0.9996 0.0061
vn -0.0172 -0.9998 0.0037
vn -0.0079 -1.0000 0.0017
vn -0.9691 -0.2247 0.1021
vn -0.8596 -0.5029 0.0906
vn -0.6690 -0.7399 0.0705
vn -0.4778 -0.8770 0.0503
vn -0.3339 -0.9419 0.0352
vn -0.2355 -0.9716 0.0248
vn -0.1685 -0.9855 0.0177
vn -0.1217 -0.9925 0.0128
vn -0.0880 -0.9961 0.0093
vn -0.0630 -0.9980 0.0066
vn -0.0440 -0.9990 0.0046
vn -0.0292 -0.9996 0.0031
vn -0.0175 -0.9998 0.0018
vn -0.0080 -1.0000 0.0008
vn 0.9691 -0.2247 0.1021
vn 0.8596 -0.5029 0.0906
vn 0.6690 -0.7399 0.0705
vn 0.4778 -0.8770 0.0503
vn 0.3339 -0.9419 0.0352
vn 0.2355 -0.9716 0.0248
vn 0.1685 -0.9855 0.0177
vn 0.1217 -0.9925 0.0128
vn 0.0880 -0.9961 0.0093
vn 0.0630 -0.9980 0.0066
vn 0.0440 -0.9990 0.0046
vn 0.0292 -0.9996 0.0031
vn 0.0175 -0.9998 0.0018
vn 0.0080 -1.0000 0.0008
vn 0.9531 -0.2242 0.2035
vn 0.9529 -0.2248 0.2035
vn 0.8451 -0.5032 0.1805
vn 0.6577 -0.7401 0.1404
vn 0.4696 -0.8772 0.1003
vn 0.3282 -0.9420 0.0701
vn 0.2314 -0.9716 0.0494
vn 0.1656 -0.9856 0.0354
vn 0.1196 -0.9925 0.0255
vn 0.0865 -0.9961 0.0185
vn 0.0619 -0.9980 0.0132
vn 0.0432 -0.9990 0.0092
vn 0.0287 -0.9996 0.0061
vn 0.0172 -0.9998 0.0037
vn 0.0079 -1.0000 0.0017
vn 0.9263 -0.2244 0.3026
vn 0.9262 -0.2250 0.3026
vn 0.8213 -0.5035 0.2683
vn 0.6390 -0.7404 0.2087
vn 0.4561 -0.8774 0.1490
vn 0.3187 -0.9421 0.1041
vn 0.2248 -0.9716 0.0734
vn 0.1608 -0.9856 0.0525
vn 0.1161 -0.9925 0.0379
vn 0.0840 -0.9961 0.0274
vn 0.0601 -0.9980 0.0196
vn 0.0420 -0.9990 0.0137
vn 0.0279 -0.9996 0.0091
vn 0.0167 -0.9998 0.0054
vn 0.0076 -1.0000 0.0025
vn 0.8893 -0.2252 0.3981
vn 0.7885 -0.5038 0.3529
vn 0.6133 -0.7406 0.2745
vn 0.4377 -0.8775 0.1959
vn 0.3058 -0.9422 0.1369
vn 0.2157 -0.9717 0.0965
vn 0.1543 -0.9856 0.0690
vn 0.1114 -0.9925 0.0499
vn 0.0806 -0.9961 0.0361
vn 0.0577 -0.9980 0.0258
vn 0.0403 -0.9990 0.0180
vn 0.0267 -0.9996 0.0120
vn 0.0160 -0.9998 0.0072
vn 0.0073 -1.0000 0.0033
vn 0.8430 -0.2247 0.4888
vn 0.8429 -0.2253 0.4887
vn 0.7472 -0.5040 0.4332
vn 0.5810 -0.7409 0.3369
vn 0.4146 -0.8777 0.2404
vn 0.2897 -0.9423 0.1679
vn 0.2043 -0.9717 0.1184
vn 0.1461 -0.9856 0.0847
vn 0.1055 -0.9925 0.0612
vn 0.0763 -0.9961 0.0442
vn 0.0546 -0.9980 0.0317
vn 0.0382 -0.9990 0.0221
vn 0.0253 -0.9996 0.0147
vn 0.0152 -0.9998 0.0088
vn 0.0069 -1.0000 0.0040
vn 0.7874 -0.2254 0.5737
vn 0.6980 -0.5042 0.5085
vn 0.5427 -0.7410 0.3954
vn 0.3872 -0.8778 0.2821
vn 0.2705 -0.9423 0.1971
vn 0.1908 -0.9717 0.1390
vn 0.1365 -0.9856 0.0994
vn 0.0986 -0.9925 0.0718
vn 0.0713 -0.9961 0.0519
vn 0.0510 -0.9980 0.0372
vn 0.0356 -0.9990 0.0260
vn 0.0237 -0.9996 0.0172
vn 0.0142 -0.9998 0.0103
vn 0.0065 -1.0000 0.0047
vn 0.7238 -0.2248 0.6523
vn 0.7237 -0.2254 0.6522
vn 0.6415 -0.5043 0.5781
vn 0.4987 -0.7411 0.4495
vn 0.3558 -0.8778 0.3207
vn 0.2486 -0.9424 0.2240
vn 0.1753 -0.9718 0.1580
vn 0.1254 -0.9856 0.1130
vn 0.0906 -0.9925 0.0816
vn 0.0655 -0.9961 0.0590
vn 0.0469 -0.9980 0.0423
vn 0.0327 -0.9990 0.0295
vn 0.0217 -0.9996 0.0196
vn 0.0130 -0.9998 0.0117
vn 0.0060 -1.0000 0.0054
vn 0.6523 -0.2254 0.7237
vn 0.5781 -0.5043 0.6415
vn 0.4495 -0.7411 0.4987
vn 0.3207 -0.8778 0.3558
vn 0.2240 -0.9424 0.2486
vn 0.1580 -0.9718 0.1753
vn 0.1130 -0.9856 0.1254
vn 0.0816 -0.9925 0.0906
vn 0.0590 -0.9961 0.0655
vn 0.0423 -0.9980 0.0469
vn 0.0295 -0.9990 0.0327
vn 0.0196 -0.9996 0.0217
vn 0.0117 -0.9998 0.0130
vn 0.0054 -1.0000 0.0060
vn 0.5737 -0.2254 0.7874
vn 0.5085 -0.5042 0.6980
vn 0.3954 -0.7410 0.5427
vn 0.2821 -0.8778 0.3872
vn 0.1971 -0.9423 0.2705
vn 0.1390 -0.9717 0.1908
vn 0.0994 -0.9856 0.1365
vn 0.0718 -0.9925 0.0986
vn 0.0519 -0.9961 0.0713
vn 0.0372 -0.9980 0.0510
vn 0.0260 -0.9990 0.0356
vn 0.0172 -0.9996 0.0237
vn 0.0103 -0.9998 0.0142
vn 0.0047 -1.0000 0.0065
vn 0.4888 -0.2247 0.8430
vn 0.4887 -0.2253 0.8428
vn 0.4332 -0.5040 0.7472
vn 0.3369 -0.7409 0.5810
vn 0.2404 -0.8777 0.4146
vn 0.1679 -0.9423 0.2897
vn 0.1184 -0.9717 0.2043
vn 0.0847 -0.9856 0.1461
vn 0.0612 -0.9925 0.1055
vn 0.0442 -0.9961 0.0763
vn 0.0317 -0.9980 0.0546
vn 0.0221 -0.9990 0.0382
vn 0.0147 -0.9996 0.0253
vn 0.0088 -0.9998 0.0152
vn 0.0040 -1.0000 0.0069
vn 0.3981 -0.2245 0.8895
vn 0.3981 -0.2251 0.8893
vn 0.3529 -0.5038 0.7884
vn 0.2745 -0.7407 0.6133
vn 0.1959 -0.8775 0.4377
vn 0.1369 -0.9422 0.3058
vn 0.0965 -0.9717 0.2157
vn 0.0690 -0.9856 0.1543
vn 0.0499 -0.9925 0.1114
vn 0.0361 -0.9961 0.0806
vn 0.0258 -0.9980 0.0577
vn 0.0180 -0.9990 0.0403
vn 0.0120 -0.9996 0.0267
vn 0.0072 -0.9998 0.0160
vn 0.0033 -1.0000 0.0073
vn 0.3026 -0.2250 0.9262
vn 0.2683 -0.5035 0.8213
vn 0.2087 -0.7404 0.6390
vn 0.1490 -0.8774 0.4561
vn 0.1041 -0.9421 0.3187
vn 0.0734 -0.9716 0.2248
vn 0.0525 -0.9856 0.1608
vn 0.0379 -0.9925 0.1161
vn 0.0274 -0.9961 0.0840
vn 0.0196 -0.9980 0.0601
vn 0.0137 -0.9990 0.0420
vn 0.0091 -0.9996 0.0279
vn 0.0055 -0.9998 0.0167
vn 0.0025 -1.0000 0.0076
vn 0.2035 -0.2242 0.9531
vn 0.2035 -0.2248 0.9529
vn 0.1805 -0.5032 0.8451
vn 0.1404 -0.7401 0.6577
vn 0.1003 -0.8772 0.4696
vn 0.0701 -0.9420 0.3282
vn 0.0494 -0.9716 0.2314
vn 0.0354 -0.9856 0.1656
vn 0.0255 -0.9925 0.1196
vn 0.0185 -0.9961 0.0865
vn 0.0132 -0.9980 0.0619
vn 0.0092 -0.9990 0.0432
vn 0.0061 -0.9996 0.0287
vn 0.0037 -0.9998 0.0172
vn 0.0017 -1.0000 0.0079
vn 0.1021 -0.2247 0.9691
vn 0.0906 -0.5029 0.8596
vn 0.0705 -0.7399 0.6690
vn 0.0503 -0.8770 0.4778
vn 0.0352 -0.9419 0.3339
vn 0.0248 -0.9716 0.2355
vn 0.0177 -0.9855 0.1685
vn 0.0128 -0.9925 0.1217
vn 0.0093 -0.9961 0.0880
vn 0.0066 -0.9980 0.0630
vn 0.0046 -0.9990 0.0440
vn 0.0031 -0.9996 0.0292
vn 0.0018 -0.9998 0.0175
vn 0.0008 -1.0000 0.0080
s 1
usemtl matCorOuroPolido
f 2//2 4//4 1//1
f 5//5 3//3 2//2
f 7//7 6//6 5//5
f 9//9 8//8 7//7
f 11//11 10//10 9//9
f 13//13 12//12 11//11
f 15//15 14//14 13//13
f 17//17 16//16 15//15
f 19//19 18//18 17//17
f 21//21 20//20 19//19
f 23//23 22//22 21//21
f 25//25 24//24 23//23
f 25//25 28//28 26//26
f 27//27 30//30 28//28
f 29//29 32//32 30//30
f 34//34 1//1 33//33
f 35//35 2//2 34//34
f 36//36 5//5 35//35
f 37//37 7//7 36//36
f 38//38 9//9 37//37
f 39//39 11//11 38//38
f 40//40 13//13 39//39
f 41//41 15//15 40//40
f 42//42 17//17 41//41
f 43//43 19//19 42//42
f 44//44 21//21 43//43
f 45//45 23//23 44//44
f 45//45 27//27 25//25
f 46//46 29//29 27//27
f 47//47 31//31 29//29
f 50//50 33//33 49//49
f 51//51 34//34 50//50
f 52//52 35//35 51//51
f 53//53 36//36 52//52
f 54//54 37//37 53//53
f 55//55 38//38 54//54
f 56//56 39//39 55//55
f 57//57 40//40 56//56
f 58//58 41//41 57//57
f 59//59 42//42 58//58
f 60//60 43//43 59//59
f 61//61 44//44 60//60
f 61//61 46//46 45//45
f 62//62 47//47 46//46
f 63//63 48//48 47//47
f 66//66 49//49 65//65
f 67//67 50//50 66//66
f 68//68 51//51 67//67
f 69//69 52//52 68//68
f 70//70 53//53 69//69
f 71//71 54//54 70//70
f 72//72 55//55 71//71
f 73//73 56//56 72//72
f 74//74 57//57 73//73
f 75//75 58//58 74//74
f 76//76 59//59 75//75
f 77//77 60//60 76//76
f 77//77 62//62 61//61
f 78//78 63//63 62//62
f 79//79 64//64 63//63
f 82//82 65//65 81//81
f 83//83 66//66 82//82
f 84//84 67//67 83//83
f 85//85 68//68 84//84
f 86//86 69//69 85//85
f 87//87 70//70 86//86
f 88//88 71//71 87//87
f 89//89 72//72 88//88
f 90//90 73//73 89//89
f 91//91 74//74 90//90
f 92//92 75//75 91//91
f 93//93 76//76 92//92
f 93//93 78//78 77//77
f 94//94 79//79 78//78
f 95//95 80//80 79//79
f 98//98 81//81 97//97
f 99//99 82//82 98//98
f 100//100 83//83 99//99
f 101//101 84//84 100//100
f 102//102 85//85 101//101
f 103//103 86//86 102//102
f 104//104 87//87 103//103
f 105//105 88//88 104//104
f 106//106 89//89 105//105
f 107//107 90//90 106//106
f 108//108 91//91 107//107
f 109//109 92//92 108//108
f 109//109 94//94 93//93
f 110//110 95//95 94//94
f 111//111 96//96 95//95
f 114//114 97//97 113//113
f 115//115 98//98 114//114
f 116//116 99//99 115//115
f 117//117 100//100 116//116
f 118//118 101//101 117//117
f 119//119 102//102 118//118
f 120//120 103//103 119//119
f 121//121 104//104 120//120
f 122//122 105//105 121//121
f 123//123 106//106 122//122
f 124//124 107//107 123//123
f 125//125 108//108 124//124
f 125//125 110//110 109//109
f 126//126 111//111 110//110
f 127//127 112//112 111//111
f 130//130 113//113 129//129
f 130//130 115//115 114//114
f 131//131 116//116 115//115
f 133//133 116//116 132//132
f 134//134 117//117 133//133
f 134//134 119//119 118//118
f 135//135 120//120 119//119
f 136//136 121//121 120//120
f 137//137 122//122 121//121
f 139//139 122//122 138//138
f 139//139 124//124 123//123
f 141//141 124//124 140//140
f 141//141 126//126 125//125
f 143//143 126//126 142//142
f 144//144 127//127 143//143
f 145//145 130//130 129//129
f 146//146 131//131 130//130
f 147//147 132//132 131//131
f 148//148 133//133 132//132
f 149//149 134//134 133//133
f 150//150 135//135 134//134
f 151//151 136//136 135//135
f 152//152 137//137 136//136
f 153//153 138//138 137//137
f 154//154 139//139 138//138
f 155//155 140//140 139//139
f 156//156 141//141 140//140
f 158//158 141//141 157//157
f 159//159 142//142 158//158
f 160//160 143//143 159//159
f 161//161 146//146 145//145
f 162//162 147//147 146//146
f 163//163 148//148 147//147
f 164//164 149//149 148//148
f 165//165 150//150 149//149
f 166//166 151//151 150//150
f 167//167 152//152 151//151
f 168//168 153//153 152//152
f 169//169 154//154 153//153
f 170//170 155//155 154//154
f 171//171 156//156 155//155
f 172//172 157//157 156//156
f 174//174 157//157 173//173
f 175//175 158//158 174//174
f 176//176 159//159 175//175
f 177//177 162//162 161//161
f 178//178 163//163 162//162
f 179//179 164//164 163//163
f 180//180 165//165 164//164
f 181//181 166//166 165//165
f 182//182 167//167 166//166
f 183//183 168//168 167//167
f 184//184 169//169 168//168
f 185//185 170//170 169//169
f 186//186 171//171 170//170
f 187//187 172//172 171//171
f 188//188 173//173 172//172
f 190//190 173//173 189//189
f 191//191 174//174 190//190
f 192//192 175//175 191//191
f 193//193 178//178 177//177
f 194//194 179//179 178//178
f 195//195 180//180 179//179
f 196//196 181//181 180//180
f 197//197 182//182 181//181
f 198//198 183//183 182//182
f 199//199 184//184 183//183
f 200//200 185//185 184//184
f 201//201 186//186 185//185
f 202//202 187//187 186//186
f 203//203 188//188 187//187
f 204//204 189//189 188//188
f 206//206 189//189 205//205
f 207//207 190//190 206//206
f 208//208 191//191 207//207
f 209//209 194//194 193//193
f 210//210 195//195 194//194
f 211//211 196//196 195//195
f 212//212 197//197 196//196
f 213//213 198//198 197//197
f 214//214 199//199 198//198
f 215//215 200//200 199//199
f 216//216 201//201 200//200
f 217//217 202//202 201//201
f 218//218 203//203 202//202
f 219//219 204//204 203//203
f 220//220 205//205 204//204
f 222//222 205//205 221//221
f 223//223 206//206 222//222
f 224//224 207//207 223//223
f 225//225 210//210 209//209
f 226//226 211//211 210//210
f 227//227 212//212 211//211
f 228//228 213//213 212//212
f 229//229 214//214 213//213
f 230//230 215//215 214//214
f 231//231 216//216 215//215
f 232//232 217//217 216//216
f 233//233 218//218 217//217
f 234//234 219//219 218//218
f 235//235 220//220 219//219
f 236//236 221//221 220//220
f 238//238 221//221 237//237
f 239//239 222//222 238//238
f 240//240 223//223 239//239
f 241//241 226//226 225//225
f 242//242 227//227 226//226
f 243//243 228//228 227//227
f 244//244 229//229 228//228
f 245//245 230//230 229//229
f 246//246 231//231 230//230
f 247//247 232//232 231//231
f 248//248 233//233 232//232
f 249//249 234//234 233//233
f 250//250 235//235 234//234
f 251//251 236//236 235//235
f 252//252 237//237 236//236
f 254//254 237//237 253//253
f 255//255 238//238 254//254
f 256//256 239//239 255//255
f 258//258 260//260 257//257
f 261//261 259//259 258//258
f 263//263 262//262 261//261
f 265//265 264//264 263//263
f 267//267 266//266 265//265
f 269//269 268//268 267//267
f 271//271 270//270 269//269
f 273//273 272//272 271//271
f 275//275 274//274 273//273
f 277//277 276//276 275//275
f 279//279 278//278 277//277
f 281//281 280//280 279//279
f 281//281 284//284 282//282
f 283//283 286//286 284//284
f 285//285 288//288 286//286
f 290//290 257//257 289//289
f 291//291 258//258 290//290
f 292//292 261//261 291//291
f 293//293 263//263 292//292
f 294//294 265//265 293//293
f 295//295 267//267 294//294
f 296//296 269//269 295//295
f 297//297 271//271 296//296
f 298//298 273//273 297//297
f 299//299 275//275 298//298
f 300//300 277//277 299//299
f 301//301 279//279 300//300
f 301//301 283//283 281//281
f 302//302 285//285 283//283
f 303//303 287//287 285//285
f 306//306 289//289 305//305
f 307//307 290//290 306//306
f 308//308 291//291 307//307
f 309//309 292//292 308//308
f 310//310 293//293 309//309
f 311//311 294//294 310//310
f 312//312 295//295 311//311
f 313//313 296//296 312//312
f 314//314 297//297 313//313
f 315//315 298//298 314//314
f 316//316 299//299 315//315
f 317//317 300//300 316//316
f 317//317 302//302 301//301
f 318//318 303//303 302//302
f 319//319 304//304 303//303
f 322//322 305//305 321//321
f 323//323 306//306 322//322
f 324//324 307//307 323//323
f 325//325 308//308 324//324
f 326//326 309//309 325//325
f 327//327 310//310 326//326
f 328//328 311//311 327//327
f 329//329 312//312 328//328
f 330//330 313//313 329//329
f 331//331 314//314 330//330
f 332//332 315//315 331//331
f 333//333 316//316 332//332
f 333//333 318//318 317//317
f 334//334 319//319 318//318
f 335//335 320//320 319//319
f 338//338 321//321 337//337
f 339//339 322//322 338//338
f 340//340 323//323 339//339
f 341//341 324//324 340//340
f 342//342 325//325 341//341
f 343//343 326//326 342//342
f 344//344 327//327 343//343
f 345//345 328//328 344//344
f 346//346 329//329 345//345
f 347//347 330//330 346//346
f 348//348 331//331 347//347
f 349//349 332//332 348//348
f 349//349 334//334 333//333
f 350//350 335//335 334//334
f 351//351 336//336 335//335
f 354//354 337//337 353//353
f 355//355 338//338 354//354
f 356//356 339//339 355//355
f 357//357 340//340 356//356
f 358//358 341//341 357//357
f 359//359 342//342 358//358
f 360//360 343//343 359//359
f 361//361 344//344 360//360
f 362//362 345//345 361//361
f 363//363 346//346 362//362
f 364//364 347//347 363//363
f 365//365 348//348 364//364
f 365//365 350//350 349//349
f 366//366 351//351 350//350
f 367//367 352//352 351//351
f 370//370 353//353 369//369
f 371//371 354//354 370//370
f 372//372 355//355 371//371
f 373//373 356//356 372//372
f 374//374 357//357 373//373
f 375//375 358//358 374//374
f 376//376 359//359 375//375
f 377//377 360//360 376//376
f 378//378 361//361 377//377
f 379//379 362//362 378//378
f 380//380 363//363 379//379
f 381//381 364//364 380//380
f 381//381 366//366 365//365
f 382//382 367//367 366//366
f 383//383 368//368 367//367
f 386//386 369//369 385//385
f 386//386 371//371 370//370
f 387//387 372//372 371//371
f 389//389 372//372 388//388
f 390//390 373//373 389//389
f 391//391 374//374 390//390
f 391//391 376//376 375//375
f 393//393 376//376 392//392
f 393//393 378//378 377//377
f 394//394 379//379 378//378
f 396//396 379//379 395//395
f 396//396 381//381 380//380
f 397//397 382//382 381//381
f 399//399 382//382 398//398
f 399//399 384//384 383//383
f 401//401 386//386 385//385
f 402//402 387//387 386//386
f 403//403 388//388 387//387
f 404//404 389//389 388//388
f 405//405 390//390 389//389
f 406//406 391//391 390//390
f 407//407 392//392 391//391
f 408//408 393//393 392//392
f 409//409 394//394 393//393
f 410//410 395//395 394//394
f 411//411 396//396 395//395
f 412//412 397//397 396//396
f 414//414 397//397 413//413
f 415//415 398//398 414//414
f 416//416 399//399 415//415
f 417//417 402//402 401//401
f 418//418 403//403 402//402
f 419//419 404//404 403//403
f 420//420 405//405 404//404
f 421//421 406//406 405//405
f 422//422 407//407 406//406
f 423//423 408//408 407//407
f 424//424 409//409 408//408
f 425//425 410//410 409//409
f 426//426 411//411 410//410
f 427//427 412//412 411//411
f 428//428 413//413 412//412
f 430//430 413//413 429//429
f 431//431 414//414 430//430
f 432//432 415//415 431//431
f 433//433 418//418 417//417
f 434//434 419//419 418//418
f 435//435 420//420 419//419
f 436//436 421//421 420//420
f 437//437 422//422 421//421
f 438//438 423//423 422//422
f 439//439 424//424 423//423
f 440//440 425//425 424//424
f 441//441 426//426 425//425
f 442//442 427//427 426//426
f 443//443 428//428 427//427
f 444//444 429//429 428//428
f 446//446 429//429 445//445
f 447//447 430//430 446//446
f 448//448 431//431 447//447
f 449//449 434//434 433//433
f 450//450 435//435 434//434
f 451//451 436//436 435//435
f 452//452 437//437 436//436
f 453//453 438//438 437//437
f 454//454 439//439 438//438
f 455//455 440//440 439//439
f 456//456 441//441 440//440
f 457//457 442//442 441//441
f 458//458 443//443 442//442
f 459//459 444//444 443//443
f 460//460 445//445 444//444
f 462//462 445//445 461//461
f 463//463 446//446 462//462
f 464//464 447//447 463//463
f 465//465 450//450 449//449
f 466//466 451//451 450//450
f 467//467 452//452 451//451
f 468//468 453//453 452//452
f 469//469 454//454 453//453
f 470//470 455//455 454//454
f 471//471 456//456 455//455
f 472//472 457//457 456//456
f 473//473 458//458 457//457
f 474//474 459//459 458//458
f 475//475 460//460 459//459
f 476//476 461//461 460//460
f 478//478 461//461 477//477
f 479//479 462//462 478//478
f 480//480 463//463 479//479
f 481//481 466//466 465//465
f 482//482 467//467 466//466
f 483//483 468//468 467//467
f 484//484 469//469 468//468
f 485//485 470//470 469//469
f 486//486 471//471 470//470
f 487//487 472//472 471//471
f 488//488 473//473 472//472
f 489//489 474//474 473//473
f 490//490 475//475 474//474
f 491//491 476//476 475//475
f 492//492 477//477 476//476
f 494//494 477//477 493//493
f 495//495 478//478 494//494
f 496//496 479//479 495//495
f 4//4 482//482 481//481
f 3//3 483//483 482//482
f 6//6 484//484 483//483
f 8//8 485//485 484//484
f 10//10 486//486 485//485
f 12//12 487//487 486//486
f 14//14 488//488 487//487
f 16//16 489//489 488//488
f 18//18 490//490 489//489
f 20//20 491//491 490//490
f 22//22 492//492 491//491
f 24//24 493//493 492//492
f 28//28 493//493 26//26
f 30//30 494//494 28//28
f 32//32 495//495 30//30
f 498//498 500//500 497//497
f 501//501 499//499 498//498
f 503//503 502//502 501//501
f 505//505 504//504 503//503
f 507//507 506//506 505//505
f 509//509 508//508 507//507
f 511//511 510//510 509//509
f 513//513 512//512 511//511
f 515//515 514//514 513//513
f 517//517 516//516 515//515
f 519//519 518//518 517//517
f 521//521 520//520 519//519
f 521//521 524//524 522//522
f 523//523 526//526 524//524
f 525//525 528//528 526//526
f 530//530 497//497 529//529
f 531//531 498//498 530//530
f 532//532 501//501 531//531
f 533//533 503//503 532//532
f 534//534 505//505 533//533
f 535//535 507//507 534//534
f 536//536 509//509 535//535
f 537//537 511//511 536//536
f 538//538 513//513 537//537
f 539//539 515//515 538//538
f 540//540 517//517 539//539
f 541//541 519//519 540//540
f 541//541 523//523 521//521
f 542//542 525//525 523//523
f 543//543 527//527 525//525
f 546//546 529//529 545//545
f 547//547 530//530 546//546
f 548//548 531//531 547//547
f 549//549 532//532 548//548
f 550//550 533//533 549//549
f 551//551 534//534 550//550
f 552//552 535//535 551//551
f 553//553 536//536 552//552
f 554//554 537//537 553//553
f 555//555 538//538 554//554
f 556//556 539//539 555//555
f 557//557 540//540 556//556
f 557//557 542//542 541//541
f 558//558 543//543 542//542
f 559//559 544//544 543//543
f 562//562 545//545 561//561
f 563//563 546//546 562//562
f 564//564 547//547 563//563
f 565//565 548//548 564//564
f 566//566 549//549 565//565
f 567//567 550//550 566//566
f 568//568 551//551 567//567
f 569//569 552//552 568//568
f 570//570 553//553 569//569
f 571//571 554//554 570//570
f 572//572 555//555 571//571
f 573//573 556//556 572//572
f 573//573 558//558 557//557
f 574//574 559//559 558//558
f 575//575 560//560 559//559
f 578//578 561//561 577//577
f 579//579 562//562 578//578
f 580//580 563//563 579//579
f 581//581 564//564 580//580
f 582//582 565//565 581//581
f 583//583 566//566 582//582
f 584//584 567//567 583//583
f 585//585 568//568 584//584
f 586//586 569//569 585//585
f 587//587 570//570 586//586
f 588//588 571//571 587//587
f 589//589 572//572 588//588
f 589//589 574//574 573//573
f 590//590 575//575 574//574
f 591//591 576//576 575//575
f 594//594 577//577 593//593
f 595//595 578//578 594//594
f 596//596 579//579 595//595
f 597//597 580//580 596//596
f 598//598 581//581 597//597
f 599//599 582//582 598//598
f 600//600 583//583 599//599
f 601//601 584//584 600//600
f 602//602 585//585 601//601
f 603//603 586//586 602//602
f 604//604 587//587 603//603
f 605//605 588//588 604//604
f 605//605 590//590 589//589
f 606//606 591//591 590//590
f 607//607 592//592 591//591
f 610//610 593//593 609//609
f 611//611 594//594 610//610
f 612//612 595//595 611//611
f 613//613 596//596 612//612
f 614//614 597//597 613//613
f 615//615 598//598 614//614
f 616//616 599//599 615//615
f 617//617 600//600 616//616
f 618//618 601//601 617//617
f 619//619 602//602 618//618
f 620//620 603//603 619//619
f 621//621 604//604 620//620
f 621//621 606//606 605//605
f 622//622 607//607 606//606
f 623//623 608//608 607//607
f 625//625 610//610 609//609
f 626//626 611//611 610//610
f 627//627 612//612 611//611
f 629//629 612//612 628//628
f 630//630 613//613 629//629
f 630//630 615//615 614//614
f 631//631 616//616 615//615
f 632//632 617//617 616//616
f 634//634 617//617 633//633
f 634//634 619//619 618//618
f 635//635 620//620 619//619
f 636//636 621//621 620//620
f 638//638 621//621 637//637
f 638//638 623//623 622//622
f 640//640 623//623 639//639
f 641//641 626//626 625//625
f 642//642 627//627 626//626
f 643//643 628//628 627//627
f 644//644 629//629 628//628
f 645//645 630//630 629//629
f 646//646 631//631 630//630
f 647//647 632//632 631//631
f 648//648 633//633 632//632
f 649//649 634//634 633//633
f 650//650 635//635 634//634
f 651//651 636//636 635//635
f 652//652 637//637 636//636
f 654//654 637//637 653//653
f 655//655 638//638 654//654
f 656//656 639//639 655//655
f 657//657 642//642 641//641
f 658//658 643//643 642//642
f 659//659 644//644 643//643
f 660//660 645//645 644//644
f 661//661 646//646 645//645
f 662//662 647//647 646//646
f 663//663 648//648 647//647
f 664//664 649//649 648//648
f 665//665 650//650 649//649
f 666//666 651//651 650//650
f 667//667 652//652 651//651
f 668//668 653//653 652//652
f 670//670 653//653 669//669
f 671//671 654//654 670//670
f 672//672 655//655 671//671
f 673//673 658//658 657//657
f 674//674 659//659 658//658
f 675//675 660//660 659//659
f 676//676 661//661 660//660
f 677//677 662//662 661//661
f 678//678 663//663 662//662
f 679//679 664//664 663//663
f 680//680 665//665 664//664
f 681//681 666//666 665//665
f 682//682 667//667 666//666
f 683//683 668//668 667//667
f 684//684 669//669 668//668
f 686//686 669//669 685//685
f 687//687 670//670 686//686
f 688//688 671//671 687//687
f 689//689 674//674 673//673
f 690//690 675//675 674//674
f 691//691 676//676 675//675
f 692//692 677//677 676//676
f 693//693 678//678 677//677
f 694//694 679//679 678//678
f 695//695 680//680 679//679
f 696//696 681//681 680//680
f 697//697 682//682 681//681
f 698//698 683//683 682//682
f 699//699 684//684 683//683
f 700//700 685//685 684//684
f 702//702 685//685 701//701
f 703//703 686//686 702//702
f 704//704 687//687 703//703
f 705//705 690//690 689//689
f 706//706 691//691 690//690
f 707//707 692//692 691//691
f 708//708 693//693 692//692
f 709//709 694//694 693//693
f 710//710 695//695 694//694
f 711//711 696//696 695//695
f 712//712 697//697 696//696
f 713//713 698//698 697//697
f 714//714 699//699 698//698
f 715//715 700//700 699//699
f 716//716 701//701 700//700
f 718//718 701//701 717//717
f 719//719 702//702 718//718
f 720//720 703//703 719//719
f 721//721 706//706 705//705
f 722//722 707//707 706//706
f 723//723 708//708 707//707
f 724//724 709//709 708//708
f 725//725 710//710 709//709
f 726//726 711//711 710//710
f 727//727 712//712 711//711
f 728//728 713//713 712//712
f 729//729 714//714 713//713
f 730//730 715//715 714//714
f 731//731 716//716 715//715
f 732//732 717//717 716//716
f 734//734 717//717 733//733
f 735//735 718//718 734//734
f 736//736 719//719 735//735
f 260//260 722//722 721//721
f 259//259 723//723 722//722
f 262//262 724//724 723//723
f 264//264 725//725 724//724
f 266//266 726//726 725//725
f 268//268 727//727 726//726
f 270//270 728//728 727//727
f 272//272 729//729 728//728
f 274//274 730//730 729//729
f 276//276 731//731 730//730
f 278//278 732//732 731//731
f 280//280 733//733 732//732
f 284//284 733//733 282//282
f 286//286 734//734 284//284
f 288//288 735//735 286//286
f 738//738 241//241 737//737
f 739//739 242//242 738//738
f 740//740 243//243 739//739
f 741//741 244//244 740//740
f 742//742 245//245 741//741
f 743//743 246//246 742//742
f 744//744 247//247 743//743
f 745//745 248//248 744//744
f 746//746 249//249 745//745
f 747//747 250//250 746//746
f 748//748 251//251 747//747
f 749//749 252//252 748//748
f 749//749 254//254 253//253
f 750//750 255//255 254//254
f 751//751 256//256 255//255
f 754//754 737//737 753//753
f 755//755 738//738 754//754
f 756//756 739//739 755//755
f 757//757 740//740 756//756
f 758//758 741//741 757//757
f 759//759 742//742 758//758
f 760//760 743//743 759//759
f 761//761 744//744 760//760
f 762//762 745//745 761//761
f 763//763 746//746 762//762
f 764//764 747//747 763//763
f 765//765 748//748 764//764
f 765//765 750//750 749//749
f 766//766 751//751 750//750
f 767//767 752//752 751//751
f 770//770 753//753 769//769
f 771//771 754//754 770//770
f 772//772 755//755 771//771
f 773//773 756//756 772//772
f 774//774 757//757 773//773
f 775//775 758//758 774//774
f 776//776 759//759 775//775
f 777//777 760//760 776//776
f 778//778 761//761 777//777
f 779//779 762//762 778//778
f 780//780 763//763 779//779
f 781//781 764//764 780//780
f 781//781 766//766 765//765
f 782//782 767//767 766//766
f 783//783 768//768 767//767
f 786//786 769//769 785//785
f 787//787 770//770 786//786
f 788//788 771//771 787//787
f 789//789 772//772 788//788
f 790//790 773//773 789//789
f 791//791 774//774 790//790
f 792//792 775//775 791//791
f 793//793 776//776 792//792
f 794//794 777//777 793//793
f 795//795 778//778 794//794
f 796//796 779//779 795//795
f 797//797 780//780 796//796
f 797//797 782//782 781//781
f 798//798 783//783 782//782
f 799//799 784//784 783//783
f 802//802 785//785 801//801
f 803//803 786//786 802//802
f 804//804 787//787 803//803
f 805//805 788//788 804//804
f 806//806 789//789 805//805
f 807//807 790//790 806//806
f 808//808 791//791 807//807
f 809//809 792//792 808//808
f 810//810 793//793 809//809
f 811//811 794//794 810//810
f 812//812 795//795 811//811
f 813//813 796//796 812//812
f 813//813 798//798 797//797
f 814//814 799//799 798//798
f 815//815 800//800 799//799
f 818//818 801//801 817//817
f 819//819 802//802 818//818
f 820//820 803//803 819//819
f 821//821 804//804 820//820
f 822//822 805//805 821//821
f 823//823 806//806 822//822
f 824//824 807//807 823//823
f 825//825 808//808 824//824
f 826//826 809//809 825//825
f 827//827 810//810 826//826
f 828//828 811//811 827//827
f 829//829 812//812 828//828
f 829//829 814//814 813//813
f 830//830 815//815 814//814
f 831//831 816//816 815//815
f 834//834 817//817 833//833
f 835//835 818//818 834//834
f 836//836 819//819 835//835
f 837//837 820//820 836//836
f 838//838 821//821 837//837
f 839//839 822//822 838//838
f 840//840 823//823 839//839
f 841//841 824//824 840//840
f 842//842 825//825 841//841
f 843//843 826//826 842//842
f 844//844 827//827 843//843
f 845//845 828//828 844//844
f 845//845 830//830 829//829
f 846//846 831//831 830//830
f 847//847 832//832 831//831
f 849//849 834//834 833//833
f 850//850 835//835 834//834
f 851//851 836//836 835//835
f 853//853 836//836 852//852
f 854//854 837//837 853//853
f 854//854 839//839 838//838
f 856//856 839//839 855//855
f 856//856 841//841 840//840
f 857//857 842//842 841//841
f 859//859 842//842 858//858
f 860//860 843//843 859//859
f 860//860 845//845 844//844
f 861//861 846//846 845//845
f 863//863 846//846 862//862
f 863//863 848//848 847//847
f 865//865 850//850 849//849
f 866//866 851//851 850//850
f 867//867 852//852 851//851
f 868//868 853//853 852//852
f 869//869 854//854 853//853
f 870//870 855//855 854//854
f 871//871 856//856 855//855
f 872//872 857//857 856//856
f 873//873 858//858 857//857
f 874//874 859//859 858//858
f 875//875 860//860 859//859
f 876//876 861//861 860//860
f 878//878 861//861 877//877
f 879//879 862//862 878//878
f 880//880 863//863 879//879
f 881//881 866//866 865//865
f 882//882 867//867 866//866
f 883//883 868//868 867//867
f 884//884 869//869 868//868
f 885//885 870//870 869//869
f 886//886 871//871 870//870
f 887//887 872//872 871//871
f 888//888 873//873 872//872
f 889//889 874//874 873//873
f 890//890 875//875 874//874
f 891//891 876//876 875//875
f 892//892 877//877 876//876
f 894//894 877//877 893//893
f 895//895 878//878 894//894
f 896//896 879//879 895//895
f 897//897 882//882 881//881
f 898//898 883//883 882//882
f 899//899 884//884 883//883
f 900//900 885//885 884//884
f 901//901 886//886 885//885
f 902//902 887//887 886//886
f 903//903 888//888 887//887
f 904//904 889//889 888//888
f 905//905 890//890 889//889
f 906//906 891//891 890//890
f 907//907 892//892 891//891
f 908//908 893//893 892//892
f 910//910 893//893 909//909
f 911//911 894//894 910//910
f 912//912 895//895 911//911
f 913//913 898//898 897//897
f 914//914 899//899 898//898
f 915//915 900//900 899//899
f 916//916 901//901 900//900
f 917//917 902//902 901//901
f 918//918 903//903 902//902
f 919//919 904//904 903//903
f 920//920 905//905 904//904
f 921//921 906//906 905//905
f 922//922 907//907 906//906
f 923//923 908//908 907//907
f 924//924 909//909 908//908
f 926//926 909//909 925//925
f 927//927 910//910 926//926
f 928//928 911//911 927//927
f 929//929 914//914 913//913
f 930//930 915//915 914//914
f 931//931 916//916 915//915
f 932//932 917//917 916//916
f 933//933 918//918 917//917
f 934//934 919//919 918//918
f 935//935 920//920 919//919
f 936//936 921//921 920//920
f 937//937 922//922 921//921
f 938//938 923//923 922//922
f 939//939 924//924 923//923
f 940//940 925//925 924//924
f 942//942 925//925 941//941
f 943//943 926//926 942//942
f 944//944 927//927 943//943
f 945//945 930//930 929//929
f 946//946 931//931 930//930
f 947//947 932//932 931//931
f 948//948 933//933 932//932
f 949//949 934//934 933//933
f 950//950 935//935 934//934
f 951//951 936//936 935//935
f 952//952 937//937 936//936
f 953//953 938//938 937//937
f 954//954 939//939 938//938
f 955//955 940//940 939//939
f 956//956 941//941 940//940
f 958//958 941//941 957//957
f 959//959 942//942 958//958
f 960//960 943//943 959//959
f 500//500 946//946 945//945
f 499//499 947//947 946//946
f 502//502 948//948 947//947
f 504//504 949//949 948//948
f 506//506 950//950 949//949
f 508//508 951//951 950//950
f 510//510 952//952 951//951
f 512//512 953//953 952//952
f 514//514 954//954 953//953
f 516//516 955//955 954//954
f 518//518 956//956 955//955
f 520//520 957//957 956//956
f 524//524 957//957 522//522
f 526//526 958//958 524//524
f 528//528 959//959 526//526
f 962//962 964//964 961//961
f 965//965 963//963 962//962
f 967//967 966//966 965//965
f 969//969 968//968 967//967
f 971//971 970//970 969//969
f 973//973 972//972 971//971
f 975//975 974//974 973//973
f 977//977 976//976 975//975
f 979//979 978//978 977//977
f 981//981 980//980 979//979
f 983//983 982//982 981//981
f 985//985 984//984 983//983
f 987//987 986//986 985//985
f 989//989 988//988 987//987
f 1//1 990//990 989//989
f 992//992 961//961 991//991
f 993//993 962//962 992//992
f 994//994 965//965 993//993
f 995//995 967//967 994//994
f 996//996 969//969 995//995
f 997//997 971//971 996//996
f 998//998 973//973 997//997
f 999//999 975//975 998//998
f 1000//1000 977//977 999//999
f 1001//1001 979//979 1000//1000
f 1002//1002 981//981 1001//1001
f 1003//1003 983//983 1002//1002
f 1004//1004 985//985 1003//1003
f 1005//1005 987//987 1004//1004
f 33//33 989//989 1005//1005
f 1007//1007 991//991 1006//1006
f 1008//1008 992//992 1007//1007
f 1009//1009 993//993 1008//1008
f 1010//1010 994//994 1009//1009
f 1011//1011 995//995 1010//1010
f 1012//1012 996//996 1011//1011
f 1013//1013 997//997 1012//1012
f 1014//1014 998//998 1013//1013
f 1015//1015 999//999 1014//1014
f 1016//1016 1000//1000 1015//1015
f 1017//1017 1001//1001 1016//1016
f 1018//1018 1002//1002 1017//1017
f 1019//1019 1003//1003 1018//1018
f 1020//1020 1004//1004 1019//1019
f 49//49 1005//1005 1020//1020
f 1022//1022 1006//1006 1021//1021
f 1023//1023 1007//1007 1022//1022
f 1024//1024 1008//1008 1023//1023
f 1025//1025 1009//1009 1024//1024
f 1026//1026 1010//1010 1025//1025
f 1027//1027 1011//1011 1026//1026
f 1028//1028 1012//1012 1027//1027
f 1029//1029 1013//1013 1028//1028
f 1030//1030 1014//1014 1029//1029
f 1031//1031 1015//1015 1030//1030
f 1032//1032 1016//1016 1031//1031
f 1033//1033 1017//1017 1032//1032
f 1034//1034 1018//1018 1033//1033
f 1035//1035 1019//1019 1034//1034
f 65//65 1020//1020 1035//1035
f 1037//1037 1021//1021 1036//1036
f 1038//1038 1022//1022 1037//1037
f 1039//1039 1023//1023 1038//1038
f 1040//1040 1024//1024 1039//1039
f 1041//1041 1025//1025 1040//1040
f 1042//1042 1026//1026 1041//1041
f 1043//1043 1027//1027 1042//1042
f 1044//1044 1028//1028 1043//1043
f 1045//1045 1029//1029 1044//1044
f 1046//1046 1030//1030 1045//1045
f 1047//1047 1031//1031 1046//1046
f 1048//1048 1032//1032 1047//1047
f 1049//1049 1033//1033 1048//1048
f 1050//1050 1034//1034 1049//1049
f 81//81 1035//1035 1050//1050
f 1052//1052 1036//1036 1051//1051
f 1053//1053 1037//1037 1052//1052
f 1054//1054 1038//1038 1053//1053
f 1055//1055 1039//1039 1054//1054
f 1056//1056 1040//1040 1055//1055
f 1057//1057 1041//1041 1056//1056
f 1058//1058 1042//1042 1057//1057
f 1059//1059 1043//1043 1058//1058
f 1060//1060 1044//1044 1059//1059
f 1061//1061 1045//1045 1060//1060
f 1062//1062 1046//1046 1061//1061
f 1063//1063 1047//1047 1062//1062
f 1064//1064 1048//1048 1063//1063
f 1065//1065 1049//1049 1064//1064
f 97//97 1050//1050 1065//1065
f 1067//1067 1051//1051 1066//1066
f 1068//1068 1052//1052 1067//1067
f 1069//1069 1053//1053 1068//1068
f 1070//1070 1054//1054 1069//1069
f 1071//1071 1055//1055 1070//1070
f 1072//1072 1056//1056 1071//1071
f 1073//1073 1057//1057 1072//1072
f 1074//1074 1058//1058 1073//1073
f 1075//1075 1059//1059 1074//1074
f 1076//1076 1060//1060 1075//1075
f 1077//1077 1061//1061 1076//1076
f 1078//1078 1062//1062 1077//1077
f 1079//1079 1063//1063 1078//1078
f 1080//1080 1064//1064 1079//1079
f 113//113 1065//1065 1080//1080
f 1081//1081 1067//1067 1066//1066
f 1082//1082 1068//1068 1067//1067
f 1084//1084 1068//1068 1083//1083
f 1085//1085 1069//1069 1084//1084
f 1085//1085 1071//1071 1070//1070
f 1087//1087 1071//1071 1086//1086
f 1087//1087 1073//1073 1072//1072
f 1089//1089 1073//1073 1088//1088
f 1090//1090 1074//1074 1089//1089
f 1091//1091 1075//1075 1090//1090
f 1091//1091 1077//1077 1076//1076
f 1092//1092 1078//1078 1077//1077
f 1094//1094 1078//1078 1093//1093
f 1094//1094 1080//1080 1079//1079
f 1095//1095 113//113 1080//1080
f 1096//1096 1082//1082 1081//1081
f 1097//1097 1083//1083 1082//1082
f 1098//1098 1084//1084 1083//1083
f 1099//1099 1085//1085 1084//1084
f 1100//1100 1086//1086 1085//1085
f 1101//1101 1087//1087 1086//1086
f 1102//1102 1088//1088 1087//1087
f 1103//1103 1089//1089 1088//1088
f 1104//1104 1090//1090 1089//1089
f 1105//1105 1091//1091 1090//1090
f 1106//1106 1092//1092 1091//1091
f 1107//1107 1093//1093 1092//1092
f 1108//1108 1094//1094 1093//1093
f 1109//1109 1095//1095 1094//1094
f 1110//1110 129//129 1095//1095
f 1111//1111 1097//1097 1096//1096
f 1112//1112 1098//1098 1097//1097
f 1113//1113 1099//1099 1098//1098
f 1114//1114 1100//1100 1099//1099
f 1115//1115 1101//1101 1100//1100
f 1116//1116 1102//1102 1101//1101
f 1117//1117 1103//1103 1102//1102
f 1118//1118 1104//1104 1103//1103
f 1119//1119 1105//1105 1104//1104
f 1120//1120 1106//1106 1105//1105
f 1121//1121 1107//1107 1106//1106
f 1122//1122 1108//1108 1107//1107
f 1123//1123 1109//1109 1108//1108
f 1124//1124 1110//1110 1109//1109
f 1125//1125 145//145 1110//1110
f 1126//1126 1112//1112 1111//1111
f 1127//1127 1113//1113 1112//1112
f 1128//1128 1114//1114 1113//1113
f 1129//1129 1115//1115 1114//1114
f 1130//1130 1116//1116 1115//1115
f 1131//1131 1117//1117 1116//1116
f 1132//1132 1118//1118 1117//1117
f 1133//1133 1119//1119 1118//1118
f 1134//1134 1120//1120 1119//1119
f 1135//1135 1121//1121 1120//1120
f 1136//1136 1122//1122 1121//1121
f 1137//1137 1123//1123 1122//1122
f 1138//1138 1124//1124 1123//1123
f 1139//1139 1125//1125 1124//1124
f 1140//1140 161//161 1125//1125
f 1141//1141 1127//1127 1126//1126
f 1142//1142 1128//1128 1127//1127
f 1143//1143 1129//1129 1128//1128
f 1144//1144 1130//1130 1129//1129
f 1145//1145 1131//1131 1130//1130
f 1146//1146 1132//1132 1131//1131
f 1147//1147 1133//1133 1132//1132
f 1148//1148 1134//1134 1133//1133
f 1149//1149 1135//1135 1134//1134
f 1150//1150 1136//1136 1135//1135
f 1151//1151 1137//1137 1136//1136
f 1152//1152 1138//1138 1137//1137
f 1153//1153 1139//1139 1138//1138
f 1154//1154 1140//1140 1139//1139
f 1155//1155 177//177 1140//1140
f 1156//1156 1142//1142 1141//1141
f 1157//1157 1143//1143 1142//1142
f 1158//1158 1144//1144 1143//1143
f 1159//1159 1145//1145 1144//1144
f 1160//1160 1146//1146 1145//1145
f 1161//1161 1147//1147 1146//1146
f 1162//1162 1148//1148 1147//1147
f 1163//1163 1149//1149 1148//1148
f 1164//1164 1150//1150 1149//1149
f 1165//1165 1151//1151 1150//1150
f 1166//1166 1152//1152 1151//1151
f 1167//1167 1153//1153 1152//1152
f 1168//1168 1154//1154 1153//1153
f 1169//1169 1155//1155 1154//1154
f 1170//1170 193//193 1155//1155
f 1171//1171 1157//1157 1156//1156
f 1172//1172 1158//1158 1157//1157
f 1173//1173 1159//1159 1158//1158
f 1174//1174 1160//1160 1159//1159
f 1175//1175 1161//1161 1160//1160
f 1176//1176 1162//1162 1161//1161
f 1177//1177 1163//1163 1162//1162
f 1178//1178 1164//1164 1163//1163
f 1179//1179 1165//1165 1164//1164
f 1180//1180 1166//1166 1165//1165
f 1181//1181 1167//1167 1166//1166
f 1182//1182 1168//1168 1167//1167
f 1183//1183 1169//1169 1168//1168
f 1184//1184 1170//1170 1169//1169
f 1185//1185 209//209 1170//1170
f 1186//1186 1172//1172 1171//1171
f 1187//1187 1173//1173 1172//1172
f 1188//1188 1174//1174 1173//1173
f 1189//1189 1175//1175 1174//1174
f 1190//1190 1176//1176 1175//1175
f 1191//1191 1177//1177 1176//1176
f 1192//1192 1178//1178 1177//1177
f 1193//1193 1179//1179 1178//1178
f 1194//1194 1180//1180 1179//1179
f 1195//1195 1181//1181 1180//1180
f 1196//1196 1182//1182 1181//1181
f 1197//1197 1183//1183 1182//1182
f 1198//1198 1184//1184 1183//1183
f 1199//1199 1185//1185 1184//1184
f 1200//1200 225//225 1185//1185
f 1202//1202 1204//1204 1201//1201
f 1205//1205 1203//1203 1202//1202
f 1207//1207 1206//1206 1205//1205
f 1209//1209 1208//1208 1207//1207
f 1211//1211 1210//1210 1209//1209
f 1213//1213 1212//1212 1211//1211
f 1215//1215 1214//1214 1213//1213
f 1217//1217 1216//1216 1215//1215
f 1219//1219 1218//1218 1217//1217
f 1221//1221 1220//1220 1219//1219
f 1223//1223 1222//1222 1221//1221
f 1225//1225 1224//1224 1223//1223
f 1227//1227 1226//1226 1225//1225
f 1229//1229 1228//1228 1227//1227
f 257//257 1230//1230 1229//1229
f 1232//1232 1201//1201 1231//1231
f 1233//1233 1202//1202 1232//1232
f 1234//1234 1205//1205 1233//1233
f 1235//1235 1207//1207 1234//1234
f 1236//1236 1209//1209 1235//1235
f 1237//1237 1211//1211 1236//1236
f 1238//1238 1213//1213 1237//1237
f 1239//1239 1215//1215 1238//1238
f 1240//1240 1217//1217 1239//1239
f 1241//1241 1219//1219 1240//1240
f 1242//1242 1221//1221 1241//1241
f 1243//1243 1223//1223 1242//1242
f 1244//1244 1225//1225 1243//1243
f 1245//1245 1227//1227 1244//1244
f 289//289 1229//1229 1245//1245
f 1247//1247 1231//1231 1246//1246
f 1248//1248 1232//1232 1247//1247
f 1249//1249 1233//1233 1248//1248
f 1250//1250 1234//1234 1249//1249
f 1251//1251 1235//1235 1250//1250
f 1252//1252 1236//1236 1251//1251
f 1253//1253 1237//1237 1252//1252
f 1254//1254 1238//1238 1253//1253
f 1255//1255 1239//1239 1254//1254
f 1256//1256 1240//1240 1255//1255
f 1257//1257 1241//1241 1256//1256
f 1258//1258 1242//1242 1257//1257
f 1259//1259 1243//1243 1258//1258
f 1260//1260 1244//1244 1259//1259
f 305//305 1245//1245 1260//1260
f 1262//1262 1246//1246 1261//1261
f 1263//1263 1247//1247 1262//1262
f 1264//1264 1248//1248 1263//1263
f 1265//1265 1249//1249 1264//1264
f 1266//1266 1250//1250 1265//1265
f 1267//1267 1251//1251 1266//1266
f 1268//1268 1252//1252 1267//1267
f 1269//1269 1253//1253 1268//1268
f 1270//1270 1254//1254 1269//1269
f 1271//1271 1255//1255 1270//1270
f 1272//1272 1256//1256 1271//1271
f 1273//1273 1257//1257 1272//1272
f 1274//1274 1258//1258 1273//1273
f 1275//1275 1259//1259 1274//1274
f 321//321 1260//1260 1275//1275
f 1277//1277 1261//1261 1276//1276
f 1278//1278 1262//1262 1277//1277
f 1279//1279 1263//1263 1278//1278
f 1280//1280 1264//1264 1279//1279
f 1281//1281 1265//1265 1280//1280
f 1282//1282 1266//1266 1281//1281
f 1283//1283 1267//1267 1282//1282
f 1284//1284 1268//1268 1283//1283
f 1285//1285 1269//1269 1284//1284
f 1286//1286 1270//1270 1285//1285
f 1287//1287 1271//1271 1286//1286
f 1288//1288 1272//1272 1287//1287
f 1289//1289 1273//1273 1288//1288
f 1290//1290 1274//1274 1289//1289
f 337//337 1275//1275 1290//1290
f 1292//1292 1276//1276 1291//1291
f 1293//1293 1277//1277 1292//1292
f 1294//1294 1278//1278 1293//1293
f 1295//1295 1279//1279 1294//1294
f 1296//1296 1280//1280 1295//1295
f 1297//1297 1281//1281 1296//1296
f 1298//1298 1282//1282 1297//1297
f 1299//1299 1283//1283 1298//1298
f 1300//1300 1284//1284 1299//1299
f 1301//1301 1285//1285 1300//1300
f 1302//1302 1286//1286 1301//1301
f 1303//1303 1287//1287 1302//1302
f 1304//1304 1288//1288 1303//1303
f 1305//1305 1289//1289 1304//1304
f 353//353 1290//1290 1305//1305
f 1307//1307 1291//1291 1306//1306
f 1308//1308 1292//1292 1307//1307
f 1309//1309 1293//1293 1308//1308
f 1310//1310 1294//1294 1309//1309
f 1311//1311 1295//1295 1310//1310
f 1312//1312 1296//1296 1311//1311
f 1313//1313 1297//1297 1312//1312
f 1314//1314 1298//1298 1313//1313
f 1315//1315 1299//1299 1314//1314
f 1316//1316 1300//1300 1315//1315
f 1317//1317 1301//1301 1316//1316
f 1318//1318 1302//1302 1317//1317
f 1319//1319 1303//1303 1318//1318
f 1320//1320 1304//1304 1319//1319
f 369//369 1305//1305 1320//1320
f 1322//1322 1306//1306 1321//1321
f 1322//1322 1308//1308 1307//1307
f 1323//1323 1309//1309 1308//1308
f 1325//1325 1309//1309 1324//1324
f 1325//1325 1311//1311 1310//1310
f 1327//1327 1311//1311 1326//1326
f 1327//1327 1313//1313 1312//1312
f 1329//1329 1313//1313 1328//1328
f 1329//1329 1315//1315 1314//1314
f 1331//1331 1315//1315 1330//1330
f 1331//1331 1317//1317 1316//1316
f 1333//1333 1317//1317 1332//1332
f 1334//1334 1318//1318 1333//1333
f 1335//1335 1319//1319 1334//1334
f 1335//1335 369//369 1320//1320
f 1336//1336 1322//1322 1321//1321
f 1337//1337 1323//1323 1322//1322
f 1338//1338 1324//1324 1323//1323
f 1339//1339 1325//1325 1324//1324
f 1340//1340 1326//1326 1325//1325
f 1341//1341 1327//1327 1326//1326
f 1342//1342 1328//1328 1327//1327
f 1343//1343 1329//1329 1328//1328
f 1344//1344 1330//1330 1329//1329
f 1345//1345 1331//1331 1330//1330
f 1346//1346 1332//1332 1331//1331
f 1347//1347 1333//1333 1332//1332
f 1348//1348 1334//1334 1333//1333
f 1349//1349 1335//1335 1334//1334
f 1350//1350 385//385 1335//1335
f 1351//1351 1337//1337 1336//1336
f 1352//1352 1338//1338 1337//1337
f 1353//1353 1339//1339 1338//1338
f 1354//1354 1340//1340 1339//1339
f 1355//1355 1341//1341 1340//1340
f 1356//1356 1342//1342 1341//1341
f 1357//1357 1343//1343 1342//1342
f 1358//1358 1344//1344 1343//1343
f 1359//1359 1345//1345 1344//1344
f 1360//1360 1346//1346 1345//1345
f 1361//1361 1347//1347 1346//1346
f 1362//1362 1348//1348 1347//1347
f 1363//1363 1349//1349 1348//1348
f 1364//1364 1350//1350 1349//1349
f 1365//1365 401//401 1350//1350
f 1366//1366 1352//1352 1351//1351
f 1367//1367 1353//1353 1352//1352
f 1368//1368 1354//1354 1353//1353
f 1369//1369 1355//1355 1354//1354
f 1370//1370 1356//1356 1355//1355
f 1371//1371 1357//1357 1356//1356
f 1372//1372 1358//1358 1357//1357
f 1373//1373 1359//1359 1358//1358
f 1374//1374 1360//1360 1359//1359
f 1375//1375 1361//1361 1360//1360
f 1376//1376 1362//1362 1361//1361
f 1377//1377 1363//1363 1362//1362
f 1378//1378 1364//1364 1363//1363
f 1379//1379 1365//1365 1364//1364
f 1380//1380 417//417 1365//1365
f 1381//1381 1367//1367 1366//1366
f 1382//1382 1368//1368 1367//1367
f 1383//1383 1369//1369 1368//1368
f 1384//1384 1370//1370 1369//1369
f 1385//1385 1371//1371 1370//1370
f 1386//1386 1372//1372 1371//1371
f 1387//1387 1373//1373 1372//1372
f 1388//1388 1374//1374 1373//1373
f 1389//1389 1375//1375 1374//1374
f 1390//1390 1376//1376 1375//1375
f 1391//1391 1377//1377 1376//1376
f 1392//1392 1378//1378 1377//1377
f 1393//1393 1379//1379 1378//1378
f 1394//1394 1380//1380 1379//1379
f 1395//1395 433//433 1380//1380
f 1396//1396 1382//1382 1381//1381
f 1397//1397 1383//1383 1382//1382
f 1398//1398 1384//1384 1383//1383
f 1399//1399 1385//1385 1384//1384
f 1400//1400 1386//1386 1385//1385
f 1401//1401 1387//1387 1386//1386
f 1402//1402 1388//1388 1387//1387
f 1403//1403 1389//1389 1388//1388
f 1404//1404 1390//1390 1389//1389
f 1405//1405 1391//1391 1390//1390
f 1406//1406 1392//1392 1391//1391
f 1407//1407 1393//1393 1392//1392
f 1408//1408 1394//1394 1393//1393
f 1409//1409 1395//1395 1394//1394
f 1410//1410 449//449 1395//1395
f 1411//1411 1397//1397 1396//1396
f 1412//1412 1398//1398 1397//1397
f 1413//1413 1399//1399 1398//1398
f 1414//1414 1400//1400 1399//1399
f 1415//1415 1401//1401 1400//1400
f 1416//1416 1402//1402 1401//1401
f 1417//1417 1403//1403 1402//1402
f 1418//1418 1404//1404 1403//1403
f 1419//1419 1405//1405 1404//1404
f 1420//1420 1406//1406 1405//1405
f 1421//1421 1407//1407 1406//1406
f 1422//1422 1408//1408 1407//1407
f 1423//1423 1409//1409 1408//1408
f 1424//1424 1410//1410 1409//1409
f 1425//1425 465//465 1410//1410
f 964//964 1412//1412 1411//1411
f 963//963 1413//1413 1412//1412
f 966//966 1414//1414 1413//1413
f 968//968 1415//1415 1414//1414
f 970//970 1416//1416 1415//1415
f 972//972 1417//1417 1416//1416
f 974//974 1418//1418 1417//1417
f 976//976 1419//1419 1418//1418
f 978//978 1420//1420 1419//1419
f 980//980 1421//1421 1420//1420
f 982//982 1422//1422 1421//1421
f 984//984 1423//1423 1422//1422
f 986//986 1424//1424 1423//1423
f 988//988 1425//1425 1424//1424
f 990//990 481//481 1425//1425
f 1427//1427 1429//1429 1426//1426
f 1430//1430 1428//1428 1427//1427
f 1432//1432 1431//1431 1430//1430
f 1434//1434 1433//1433 1432//1432
f 1436//1436 1435//1435 1434//1434
f 1438//1438 1437//1437 1436//1436
f 1440//1440 1439//1439 1438//1438
f 1442//1442 1441//1441 1440//1440
f 1444//1444 1443//1443 1442//1442
f 1446//1446 1445//1445 1444//1444
f 1448//1448 1447//1447 1446//1446
f 1450//1450 1449//1449 1448//1448
f 1452//1452 1451//1451 1450//1450
f 1454//1454 1453//1453 1452//1452
f 497//497 1455//1455 1454//1454
f 1457//1457 1426//1426 1456//1456
f 1458//1458 1427//1427 1457//1457
f 1459//1459 1430//1430 1458//1458
f 1460//1460 1432//1432 1459//1459
f 1461//1461 1434//1434 1460//1460
f 1462//1462 1436//1436 1461//1461
f 1463//1463 1438//1438 1462//1462
f 1464//1464 1440//1440 1463//1463
f 1465//1465 1442//1442 1464//1464
f 1466//1466 1444//1444 1465//1465
f 1467//1467 1446//1446 1466//1466
f 1468//1468 1448//1448 1467//1467
f 1469//1469 1450//1450 1468//1468
f 1470//1470 1452//1452 1469//1469
f 529//529 1454//1454 1470//1470
f 1472//1472 1456//1456 1471//1471
f 1473//1473 1457//1457 1472//1472
f 1474//1474 1458//1458 1473//1473
f 1475//1475 1459//1459 1474//1474
f 1476//1476 1460//1460 1475//1475
f 1477//1477 1461//1461 1476//1476
f 1478//1478 1462//1462 1477//1477
f 1479//1479 1463//1463 1478//1478
f 1480//1480 1464//1464 1479//1479
f 1481//1481 1465//1465 1480//1480
f 1482//1482 1466//1466 1481//1481
f 1483//1483 1467//1467 1482//1482
f 1484//1484 1468//1468 1483//1483
f 1485//1485 1469//1469 1484//1484
f 545//545 1470//1470 1485//1485
f 1487//1487 1471//1471 1486//1486
f 1488//1488 1472//1472 1487//1487
f 1489//1489 1473//1473 1488//1488
f 1490//1490 1474//1474 1489//1489
f 1491//1491 1475//1475 1490//1490
f 1492//1492 1476//1476 1491//1491
f 1493//1493 1477//1477 1492//1492
f 1494//1494 1478//1478 1493//1493
f 1495//1495 1479//1479 1494//1494
f 1496//1496 1480//1480 1495//1495
f 1497//1497 1481//1481 1496//1496
f 1498//1498 1482//1482 1497//1497
f 1499//1499 1483//1483 1498//1498
f 1500//1500 1484//1484 1499//1499
f 561//561 1485//1485 1500//1500
f 1502//1502 1486//1486 1501//1501
f 1503//1503 1487//1487 1502//1502
f 1504//1504 1488//1488 1503//1503
f 1505//1505 1489//1489 1504//1504
f 1506//1506 1490//1490 1505//1505
f 1507//1507 1491//1491 1506//1506
f 1508//1508 1492//1492 1507//1507
f 1509//1509 1493//1493 1508//1508
f 1510//1510 1494//1494 1509//1509
f 1511//1511 1495//1495 1510//1510
f 1512//1512 1496//1496 1511//1511
f 1513//1513 1497//1497 1512//1512
f 1514//1514 1498//1498 1513//1513
f 1515//1515 1499//1499 1514//1514
f 577//577 1500//1500 1515//1515
f 1517//1517 1501//1501 1516//1516
f 1518//1518 1502//1502 1517//1517
f 1519//1519 1503//1503 1518//1518
f 1520//1520 1504//1504 1519//1519
f 1521//1521 1505//1505 1520//1520
f 1522//1522 1506//1506 1521//1521
f 1523//1523 1507//1507 1522//1522
f 1524//1524 1508//1508 1523//1523
f 1525//1525 1509//1509 1524//1524
f 1526//1526 1510//1510 1525//1525
f 1527//1527 1511//1511 1526//1526
f 1528//1528 1512//1512 1527//1527
f 1529//1529 1513//1513 1528//1528
f 1530//1530 1514//1514 1529//1529
f 593//593 1515//1515 1530//1530
f 1532//1532 1516//1516 1531//1531
f 1533//1533 1517//1517 1532//1532
f 1534//1534 1518//1518 1533//1533
f 1535//1535 1519//1519 1534//1534
f 1536//1536 1520//1520 1535//1535
f 1537//1537 1521//1521 1536//1536
f 1538//1538 1522//1522 1537//1537
f 1539//1539 1523//1523 1538//1538
f 1540//1540 1524//1524 1539//1539
f 1541//1541 1525//1525 1540//1540
f 1542//1542 1526//1526 1541//1541
f 1543//1543 1527//1527 1542//1542
f 1544//1544 1528//1528 1543//1543
f 1545//1545 1529//1529 1544//1544
f 609//609 1530//1530 1545//1545
f 1547//1547 1531//1531 1546//1546
f 1547//1547 1533//1533 1532//1532
f 1548//1548 1534//1534 1533//1533
f 1550//1550 1534//1534 1549//1549
f 1550//1550 1536//1536 1535//1535
f 1551//1551 1537//1537 1536//1536
f 1553//1553 1537//1537 1552//1552
f 1554//1554 1538//1538 1553//1553
f 1555//1555 1539//1539 1554//1554
f 1556//1556 1540//1540 1555//1555
f 1556//1556 1542//1542 1541//1541
f 1558//1558 1542//1542 1557//1557
f 1559//1559 1543//1543 1558//1558
f 1559//1559 1545//1545 1544//1544
f 1560//1560 609//609 1545//1545
f 1561//1561 1547//1547 1546//1546
f 1562//1562 1548//1548 1547//1547
f 1563//1563 1549//1549 1548//1548
f 1564//1564 1550//1550 1549//1549
f 1565//1565 1551//1551 1550//1550
f 1566//1566 1552//1552 1551//1551
f 1567//1567 1553//1553 1552//1552
f 1568//1568 1554//1554 1553//1553
f 1569//1569 1555//1555 1554//1554
f 1570//1570 1556//1556 1555//1555
f 1571//1571 1557//1557 1556//1556
f 1572//1572 1558//1558 1557//1557
f 1573//1573 1559//1559 1558//1558
f 1574//1574 1560//1560 1559//1559
f 1575//1575 625//625 1560//1560
f 1576//1576 1562//1562 1561//1561
f 1577//1577 1563//1563 1562//1562
f 1578//1578 1564//1564 1563//1563
f 1579//1579 1565//1565 1564//1564
f 1580//1580 1566//1566 1565//1565
f 1581//1581 1567//1567 1566//1566
f 1582//1582 1568//1568 1567//1567
f 1583//1583 1569//1569 1568//1568
f 1584//1584 1570//1570 1569//1569
f 1585//1585 1571//1571 1570//1570
f 1586//1586 1572//1572 1571//1571
f 1587//1587 1573//1573 1572//1572
f 1588//1588 1574//1574 1573//1573
f 1589//1589 1575//1575 1574//1574
f 1590//1590 641//641 1575//1575
f 1591//1591 1577//1577 1576//1576
f 1592//1592 1578//1578 1577//1577
f 1593//1593 1579//1579 1578//1578
f 1594//1594 1580//1580 1579//1579
f 1595//1595 1581//1581 1580//1580
f 1596//1596 1582//1582 1581//1581
f 1597//1597 1583//1583 1582//1582
f 1598//1598 1584//1584 1583//1583
f 1599//1599 1585//1585 1584//1584
f 1600//1600 1586//1586 1585//1585
f 1601//1601 1587//1587 1586//1586
f 1602//1602 1588//1588 1587//1587
f 1603//1603 1589//1589 1588//1588
f 1604//1604 1590//1590 1589//1589
f 1605//1605 657//657 1590//1590
f 1606//1606 1592//1592 1591//1591
f 1607//1607 1593//1593 1592//1592
f 1608//1608 1594//1594 1593//1593
f 1609//1609 1595//1595 1594//1594
f 1610//1610 1596//1596 1595//1595
f 1611//1611 1597//1597 1596//1596
f 1612//1612 1598//1598 1597//1597
f 1613//1613 1599//1599 1598//1598
f 1614//1614 1600//1600 1599//1599
f 1615//1615 1601//1601 1600//1600
f 1616//1616 1602//1602 1601//1601
f 1617//1617 1603//1603 1602//1602
f 1618//1618 1604//1604 1603//1603
f 1619//1619 1605//1605 1604//1604
f 1620//1620 673//673 1605//1605
f 1621//1621 1607//1607 1606//1606
f 1622//1622 1608//1608 1607//1607
f 1623//1623 1609//1609 1608//1608
f 1624//1624 1610//1610 1609//1609
f 1625//1625 1611//1611 1610//1610
f 1626//1626 1612//1612 1611//1611
f 1627//1627 1613//1613 1612//1612
f 1628//1628 1614//1614 1613//1613
f 1629//1629 1615//1615 1614//1614
f 1630//1630 1616//1616 1615//1615
f 1631//1631 1617//1617 1616//1616
f 1632//1632 1618//1618 1617//1617
f 1633//1633 1619//1619 1618//1618
f 1634//1634 1620//1620 1619//1619
f 1635//1635 689//689 1620//1620
f 1636//1636 1622//1622 1621//1621
f 1637//1637 1623//1623 1622//1622
f 1638//1638 1624//1624 1623//1623
f 1639//1639 1625//1625 1624//1624
f 1640//1640 1626//1626 1625//1625
f 1641//1641 1627//1627 1626//1626
f 1642//1642 1628//1628 1627//1627
f 1643//1643 1629//1629 1628//1628
f 1644//1644 1630//1630 1629//1629
f 1645//1645 1631//1631 1630//1630
f 1646//1646 1632//1632 1631//1631
f 1647//1647 1633//1633 1632//1632
f 1648//1648 1634//1634 1633//1633
f 1649//1649 1635//1635 1634//1634
f 1650//1650 705//705 1635//1635
f 1204//1204 1637//1637 1636//1636
f 1203//1203 1638//1638 1637//1637
f 1206//1206 1639//1639 1638//1638
f 1208//1208 1640//1640 1639//1639
f 1210//1210 1641//1641 1640//1640
f 1212//1212 1642//1642 1641//1641
f 1214//1214 1643//1643 1642//1642
f 1216//1216 1644//1644 1643//1643
f 1218//1218 1645//1645 1644//1644
f 1220//1220 1646//1646 1645//1645
f 1222//1222 1647//1647 1646//1646
f 1224//1224 1648//1648 1647//1647
f 1226//1226 1649//1649 1648//1648
f 1228//1228 1650//1650 1649//1649
f 1230//1230 721//721 1650//1650
f 1652//1652 1186//1186 1651//1651
f 1653//1653 1187//1187 1652//1652
f 1654//1654 1188//1188 1653//1653
f 1655//1655 1189//1189 1654//1654
f 1656//1656 1190//1190 1655//1655
f 1657//1657 1191//1191 1656//1656
f 1658//1658 1192//1192 1657//1657
f 1659//1659 1193//1193 1658//1658
f 1660//1660 1194//1194 1659//1659
f 1661//1661 1195//1195 1660//1660
f 1662//1662 1196//1196 1661//1661
f 1663//1663 1197//1197 1662//1662
f 1664//1664 1198//1198 1663//1663
f 1665//1665 1199//1199 1664//1664
f 737//737 1200//1200 1665//1665
f 1667//1667 1651//1651 1666//1666
f 1668//1668 1652//1652 1667//1667
f 1669//1669 1653//1653 1668//1668
f 1670//1670 1654//1654 1669//1669
f 1671//1671 1655//1655 1670//1670
f 1672//1672 1656//1656 1671//1671
f 1673//1673 1657//1657 1672//1672
f 1674//1674 1658//1658 1673//1673
f 1675//1675 1659//1659 1674//1674
f 1676//1676 1660//1660 1675//1675
f 1677//1677 1661//1661 1676//1676
f 1678//1678 1662//1662 1677//1677
f 1679//1679 1663//1663 1678//1678
f 1680//1680 1664//1664 1679//1679
f 753//753 1665//1665 1680//1680
f 1682//1682 1666//1666 1681//1681
f 1683//1683 1667//1667 1682//1682
f 1684//1684 1668//1668 1683//1683
f 1685//1685 1669//1669 1684//1684
f 1686//1686 1670//1670 1685//1685
f 1687//1687 1671//1671 1686//1686
f 1688//1688 1672//1672 1687//1687
f 1689//1689 1673//1673 1688//1688
f 1690//1690 1674//1674 1689//1689
f 1691//1691 1675//1675 1690//1690
f 1692//1692 1676//1676 1691//1691
f 1693//1693 1677//1677 1692//1692
f 1694//1694 1678//1678 1693//1693
f 1695//1695 1679//1679 1694//1694
f 769//769 1680//1680 1695//1695
f 1697//1697 1681//1681 1696//1696
f 1698//1698 1682//1682 1697//1697
f 1699//1699 1683//1683 1698//1698
f 1700//1700 1684//1684 1699//1699
f 1701//1701 1685//1685 1700//1700
f 1702//1702 1686//1686 1701//1701
f 1703//1703 1687//1687 1702//1702
f 1704//1704 1688//1688 1703//1703
f 1705//1705 1689//1689 1704//1704
f 1706//1706 1690//1690 1705//1705
f 1707//1707 1691//1691 1706//1706
f 1708//1708 1692//1692 1707//1707
f 1709//1709 1693//1693 1708//1708
f 1710//1710 1694//1694 1709//1709
f 785//785 1695//1695 1710//1710
f 1712//1712 1696//1696 1711//1711
f 1713//1713 1697//1697 1712//1712
f 1714//1714 1698//1698 1713//1713
f 1715//1715 1699//1699 1714//1714
f 1716//1716 1700//1700 1715//1715
f 1717//1717 1701//1701 1716//1716
f 1718//1718 1702//1702 1717//1717
f 1719//1719 1703//1703 1718//1718
f 1720//1720 1704//1704 1719//1719
f 1721//1721 1705//1705 1720//1720
f 1722//1722 1706//1706 1721//1721
f 1723//1723 1707//1707 1722//1722
f 1724//1724 1708//1708 1723//1723
f 1725//1725 1709//1709 1724//1724
f 801//801 1710//1710 1725//1725
f 1727//1727 1711//1711 1726//1726
f 1728//1728 1712//1712 1727//1727
f 1729//1729 1713//1713 1728//1728
f 1730//1730 1714//1714 1729//1729
f 1731//1731 1715//1715 1730//1730
f 1732//1732 1716//1716 1731//1731
f 1733//1733 1717//1717 1732//1732
f 1734//1734 1718//1718 1733//1733
f 1735//1735 1719//1719 1734//1734
f 1736//1736 1720//1720 1735//1735
f 1737//1737 1721//1721 1736//1736
f 1738//1738 1722//1722 1737//1737
f 1739//1739 1723//1723 1738//1738
f 1740//1740 1724//1724 1739//1739
f 817//817 1725//1725 1740//1740
f 1742//1742 1726//1726 1741//1741
f 1743//1743 1727//1727 1742//1742
f 1744//1744 1728//1728 1743//1743
f 1745//1745 1729//1729 1744//1744
f 1746//1746 1730//1730 1745//1745
f 1747//1747 1731//1731 1746//1746
f 1748//1748 1732//1732 1747//1747
f 1749//1749 1733//1733 1748//1748
f 1750//1750 1734//1734 1749//1749
f 1751//1751 1735//1735 1750//1750
f 1752//1752 1736//1736 1751//1751
f 1753//1753 1737//1737 1752//1752
f 1754//1754 1738//1738 1753//1753
f 1755//1755 1739//1739 1754//1754
f 833//833 1740//1740 1755//1755
f 1756//1756 1742//1742 1741//1741
f 1757//1757 1743//1743 1742//1742
f 1759//1759 1743//1743 1758//1758
f 1760//1760 1744//1744 1759//1759
f 1760//1760 1746//1746 1745//1745
f 1761//1761 1747//1747 1746//1746
f 1762//1762 1748//1748 1747//1747
f 1764//1764 1748//1748 1763//1763
f 1765//1765 1749//1749 1764//1764
f 1766//1766 1750//1750 1765//1765
f 1766//1766 1752//1752 1751//1751
f 1768//1768 1752//1752 1767//1767
f 1769//1769 1753//1753 1768//1768
f 1770//1770 1754//1754 1769//1769
f 1770//1770 833//833 1755//1755
f 1771//1771 1757//1757 1756//1756
f 1772//1772 1758//1758 1757//1757
f 1773//1773 1759//1759 1758//1758
f 1774//1774 1760//1760 1759//1759
f 1775//1775 1761//1761 1760//1760
f 1776//1776 1762//1762 1761//1761
f 1777//1777 1763//1763 1762//1762
f 1778//1778 1764//1764 1763//1763
f 1779//1779 1765//1765 1764//1764
f 1780//1780 1766//1766 1765//1765
f 1781//1781 1767//1767 1766//1766
f 1782//1782 1768//1768 1767//1767
f 1783//1783 1769//1769 1768//1768
f 1784//1784 1770//1770 1769//1769
f 1785//1785 849//849 1770//1770
f 1786//1786 1772//1772 1771//1771
f 1787//1787 1773//1773 1772//1772
f 1788//1788 1774//1774 1773//1773
f 1789//1789 1775//1775 1774//1774
f 1790//1790 1776//1776 1775//1775
f 1791//1791 1777//1777 1776//1776
f 1792//1792 1778//1778 1777//1777
f 1793//1793 1779//1779 1778//1778
f 1794//1794 1780//1780 1779//1779
f 1795//1795 1781//1781 1780//1780
f 1796//1796 1782//1782 1781//1781
f 1797//1797 1783//1783 1782//1782
f 1798//1798 1784//1784 1783//1783
f 1799//1799 1785//1785 1784//1784
f 1800//1800 865//865 1785//1785
f 1801//1801 1787//1787 1786//1786
f 1802//1802 1788//1788 1787//1787
f 1803//1803 1789//1789 1788//1788
f 1804//1804 1790//1790 1789//1789
f 1805//1805 1791//1791 1790//1790
f 1806//1806 1792//1792 1791//1791
f 1807//1807 1793//1793 1792//1792
f 1808//1808 1794//1794 1793//1793
f 1809//1809 1795//1795 1794//1794
f 1810//1810 1796//1796 1795//1795
f 1811//1811 1797//1797 1796//1796
f 1812//1812 1798//1798 1797//1797
f 1813//1813 1799//1799 1798//1798
f 1814//1814 1800//1800 1799//1799
f 1815//1815 881//881 1800//1800
f 1816//1816 1802//1802 1801//1801
f 1817//1817 1803//1803 1802//1802
f 1818//1818 1804//1804 1803//1803
f 1819//1819 1805//1805 1804//1804
f 1820//1820 1806//1806 1805//1805
f 1821//1821 1807//1807 1806//1806
f 1822//1822 1808//1808 1807//1807
f 1823//1823 1809//1809 1808//1808
f 1824//1824 1810//1810 1809//1809
f 1825//1825 1811//1811 1810//1810
f 1826//1826 1812//1812 1811//1811
f 1827//1827 1813//1813 1812//1812
f 1828//1828 1814//1814 1813//1813
f 1829//1829 1815//1815 1814//1814
f 1830//1830 897//897 1815//1815
f 1831//1831 1817//1817 1816//1816
f 1832//1832 1818//1818 1817//1817
f 1833//1833 1819//1819 1818//1818
f 1834//1834 1820//1820 1819//1819
f 1835//1835 1821//1821 1820//1820
f 1836//1836 1822//1822 1821//1821
f 1837//1837 1823//1823 1822//1822
f 1838//1838 1824//1824 1823//1823
f 1839//1839 1825//1825 1824//1824
f 1840//1840 1826//1826 1825//1825
f 1841//1841 1827//1827 1826//1826
f 1842//1842 1828//1828 1827//1827
f 1843//1843 1829//1829 1828//1828
f 1844//1844 1830//1830 1829//1829
f 1845//1845 913//913 1830//1830
f 1846//1846 1832//1832 1831//1831
f 1847//1847 1833//1833 1832//1832
f 1848//1848 1834//1834 1833//1833
f 1849//1849 1835//1835 1834//1834
f 1850//1850 1836//1836 1835//1835
f 1851//1851 1837//1837 1836//1836
f 1852//1852 1838//1838 1837//1837
f 1853//1853 1839//1839 1838//1838
f 1854//1854 1840//1840 1839//1839
f 1855//1855 1841//1841 1840//1840
f 1856//1856 1842//1842 1841//1841
f 1857//1857 1843//1843 1842//1842
f 1858//1858 1844//1844 1843//1843
f 1859//1859 1845//1845 1844//1844
f 1860//1860 929//929 1845//1845
f 1429//1429 1847//1847 1846//1846
f 1428//1428 1848//1848 1847//1847
f 1431//1431 1849//1849 1848//1848
f 1433//1433 1850//1850 1849//1849
f 1435//1435 1851//1851 1850//1850
f 1437//1437 1852//1852 1851//1851
f 1439//1439 1853//1853 1852//1852
f 1441//1441 1854//1854 1853//1853
f 1443//1443 1855//1855 1854//1854
f 1445//1445 1856//1856 1855//1855
f 1447//1447 1857//1857 1856//1856
f 1449//1449 1858//1858 1857//1857
f 1451//1451 1859//1859 1858//1858
f 1453//1453 1860//1860 1859//1859
f 1455//1455 945//945 1860//1860
f 1861//1861 1863//1863 1864//1864
f 1862//1862 1866//1866 1863//1863
f 1865//1865 1868//1868 1866//1866
f 1867//1867 1870//1870 1868//1868
f 1869//1869 1872//1872 1870//1870
f 1871//1871 1874//1874 1872//1872
f 1873//1873 1876//1876 1874//1874
f 1875//1875 1878//1878 1876//1876
f 1877//1877 1880//1880 1878//1878
f 1879//1879 1882//1882 1880//1880
f 1881//1881 1884//1884 1882//1882
f 1883//1883 1886//1886 1884//1884
f 1885//1885 1888//1888 1886//1886
f 1887//1887 1890//1890 1888//1888
f 1889//1889 964//964 1890//1890
f 7233//7232 1862//1862 1861//1861
f 1891//1891 1865//1865 1862//1862
f 1892//1892 1867//1867 1865//1865
f 1893//1893 1869//1869 1867//1867
f 1894//1894 1871//1871 1869//1869
f 1895//1895 1873//1873 1871//1871
f 1896//1896 1875//1875 1873//1873
f 1897//1897 1877//1877 1875//1875
f 1898//1898 1879//1879 1877//1877
f 1899//1899 1881//1881 1879//1879
f 1900//1900 1883//1883 1881//1881
f 1901//1901 1885//1885 1883//1883
f 1902//1902 1887//1887 1885//1885
f 1903//1903 1889//1889 1887//1887
f 1904//1904 961//961 1889//1889
f 1905//1905 1891//1891 7233//7232
f 1906//1906 1892//1892 1891//1891
f 1907//1907 1893//1893 1892//1892
f 1908//1908 1894//1894 1893//1893
f 1909//1909 1895//1895 1894//1894
f 1910//1910 1896//1896 1895//1895
f 1911//1911 1897//1897 1896//1896
f 1912//1912 1898//1898 1897//1897
f 1913//1913 1899//1899 1898//1898
f 1914//1914 1900//1900 1899//1899
f 1915//1915 1901//1901 1900//1900
f 1916//1916 1902//1902 1901//1901
f 1917//1917 1903//1903 1902//1902
f 1918//1918 1904//1904 1903//1903
f 1919//1919 991//991 1904//1904
f 7204//7203 1906//1906 1905//1905
f 1920//1920 1907//1907 1906//1906
f 1921//1921 1908//1908 1907//1907
f 1922//1922 1909//1909 1908//1908
f 1923//1923 1910//1910 1909//1909
f 1924//1924 1911//1911 1910//1910
f 1925//1925 1912//1912 1911//1911
f 1926//1926 1913//1913 1912//1912
f 1927//1927 1914//1914 1913//1913
f 1928//1928 1915//1915 1914//1914
f 1929//1929 1916//1916 1915//1915
f 1930//1930 1917//1917 1916//1916
f 1931//1931 1918//1918 1917//1917
f 1932//1932 1919//1919 1918//1918
f 1933//1933 1006//1006 1919//1919
f 7189//7188 1920//1920 7204//7203
f 1934//1934 1921//1921 1920//1920
f 1935//1935 1922//1922 1921//1921
f 1936//1936 1923//1923 1922//1922
f 1937//1937 1924//1924 1923//1923
f 1938//1938 1925//1925 1924//1924
f 1939//1939 1926//1926 1925//1925
f 1940//1940 1927//1927 1926//1926
f 1941//1941 1928//1928 1927//1927
f 1942//1942 1929//1929 1928//1928
f 1943//1943 1930//1930 1929//1929
f 1944//1944 1931//1931 1930//1930
f 1945//1945 1932//1932 1931//1931
f 1946//1946 1933//1933 1932//1932
f 1947//1947 1021//1021 1933//1933
f 1948//1948 1934//1934 7189//7188
f 1949//1949 1935//1935 1934//1934
f 1950//1950 1936//1936 1935//1935
f 1951//1951 1937//1937 1936//1936
f 1952//1952 1938//1938 1937//1937
f 1953//1953 1939//1939 1938//1938
f 1954//1954 1940//1940 1939//1939
f 1955//1955 1941//1941 1940//1940
f 1956//1956 1942//1942 1941//1941
f 1957//1957 1943//1943 1942//1942
f 1958//1958 1944//1944 1943//1943
f 1959//1959 1945//1945 1944//1944
f 1960//1960 1946//1946 1945//1945
f 1961//1961 1947//1947 1946//1946
f 1962//1962 1036//1036 1947//1947
f 1963//1963 1949//1949 1948//1948
f 1964//1964 1950//1950 1949//1949
f 1965//1965 1951//1951 1950//1950
f 1966//1966 1952//1952 1951//1951
f 1967//1967 1953//1953 1952//1952
f 1968//1968 1954//1954 1953//1953
f 1969//1969 1955//1955 1954//1954
f 1970//1970 1956//1956 1955//1955
f 1971//1971 1957//1957 1956//1956
f 1972//1972 1958//1958 1957//1957
f 1973//1973 1959//1959 1958//1958
f 1974//1974 1960//1960 1959//1959
f 1975//1975 1961//1961 1960//1960
f 1976//1976 1962//1962 1961//1961
f 1977//1977 1051//1051 1962//1962
f 1978//1978 1963//1963 7146//7145
f 1978//1978 1965//1965 1964//1964
f 1980//1980 1965//1965 1979//1979
f 1980//1980 1967//1967 1966//1966
f 1982//1982 1967//1967 1981//1981
f 1983//1983 1968//1968 1982//1982
f 1983//1983 1970//1970 1969//1969
f 1984//1984 1971//1971 1970//1970
f 1986//1986 1971//1971 1985//1985
f 1987//1987 1972//1972 1986//1986
f 1988//1988 1973//1973 1987//1987
f 1989//1989 1974//1974 1988//1988
f 1990//1990 1975//1975 1989//1989
f 1991//1991 1976//1976 1990//1990
f 1081//1081 1977//1977 1991//1991
f 1993//1993 7146//7145 1992//1992
f 1994//1994 1978//1978 1993//1993
f 1995//1995 1979//1979 1994//1994
f 1996//1996 1980//1980 1995//1995
f 1997//1997 1981//1981 1996//1996
f 1998//1998 1982//1982 1997//1997
f 1999//1999 1983//1983 1998//1998
f 2000//2000 1984//1984 1999//1999
f 2001//2001 1985//1985 2000//2000
f 2002//2002 1986//1986 2001//2001
f 2003//2003 1987//1987 2002//2002
f 2004//2004 1988//1988 2003//2003
f 2005//2005 1989//1989 2004//2004
f 2006//2006 1990//1990 2005//2005
f 1096//1096 1991//1991 2006//2006
f 2007//2007 1992//1992 7117//7116
f 2008//2008 1993//1993 2007//2007
f 2009//2009 1994//1994 2008//2008
f 2010//2010 1995//1995 2009//2009
f 2011//2011 1996//1996 2010//2010
f 2012//2012 1997//1997 2011//2011
f 2013//2013 1998//1998 2012//2012
f 2014//2014 1999//1999 2013//2013
f 2015//2015 2000//2000 2014//2014
f 2016//2016 2001//2001 2015//2015
f 2017//2017 2002//2002 2016//2016
f 2018//2018 2003//2003 2017//2017
f 2019//2019 2004//2004 2018//2018
f 2020//2020 2005//2005 2019//2019
f 1111//1111 2006//2006 2020//2020
f 2022//2022 7117//7116 2021//2021
f 2023//2023 2007//2007 2022//2022
f 2024//2024 2008//2008 2023//2023
f 2025//2025 2009//2009 2024//2024
f 2026//2026 2010//2010 2025//2025
f 2027//2027 2011//2011 2026//2026
f 2028//2028 2012//2012 2027//2027
f 2029//2029 2013//2013 2028//2028
f 2030//2030 2014//2014 2029//2029
f 2031//2031 2015//2015 2030//2030
f 2032//2032 2016//2016 2031//2031
f 2033//2033 2017//2017 2032//2032
f 2034//2034 2018//2018 2033//2033
f 2035//2035 2019//2019 2034//2034
f 1126//1126 2020//2020 2035//2035
f 2036//2036 2021//2021 7088//7087
f 2037//2037 2022//2022 2036//2036
f 2038//2038 2023//2023 2037//2037
f 2039//2039 2024//2024 2038//2038
f 2040//2040 2025//2025 2039//2039
f 2041//2041 2026//2026 2040//2040
f 2042//2042 2027//2027 2041//2041
f 2043//2043 2028//2028 2042//2042
f 2044//2044 2029//2029 2043//2043
f 2045//2045 2030//2030 2044//2044
f 2046//2046 2031//2031 2045//2045
f 2047//2047 2032//2032 2046//2046
f 2048//2048 2033//2033 2047//2047
f 2049//2049 2034//2034 2048//2048
f 1141//1141 2035//2035 2049//2049
f 2050//2050 7088//7087 7073//7072
f 2051//2051 2036//2036 2050//2050
f 2052//2052 2037//2037 2051//2051
f 2053//2053 2038//2038 2052//2052
f 2054//2054 2039//2039 2053//2053
f 2055//2055 2040//2040 2054//2054
f 2056//2056 2041//2041 2055//2055
f 2057//2057 2042//2042 2056//2056
f 2058//2058 2043//2043 2057//2057
f 2059//2059 2044//2044 2058//2058
f 2060//2060 2045//2045 2059//2059
f 2061//2061 2046//2046 2060//2060
f 2062//2062 2047//2047 2061//2061
f 2063//2063 2048//2048 2062//2062
f 1156//1156 2049//2049 2063//2063
f 2065//2065 7073//7072 2064//2064
f 2066//2066 2050//2050 2065//2065
f 2067//2067 2051//2051 2066//2066
f 2068//2068 2052//2052 2067//2067
f 2069//2069 2053//2053 2068//2068
f 2070//2070 2054//2054 2069//2069
f 2071//2071 2055//2055 2070//2070
f 2072//2072 2056//2056 2071//2071
f 2073//2073 2057//2057 2072//2072
f 2074//2074 2058//2058 2073//2073
f 2075//2075 2059//2059 2074//2074
f 2076//2076 2060//2060 2075//2075
f 2077//2077 2061//2061 2076//2076
f 2078//2078 2062//2062 2077//2077
f 1171//1171 2063//2063 2078//2078
f 2080//2080 2064//2064 2079//2079
f 2081//2081 2065//2065 2080//2080
f 2082//2082 2066//2066 2081//2081
f 2083//2083 2067//2067 2082//2082
f 2084//2084 2068//2068 2083//2083
f 2085//2085 2069//2069 2084//2084
f 2086//2086 2070//2070 2085//2085
f 2087//2087 2071//2071 2086//2086
f 2088//2088 2072//2072 2087//2087
f 2089//2089 2073//2073 2088//2088
f 2090//2090 2074//2074 2089//2089
f 2091//2091 2075//2075 2090//2090
f 2092//2092 2076//2076 2091//2091
f 2093//2093 2077//2077 2092//2092
f 1186//1186 2078//2078 2093//2093
f 2094//2094 2096//2096 2097//2097
f 2095//2095 2099//2099 2096//2096
f 2098//2098 2101//2101 2099//2099
f 2100//2100 2103//2103 2101//2101
f 2102//2102 2105//2105 2103//2103
f 2104//2104 2107//2107 2105//2105
f 2106//2106 2109//2109 2107//2107
f 2108//2108 2111//2111 2109//2109
f 2110//2110 2113//2113 2111//2111
f 2112//2112 2115//2115 2113//2113
f 2114//2114 2117//2117 2115//2115
f 2116//2116 2119//2119 2117//2117
f 2118//2118 2121//2121 2119//2119
f 2120//2120 2123//2123 2121//2121
f 2122//2122 1204//1204 2123//2123
f 7030//7029 2095//2095 2094//2094
f 2124//2124 2098//2098 2095//2095
f 2125//2125 2100//2100 2098//2098
f 2126//2126 2102//2102 2100//2100
f 2127//2127 2104//2104 2102//2102
f 2128//2128 2106//2106 2104//2104
f 2129//2129 2108//2108 2106//2106
f 2130//2130 2110//2110 2108//2108
f 2131//2131 2112//2112 2110//2110
f 2132//2132 2114//2114 2112//2112
f 2133//2133 2116//2116 2114//2114
f 2134//2134 2118//2118 2116//2116
f 2135//2135 2120//2120 2118//2118
f 2136//2136 2122//2122 2120//2120
f 2137//2137 1201//1201 2122//2122
f 2138//2138 2124//2124 7030//7029
f 2139//2139 2125//2125 2124//2124
f 2140//2140 2126//2126 2125//2125
f 2141//2141 2127//2127 2126//2126
f 2142//2142 2128//2128 2127//2127
f 2143//2143 2129//2129 2128//2128
f 2144//2144 2130//2130 2129//2129
f 2145//2145 2131//2131 2130//2130
f 2146//2146 2132//2132 2131//2131
f 2147//2147 2133//2133 2132//2132
f 2148//2148 2134//2134 2133//2133
f 2149//2149 2135//2135 2134//2134
f 2150//2150 2136//2136 2135//2135
f 2151//2151 2137//2137 2136//2136
f 2152//2152 1231//1231 2137//2137
f 7001//7000 2139//2139 2138//2138
f 2153//2153 2140//2140 2139//2139
f 2154//2154 2141//2141 2140//2140
f 2155//2155 2142//2142 2141//2141
f 2156//2156 2143//2143 2142//2142
f 2157//2157 2144//2144 2143//2143
f 2158//2158 2145//2145 2144//2144
f 2159//2159 2146//2146 2145//2145
f 2160//2160 2147//2147 2146//2146
f 2161//2161 2148//2148 2147//2147
f 2162//2162 2149//2149 2148//2148
f 2163//2163 2150//2150 2149//2149
f 2164//2164 2151//2151 2150//2150
f 2165//2165 2152//2152 2151//2151
f 2166//2166 1246//1246 2152//2152
f 6986//6985 2153//2153 7001//7000
f 2167//2167 2154//2154 2153//2153
f 2168//2168 2155//2155 2154//2154
f 2169//2169 2156//2156 2155//2155
f 2170//2170 2157//2157 2156//2156
f 2171//2171 2158//2158 2157//2157
f 2172//2172 2159//2159 2158//2158
f 2173//2173 2160//2160 2159//2159
f 2174//2174 2161//2161 2160//2160
f 2175//2175 2162//2162 2161//2161
f 2176//2176 2163//2163 2162//2162
f 2177//2177 2164//2164 2163//2163
f 2178//2178 2165//2165 2164//2164
f 2179//2179 2166//2166 2165//2165
f 2180//2180 1261//1261 2166//2166
f 2181//2181 2167//2167 6986//6985
f 2182//2182 2168//2168 2167//2167
f 2183//2183 2169//2169 2168//2168
f 2184//2184 2170//2170 2169//2169
f 2185//2185 2171//2171 2170//2170
f 2186//2186 2172//2172 2171//2171
f 2187//2187 2173//2173 2172//2172
f 2188//2188 2174//2174 2173//2173
f 2189//2189 2175//2175 2174//2174
f 2190//2190 2176//2176 2175//2175
f 2191//2191 2177//2177 2176//2176
f 2192//2192 2178//2178 2177//2177
f 2193//2193 2179//2179 2178//2178
f 2194//2194 2180//2180 2179//2179
f 2195//2195 1276//1276 2180//2180
f 2196//2196 2182//2182 2181//2181
f 2197//2197 2183//2183 2182//2182
f 2198//2198 2184//2184 2183//2183
f 2199//2199 2185//2185 2184//2184
f 2200//2200 2186//2186 2185//2185
f 2201//2201 2187//2187 2186//2186
f 2202//2202 2188//2188 2187//2187
f 2203//2203 2189//2189 2188//2188
f 2204//2204 2190//2190 2189//2189
f 2205//2205 2191//2191 2190//2190
f 2206//2206 2192//2192 2191//2191
f 2207//2207 2193//2193 2192//2192
f 2208//2208 2194//2194 2193//2193
f 2209//2209 2195//2195 2194//2194
f 2210//2210 1291//1291 2195//2195
f 2211//2211 2196//2196 6943//6942
f 2211//2211 2198//2198 2197//2197
f 2213//2213 2198//2198 2212//2212
f 2214//2214 2199//2199 2213//2213
f 2215//2215 2200//2200 2214//2214
f 2216//2216 2201//2201 2215//2215
f 2216//2216 2203//2203 2202//2202
f 2218//2218 2203//2203 2217//2217
f 2218//2218 2205//2205 2204//2204
f 2220//2220 2205//2205 2219//2219
f 2220//2220 2207//2207 2206//2206
f 2222//2222 2207//2207 2221//2221
f 2222//2222 2209//2209 2208//2208
f 2224//2224 2209//2209 2223//2223
f 2224//2224 1306//1306 2210//2210
f 2226//2226 6943//6942 2225//2225
f 2227//2227 2211//2211 2226//2226
f 2228//2228 2212//2212 2227//2227
f 2229//2229 2213//2213 2228//2228
f 2230//2230 2214//2214 2229//2229
f 2231//2231 2215//2215 2230//2230
f 2232//2232 2216//2216 2231//2231
f 2233//2233 2217//2217 2232//2232
f 2234//2234 2218//2218 2233//2233
f 2235//2235 2219//2219 2234//2234
f 2236//2236 2220//2220 2235//2235
f 2237//2237 2221//2221 2236//2236
f 2238//2238 2222//2222 2237//2237
f 2239//2239 2223//2223 2238//2238
f 1336//1336 2224//2224 2239//2239
f 2241//2241 2225//2225 2240//2240
f 2242//2242 2226//2226 2241//2241
f 2243//2243 2227//2227 2242//2242
f 2244//2244 2228//2228 2243//2243
f 2245//2245 2229//2229 2244//2244
f 2246//2246 2230//2230 2245//2245
f 2247//2247 2231//2231 2246//2246
f 2248//2248 2232//2232 2247//2247
f 2249//2249 2233//2233 2248//2248
f 2250//2250 2234//2234 2249//2249
f 2251//2251 2235//2235 2250//2250
f 2252//2252 2236//2236 2251//2251
f 2253//2253 2237//2237 2252//2252
f 2254//2254 2238//2238 2253//2253
f 1351//1351 2239//2239 2254//2254
f 2256//2256 2240//2240 2255//2255
f 2257//2257 2241//2241 2256//2256
f 2258//2258 2242//2242 2257//2257
f 2259//2259 2243//2243 2258//2258
f 2260//2260 2244//2244 2259//2259
f 2261//2261 2245//2245 2260//2260
f 2262//2262 2246//2246 2261//2261
f 2263//2263 2247//2247 2262//2262
f 2264//2264 2248//2248 2263//2263
f 2265//2265 2249//2249 2264//2264
f 2266//2266 2250//2250 2265//2265
f 2267//2267 2251//2251 2266//2266
f 2268//2268 2252//2252 2267//2267
f 2269//2269 2253//2253 2268//2268
f 1366//1366 2254//2254 2269//2269
f 2270//2270 2255//2255 6886//6885
f 2271//2271 2256//2256 2270//2270
f 2272//2272 2257//2257 2271//2271
f 2273//2273 2258//2258 2272//2272
f 2274//2274 2259//2259 2273//2273
f 2275//2275 2260//2260 2274//2274
f 2276//2276 2261//2261 2275//2275
f 2277//2277 2262//2262 2276//2276
f 2278//2278 2263//2263 2277//2277
f 2279//2279 2264//2264 2278//2278
f 2280//2280 2265//2265 2279//2279
f 2281//2281 2266//2266 2280//2280
f 2282//2282 2267//2267 2281//2281
f 2283//2283 2268//2268 2282//2282
f 1381//1381 2269//2269 2283//2283
f 2285//2285 6886//6885 2284//2284
f 2286//2286 2270//2270 2285//2285
f 2287//2287 2271//2271 2286//2286
f 2288//2288 2272//2272 2287//2287
f 2289//2289 2273//2273 2288//2288
f 2290//2290 2274//2274 2289//2289
f 2291//2291 2275//2275 2290//2290
f 2292//2292 2276//2276 2291//2291
f 2293//2293 2277//2277 2292//2292
f 2294//2294 2278//2278 2293//2293
f 2295//2295 2279//2279 2294//2294
f 2296//2296 2280//2280 2295//2295
f 2297//2297 2281//2281 2296//2296
f 2298//2298 2282//2282 2297//2297
f 1396//1396 2283//2283 2298//2298
f 2300//2300 2284//2284 2299//2299
f 2301//2301 2285//2285 2300//2300
f 2302//2302 2286//2286 2301//2301
f 2303//2303 2287//2287 2302//2302
f 2304//2304 2288//2288 2303//2303
f 2305//2305 2289//2289 2304//2304
f 2306//2306 2290//2290 2305//2305
f 2307//2307 2291//2291 2306//2306
f 2308//2308 2292//2292 2307//2307
f 2309//2309 2293//2293 2308//2308
f 2310//2310 2294//2294 2309//2309
f 2311//2311 2295//2295 2310//2310
f 2312//2312 2296//2296 2311//2311
f 2313//2313 2297//2297 2312//2312
f 1411//1411 2298//2298 2313//2313
f 1863//1863 2299//2299 1864//1864
f 1866//1866 2300//2300 1863//1863
f 1868//1868 2301//2301 1866//1866
f 1870//1870 2302//2302 1868//1868
f 1872//1872 2303//2303 1870//1870
f 1874//1874 2304//2304 1872//1872
f 1876//1876 2305//2305 1874//1874
f 1878//1878 2306//2306 1876//1876
f 1880//1880 2307//2307 1878//1878
f 1882//1882 2308//2308 1880//1880
f 1884//1884 2309//2309 1882//1882
f 1886//1886 2310//2310 1884//1884
f 1888//1888 2311//2311 1886//1886
f 1890//1890 2312//2312 1888//1888
f 964//964 2313//2313 1890//1890
f 2314//2314 2316//2316 2317//2317
f 2315//2315 2319//2319 2316//2316
f 2318//2318 2321//2321 2319//2319
f 2320//2320 2323//2323 2321//2321
f 2322//2322 2325//2325 2323//2323
f 2324//2324 2327//2327 2325//2325
f 2326//2326 2329//2329 2327//2327
f 2328//2328 2331//2331 2329//2329
f 2330//2330 2333//2333 2331//2331
f 2332//2332 2335//2335 2333//2333
f 2334//2334 2337//2337 2335//2335
f 2336//2336 2339//2339 2337//2337
f 2338//2338 2341//2341 2339//2339
f 2340//2340 2343//2343 2341//2341
f 2342//2342 1429//1429 2343//2343
f 2344//2344 2315//2315 2314//2314
f 2345//2345 2318//2318 2315//2315
f 2346//2346 2320//2320 2318//2318
f 2347//2347 2322//2322 2320//2320
f 2348//2348 2324//2324 2322//2322
f 2349//2349 2326//2326 2324//2324
f 2350//2350 2328//2328 2326//2326
f 2351//2351 2330//2330 2328//2328
f 2352//2352 2332//2332 2330//2330
f 2353//2353 2334//2334 2332//2332
f 2354//2354 2336//2336 2334//2334
f 2355//2355 2338//2338 2336//2336
f 2356//2356 2340//2340 2338//2338
f 2357//2357 2342//2342 2340//2340
f 2358//2358 1426//1426 2342//2342
f 6801//6800 2345//2345 2344//2344
f 2359//2359 2346//2346 2345//2345
f 2360//2360 2347//2347 2346//2346
f 2361//2361 2348//2348 2347//2347
f 2362//2362 2349//2349 2348//2348
f 2363//2363 2350//2350 2349//2349
f 2364//2364 2351//2351 2350//2350
f 2365//2365 2352//2352 2351//2351
f 2366//2366 2353//2353 2352//2352
f 2367//2367 2354//2354 2353//2353
f 2368//2368 2355//2355 2354//2354
f 2369//2369 2356//2356 2355//2355
f 2370//2370 2357//2357 2356//2356
f 2371//2371 2358//2358 2357//2357
f 2372//2372 1456//1456 2358//2358
f 6786//6785 2359//2359 6801//6800
f 2373//2373 2360//2360 2359//2359
f 2374//2374 2361//2361 2360//2360
f 2375//2375 2362//2362 2361//2361
f 2376//2376 2363//2363 2362//2362
f 2377//2377 2364//2364 2363//2363
f 2378//2378 2365//2365 2364//2364
f 2379//2379 2366//2366 2365//2365
f 2380//2380 2367//2367 2366//2366
f 2381//2381 2368//2368 2367//2367
f 2382//2382 2369//2369 2368//2368
f 2383//2383 2370//2370 2369//2369
f 2384//2384 2371//2371 2370//2370
f 2385//2385 2372//2372 2371//2371
f 2386//2386 1471//1471 2372//2372
f 2387//2387 2373//2373 6786//6785
f 2388//2388 2374//2374 2373//2373
f 2389//2389 2375//2375 2374//2374
f 2390//2390 2376//2376 2375//2375
f 2391//2391 2377//2377 2376//2376
f 2392//2392 2378//2378 2377//2377
f 2393//2393 2379//2379 2378//2378
f 2394//2394 2380//2380 2379//2379
f 2395//2395 2381//2381 2380//2380
f 2396//2396 2382//2382 2381//2381
f 2397//2397 2383//2383 2382//2382
f 2398//2398 2384//2384 2383//2383
f 2399//2399 2385//2385 2384//2384
f 2400//2400 2386//2386 2385//2385
f 2401//2401 1486//1486 2386//2386
f 2402//2402 2388//2388 2387//2387
f 2403//2403 2389//2389 2388//2388
f 2404//2404 2390//2390 2389//2389
f 2405//2405 2391//2391 2390//2390
f 2406//2406 2392//2392 2391//2391
f 2407//2407 2393//2393 2392//2392
f 2408//2408 2394//2394 2393//2393
f 2409//2409 2395//2395 2394//2394
f 2410//2410 2396//2396 2395//2395
f 2411//2411 2397//2397 2396//2396
f 2412//2412 2398//2398 2397//2397
f 2413//2413 2399//2399 2398//2398
f 2414//2414 2400//2400 2399//2399
f 2415//2415 2401//2401 2400//2400
f 2416//2416 1501//1501 2401//2401
f 2417//2417 2403//2403 2402//2402
f 2418//2418 2404//2404 2403//2403
f 2419//2419 2405//2405 2404//2404
f 2420//2420 2406//2406 2405//2405
f 2421//2421 2407//2407 2406//2406
f 2422//2422 2408//2408 2407//2407
f 2423//2423 2409//2409 2408//2408
f 2424//2424 2410//2410 2409//2409
f 2425//2425 2411//2411 2410//2410
f 2426//2426 2412//2412 2411//2411
f 2427//2427 2413//2413 2412//2412
f 2428//2428 2414//2414 2413//2413
f 2429//2429 2415//2415 2414//2414
f 2430//2430 2416//2416 2415//2415
f 2431//2431 1516//1516 2416//2416
f 2432//2432 2417//2417 6729//6728
f 2432//2432 2419//2419 2418//2418
f 2434//2434 2419//2419 2433//2433
f 2435//2435 2420//2420 2434//2434
f 2436//2436 2421//2421 2435//2435
f 2437//2437 2422//2422 2436//2436
f 2437//2437 2424//2424 2423//2423
f 2438//2438 2425//2425 2424//2424
f 2440//2440 2425//2425 2439//2439
f 2441//2441 2426//2426 2440//2440
f 2442//2442 2427//2427 2441//2441
f 2442//2442 2429//2429 2428//2428
f 2444//2444 2429//2429 2443//2443
f 2445//2445 2430//2430 2444//2444
f 1546//1546 2431//2431 2445//2445
f 2447//2447 6729//6728 2446//2446
f 2448//2448 2432//2432 2447//2447
f 2449//2449 2433//2433 2448//2448
f 2450//2450 2434//2434 2449//2449
f 2451//2451 2435//2435 2450//2450
f 2452//2452 2436//2436 2451//2451
f 2453//2453 2437//2437 2452//2452
f 2454//2454 2438//2438 2453//2453
f 2455//2455 2439//2439 2454//2454
f 2456//2456 2440//2440 2455//2455
f 2457//2457 2441//2441 2456//2456
f 2458//2458 2442//2442 2457//2457
f 2459//2459 2443//2443 2458//2458
f 2460//2460 2444//2444 2459//2459
f 1561//1561 2445//2445 2460//2460
f 2461//2461 2446//2446 6700//6699
f 2462//2462 2447//2447 2461//2461
f 2463//2463 2448//2448 2462//2462
f 2464//2464 2449//2449 2463//2463
f 2465//2465 2450//2450 2464//2464
f 2466//2466 2451//2451 2465//2465
f 2467//2467 2452//2452 2466//2466
f 2468//2468 2453//2453 2467//2467
f 2469//2469 2454//2454 2468//2468
f 2470//2470 2455//2455 2469//2469
f 2471//2471 2456//2456 2470//2470
f 2472//2472 2457//2457 2471//2471
f 2473//2473 2458//2458 2472//2472
f 2474//2474 2459//2459 2473//2473
f 1576//1576 2460//2460 2474//2474
f 2475//2475 6700//6699 6685//6684
f 2476//2476 2461//2461 2475//2475
f 2477//2477 2462//2462 2476//2476
f 2478//2478 2463//2463 2477//2477
f 2479//2479 2464//2464 2478//2478
f 2480//2480 2465//2465 2479//2479
f 2481//2481 2466//2466 2480//2480
f 2482//2482 2467//2467 2481//2481
f 2483//2483 2468//2468 2482//2482
f 2484//2484 2469//2469 2483//2483
f 2485//2485 2470//2470 2484//2484
f 2486//2486 2471//2471 2485//2485
f 2487//2487 2472//2472 2486//2486
f 2488//2488 2473//2473 2487//2487
f 1591//1591 2474//2474 2488//2488
f 2490//2490 6685//6684 2489//2489
f 2491//2491 2475//2475 2490//2490
f 2492//2492 2476//2476 2491//2491
f 2493//2493 2477//2477 2492//2492
f 2494//2494 2478//2478 2493//2493
f 2495//2495 2479//2479 2494//2494
f 2496//2496 2480//2480 2495//2495
f 2497//2497 2481//2481 2496//2496
f 2498//2498 2482//2482 2497//2497
f 2499//2499 2483//2483 2498//2498
f 2500//2500 2484//2484 2499//2499
f 2501//2501 2485//2485 2500//2500
f 2502//2502 2486//2486 2501//2501
f 2503//2503 2487//2487 2502//2502
f 1606//1606 2488//2488 2503//2503
f 2505//2505 2489//2489 2504//2504
f 2506//2506 2490//2490 2505//2505
f 2507//2507 2491//2491 2506//2506
f 2508//2508 2492//2492 2507//2507
f 2509//2509 2493//2493 2508//2508
f 2510//2510 2494//2494 2509//2509
f 2511//2511 2495//2495 2510//2510
f 2512//2512 2496//2496 2511//2511
f 2513//2513 2497//2497 2512//2512
f 2514//2514 2498//2498 2513//2513
f 2515//2515 2499//2499 2514//2514
f 2516//2516 2500//2500 2515//2515
f 2517//2517 2501//2501 2516//2516
f 2518//2518 2502//2502 2517//2517
f 1621//1621 2503//2503 2518//2518
f 2520//2520 2504//2504 2519//2519
f 2521//2521 2505//2505 2520//2520
f 2522//2522 2506//2506 2521//2521
f 2523//2523 2507//2507 2522//2522
f 2524//2524 2508//2508 2523//2523
f 2525//2525 2509//2509 2524//2524
f 2526//2526 2510//2510 2525//2525
f 2527//2527 2511//2511 2526//2526
f 2528//2528 2512//2512 2527//2527
f 2529//2529 2513//2513 2528//2528
f 2530//2530 2514//2514 2529//2529
f 2531//2531 2515//2515 2530//2530
f 2532//2532 2516//2516 2531//2531
f 2533//2533 2517//2517 2532//2532
f 1636//1636 2518//2518 2533//2533
f 2096//2096 2519//2519 2097//2097
f 2099//2099 2520//2520 2096//2096
f 2101//2101 2521//2521 2099//2099
f 2103//2103 2522//2522 2101//2101
f 2105//2105 2523//2523 2103//2103
f 2107//2107 2524//2524 2105//2105
f 2109//2109 2525//2525 2107//2107
f 2111//2111 2526//2526 2109//2109
f 2113//2113 2527//2527 2111//2111
f 2115//2115 2528//2528 2113//2113
f 2117//2117 2529//2529 2115//2115
f 2119//2119 2530//2530 2117//2117
f 2121//2121 2531//2531 2119//2119
f 2123//2123 2532//2532 2121//2121
f 1204//1204 2533//2533 2123//2123
f 2534//2534 2080//2080 2079//2079
f 2535//2535 2081//2081 2080//2080
f 2536//2536 2082//2082 2081//2081
f 2537//2537 2083//2083 2082//2082
f 2538//2538 2084//2084 2083//2083
f 2539//2539 2085//2085 2084//2084
f 2540//2540 2086//2086 2085//2085
f 2541//2541 2087//2087 2086//2086
f 2542//2542 2088//2088 2087//2087
f 2543//2543 2089//2089 2088//2088
f 2544//2544 2090//2090 2089//2089
f 2545//2545 2091//2091 2090//2090
f 2546//2546 2092//2092 2091//2091
f 2547//2547 2093//2093 2092//2092
f 2548//2548 1186//1186 2093//2093
f 6586//6585 2535//2535 2534//2534
f 2549//2549 2536//2536 2535//2535
f 2550//2550 2537//2537 2536//2536
f 2551//2551 2538//2538 2537//2537
f 2552//2552 2539//2539 2538//2538
f 2553//2553 2540//2540 2539//2539
f 2554//2554 2541//2541 2540//2540
f 2555//2555 2542//2542 2541//2541
f 2556//2556 2543//2543 2542//2542
f 2557//2557 2544//2544 2543//2543
f 2558//2558 2545//2545 2544//2544
f 2559//2559 2546//2546 2545//2545
f 2560//2560 2547//2547 2546//2546
f 2561//2561 2548//2548 2547//2547
f 2562//2562 1651//1651 2548//2548
f 2563//2563 2549//2549 6586//6585
f 2564//2564 2550//2550 2549//2549
f 2565//2565 2551//2551 2550//2550
f 2566//2566 2552//2552 2551//2551
f 2567//2567 2553//2553 2552//2552
f 2568//2568 2554//2554 2553//2553
f 2569//2569 2555//2555 2554//2554
f 2570//2570 2556//2556 2555//2555
f 2571//2571 2557//2557 2556//2556
f 2572//2572 2558//2558 2557//2557
f 2573//2573 2559//2559 2558//2558
f 2574//2574 2560//2560 2559//2559
f 2575//2575 2561//2561 2560//2560
f 2576//2576 2562//2562 2561//2561
f 2577//2577 1666//1666 2562//2562
f 6557//6556 2564//2564 2563//2563
f 2578//2578 2565//2565 2564//2564
f 2579//2579 2566//2566 2565//2565
f 2580//2580 2567//2567 2566//2566
f 2581//2581 2568//2568 2567//2567
f 2582//2582 2569//2569 2568//2568
f 2583//2583 2570//2570 2569//2569
f 2584//2584 2571//2571 2570//2570
f 2585//2585 2572//2572 2571//2571
f 2586//2586 2573//2573 2572//2572
f 2587//2587 2574//2574 2573//2573
f 2588//2588 2575//2575 2574//2574
f 2589//2589 2576//2576 2575//2575
f 2590//2590 2577//2577 2576//2576
f 2591//2591 1681//1681 2577//2577
f 2592//2592 2578//2578 6557//6556
f 2593//2593 2579//2579 2578//2578
f 2594//2594 2580//2580 2579//2579
f 2595//2595 2581//2581 2580//2580
f 2596//2596 2582//2582 2581//2581
f 2597//2597 2583//2583 2582//2582
f 2598//2598 2584//2584 2583//2583
f 2599//2599 2585//2585 2584//2584
f 2600//2600 2586//2586 2585//2585
f 2601//2601 2587//2587 2586//2586
f 2602//2602 2588//2588 2587//2587
f 2603//2603 2589//2589 2588//2588
f 2604//2604 2590//2590 2589//2589
f 2605//2605 2591//2591 2590//2590
f 2606//2606 1696//1696 2591//2591
f 2607//2607 2593//2593 2592//2592
f 2608//2608 2594//2594 2593//2593
f 2609//2609 2595//2595 2594//2594
f 2610//2610 2596//2596 2595//2595
f 2611//2611 2597//2597 2596//2596
f 2612//2612 2598//2598 2597//2597
f 2613//2613 2599//2599 2598//2598
f 2614//2614 2600//2600 2599//2599
f 2615//2615 2601//2601 2600//2600
f 2616//2616 2602//2602 2601//2601
f 2617//2617 2603//2603 2602//2602
f 2618//2618 2604//2604 2603//2603
f 2619//2619 2605//2605 2604//2604
f 2620//2620 2606//2606 2605//2605
f 2621//2621 1711//1711 2606//2606
f 6514//6513 2608//2608 2607//2607
f 2622//2622 2609//2609 2608//2608
f 2623//2623 2610//2610 2609//2609
f 2624//2624 2611//2611 2610//2610
f 2625//2625 2612//2612 2611//2611
f 2626//2626 2613//2613 2612//2612
f 2627//2627 2614//2614 2613//2613
f 2628//2628 2615//2615 2614//2614
f 2629//2629 2616//2616 2615//2615
f 2630//2630 2617//2617 2616//2616
f 2631//2631 2618//2618 2617//2617
f 2632//2632 2619//2619 2618//2618
f 2633//2633 2620//2620 2619//2619
f 2634//2634 2621//2621 2620//2620
f 2635//2635 1726//1726 2621//2621
f 2637//2637 6514//6513 2636//2636
f 2637//2637 2623//2623 2622//2622
f 2639//2639 2623//2623 2638//2638
f 2640//2640 2624//2624 2639//2639
f 2640//2640 2626//2626 2625//2625
f 2642//2642 2626//2626 2641//2641
f 2642//2642 2628//2628 2627//2627
f 2644//2644 2628//2628 2643//2643
f 2644//2644 2630//2630 2629//2629
f 2646//2646 2630//2630 2645//2645
f 2647//2647 2631//2631 2646//2646
f 2648//2648 2632//2632 2647//2647
f 2649//2649 2633//2633 2648//2648
f 2650//2650 2634//2634 2649//2649
f 2650//2650 1741//1741 2635//2635
f 2652//2652 2636//2636 2651//2651
f 2653//2653 2637//2637 2652//2652
f 2654//2654 2638//2638 2653//2653
f 2655//2655 2639//2639 2654//2654
f 2656//2656 2640//2640 2655//2655
f 2657//2657 2641//2641 2656//2656
f 2658//2658 2642//2642 2657//2657
f 2659//2659 2643//2643 2658//2658
f 2660//2660 2644//2644 2659//2659
f 2661//2661 2645//2645 2660//2660
f 2662//2662 2646//2646 2661//2661
f 2663//2663 2647//2647 2662//2662
f 2664//2664 2648//2648 2663//2663
f 2665//2665 2649//2649 2664//2664
f 1771//1771 2650//2650 2665//2665
f 2667//2667 2651//2651 2666//2666
f 2668//2668 2652//2652 2667//2667
f 2669//2669 2653//2653 2668//2668
f 2670//2670 2654//2654 2669//2669
f 2671//2671 2655//2655 2670//2670
f 2672//2672 2656//2656 2671//2671
f 2673//2673 2657//2657 2672//2672
f 2674//2674 2658//2658 2673//2673
f 2675//2675 2659//2659 2674//2674
f 2676//2676 2660//2660 2675//2675
f 2677//2677 2661//2661 2676//2676
f 2678//2678 2662//2662 2677//2677
f 2679//2679 2663//2663 2678//2678
f 2680//2680 2664//2664 2679//2679
f 1786//1786 2665//2665 2680//2680
f 2682//2682 2666//2666 2681//2681
f 2683//2683 2667//2667 2682//2682
f 2684//2684 2668//2668 2683//2683
f 2685//2685 2669//2669 2684//2684
f 2686//2686 2670//2670 2685//2685
f 2687//2687 2671//2671 2686//2686
f 2688//2688 2672//2672 2687//2687
f 2689//2689 2673//2673 2688//2688
f 2690//2690 2674//2674 2689//2689
f 2691//2691 2675//2675 2690//2690
f 2692//2692 2676//2676 2691//2691
f 2693//2693 2677//2677 2692//2692
f 2694//2694 2678//2678 2693//2693
f 2695//2695 2679//2679 2694//2694
f 1801//1801 2680//2680 2695//2695
f 2697//2697 2681//2681 2696//2696
f 2698//2698 2682//2682 2697//2697
f 2699//2699 2683//2683 2698//2698
f 2700//2700 2684//2684 2699//2699
f 2701//2701 2685//2685 2700//2700
f 2702//2702 2686//2686 2701//2701
f 2703//2703 2687//2687 2702//2702
f 2704//2704 2688//2688 2703//2703
f 2705//2705 2689//2689 2704//2704
f 2706//2706 2690//2690 2705//2705
f 2707//2707 2691//2691 2706//2706
f 2708//2708 2692//2692 2707//2707
f 2709//2709 2693//2693 2708//2708
f 2710//2710 2694//2694 2709//2709
f 1816//1816 2695//2695 2710//2710
f 2712//2712 2696//2696 2711//2711
f 2713//2713 2697//2697 2712//2712
f 2714//2714 2698//2698 2713//2713
f 2715//2715 2699//2699 2714//2714
f 2716//2716 2700//2700 2715//2715
f 2717//2717 2701//2701 2716//2716
f 2718//2718 2702//2702 2717//2717
f 2719//2719 2703//2703 2718//2718
f 2720//2720 2704//2704 2719//2719
f 2721//2721 2705//2705 2720//2720
f 2722//2722 2706//2706 2721//2721
f 2723//2723 2707//2707 2722//2722
f 2724//2724 2708//2708 2723//2723
f 2725//2725 2709//2709 2724//2724
f 1831//1831 2710//2710 2725//2725
f 2727//2727 2711//2711 2726//2726
f 2728//2728 2712//2712 2727//2727
f 2729//2729 2713//2713 2728//2728
f 2730//2730 2714//2714 2729//2729
f 2731//2731 2715//2715 2730//2730
f 2732//2732 2716//2716 2731//2731
f 2733//2733 2717//2717 2732//2732
f 2734//2734 2718//2718 2733//2733
f 2735//2735 2719//2719 2734//2734
f 2736//2736 2720//2720 2735//2735
f 2737//2737 2721//2721 2736//2736
f 2738//2738 2722//2722 2737//2737
f 2739//2739 2723//2723 2738//2738
f 2740//2740 2724//2724 2739//2739
f 1846//1846 2725//2725 2740//2740
f 2316//2316 2726//2726 2317//2317
f 2319//2319 2727//2727 2316//2316
f 2321//2321 2728//2728 2319//2319
f 2323//2323 2729//2729 2321//2321
f 2325//2325 2730//2730 2323//2323
f 2327//2327 2731//2731 2325//2325
f 2329//2329 2732//2732 2327//2327
f 2331//2331 2733//2733 2329//2329
f 2333//2333 2734//2734 2331//2331
f 2335//2335 2735//2735 2333//2333
f 2337//2337 2736//2736 2335//2335
f 2339//2339 2737//2737 2337//2337
f 2341//2341 2738//2738 2339//2339
f 2343//2343 2739//2739 2341//2341
f 1429//1429 2740//2740 2343//2343
f 2741//2741 2743//2743 2744//2744
f 2742//2742 2746//2746 2743//2743
f 2745//2745 2748//2748 2746//2746
f 2747//2747 2750//2750 2748//2748
f 2749//2749 2752//2752 2750//2750
f 2751//2751 2754//2754 2752//2752
f 2753//2753 2756//2756 2754//2754
f 2755//2755 2758//2758 2756//2756
f 2757//2757 2760//2760 2758//2758
f 2759//2759 2762//2762 2760//2760
f 2761//2761 2764//2764 2762//2762
f 2763//2763 2766//2766 2764//2764
f 2765//2765 2768//2768 2766//2766
f 2769//2769 2768//2768 2767//2767
f 2771//2771 2770//2770 2769//2769
f 2773//2773 2742//2742 2741//2741
f 2774//2774 2745//2745 2742//2742
f 2775//2775 2747//2747 2745//2745
f 2776//2776 2749//2749 2747//2747
f 2777//2777 2751//2751 2749//2749
f 2778//2778 2753//2753 2751//2751
f 2779//2779 2755//2755 2753//2753
f 2780//2780 2757//2757 2755//2755
f 2781//2781 2759//2759 2757//2757
f 2782//2782 2761//2761 2759//2759
f 2783//2783 2763//2763 2761//2761
f 2784//2784 2765//2765 2763//2763
f 2785//2785 2767//2767 2765//2765
f 2787//2787 2767//2767 2786//2786
f 2788//2788 2769//2769 2787//2787
f 2789//2789 2774//2774 2773//2773
f 2790//2790 2775//2775 2774//2774
f 2791//2791 2776//2776 2775//2775
f 2792//2792 2777//2777 2776//2776
f 2793//2793 2778//2778 2777//2777
f 2794//2794 2779//2779 2778//2778
f 2795//2795 2780//2780 2779//2779
f 2796//2796 2781//2781 2780//2780
f 2797//2797 2782//2782 2781//2781
f 2798//2798 2783//2783 2782//2782
f 2799//2799 2784//2784 2783//2783
f 2800//2800 2785//2785 2784//2784
f 2801//2801 2786//2786 2785//2785
f 2803//2803 2786//2786 2802//2802
f 2804//2804 2787//2787 2803//2803
f 2805//2805 2790//2790 2789//2789
f 2806//2806 2791//2791 2790//2790
f 2807//2807 2792//2792 2791//2791
f 2808//2808 2793//2793 2792//2792
f 2809//2809 2794//2794 2793//2793
f 2810//2810 2795//2795 2794//2794
f 2811//2811 2796//2796 2795//2795
f 2812//2812 2797//2797 2796//2796
f 2813//2813 2798//2798 2797//2797
f 2814//2814 2799//2799 2798//2798
f 2815//2815 2800//2800 2799//2799
f 2816//2816 2801//2801 2800//2800
f 2817//2817 2802//2802 2801//2801
f 2819//2819 2802//2802 2818//2818
f 2820//2820 2803//2803 2819//2819
f 2821//2821 2806//2806 2805//2805
f 2822//2822 2807//2807 2806//2806
f 2823//2823 2808//2808 2807//2807
f 2824//2824 2809//2809 2808//2808
f 2825//2825 2810//2810 2809//2809
f 2826//2826 2811//2811 2810//2810
f 2827//2827 2812//2812 2811//2811
f 2828//2828 2813//2813 2812//2812
f 2829//2829 2814//2814 2813//2813
f 2830//2830 2815//2815 2814//2814
f 2831//2831 2816//2816 2815//2815
f 2832//2832 2817//2817 2816//2816
f 2833//2833 2818//2818 2817//2817
f 2835//2835 2818//2818 2834//2834
f 2836//2836 2819//2819 2835//2835
f 2837//2837 2822//2822 2821//2821
f 2838//2838 2823//2823 2822//2822
f 2839//2839 2824//2824 2823//2823
f 2840//2840 2825//2825 2824//2824
f 2841//2841 2826//2826 2825//2825
f 2842//2842 2827//2827 2826//2826
f 2843//2843 2828//2828 2827//2827
f 2844//2844 2829//2829 2828//2828
f 2845//2845 2830//2830 2829//2829
f 2846//2846 2831//2831 2830//2830
f 2847//2847 2832//2832 2831//2831
f 2848//2848 2833//2833 2832//2832
f 2849//2849 2834//2834 2833//2833
f 2851//2851 2834//2834 2850//2850
f 2852//2852 2835//2835 2851//2851
f 2853//2853 2838//2838 2837//2837
f 2854//2854 2839//2839 2838//2838
f 2855//2855 2840//2840 2839//2839
f 2856//2856 2841//2841 2840//2840
f 2857//2857 2842//2842 2841//2841
f 2858//2858 2843//2843 2842//2842
f 2859//2859 2844//2844 2843//2843
f 2860//2860 2845//2845 2844//2844
f 2861//2861 2846//2846 2845//2845
f 2862//2862 2847//2847 2846//2846
f 2863//2863 2848//2848 2847//2847
f 2864//2864 2849//2849 2848//2848
f 2865//2865 2850//2850 2849//2849
f 2867//2867 2850//2850 2866//2866
f 2868//2868 2851//2851 2867//2867
f 2869//2869 2854//2854 2853//2853
f 2870//2870 2855//2855 2854//2854
f 2871//2871 2856//2856 2855//2855
f 2872//2872 2857//2857 2856//2856
f 2873//2873 2858//2858 2857//2857
f 2874//2874 2859//2859 2858//2858
f 2875//2875 2860//2860 2859//2859
f 2876//2876 2861//2861 2860//2860
f 2877//2877 2862//2862 2861//2861
f 2878//2878 2863//2863 2862//2862
f 2879//2879 2864//2864 2863//2863
f 2880//2880 2865//2865 2864//2864
f 2881//2881 2866//2866 2865//2865
f 2883//2883 2866//2866 2882//2882
f 2884//2884 2867//2867 2883//2883
f 2885//2885 2870//2870 2869//2869
f 2886//2886 2871//2871 2870//2870
f 2887//2887 2872//2872 2871//2871
f 2888//2888 2873//2873 2872//2872
f 2889//2889 2874//2874 2873//2873
f 2890//2890 2875//2875 2874//2874
f 2891//2891 2876//2876 2875//2875
f 2892//2892 2877//2877 2876//2876
f 2893//2893 2878//2878 2877//2877
f 2894//2894 2879//2879 2878//2878
f 2895//2895 2880//2880 2879//2879
f 2896//2896 2881//2881 2880//2880
f 2897//2897 2882//2882 2881//2881
f 2899//2899 2882//2882 2898//2898
f 2900//2900 2883//2883 2899//2899
f 2901//2901 2886//2886 2885//2885
f 2902//2902 2887//2887 2886//2886
f 2903//2903 2888//2888 2887//2887
f 2904//2904 2889//2889 2888//2888
f 2905//2905 2890//2890 2889//2889
f 2906//2906 2891//2891 2890//2890
f 2907//2907 2892//2892 2891//2891
f 2908//2908 2893//2893 2892//2892
f 2909//2909 2894//2894 2893//2893
f 2910//2910 2895//2895 2894//2894
f 2911//2911 2896//2896 2895//2895
f 2912//2912 2897//2897 2896//2896
f 2913//2913 2898//2898 2897//2897
f 2915//2915 2898//2898 2914//2914
f 2916//2916 2899//2899 2915//2915
f 2917//2917 2902//2902 2901//2901
f 2918//2918 2903//2903 2902//2902
f 2919//2919 2904//2904 2903//2903
f 2920//2920 2905//2905 2904//2904
f 2921//2921 2906//2906 2905//2905
f 2922//2922 2907//2907 2906//2906
f 2923//2923 2908//2908 2907//2907
f 2924//2924 2909//2909 2908//2908
f 2925//2925 2910//2910 2909//2909
f 2926//2926 2911//2911 2910//2910
f 2927//2927 2912//2912 2911//2911
f 2928//2928 2913//2913 2912//2912
f 2929//2929 2914//2914 2913//2913
f 2931//2931 2914//2914 2930//2930
f 2932//2932 2915//2915 2931//2931
f 2933//2933 2918//2918 2917//2917
f 2934//2934 2919//2919 2918//2918
f 2935//2935 2920//2920 2919//2919
f 2936//2936 2921//2921 2920//2920
f 2937//2937 2922//2922 2921//2921
f 2938//2938 2923//2923 2922//2922
f 2939//2939 2924//2924 2923//2923
f 2940//2940 2925//2925 2924//2924
f 2941//2941 2926//2926 2925//2925
f 2942//2942 2927//2927 2926//2926
f 2943//2943 2928//2928 2927//2927
f 2944//2944 2929//2929 2928//2928
f 2945//2945 2930//2930 2929//2929
f 2947//2947 2930//2930 2946//2946
f 2948//2948 2931//2931 2947//2947
f 2949//2949 2934//2934 2933//2933
f 2950//2950 2935//2935 2934//2934
f 2951//2951 2936//2936 2935//2935
f 2952//2952 2937//2937 2936//2936
f 2953//2953 2938//2938 2937//2937
f 2954//2954 2939//2939 2938//2938
f 2955//2955 2940//2940 2939//2939
f 2956//2956 2941//2941 2940//2940
f 2957//2957 2942//2942 2941//2941
f 2958//2958 2943//2943 2942//2942
f 2959//2959 2944//2944 2943//2943
f 2960//2960 2945//2945 2944//2944
f 2961//2961 2946//2946 2945//2945
f 2963//2963 2946//2946 2962//2962
f 2964//2964 2947//2947 2963//2963
f 2965//2965 2950//2950 2949//2949
f 2966//2966 2951//2951 2950//2950
f 2967//2967 2952//2952 2951//2951
f 2968//2968 2953//2953 2952//2952
f 2969//2969 2954//2954 2953//2953
f 2970//2970 2955//2955 2954//2954
f 2971//2971 2956//2956 2955//2955
f 2972//2972 2957//2957 2956//2956
f 2973//2973 2958//2958 2957//2957
f 2974//2974 2959//2959 2958//2958
f 2975//2975 2960//2960 2959//2959
f 2976//2976 2961//2961 2960//2960
f 2977//2977 2962//2962 2961//2961
f 2979//2979 2962//2962 2978//2978
f 2980//2980 2963//2963 2979//2979
f 2981//2981 2966//2966 2965//2965
f 2982//2982 2967//2967 2966//2966
f 2983//2983 2968//2968 2967//2967
f 2984//2984 2969//2969 2968//2968
f 2985//2985 2970//2970 2969//2969
f 2986//2986 2971//2971 2970//2970
f 2987//2987 2972//2972 2971//2971
f 2988//2988 2973//2973 2972//2972
f 2989//2989 2974//2974 2973//2973
f 2990//2990 2975//2975 2974//2974
f 2991//2991 2976//2976 2975//2975
f 2992//2992 2977//2977 2976//2976
f 2993//2993 2978//2978 2977//2977
f 2995//2995 2978//2978 2994//2994
f 2996//2996 2979//2979 2995//2995
f 2998//2998 2981//2981 2997//2997
f 2999//2999 2982//2982 2998//2998
f 3000//3000 2983//2983 2999//2999
f 3001//3001 2984//2984 3000//3000
f 3002//3002 2985//2985 3001//3001
f 3003//3003 2986//2986 3002//3002
f 3004//3004 2987//2987 3003//3003
f 3005//3005 2988//2988 3004//3004
f 3006//3006 2989//2989 3005//3005
f 3007//3007 2990//2990 3006//3006
f 3008//3008 2991//2991 3007//3007
f 3009//3009 2992//2992 3008//3008
f 3010//3010 2993//2993 3009//3009
f 3010//3010 2995//2995 2994//2994
f 3011//3011 2996//2996 2995//2995
f 3014//3014 2997//2997 3013//3013
f 3015//3015 2998//2998 3014//3014
f 3016//3016 2999//2999 3015//3015
f 3017//3017 3000//3000 3016//3016
f 3018//3018 3001//3001 3017//3017
f 3019//3019 3002//3002 3018//3018
f 3020//3020 3003//3003 3019//3019
f 3021//3021 3004//3004 3020//3020
f 3022//3022 3005//3005 3021//3021
f 3023//3023 3006//3006 3022//3022
f 3024//3024 3007//3007 3023//3023
f 3025//3025 3008//3008 3024//3024
f 3026//3026 3009//3009 3025//3025
f 3026//3026 3011//3011 3010//3010
f 3027//3027 3012//3012 3011//3011
f 3030//3030 3013//3013 3029//3029
f 3031//3031 3014//3014 3030//3030
f 3032//3032 3015//3015 3031//3031
f 3033//3033 3016//3016 3032//3032
f 3034//3034 3017//3017 3033//3033
f 3035//3035 3018//3018 3034//3034
f 3036//3036 3019//3019 3035//3035
f 3037//3037 3020//3020 3036//3036
f 3038//3038 3021//3021 3037//3037
f 3039//3039 3022//3022 3038//3038
f 3040//3040 3023//3023 3039//3039
f 3041//3041 3024//3024 3040//3040
f 3042//3042 3025//3025 3041//3041
f 3042//3042 3027//3027 3026//3026
f 3043//3043 3028//3028 3027//3027
f 3046//3046 3029//3029 3045//3045
f 3047//3047 3030//3030 3046//3046
f 3048//3048 3031//3031 3047//3047
f 3049//3049 3032//3032 3048//3048
f 3050//3050 3033//3033 3049//3049
f 3051//3051 3034//3034 3050//3050
f 3052//3052 3035//3035 3051//3051
f 3053//3053 3036//3036 3052//3052
f 3054//3054 3037//3037 3053//3053
f 3055//3055 3038//3038 3054//3054
f 3056//3056 3039//3039 3055//3055
f 3057//3057 3040//3040 3056//3056
f 3058//3058 3041//3041 3057//3057
f 3058//3058 3043//3043 3042//3042
f 3059//3059 3044//3044 3043//3043
f 3062//3062 3045//3045 3061//3061
f 3063//3063 3046//3046 3062//3062
f 3064//3064 3047//3047 3063//3063
f 3065//3065 3048//3048 3064//3064
f 3066//3066 3049//3049 3065//3065
f 3067//3067 3050//3050 3066//3066
f 3068//3068 3051//3051 3067//3067
f 3069//3069 3052//3052 3068//3068
f 3070//3070 3053//3053 3069//3069
f 3071//3071 3054//3054 3070//3070
f 3072//3072 3055//3055 3071//3071
f 3073//3073 3056//3056 3072//3072
f 3074//3074 3057//3057 3073//3073
f 3074//3074 3059//3059 3058//3058
f 3075//3075 3060//3060 3059//3059
f 3078//3078 3061//3061 3077//3077
f 3079//3079 3062//3062 3078//3078
f 3080//3080 3063//3063 3079//3079
f 3081//3081 3064//3064 3080//3080
f 3082//3082 3065//3065 3081//3081
f 3083//3083 3066//3066 3082//3082
f 3084//3084 3067//3067 3083//3083
f 3085//3085 3068//3068 3084//3084
f 3086//3086 3069//3069 3085//3085
f 3087//3087 3070//3070 3086//3086
f 3088//3088 3071//3071 3087//3087
f 3089//3089 3072//3072 3088//3088
f 3090//3090 3073//3073 3089//3089
f 3090//3090 3075//3075 3074//3074
f 3091//3091 3076//3076 3075//3075
f 3094//3094 3077//3077 3093//3093
f 3095//3095 3078//3078 3094//3094
f 3096//3096 3079//3079 3095//3095
f 3097//3097 3080//3080 3096//3096
f 3098//3098 3081//3081 3097//3097
f 3099//3099 3082//3082 3098//3098
f 3100//3100 3083//3083 3099//3099
f 3101//3101 3084//3084 3100//3100
f 3102//3102 3085//3085 3101//3101
f 3103//3103 3086//3086 3102//3102
f 3104//3104 3087//3087 3103//3103
f 3105//3105 3088//3088 3104//3104
f 3106//3106 3089//3089 3105//3105
f 3106//3106 3091//3091 3090//3090
f 3107//3107 3092//3092 3091//3091
f 3110//3110 3093//3093 3109//3109
f 3111//3111 3094//3094 3110//3110
f 3112//3112 3095//3095 3111//3111
f 3113//3113 3096//3096 3112//3112
f 3114//3114 3097//3097 3113//3113
f 3115//3115 3098//3098 3114//3114
f 3116//3116 3099//3099 3115//3115
f 3117//3117 3100//3100 3116//3116
f 3118//3118 3101//3101 3117//3117
f 3119//3119 3102//3102 3118//3118
f 3120//3120 3103//3103 3119//3119
f 3121//3121 3104//3104 3120//3120
f 3122//3122 3105//3105 3121//3121
f 3122//3122 3107//3107 3106//3106
f 3123//3123 3108//3108 3107//3107
f 3126//3126 3109//3109 3125//3125
f 3127//3127 3110//3110 3126//3126
f 3128//3128 3111//3111 3127//3127
f 3129//3129 3112//3112 3128//3128
f 3130//3130 3113//3113 3129//3129
f 3131//3131 3114//3114 3130//3130
f 3132//3132 3115//3115 3131//3131
f 3133//3133 3116//3116 3132//3132
f 3134//3134 3117//3117 3133//3133
f 3135//3135 3118//3118 3134//3134
f 3136//3136 3119//3119 3135//3135
f 3137//3137 3120//3120 3136//3136
f 3138//3138 3121//3121 3137//3137
f 3138//3138 3123//3123 3122//3122
f 3139//3139 3124//3124 3123//3123
f 3142//3142 3125//3125 3141//3141
f 3143//3143 3126//3126 3142//3142
f 3144//3144 3127//3127 3143//3143
f 3145//3145 3128//3128 3144//3144
f 3146//3146 3129//3129 3145//3145
f 3147//3147 3130//3130 3146//3146
f 3148//3148 3131//3131 3147//3147
f 3149//3149 3132//3132 3148//3148
f 3150//3150 3133//3133 3149//3149
f 3151//3151 3134//3134 3150//3150
f 3152//3152 3135//3135 3151//3151
f 3153//3153 3136//3136 3152//3152
f 3154//3154 3137//3137 3153//3153
f 3154//3154 3139//3139 3138//3138
f 3155//3155 3140//3140 3139//3139
f 3158//3158 3141//3141 3157//3157
f 3159//3159 3142//3142 3158//3158
f 3160//3160 3143//3143 3159//3159
f 3161//3161 3144//3144 3160//3160
f 3162//3162 3145//3145 3161//3161
f 3163//3163 3146//3146 3162//3162
f 3164//3164 3147//3147 3163//3163
f 3165//3165 3148//3148 3164//3164
f 3166//3166 3149//3149 3165//3165
f 3167//3167 3150//3150 3166//3166
f 3168//3168 3151//3151 3167//3167
f 3169//3169 3152//3152 3168//3168
f 3170//3170 3153//3153 3169//3169
f 3170//3170 3155//3155 3154//3154
f 3171//3171 3156//3156 3155//3155
f 3174//3174 3157//3157 3173//3173
f 3175//3175 3158//3158 3174//3174
f 3176//3176 3159//3159 3175//3175
f 3177//3177 3160//3160 3176//3176
f 3178//3178 3161//3161 3177//3177
f 3179//3179 3162//3162 3178//3178
f 3180//3180 3163//3163 3179//3179
f 3181//3181 3164//3164 3180//3180
f 3182//3182 3165//3165 3181//3181
f 3183//3183 3166//3166 3182//3182
f 3184//3184 3167//3167 3183//3183
f 3185//3185 3168//3168 3184//3184
f 3186//3186 3169//3169 3185//3185
f 3186//3186 3171//3171 3170//3170
f 3187//3187 3172//3172 3171//3171
f 3190//3190 3173//3173 3189//3189
f 3191//3191 3174//3174 3190//3190
f 3192//3192 3175//3175 3191//3191
f 3193//3193 3176//3176 3192//3192
f 3194//3194 3177//3177 3193//3193
f 3195//3195 3178//3178 3194//3194
f 3196//3196 3179//3179 3195//3195
f 3197//3197 3180//3180 3196//3196
f 3198//3198 3181//3181 3197//3197
f 3199//3199 3182//3182 3198//3198
f 3200//3200 3183//3183 3199//3199
f 3201//3201 3184//3184 3200//3200
f 3202//3202 3185//3185 3201//3201
f 3202//3202 3187//3187 3186//3186
f 3203//3203 3188//3188 3187//3187
f 3206//3206 3189//3189 3205//3205
f 3207//3207 3190//3190 3206//3206
f 3208//3208 3191//3191 3207//3207
f 3209//3209 3192//3192 3208//3208
f 3210//3210 3193//3193 3209//3209
f 3211//3211 3194//3194 3210//3210
f 3212//3212 3195//3195 3211//3211
f 3213//3213 3196//3196 3212//3212
f 3214//3214 3197//3197 3213//3213
f 3215//3215 3198//3198 3214//3214
f 3216//3216 3199//3199 3215//3215
f 3217//3217 3200//3200 3216//3216
f 3218//3218 3201//3201 3217//3217
f 3218//3218 3203//3203 3202//3202
f 3219//3219 3204//3204 3203//3203
f 2743//2743 3205//3205 2744//2744
f 2746//2746 3206//3206 2743//2743
f 2748//2748 3207//3207 2746//2746
f 2750//2750 3208//3208 2748//2748
f 2752//2752 3209//3209 2750//2750
f 2754//2754 3210//3210 2752//2752
f 2756//2756 3211//3211 2754//2754
f 2758//2758 3212//3212 2756//2756
f 2760//2760 3213//3213 2758//2758
f 2762//2762 3214//3214 2760//2760
f 2764//2764 3215//3215 2762//2762
f 2766//2766 3216//3216 2764//2764
f 2768//2768 3217//3217 2766//2766
f 2768//2768 3219//3219 3218//3218
f 2770//2770 3220//3220 3219//3219
f 3221//3221 3223//3223 3224//3224
f 3222//3222 3226//3226 3223//3223
f 3225//3225 3228//3228 3226//3226
f 3227//3227 3230//3230 3228//3228
f 3229//3229 3232//3232 3230//3230
f 3231//3231 3234//3234 3232//3232
f 3233//3233 3236//3236 3234//3234
f 3235//3235 3238//3238 3236//3236
f 3237//3237 3240//3240 3238//3238
f 3239//3239 3242//3242 3240//3240
f 3241//3241 3244//3244 3242//3242
f 3243//3243 3246//3246 3244//3244
f 3245//3245 3248//3248 3246//3246
f 3247//3247 3250//3250 3248//3248
f 3249//3249 2744//2744 3250//3250
f 3251//3251 3222//3222 3221//3221
f 3252//3252 3225//3225 3222//3222
f 3253//3253 3227//3227 3225//3225
f 3254//3254 3229//3229 3227//3227
f 3255//3255 3231//3231 3229//3229
f 3256//3256 3233//3233 3231//3231
f 3257//3257 3235//3235 3233//3233
f 3258//3258 3237//3237 3235//3235
f 3259//3259 3239//3239 3237//3237
f 3260//3260 3241//3241 3239//3239
f 3261//3261 3243//3243 3241//3241
f 3262//3262 3245//3245 3243//3243
f 3263//3263 3247//3247 3245//3245
f 3264//3264 3249//3249 3247//3247
f 3265//3265 2741//2741 3249//3249
f 3266//3266 3252//3252 3251//3251
f 3267//3267 3253//3253 3252//3252
f 3268//3268 3254//3254 3253//3253
f 3269//3269 3255//3255 3254//3254
f 3270//3270 3256//3256 3255//3255
f 3271//3271 3257//3257 3256//3256
f 3272//3272 3258//3258 3257//3257
f 3273//3273 3259//3259 3258//3258
f 3274//3274 3260//3260 3259//3259
f 3275//3275 3261//3261 3260//3260
f 3276//3276 3262//3262 3261//3261
f 3277//3277 3263//3263 3262//3262
f 3278//3278 3264//3264 3263//3263
f 3279//3279 3265//3265 3264//3264
f 3280//3280 2773//2773 3265//3265
f 3281//3281 3267//3267 3266//3266
f 3282//3282 3268//3268 3267//3267
f 3283//3283 3269//3269 3268//3268
f 3284//3284 3270//3270 3269//3269
f 3285//3285 3271//3271 3270//3270
f 3286//3286 3272//3272 3271//3271
f 3287//3287 3273//3273 3272//3272
f 3288//3288 3274//3274 3273//3273
f 3289//3289 3275//3275 3274//3274
f 3290//3290 3276//3276 3275//3275
f 3291//3291 3277//3277 3276//3276
f 3292//3292 3278//3278 3277//3277
f 3293//3293 3279//3279 3278//3278
f 3294//3294 3280//3280 3279//3279
f 3295//3295 2789//2789 3280//3280
f 3296//3296 3282//3282 3281//3281
f 3297//3297 3283//3283 3282//3282
f 3298//3298 3284//3284 3283//3283
f 3299//3299 3285//3285 3284//3284
f 3300//3300 3286//3286 3285//3285
f 3301//3301 3287//3287 3286//3286
f 3302//3302 3288//3288 3287//3287
f 3303//3303 3289//3289 3288//3288
f 3304//3304 3290//3290 3289//3289
f 3305//3305 3291//3291 3290//3290
f 3306//3306 3292//3292 3291//3291
f 3307//3307 3293//3293 3292//3292
f 3308//3308 3294//3294 3293//3293
f 3309//3309 3295//3295 3294//3294
f 3310//3310 2805//2805 3295//3295
f 3311//3311 3297//3297 3296//3296
f 3312//3312 3298//3298 3297//3297
f 3313//3313 3299//3299 3298//3298
f 3314//3314 3300//3300 3299//3299
f 3315//3315 3301//3301 3300//3300
f 3316//3316 3302//3302 3301//3301
f 3317//3317 3303//3303 3302//3302
f 3318//3318 3304//3304 3303//3303
f 3319//3319 3305//3305 3304//3304
f 3320//3320 3306//3306 3305//3305
f 3321//3321 3307//3307 3306//3306
f 3322//3322 3308//3308 3307//3307
f 3323//3323 3309//3309 3308//3308
f 3324//3324 3310//3310 3309//3309
f 3325//3325 2821//2821 3310//3310
f 3326//3326 3312//3312 3311//3311
f 3327//3327 3313//3313 3312//3312
f 3328//3328 3314//3314 3313//3313
f 3329//3329 3315//3315 3314//3314
f 3330//3330 3316//3316 3315//3315
f 3331//3331 3317//3317 3316//3316
f 3332//3332 3318//3318 3317//3317
f 3333//3333 3319//3319 3318//3318
f 3334//3334 3320//3320 3319//3319
f 3335//3335 3321//3321 3320//3320
f 3336//3336 3322//3322 3321//3321
f 3337//3337 3323//3323 3322//3322
f 3338//3338 3324//3324 3323//3323
f 3339//3339 3325//3325 3324//3324
f 3340//3340 2837//2837 3325//3325
f 3341//3341 3327//3327 3326//3326
f 3342//3342 3328//3328 3327//3327
f 3343//3343 3329//3329 3328//3328
f 3344//3344 3330//3330 3329//3329
f 3345//3345 3331//3331 3330//3330
f 3346//3346 3332//3332 3331//3331
f 3347//3347 3333//3333 3332//3332
f 3348//3348 3334//3334 3333//3333
f 3349//3349 3335//3335 3334//3334
f 3350//3350 3336//3336 3335//3335
f 3351//3351 3337//3337 3336//3336
f 3352//3352 3338//3338 3337//3337
f 3353//3353 3339//3339 3338//3338
f 3354//3354 3340//3340 3339//3339
f 3355//3355 2853//2853 3340//3340
f 3356//3356 3342//3342 3341//3341
f 3357//3357 3343//3343 3342//3342
f 3358//3358 3344//3344 3343//3343
f 3359//3359 3345//3345 3344//3344
f 3360//3360 3346//3346 3345//3345
f 3361//3361 3347//3347 3346//3346
f 3362//3362 3348//3348 3347//3347
f 3363//3363 3349//3349 3348//3348
f 3364//3364 3350//3350 3349//3349
f 3365//3365 3351//3351 3350//3350
f 3366//3366 3352//3352 3351//3351
f 3367//3367 3353//3353 3352//3352
f 3368//3368 3354//3354 3353//3353
f 3369//3369 3355//3355 3354//3354
f 3370//3370 2869//2869 3355//3355
f 3371//3371 3357//3357 3356//3356
f 3372//3372 3358//3358 3357//3357
f 3373//3373 3359//3359 3358//3358
f 3374//3374 3360//3360 3359//3359
f 3375//3375 3361//3361 3360//3360
f 3376//3376 3362//3362 3361//3361
f 3377//3377 3363//3363 3362//3362
f 3378//3378 3364//3364 3363//3363
f 3379//3379 3365//3365 3364//3364
f 3380//3380 3366//3366 3365//3365
f 3381//3381 3367//3367 3366//3366
f 3382//3382 3368//3368 3367//3367
f 3383//3383 3369//3369 3368//3368
f 3384//3384 3370//3370 3369//3369
f 3385//3385 2885//2885 3370//3370
f 3386//3386 3372//3372 3371//3371
f 3387//3387 3373//3373 3372//3372
f 3388//3388 3374//3374 3373//3373
f 3389//3389 3375//3375 3374//3374
f 3390//3390 3376//3376 3375//3375
f 3391//3391 3377//3377 3376//3376
f 3392//3392 3378//3378 3377//3377
f 3393//3393 3379//3379 3378//3378
f 3394//3394 3380//3380 3379//3379
f 3395//3395 3381//3381 3380//3380
f 3396//3396 3382//3382 3381//3381
f 3397//3397 3383//3383 3382//3382
f 3398//3398 3384//3384 3383//3383
f 3399//3399 3385//3385 3384//3384
f 3400//3400 2901//2901 3385//3385
f 3401//3401 3387//3387 3386//3386
f 3402//3402 3388//3388 3387//3387
f 3403//3403 3389//3389 3388//3388
f 3404//3404 3390//3390 3389//3389
f 3405//3405 3391//3391 3390//3390
f 3406//3406 3392//3392 3391//3391
f 3407//3407 3393//3393 3392//3392
f 3408//3408 3394//3394 3393//3393
f 3409//3409 3395//3395 3394//3394
f 3410//3410 3396//3396 3395//3395
f 3411//3411 3397//3397 3396//3396
f 3412//3412 3398//3398 3397//3397
f 3413//3413 3399//3399 3398//3398
f 3414//3414 3400//3400 3399//3399
f 3415//3415 2917//2917 3400//3400
f 3416//3416 3402//3402 3401//3401
f 3417//3417 3403//3403 3402//3402
f 3418//3418 3404//3404 3403//3403
f 3419//3419 3405//3405 3404//3404
f 3420//3420 3406//3406 3405//3405
f 3421//3421 3407//3407 3406//3406
f 3422//3422 3408//3408 3407//3407
f 3423//3423 3409//3409 3408//3408
f 3424//3424 3410//3410 3409//3409
f 3425//3425 3411//3411 3410//3410
f 3426//3426 3412//3412 3411//3411
f 3427//3427 3413//3413 3412//3412
f 3428//3428 3414//3414 3413//3413
f 3429//3429 3415//3415 3414//3414
f 3430//3430 2933//2933 3415//3415
f 3431//3431 3417//3417 3416//3416
f 3432//3432 3418//3418 3417//3417
f 3433//3433 3419//3419 3418//3418
f 3434//3434 3420//3420 3419//3419
f 3435//3435 3421//3421 3420//3420
f 3436//3436 3422//3422 3421//3421
f 3437//3437 3423//3423 3422//3422
f 3438//3438 3424//3424 3423//3423
f 3439//3439 3425//3425 3424//3424
f 3440//3440 3426//3426 3425//3425
f 3441//3441 3427//3427 3426//3426
f 3442//3442 3428//3428 3427//3427
f 3443//3443 3429//3429 3428//3428
f 3444//3444 3430//3430 3429//3429
f 3445//3445 2949//2949 3430//3430
f 1204//1204 3432//3432 3431//3431
f 3446//3446 3433//3433 3432//3432
f 3447//3447 3434//3434 3433//3433
f 3448//3448 3435//3435 3434//3434
f 3449//3449 3436//3436 3435//3435
f 3450//3450 3437//3437 3436//3436
f 3451//3451 3438//3438 3437//3437
f 3452//3452 3439//3439 3438//3438
f 3453//3453 3440//3440 3439//3439
f 3454//3454 3441//3441 3440//3440
f 3455//3455 3442//3442 3441//3441
f 3456//3456 3443//3443 3442//3442
f 3457//3457 3444//3444 3443//3443
f 3458//3458 3445//3445 3444//3444
f 3459//3459 2965//2965 3445//3445
f 3461//3461 1204//1204 3460//3460
f 3462//3462 3446//3446 3461//3461
f 3463//3463 3447//3447 3462//3462
f 3464//3464 3448//3448 3463//3463
f 3465//3465 3449//3449 3464//3464
f 3466//3466 3450//3450 3465//3465
f 3467//3467 3451//3451 3466//3466
f 3468//3468 3452//3452 3467//3467
f 3469//3469 3453//3453 3468//3468
f 3470//3470 3454//3454 3469//3469
f 3471//3471 3455//3455 3470//3470
f 3472//3472 3456//3456 3471//3471
f 3473//3473 3457//3457 3472//3472
f 3474//3474 3458//3458 3473//3473
f 2997//2997 3459//3459 3474//3474
f 3476//3476 3460//3460 3475//3475
f 3477//3477 3461//3461 3476//3476
f 3478//3478 3462//3462 3477//3477
f 3479//3479 3463//3463 3478//3478
f 3480//3480 3464//3464 3479//3479
f 3481//3481 3465//3465 3480//3480
f 3482//3482 3466//3466 3481//3481
f 3483//3483 3467//3467 3482//3482
f 3484//3484 3468//3468 3483//3483
f 3485//3485 3469//3469 3484//3484
f 3486//3486 3470//3470 3485//3485
f 3487//3487 3471//3471 3486//3486
f 3488//3488 3472//3472 3487//3487
f 3489//3489 3473//3473 3488//3488
f 3013//3013 3474//3474 3489//3489
f 3491//3491 3475//3475 3490//3490
f 3492//3492 3476//3476 3491//3491
f 3493//3493 3477//3477 3492//3492
f 3494//3494 3478//3478 3493//3493
f 3495//3495 3479//3479 3494//3494
f 3496//3496 3480//3480 3495//3495
f 3497//3497 3481//3481 3496//3496
f 3498//3498 3482//3482 3497//3497
f 3499//3499 3483//3483 3498//3498
f 3500//3500 3484//3484 3499//3499
f 3501//3501 3485//3485 3500//3500
f 3502//3502 3486//3486 3501//3501
f 3503//3503 3487//3487 3502//3502
f 3504//3504 3488//3488 3503//3503
f 3029//3029 3489//3489 3504//3504
f 3506//3506 3490//3490 3505//3505
f 3507//3507 3491//3491 3506//3506
f 3508//3508 3492//3492 3507//3507
f 3509//3509 3493//3493 3508//3508
f 3510//3510 3494//3494 3509//3509
f 3511//3511 3495//3495 3510//3510
f 3512//3512 3496//3496 3511//3511
f 3513//3513 3497//3497 3512//3512
f 3514//3514 3498//3498 3513//3513
f 3515//3515 3499//3499 3514//3514
f 3516//3516 3500//3500 3515//3515
f 3517//3517 3501//3501 3516//3516
f 3518//3518 3502//3502 3517//3517
f 3519//3519 3503//3503 3518//3518
f 3045//3045 3504//3504 3519//3519
f 3521//3521 3505//3505 3520//3520
f 3522//3522 3506//3506 3521//3521
f 3523//3523 3507//3507 3522//3522
f 3524//3524 3508//3508 3523//3523
f 3525//3525 3509//3509 3524//3524
f 3526//3526 3510//3510 3525//3525
f 3527//3527 3511//3511 3526//3526
f 3528//3528 3512//3512 3527//3527
f 3529//3529 3513//3513 3528//3528
f 3530//3530 3514//3514 3529//3529
f 3531//3531 3515//3515 3530//3530
f 3532//3532 3516//3516 3531//3531
f 3533//3533 3517//3517 3532//3532
f 3534//3534 3518//3518 3533//3533
f 3061//3061 3519//3519 3534//3534
f 3536//3536 3520//3520 3535//3535
f 3537//3537 3521//3521 3536//3536
f 3538//3538 3522//3522 3537//3537
f 3539//3539 3523//3523 3538//3538
f 3540//3540 3524//3524 3539//3539
f 3541//3541 3525//3525 3540//3540
f 3542//3542 3526//3526 3541//3541
f 3543//3543 3527//3527 3542//3542
f 3544//3544 3528//3528 3543//3543
f 3545//3545 3529//3529 3544//3544
f 3546//3546 3530//3530 3545//3545
f 3547//3547 3531//3531 3546//3546
f 3548//3548 3532//3532 3547//3547
f 3549//3549 3533//3533 3548//3548
f 3077//3077 3534//3534 3549//3549
f 3551//3551 3535//3535 3550//3550
f 3552//3552 3536//3536 3551//3551
f 3553//3553 3537//3537 3552//3552
f 3554//3554 3538//3538 3553//3553
f 3555//3555 3539//3539 3554//3554
f 3556//3556 3540//3540 3555//3555
f 3557//3557 3541//3541 3556//3556
f 3558//3558 3542//3542 3557//3557
f 3559//3559 3543//3543 3558//3558
f 3560//3560 3544//3544 3559//3559
f 3561//3561 3545//3545 3560//3560
f 3562//3562 3546//3546 3561//3561
f 3563//3563 3547//3547 3562//3562
f 3564//3564 3548//3548 3563//3563
f 3093//3093 3549//3549 3564//3564
f 3566//3566 3550//3550 3565//3565
f 3567//3567 3551//3551 3566//3566
f 3568//3568 3552//3552 3567//3567
f 3569//3569 3553//3553 3568//3568
f 3570//3570 3554//3554 3569//3569
f 3571//3571 3555//3555 3570//3570
f 3572//3572 3556//3556 3571//3571
f 3573//3573 3557//3557 3572//3572
f 3574//3574 3558//3558 3573//3573
f 3575//3575 3559//3559 3574//3574
f 3576//3576 3560//3560 3575//3575
f 3577//3577 3561//3561 3576//3576
f 3578//3578 3562//3562 3577//3577
f 3579//3579 3563//3563 3578//3578
f 3109//3109 3564//3564 3579//3579
f 3581//3581 3565//3565 3580//3580
f 3582//3582 3566//3566 3581//3581
f 3583//3583 3567//3567 3582//3582
f 3584//3584 3568//3568 3583//3583
f 3585//3585 3569//3569 3584//3584
f 3586//3586 3570//3570 3585//3585
f 3587//3587 3571//3571 3586//3586
f 3588//3588 3572//3572 3587//3587
f 3589//3589 3573//3573 3588//3588
f 3590//3590 3574//3574 3589//3589
f 3591//3591 3575//3575 3590//3590
f 3592//3592 3576//3576 3591//3591
f 3593//3593 3577//3577 3592//3592
f 3594//3594 3578//3578 3593//3593
f 3125//3125 3579//3579 3594//3594
f 3596//3596 3580//3580 3595//3595
f 3597//3597 3581//3581 3596//3596
f 3598//3598 3582//3582 3597//3597
f 3599//3599 3583//3583 3598//3598
f 3600//3600 3584//3584 3599//3599
f 3601//3601 3585//3585 3600//3600
f 3602//3602 3586//3586 3601//3601
f 3603//3603 3587//3587 3602//3602
f 3604//3604 3588//3588 3603//3603
f 3605//3605 3589//3589 3604//3604
f 3606//3606 3590//3590 3605//3605
f 3607//3607 3591//3591 3606//3606
f 3608//3608 3592//3592 3607//3607
f 3609//3609 3593//3593 3608//3608
f 3141//3141 3594//3594 3609//3609
f 3611//3611 3595//3595 3610//3610
f 3612//3612 3596//3596 3611//3611
f 3613//3613 3597//3597 3612//3612
f 3614//3614 3598//3598 3613//3613
f 3615//3615 3599//3599 3614//3614
f 3616//3616 3600//3600 3615//3615
f 3617//3617 3601//3601 3616//3616
f 3618//3618 3602//3602 3617//3617
f 3619//3619 3603//3603 3618//3618
f 3620//3620 3604//3604 3619//3619
f 3621//3621 3605//3605 3620//3620
f 3622//3622 3606//3606 3621//3621
f 3623//3623 3607//3607 3622//3622
f 3624//3624 3608//3608 3623//3623
f 3157//3157 3609//3609 3624//3624
f 3626//3626 3610//3610 3625//3625
f 3627//3627 3611//3611 3626//3626
f 3628//3628 3612//3612 3627//3627
f 3629//3629 3613//3613 3628//3628
f 3630//3630 3614//3614 3629//3629
f 3631//3631 3615//3615 3630//3630
f 3632//3632 3616//3616 3631//3631
f 3633//3633 3617//3617 3632//3632
f 3634//3634 3618//3618 3633//3633
f 3635//3635 3619//3619 3634//3634
f 3636//3636 3620//3620 3635//3635
f 3637//3637 3621//3621 3636//3636
f 3638//3638 3622//3622 3637//3637
f 3639//3639 3623//3623 3638//3638
f 3173//3173 3624//3624 3639//3639
f 3641//3641 3625//3625 3640//3640
f 3642//3642 3626//3626 3641//3641
f 3643//3643 3627//3627 3642//3642
f 3644//3644 3628//3628 3643//3643
f 3645//3645 3629//3629 3644//3644
f 3646//3646 3630//3630 3645//3645
f 3647//3647 3631//3631 3646//3646
f 3648//3648 3632//3632 3647//3647
f 3649//3649 3633//3633 3648//3648
f 3650//3650 3634//3634 3649//3649
f 3651//3651 3635//3635 3650//3650
f 3652//3652 3636//3636 3651//3651
f 3653//3653 3637//3637 3652//3652
f 3654//3654 3638//3638 3653//3653
f 3189//3189 3639//3639 3654//3654
f 3656//3656 3640//3640 3655//3655
f 3657//3657 3641//3641 3656//3656
f 3658//3658 3642//3642 3657//3657
f 3659//3659 3643//3643 3658//3658
f 3660//3660 3644//3644 3659//3659
f 3661//3661 3645//3645 3660//3660
f 3662//3662 3646//3646 3661//3661
f 3663//3663 3647//3647 3662//3662
f 3664//3664 3648//3648 3663//3663
f 3665//3665 3649//3649 3664//3664
f 3666//3666 3650//3650 3665//3665
f 3667//3667 3651//3651 3666//3666
f 3668//3668 3652//3652 3667//3667
f 3669//3669 3653//3653 3668//3668
f 3205//3205 3654//3654 3669//3669
f 3223//3223 3655//3655 3224//3224
f 3226//3226 3656//3656 3223//3223
f 3228//3228 3657//3657 3226//3226
f 3230//3230 3658//3658 3228//3228
f 3232//3232 3659//3659 3230//3230
f 3234//3234 3660//3660 3232//3232
f 3236//3236 3661//3661 3234//3234
f 3238//3238 3662//3662 3236//3236
f 3240//3240 3663//3663 3238//3238
f 3242//3242 3664//3664 3240//3240
f 3244//3244 3665//3665 3242//3242
f 3246//3246 3666//3666 3244//3244
f 3248//3248 3667//3667 3246//3246
f 3250//3250 3668//3668 3248//3248
f 2744//2744 3669//3669 3250//3250
f 3670//3670 3672//3672 3673//3673
f 3671//3671 3675//3675 3672//3672
f 3674//3674 3677//3677 3675//3675
f 3676//3676 3679//3679 3677//3677
f 3678//3678 3681//3681 3679//3679
f 3680//3680 3683//3683 3681//3681
f 3684//3684 3683//3683 3682//3682
f 3686//3685 3685//3683 3684//3684
f 3688//3687 3687//3686 3686//3685
f 3690//3689 3689//3688 3688//3687
f 3692//3691 3691//3690 3690//3689
f 3694//3693 3693//3692 3692//3691
f 3696//3695 3695//3694 3694//3693
f 3698//3697 3697//3696 3696//3695
f 3700//3699 3699//3698 3698//3697
f 3702//3701 3671//3671 3670//3670
f 3703//3702 3674//3674 3671//3671
f 3704//3703 3676//3676 3674//3674
f 3705//3704 3678//3678 3676//3676
f 3706//3705 3680//3680 3678//3678
f 3708//3707 3680//3680 3707//3706
f 3709//3708 3682//3682 3708//3707
f 3710//3709 3684//3684 3709//3708
f 3711//3710 3686//3685 3710//3709
f 3712//3711 3688//3687 3711//3710
f 3713//3712 3690//3689 3712//3711
f 3714//3713 3692//3691 3713//3712
f 3715//3714 3694//3693 3714//3713
f 3716//3715 3696//3695 3715//3714
f 3717//3716 3698//3697 3716//3715
f 3718//3717 3703//3702 3702//3701
f 3719//3718 3704//3703 3703//3702
f 3720//3719 3705//3704 3704//3703
f 3721//3720 3706//3705 3705//3704
f 3722//3721 3707//3706 3706//3705
f 3724//3723 3707//3706 3723//3722
f 3725//3724 3708//3707 3724//3723
f 3726//3725 3709//3708 3725//3724
f 3727//3726 3710//3709 3726//3725
f 3728//3727 3711//3710 3727//3726
f 3729//3728 3712//3711 3728//3727
f 3730//3729 3713//3712 3729//3728
f 3731//3730 3714//3713 3730//3729
f 3732//3731 3715//3714 3731//3730
f 3733//3732 3716//3715 3732//3731
f 3734//3733 3719//3718 3718//3717
f 3735//3734 3720//3719 3719//3718
f 3736//3735 3721//3720 3720//3719
f 3737//3736 3722//3721 3721//3720
f 3738//3737 3723//3722 3722//3721
f 3740//3739 3723//3722 3739//3738
f 3741//3740 3724//3723 3740//3739
f 3742//3741 3725//3724 3741//3740
f 3743//3742 3726//3725 3742//3741
f 3744//3743 3727//3726 3743//3742
f 3745//3744 3728//3727 3744//3743
f 3746//3745 3729//3728 3745//3744
f 3747//3746 3730//3729 3746//3745
f 3748//3747 3731//3730 3747//3746
f 3749//3748 3732//3731 3748//3747
f 3750//3749 3735//3734 3734//3733
f 3751//3750 3736//3735 3735//3734
f 3752//3751 3737//3736 3736//3735
f 3753//3752 3738//3737 3737//3736
f 3754//3753 3739//3738 3738//3737
f 3756//3755 3739//3738 3755//3754
f 3757//3756 3740//3739 3756//3755
f 3758//3757 3741//3740 3757//3756
f 3759//3758 3742//3741 3758//3757
f 3760//3759 3743//3742 3759//3758
f 3761//3760 3744//3743 3760//3759
f 3762//3761 3745//3744 3761//3760
f 3763//3762 3746//3745 3762//3761
f 3764//3763 3747//3746 3763//3762
f 3765//3764 3748//3747 3764//3763
f 3766//3765 3751//3750 3750//3749
f 3767//3766 3752//3751 3751//3750
f 3768//3767 3753//3752 3752//3751
f 3769//3768 3754//3753 3753//3752
f 3771//3770 3754//3753 3770//3769
f 3772//3771 3755//3754 3771//3770
f 3773//3772 3756//3755 3772//3771
f 3774//3773 3757//3756 3773//3772
f 3775//3774 3758//3757 3774//3773
f 3776//3775 3759//3758 3775//3774
f 3777//3776 3760//3759 3776//3775
f 3778//3777 3761//3760 3777//3776
f 3779//3778 3762//3761 3778//3777
f 3780//3779 3763//3762 3779//3778
f 3781//3780 3764//3763 3780//3779
f 3782//3781 3767//3766 3766//3765
f 3783//3782 3768//3767 3767//3766
f 3784//3783 3769//3768 3768//3767
f 3785//3784 3770//3769 3769//3768
f 3787//3786 3770//3769 3786//3785
f 3788//3787 3771//3770 3787//3786
f 3789//3788 3772//3771 3788//3787
f 3790//3789 3773//3772 3789//3788
f 3791//3790 3774//3773 3790//3789
f 3792//3791 3775//3774 3791//3790
f 3793//3792 3776//3775 3792//3791
f 3794//3793 3777//3776 3793//3792
f 3795//3794 3778//3777 3794//3793
f 3796//3795 3779//3778 3795//3794
f 3797//3796 3780//3779 3796//3795
f 3798//3797 3783//3782 3782//3781
f 3799//3798 3784//3783 3783//3782
f 3800//3799 3785//3784 3784//3783
f 3801//3800 3786//3785 3785//3784
f 3803//3802 3786//3785 3802//3801
f 3804//3803 3787//3786 3803//3802
f 3805//3804 3788//3787 3804//3803
f 3806//3805 3789//3788 3805//3804
f 3807//3806 3790//3789 3806//3805
f 3808//3807 3791//3790 3807//3806
f 3809//3808 3792//3791 3808//3807
f 3810//3809 3793//3792 3809//3808
f 3811//3810 3794//3793 3810//3809
f 3812//3811 3795//3794 3811//3810
f 3813//3812 3796//3795 3812//3811
f 3814//3813 3799//3798 3798//3797
f 3815//3814 3800//3799 3799//3798
f 3816//3815 3801//3800 3800//3799
f 3817//3816 3802//3801 3801//3800
f 3819//3818 3802//3801 3818//3817
f 3820//3819 3803//3802 3819//3818
f 3821//3820 3804//3803 3820//3819
f 3822//3821 3805//3804 3821//3820
f 3823//3822 3806//3805 3822//3821
f 3824//3823 3807//3806 3823//3822
f 3825//3824 3808//3807 3824//3823
f 3826//3825 3809//3808 3825//3824
f 3827//3826 3810//3809 3826//3825
f 3828//3827 3811//3810 3827//3826
f 3829//3828 3812//3811 3828//3827
f 3830//3829 3815//3814 3814//3813
f 3831//3830 3816//3815 3815//3814
f 3832//3831 3817//3816 3816//3815
f 3833//3832 3818//3817 3817//3816
f 3835//3834 3818//3817 3834//3833
f 3836//3835 3819//3818 3835//3834
f 3837//3836 3820//3819 3836//3835
f 3838//3837 3821//3820 3837//3836
f 3839//3838 3822//3821 3838//3837
f 3840//3839 3823//3822 3839//3838
f 3841//3840 3824//3823 3840//3839
f 3842//3841 3825//3824 3841//3840
f 3843//3842 3826//3825 3842//3841
f 3844//3843 3827//3826 3843//3842
f 3845//3844 3828//3827 3844//3843
f 3846//3845 3831//3830 3830//3829
f 3847//3846 3832//3831 3831//3830
f 3848//3847 3833//3832 3832//3831
f 3850//3849 3833//3832 3849//3848
f 3851//3850 3834//3833 3850//3849
f 3852//3851 3835//3834 3851//3850
f 3853//3852 3836//3835 3852//3851
f 3854//3853 3837//3836 3853//3852
f 3855//3854 3838//3837 3854//3853
f 3856//3855 3839//3838 3855//3854
f 3857//3856 3840//3839 3856//3855
f 3858//3857 3841//3840 3857//3856
f 3859//3858 3842//3841 3858//3857
f 3860//3859 3843//3842 3859//3858
f 3861//3860 3844//3843 3860//3859
f 3862//3861 3847//3846 3846//3845
f 3863//3862 3848//3847 3847//3846
f 3864//3863 3849//3848 3848//3847
f 3866//3865 3849//3848 3865//3864
f 3867//3866 3850//3849 3866//3865
f 3868//3867 3851//3850 3867//3866
f 3869//3868 3852//3851 3868//3867
f 3870//3869 3853//3852 3869//3868
f 3871//3870 3854//3853 3870//3869
f 3872//3871 3855//3854 3871//3870
f 3873//3872 3856//3855 3872//3871
f 3874//3873 3857//3856 3873//3872
f 3875//3874 3858//3857 3874//3873
f 3876//3875 3859//3858 3875//3874
f 3877//3876 3860//3859 3876//3875
f 3878//3877 3863//3862 3862//3861
f 3879//3878 3864//3863 3863//3862
f 3880//3879 3865//3864 3864//3863
f 3882//3881 3865//3864 3881//3880
f 3883//3882 3866//3865 3882//3881
f 3884//3883 3867//3866 3883//3882
f 3885//3884 3868//3867 3884//3883
f 3886//3885 3869//3868 3885//3884
f 3887//3886 3870//3869 3886//3885
f 3888//3887 3871//3870 3887//3886
f 3889//3888 3872//3871 3888//3887
f 3890//3889 3873//3872 3889//3888
f 3891//3890 3874//3873 3890//3889
f 3892//3891 3875//3874 3891//3890
f 3893//3892 3876//3875 3892//3891
f 3894//3893 3879//3878 3878//3877
f 3895//3894 3880//3879 3879//3878
f 3896//3895 3881//3880 3880//3879
f 3898//3897 3881//3880 3897//3896
f 3899//3898 3882//3881 3898//3897
f 3900//3899 3883//3882 3899//3898
f 3901//3900 3884//3883 3900//3899
f 3902//3901 3885//3884 3901//3900
f 3903//3902 3886//3885 3902//3901
f 3904//3903 3887//3886 3903//3902
f 3905//3904 3888//3887 3904//3903
f 3906//3905 3889//3888 3905//3904
f 3907//3906 3890//3889 3906//3905
f 3908//3907 3891//3890 3907//3906
f 3909//3908 3892//3891 3908//3907
f 3910//3909 3895//3894 3894//3893
f 3911//3910 3896//3895 3895//3894
f 3912//3911 3897//3896 3896//3895
f 3914//3913 3897//3896 3913//3912
f 3915//3914 3898//3897 3914//3913
f 3916//3915 3899//3898 3915//3914
f 3917//3916 3900//3899 3916//3915
f 3918//3917 3901//3900 3917//3916
f 3919//3918 3902//3901 3918//3917
f 3920//3919 3903//3902 3919//3918
f 3921//3920 3904//3903 3920//3919
f 3922//3921 3905//3904 3921//3920
f 3923//3922 3906//3905 3922//3921
f 3924//3923 3907//3906 3923//3922
f 3925//3924 3908//3907 3924//3923
f 3927//3926 3910//3909 3926//3925
f 3928//3927 3911//3910 3927//3926
f 3929//3928 3912//3911 3928//3927
f 3929//3928 3914//3913 3913//3912
f 3930//3929 3915//3914 3914//3913
f 3931//3930 3916//3915 3915//3914
f 3932//3931 3917//3916 3916//3915
f 3933//3932 3918//3917 3917//3916
f 3934//3933 3919//3918 3918//3917
f 3935//3934 3920//3919 3919//3918
f 3936//3935 3921//3920 3920//3919
f 3937//3936 3922//3921 3921//3920
f 3938//3937 3923//3922 3922//3921
f 3939//3938 3924//3923 3923//3922
f 3940//3939 3925//3924 3924//3923
f 3943//3942 3926//3925 3942//3941
f 3944//3943 3927//3926 3943//3942
f 3945//3944 3928//3927 3944//3943
f 3945//3944 3930//3929 3929//3928
f 3946//3945 3931//3930 3930//3929
f 3947//3946 3932//3931 3931//3930
f 3948//3947 3933//3932 3932//3931
f 3949//3948 3934//3933 3933//3932
f 3950//3949 3935//3934 3934//3933
f 3951//3950 3936//3935 3935//3934
f 3952//3951 3937//3936 3936//3935
f 3953//3952 3938//3937 3937//3936
f 3954//3953 3939//3938 3938//3937
f 3955//3954 3940//3939 3939//3938
f 3956//3955 3941//3940 3940//3939
f 3959//3958 3942//3941 3958//3957
f 3960//3959 3943//3942 3959//3958
f 3961//3960 3944//3943 3960//3959
f 3961//3960 3946//3945 3945//3944
f 3962//3961 3947//3946 3946//3945
f 3963//3962 3948//3947 3947//3946
f 3964//3963 3949//3948 3948//3947
f 3965//3964 3950//3949 3949//3948
f 3966//3965 3951//3950 3950//3949
f 3967//3966 3952//3951 3951//3950
f 3968//3967 3953//3952 3952//3951
f 3969//3968 3954//3953 3953//3952
f 3970//3969 3955//3954 3954//3953
f 3971//3970 3956//3955 3955//3954
f 3972//3971 3957//3956 3956//3955
f 3975//3974 3958//3957 3974//3973
f 3976//3975 3959//3958 3975//3974
f 3977//3976 3960//3959 3976//3975
f 3977//3976 3962//3961 3961//3960
f 3978//3977 3963//3962 3962//3961
f 3979//3978 3964//3963 3963//3962
f 3980//3979 3965//3964 3964//3963
f 3981//3980 3966//3965 3965//3964
f 3982//3981 3967//3966 3966//3965
f 3983//3982 3968//3967 3967//3966
f 3984//3983 3969//3968 3968//3967
f 3985//3984 3970//3969 3969//3968
f 3986//3985 3971//3970 3970//3969
f 3987//3986 3972//3971 3971//3970
f 3988//3987 3973//3972 3972//3971
f 3991//3990 3974//3973 3990//3989
f 3992//3991 3975//3974 3991//3990
f 3993//3992 3976//3975 3992//3991
f 3993//3992 3978//3977 3977//3976
f 3994//3993 3979//3978 3978//3977
f 3995//3994 3980//3979 3979//3978
f 3996//3995 3981//3980 3980//3979
f 3997//3996 3982//3981 3981//3980
f 3998//3997 3983//3982 3982//3981
f 3999//3998 3984//3983 3983//3982
f 4000//3999 3985//3984 3984//3983
f 4001//4000 3986//3985 3985//3984
f 4002//4001 3987//3986 3986//3985
f 4003//4002 3988//3987 3987//3986
f 4004//4003 3989//3988 3988//3987
f 4007//4006 3990//3989 4006//4005
f 4008//4007 3991//3990 4007//4006
f 4009//4008 3992//3991 4008//4007
f 4010//4009 3993//3992 4009//4008
f 4010//4009 3995//3994 3994//3993
f 4011//4010 3996//3995 3995//3994
f 4012//4011 3997//3996 3996//3995
f 4013//4012 3998//3997 3997//3996
f 4014//4013 3999//3998 3998//3997
f 4015//4014 4000//3999 3999//3998
f 4016//4015 4001//4000 4000//3999
f 4017//4016 4002//4001 4001//4000
f 4018//4017 4003//4002 4002//4001
f 4019//4018 4004//4003 4003//4002
f 4020//4019 4005//4004 4004//4003
f 4023//4022 4006//4005 4022//4021
f 4024//4023 4007//4006 4023//4022
f 4025//4024 4008//4007 4024//4023
f 4026//4025 4009//4008 4025//4024
f 4026//4025 4011//4010 4010//4009
f 4027//4026 4012//4011 4011//4010
f 4028//4027 4013//4012 4012//4011
f 4029//4028 4014//4013 4013//4012
f 4030//4029 4015//4014 4014//4013
f 4031//4030 4016//4015 4015//4014
f 4032//4031 4017//4016 4016//4015
f 4033//4032 4018//4017 4017//4016
f 4034//4033 4019//4018 4018//4017
f 4035//4034 4020//4019 4019//4018
f 4036//4035 4021//4020 4020//4019
f 4039//4038 4022//4021 4038//4037
f 4040//4039 4023//4022 4039//4038
f 4041//4040 4024//4023 4040//4039
f 4042//4041 4025//4024 4041//4040
f 4042//4041 4027//4026 4026//4025
f 4043//4042 4028//4027 4027//4026
f 4044//4043 4029//4028 4028//4027
f 4045//4044 4030//4029 4029//4028
f 4046//4045 4031//4030 4030//4029
f 4047//4046 4032//4031 4031//4030
f 4048//4047 4033//4032 4032//4031
f 4049//4048 4034//4033 4033//4032
f 4050//4049 4035//4034 4034//4033
f 4051//4050 4036//4035 4035//4034
f 4052//4051 4037//4036 4036//4035
f 4055//4054 4038//4037 4054//4053
f 4056//4055 4039//4038 4055//4054
f 4057//4056 4040//4039 4056//4055
f 4058//4057 4041//4040 4057//4056
f 4058//4057 4043//4042 4042//4041
f 4059//4058 4044//4043 4043//4042
f 4060//4059 4045//4044 4044//4043
f 4061//4060 4046//4045 4045//4044
f 4062//4061 4047//4046 4046//4045
f 4063//4062 4048//4047 4047//4046
f 4064//4063 4049//4048 4048//4047
f 4065//4064 4050//4049 4049//4048
f 4066//4065 4051//4050 4050//4049
f 4067//4066 4052//4051 4051//4050
f 4068//4067 4053//4052 4052//4051
f 4071//4070 4054//4053 4070//4069
f 4072//4071 4055//4054 4071//4070
f 4073//4072 4056//4055 4072//4071
f 4074//4073 4057//4056 4073//4072
f 4074//4073 4059//4058 4058//4057
f 4075//4074 4060//4059 4059//4058
f 4076//4075 4061//4060 4060//4059
f 4077//4076 4062//4061 4061//4060
f 4078//4077 4063//4062 4062//4061
f 4079//4078 4064//4063 4063//4062
f 4080//4079 4065//4064 4064//4063
f 4081//4080 4066//4065 4065//4064
f 4082//4081 4067//4066 4066//4065
f 4083//4082 4068//4067 4067//4066
f 4084//4083 4069//4068 4068//4067
f 4087//4086 4070//4069 4086//4085
f 4088//4087 4071//4070 4087//4086
f 4089//4088 4072//4071 4088//4087
f 4090//4089 4073//4072 4089//4088
f 4091//4090 4074//4073 4090//4089
f 4091//4090 4076//4075 4075//4074
f 4092//4091 4077//4076 4076//4075
f 4093//4092 4078//4077 4077//4076
f 4094//4093 4079//4078 4078//4077
f 4095//4094 4080//4079 4079//4078
f 4096//4095 4081//4080 4080//4079
f 4097//4096 4082//4081 4081//4080
f 4098//4097 4083//4082 4082//4081
f 4099//4098 4084//4083 4083//4082
f 4100//4099 4085//4084 4084//4083
f 4103//4102 4086//4085 4102//4101
f 4104//4103 4087//4086 4103//4102
f 4105//4104 4088//4087 4104//4103
f 4106//4105 4089//4088 4105//4104
f 4107//4106 4090//4089 4106//4105
f 4107//4106 4092//4091 4091//4090
f 4108//4107 4093//4092 4092//4091
f 4109//4108 4094//4093 4093//4092
f 4110//4109 4095//4094 4094//4093
f 4111//4110 4096//4095 4095//4094
f 4112//4111 4097//4096 4096//4095
f 4113//4112 4098//4097 4097//4096
f 4114//4113 4099//4098 4098//4097
f 4115//4114 4100//4099 4099//4098
f 4116//4115 4101//4100 4100//4099
f 4119//4118 4102//4101 4118//4117
f 4120//4119 4103//4102 4119//4118
f 4121//4120 4104//4103 4120//4119
f 4122//4121 4105//4104 4121//4120
f 4123//4122 4106//4105 4122//4121
f 4123//4122 4108//4107 4107//4106
f 4124//4123 4109//4108 4108//4107
f 4125//4124 4110//4109 4109//4108
f 4126//4125 4111//4110 4110//4109
f 4127//4126 4112//4111 4111//4110
f 4128//4127 4113//4112 4112//4111
f 4129//4128 4114//4113 4113//4112
f 4130//4129 4115//4114 4114//4113
f 4131//4130 4116//4115 4115//4114
f 4132//4131 4117//4116 4116//4115
f 4135//4134 4118//4117 4134//4133
f 4136//4135 4119//4118 4135//4134
f 4137//4136 4120//4119 4136//4135
f 4138//4137 4121//4120 4137//4136
f 4139//4138 4122//4121 4138//4137
f 4139//4138 4124//4123 4123//4122
f 4140//4139 4125//4124 4124//4123
f 4141//4140 4126//4125 4125//4124
f 4142//4141 4127//4126 4126//4125
f 4143//4142 4128//4127 4127//4126
f 4144//4143 4129//4128 4128//4127
f 4145//4144 4130//4129 4129//4128
f 4146//4145 4131//4130 4130//4129
f 4147//4146 4132//4131 4131//4130
f 4148//4147 4133//4132 4132//4131
f 3672//3672 4134//4133 3673//3673
f 3675//3675 4135//4134 3672//3672
f 3677//3677 4136//4135 3675//3675
f 3679//3679 4137//4136 3677//3677
f 3681//3681 4138//4137 3679//3679
f 3683//3683 4139//4138 3681//3681
f 3683//3683 4141//4140 4140//4139
f 3685//3683 4142//4141 4141//4140
f 3687//3686 4143//4142 4142//4141
f 3689//3688 4144//4143 4143//4142
f 3691//3690 4145//4144 4144//4143
f 3693//3692 4146//4145 4145//4144
f 3695//3694 4147//4146 4146//4145
f 3697//3696 4148//4147 4147//4146
f 3699//3698 4149//4148 4148//4147
f 4151//4150 4153//4152 4150//4149
f 4154//4153 4152//4151 4151//4150
f 4156//4155 4155//4154 4154//4153
f 4158//4157 4157//4156 4156//4155
f 4160//4159 4159//4158 4158//4157
f 4162//4161 4161//4160 4160//4159
f 4164//4163 4163//4162 4162//4161
f 4166//4165 4165//4164 4164//4163
f 4166//4165 4169//4168 4167//4166
f 4168//4167 4171//4170 4169//4168
f 4170//4169 4173//4172 4171//4170
f 4172//4171 4175//4174 4173//4172
f 4174//4173 4177//4176 4175//4174
f 4176//4175 4179//4178 4177//4176
f 4178//4177 3673//3673 4179//4178
f 4181//4180 4150//4149 4180//4179
f 4182//4181 4151//4150 4181//4180
f 4183//4182 4154//4153 4182//4181
f 4184//4183 4156//4155 4183//4182
f 4185//4184 4158//4157 4184//4183
f 4186//4185 4160//4159 4185//4184
f 4187//4186 4162//4161 4186//4185
f 4188//4187 4164//4163 4187//4186
f 4188//4187 4168//4167 4166//4165
f 4189//4188 4170//4169 4168//4167
f 4190//4189 4172//4171 4170//4169
f 4191//4190 4174//4173 4172//4171
f 4192//4191 4176//4175 4174//4173
f 4193//4192 4178//4177 4176//4175
f 4194//4193 3670//3670 4178//4177
f 4196//4195 4180//4179 4195//4194
f 4197//4196 4181//4180 4196//4195
f 4198//4197 4182//4181 4197//4196
f 4199//4198 4183//4182 4198//4197
f 4200//4199 4184//4183 4199//4198
f 4201//4200 4185//4184 4200//4199
f 4202//4201 4186//4185 4201//4200
f 4203//4202 4187//4186 4202//4201
f 4203//4202 4189//4188 4188//4187
f 4204//4203 4190//4189 4189//4188
f 4205//4204 4191//4190 4190//4189
f 4206//4205 4192//4191 4191//4190
f 4207//4206 4193//4192 4192//4191
f 4208//4207 4194//4193 4193//4192
f 4209//4208 3702//3701 4194//4193
f 4211//4210 4195//4194 4210//4209
f 4212//4211 4196//4195 4211//4210
f 4213//4212 4197//4196 4212//4211
f 4214//4213 4198//4197 4213//4212
f 4215//4214 4199//4198 4214//4213
f 4216//4215 4200//4199 4215//4214
f 4217//4216 4201//4200 4216//4215
f 4218//4217 4202//4201 4217//4216
f 4218//4217 4204//4203 4203//4202
f 4219//4218 4205//4204 4204//4203
f 4220//4219 4206//4205 4205//4204
f 4221//4220 4207//4206 4206//4205
f 4222//4221 4208//4207 4207//4206
f 4223//4222 4209//4208 4208//4207
f 4224//4223 3718//3717 4209//4208
f 4226//4225 4210//4209 4225//4224
f 4227//4226 4211//4210 4226//4225
f 4228//4227 4212//4211 4227//4226
f 4229//4228 4213//4212 4228//4227
f 4230//4229 4214//4213 4229//4228
f 4231//4230 4215//4214 4230//4229
f 4232//4231 4216//4215 4231//4230
f 4233//4232 4217//4216 4232//4231
f 4233//4232 4219//4218 4218//4217
f 4234//4233 4220//4219 4219//4218
f 4235//4234 4221//4220 4220//4219
f 4236//4235 4222//4221 4221//4220
f 4237//4236 4223//4222 4222//4221
f 4238//4237 4224//4223 4223//4222
f 4239//4238 3734//3733 4224//4223
f 4241//4240 4225//4224 4240//4239
f 4242//4241 4226//4225 4241//4240
f 4243//4242 4227//4226 4242//4241
f 4244//4243 4228//4227 4243//4242
f 4245//4244 4229//4228 4244//4243
f 4246//4245 4230//4229 4245//4244
f 4247//4246 4231//4230 4246//4245
f 4248//4247 4232//4231 4247//4246
f 4248//4247 4234//4233 4233//4232
f 4249//4248 4235//4234 4234//4233
f 4250//4249 4236//4235 4235//4234
f 4251//4250 4237//4236 4236//4235
f 4252//4251 4238//4237 4237//4236
f 4253//4252 4239//4238 4238//4237
f 4254//4253 3750//3749 4239//4238
f 4256//4255 4240//4239 4255//4254
f 4257//4256 4241//4240 4256//4255
f 4258//4257 4242//4241 4257//4256
f 4259//4258 4243//4242 4258//4257
f 4260//4259 4244//4243 4259//4258
f 4261//4260 4245//4244 4260//4259
f 4262//4261 4246//4245 4261//4260
f 4263//4262 4247//4246 4262//4261
f 4263//4262 4249//4248 4248//4247
f 4264//4263 4250//4249 4249//4248
f 4265//4264 4251//4250 4250//4249
f 4266//4265 4252//4251 4251//4250
f 4267//4266 4253//4252 4252//4251
f 4268//4267 4254//4253 4253//4252
f 4269//4268 3766//3765 4254//4253
f 4271//4270 4255//4254 4270//4269
f 4272//4271 4256//4255 4271//4270
f 4273//4272 4257//4256 4272//4271
f 4274//4273 4258//4257 4273//4272
f 4275//4274 4259//4258 4274//4273
f 4276//4275 4260//4259 4275//4274
f 4277//4276 4261//4260 4276//4275
f 4277//4276 4263//4262 4262//4261
f 4278//4277 4264//4263 4263//4262
f 4279//4278 4265//4264 4264//4263
f 4280//4279 4266//4265 4265//4264
f 4281//4280 4267//4266 4266//4265
f 4282//4281 4268//4267 4267//4266
f 4283//4282 4269//4268 4268//4267
f 4284//4283 3782//3781 4269//4268
f 4286//4285 4270//4269 4285//4284
f 4287//4286 4271//4270 4286//4285
f 4288//4287 4272//4271 4287//4286
f 4289//4288 4273//4272 4288//4287
f 4290//4289 4274//4273 4289//4288
f 4291//4290 4275//4274 4290//4289
f 4292//4291 4276//4275 4291//4290
f 4292//4291 4278//4277 4277//4276
f 4293//4292 4279//4278 4278//4277
f 4294//4293 4280//4279 4279//4278
f 4295//4294 4281//4280 4280//4279
f 4296//4295 4282//4281 4281//4280
f 4297//4296 4283//4282 4282//4281
f 4298//4297 4284//4283 4283//4282
f 4299//4298 3798//3797 4284//4283
f 4301//4300 4285//4284 4300//4299
f 4302//4301 4286//4285 4301//4300
f 4303//4302 4287//4286 4302//4301
f 4304//4303 4288//4287 4303//4302
f 4305//4304 4289//4288 4304//4303
f 4306//4305 4290//4289 4305//4304
f 4307//4306 4291//4290 4306//4305
f 4307//4306 4293//4292 4292//4291
f 4308//4307 4294//4293 4293//4292
f 4309//4308 4295//4294 4294//4293
f 4310//4309 4296//4295 4295//4294
f 4311//4310 4297//4296 4296//4295
f 4312//4311 4298//4297 4297//4296
f 4313//4312 4299//4298 4298//4297
f 4314//4313 3814//3813 4299//4298
f 4316//4315 4300//4299 4315//4314
f 4317//4316 4301//4300 4316//4315
f 4318//4317 4302//4301 4317//4316
f 4319//4318 4303//4302 4318//4317
f 4320//4319 4304//4303 4319//4318
f 4321//4320 4305//4304 4320//4319
f 4321//4320 4307//4306 4306//4305
f 4322//4321 4308//4307 4307//4306
f 4323//4322 4309//4308 4308//4307
f 4324//4323 4310//4309 4309//4308
f 4325//4324 4311//4310 4310//4309
f 4326//4325 4312//4311 4311//4310
f 4327//4326 4313//4312 4312//4311
f 4328//4327 4314//4313 4313//4312
f 4329//4328 3830//3829 4314//4313
f 4331//4330 4315//4314 4330//4329
f 4332//4331 4316//4315 4331//4330
f 4333//4332 4317//4316 4332//4331
f 4334//4333 4318//4317 4333//4332
f 4335//4334 4319//4318 4334//4333
f 4336//4335 4320//4319 4335//4334
f 4336//4335 4322//4321 4321//4320
f 4337//4336 4323//4322 4322//4321
f 4338//4337 4324//4323 4323//4322
f 4339//4338 4325//4324 4324//4323
f 4340//4339 4326//4325 4325//4324
f 4341//4340 4327//4326 4326//4325
f 4342//4341 4328//4327 4327//4326
f 4343//4342 4329//4328 4328//4327
f 4344//4343 3846//3845 4329//4328
f 4346//4345 4330//4329 4345//4344
f 4347//4346 4331//4330 4346//4345
f 4348//4347 4332//4331 4347//4346
f 4349//4348 4333//4332 4348//4347
f 4350//4349 4334//4333 4349//4348
f 4351//4350 4335//4334 4350//4349
f 4351//4350 4337//4336 4336//4335
f 4352//4351 4338//4337 4337//4336
f 4353//4352 4339//4338 4338//4337
f 4354//4353 4340//4339 4339//4338
f 4355//4354 4341//4340 4340//4339
f 4356//4355 4342//4341 4341//4340
f 4357//4356 4343//4342 4342//4341
f 4358//4357 4344//4343 4343//4342
f 4359//4358 3862//3861 4344//4343
f 4361//4360 4345//4344 4360//4359
f 4362//4361 4346//4345 4361//4360
f 4363//4362 4347//4346 4362//4361
f 4364//4363 4348//4347 4363//4362
f 4365//4364 4349//4348 4364//4363
f 4366//4365 4350//4349 4365//4364
f 4366//4365 4352//4351 4351//4350
f 4367//4366 4353//4352 4352//4351
f 4368//4367 4354//4353 4353//4352
f 4369//4368 4355//4354 4354//4353
f 4370//4369 4356//4355 4355//4354
f 4371//4370 4357//4356 4356//4355
f 4372//4371 4358//4357 4357//4356
f 4373//4372 4359//4358 4358//4357
f 4374//4373 3878//3877 4359//4358
f 4376//4375 4360//4359 4375//4374
f 4377//4376 4361//4360 4376//4375
f 4378//4377 4362//4361 4377//4376
f 4379//4378 4363//4362 4378//4377
f 4380//4379 4364//4363 4379//4378
f 4381//4380 4365//4364 4380//4379
f 4381//4380 4367//4366 4366//4365
f 4382//4381 4368//4367 4367//4366
f 4383//4382 4369//4368 4368//4367
f 4384//4383 4370//4369 4369//4368
f 4385//4384 4371//4370 4370//4369
f 4386//4385 4372//4371 4371//4370
f 4387//4386 4373//4372 4372//4371
f 4388//4387 4374//4373 4373//4372
f 4389//4388 3894//3893 4374//4373
f 4390//4389 4376//4375 4375//4374
f 4391//4390 4377//4376 4376//4375
f 4392//4391 4378//4377 4377//4376
f 4393//4392 4379//4378 4378//4377
f 4394//4393 4380//4379 4379//4378
f 4395//4394 4381//4380 4380//4379
f 4397//4396 4381//4380 4396//4395
f 4398//4397 4382//4381 4397//4396
f 4399//4398 4383//4382 4398//4397
f 4400//4399 4384//4383 4399//4398
f 4401//4400 4385//4384 4400//4399
f 4402//4401 4386//4385 4401//4400
f 4403//4402 4387//4386 4402//4401
f 4404//4403 4388//4387 4403//4402
f 3926//3925 4389//4388 4404//4403
f 4405//4404 4391//4390 4390//4389
f 4406//4405 4392//4391 4391//4390
f 4407//4406 4393//4392 4392//4391
f 4408//4407 4394//4393 4393//4392
f 4409//4408 4395//4394 4394//4393
f 4410//4409 4396//4395 4395//4394
f 4412//4411 4396//4395 4411//4410
f 4413//4412 4397//4396 4412//4411
f 4414//4413 4398//4397 4413//4412
f 4415//4414 4399//4398 4414//4413
f 4416//4415 4400//4399 4415//4414
f 4417//4416 4401//4400 4416//4415
f 4418//4417 4402//4401 4417//4416
f 4419//4418 4403//4402 4418//4417
f 3942//3941 4404//4403 4419//4418
f 4420//4419 4406//4405 4405//4404
f 4421//4420 4407//4406 4406//4405
f 4422//4421 4408//4407 4407//4406
f 4423//4422 4409//4408 4408//4407
f 4424//4423 4410//4409 4409//4408
f 4425//4424 4411//4410 4410//4409
f 4427//4426 4411//4410 4426//4425
f 4428//4427 4412//4411 4427//4426
f 4429//4428 4413//4412 4428//4427
f 4430//4429 4414//4413 4429//4428
f 4431//4430 4415//4414 4430//4429
f 4432//4431 4416//4415 4431//4430
f 4433//4432 4417//4416 4432//4431
f 4434//4433 4418//4417 4433//4432
f 3958//3957 4419//4418 4434//4433
f 4435//4434 4421//4420 4420//4419
f 4436//4435 4422//4421 4421//4420
f 4437//4436 4423//4422 4422//4421
f 4438//4437 4424//4423 4423//4422
f 4439//4438 4425//4424 4424//4423
f 4440//4439 4426//4425 4425//4424
f 4442//4441 4426//4425 4441//4440
f 4443//4442 4427//4426 4442//4441
f 4444//4443 4428//4427 4443//4442
f 4445//4444 4429//4428 4444//4443
f 4446//4445 4430//4429 4445//4444
f 4447//4446 4431//4430 4446//4445
f 4448//4447 4432//4431 4447//4446
f 4449//4448 4433//4432 4448//4447
f 3974//3973 4434//4433 4449//4448
f 4450//4449 4436//4435 4435//4434
f 4451//4450 4437//4436 4436//4435
f 4452//4451 4438//4437 4437//4436
f 4453//4452 4439//4438 4438//4437
f 4454//4453 4440//4439 4439//4438
f 4455//4454 4441//4440 4440//4439
f 4457//4456 4441//4440 4456//4455
f 4458//4457 4442//4441 4457//4456
f 4459//4458 4443//4442 4458//4457
f 4460//4459 4444//4443 4459//4458
f 4461//4460 4445//4444 4460//4459
f 4462//4461 4446//4445 4461//4460
f 4463//4462 4447//4446 4462//4461
f 4464//4463 4448//4447 4463//4462
f 3990//3989 4449//4448 4464//4463
f 4465//4464 4451//4450 4450//4449
f 4466//4465 4452//4451 4451//4450
f 4467//4466 4453//4452 4452//4451
f 4468//4467 4454//4453 4453//4452
f 4469//4468 4455//4454 4454//4453
f 4470//4469 4456//4455 4455//4454
f 4471//4470 4457//4456 4456//4455
f 4473//4472 4457//4456 4472//4471
f 4474//4473 4458//4457 4473//4472
f 4475//4474 4459//4458 4474//4473
f 4476//4475 4460//4459 4475//4474
f 4477//4476 4461//4460 4476//4475
f 4478//4477 4462//4461 4477//4476
f 4479//4478 4463//4462 4478//4477
f 4006//4005 4464//4463 4479//4478
f 4480//4479 4466//4465 4465//4464
f 4481//4480 4467//4466 4466//4465
f 4482//4481 4468//4467 4467//4466
f 4483//4482 4469//4468 4468//4467
f 4484//4483 4470//4469 4469//4468
f 4485//4484 4471//4470 4470//4469
f 4486//4485 4472//4471 4471//4470
f 4488//4487 4472//4471 4487//4486
f 4489//4488 4473//4472 4488//4487
f 4490//4489 4474//4473 4489//4488
f 4491//4490 4475//4474 4490//4489
f 4492//4491 4476//4475 4491//4490
f 4493//4492 4477//4476 4492//4491
f 4494//4493 4478//4477 4493//4492
f 4022//4021 4479//4478 4494//4493
f 4495//4494 4481//4480 4480//4479
f 4496//4495 4482//4481 4481//4480
f 4497//4496 4483//4482 4482//4481
f 4498//4497 4484//4483 4483//4482
f 4499//4498 4485//4484 4484//4483
f 4500//4499 4486//4485 4485//4484
f 4501//4500 4487//4486 4486//4485
f 4503//4502 4487//4486 4502//4501
f 4504//4503 4488//4487 4503//4502
f 4505//4504 4489//4488 4504//4503
f 4506//4505 4490//4489 4505//4504
f 4507//4506 4491//4490 4506//4505
f 4508//4507 4492//4491 4507//4506
f 4509//4508 4493//4492 4508//4507
f 4038//4037 4494//4493 4509//4508
f 4510//4509 4496//4495 4495//4494
f 4511//4510 4497//4496 4496//4495
f 4512//4511 4498//4497 4497//4496
f 4513//4512 4499//4498 4498//4497
f 4514//4513 4500//4499 4499//4498
f 4515//4514 4501//4500 4500//4499
f 4516//4515 4502//4501 4501//4500
f 4517//4516 4503//4502 4502//4501
f 4519//4518 4503//4502 4518//4517
f 4520//4519 4504//4503 4519//4518
f 4521//4520 4505//4504 4520//4519
f 4522//4521 4506//4505 4521//4520
f 4523//4522 4507//4506 4522//4521
f 4524//4523 4508//4507 4523//4522
f 4054//4053 4509//4508 4524//4523
f 4525//4524 4511//4510 4510//4509
f 4526//4525 4512//4511 4511//4510
f 4527//4526 4513//4512 4512//4511
f 4528//4527 4514//4513 4513//4512
f 4529//4528 4515//4514 4514//4513
f 4530//4529 4516//4515 4515//4514
f 4531//4530 4517//4516 4516//4515
f 4532//4531 4518//4517 4517//4516
f 4534//4533 4518//4517 4533//4532
f 4535//4534 4519//4518 4534//4533
f 4536//4535 4520//4519 4535//4534
f 4537//4536 4521//4520 4536//4535
f 4538//4537 4522//4521 4537//4536
f 4539//4538 4523//4522 4538//4537
f 4070//4069 4524//4523 4539//4538
f 4540//4539 4526//4525 4525//4524
f 4541//4540 4527//4526 4526//4525
f 4542//4541 4528//4527 4527//4526
f 4543//4542 4529//4528 4528//4527
f 4544//4543 4530//4529 4529//4528
f 4545//4544 4531//4530 4530//4529
f 4546//4545 4532//4531 4531//4530
f 4547//4546 4533//4532 4532//4531
f 4549//4548 4533//4532 4548//4547
f 4550//4549 4534//4533 4549//4548
f 4551//4550 4535//4534 4550//4549
f 4552//4551 4536//4535 4551//4550
f 4553//4552 4537//4536 4552//4551
f 4554//4553 4538//4537 4553//4552
f 4086//4085 4539//4538 4554//4553
f 4555//4554 4541//4540 4540//4539
f 4556//4555 4542//4541 4541//4540
f 4557//4556 4543//4542 4542//4541
f 4558//4557 4544//4543 4543//4542
f 4559//4558 4545//4544 4544//4543
f 4560//4559 4546//4545 4545//4544
f 4561//4560 4547//4546 4546//4545
f 4562//4561 4548//4547 4547//4546
f 4564//4563 4548//4547 4563//4562
f 4565//4564 4549//4548 4564//4563
f 4566//4565 4550//4549 4565//4564
f 4567//4566 4551//4550 4566//4565
f 4568//4567 4552//4551 4567//4566
f 4569//4568 4553//4552 4568//4567
f 4102//4101 4554//4553 4569//4568
f 4570//4569 4556//4555 4555//4554
f 4571//4570 4557//4556 4556//4555
f 4572//4571 4558//4557 4557//4556
f 4573//4572 4559//4558 4558//4557
f 4574//4573 4560//4559 4559//4558
f 4575//4574 4561//4560 4560//4559
f 4576//4575 4562//4561 4561//4560
f 4577//4576 4563//4562 4562//4561
f 4579//4578 4563//4562 4578//4577
f 4580//4579 4564//4563 4579//4578
f 4581//4580 4565//4564 4580//4579
f 4582//4581 4566//4565 4581//4580
f 4583//4582 4567//4566 4582//4581
f 4584//4583 4568//4567 4583//4582
f 4118//4117 4569//4568 4584//4583
f 4585//4584 4571//4570 4570//4569
f 4586//4585 4572//4571 4571//4570
f 4587//4586 4573//4572 4572//4571
f 4588//4587 4574//4573 4573//4572
f 4589//4588 4575//4574 4574//4573
f 4590//4589 4576//4575 4575//4574
f 4591//4590 4577//4576 4576//4575
f 4592//4591 4578//4577 4577//4576
f 4594//4593 4578//4577 4593//4592
f 4595//4594 4579//4578 4594//4593
f 4596//4595 4580//4579 4595//4594
f 4597//4596 4581//4580 4596//4595
f 4598//4597 4582//4581 4597//4596
f 4599//4598 4583//4582 4598//4597
f 4134//4133 4584//4583 4599//4598
f 4153//4152 4586//4585 4585//4584
f 4152//4151 4587//4586 4586//4585
f 4155//4154 4588//4587 4587//4586
f 4157//4156 4589//4588 4588//4587
f 4159//4158 4590//4589 4589//4588
f 4161//4160 4591//4590 4590//4589
f 4163//4162 4592//4591 4591//4590
f 4165//4164 4593//4592 4592//4591
f 4169//4168 4593//4592 4167//4166
f 4171//4170 4594//4593 4169//4168
f 4173//4172 4595//4594 4171//4170
f 4175//4174 4596//4595 4173//4172
f 4177//4176 4597//4596 4175//4174
f 4179//4178 4598//4597 4177//4176
f 3673//3673 4599//4598 4179//4178
f 4601//4600 4603//4602 4600//4599
f 4604//4603 4602//4601 4601//4600
f 4604//4603 4607//4606 4605//4604
f 4606//4605 4609//4608 4607//4606
f 4608//4607 4611//4610 4609//4608
f 4610//4609 4613//4612 4611//4610
f 4612//4611 4615//4614 4613//4612
f 4614//4613 4617//4616 4615//4614
f 4616//4615 4619//4618 4617//4616
f 4618//4617 4621//4620 4619//4618
f 4622//4621 4621//4620 4620//4619
f 4624//4623 4623//4622 4622//4621
f 4626//4625 4625//4624 4624//4623
f 4628//4627 4627//4626 4626//4625
f 4628//4627 4630//4629 4629//4628
f 4632//4631 4600//4599 4631//4630
f 4633//4632 4601//4600 4632//4631
f 4633//4632 4606//4605 4604//4603
f 4634//4633 4608//4607 4606//4605
f 4635//4634 4610//4609 4608//4607
f 4636//4635 4612//4611 4610//4609
f 4637//4636 4614//4613 4612//4611
f 4638//4637 4616//4615 4614//4613
f 4639//4638 4618//4617 4616//4615
f 4640//4639 4620//4619 4618//4617
f 4642//4641 4620//4619 4641//4640
f 4643//4642 4622//4621 4642//4641
f 4644//4643 4624//4623 4643//4642
f 4645//4644 4626//4625 4644//4643
f 4645//4644 4630//4629 4628//4627
f 4647//4646 4631//4630 4646//4645
f 4648//4647 4632//4631 4647//4646
f 4648//4647 4634//4633 4633//4632
f 4649//4648 4635//4634 4634//4633
f 4650//4649 4636//4635 4635//4634
f 4651//4650 4637//4636 4636//4635
f 4652//4651 4638//4637 4637//4636
f 4653//4652 4639//4638 4638//4637
f 4654//4653 4640//4639 4639//4638
f 4655//4654 4641//4640 4640//4639
f 4657//4656 4641//4640 4656//4655
f 4658//4657 4642//4641 4657//4656
f 4659//4658 4643//4642 4658//4657
f 4660//4659 4644//4643 4659//4658
f 4660//4659 4630//4629 4645//4644
f 4662//4661 4646//4645 4661//4660
f 4663//4662 4647//4646 4662//4661
f 4663//4662 4649//4648 4648//4647
f 4664//4663 4650//4649 4649//4648
f 4665//4664 4651//4650 4650//4649
f 4666//4665 4652//4651 4651//4650
f 4667//4666 4653//4652 4652//4651
f 4668//4667 4654//4653 4653//4652
f 4669//4668 4655//4654 4654//4653
f 4670//4669 4656//4655 4655//4654
f 4672//4671 4656//4655 4671//4670
f 4673//4672 4657//4656 4672//4671
f 4674//4673 4658//4657 4673//4672
f 4675//4674 4659//4658 4674//4673
f 4675//4674 4630//4629 4660//4659
f 4677//4676 4661//4660 4676//4675
f 4678//4677 4662//4661 4677//4676
f 4678//4677 4664//4663 4663//4662
f 4679//4678 4665//4664 4664//4663
f 4680//4679 4666//4665 4665//4664
f 4681//4680 4667//4666 4666//4665
f 4682//4681 4668//4667 4667//4666
f 4683//4682 4669//4668 4668//4667
f 4684//4683 4670//4669 4669//4668
f 4685//4684 4671//4670 4670//4669
f 4687//4686 4671//4670 4686//4685
f 4688//4687 4672//4671 4687//4686
f 4689//4688 4673//4672 4688//4687
f 4690//4689 4674//4673 4689//4688
f 4690//4689 4630//4629 4675//4674
f 4692//4691 4676//4675 4691//4690
f 4693//4692 4677//4676 4692//4691
f 4693//4692 4679//4678 4678//4677
f 4694//4693 4680//4679 4679//4678
f 4695//4694 4681//4680 4680//4679
f 4696//4695 4682//4681 4681//4680
f 4697//4696 4683//4682 4682//4681
f 4698//4697 4684//4683 4683//4682
f 4699//4698 4685//4684 4684//4683
f 4700//4699 4686//4685 4685//4684
f 4702//4701 4686//4685 4701//4700
f 4703//4702 4687//4686 4702//4701
f 4704//4703 4688//4687 4703//4702
f 4705//4704 4689//4688 4704//4703
f 4705//4704 4630//4629 4690//4689
f 4707//4706 4691//4690 4706//4705
f 4708//4707 4692//4691 4707//4706
f 4708//4707 4694//4693 4693//4692
f 4709//4708 4695//4694 4694//4693
f 4710//4709 4696//4695 4695//4694
f 4711//4710 4697//4696 4696//4695
f 4712//4711 4698//4697 4697//4696
f 4713//4712 4699//4698 4698//4697
f 4714//4713 4700//4699 4699//4698
f 4715//4714 4701//4700 4700//4699
f 4717//4716 4701//4700 4716//4715
f 4718//4717 4702//4701 4717//4716
f 4719//4718 4703//4702 4718//4717
f 4720//4719 4704//4703 4719//4718
f 4720//4719 4630//4629 4705//4704
f 4722//4721 4706//4705 4721//4720
f 4723//4722 4707//4706 4722//4721
f 4724//4723 4708//4707 4723//4722
f 4725//4724 4709//4708 4724//4723
f 4725//4724 4711//4710 4710//4709
f 4727//4726 4711//4710 4726//4725
f 4728//4727 4712//4711 4727//4726
f 4728//4727 4714//4713 4713//4712
f 4730//4729 4714//4713 4729//4728
f 4730//4729 4716//4715 4715//4714
f 4732//4731 4716//4715 4731//4730
f 4733//4732 4717//4716 4732//4731
f 4733//4732 4719//4718 4718//4717
f 4735//4734 4719//4718 4734//4733
f 4735//4734 4630//4629 4720//4719
f 4736//4735 4722//4721 4721//4720
f 4737//4736 4723//4722 4722//4721
f 4739//4738 4723//4722 4738//4737
f 4740//4739 4724//4723 4739//4738
f 4741//4740 4725//4724 4740//4739
f 4742//4741 4726//4725 4741//4740
f 4743//4742 4727//4726 4742//4741
f 4744//4743 4728//4727 4743//4742
f 4745//4744 4729//4728 4744//4743
f 4746//4745 4730//4729 4745//4744
f 4746//4745 4732//4731 4731//4730
f 4747//4746 4733//4732 4732//4731
f 4748//4747 4734//4733 4733//4732
f 4749//4748 4735//4734 4734//4733
f 4750//4749 4630//4629 4735//4734
f 4751//4750 4737//4736 4736//4735
f 4752//4751 4738//4737 4737//4736
f 4754//4753 4738//4737 4753//4752
f 4755//4754 4739//4738 4754//4753
f 4756//4755 4740//4739 4755//4754
f 4757//4756 4741//4740 4756//4755
f 4758//4757 4742//4741 4757//4756
f 4759//4758 4743//4742 4758//4757
f 4760//4759 4744//4743 4759//4758
f 4761//4760 4745//4744 4760//4759
f 4761//4760 4747//4746 4746//4745
f 4762//4761 4748//4747 4747//4746
f 4763//4762 4749//4748 4748//4747
f 4764//4763 4750//4749 4749//4748
f 4765//4764 4630//4629 4750//4749
f 4766//4765 4752//4751 4751//4750
f 4767//4766 4753//4752 4752//4751
f 4769//4768 4753//4752 4768//4767
f 4770//4769 4754//4753 4769//4768
f 4771//4770 4755//4754 4770//4769
f 4772//4771 4756//4755 4771//4770
f 4773//4772 4757//4756 4772//4771
f 4774//4773 4758//4757 4773//4772
f 4775//4774 4759//4758 4774//4773
f 4776//4775 4760//4759 4775//4774
f 4776//4775 4762//4761 4761//4760
f 4777//4776 4763//4762 4762//4761
f 4778//4777 4764//4763 4763//4762
f 4779//4778 4765//4764 4764//4763
f 4780//4779 4630//4629 4765//4764
f 4781//4780 4767//4766 4766//4765
f 4782//4781 4768//4767 4767//4766
f 4784//4783 4768//4767 4783//4782
f 4785//4784 4769//4768 4784//4783
f 4786//4785 4770//4769 4785//4784
f 4787//4786 4771//4770 4786//4785
f 4788//4787 4772//4771 4787//4786
f 4789//4788 4773//4772 4788//4787
f 4790//4789 4774//4773 4789//4788
f 4791//4790 4775//4774 4790//4789
f 4791//4790 4777//4776 4776//4775
f 4792//4791 4778//4777 4777//4776
f 4793//4792 4779//4778 4778//4777
f 4794//4793 4780//4779 4779//4778
f 4795//4794 4630//4629 4780//4779
f 4796//4795 4782//4781 4781//4780
f 4797//4796 4783//4782 4782//4781
f 4799//4798 4783//4782 4798//4797
f 4800//4799 4784//4783 4799//4798
f 4801//4800 4785//4784 4800//4799
f 4802//4801 4786//4785 4801//4800
f 4803//4802 4787//4786 4802//4801
f 4804//4803 4788//4787 4803//4802
f 4805//4804 4789//4788 4804//4803
f 4806//4805 4790//4789 4805//4804
f 4806//4805 4792//4791 4791//4790
f 4807//4806 4793//4792 4792//4791
f 4808//4807 4794//4793 4793//4792
f 4809//4808 4795//4794 4794//4793
f 4810//4809 4630//4629 4795//4794
f 4811//4810 4797//4796 4796//4795
f 4812//4811 4798//4797 4797//4796
f 4814//4813 4798//4797 4813//4812
f 4815//4814 4799//4798 4814//4813
f 4816//4815 4800//4799 4815//4814
f 4817//4816 4801//4800 4816//4815
f 4818//4817 4802//4801 4817//4816
f 4819//4818 4803//4802 4818//4817
f 4820//4819 4804//4803 4819//4818
f 4821//4820 4805//4804 4820//4819
f 4821//4820 4807//4806 4806//4805
f 4822//4821 4808//4807 4807//4806
f 4823//4822 4809//4808 4808//4807
f 4824//4823 4810//4809 4809//4808
f 4825//4824 4630//4629 4810//4809
f 4826//4825 4812//4811 4811//4810
f 4827//4826 4813//4812 4812//4811
f 4829//4828 4813//4812 4828//4827
f 4830//4829 4814//4813 4829//4828
f 4831//4830 4815//4814 4830//4829
f 4832//4831 4816//4815 4831//4830
f 4833//4832 4817//4816 4832//4831
f 4834//4833 4818//4817 4833//4832
f 4835//4834 4819//4818 4834//4833
f 4836//4835 4820//4819 4835//4834
f 4836//4835 4822//4821 4821//4820
f 4837//4836 4823//4822 4822//4821
f 4838//4837 4824//4823 4823//4822
f 4839//4838 4825//4824 4824//4823
f 4840//4839 4630//4629 4825//4824
f 4842//4841 4844//4843 4841//4840
f 4845//4844 4843//4842 4842//4841
f 4845//4844 4848//4847 4846//4845
f 4847//4846 4850//4849 4848//4847
f 4849//4848 4852//4851 4850//4849
f 4851//4850 4854//4853 4852//4851
f 4853//4852 4856//4855 4854//4853
f 4855//4854 4858//4857 4856//4855
f 4857//4856 4860//4859 4858//4857
f 4859//4858 4862//4861 4860//4859
f 4863//4862 4862//4861 4861//4860
f 4865//4864 4864//4863 4863//4862
f 4867//4866 4866//4865 4865//4864
f 4869//4868 4868//4867 4867//4866
f 4869//4868 4630//4629 4870//4869
f 4872//4871 4841//4840 4871//4870
f 4873//4872 4842//4841 4872//4871
f 4873//4872 4847//4846 4845//4844
f 4874//4873 4849//4848 4847//4846
f 4875//4874 4851//4850 4849//4848
f 4876//4875 4853//4852 4851//4850
f 4877//4876 4855//4854 4853//4852
f 4878//4877 4857//4856 4855//4854
f 4879//4878 4859//4858 4857//4856
f 4880//4879 4861//4860 4859//4858
f 4882//4881 4861//4860 4881//4880
f 4883//4882 4863//4862 4882//4881
f 4884//4883 4865//4864 4883//4882
f 4885//4884 4867//4866 4884//4883
f 4885//4884 4630//4629 4869//4868
f 4887//4886 4871//4870 4886//4885
f 4888//4887 4872//4871 4887//4886
f 4888//4887 4874//4873 4873//4872
f 4889//4888 4875//4874 4874//4873
f 4890//4889 4876//4875 4875//4874
f 4891//4890 4877//4876 4876//4875
f 4892//4891 4878//4877 4877//4876
f 4893//4892 4879//4878 4878//4877
f 4894//4893 4880//4879 4879//4878
f 4895//4894 4881//4880 4880//4879
f 4897//4896 4881//4880 4896//4895
f 4898//4897 4882//4881 4897//4896
f 4899//4898 4883//4882 4898//4897
f 4900//4899 4884//4883 4899//4898
f 4900//4899 4630//4629 4885//4884
f 4902//4901 4886//4885 4901//4900
f 4903//4902 4887//4886 4902//4901
f 4903//4902 4889//4888 4888//4887
f 4904//4903 4890//4889 4889//4888
f 4905//4904 4891//4890 4890//4889
f 4906//4905 4892//4891 4891//4890
f 4907//4906 4893//4892 4892//4891
f 4908//4907 4894//4893 4893//4892
f 4909//4908 4895//4894 4894//4893
f 4910//4909 4896//4895 4895//4894
f 4912//4911 4896//4895 4911//4910
f 4913//4912 4897//4896 4912//4911
f 4914//4913 4898//4897 4913//4912
f 4915//4914 4899//4898 4914//4913
f 4915//4914 4630//4629 4900//4899
f 4917//4916 4901//4900 4916//4915
f 4918//4917 4902//4901 4917//4916
f 4918//4917 4904//4903 4903//4902
f 4919//4918 4905//4904 4904//4903
f 4920//4919 4906//4905 4905//4904
f 4921//4920 4907//4906 4906//4905
f 4922//4921 4908//4907 4907//4906
f 4923//4922 4909//4908 4908//4907
f 4924//4923 4910//4909 4909//4908
f 4925//4924 4911//4910 4910//4909
f 4927//4926 4911//4910 4926//4925
f 4928//4927 4912//4911 4927//4926
f 4929//4928 4913//4912 4928//4927
f 4930//4929 4914//4913 4929//4928
f 4930//4929 4630//4629 4915//4914
f 4932//4931 4916//4915 4931//4930
f 4933//4932 4917//4916 4932//4931
f 4933//4932 4919//4918 4918//4917
f 4934//4933 4920//4919 4919//4918
f 4935//4934 4921//4920 4920//4919
f 4936//4935 4922//4921 4921//4920
f 4937//4936 4923//4922 4922//4921
f 4938//4937 4924//4923 4923//4922
f 4939//4938 4925//4924 4924//4923
f 4940//4939 4926//4925 4925//4924
f 4942//4941 4926//4925 4941//4940
f 4943//4942 4927//4926 4942//4941
f 4944//4943 4928//4927 4943//4942
f 4945//4944 4929//4928 4944//4943
f 4945//4944 4630//4629 4930//4929
f 4947//4946 4931//4930 4946//4945
f 4948//4947 4932//4931 4947//4946
f 4948//4947 4934//4933 4933//4932
f 4949//4948 4935//4934 4934//4933
f 4950//4949 4936//4935 4935//4934
f 4951//4950 4937//4936 4936//4935
f 4952//4951 4938//4937 4937//4936
f 4953//4952 4939//4938 4938//4937
f 4954//4953 4940//4939 4939//4938
f 4955//4954 4941//4940 4940//4939
f 4957//4956 4941//4940 4956//4955
f 4958//4957 4942//4941 4957//4956
f 4959//4958 4943//4942 4958//4957
f 4960//4959 4944//4943 4959//4958
f 4960//4959 4630//4629 4945//4944
f 4962//4961 4946//4945 4961//4960
f 4963//4962 4947//4946 4962//4961
f 4964//4963 4948//4947 4963//4962
f 4965//4964 4949//4948 4964//4963
f 4966//4965 4950//4949 4965//4964
f 4967//4966 4951//4950 4966//4965
f 4968//4967 4952//4951 4967//4966
f 4968//4967 4954//4953 4953//4952
f 4969//4968 4955//4954 4954//4953
f 4971//4970 4955//4954 4970//4969
f 4972//4971 4956//4955 4971//4970
f 4973//4972 4957//4956 4972//4971
f 4973//4972 4959//4958 4958//4957
f 4975//4974 4959//4958 4974//4973
f 4975//4974 4630//4629 4960//4959
f 4976//4975 4962//4961 4961//4960
f 4977//4976 4963//4962 4962//4961
f 4979//4978 4963//4962 4978//4977
f 4980//4979 4964//4963 4979//4978
f 4981//4980 4965//4964 4980//4979
f 4982//4981 4966//4965 4981//4980
f 4983//4982 4967//4966 4982//4981
f 4984//4983 4968//4967 4983//4982
f 4985//4984 4969//4968 4984//4983
f 4986//4985 4970//4969 4985//4984
f 4986//4985 4972//4971 4971//4970
f 4987//4986 4973//4972 4972//4971
f 4988//4987 4974//4973 4973//4972
f 4989//4988 4975//4974 4974//4973
f 4990//4989 4630//4629 4975//4974
f 4991//4990 4977//4976 4976//4975
f 4992//4991 4978//4977 4977//4976
f 4994//4993 4978//4977 4993//4992
f 4995//4994 4979//4978 4994//4993
f 4996//4995 4980//4979 4995//4994
f 4997//4996 4981//4980 4996//4995
f 4998//4997 4982//4981 4997//4996
f 4999//4998 4983//4982 4998//4997
f 5000//4999 4984//4983 4999//4998
f 5001//5000 4985//4984 5000//4999
f 5001//5000 4987//4986 4986//4985
f 5002//5001 4988//4987 4987//4986
f 5003//5002 4989//4988 4988//4987
f 5004//5003 4990//4989 4989//4988
f 5005//5004 4630//4629 4990//4989
f 5006//5005 4992//4991 4991//4990
f 5007//5006 4993//4992 4992//4991
f 5009//5008 4993//4992 5008//5007
f 5010//5009 4994//4993 5009//5008
f 5011//5010 4995//4994 5010//5009
f 5012//5011 4996//4995 5011//5010
f 5013//5012 4997//4996 5012//5011
f 5014//5013 4998//4997 5013//5012
f 5015//5014 4999//4998 5014//5013
f 5016//5015 5000//4999 5015//5014
f 5016//5015 5002//5001 5001//5000
f 5017//5016 5003//5002 5002//5001
f 5018//5017 5004//5003 5003//5002
f 5019//5018 5005//5004 5004//5003
f 5020//5019 4630//4629 5005//5004
f 5021//5020 5007//5006 5006//5005
f 5022//5021 5008//5007 5007//5006
f 5024//5023 5008//5007 5023//5022
f 5025//5024 5009//5008 5024//5023
f 5026//5025 5010//5009 5025//5024
f 5027//5026 5011//5010 5026//5025
f 5028//5027 5012//5011 5027//5026
f 5029//5028 5013//5012 5028//5027
f 5030//5029 5014//5013 5029//5028
f 5031//5030 5015//5014 5030//5029
f 5031//5030 5017//5016 5016//5015
f 5032//5031 5018//5017 5017//5016
f 5033//5032 5019//5018 5018//5017
f 5034//5033 5020//5019 5019//5018
f 5035//5034 4630//4629 5020//5019
f 5036//5035 5022//5021 5021//5020
f 5037//5036 5023//5022 5022//5021
f 5039//5038 5023//5022 5038//5037
f 5040//5039 5024//5023 5039//5038
f 5041//5040 5025//5024 5040//5039
f 5042//5041 5026//5025 5041//5040
f 5043//5042 5027//5026 5042//5041
f 5044//5043 5028//5027 5043//5042
f 5045//5044 5029//5028 5044//5043
f 5046//5045 5030//5029 5045//5044
f 5046//5045 5032//5031 5031//5030
f 5047//5046 5033//5032 5032//5031
f 5048//5047 5034//5033 5033//5032
f 5049//5048 5035//5034 5034//5033
f 5050//5049 4630//4629 5035//5034
f 5051//5050 5037//5036 5036//5035
f 5052//5051 5038//5037 5037//5036
f 5054//5053 5038//5037 5053//5052
f 5055//5054 5039//5038 5054//5053
f 5056//5055 5040//5039 5055//5054
f 5057//5056 5041//5040 5056//5055
f 5058//5057 5042//5041 5057//5056
f 5059//5058 5043//5042 5058//5057
f 5060//5059 5044//5043 5059//5058
f 5061//5060 5045//5044 5060//5059
f 5061//5060 5047//5046 5046//5045
f 5062//5061 5048//5047 5047//5046
f 5063//5062 5049//5048 5048//5047
f 5064//5063 5050//5049 5049//5048
f 5065//5064 4630//4629 5050//5049
f 4603//4602 5052//5051 5051//5050
f 4602//4601 5053//5052 5052//5051
f 4607//4606 5053//5052 4605//4604
f 4609//4608 5054//5053 4607//4606
f 4611//4610 5055//5054 4609//4608
f 4613//4612 5056//5055 4611//4610
f 4615//4614 5057//5056 4613//4612
f 4617//4616 5058//5057 4615//4614
f 4619//4618 5059//5058 4617//4616
f 4621//4620 5060//5059 4619//4618
f 4621//4620 5062//5061 5061//5060
f 4623//4622 5063//5062 5062//5061
f 4625//4624 5064//5063 5063//5062
f 4627//4626 5065//5064 5064//5063
f 4629//4628 4630//4629 5065//5064
f 5067//5066 5069//5068 5066//5065
f 5070//5069 5068//5067 5067//5066
f 5070//5069 5073//5072 5071//5070
f 5072//5071 5075//5074 5073//5072
f 5074//5073 5077//5076 5075//5074
f 5076//5075 5079//5078 5077//5076
f 5078//5077 5081//5080 5079//5078
f 5080//5079 5083//5082 5081//5080
f 5082//5081 5085//5084 5083//5082
f 5084//5083 5087//5086 5085//5084
f 5088//5087 5087//5086 5086//5085
f 5090//5089 5089//5088 5088//5087
f 5092//5091 5091//5090 5090//5089
f 5094//5093 5093//5092 5092//5091
f 5094//5093 4630//4629 5095//5094
f 5097//5096 5066//5065 5096//5095
f 5098//5097 5067//5066 5097//5096
f 5098//5097 5072//5071 5070//5069
f 5099//5098 5074//5073 5072//5071
f 5100//5099 5076//5075 5074//5073
f 5101//5100 5078//5077 5076//5075
f 5102//5101 5080//5079 5078//5077
f 5103//5102 5082//5081 5080//5079
f 5104//5103 5084//5083 5082//5081
f 5105//5104 5086//5085 5084//5083
f 5107//5106 5086//5085 5106//5105
f 5108//5107 5088//5087 5107//5106
f 5109//5108 5090//5089 5108//5107
f 5110//5109 5092//5091 5109//5108
f 5110//5109 4630//4629 5094//5093
f 5112//5111 5096//5095 5111//5110
f 5113//5112 5097//5096 5112//5111
f 5113//5112 5099//5098 5098//5097
f 5114//5113 5100//5099 5099//5098
f 5115//5114 5101//5100 5100//5099
f 5116//5115 5102//5101 5101//5100
f 5117//5116 5103//5102 5102//5101
f 5118//5117 5104//5103 5103//5102
f 5119//5118 5105//5104 5104//5103
f 5120//5119 5106//5105 5105//5104
f 5122//5121 5106//5105 5121//5120
f 5123//5122 5107//5106 5122//5121
f 5124//5123 5108//5107 5123//5122
f 5125//5124 5109//5108 5124//5123
f 5125//5124 4630//4629 5110//5109
f 5127//5126 5111//5110 5126//5125
f 5128//5127 5112//5111 5127//5126
f 5128//5127 5114//5113 5113//5112
f 5129//5128 5115//5114 5114//5113
f 5130//5129 5116//5115 5115//5114
f 5131//5130 5117//5116 5116//5115
f 5132//5131 5118//5117 5117//5116
f 5133//5132 5119//5118 5118//5117
f 5134//5133 5120//5119 5119//5118
f 5135//5134 5121//5120 5120//5119
f 5137//5136 5121//5120 5136//5135
f 5138//5137 5122//5121 5137//5136
f 5139//5138 5123//5122 5138//5137
f 5140//5139 5124//5123 5139//5138
f 5140//5139 4630//4629 5125//5124
f 5142//5141 5126//5125 5141//5140
f 5143//5142 5127//5126 5142//5141
f 5143//5142 5129//5128 5128//5127
f 5144//5143 5130//5129 5129//5128
f 5145//5144 5131//5130 5130//5129
f 5146//5145 5132//5131 5131//5130
f 5147//5146 5133//5132 5132//5131
f 5148//5147 5134//5133 5133//5132
f 5149//5148 5135//5134 5134//5133
f 5150//5149 5136//5135 5135//5134
f 5152//5151 5136//5135 5151//5150
f 5153//5152 5137//5136 5152//5151
f 5154//5153 5138//5137 5153//5152
f 5155//5154 5139//5138 5154//5153
f 5155//5154 4630//4629 5140//5139
f 5157//5156 5141//5140 5156//5155
f 5158//5157 5142//5141 5157//5156
f 5158//5157 5144//5143 5143//5142
f 5159//5158 5145//5144 5144//5143
f 5160//5159 5146//5145 5145//5144
f 5161//5160 5147//5146 5146//5145
f 5162//5161 5148//5147 5147//5146
f 5163//5162 5149//5148 5148//5147
f 5164//5163 5150//5149 5149//5148
f 5165//5164 5151//5150 5150//5149
f 5167//5166 5151//5150 5166//5165
f 5168//5167 5152//5151 5167//5166
f 5169//5168 5153//5152 5168//5167
f 5170//5169 5154//5153 5169//5168
f 5170//5169 4630//4629 5155//5154
f 5172//5171 5156//5155 5171//5170
f 5173//5172 5157//5156 5172//5171
f 5173//5172 5159//5158 5158//5157
f 5174//5173 5160//5159 5159//5158
f 5175//5174 5161//5160 5160//5159
f 5176//5175 5162//5161 5161//5160
f 5177//5176 5163//5162 5162//5161
f 5178//5177 5164//5163 5163//5162
f 5179//5178 5165//5164 5164//5163
f 5180//5179 5166//5165 5165//5164
f 5182//5181 5166//5165 5181//5180
f 5183//5182 5167//5166 5182//5181
f 5184//5183 5168//5167 5183//5182
f 5185//5184 5169//5168 5184//5183
f 5185//5184 4630//4629 5170//5169
f 5187//5186 5171//5170 5186//5185
f 5187//5186 5173//5172 5172//5171
f 5189//5188 5173//5172 5188//5187
f 5189//5188 5175//5174 5174//5173
f 5190//5189 5176//5175 5175//5174
f 5192//5191 5176//5175 5191//5190
f 5192//5191 5178//5177 5177//5176
f 5194//5193 5178//5177 5193//5192
f 5195//5194 5179//5178 5194//5193
f 5195//5194 5181//5180 5180//5179
f 5197//5196 5181//5180 5196//5195
f 5197//5196 5183//5182 5182//5181
f 5199//5198 5183//5182 5198//5197
f 5199//5198 5185//5184 5184//5183
f 5200//5199 4630//4629 5185//5184
f 5201//5200 5187//5186 5186//5185
f 5202//5201 5188//5187 5187//5186
f 5204//5203 5188//5187 5203//5202
f 5205//5204 5189//5188 5204//5203
f 5206//5205 5190//5189 5205//5204
f 5207//5206 5191//5190 5206//5205
f 5208//5207 5192//5191 5207//5206
f 5209//5208 5193//5192 5208//5207
f 5210//5209 5194//5193 5209//5208
f 5211//5210 5195//5194 5210//5209
f 5211//5210 5197//5196 5196//5195
f 5212//5211 5198//5197 5197//5196
f 5213//5212 5199//5198 5198//5197
f 5214//5213 5200//5199 5199//5198
f 5215//5214 4630//4629 5200//5199
f 5216//5215 5202//5201 5201//5200
f 5217//5216 5203//5202 5202//5201
f 5219//5218 5203//5202 5218//5217
f 5220//5219 5204//5203 5219//5218
f 5221//5220 5205//5204 5220//5219
f 5222//5221 5206//5205 5221//5220
f 5223//5222 5207//5206 5222//5221
f 5224//5223 5208//5207 5223//5222
f 5225//5224 5209//5208 5224//5223
f 5226//5225 5210//5209 5225//5224
f 5226//5225 5212//5211 5211//5210
f 5227//5226 5213//5212 5212//5211
f 5228//5227 5214//5213 5213//5212
f 5229//5228 5215//5214 5214//5213
f 5230//5229 4630//4629 5215//5214
f 5231//5230 5217//5216 5216//5215
f 5232//5231 5218//5217 5217//5216
f 5234//5233 5218//5217 5233//5232
f 5235//5234 5219//5218 5234//5233
f 5236//5235 5220//5219 5235//5234
f 5237//5236 5221//5220 5236//5235
f 5238//5237 5222//5221 5237//5236
f 5239//5238 5223//5222 5238//5237
f 5240//5239 5224//5223 5239//5238
f 5241//5240 5225//5224 5240//5239
f 5241//5240 5227//5226 5226//5225
f 5242//5241 5228//5227 5227//5226
f 5243//5242 5229//5228 5228//5227
f 5244//5243 5230//5229 5229//5228
f 5245//5244 4630//4629 5230//5229
f 5246//5245 5232//5231 5231//5230
f 5247//5246 5233//5232 5232//5231
f 5249//5248 5233//5232 5248//5247
f 5250//5249 5234//5233 5249//5248
f 5251//5250 5235//5234 5250//5249
f 5252//5251 5236//5235 5251//5250
f 5253//5252 5237//5236 5252//5251
f 5254//5253 5238//5237 5253//5252
f 5255//5254 5239//5238 5254//5253
f 5256//5255 5240//5239 5255//5254
f 5256//5255 5242//5241 5241//5240
f 5257//5256 5243//5242 5242//5241
f 5258//5257 5244//5243 5243//5242
f 5259//5258 5245//5244 5244//5243
f 5260//5259 4630//4629 5245//5244
f 5261//5260 5247//5246 5246//5245
f 5262//5261 5248//5247 5247//5246
f 5264//5263 5248//5247 5263//5262
f 5265//5264 5249//5248 5264//5263
f 5266//5265 5250//5249 5265//5264
f 5267//5266 5251//5250 5266//5265
f 5268//5267 5252//5251 5267//5266
f 5269//5268 5253//5252 5268//5267
f 5270//5269 5254//5253 5269//5268
f 5271//5270 5255//5254 5270//5269
f 5271//5270 5257//5256 5256//5255
f 5272//5271 5258//5257 5257//5256
f 5273//5272 5259//5258 5258//5257
f 5274//5273 5260//5259 5259//5258
f 5275//5274 4630//4629 5260//5259
f 5276//5275 5262//5261 5261//5260
f 5277//5276 5263//5262 5262//5261
f 5279//5278 5263//5262 5278//5277
f 5280//5279 5264//5263 5279//5278
f 5281//5280 5265//5264 5280//5279
f 5282//5281 5266//5265 5281//5280
f 5283//5282 5267//5266 5282//5281
f 5284//5283 5268//5267 5283//5282
f 5285//5284 5269//5268 5284//5283
f 5286//5285 5270//5269 5285//5284
f 5286//5285 5272//5271 5271//5270
f 5287//5286 5273//5272 5272//5271
f 5288//5287 5274//5273 5273//5272
f 5289//5288 5275//5274 5274//5273
f 5290//5289 4630//4629 5275//5274
f 4844//4843 5277//5276 5276//5275
f 4843//4842 5278//5277 5277//5276
f 4848//4847 5278//5277 4846//4845
f 4850//4849 5279//5278 4848//4847
f 4852//4851 5280//5279 4850//4849
f 4854//4853 5281//5280 4852//4851
f 4856//4855 5282//5281 4854//4853
f 4858//4857 5283//5282 4856//4855
f 4860//4859 5284//5283 4858//4857
f 4862//4861 5285//5284 4860//4859
f 4862//4861 5287//5286 5286//5285
f 4864//4863 5288//5287 5287//5286
f 4866//4865 5289//5288 5288//5287
f 4868//4867 5290//5289 5289//5288
f 4870//4869 4630//4629 5290//5289
f 5292//5291 4826//4825 5291//5290
f 5293//5292 4827//4826 5292//5291
f 5293//5292 4829//4828 4828//4827
f 5294//5293 4830//4829 4829//4828
f 5295//5294 4831//4830 4830//4829
f 5296//5295 4832//4831 4831//4830
f 5297//5296 4833//4832 4832//4831
f 5298//5297 4834//4833 4833//4832
f 5299//5298 4835//4834 4834//4833
f 5300//5299 4836//4835 4835//4834
f 5302//5301 4836//4835 5301//5300
f 5303//5302 4837//4836 5302//5301
f 5304//5303 4838//4837 5303//5302
f 5305//5304 4839//4838 5304//5303
f 5305//5304 4630//4629 4840//4839
f 5307//5306 5291//5290 5306//5305
f 5308//5307 5292//5291 5307//5306
f 5308//5307 5294//5293 5293//5292
f 5309//5308 5295//5294 5294//5293
f 5310//5309 5296//5295 5295//5294
f 5311//5310 5297//5296 5296//5295
f 5312//5311 5298//5297 5297//5296
f 5313//5312 5299//5298 5298//5297
f 5314//5313 5300//5299 5299//5298
f 5315//5314 5301//5300 5300//5299
f 5317//5316 5301//5300 5316//5315
f 5318//5317 5302//5301 5317//5316
f 5319//5318 5303//5302 5318//5317
f 5320//5319 5304//5303 5319//5318
f 5320//5319 4630//4629 5305//5304
f 5322//5321 5306//5305 5321//5320
f 5323//5322 5307//5306 5322//5321
f 5323//5322 5309//5308 5308//5307
f 5324//5323 5310//5309 5309//5308
f 5325//5324 5311//5310 5310//5309
f 5326//5325 5312//5311 5311//5310
f 5327//5326 5313//5312 5312//5311
f 5328//5327 5314//5313 5313//5312
f 5329//5328 5315//5314 5314//5313
f 5330//5329 5316//5315 5315//5314
f 5332//5331 5316//5315 5331//5330
f 5333//5332 5317//5316 5332//5331
f 5334//5333 5318//5317 5333//5332
f 5335//5334 5319//5318 5334//5333
f 5335//5334 4630//4629 5320//5319
f 5337//5336 5321//5320 5336//5335
f 5338//5337 5322//5321 5337//5336
f 5338//5337 5324//5323 5323//5322
f 5339//5338 5325//5324 5324//5323
f 5340//5339 5326//5325 5325//5324
f 5341//5340 5327//5326 5326//5325
f 5342//5341 5328//5327 5327//5326
f 5343//5342 5329//5328 5328//5327
f 5344//5343 5330//5329 5329//5328
f 5345//5344 5331//5330 5330//5329
f 5347//5346 5331//5330 5346//5345
f 5348//5347 5332//5331 5347//5346
f 5349//5348 5333//5332 5348//5347
f 5350//5349 5334//5333 5349//5348
f 5350//5349 4630//4629 5335//5334
f 5352//5351 5336//5335 5351//5350
f 5353//5352 5337//5336 5352//5351
f 5353//5352 5339//5338 5338//5337
f 5354//5353 5340//5339 5339//5338
f 5355//5354 5341//5340 5340//5339
f 5356//5355 5342//5341 5341//5340
f 5357//5356 5343//5342 5342//5341
f 5358//5357 5344//5343 5343//5342
f 5359//5358 5345//5344 5344//5343
f 5360//5359 5346//5345 5345//5344
f 5362//5361 5346//5345 5361//5360
f 5363//5362 5347//5346 5362//5361
f 5364//5363 5348//5347 5363//5362
f 5365//5364 5349//5348 5364//5363
f 5365//5364 4630//4629 5350//5349
f 5367//5366 5351//5350 5366//5365
f 5368//5367 5352//5351 5367//5366
f 5368//5367 5354//5353 5353//5352
f 5369//5368 5355//5354 5354//5353
f 5370//5369 5356//5355 5355//5354
f 5371//5370 5357//5356 5356//5355
f 5372//5371 5358//5357 5357//5356
f 5373//5372 5359//5358 5358//5357
f 5374//5373 5360//5359 5359//5358
f 5375//5374 5361//5360 5360//5359
f 5377//5376 5361//5360 5376//5375
f 5378//5377 5362//5361 5377//5376
f 5379//5378 5363//5362 5378//5377
f 5380//5379 5364//5363 5379//5378
f 5380//5379 4630//4629 5365//5364
f 5382//5381 5366//5365 5381//5380
f 5383//5382 5367//5366 5382//5381
f 5383//5382 5369//5368 5368//5367
f 5384//5383 5370//5369 5369//5368
f 5385//5384 5371//5370 5370//5369
f 5386//5385 5372//5371 5371//5370
f 5387//5386 5373//5372 5372//5371
f 5388//5387 5374//5373 5373//5372
f 5389//5388 5375//5374 5374//5373
f 5390//5389 5376//5375 5375//5374
f 5392//5391 5376//5375 5391//5390
f 5393//5392 5377//5376 5392//5391
f 5394//5393 5378//5377 5393//5392
f 5395//5394 5379//5378 5394//5393
f 5395//5394 4630//4629 5380//5379
f 5397//5396 5381//5380 5396//5395
f 5398//5397 5382//5381 5397//5396
f 5399//5398 5383//5382 5398//5397
f 5400//5399 5384//5383 5399//5398
f 5401//5400 5385//5384 5400//5399
f 5402//5401 5386//5385 5401//5400
f 5403//5402 5387//5386 5402//5401
f 5404//5403 5388//5387 5403//5402
f 5404//5403 5390//5389 5389//5388
f 5406//5405 5390//5389 5405//5404
f 5407//5406 5391//5390 5406//5405
f 5408//5407 5392//5391 5407//5406
f 5409//5408 5393//5392 5408//5407
f 5410//5409 5394//5393 5409//5408
f 5410//5409 4630//4629 5395//5394
f 5411//5410 5397//5396 5396//5395
f 5412//5411 5398//5397 5397//5396
f 5414//5413 5398//5397 5413//5412
f 5415//5414 5399//5398 5414//5413
f 5416//5415 5400//5399 5415//5414
f 5417//5416 5401//5400 5416//5415
f 5418//5417 5402//5401 5417//5416
f 5419//5418 5403//5402 5418//5417
f 5420//5419 5404//5403 5419//5418
f 5421//5420 5405//5404 5420//5419
f 5421//5420 5407//5406 5406//5405
f 5422//5421 5408//5407 5407//5406
f 5423//5422 5409//5408 5408//5407
f 5424//5423 5410//5409 5409//5408
f 5425//5424 4630//4629 5410//5409
f 5426//5425 5412//5411 5411//5410
f 5427//5426 5413//5412 5412//5411
f 5429//5428 5413//5412 5428//5427
f 5430//5429 5414//5413 5429//5428
f 5431//5430 5415//5414 5430//5429
f 5432//5431 5416//5415 5431//5430
f 5433//5432 5417//5416 5432//5431
f 5434//5433 5418//5417 5433//5432
f 5435//5434 5419//5418 5434//5433
f 5436//5435 5420//5419 5435//5434
f 5436//5435 5422//5421 5421//5420
f 5437//5436 5423//5422 5422//5421
f 5438//5437 5424//5423 5423//5422
f 5439//5438 5425//5424 5424//5423
f 5440//5439 4630//4629 5425//5424
f 5441//5440 5427//5426 5426//5425
f 5442//5441 5428//5427 5427//5426
f 5444//5443 5428//5427 5443//5442
f 5445//5444 5429//5428 5444//5443
f 5446//5445 5430//5429 5445//5444
f 5447//5446 5431//5430 5446//5445
f 5448//5447 5432//5431 5447//5446
f 5449//5448 5433//5432 5448//5447
f 5450//5449 5434//5433 5449//5448
f 5451//5450 5435//5434 5450//5449
f 5451//5450 5437//5436 5436//5435
f 5452//5451 5438//5437 5437//5436
f 5453//5452 5439//5438 5438//5437
f 5454//5453 5440//5439 5439//5438
f 5455//5454 4630//4629 5440//5439
f 5456//5455 5442//5441 5441//5440
f 5457//5456 5443//5442 5442//5441
f 5459//5458 5443//5442 5458//5457
f 5460//5459 5444//5443 5459//5458
f 5461//5460 5445//5444 5460//5459
f 5462//5461 5446//5445 5461//5460
f 5463//5462 5447//5446 5462//5461
f 5464//5463 5448//5447 5463//5462
f 5465//5464 5449//5448 5464//5463
f 5466//5465 5450//5449 5465//5464
f 5466//5465 5452//5451 5451//5450
f 5467//5466 5453//5452 5452//5451
f 5468//5467 5454//5453 5453//5452
f 5469//5468 5455//5454 5454//5453
f 5470//5469 4630//4629 5455//5454
f 5471//5470 5457//5456 5456//5455
f 5472//5471 5458//5457 5457//5456
f 5474//5473 5458//5457 5473//5472
f 5475//5474 5459//5458 5474//5473
f 5476//5475 5460//5459 5475//5474
f 5477//5476 5461//5460 5476//5475
f 5478//5477 5462//5461 5477//5476
f 5479//5478 5463//5462 5478//5477
f 5480//5479 5464//5463 5479//5478
f 5481//5480 5465//5464 5480//5479
f 5481//5480 5467//5466 5466//5465
f 5482//5481 5468//5467 5467//5466
f 5483//5482 5469//5468 5468//5467
f 5484//5483 5470//5469 5469//5468
f 5485//5484 4630//4629 5470//5469
f 5486//5485 5472//5471 5471//5470
f 5487//5486 5473//5472 5472//5471
f 5489//5488 5473//5472 5488//5487
f 5490//5489 5474//5473 5489//5488
f 5491//5490 5475//5474 5490//5489
f 5492//5491 5476//5475 5491//5490
f 5493//5492 5477//5476 5492//5491
f 5494//5493 5478//5477 5493//5492
f 5495//5494 5479//5478 5494//5493
f 5496//5495 5480//5479 5495//5494
f 5496//5495 5482//5481 5481//5480
f 5497//5496 5483//5482 5482//5481
f 5498//5497 5484//5483 5483//5482
f 5499//5498 5485//5484 5484//5483
f 5500//5499 4630//4629 5485//5484
f 5069//5068 5487//5486 5486//5485
f 5068//5067 5488//5487 5487//5486
f 5073//5072 5488//5487 5071//5070
f 5075//5074 5489//5488 5073//5072
f 5077//5076 5490//5489 5075//5074
f 5079//5078 5491//5490 5077//5076
f 5081//5080 5492//5491 5079//5078
f 5083//5082 5493//5492 5081//5080
f 5085//5084 5494//5493 5083//5082
f 5087//5086 5495//5494 5085//5084
f 5087//5086 5497//5496 5496//5495
f 5089//5088 5498//5497 5497//5496
f 5091//5090 5499//5498 5498//5497
f 5093//5092 5500//5499 5499//5498
f 5095//5094 4630//4629 5500//5499
f 5502//5501 5504//5503 5501//5500
f 5505//5504 5503//5502 5502//5501
f 5507//5506 5506//5505 5505//5504
f 5509//5508 5508//5507 5507//5506
f 5511//5510 5510//5509 5509//5508
f 5513//5512 5512//5511 5511//5510
f 5515//5514 5514//5513 5513//5512
f 5517//5516 5516//5515 5515//5514
f 5519//5518 5518//5517 5517//5516
f 5521//5520 5520//5519 5519//5518
f 5523//5522 5522//5521 5521//5520
f 5525//5524 5524//5523 5523//5522
f 5527//5526 5526//5525 5525//5524
f 5529//5528 5528//5527 5527//5526
f 4600//4599 5530//5529 5529//5528
f 5532//5531 5501//5500 5531//5530
f 5533//5532 5502//5501 5532//5531
f 5534//5533 5505//5504 5533//5532
f 5535//5534 5507//5506 5534//5533
f 5536//5535 5509//5508 5535//5534
f 5537//5536 5511//5510 5536//5535
f 5538//5537 5513//5512 5537//5536
f 5539//5538 5515//5514 5538//5537
f 5540//5539 5517//5516 5539//5538
f 5541//5540 5519//5518 5540//5539
f 5542//5541 5521//5520 5541//5540
f 5543//5542 5523//5522 5542//5541
f 5544//5543 5525//5524 5543//5542
f 5545//5544 5527//5526 5544//5543
f 4631//4630 5529//5528 5545//5544
f 5547//5546 5531//5530 5546//5545
f 5548//5547 5532//5531 5547//5546
f 5549//5548 5533//5532 5548//5547
f 5550//5549 5534//5533 5549//5548
f 5551//5550 5535//5534 5550//5549
f 5552//5551 5536//5535 5551//5550
f 5553//5552 5537//5536 5552//5551
f 5554//5553 5538//5537 5553//5552
f 5555//5554 5539//5538 5554//5553
f 5556//5555 5540//5539 5555//5554
f 5557//5556 5541//5540 5556//5555
f 5558//5557 5542//5541 5557//5556
f 5559//5558 5543//5542 5558//5557
f 5560//5559 5544//5543 5559//5558
f 4646//4645 5545//5544 5560//5559
f 5562//5561 5546//5545 5561//5560
f 5563//5562 5547//5546 5562//5561
f 5564//5563 5548//5547 5563//5562
f 5565//5564 5549//5548 5564//5563
f 5566//5565 5550//5549 5565//5564
f 5567//5566 5551//5550 5566//5565
f 5568//5567 5552//5551 5567//5566
f 5569//5568 5553//5552 5568//5567
f 5570//5569 5554//5553 5569//5568
f 5571//5570 5555//5554 5570//5569
f 5572//5571 5556//5555 5571//5570
f 5573//5572 5557//5556 5572//5571
f 5574//5573 5558//5557 5573//5572
f 5575//5574 5559//5558 5574//5573
f 4661//4660 5560//5559 5575//5574
f 5577//5576 5561//5560 5576//5575
f 5578//5577 5562//5561 5577//5576
f 5579//5578 5563//5562 5578//5577
f 5580//5579 5564//5563 5579//5578
f 5581//5580 5565//5564 5580//5579
f 5582//5581 5566//5565 5581//5580
f 5583//5582 5567//5566 5582//5581
f 5584//5583 5568//5567 5583//5582
f 5585//5584 5569//5568 5584//5583
f 5586//5585 5570//5569 5585//5584
f 5587//5586 5571//5570 5586//5585
f 5588//5587 5572//5571 5587//5586
f 5589//5588 5573//5572 5588//5587
f 5590//5589 5574//5573 5589//5588
f 4676//4675 5575//5574 5590//5589
f 5592//5591 5576//5575 5591//5590
f 5593//5592 5577//5576 5592//5591
f 5594//5593 5578//5577 5593//5592
f 5595//5594 5579//5578 5594//5593
f 5596//5595 5580//5579 5595//5594
f 5597//5596 5581//5580 5596//5595
f 5598//5597 5582//5581 5597//5596
f 5599//5598 5583//5582 5598//5597
f 5600//5599 5584//5583 5599//5598
f 5601//5600 5585//5584 5600//5599
f 5602//5601 5586//5585 5601//5600
f 5603//5602 5587//5586 5602//5601
f 5604//5603 5588//5587 5603//5602
f 5605//5604 5589//5588 5604//5603
f 4691//4690 5590//5589 5605//5604
f 5607//5606 5591//5590 5606//5605
f 5608//5607 5592//5591 5607//5606
f 5609//5608 5593//5592 5608//5607
f 5610//5609 5594//5593 5609//5608
f 5611//5610 5595//5594 5610//5609
f 5612//5611 5596//5595 5611//5610
f 5613//5612 5597//5596 5612//5611
f 5614//5613 5598//5597 5613//5612
f 5615//5614 5599//5598 5614//5613
f 5616//5615 5600//5599 5615//5614
f 5617//5616 5601//5600 5616//5615
f 5618//5617 5602//5601 5617//5616
f 5619//5618 5603//5602 5618//5617
f 5620//5619 5604//5603 5619//5618
f 4706//4705 5605//5604 5620//5619
f 5621//5620 5607//5606 5606//5605
f 5623//5622 5607//5606 5622//5621
f 5623//5622 5609//5608 5608//5607
f 5625//5624 5609//5608 5624//5623
f 5625//5624 5611//5610 5610//5609
f 5626//5625 5612//5611 5611//5610
f 5628//5627 5612//5611 5627//5626
f 5629//5628 5613//5612 5628//5627
f 5629//5628 5615//5614 5614//5613
f 5631//5630 5615//5614 5630//5629
f 5632//5631 5616//5615 5631//5630
f 5633//5632 5617//5616 5632//5631
f 5634//5633 5618//5617 5633//5632
f 5635//5634 5619//5618 5634//5633
f 4721//4720 5620//5619 5635//5634
f 5636//5635 5622//5621 5621//5620
f 5637//5636 5623//5622 5622//5621
f 5638//5637 5624//5623 5623//5622
f 5639//5638 5625//5624 5624//5623
f 5640//5639 5626//5625 5625//5624
f 5641//5640 5627//5626 5626//5625
f 5642//5641 5628//5627 5627//5626
f 5643//5642 5629//5628 5628//5627
f 5644//5643 5630//5629 5629//5628
f 5645//5644 5631//5630 5630//5629
f 5646//5645 5632//5631 5631//5630
f 5647//5646 5633//5632 5632//5631
f 5648//5647 5634//5633 5633//5632
f 5649//5648 5635//5634 5634//5633
f 5650//5649 4721//4720 5635//5634
f 5651//5650 5637//5636 5636//5635
f 5652//5651 5638//5637 5637//5636
f 5653//5652 5639//5638 5638//5637
f 5654//5653 5640//5639 5639//5638
f 5655//5654 5641//5640 5640//5639
f 5656//5655 5642//5641 5641//5640
f 5657//5656 5643//5642 5642//5641
f 5658//5657 5644//5643 5643//5642
f 5659//5658 5645//5644 5644//5643
f 5660//5659 5646//5645 5645//5644
f 5661//5660 5647//5646 5646//5645
f 5662//5661 5648//5647 5647//5646
f 5663//5662 5649//5648 5648//5647
f 5664//5663 5650//5649 5649//5648
f 5665//5664 4736//4735 5650//5649
f 5666//5665 5652//5651 5651//5650
f 5667//5666 5653//5652 5652//5651
f 5668//5667 5654//5653 5653//5652
f 5669//5668 5655//5654 5654//5653
f 5670//5669 5656//5655 5655//5654
f 5671//5670 5657//5656 5656//5655
f 5672//5671 5658//5657 5657//5656
f 5673//5672 5659//5658 5658//5657
f 5674//5673 5660//5659 5659//5658
f 5675//5674 5661//5660 5660//5659
f 5676//5675 5662//5661 5661//5660
f 5677//5676 5663//5662 5662//5661
f 5678//5677 5664//5663 5663//5662
f 5679//5678 5665//5664 5664//5663
f 5680//5679 4751//4750 5665//5664
f 5681//5680 5667//5666 5666//5665
f 5682//5681 5668//5667 5667//5666
f 5683//5682 5669//5668 5668//5667
f 5684//5683 5670//5669 5669//5668
f 5685//5684 5671//5670 5670//5669
f 5686//5685 5672//5671 5671//5670
f 5687//5686 5673//5672 5672//5671
f 5688//5687 5674//5673 5673//5672
f 5689//5688 5675//5674 5674//5673
f 5690//5689 5676//5675 5675//5674
f 5691//5690 5677//5676 5676//5675
f 5692//5691 5678//5677 5677//5676
f 5693//5692 5679//5678 5678//5677
f 5694//5693 5680//5679 5679//5678
f 5695//5694 4766//4765 5680//5679
f 5696//5695 5682//5681 5681//5680
f 5697//5696 5683//5682 5682//5681
f 5698//5697 5684//5683 5683//5682
f 5699//5698 5685//5684 5684//5683
f 5700//5699 5686//5685 5685//5684
f 5701//5700 5687//5686 5686//5685
f 5702//5701 5688//5687 5687//5686
f 5703//5702 5689//5688 5688//5687
f 5704//5703 5690//5689 5689//5688
f 5705//5704 5691//5690 5690//5689
f 5706//5705 5692//5691 5691//5690
f 5707//5706 5693//5692 5692//5691
f 5708//5707 5694//5693 5693//5692
f 5709//5708 5695//5694 5694//5693
f 5710//5709 4781//4780 5695//5694
f 5711//5710 5697//5696 5696//5695
f 5712//5711 5698//5697 5697//5696
f 5713//5712 5699//5698 5698//5697
f 5714//5713 5700//5699 5699//5698
f 5715//5714 5701//5700 5700//5699
f 5716//5715 5702//5701 5701//5700
f 5717//5716 5703//5702 5702//5701
f 5718//5717 5704//5703 5703//5702
f 5719//5718 5705//5704 5704//5703
f 5720//5719 5706//5705 5705//5704
f 5721//5720 5707//5706 5706//5705
f 5722//5721 5708//5707 5707//5706
f 5723//5722 5709//5708 5708//5707
f 5724//5723 5710//5709 5709//5708
f 5725//5724 4796//4795 5710//5709
f 5726//5725 5712//5711 5711//5710
f 5727//5726 5713//5712 5712//5711
f 5728//5727 5714//5713 5713//5712
f 5729//5728 5715//5714 5714//5713
f 5730//5729 5716//5715 5715//5714
f 5731//5730 5717//5716 5716//5715
f 5732//5731 5718//5717 5717//5716
f 5733//5732 5719//5718 5718//5717
f 5734//5733 5720//5719 5719//5718
f 5735//5734 5721//5720 5720//5719
f 5736//5735 5722//5721 5721//5720
f 5737//5736 5723//5722 5722//5721
f 5738//5737 5724//5723 5723//5722
f 5739//5738 5725//5724 5724//5723
f 5740//5739 4811//4810 5725//5724
f 5742//5741 5744//5743 5741//5740
f 5745//5744 5743//5742 5742//5741
f 5747//5746 5746//5745 5745//5744
f 5749//5748 5748//5747 5747//5746
f 5751//5750 5750//5749 5749//5748
f 5753//5752 5752//5751 5751//5750
f 5755//5754 5754//5753 5753//5752
f 5757//5756 5756//5755 5755//5754
f 5759//5758 5758//5757 5757//5756
f 5761//5760 5760//5759 5759//5758
f 5763//5762 5762//5761 5761//5760
f 5765//5764 5764//5763 5763//5762
f 5767//5766 5766//5765 5765//5764
f 5769//5768 5768//5767 5767//5766
f 4841//4840 5770//5769 5769//5768
f 5772//5771 5741//5740 5771//5770
f 5773//5772 5742//5741 5772//5771
f 5774//5773 5745//5744 5773//5772
f 5775//5774 5747//5746 5774//5773
f 5776//5775 5749//5748 5775//5774
f 5777//5776 5751//5750 5776//5775
f 5778//5777 5753//5752 5777//5776
f 5779//5778 5755//5754 5778//5777
f 5780//5779 5757//5756 5779//5778
f 5781//5780 5759//5758 5780//5779
f 5782//5781 5761//5760 5781//5780
f 5783//5782 5763//5762 5782//5781
f 5784//5783 5765//5764 5783//5782
f 5785//5784 5767//5766 5784//5783
f 4871//4870 5769//5768 5785//5784
f 5787//5786 5771//5770 5786//5785
f 5788//5787 5772//5771 5787//5786
f 5789//5788 5773//5772 5788//5787
f 5790//5789 5774//5773 5789//5788
f 5791//5790 5775//5774 5790//5789
f 5792//5791 5776//5775 5791//5790
f 5793//5792 5777//5776 5792//5791
f 5794//5793 5778//5777 5793//5792
f 5795//5794 5779//5778 5794//5793
f 5796//5795 5780//5779 5795//5794
f 5797//5796 5781//5780 5796//5795
f 5798//5797 5782//5781 5797//5796
f 5799//5798 5783//5782 5798//5797
f 5800//5799 5784//5783 5799//5798
f 4886//4885 5785//5784 5800//5799
f 5802//5801 5786//5785 5801//5800
f 5803//5802 5787//5786 5802//5801
f 5804//5803 5788//5787 5803//5802
f 5805//5804 5789//5788 5804//5803
f 5806//5805 5790//5789 5805//5804
f 5807//5806 5791//5790 5806//5805
f 5808//5807 5792//5791 5807//5806
f 5809//5808 5793//5792 5808//5807
f 5810//5809 5794//5793 5809//5808
f 5811//5810 5795//5794 5810//5809
f 5812//5811 5796//5795 5811//5810
f 5813//5812 5797//5796 5812//5811
f 5814//5813 5798//5797 5813//5812
f 5815//5814 5799//5798 5814//5813
f 4901//4900 5800//5799 5815//5814
f 5817//5816 5801//5800 5816//5815
f 5818//5817 5802//5801 5817//5816
f 5819//5818 5803//5802 5818//5817
f 5820//5819 5804//5803 5819//5818
f 5821//5820 5805//5804 5820//5819
f 5822//5821 5806//5805 5821//5820
f 5823//5822 5807//5806 5822//5821
f 5824//5823 5808//5807 5823//5822
f 5825//5824 5809//5808 5824//5823
f 5826//5825 5810//5809 5825//5824
f 5827//5826 5811//5810 5826//5825
f 5828//5827 5812//5811 5827//5826
f 5829//5828 5813//5812 5828//5827
f 5830//5829 5814//5813 5829//5828
f 4916//4915 5815//5814 5830//5829
f 5832//5831 5816//5815 5831//5830
f 5833//5832 5817//5816 5832//5831
f 5834//5833 5818//5817 5833//5832
f 5835//5834 5819//5818 5834//5833
f 5836//5835 5820//5819 5835//5834
f 5837//5836 5821//5820 5836//5835
f 5838//5837 5822//5821 5837//5836
f 5839//5838 5823//5822 5838//5837
f 5840//5839 5824//5823 5839//5838
f 5841//5840 5825//5824 5840//5839
f 5842//5841 5826//5825 5841//5840
f 5843//5842 5827//5826 5842//5841
f 5844//5843 5828//5827 5843//5842
f 5845//5844 5829//5828 5844//5843
f 4931//4930 5830//5829 5845//5844
f 5847//5846 5831//5830 5846//5845
f 5848//5847 5832//5831 5847//5846
f 5849//5848 5833//5832 5848//5847
f 5850//5849 5834//5833 5849//5848
f 5851//5850 5835//5834 5850//5849
f 5852//5851 5836//5835 5851//5850
f 5853//5852 5837//5836 5852//5851
f 5854//5853 5838//5837 5853//5852
f 5855//5854 5839//5838 5854//5853
f 5856//5855 5840//5839 5855//5854
f 5857//5856 5841//5840 5856//5855
f 5858//5857 5842//5841 5857//5856
f 5859//5858 5843//5842 5858//5857
f 5860//5859 5844//5843 5859//5858
f 4946//4945 5845//5844 5860//5859
f 5862//5861 5846//5845 5861//5860
f 5863//5862 5847//5846 5862//5861
f 5864//5863 5848//5847 5863//5862
f 5865//5864 5849//5848 5864//5863
f 5866//5865 5850//5849 5865//5864
f 5866//5865 5852//5851 5851//5850
f 5868//5867 5852//5851 5867//5866
f 5868//5867 5854//5853 5853//5852
f 5870//5869 5854//5853 5869//5868
f 5871//5870 5855//5854 5870//5869
f 5872//5871 5856//5855 5871//5870
f 5873//5872 5857//5856 5872//5871
f 5874//5873 5858//5857 5873//5872
f 5875//5874 5859//5858 5874//5873
f 4961//4960 5860//5859 5875//5874
f 5876//5875 5862//5861 5861//5860
f 5877//5876 5863//5862 5862//5861
f 5878//5877 5864//5863 5863//5862
f 5879//5878 5865//5864 5864//5863
f 5880//5879 5866//5865 5865//5864
f 5881//5880 5867//5866 5866//5865
f 5882//5881 5868//5867 5867//5866
f 5883//5882 5869//5868 5868//5867
f 5884//5883 5870//5869 5869//5868
f 5885//5884 5871//5870 5870//5869
f 5886//5885 5872//5871 5871//5870
f 5887//5886 5873//5872 5872//5871
f 5888//5887 5874//5873 5873//5872
f 5889//5888 5875//5874 5874//5873
f 5890//5889 4961//4960 5875//5874
f 5891//5890 5877//5876 5876//5875
f 5892//5891 5878//5877 5877//5876
f 5893//5892 5879//5878 5878//5877
f 5894//5893 5880//5879 5879//5878
f 5895//5894 5881//5880 5880//5879
f 5896//5895 5882//5881 5881//5880
f 5897//5896 5883//5882 5882//5881
f 5898//5897 5884//5883 5883//5882
f 5899//5898 5885//5884 5884//5883
f 5900//5899 5886//5885 5885//5884
f 5901//5900 5887//5886 5886//5885
f 5902//5901 5888//5887 5887//5886
f 5903//5902 5889//5888 5888//5887
f 5904//5903 5890//5889 5889//5888
f 5905//5904 4976//4975 5890//5889
f 5906//5905 5892//5891 5891//5890
f 5907//5906 5893//5892 5892//5891
f 5908//5907 5894//5893 5893//5892
f 5909//5908 5895//5894 5894//5893
f 5910//5909 5896//5895 5895//5894
f 5911//5910 5897//5896 5896//5895
f 5912//5911 5898//5897 5897//5896
f 5913//5912 5899//5898 5898//5897
f 5914//5913 5900//5899 5899//5898
f 5915//5914 5901//5900 5900//5899
f 5916//5915 5902//5901 5901//5900
f 5917//5916 5903//5902 5902//5901
f 5918//5917 5904//5903 5903//5902
f 5919//5918 5905//5904 5904//5903
f 5920//5919 4991//4990 5905//5904
f 5921//5920 5907//5906 5906//5905
f 5922//5921 5908//5907 5907//5906
f 5923//5922 5909//5908 5908//5907
f 5924//5923 5910//5909 5909//5908
f 5925//5924 5911//5910 5910//5909
f 5926//5925 5912//5911 5911//5910
f 5927//5926 5913//5912 5912//5911
f 5928//5927 5914//5913 5913//5912
f 5929//5928 5915//5914 5914//5913
f 5930//5929 5916//5915 5915//5914
f 5931//5930 5917//5916 5916//5915
f 5932//5931 5918//5917 5917//5916
f 5933//5932 5919//5918 5918//5917
f 5934//5933 5920//5919 5919//5918
f 5935//5934 5006//5005 5920//5919
f 5936//5935 5922//5921 5921//5920
f 5937//5936 5923//5922 5922//5921
f 5938//5937 5924//5923 5923//5922
f 5939//5938 5925//5924 5924//5923
f 5940//5939 5926//5925 5925//5924
f 5941//5940 5927//5926 5926//5925
f 5942//5941 5928//5927 5927//5926
f 5943//5942 5929//5928 5928//5927
f 5944//5943 5930//5929 5929//5928
f 5945//5944 5931//5930 5930//5929
f 5946//5945 5932//5931 5931//5930
f 5947//5946 5933//5932 5932//5931
f 5948//5947 5934//5933 5933//5932
f 5949//5948 5935//5934 5934//5933
f 5950//5949 5021//5020 5935//5934
f 5951//5950 5937//5936 5936//5935
f 5952//5951 5938//5937 5937//5936
f 5953//5952 5939//5938 5938//5937
f 5954//5953 5940//5939 5939//5938
f 5955//5954 5941//5940 5940//5939
f 5956//5955 5942//5941 5941//5940
f 5957//5956 5943//5942 5942//5941
f 5958//5957 5944//5943 5943//5942
f 5959//5958 5945//5944 5944//5943
f 5960//5959 5946//5945 5945//5944
f 5961//5960 5947//5946 5946//5945
f 5962//5961 5948//5947 5947//5946
f 5963//5962 5949//5948 5948//5947
f 5964//5963 5950//5949 5949//5948
f 5965//5964 5036//5035 5950//5949
f 5504//5503 5952//5951 5951//5950
f 5503//5502 5953//5952 5952//5951
f 5506//5505 5954//5953 5953//5952
f 5508//5507 5955//5954 5954//5953
f 5510//5509 5956//5955 5955//5954
f 5512//5511 5957//5956 5956//5955
f 5514//5513 5958//5957 5957//5956
f 5516//5515 5959//5958 5958//5957
f 5518//5517 5960//5959 5959//5958
f 5520//5519 5961//5960 5960//5959
f 5522//5521 5962//5961 5961//5960
f 5524//5523 5963//5962 5962//5961
f 5526//5525 5964//5963 5963//5962
f 5528//5527 5965//5964 5964//5963
f 5530//5529 5051//5050 5965//5964
f 5967//5966 5969//5968 5966//5965
f 5970//5969 5968//5967 5967//5966
f 5972//5971 5971//5970 5970//5969
f 5974//5973 5973//5972 5972//5971
f 5976//5975 5975//5974 5974//5973
f 5978//5977 5977//5976 5976//5975
f 5980//5979 5979//5978 5978//5977
f 5982//5981 5981//5980 5980//5979
f 5984//5983 5983//5982 5982//5981
f 5986//5985 5985//5984 5984//5983
f 5988//5987 5987//5986 5986//5985
f 5990//5989 5989//5988 5988//5987
f 5992//5991 5991//5990 5990//5989
f 5994//5993 5993//5992 5992//5991
f 5066//5065 5995//5994 5994//5993
f 5997//5996 5966//5965 5996//5995
f 5998//5997 5967//5966 5997//5996
f 5999//5998 5970//5969 5998//5997
f 6000//5999 5972//5971 5999//5998
f 6001//6000 5974//5973 6000//5999
f 6002//6001 5976//5975 6001//6000
f 6003//6002 5978//5977 6002//6001
f 6004//6003 5980//5979 6003//6002
f 6005//6004 5982//5981 6004//6003
f 6006//6005 5984//5983 6005//6004
f 6007//6006 5986//5985 6006//6005
f 6008//6007 5988//5987 6007//6006
f 6009//6008 5990//5989 6008//6007
f 6010//6009 5992//5991 6009//6008
f 5096//5095 5994//5993 6010//6009
f 6012//6011 5996//5995 6011//6010
f 6013//6012 5997//5996 6012//6011
f 6014//6013 5998//5997 6013//6012
f 6015//6014 5999//5998 6014//6013
f 6016//6015 6000//5999 6015//6014
f 6017//6016 6001//6000 6016//6015
f 6018//6017 6002//6001 6017//6016
f 6019//6018 6003//6002 6018//6017
f 6020//6019 6004//6003 6019//6018
f 6021//6020 6005//6004 6020//6019
f 6022//6021 6006//6005 6021//6020
f 6023//6022 6007//6006 6022//6021
f 6024//6023 6008//6007 6023//6022
f 6025//6024 6009//6008 6024//6023
f 5111//5110 6010//6009 6025//6024
f 6027//6026 6011//6010 6026//6025
f 6028//6027 6012//6011 6027//6026
f 6029//6028 6013//6012 6028//6027
f 6030//6029 6014//6013 6029//6028
f 6031//6030 6015//6014 6030//6029
f 6032//6031 6016//6015 6031//6030
f 6033//6032 6017//6016 6032//6031
f 6034//6033 6018//6017 6033//6032
f 6035//6034 6019//6018 6034//6033
f 6036//6035 6020//6019 6035//6034
f 6037//6036 6021//6020 6036//6035
f 6038//6037 6022//6021 6037//6036
f 6039//6038 6023//6022 6038//6037
f 6040//6039 6024//6023 6039//6038
f 5126//5125 6025//6024 6040//6039
f 6042//6041 6026//6025 6041//6040
f 6043//6042 6027//6026 6042//6041
f 6044//6043 6028//6027 6043//6042
f 6045//6044 6029//6028 6044//6043
f 6046//6045 6030//6029 6045//6044
f 6047//6046 6031//6030 6046//6045
f 6048//6047 6032//6031 6047//6046
f 6049//6048 6033//6032 6048//6047
f 6050//6049 6034//6033 6049//6048
f 6051//6050 6035//6034 6050//6049
f 6052//6051 6036//6035 6051//6050
f 6053//6052 6037//6036 6052//6051
f 6054//6053 6038//6037 6053//6052
f 6055//6054 6039//6038 6054//6053
f 5141//5140 6040//6039 6055//6054
f 6057//6056 6041//6040 6056//6055
f 6058//6057 6042//6041 6057//6056
f 6059//6058 6043//6042 6058//6057
f 6060//6059 6044//6043 6059//6058
f 6061//6060 6045//6044 6060//6059
f 6062//6061 6046//6045 6061//6060
f 6063//6062 6047//6046 6062//6061
f 6064//6063 6048//6047 6063//6062
f 6065//6064 6049//6048 6064//6063
f 6066//6065 6050//6049 6065//6064
f 6067//6066 6051//6050 6066//6065
f 6068//6067 6052//6051 6067//6066
f 6069//6068 6053//6052 6068//6067
f 6070//6069 6054//6053 6069//6068
f 5156//5155 6055//6054 6070//6069
f 6072//6071 6056//6055 6071//6070
f 6073//6072 6057//6056 6072//6071
f 6074//6073 6058//6057 6073//6072
f 6075//6074 6059//6058 6074//6073
f 6076//6075 6060//6059 6075//6074
f 6077//6076 6061//6060 6076//6075
f 6078//6077 6062//6061 6077//6076
f 6079//6078 6063//6062 6078//6077
f 6080//6079 6064//6063 6079//6078
f 6081//6080 6065//6064 6080//6079
f 6082//6081 6066//6065 6081//6080
f 6083//6082 6067//6066 6082//6081
f 6084//6083 6068//6067 6083//6082
f 6085//6084 6069//6068 6084//6083
f 5171//5170 6070//6069 6085//6084
f 6086//6085 6072//6071 6071//6070
f 6088//6087 6072//6071 6087//6086
f 6088//6087 6074//6073 6073//6072
f 6090//6089 6074//6073 6089//6088
f 6090//6089 6076//6075 6075//6074
f 6091//6090 6077//6076 6076//6075
f 6093//6092 6077//6076 6092//6091
f 6094//6093 6078//6077 6093//6092
f 6095//6094 6079//6078 6094//6093
f 6096//6095 6080//6079 6095//6094
f 6097//6096 6081//6080 6096//6095
f 6098//6097 6082//6081 6097//6096
f 6099//6098 6083//6082 6098//6097
f 6100//6099 6084//6083 6099//6098
f 5186//5185 6085//6084 6100//6099
f 6101//6100 6087//6086 6086//6085
f 6102//6101 6088//6087 6087//6086
f 6103//6102 6089//6088 6088//6087
f 6104//6103 6090//6089 6089//6088
f 6105//6104 6091//6090 6090//6089
f 6106//6105 6092//6091 6091//6090
f 6107//6106 6093//6092 6092//6091
f 6108//6107 6094//6093 6093//6092
f 6109//6108 6095//6094 6094//6093
f 6110//6109 6096//6095 6095//6094
f 6111//6110 6097//6096 6096//6095
f 6112//6111 6098//6097 6097//6096
f 6113//6112 6099//6098 6098//6097
f 6114//6113 6100//6099 6099//6098
f 6115//6114 5186//5185 6100//6099
f 6116//6115 6102//6101 6101//6100
f 6117//6116 6103//6102 6102//6101
f 6118//6117 6104//6103 6103//6102
f 6119//6118 6105//6104 6104//6103
f 6120//6119 6106//6105 6105//6104
f 6121//6120 6107//6106 6106//6105
f 6122//6121 6108//6107 6107//6106
f 6123//6122 6109//6108 6108//6107
f 6124//6123 6110//6109 6109//6108
f 6125//6124 6111//6110 6110//6109
f 6126//6125 6112//6111 6111//6110
f 6127//6126 6113//6112 6112//6111
f 6128//6127 6114//6113 6113//6112
f 6129//6128 6115//6114 6114//6113
f 6130//6129 5201//5200 6115//6114
f 6131//6130 6117//6116 6116//6115
f 6132//6131 6118//6117 6117//6116
f 6133//6132 6119//6118 6118//6117
f 6134//6133 6120//6119 6119//6118
f 6135//6134 6121//6120 6120//6119
f 6136//6135 6122//6121 6121//6120
f 6137//6136 6123//6122 6122//6121
f 6138//6137 6124//6123 6123//6122
f 6139//6138 6125//6124 6124//6123
f 6140//6139 6126//6125 6125//6124
f 6141//6140 6127//6126 6126//6125
f 6142//6141 6128//6127 6127//6126
f 6143//6142 6129//6128 6128//6127
f 6144//6143 6130//6129 6129//6128
f 6145//6144 5216//5215 6130//6129
f 6146//6145 6132//6131 6131//6130
f 6147//6146 6133//6132 6132//6131
f 6148//6147 6134//6133 6133//6132
f 6149//6148 6135//6134 6134//6133
f 6150//6149 6136//6135 6135//6134
f 6151//6150 6137//6136 6136//6135
f 6152//6151 6138//6137 6137//6136
f 6153//6152 6139//6138 6138//6137
f 6154//6153 6140//6139 6139//6138
f 6155//6154 6141//6140 6140//6139
f 6156//6155 6142//6141 6141//6140
f 6157//6156 6143//6142 6142//6141
f 6158//6157 6144//6143 6143//6142
f 6159//6158 6145//6144 6144//6143
f 6160//6159 5231//5230 6145//6144
f 6161//6160 6147//6146 6146//6145
f 6162//6161 6148//6147 6147//6146
f 6163//6162 6149//6148 6148//6147
f 6164//6163 6150//6149 6149//6148
f 6165//6164 6151//6150 6150//6149
f 6166//6165 6152//6151 6151//6150
f 6167//6166 6153//6152 6152//6151
f 6168//6167 6154//6153 6153//6152
f 6169//6168 6155//6154 6154//6153
f 6170//6169 6156//6155 6155//6154
f 6171//6170 6157//6156 6156//6155
f 6172//6171 6158//6157 6157//6156
f 6173//6172 6159//6158 6158//6157
f 6174//6173 6160//6159 6159//6158
f 6175//6174 5246//5245 6160//6159
f 6176//6175 6162//6161 6161//6160
f 6177//6176 6163//6162 6162//6161
f 6178//6177 6164//6163 6163//6162
f 6179//6178 6165//6164 6164//6163
f 6180//6179 6166//6165 6165//6164
f 6181//6180 6167//6166 6166//6165
f 6182//6181 6168//6167 6167//6166
f 6183//6182 6169//6168 6168//6167
f 6184//6183 6170//6169 6169//6168
f 6185//6184 6171//6170 6170//6169
f 6186//6185 6172//6171 6171//6170
f 6187//6186 6173//6172 6172//6171
f 6188//6187 6174//6173 6173//6172
f 6189//6188 6175//6174 6174//6173
f 6190//6189 5261//5260 6175//6174
f 5744//5743 6177//6176 6176//6175
f 5743//5742 6178//6177 6177//6176
f 5746//5745 6179//6178 6178//6177
f 5748//5747 6180//6179 6179//6178
f 5750//5749 6181//6180 6180//6179
f 5752//5751 6182//6181 6181//6180
f 5754//5753 6183//6182 6182//6181
f 5756//5755 6184//6183 6183//6182
f 5758//5757 6185//6184 6184//6183
f 5760//5759 6186//6185 6185//6184
f 5762//5761 6187//6186 6186//6185
f 5764//5763 6188//6187 6187//6186
f 5766//5765 6189//6188 6188//6187
f 5768//5767 6190//6189 6189//6188
f 5770//5769 5276//5275 6190//6189
f 6192//6191 5726//5725 6191//6190
f 6193//6192 5727//5726 6192//6191
f 6194//6193 5728//5727 6193//6192
f 6195//6194 5729//5728 6194//6193
f 6196//6195 5730//5729 6195//6194
f 6197//6196 5731//5730 6196//6195
f 6198//6197 5732//5731 6197//6196
f 6199//6198 5733//5732 6198//6197
f 6200//6199 5734//5733 6199//6198
f 6201//6200 5735//5734 6200//6199
f 6202//6201 5736//5735 6201//6200
f 6203//6202 5737//5736 6202//6201
f 6204//6203 5738//5737 6203//6202
f 6205//6204 5739//5738 6204//6203
f 5291//5290 5740//5739 6205//6204
f 6207//6206 6191//6190 6206//6205
f 6208//6207 6192//6191 6207//6206
f 6209//6208 6193//6192 6208//6207
f 6210//6209 6194//6193 6209//6208
f 6211//6210 6195//6194 6210//6209
f 6212//6211 6196//6195 6211//6210
f 6213//6212 6197//6196 6212//6211
f 6214//6213 6198//6197 6213//6212
f 6215//6214 6199//6198 6214//6213
f 6216//6215 6200//6199 6215//6214
f 6217//6216 6201//6200 6216//6215
f 6218//6217 6202//6201 6217//6216
f 6219//6218 6203//6202 6218//6217
f 6220//6219 6204//6203 6219//6218
f 5306//5305 6205//6204 6220//6219
f 6222//6221 6206//6205 6221//6220
f 6223//6222 6207//6206 6222//6221
f 6224//6223 6208//6207 6223//6222
f 6225//6224 6209//6208 6224//6223
f 6226//6225 6210//6209 6225//6224
f 6227//6226 6211//6210 6226//6225
f 6228//6227 6212//6211 6227//6226
f 6229//6228 6213//6212 6228//6227
f 6230//6229 6214//6213 6229//6228
f 6231//6230 6215//6214 6230//6229
f 6232//6231 6216//6215 6231//6230
f 6233//6232 6217//6216 6232//6231
f 6234//6233 6218//6217 6233//6232
f 6235//6234 6219//6218 6234//6233
f 5321//5320 6220//6219 6235//6234
f 6237//6236 6221//6220 6236//6235
f 6238//6237 6222//6221 6237//6236
f 6239//6238 6223//6222 6238//6237
f 6240//6239 6224//6223 6239//6238
f 6241//6240 6225//6224 6240//6239
f 6242//6241 6226//6225 6241//6240
f 6243//6242 6227//6226 6242//6241
f 6244//6243 6228//6227 6243//6242
f 6245//6244 6229//6228 6244//6243
f 6246//6245 6230//6229 6245//6244
f 6247//6246 6231//6230 6246//6245
f 6248//6247 6232//6231 6247//6246
f 6249//6248 6233//6232 6248//6247
f 6250//6249 6234//6233 6249//6248
f 5336//5335 6235//6234 6250//6249
f 6252//6251 6236//6235 6251//6250
f 6253//6252 6237//6236 6252//6251
f 6254//6253 6238//6237 6253//6252
f 6255//6254 6239//6238 6254//6253
f 6256//6255 6240//6239 6255//6254
f 6257//6256 6241//6240 6256//6255
f 6258//6257 6242//6241 6257//6256
f 6259//6258 6243//6242 6258//6257
f 6260//6259 6244//6243 6259//6258
f 6261//6260 6245//6244 6260//6259
f 6262//6261 6246//6245 6261//6260
f 6263//6262 6247//6246 6262//6261
f 6264//6263 6248//6247 6263//6262
f 6265//6264 6249//6248 6264//6263
f 5351//5350 6250//6249 6265//6264
f 6267//6266 6251//6250 6266//6265
f 6268//6267 6252//6251 6267//6266
f 6269//6268 6253//6252 6268//6267
f 6270//6269 6254//6253 6269//6268
f 6271//6270 6255//6254 6270//6269
f 6272//6271 6256//6255 6271//6270
f 6273//6272 6257//6256 6272//6271
f 6274//6273 6258//6257 6273//6272
f 6275//6274 6259//6258 6274//6273
f 6276//6275 6260//6259 6275//6274
f 6277//6276 6261//6260 6276//6275
f 6278//6277 6262//6261 6277//6276
f 6279//6278 6263//6262 6278//6277
f 6280//6279 6264//6263 6279//6278
f 5366//5365 6265//6264 6280//6279
f 6282//6281 6266//6265 6281//6280
f 6283//6282 6267//6266 6282//6281
f 6284//6283 6268//6267 6283//6282
f 6285//6284 6269//6268 6284//6283
f 6286//6285 6270//6269 6285//6284
f 6287//6286 6271//6270 6286//6285
f 6288//6287 6272//6271 6287//6286
f 6289//6288 6273//6272 6288//6287
f 6290//6289 6274//6273 6289//6288
f 6291//6290 6275//6274 6290//6289
f 6292//6291 6276//6275 6291//6290
f 6293//6292 6277//6276 6292//6291
f 6294//6293 6278//6277 6293//6292
f 6295//6294 6279//6278 6294//6293
f 5381//5380 6280//6279 6295//6294
f 6297//6296 6281//6280 6296//6295
f 6297//6296 6283//6282 6282//6281
f 6299//6298 6283//6282 6298//6297
f 6300//6299 6284//6283 6299//6298
f 6301//6300 6285//6284 6300//6299
f 6302//6301 6286//6285 6301//6300
f 6303//6302 6287//6286 6302//6301
f 6304//6303 6288//6287 6303//6302
f 6304//6303 6290//6289 6289//6288
f 6306//6305 6290//6289 6305//6304
f 6306//6305 6292//6291 6291//6290
f 6308//6307 6292//6291 6307//6306
f 6309//6308 6293//6292 6308//6307
f 6310//6309 6294//6293 6309//6308
f 5396//5395 6295//6294 6310//6309
f 6311//6310 6297//6296 6296//6295
f 6312//6311 6298//6297 6297//6296
f 6313//6312 6299//6298 6298//6297
f 6314//6313 6300//6299 6299//6298
f 6315//6314 6301//6300 6300//6299
f 6316//6315 6302//6301 6301//6300
f 6317//6316 6303//6302 6302//6301
f 6318//6317 6304//6303 6303//6302
f 6319//6318 6305//6304 6304//6303
f 6320//6319 6306//6305 6305//6304
f 6321//6320 6307//6306 6306//6305
f 6322//6321 6308//6307 6307//6306
f 6323//6322 6309//6308 6308//6307
f 6324//6323 6310//6309 6309//6308
f 6325//6324 5396//5395 6310//6309
f 6326//6325 6312//6311 6311//6310
f 6327//6326 6313//6312 6312//6311
f 6328//6327 6314//6313 6313//6312
f 6329//6328 6315//6314 6314//6313
f 6330//6329 6316//6315 6315//6314
f 6331//6330 6317//6316 6316//6315
f 6332//6331 6318//6317 6317//6316
f 6333//6332 6319//6318 6318//6317
f 6334//6333 6320//6319 6319//6318
f 6335//6334 6321//6320 6320//6319
f 6336//6335 6322//6321 6321//6320
f 6337//6336 6323//6322 6322//6321
f 6338//6337 6324//6323 6323//6322
f 6339//6338 6325//6324 6324//6323
f 6340//6339 5411//5410 6325//6324
f 6341//6340 6327//6326 6326//6325
f 6342//6341 6328//6327 6327//6326
f 6343//6342 6329//6328 6328//6327
f 6344//6343 6330//6329 6329//6328
f 6345//6344 6331//6330 6330//6329
f 6346//6345 6332//6331 6331//6330
f 6347//6346 6333//6332 6332//6331
f 6348//6347 6334//6333 6333//6332
f 6349//6348 6335//6334 6334//6333
f 6350//6349 6336//6335 6335//6334
f 6351//6350 6337//6336 6336//6335
f 6352//6351 6338//6337 6337//6336
f 6353//6352 6339//6338 6338//6337
f 6354//6353 6340//6339 6339//6338
f 6355//6354 5426//5425 6340//6339
f 6356//6355 6342//6341 6341//6340
f 6357//6356 6343//6342 6342//6341
f 6358//6357 6344//6343 6343//6342
f 6359//6358 6345//6344 6344//6343
f 6360//6359 6346//6345 6345//6344
f 6361//6360 6347//6346 6346//6345
f 6362//6361 6348//6347 6347//6346
f 6363//6362 6349//6348 6348//6347
f 6364//6363 6350//6349 6349//6348
f 6365//6364 6351//6350 6350//6349
f 6366//6365 6352//6351 6351//6350
f 6367//6366 6353//6352 6352//6351
f 6368//6367 6354//6353 6353//6352
f 6369//6368 6355//6354 6354//6353
f 6370//6369 5441//5440 6355//6354
f 6371//6370 6357//6356 6356//6355
f 6372//6371 6358//6357 6357//6356
f 6373//6372 6359//6358 6358//6357
f 6374//6373 6360//6359 6359//6358
f 6375//6374 6361//6360 6360//6359
f 6376//6375 6362//6361 6361//6360
f 6377//6376 6363//6362 6362//6361
f 6378//6377 6364//6363 6363//6362
f 6379//6378 6365//6364 6364//6363
f 6380//6379 6366//6365 6365//6364
f 6381//6380 6367//6366 6366//6365
f 6382//6381 6368//6367 6367//6366
f 6383//6382 6369//6368 6368//6367
f 6384//6383 6370//6369 6369//6368
f 6385//6384 5456//5455 6370//6369
f 6386//6385 6372//6371 6371//6370
f 6387//6386 6373//6372 6372//6371
f 6388//6387 6374//6373 6373//6372
f 6389//6388 6375//6374 6374//6373
f 6390//6389 6376//6375 6375//6374
f 6391//6390 6377//6376 6376//6375
f 6392//6391 6378//6377 6377//6376
f 6393//6392 6379//6378 6378//6377
f 6394//6393 6380//6379 6379//6378
f 6395//6394 6381//6380 6380//6379
f 6396//6395 6382//6381 6381//6380
f 6397//6396 6383//6382 6382//6381
f 6398//6397 6384//6383 6383//6382
f 6399//6398 6385//6384 6384//6383
f 6400//6399 5471//5470 6385//6384
f 5969//5968 6387//6386 6386//6385
f 5968//5967 6388//6387 6387//6386
f 5971//5970 6389//6388 6388//6387
f 5973//5972 6390//6389 6389//6388
f 5975//5974 6391//6390 6390//6389
f 5977//5976 6392//6391 6391//6390
f 5979//5978 6393//6392 6392//6391
f 5981//5980 6394//6393 6393//6392
f 5983//5982 6395//6394 6394//6393
f 5985//5984 6396//6395 6395//6394
f 5987//5986 6397//6396 6396//6395
f 5989//5988 6398//6397 6397//6396
f 5991//5990 6399//6398 6398//6397
f 5993//5992 6400//6399 6399//6398
f 5995//5994 5486//5485 6400//6399
f 6401//6400 2317//2317 2726//2726
f 6403//6402 6402//6401 6401//6400
f 6405//6404 6404//6403 6403//6402
f 6407//6406 6406//6405 6405//6404
f 6409//6408 6408//6407 6407//6406
f 6411//6410 6410//6409 6409//6408
f 6413//6412 6412//6411 6411//6410
f 6415//6414 6414//6413 6413//6412
f 6417//6416 6416//6415 6415//6414
f 6419//6418 6418//6417 6417//6416
f 6421//6420 6420//6419 6419//6418
f 6423//6422 6422//6421 6421//6420
f 6425//6424 6424//6423 6423//6422
f 6427//6426 6426//6425 6425//6424
f 6427//6426 6429//6428 6428//6427
f 6430//6429 2726//2726 2711//2711
f 6431//6430 6401//6400 6430//6429
f 6432//6431 6403//6402 6431//6430
f 6433//6432 6405//6404 6432//6431
f 6434//6433 6407//6406 6433//6432
f 6435//6434 6409//6408 6434//6433
f 6436//6435 6411//6410 6435//6434
f 6437//6436 6413//6412 6436//6435
f 6438//6437 6415//6414 6437//6436
f 6439//6438 6417//6416 6438//6437
f 6440//6439 6419//6418 6439//6438
f 6441//6440 6421//6420 6440//6439
f 6442//6441 6423//6422 6441//6440
f 6443//6442 6425//6424 6442//6441
f 6443//6442 6429//6428 6427//6426
f 6444//6443 2711//2711 2696//2696
f 6445//6444 6430//6429 6444//6443
f 6446//6445 6431//6430 6445//6444
f 6447//6446 6432//6431 6446//6445
f 6448//6447 6433//6432 6447//6446
f 6449//6448 6434//6433 6448//6447
f 6450//6449 6435//6434 6449//6448
f 6451//6450 6436//6435 6450//6449
f 6452//6451 6437//6436 6451//6450
f 6453//6452 6438//6437 6452//6451
f 6454//6453 6439//6438 6453//6452
f 6455//6454 6440//6439 6454//6453
f 6456//6455 6441//6440 6455//6454
f 6457//6456 6442//6441 6456//6455
f 6457//6456 6429//6428 6443//6442
f 6458//6457 2696//2696 2681//2681
f 6459//6458 6444//6443 6458//6457
f 6460//6459 6445//6444 6459//6458
f 6461//6460 6446//6445 6460//6459
f 6462//6461 6447//6446 6461//6460
f 6463//6462 6448//6447 6462//6461
f 6464//6463 6449//6448 6463//6462
f 6465//6464 6450//6449 6464//6463
f 6466//6465 6451//6450 6465//6464
f 6467//6466 6452//6451 6466//6465
f 6468//6467 6453//6452 6467//6466
f 6469//6468 6454//6453 6468//6467
f 6470//6469 6455//6454 6469//6468
f 6471//6470 6456//6455 6470//6469
f 6471//6470 6429//6428 6457//6456
f 6472//6471 2681//2681 2666//2666
f 6473//6472 6458//6457 6472//6471
f 6474//6473 6459//6458 6473//6472
f 6475//6474 6460//6459 6474//6473
f 6476//6475 6461//6460 6475//6474
f 6477//6476 6462//6461 6476//6475
f 6478//6477 6463//6462 6477//6476
f 6479//6478 6464//6463 6478//6477
f 6480//6479 6465//6464 6479//6478
f 6481//6480 6466//6465 6480//6479
f 6482//6481 6467//6466 6481//6480
f 6483//6482 6468//6467 6482//6481
f 6484//6483 6469//6468 6483//6482
f 6485//6484 6470//6469 6484//6483
f 6485//6484 6429//6428 6471//6470
f 6486//6485 2666//2666 2651//2651
f 6487//6486 6472//6471 6486//6485
f 6488//6487 6473//6472 6487//6486
f 6489//6488 6474//6473 6488//6487
f 6490//6489 6475//6474 6489//6488
f 6491//6490 6476//6475 6490//6489
f 6492//6491 6477//6476 6491//6490
f 6493//6492 6478//6477 6492//6491
f 6494//6493 6479//6478 6493//6492
f 6495//6494 6480//6479 6494//6493
f 6496//6495 6481//6480 6495//6494
f 6497//6496 6482//6481 6496//6495
f 6498//6497 6483//6482 6497//6496
f 6499//6498 6484//6483 6498//6497
f 6499//6498 6429//6428 6485//6484
f 6500//6499 2651//2651 2636//2636
f 6501//6500 6486//6485 6500//6499
f 6502//6501 6487//6486 6501//6500
f 6503//6502 6488//6487 6502//6501
f 6504//6503 6489//6488 6503//6502
f 6505//6504 6490//6489 6504//6503
f 6506//6505 6491//6490 6505//6504
f 6507//6506 6492//6491 6506//6505
f 6508//6507 6493//6492 6507//6506
f 6509//6508 6494//6493 6508//6507
f 6510//6509 6495//6494 6509//6508
f 6511//6510 6496//6495 6510//6509
f 6512//6511 6497//6496 6511//6510
f 6513//6512 6498//6497 6512//6511
f 6513//6512 6429//6428 6499//6498
f 6515//6514 2636//2636 6514//6513
f 6515//6514 6501//6500 6500//6499
f 6517//6516 6501//6500 6516//6515
f 6517//6516 6503//6502 6502//6501
f 6519//6518 6503//6502 6518//6517
f 6519//6518 6505//6504 6504//6503
f 6520//6519 6506//6505 6505//6504
f 6522//6521 6506//6505 6521//6520
f 6522//6521 6508//6507 6507//6506
f 6523//6522 6509//6508 6508//6507
f 6524//6523 6510//6509 6509//6508
f 6525//6524 6511//6510 6510//6509
f 6527//6526 6511//6510 6526//6525
f 6528//6527 6512//6511 6527//6526
f 6528//6527 6429//6428 6513//6512
f 2607//2607 6515//6514 6514//6513
f 6529//6528 6516//6515 6515//6514
f 6530//6529 6517//6516 6516//6515
f 6531//6530 6518//6517 6517//6516
f 6532//6531 6519//6518 6518//6517
f 6533//6532 6520//6519 6519//6518
f 6534//6533 6521//6520 6520//6519
f 6535//6534 6522//6521 6521//6520
f 6536//6535 6523//6522 6522//6521
f 6537//6536 6524//6523 6523//6522
f 6538//6537 6525//6524 6524//6523
f 6539//6538 6526//6525 6525//6524
f 6540//6539 6527//6526 6526//6525
f 6541//6540 6528//6527 6527//6526
f 6542//6541 6429//6428 6528//6527
f 2592//2592 6529//6528 2607//2607
f 6543//6542 6530//6529 6529//6528
f 6544//6543 6531//6530 6530//6529
f 6545//6544 6532//6531 6531//6530
f 6546//6545 6533//6532 6532//6531
f 6547//6546 6534//6533 6533//6532
f 6548//6547 6535//6534 6534//6533
f 6549//6548 6536//6535 6535//6534
f 6550//6549 6537//6536 6536//6535
f 6551//6550 6538//6537 6537//6536
f 6552//6551 6539//6538 6538//6537
f 6553//6552 6540//6539 6539//6538
f 6554//6553 6541//6540 6540//6539
f 6555//6554 6542//6541 6541//6540
f 6556//6555 6429//6428 6542//6541
f 6557//6556 6543//6542 2592//2592
f 6558//6557 6544//6543 6543//6542
f 6559//6558 6545//6544 6544//6543
f 6560//6559 6546//6545 6545//6544
f 6561//6560 6547//6546 6546//6545
f 6562//6561 6548//6547 6547//6546
f 6563//6562 6549//6548 6548//6547
f 6564//6563 6550//6549 6549//6548
f 6565//6564 6551//6550 6550//6549
f 6566//6565 6552//6551 6551//6550
f 6567//6566 6553//6552 6552//6551
f 6568//6567 6554//6553 6553//6552
f 6569//6568 6555//6554 6554//6553
f 6570//6569 6556//6555 6555//6554
f 6571//6570 6429//6428 6556//6555
f 2563//2563 6558//6557 6557//6556
f 6572//6571 6559//6558 6558//6557
f 6573//6572 6560//6559 6559//6558
f 6574//6573 6561//6560 6560//6559
f 6575//6574 6562//6561 6561//6560
f 6576//6575 6563//6562 6562//6561
f 6577//6576 6564//6563 6563//6562
f 6578//6577 6565//6564 6564//6563
f 6579//6578 6566//6565 6565//6564
f 6580//6579 6567//6566 6566//6565
f 6581//6580 6568//6567 6567//6566
f 6582//6581 6569//6568 6568//6567
f 6583//6582 6570//6569 6569//6568
f 6584//6583 6571//6570 6570//6569
f 6585//6584 6429//6428 6571//6570
f 6586//6585 6572//6571 2563//2563
f 6587//6586 6573//6572 6572//6571
f 6588//6587 6574//6573 6573//6572
f 6589//6588 6575//6574 6574//6573
f 6590//6589 6576//6575 6575//6574
f 6591//6590 6577//6576 6576//6575
f 6592//6591 6578//6577 6577//6576
f 6593//6592 6579//6578 6578//6577
f 6594//6593 6580//6579 6579//6578
f 6595//6594 6581//6580 6580//6579
f 6596//6595 6582//6581 6581//6580
f 6597//6596 6583//6582 6582//6581
f 6598//6597 6584//6583 6583//6582
f 6599//6598 6585//6584 6584//6583
f 6600//6599 6429//6428 6585//6584
f 2534//2534 6587//6586 6586//6585
f 6601//6600 6588//6587 6587//6586
f 6602//6601 6589//6588 6588//6587
f 6603//6602 6590//6589 6589//6588
f 6604//6603 6591//6590 6590//6589
f 6605//6604 6592//6591 6591//6590
f 6606//6605 6593//6592 6592//6591
f 6607//6606 6594//6593 6593//6592
f 6608//6607 6595//6594 6594//6593
f 6609//6608 6596//6595 6595//6594
f 6610//6609 6597//6596 6596//6595
f 6611//6610 6598//6597 6597//6596
f 6612//6611 6599//6598 6598//6597
f 6613//6612 6600//6599 6599//6598
f 6614//6613 6429//6428 6600//6599
f 2079//2079 6601//6600 2534//2534
f 6615//6614 6602//6601 6601//6600
f 6616//6615 6603//6602 6602//6601
f 6617//6616 6604//6603 6603//6602
f 6618//6617 6605//6604 6604//6603
f 6619//6618 6606//6605 6605//6604
f 6620//6619 6607//6606 6606//6605
f 6621//6620 6608//6607 6607//6606
f 6622//6621 6609//6608 6608//6607
f 6623//6622 6610//6609 6609//6608
f 6624//6623 6611//6610 6610//6609
f 6625//6624 6612//6611 6611//6610
f 6626//6625 6613//6612 6612//6611
f 6627//6626 6614//6613 6613//6612
f 6628//6627 6429//6428 6614//6613
f 6629//6628 2097//2097 2519//2519
f 6631//6630 6630//6629 6629//6628
f 6633//6632 6632//6631 6631//6630
f 6635//6634 6634//6633 6633//6632
f 6637//6636 6636//6635 6635//6634
f 6639//6638 6638//6637 6637//6636
f 6641//6640 6640//6639 6639//6638
f 6643//6642 6642//6641 6641//6640
f 6645//6644 6644//6643 6643//6642
f 6647//6646 6646//6645 6645//6644
f 6649//6648 6648//6647 6647//6646
f 6651//6650 6650//6649 6649//6648
f 6653//6652 6652//6651 6651//6650
f 6655//6654 6654//6653 6653//6652
f 6655//6654 6429//6428 6656//6655
f 6657//6656 2519//2519 2504//2504
f 6658//6657 6629//6628 6657//6656
f 6659//6658 6631//6630 6658//6657
f 6660//6659 6633//6632 6659//6658
f 6661//6660 6635//6634 6660//6659
f 6662//6661 6637//6636 6661//6660
f 6663//6662 6639//6638 6662//6661
f 6664//6663 6641//6640 6663//6662
f 6665//6664 6643//6642 6664//6663
f 6666//6665 6645//6644 6665//6664
f 6667//6666 6647//6646 6666//6665
f 6668//6667 6649//6648 6667//6666
f 6669//6668 6651//6650 6668//6667
f 6670//6669 6653//6652 6669//6668
f 6670//6669 6429//6428 6655//6654
f 6671//6670 2504//2504 2489//2489
f 6672//6671 6657//6656 6671//6670
f 6673//6672 6658//6657 6672//6671
f 6674//6673 6659//6658 6673//6672
f 6675//6674 6660//6659 6674//6673
f 6676//6675 6661//6660 6675//6674
f 6677//6676 6662//6661 6676//6675
f 6678//6677 6663//6662 6677//6676
f 6679//6678 6664//6663 6678//6677
f 6680//6679 6665//6664 6679//6678
f 6681//6680 6666//6665 6680//6679
f 6682//6681 6667//6666 6681//6680
f 6683//6682 6668//6667 6682//6681
f 6684//6683 6669//6668 6683//6682
f 6684//6683 6429//6428 6670//6669
f 6686//6685 2489//2489 6685//6684
f 6687//6686 6671//6670 6686//6685
f 6688//6687 6672//6671 6687//6686
f 6689//6688 6673//6672 6688//6687
f 6690//6689 6674//6673 6689//6688
f 6691//6690 6675//6674 6690//6689
f 6692//6691 6676//6675 6691//6690
f 6693//6692 6677//6676 6692//6691
f 6694//6693 6678//6677 6693//6692
f 6695//6694 6679//6678 6694//6693
f 6696//6695 6680//6679 6695//6694
f 6697//6696 6681//6680 6696//6695
f 6698//6697 6682//6681 6697//6696
f 6699//6698 6683//6682 6698//6697
f 6699//6698 6429//6428 6684//6683
f 6701//6700 6685//6684 6700//6699
f 6702//6701 6686//6685 6701//6700
f 6703//6702 6687//6686 6702//6701
f 6704//6703 6688//6687 6703//6702
f 6705//6704 6689//6688 6704//6703
f 6706//6705 6690//6689 6705//6704
f 6707//6706 6691//6690 6706//6705
f 6708//6707 6692//6691 6707//6706
f 6709//6708 6693//6692 6708//6707
f 6710//6709 6694//6693 6709//6708
f 6711//6710 6695//6694 6710//6709
f 6712//6711 6696//6695 6711//6710
f 6713//6712 6697//6696 6712//6711
f 6714//6713 6698//6697 6713//6712
f 6714//6713 6429//6428 6699//6698
f 6715//6714 6700//6699 2446//2446
f 6716//6715 6701//6700 6715//6714
f 6717//6716 6702//6701 6716//6715
f 6718//6717 6703//6702 6717//6716
f 6719//6718 6704//6703 6718//6717
f 6720//6719 6705//6704 6719//6718
f 6721//6720 6706//6705 6720//6719
f 6722//6721 6707//6706 6721//6720
f 6723//6722 6708//6707 6722//6721
f 6724//6723 6709//6708 6723//6722
f 6725//6724 6710//6709 6724//6723
f 6726//6725 6711//6710 6725//6724
f 6727//6726 6712//6711 6726//6725
f 6728//6727 6713//6712 6727//6726
f 6728//6727 6429//6428 6714//6713
f 6730//6729 2446//2446 6729//6728
f 6731//6730 6715//6714 6730//6729
f 6732//6731 6716//6715 6731//6730
f 6733//6732 6717//6716 6732//6731
f 6734//6733 6718//6717 6733//6732
f 6735//6734 6719//6718 6734//6733
f 6736//6735 6720//6719 6735//6734
f 6737//6736 6721//6720 6736//6735
f 6738//6737 6722//6721 6737//6736
f 6739//6738 6723//6722 6738//6737
f 6740//6739 6724//6723 6739//6738
f 6741//6740 6725//6724 6740//6739
f 6742//6741 6726//6725 6741//6740
f 6743//6742 6727//6726 6742//6741
f 6743//6742 6429//6428 6728//6727
f 6744//6743 6729//6728 2417//2417
f 6744//6743 6731//6730 6730//6729
f 6746//6745 6731//6730 6745//6744
f 6746//6745 6733//6732 6732//6731
f 6748//6747 6733//6732 6747//6746
f 6748//6747 6735//6734 6734//6733
f 6749//6748 6736//6735 6735//6734
f 6750//6749 6737//6736 6736//6735
f 6752//6751 6737//6736 6751//6750
f 6753//6752 6738//6737 6752//6751
f 6753//6752 6740//6739 6739//6738
f 6754//6753 6741//6740 6740//6739
f 6756//6755 6741//6740 6755//6754
f 6757//6756 6742//6741 6756//6755
f 6757//6756 6429//6428 6743//6742
f 2402//2402 6744//6743 2417//2417
f 6758//6757 6745//6744 6744//6743
f 6759//6758 6746//6745 6745//6744
f 6760//6759 6747//6746 6746//6745
f 6761//6760 6748//6747 6747//6746
f 6762//6761 6749//6748 6748//6747
f 6763//6762 6750//6749 6749//6748
f 6764//6763 6751//6750 6750//6749
f 6765//6764 6752//6751 6751//6750
f 6766//6765 6753//6752 6752//6751
f 6767//6766 6754//6753 6753//6752
f 6768//6767 6755//6754 6754//6753
f 6769//6768 6756//6755 6755//6754
f 6770//6769 6757//6756 6756//6755
f 6771//6770 6429//6428 6757//6756
f 2387//2387 6758//6757 2402//2402
f 6772//6771 6759//6758 6758//6757
f 6773//6772 6760//6759 6759//6758
f 6774//6773 6761//6760 6760//6759
f 6775//6774 6762//6761 6761//6760
f 6776//6775 6763//6762 6762//6761
f 6777//6776 6764//6763 6763//6762
f 6778//6777 6765//6764 6764//6763
f 6779//6778 6766//6765 6765//6764
f 6780//6779 6767//6766 6766//6765
f 6781//6780 6768//6767 6767//6766
f 6782//6781 6769//6768 6768//6767
f 6783//6782 6770//6769 6769//6768
f 6784//6783 6771//6770 6770//6769
f 6785//6784 6429//6428 6771//6770
f 6786//6785 6772//6771 2387//2387
f 6787//6786 6773//6772 6772//6771
f 6788//6787 6774//6773 6773//6772
f 6789//6788 6775//6774 6774//6773
f 6790//6789 6776//6775 6775//6774
f 6791//6790 6777//6776 6776//6775
f 6792//6791 6778//6777 6777//6776
f 6793//6792 6779//6778 6778//6777
f 6794//6793 6780//6779 6779//6778
f 6795//6794 6781//6780 6780//6779
f 6796//6795 6782//6781 6781//6780
f 6797//6796 6783//6782 6782//6781
f 6798//6797 6784//6783 6783//6782
f 6799//6798 6785//6784 6784//6783
f 6800//6799 6429//6428 6785//6784
f 6801//6800 6787//6786 6786//6785
f 6802//6801 6788//6787 6787//6786
f 6803//6802 6789//6788 6788//6787
f 6804//6803 6790//6789 6789//6788
f 6805//6804 6791//6790 6790//6789
f 6806//6805 6792//6791 6791//6790
f 6807//6806 6793//6792 6792//6791
f 6808//6807 6794//6793 6793//6792
f 6809//6808 6795//6794 6794//6793
f 6810//6809 6796//6795 6795//6794
f 6811//6810 6797//6796 6796//6795
f 6812//6811 6798//6797 6797//6796
f 6813//6812 6799//6798 6798//6797
f 6814//6813 6800//6799 6799//6798
f 6815//6814 6429//6428 6800//6799
f 2344//2344 6802//6801 6801//6800
f 6816//6815 6803//6802 6802//6801
f 6817//6816 6804//6803 6803//6802
f 6818//6817 6805//6804 6804//6803
f 6819//6818 6806//6805 6805//6804
f 6820//6819 6807//6806 6806//6805
f 6821//6820 6808//6807 6807//6806
f 6822//6821 6809//6808 6808//6807
f 6823//6822 6810//6809 6809//6808
f 6824//6823 6811//6810 6810//6809
f 6825//6824 6812//6811 6811//6810
f 6826//6825 6813//6812 6812//6811
f 6827//6826 6814//6813 6813//6812
f 6828//6827 6815//6814 6814//6813
f 6829//6828 6429//6428 6815//6814
f 2314//2314 6816//6815 2344//2344
f 6830//6829 6817//6816 6816//6815
f 6831//6830 6818//6817 6817//6816
f 6832//6831 6819//6818 6818//6817
f 6833//6832 6820//6819 6819//6818
f 6834//6833 6821//6820 6820//6819
f 6835//6834 6822//6821 6821//6820
f 6836//6835 6823//6822 6822//6821
f 6837//6836 6824//6823 6823//6822
f 6838//6837 6825//6824 6824//6823
f 6839//6838 6826//6825 6825//6824
f 6840//6839 6827//6826 6826//6825
f 6841//6840 6828//6827 6827//6826
f 6842//6841 6829//6828 6828//6827
f 6843//6842 6429//6428 6829//6828
f 2317//2317 6830//6829 2314//2314
f 6402//6401 6831//6830 6830//6829
f 6404//6403 6832//6831 6831//6830
f 6406//6405 6833//6832 6832//6831
f 6408//6407 6834//6833 6833//6832
f 6410//6409 6835//6834 6834//6833
f 6412//6411 6836//6835 6835//6834
f 6414//6413 6837//6836 6836//6835
f 6416//6415 6838//6837 6837//6836
f 6418//6417 6839//6838 6838//6837
f 6420//6419 6840//6839 6839//6838
f 6422//6421 6841//6840 6840//6839
f 6424//6423 6842//6841 6841//6840
f 6426//6425 6843//6842 6842//6841
f 6428//6427 6429//6428 6843//6842
f 6844//6843 1864//1864 2299//2299
f 6846//6845 6845//6844 6844//6843
f 6848//6847 6847//6846 6846//6845
f 6850//6849 6849//6848 6848//6847
f 6852//6851 6851//6850 6850//6849
f 6854//6853 6853//6852 6852//6851
f 6856//6855 6855//6854 6854//6853
f 6858//6857 6857//6856 6856//6855
f 6860//6859 6859//6858 6858//6857
f 6862//6861 6861//6860 6860//6859
f 6864//6863 6863//6862 6862//6861
f 6866//6865 6865//6864 6864//6863
f 6868//6867 6867//6866 6866//6865
f 6870//6869 6869//6868 6868//6867
f 6870//6869 6429//6428 6871//6870
f 6872//6871 2299//2299 2284//2284
f 6873//6872 6844//6843 6872//6871
f 6874//6873 6846//6845 6873//6872
f 6875//6874 6848//6847 6874//6873
f 6876//6875 6850//6849 6875//6874
f 6877//6876 6852//6851 6876//6875
f 6878//6877 6854//6853 6877//6876
f 6879//6878 6856//6855 6878//6877
f 6880//6879 6858//6857 6879//6878
f 6881//6880 6860//6859 6880//6879
f 6882//6881 6862//6861 6881//6880
f 6883//6882 6864//6863 6882//6881
f 6884//6883 6866//6865 6883//6882
f 6885//6884 6868//6867 6884//6883
f 6885//6884 6429//6428 6870//6869
f 6887//6886 2284//2284 6886//6885
f 6888//6887 6872//6871 6887//6886
f 6889//6888 6873//6872 6888//6887
f 6890//6889 6874//6873 6889//6888
f 6891//6890 6875//6874 6890//6889
f 6892//6891 6876//6875 6891//6890
f 6893//6892 6877//6876 6892//6891
f 6894//6893 6878//6877 6893//6892
f 6895//6894 6879//6878 6894//6893
f 6896//6895 6880//6879 6895//6894
f 6897//6896 6881//6880 6896//6895
f 6898//6897 6882//6881 6897//6896
f 6899//6898 6883//6882 6898//6897
f 6900//6899 6884//6883 6899//6898
f 6900//6899 6429//6428 6885//6884
f 6901//6900 6886//6885 2255//2255
f 6902//6901 6887//6886 6901//6900
f 6903//6902 6888//6887 6902//6901
f 6904//6903 6889//6888 6903//6902
f 6905//6904 6890//6889 6904//6903
f 6906//6905 6891//6890 6905//6904
f 6907//6906 6892//6891 6906//6905
f 6908//6907 6893//6892 6907//6906
f 6909//6908 6894//6893 6908//6907
f 6910//6909 6895//6894 6909//6908
f 6911//6910 6896//6895 6910//6909
f 6912//6911 6897//6896 6911//6910
f 6913//6912 6898//6897 6912//6911
f 6914//6913 6899//6898 6913//6912
f 6914//6913 6429//6428 6900//6899
f 6915//6914 2255//2255 2240//2240
f 6916//6915 6901//6900 6915//6914
f 6917//6916 6902//6901 6916//6915
f 6918//6917 6903//6902 6917//6916
f 6919//6918 6904//6903 6918//6917
f 6920//6919 6905//6904 6919//6918
f 6921//6920 6906//6905 6920//6919
f 6922//6921 6907//6906 6921//6920
f 6923//6922 6908//6907 6922//6921
f 6924//6923 6909//6908 6923//6922
f 6925//6924 6910//6909 6924//6923
f 6926//6925 6911//6910 6925//6924
f 6927//6926 6912//6911 6926//6925
f 6928//6927 6913//6912 6927//6926
f 6928//6927 6429//6428 6914//6913
f 6929//6928 2240//2240 2225//2225
f 6930//6929 6915//6914 6929//6928
f 6931//6930 6916//6915 6930//6929
f 6932//6931 6917//6916 6931//6930
f 6933//6932 6918//6917 6932//6931
f 6934//6933 6919//6918 6933//6932
f 6935//6934 6920//6919 6934//6933
f 6936//6935 6921//6920 6935//6934
f 6937//6936 6922//6921 6936//6935
f 6938//6937 6923//6922 6937//6936
f 6939//6938 6924//6923 6938//6937
f 6940//6939 6925//6924 6939//6938
f 6941//6940 6926//6925 6940//6939
f 6942//6941 6927//6926 6941//6940
f 6942//6941 6429//6428 6928//6927
f 6944//6943 2225//2225 6943//6942
f 6945//6944 6929//6928 6944//6943
f 6946//6945 6930//6929 6945//6944
f 6947//6946 6931//6930 6946//6945
f 6948//6947 6932//6931 6947//6946
f 6949//6948 6933//6932 6948//6947
f 6950//6949 6934//6933 6949//6948
f 6951//6950 6935//6934 6950//6949
f 6952//6951 6936//6935 6951//6950
f 6953//6952 6937//6936 6952//6951
f 6954//6953 6938//6937 6953//6952
f 6955//6954 6939//6938 6954//6953
f 6956//6955 6940//6939 6955//6954
f 6957//6956 6941//6940 6956//6955
f 6957//6956 6429//6428 6942//6941
f 6958//6957 6943//6942 2196//2196
f 6958//6957 6945//6944 6944//6943
f 6960//6959 6945//6944 6959//6958
f 6960//6959 6947//6946 6946//6945
f 6962//6961 6947//6946 6961//6960
f 6962//6961 6949//6948 6948//6947
f 6964//6963 6949//6948 6963//6962
f 6965//6964 6950//6949 6964//6963
f 6965//6964 6952//6951 6951//6950
f 6966//6965 6953//6952 6952//6951
f 6967//6966 6954//6953 6953//6952
f 6968//6967 6955//6954 6954//6953
f 6970//6969 6955//6954 6969//6968
f 6971//6970 6956//6955 6970//6969
f 6971//6970 6429//6428 6957//6956
f 2181//2181 6958//6957 2196//2196
f 6972//6971 6959//6958 6958//6957
f 6973//6972 6960//6959 6959//6958
f 6974//6973 6961//6960 6960//6959
f 6975//6974 6962//6961 6961//6960
f 6976//6975 6963//6962 6962//6961
f 6977//6976 6964//6963 6963//6962
f 6978//6977 6965//6964 6964//6963
f 6979//6978 6966//6965 6965//6964
f 6980//6979 6967//6966 6966//6965
f 6981//6980 6968//6967 6967//6966
f 6982//6981 6969//6968 6968//6967
f 6983//6982 6970//6969 6969//6968
f 6984//6983 6971//6970 6970//6969
f 6985//6984 6429//6428 6971//6970
f 6986//6985 6972//6971 2181//2181
f 6987//6986 6973//6972 6972//6971
f 6988//6987 6974//6973 6973//6972
f 6989//6988 6975//6974 6974//6973
f 6990//6989 6976//6975 6975//6974
f 6991//6990 6977//6976 6976//6975
f 6992//6991 6978//6977 6977//6976
f 6993//6992 6979//6978 6978//6977
f 6994//6993 6980//6979 6979//6978
f 6995//6994 6981//6980 6980//6979
f 6996//6995 6982//6981 6981//6980
f 6997//6996 6983//6982 6982//6981
f 6998//6997 6984//6983 6983//6982
f 6999//6998 6985//6984 6984//6983
f 7000//6999 6429//6428 6985//6984
f 7001//7000 6987//6986 6986//6985
f 7002//7001 6988//6987 6987//6986
f 7003//7002 6989//6988 6988//6987
f 7004//7003 6990//6989 6989//6988
f 7005//7004 6991//6990 6990//6989
f 7006//7005 6992//6991 6991//6990
f 7007//7006 6993//6992 6992//6991
f 7008//7007 6994//6993 6993//6992
f 7009//7008 6995//6994 6994//6993
f 7010//7009 6996//6995 6995//6994
f 7011//7010 6997//6996 6996//6995
f 7012//7011 6998//6997 6997//6996
f 7013//7012 6999//6998 6998//6997
f 7014//7013 7000//6999 6999//6998
f 7015//7014 6429//6428 7000//6999
f 2138//2138 7002//7001 7001//7000
f 7016//7015 7003//7002 7002//7001
f 7017//7016 7004//7003 7003//7002
f 7018//7017 7005//7004 7004//7003
f 7019//7018 7006//7005 7005//7004
f 7020//7019 7007//7006 7006//7005
f 7021//7020 7008//7007 7007//7006
f 7022//7021 7009//7008 7008//7007
f 7023//7022 7010//7009 7009//7008
f 7024//7023 7011//7010 7010//7009
f 7025//7024 7012//7011 7011//7010
f 7026//7025 7013//7012 7012//7011
f 7027//7026 7014//7013 7013//7012
f 7028//7027 7015//7014 7014//7013
f 7029//7028 6429//6428 7015//7014
f 7030//7029 7016//7015 2138//2138
f 7031//7030 7017//7016 7016//7015
f 7032//7031 7018//7017 7017//7016
f 7033//7032 7019//7018 7018//7017
f 7034//7033 7020//7019 7019//7018
f 7035//7034 7021//7020 7020//7019
f 7036//7035 7022//7021 7021//7020
f 7037//7036 7023//7022 7022//7021
f 7038//7037 7024//7023 7023//7022
f 7039//7038 7025//7024 7024//7023
f 7040//7039 7026//7025 7025//7024
f 7041//7040 7027//7026 7026//7025
f 7042//7041 7028//7027 7027//7026
f 7043//7042 7029//7028 7028//7027
f 7044//7043 6429//6428 7029//7028
f 2094//2094 7031//7030 7030//7029
f 7045//7044 7032//7031 7031//7030
f 7046//7045 7033//7032 7032//7031
f 7047//7046 7034//7033 7033//7032
f 7048//7047 7035//7034 7034//7033
f 7049//7048 7036//7035 7035//7034
f 7050//7049 7037//7036 7036//7035
f 7051//7050 7038//7037 7037//7036
f 7052//7051 7039//7038 7038//7037
f 7053//7052 7040//7039 7039//7038
f 7054//7053 7041//7040 7040//7039
f 7055//7054 7042//7041 7041//7040
f 7056//7055 7043//7042 7042//7041
f 7057//7056 7044//7043 7043//7042
f 7058//7057 6429//6428 7044//7043
f 2097//2097 7045//7044 2094//2094
f 6630//6629 7046//7045 7045//7044
f 6632//6631 7047//7046 7046//7045
f 6634//6633 7048//7047 7047//7046
f 6636//6635 7049//7048 7048//7047
f 6638//6637 7050//7049 7049//7048
f 6640//6639 7051//7050 7050//7049
f 6642//6641 7052//7051 7051//7050
f 6644//6643 7053//7052 7052//7051
f 6646//6645 7054//7053 7053//7052
f 6648//6647 7055//7054 7054//7053
f 6650//6649 7056//7055 7055//7054
f 6652//6651 7057//7056 7056//7055
f 6654//6653 7058//7057 7057//7056
f 6656//6655 6429//6428 7058//7057
f 7059//7058 2079//2079 2064//2064
f 7060//7059 6615//6614 7059//7058
f 7061//7060 6616//6615 7060//7059
f 7062//7061 6617//6616 7061//7060
f 7063//7062 6618//6617 7062//7061
f 7064//7063 6619//6618 7063//7062
f 7065//7064 6620//6619 7064//7063
f 7066//7065 6621//6620 7065//7064
f 7067//7066 6622//6621 7066//7065
f 7068//7067 6623//6622 7067//7066
f 7069//7068 6624//6623 7068//7067
f 7070//7069 6625//6624 7069//7068
f 7071//7070 6626//6625 7070//7069
f 7072//7071 6627//6626 7071//7070
f 7072//7071 6429//6428 6628//6627
f 7074//7073 2064//2064 7073//7072
f 7075//7074 7059//7058 7074//7073
f 7076//7075 7060//7059 7075//7074
f 7077//7076 7061//7060 7076//7075
f 7078//7077 7062//7061 7077//7076
f 7079//7078 7063//7062 7078//7077
f 7080//7079 7064//7063 7079//7078
f 7081//7080 7065//7064 7080//7079
f 7082//7081 7066//7065 7081//7080
f 7083//7082 7067//7066 7082//7081
f 7084//7083 7068//7067 7083//7082
f 7085//7084 7069//7068 7084//7083
f 7086//7085 7070//7069 7085//7084
f 7087//7086 7071//7070 7086//7085
f 7087//7086 6429//6428 7072//7071
f 7089//7088 7073//7072 7088//7087
f 7090//7089 7074//7073 7089//7088
f 7091//7090 7075//7074 7090//7089
f 7092//7091 7076//7075 7091//7090
f 7093//7092 7077//7076 7092//7091
f 7094//7093 7078//7077 7093//7092
f 7095//7094 7079//7078 7094//7093
f 7096//7095 7080//7079 7095//7094
f 7097//7096 7081//7080 7096//7095
f 7098//7097 7082//7081 7097//7096
f 7099//7098 7083//7082 7098//7097
f 7100//7099 7084//7083 7099//7098
f 7101//7100 7085//7084 7100//7099
f 7102//7101 7086//7085 7101//7100
f 7102//7101 6429//6428 7087//7086
f 7103//7102 7088//7087 2021//2021
f 7104//7103 7089//7088 7103//7102
f 7105//7104 7090//7089 7104//7103
f 7106//7105 7091//7090 7105//7104
f 7107//7106 7092//7091 7106//7105
f 7108//7107 7093//7092 7107//7106
f 7109//7108 7094//7093 7108//7107
f 7110//7109 7095//7094 7109//7108
f 7111//7110 7096//7095 7110//7109
f 7112//7111 7097//7096 7111//7110
f 7113//7112 7098//7097 7112//7111
f 7114//7113 7099//7098 7113//7112
f 7115//7114 7100//7099 7114//7113
f 7116//7115 7101//7100 7115//7114
f 7116//7115 6429//6428 7102//7101
f 7118//7117 2021//2021 7117//7116
f 7119//7118 7103//7102 7118//7117
f 7120//7119 7104//7103 7119//7118
f 7121//7120 7105//7104 7120//7119
f 7122//7121 7106//7105 7121//7120
f 7123//7122 7107//7106 7122//7121
f 7124//7123 7108//7107 7123//7122
f 7125//7124 7109//7108 7124//7123
f 7126//7125 7110//7109 7125//7124
f 7127//7126 7111//7110 7126//7125
f 7128//7127 7112//7111 7127//7126
f 7129//7128 7113//7112 7128//7127
f 7130//7129 7114//7113 7129//7128
f 7131//7130 7115//7114 7130//7129
f 7131//7130 6429//6428 7116//7115
f 7132//7131 7117//7116 1992//1992
f 7133//7132 7118//7117 7132//7131
f 7134//7133 7119//7118 7133//7132
f 7135//7134 7120//7119 7134//7133
f 7136//7135 7121//7120 7135//7134
f 7137//7136 7122//7121 7136//7135
f 7138//7137 7123//7122 7137//7136
f 7139//7138 7124//7123 7138//7137
f 7140//7139 7125//7124 7139//7138
f 7141//7140 7126//7125 7140//7139
f 7142//7141 7127//7126 7141//7140
f 7143//7142 7128//7127 7142//7141
f 7144//7143 7129//7128 7143//7142
f 7145//7144 7130//7129 7144//7143
f 7145//7144 6429//6428 7131//7130
f 7147//7146 1992//1992 7146//7145
f 7148//7147 7132//7131 7147//7146
f 7149//7148 7133//7132 7148//7147
f 7150//7149 7134//7133 7149//7148
f 7151//7150 7135//7134 7150//7149
f 7152//7151 7136//7135 7151//7150
f 7153//7152 7137//7136 7152//7151
f 7154//7153 7138//7137 7153//7152
f 7155//7154 7139//7138 7154//7153
f 7156//7155 7140//7139 7155//7154
f 7157//7156 7141//7140 7156//7155
f 7158//7157 7142//7141 7157//7156
f 7159//7158 7143//7142 7158//7157
f 7160//7159 7144//7143 7159//7158
f 7160//7159 6429//6428 7145//7144
f 7161//7160 7146//7145 1963//1963
f 7161//7160 7148//7147 7147//7146
f 7163//7162 7148//7147 7162//7161
f 7163//7162 7150//7149 7149//7148
f 7165//7164 7150//7149 7164//7163
f 7165//7164 7152//7151 7151//7150
f 7166//7165 7153//7152 7152//7151
f 7168//7167 7153//7152 7167//7166
f 7168//7167 7155//7154 7154//7153
f 7170//7169 7155//7154 7169//7168
f 7170//7169 7157//7156 7156//7155
f 7172//7171 7157//7156 7171//7170
f 7173//7172 7158//7157 7172//7171
f 7174//7173 7159//7158 7173//7172
f 7174//7173 6429//6428 7160//7159
f 1948//1948 7161//7160 1963//1963
f 7175//7174 7162//7161 7161//7160
f 7176//7175 7163//7162 7162//7161
f 7177//7176 7164//7163 7163//7162
f 7178//7177 7165//7164 7164//7163
f 7179//7178 7166//7165 7165//7164
f 7180//7179 7167//7166 7166//7165
f 7181//7180 7168//7167 7167//7166
f 7182//7181 7169//7168 7168//7167
f 7183//7182 7170//7169 7169//7168
f 7184//7183 7171//7170 7170//7169
f 7185//7184 7172//7171 7171//7170
f 7186//7185 7173//7172 7172//7171
f 7187//7186 7174//7173 7173//7172
f 7188//7187 6429//6428 7174//7173
f 7189//7188 7175//7174 1948//1948
f 7190//7189 7176//7175 7175//7174
f 7191//7190 7177//7176 7176//7175
f 7192//7191 7178//7177 7177//7176
f 7193//7192 7179//7178 7178//7177
f 7194//7193 7180//7179 7179//7178
f 7195//7194 7181//7180 7180//7179
f 7196//7195 7182//7181 7181//7180
f 7197//7196 7183//7182 7182//7181
f 7198//7197 7184//7183 7183//7182
f 7199//7198 7185//7184 7184//7183
f 7200//7199 7186//7185 7185//7184
f 7201//7200 7187//7186 7186//7185
f 7202//7201 7188//7187 7187//7186
f 7203//7202 6429//6428 7188//7187
f 7204//7203 7190//7189 7189//7188
f 7205//7204 7191//7190 7190//7189
f 7206//7205 7192//7191 7191//7190
f 7207//7206 7193//7192 7192//7191
f 7208//7207 7194//7193 7193//7192
f 7209//7208 7195//7194 7194//7193
f 7210//7209 7196//7195 7195//7194
f 7211//7210 7197//7196 7196//7195
f 7212//7211 7198//7197 7197//7196
f 7213//7212 7199//7198 7198//7197
f 7214//7213 7200//7199 7199//7198
f 7215//7214 7201//7200 7200//7199
f 7216//7215 7202//7201 7201//7200
f 7217//7216 7203//7202 7202//7201
f 7218//7217 6429//6428 7203//7202
f 1905//1905 7205//7204 7204//7203
f 7219//7218 7206//7205 7205//7204
f 7220//7219 7207//7206 7206//7205
f 7221//7220 7208//7207 7207//7206
f 7222//7221 7209//7208 7208//7207
f 7223//7222 7210//7209 7209//7208
f 7224//7223 7211//7210 7210//7209
f 7225//7224 7212//7211 7211//7210
f 7226//7225 7213//7212 7212//7211
f 7227//7226 7214//7213 7213//7212
f 7228//7227 7215//7214 7214//7213
f 7229//7228 7216//7215 7215//7214
f 7230//7229 7217//7216 7216//7215
f 7231//7230 7218//7217 7217//7216
f 7232//7231 6429//6428 7218//7217
f 7233//7232 7219//7218 1905//1905
f 7234//7233 7220//7219 7219//7218
f 7235//7234 7221//7220 7220//7219
f 7236//7235 7222//7221 7221//7220
f 7237//7236 7223//7222 7222//7221
f 7238//7237 7224//7223 7223//7222
f 7239//7238 7225//7224 7224//7223
f 7240//7239 7226//7225 7225//7224
f 7241//7240 7227//7226 7226//7225
f 7242//7241 7228//7227 7227//7226
f 7243//7242 7229//7228 7228//7227
f 7244//7243 7230//7229 7229//7228
f 7245//7244 7231//7230 7230//7229
f 7246//7245 7232//7231 7231//7230
f 7247//7246 6429//6428 7232//7231
f 1861//1861 7234//7233 7233//7232
f 7248//7247 7235//7234 7234//7233
f 7249//7248 7236//7235 7235//7234
f 7250//7249 7237//7236 7236//7235
f 7251//7250 7238//7237 7237//7236
f 7252//7251 7239//7238 7238//7237
f 7253//7252 7240//7239 7239//7238
f 7254//7253 7241//7240 7240//7239
f 7255//7254 7242//7241 7241//7240
f 7256//7255 7243//7242 7242//7241
f 7257//7256 7244//7243 7243//7242
f 7258//7257 7245//7244 7244//7243
f 7259//7258 7246//7245 7245//7244
f 7260//7259 7247//7246 7246//7245
f 7261//7260 6429//6428 7247//7246
f 1864//1864 7248//7247 1861//1861
f 6845//6844 7249//7248 7248//7247
f 6847//6846 7250//7249 7249//7248
f 6849//6848 7251//7250 7250//7249
f 6851//6850 7252//7251 7251//7250
f 6853//6852 7253//7252 7252//7251
f 6855//6854 7254//7253 7253//7252
f 6857//6856 7255//7254 7254//7253
f 6859//6858 7256//7255 7255//7254
f 6861//6860 7257//7256 7256//7255
f 6863//6862 7258//7257 7257//7256
f 6865//6864 7259//7258 7258//7257
f 6867//6866 7260//7259 7259//7258
f 6869//6868 7261//7260 7260//7259
f 6871//6870 6429//6428 7261//7260
f 2//2 3//3 4//4
f 5//5 6//6 3//3
f 7//7 8//8 6//6
f 9//9 10//10 8//8
f 11//11 12//12 10//10
f 13//13 14//14 12//12
f 15//15 16//16 14//14
f 17//17 18//18 16//16
f 19//19 20//20 18//18
f 21//21 22//22 20//20
f 23//23 24//24 22//22
f 25//25 26//26 24//24
f 25//25 27//27 28//28
f 27//27 29//29 30//30
f 29//29 31//31 32//32
f 34//34 2//2 1//1
f 35//35 5//5 2//2
f 36//36 7//7 5//5
f 37//37 9//9 7//7
f 38//38 11//11 9//9
f 39//39 13//13 11//11
f 40//40 15//15 13//13
f 41//41 17//17 15//15
f 42//42 19//19 17//17
f 43//43 21//21 19//19
f 44//44 23//23 21//21
f 45//45 25//25 23//23
f 45//45 46//46 27//27
f 46//46 47//47 29//29
f 47//47 48//48 31//31
f 50//50 34//34 33//33
f 51//51 35//35 34//34
f 52//52 36//36 35//35
f 53//53 37//37 36//36
f 54//54 38//38 37//37
f 55//55 39//39 38//38
f 56//56 40//40 39//39
f 57//57 41//41 40//40
f 58//58 42//42 41//41
f 59//59 43//43 42//42
f 60//60 44//44 43//43
f 61//61 45//45 44//44
f 61//61 62//62 46//46
f 62//62 63//63 47//47
f 63//63 64//64 48//48
f 66//66 50//50 49//49
f 67//67 51//51 50//50
f 68//68 52//52 51//51
f 69//69 53//53 52//52
f 70//70 54//54 53//53
f 71//71 55//55 54//54
f 72//72 56//56 55//55
f 73//73 57//57 56//56
f 74//74 58//58 57//57
f 75//75 59//59 58//58
f 76//76 60//60 59//59
f 77//77 61//61 60//60
f 77//77 78//78 62//62
f 78//78 79//79 63//63
f 79//79 80//80 64//64
f 82//82 66//66 65//65
f 83//83 67//67 66//66
f 84//84 68//68 67//67
f 85//85 69//69 68//68
f 86//86 70//70 69//69
f 87//87 71//71 70//70
f 88//88 72//72 71//71
f 89//89 73//73 72//72
f 90//90 74//74 73//73
f 91//91 75//75 74//74
f 92//92 76//76 75//75
f 93//93 77//77 76//76
f 93//93 94//94 78//78
f 94//94 95//95 79//79
f 95//95 96//96 80//80
f 98//98 82//82 81//81
f 99//99 83//83 82//82
f 100//100 84//84 83//83
f 101//101 85//85 84//84
f 102//102 86//86 85//85
f 103//103 87//87 86//86
f 104//104 88//88 87//87
f 105//105 89//89 88//88
f 106//106 90//90 89//89
f 107//107 91//91 90//90
f 108//108 92//92 91//91
f 109//109 93//93 92//92
f 109//109 110//110 94//94
f 110//110 111//111 95//95
f 111//111 112//112 96//96
f 114//114 98//98 97//97
f 115//115 99//99 98//98
f 116//116 100//100 99//99
f 117//117 101//101 100//100
f 118//118 102//102 101//101
f 119//119 103//103 102//102
f 120//120 104//104 103//103
f 121//121 105//105 104//104
f 122//122 106//106 105//105
f 123//123 107//107 106//106
f 124//124 108//108 107//107
f 125//125 109//109 108//108
f 125//125 126//126 110//110
f 126//126 127//127 111//111
f 127//127 128//128 112//112
f 130//130 114//114 113//113
f 130//130 131//131 115//115
f 131//131 132//132 116//116
f 133//133 117//117 116//116
f 134//134 118//118 117//117
f 134//134 135//135 119//119
f 135//135 136//136 120//120
f 136//136 137//137 121//121
f 137//137 138//138 122//122
f 139//139 123//123 122//122
f 139//139 140//140 124//124
f 141//141 125//125 124//124
f 141//141 142//142 126//126
f 143//143 127//127 126//126
f 144//144 128//128 127//127
f 145//145 146//146 130//130
f 146//146 147//147 131//131
f 147//147 148//148 132//132
f 148//148 149//149 133//133
f 149//149 150//150 134//134
f 150//150 151//151 135//135
f 151//151 152//152 136//136
f 152//152 153//153 137//137
f 153//153 154//154 138//138
f 154//154 155//155 139//139
f 155//155 156//156 140//140
f 156//156 157//157 141//141
f 158//158 142//142 141//141
f 159//159 143//143 142//142
f 160//160 144//144 143//143
f 161//161 162//162 146//146
f 162//162 163//163 147//147
f 163//163 164//164 148//148
f 164//164 165//165 149//149
f 165//165 166//166 150//150
f 166//166 167//167 151//151
f 167//167 168//168 152//152
f 168//168 169//169 153//153
f 169//169 170//170 154//154
f 170//170 171//171 155//155
f 171//171 172//172 156//156
f 172//172 173//173 157//157
f 174//174 158//158 157//157
f 175//175 159//159 158//158
f 176//176 160//160 159//159
f 177//177 178//178 162//162
f 178//178 179//179 163//163
f 179//179 180//180 164//164
f 180//180 181//181 165//165
f 181//181 182//182 166//166
f 182//182 183//183 167//167
f 183//183 184//184 168//168
f 184//184 185//185 169//169
f 185//185 186//186 170//170
f 186//186 187//187 171//171
f 187//187 188//188 172//172
f 188//188 189//189 173//173
f 190//190 174//174 173//173
f 191//191 175//175 174//174
f 192//192 176//176 175//175
f 193//193 194//194 178//178
f 194//194 195//195 179//179
f 195//195 196//196 180//180
f 196//196 197//197 181//181
f 197//197 198//198 182//182
f 198//198 199//199 183//183
f 199//199 200//200 184//184
f 200//200 201//201 185//185
f 201//201 202//202 186//186
f 202//202 203//203 187//187
f 203//203 204//204 188//188
f 204//204 205//205 189//189
f 206//206 190//190 189//189
f 207//207 191//191 190//190
f 208//208 192//192 191//191
f 209//209 210//210 194//194
f 210//210 211//211 195//195
f 211//211 212//212 196//196
f 212//212 213//213 197//197
f 213//213 214//214 198//198
f 214//214 215//215 199//199
f 215//215 216//216 200//200
f 216//216 217//217 201//201
f 217//217 218//218 202//202
f 218//218 219//219 203//203
f 219//219 220//220 204//204
f 220//220 221//221 205//205
f 222//222 206//206 205//205
f 223//223 207//207 206//206
f 224//224 208//208 207//207
f 225//225 226//226 210//210
f 226//226 227//227 211//211
f 227//227 228//228 212//212
f 228//228 229//229 213//213
f 229//229 230//230 214//214
f 230//230 231//231 215//215
f 231//231 232//232 216//216
f 232//232 233//233 217//217
f 233//233 234//234 218//218
f 234//234 235//235 219//219
f 235//235 236//236 220//220
f 236//236 237//237 221//221
f 238//238 222//222 221//221
f 239//239 223//223 222//222
f 240//240 224//224 223//223
f 241//241 242//242 226//226
f 242//242 243//243 227//227
f 243//243 244//244 228//228
f 244//244 245//245 229//229
f 245//245 246//246 230//230
f 246//246 247//247 231//231
f 247//247 248//248 232//232
f 248//248 249//249 233//233
f 249//249 250//250 234//234
f 250//250 251//251 235//235
f 251//251 252//252 236//236
f 252//252 253//253 237//237
f 254//254 238//238 237//237
f 255//255 239//239 238//238
f 256//256 240//240 239//239
f 258//258 259//259 260//260
f 261//261 262//262 259//259
f 263//263 264//264 262//262
f 265//265 266//266 264//264
f 267//267 268//268 266//266
f 269//269 270//270 268//268
f 271//271 272//272 270//270
f 273//273 274//274 272//272
f 275//275 276//276 274//274
f 277//277 278//278 276//276
f 279//279 280//280 278//278
f 281//281 282//282 280//280
f 281//281 283//283 284//284
f 283//283 285//285 286//286
f 285//285 287//287 288//288
f 290//290 258//258 257//257
f 291//291 261//261 258//258
f 292//292 263//263 261//261
f 293//293 265//265 263//263
f 294//294 267//267 265//265
f 295//295 269//269 267//267
f 296//296 271//271 269//269
f 297//297 273//273 271//271
f 298//298 275//275 273//273
f 299//299 277//277 275//275
f 300//300 279//279 277//277
f 301//301 281//281 279//279
f 301//301 302//302 283//283
f 302//302 303//303 285//285
f 303//303 304//304 287//287
f 306//306 290//290 289//289
f 307//307 291//291 290//290
f 308//308 292//292 291//291
f 309//309 293//293 292//292
f 310//310 294//294 293//293
f 311//311 295//295 294//294
f 312//312 296//296 295//295
f 313//313 297//297 296//296
f 314//314 298//298 297//297
f 315//315 299//299 298//298
f 316//316 300//300 299//299
f 317//317 301//301 300//300
f 317//317 318//318 302//302
f 318//318 319//319 303//303
f 319//319 320//320 304//304
f 322//322 306//306 305//305
f 323//323 307//307 306//306
f 324//324 308//308 307//307
f 325//325 309//309 308//308
f 326//326 310//310 309//309
f 327//327 311//311 310//310
f 328//328 312//312 311//311
f 329//329 313//313 312//312
f 330//330 314//314 313//313
f 331//331 315//315 314//314
f 332//332 316//316 315//315
f 333//333 317//317 316//316
f 333//333 334//334 318//318
f 334//334 335//335 319//319
f 335//335 336//336 320//320
f 338//338 322//322 321//321
f 339//339 323//323 322//322
f 340//340 324//324 323//323
f 341//341 325//325 324//324
f 342//342 326//326 325//325
f 343//343 327//327 326//326
f 344//344 328//328 327//327
f 345//345 329//329 328//328
f 346//346 330//330 329//329
f 347//347 331//331 330//330
f 348//348 332//332 331//331
f 349//349 333//333 332//332
f 349//349 350//350 334//334
f 350//350 351//351 335//335
f 351//351 352//352 336//336
f 354//354 338//338 337//337
f 355//355 339//339 338//338
f 356//356 340//340 339//339
f 357//357 341//341 340//340
f 358//358 342//342 341//341
f 359//359 343//343 342//342
f 360//360 344//344 343//343
f 361//361 345//345 344//344
f 362//362 346//346 345//345
f 363//363 347//347 346//346
f 364//364 348//348 347//347
f 365//365 349//349 348//348
f 365//365 366//366 350//350
f 366//366 367//367 351//351
f 367//367 368//368 352//352
f 370//370 354//354 353//353
f 371//371 355//355 354//354
f 372//372 356//356 355//355
f 373//373 357//357 356//356
f 374//374 358//358 357//357
f 375//375 359//359 358//358
f 376//376 360//360 359//359
f 377//377 361//361 360//360
f 378//378 362//362 361//361
f 379//379 363//363 362//362
f 380//380 364//364 363//363
f 381//381 365//365 364//364
f 381//381 382//382 366//366
f 382//382 383//383 367//367
f 383//383 384//384 368//368
f 386//386 370//370 369//369
f 386//386 387//387 371//371
f 387//387 388//388 372//372
f 389//389 373//373 372//372
f 390//390 374//374 373//373
f 391//391 375//375 374//374
f 391//391 392//392 376//376
f 393//393 377//377 376//376
f 393//393 394//394 378//378
f 394//394 395//395 379//379
f 396//396 380//380 379//379
f 396//396 397//397 381//381
f 397//397 398//398 382//382
f 399//399 383//383 382//382
f 399//399 400//400 384//384
f 401//401 402//402 386//386
f 402//402 403//403 387//387
f 403//403 404//404 388//388
f 404//404 405//405 389//389
f 405//405 406//406 390//390
f 406//406 407//407 391//391
f 407//407 408//408 392//392
f 408//408 409//409 393//393
f 409//409 410//410 394//394
f 410//410 411//411 395//395
f 411//411 412//412 396//396
f 412//412 413//413 397//397
f 414//414 398//398 397//397
f 415//415 399//399 398//398
f 416//416 400//400 399//399
f 417//417 418//418 402//402
f 418//418 419//419 403//403
f 419//419 420//420 404//404
f 420//420 421//421 405//405
f 421//421 422//422 406//406
f 422//422 423//423 407//407
f 423//423 424//424 408//408
f 424//424 425//425 409//409
f 425//425 426//426 410//410
f 426//426 427//427 411//411
f 427//427 428//428 412//412
f 428//428 429//429 413//413
f 430//430 414//414 413//413
f 431//431 415//415 414//414
f 432//432 416//416 415//415
f 433//433 434//434 418//418
f 434//434 435//435 419//419
f 435//435 436//436 420//420
f 436//436 437//437 421//421
f 437//437 438//438 422//422
f 438//438 439//439 423//423
f 439//439 440//440 424//424
f 440//440 441//441 425//425
f 441//441 442//442 426//426
f 442//442 443//443 427//427
f 443//443 444//444 428//428
f 444//444 445//445 429//429
f 446//446 430//430 429//429
f 447//447 431//431 430//430
f 448//448 432//432 431//431
f 449//449 450//450 434//434
f 450//450 451//451 435//435
f 451//451 452//452 436//436
f 452//452 453//453 437//437
f 453//453 454//454 438//438
f 454//454 455//455 439//439
f 455//455 456//456 440//440
f 456//456 457//457 441//441
f 457//457 458//458 442//442
f 458//458 459//459 443//443
f 459//459 460//460 444//444
f 460//460 461//461 445//445
f 462//462 446//446 445//445
f 463//463 447//447 446//446
f 464//464 448//448 447//447
f 465//465 466//466 450//450
f 466//466 467//467 451//451
f 467//467 468//468 452//452
f 468//468 469//469 453//453
f 469//469 470//470 454//454
f 470//470 471//471 455//455
f 471//471 472//472 456//456
f 472//472 473//473 457//457
f 473//473 474//474 458//458
f 474//474 475//475 459//459
f 475//475 476//476 460//460
f 476//476 477//477 461//461
f 478//478 462//462 461//461
f 479//479 463//463 462//462
f 480//480 464//464 463//463
f 481//481 482//482 466//466
f 482//482 483//483 467//467
f 483//483 484//484 468//468
f 484//484 485//485 469//469
f 485//485 486//486 470//470
f 486//486 487//487 471//471
f 487//487 488//488 472//472
f 488//488 489//489 473//473
f 489//489 490//490 474//474
f 490//490 491//491 475//475
f 491//491 492//492 476//476
f 492//492 493//493 477//477
f 494//494 478//478 477//477
f 495//495 479//479 478//478
f 496//496 480//480 479//479
f 4//4 3//3 482//482
f 3//3 6//6 483//483
f 6//6 8//8 484//484
f 8//8 10//10 485//485
f 10//10 12//12 486//486
f 12//12 14//14 487//487
f 14//14 16//16 488//488
f 16//16 18//18 489//489
f 18//18 20//20 490//490
f 20//20 22//22 491//491
f 22//22 24//24 492//492
f 24//24 26//26 493//493
f 28//28 494//494 493//493
f 30//30 495//495 494//494
f 32//32 496//496 495//495
f 498//498 499//499 500//500
f 501//501 502//502 499//499
f 503//503 504//504 502//502
f 505//505 506//506 504//504
f 507//507 508//508 506//506
f 509//509 510//510 508//508
f 511//511 512//512 510//510
f 513//513 514//514 512//512
f 515//515 516//516 514//514
f 517//517 518//518 516//516
f 519//519 520//520 518//518
f 521//521 522//522 520//520
f 521//521 523//523 524//524
f 523//523 525//525 526//526
f 525//525 527//527 528//528
f 530//530 498//498 497//497
f 531//531 501//501 498//498
f 532//532 503//503 501//501
f 533//533 505//505 503//503
f 534//534 507//507 505//505
f 535//535 509//509 507//507
f 536//536 511//511 509//509
f 537//537 513//513 511//511
f 538//538 515//515 513//513
f 539//539 517//517 515//515
f 540//540 519//519 517//517
f 541//541 521//521 519//519
f 541//541 542//542 523//523
f 542//542 543//543 525//525
f 543//543 544//544 527//527
f 546//546 530//530 529//529
f 547//547 531//531 530//530
f 548//548 532//532 531//531
f 549//549 533//533 532//532
f 550//550 534//534 533//533
f 551//551 535//535 534//534
f 552//552 536//536 535//535
f 553//553 537//537 536//536
f 554//554 538//538 537//537
f 555//555 539//539 538//538
f 556//556 540//540 539//539
f 557//557 541//541 540//540
f 557//557 558//558 542//542
f 558//558 559//559 543//543
f 559//559 560//560 544//544
f 562//562 546//546 545//545
f 563//563 547//547 546//546
f 564//564 548//548 547//547
f 565//565 549//549 548//548
f 566//566 550//550 549//549
f 567//567 551//551 550//550
f 568//568 552//552 551//551
f 569//569 553//553 552//552
f 570//570 554//554 553//553
f 571//571 555//555 554//554
f 572//572 556//556 555//555
f 573//573 557//557 556//556
f 573//573 574//574 558//558
f 574//574 575//575 559//559
f 575//575 576//576 560//560
f 578//578 562//562 561//561
f 579//579 563//563 562//562
f 580//580 564//564 563//563
f 581//581 565//565 564//564
f 582//582 566//566 565//565
f 583//583 567//567 566//566
f 584//584 568//568 567//567
f 585//585 569//569 568//568
f 586//586 570//570 569//569
f 587//587 571//571 570//570
f 588//588 572//572 571//571
f 589//589 573//573 572//572
f 589//589 590//590 574//574
f 590//590 591//591 575//575
f 591//591 592//592 576//576
f 594//594 578//578 577//577
f 595//595 579//579 578//578
f 596//596 580//580 579//579
f 597//597 581//581 580//580
f 598//598 582//582 581//581
f 599//599 583//583 582//582
f 600//600 584//584 583//583
f 601//601 585//585 584//584
f 602//602 586//586 585//585
f 603//603 587//587 586//586
f 604//604 588//588 587//587
f 605//605 589//589 588//588
f 605//605 606//606 590//590
f 606//606 607//607 591//591
f 607//607 608//608 592//592
f 610//610 594//594 593//593
f 611//611 595//595 594//594
f 612//612 596//596 595//595
f 613//613 597//597 596//596
f 614//614 598//598 597//597
f 615//615 599//599 598//598
f 616//616 600//600 599//599
f 617//617 601//601 600//600
f 618//618 602//602 601//601
f 619//619 603//603 602//602
f 620//620 604//604 603//603
f 621//621 605//605 604//604
f 621//621 622//622 606//606
f 622//622 623//623 607//607
f 623//623 624//624 608//608
f 625//625 626//626 610//610
f 626//626 627//627 611//611
f 627//627 628//628 612//612
f 629//629 613//613 612//612
f 630//630 614//614 613//613
f 630//630 631//631 615//615
f 631//631 632//632 616//616
f 632//632 633//633 617//617
f 634//634 618//618 617//617
f 634//634 635//635 619//619
f 635//635 636//636 620//620
f 636//636 637//637 621//621
f 638//638 622//622 621//621
f 638//638 639//639 623//623
f 640//640 624//624 623//623
f 641//641 642//642 626//626
f 642//642 643//643 627//627
f 643//643 644//644 628//628
f 644//644 645//645 629//629
f 645//645 646//646 630//630
f 646//646 647//647 631//631
f 647//647 648//648 632//632
f 648//648 649//649 633//633
f 649//649 650//650 634//634
f 650//650 651//651 635//635
f 651//651 652//652 636//636
f 652//652 653//653 637//637
f 654//654 638//638 637//637
f 655//655 639//639 638//638
f 656//656 640//640 639//639
f 657//657 658//658 642//642
f 658//658 659//659 643//643
f 659//659 660//660 644//644
f 660//660 661//661 645//645
f 661//661 662//662 646//646
f 662//662 663//663 647//647
f 663//663 664//664 648//648
f 664//664 665//665 649//649
f 665//665 666//666 650//650
f 666//666 667//667 651//651
f 667//667 668//668 652//652
f 668//668 669//669 653//653
f 670//670 654//654 653//653
f 671//671 655//655 654//654
f 672//672 656//656 655//655
f 673//673 674//674 658//658
f 674//674 675//675 659//659
f 675//675 676//676 660//660
f 676//676 677//677 661//661
f 677//677 678//678 662//662
f 678//678 679//679 663//663
f 679//679 680//680 664//664
f 680//680 681//681 665//665
f 681//681 682//682 666//666
f 682//682 683//683 667//667
f 683//683 684//684 668//668
f 684//684 685//685 669//669
f 686//686 670//670 669//669
f 687//687 671//671 670//670
f 688//688 672//672 671//671
f 689//689 690//690 674//674
f 690//690 691//691 675//675
f 691//691 692//692 676//676
f 692//692 693//693 677//677
f 693//693 694//694 678//678
f 694//694 695//695 679//679
f 695//695 696//696 680//680
f 696//696 697//697 681//681
f 697//697 698//698 682//682
f 698//698 699//699 683//683
f 699//699 700//700 684//684
f 700//700 701//701 685//685
f 702//702 686//686 685//685
f 703//703 687//687 686//686
f 704//704 688//688 687//687
f 705//705 706//706 690//690
f 706//706 707//707 691//691
f 707//707 708//708 692//692
f 708//708 709//709 693//693
f 709//709 710//710 694//694
f 710//710 711//711 695//695
f 711//711 712//712 696//696
f 712//712 713//713 697//697
f 713//713 714//714 698//698
f 714//714 715//715 699//699
f 715//715 716//716 700//700
f 716//716 717//717 701//701
f 718//718 702//702 701//701
f 719//719 703//703 702//702
f 720//720 704//704 703//703
f 721//721 722//722 706//706
f 722//722 723//723 707//707
f 723//723 724//724 708//708
f 724//724 725//725 709//709
f 725//725 726//726 710//710
f 726//726 727//727 711//711
f 727//727 728//728 712//712
f 728//728 729//729 713//713
f 729//729 730//730 714//714
f 730//730 731//731 715//715
f 731//731 732//732 716//716
f 732//732 733//733 717//717
f 734//734 718//718 717//717
f 735//735 719//719 718//718
f 736//736 720//720 719//719
f 260//260 259//259 722//722
f 259//259 262//262 723//723
f 262//262 264//264 724//724
f 264//264 266//266 725//725
f 266//266 268//268 726//726
f 268//268 270//270 727//727
f 270//270 272//272 728//728
f 272//272 274//274 729//729
f 274//274 276//276 730//730
f 276//276 278//278 731//731
f 278//278 280//280 732//732
f 280//280 282//282 733//733
f 284//284 734//734 733//733
f 286//286 735//735 734//734
f 288//288 736//736 735//735
f 738//738 242//242 241//241
f 739//739 243//243 242//242
f 740//740 244//244 243//243
f 741//741 245//245 244//244
f 742//742 246//246 245//245
f 743//743 247//247 246//246
f 744//744 248//248 247//247
f 745//745 249//249 248//248
f 746//746 250//250 249//249
f 747//747 251//251 250//250
f 748//748 252//252 251//251
f 749//749 253//253 252//252
f 749//749 750//750 254//254
f 750//750 751//751 255//255
f 751//751 752//752 256//256
f 754//754 738//738 737//737
f 755//755 739//739 738//738
f 756//756 740//740 739//739
f 757//757 741//741 740//740
f 758//758 742//742 741//741
f 759//759 743//743 742//742
f 760//760 744//744 743//743
f 761//761 745//745 744//744
f 762//762 746//746 745//745
f 763//763 747//747 746//746
f 764//764 748//748 747//747
f 765//765 749//749 748//748
f 765//765 766//766 750//750
f 766//766 767//767 751//751
f 767//767 768//768 752//752
f 770//770 754//754 753//753
f 771//771 755//755 754//754
f 772//772 756//756 755//755
f 773//773 757//757 756//756
f 774//774 758//758 757//757
f 775//775 759//759 758//758
f 776//776 760//760 759//759
f 777//777 761//761 760//760
f 778//778 762//762 761//761
f 779//779 763//763 762//762
f 780//780 764//764 763//763
f 781//781 765//765 764//764
f 781//781 782//782 766//766
f 782//782 783//783 767//767
f 783//783 784//784 768//768
f 786//786 770//770 769//769
f 787//787 771//771 770//770
f 788//788 772//772 771//771
f 789//789 773//773 772//772
f 790//790 774//774 773//773
f 791//791 775//775 774//774
f 792//792 776//776 775//775
f 793//793 777//777 776//776
f 794//794 778//778 777//777
f 795//795 779//779 778//778
f 796//796 780//780 779//779
f 797//797 781//781 780//780
f 797//797 798//798 782//782
f 798//798 799//799 783//783
f 799//799 800//800 784//784
f 802//802 786//786 785//785
f 803//803 787//787 786//786
f 804//804 788//788 787//787
f 805//805 789//789 788//788
f 806//806 790//790 789//789
f 807//807 791//791 790//790
f 808//808 792//792 791//791
f 809//809 793//793 792//792
f 810//810 794//794 793//793
f 811//811 795//795 794//794
f 812//812 796//796 795//795
f 813//813 797//797 796//796
f 813//813 814//814 798//798
f 814//814 815//815 799//799
f 815//815 816//816 800//800
f 818//818 802//802 801//801
f 819//819 803//803 802//802
f 820//820 804//804 803//803
f 821//821 805//805 804//804
f 822//822 806//806 805//805
f 823//823 807//807 806//806
f 824//824 808//808 807//807
f 825//825 809//809 808//808
f 826//826 810//810 809//809
f 827//827 811//811 810//810
f 828//828 812//812 811//811
f 829//829 813//813 812//812
f 829//829 830//830 814//814
f 830//830 831//831 815//815
f 831//831 832//832 816//816
f 834//834 818//818 817//817
f 835//835 819//819 818//818
f 836//836 820//820 819//819
f 837//837 821//821 820//820
f 838//838 822//822 821//821
f 839//839 823//823 822//822
f 840//840 824//824 823//823
f 841//841 825//825 824//824
f 842//842 826//826 825//825
f 843//843 827//827 826//826
f 844//844 828//828 827//827
f 845//845 829//829 828//828
f 845//845 846//846 830//830
f 846//846 847//847 831//831
f 847//847 848//848 832//832
f 849//849 850//850 834//834
f 850//850 851//851 835//835
f 851//851 852//852 836//836
f 853//853 837//837 836//836
f 854//854 838//838 837//837
f 854//854 855//855 839//839
f 856//856 840//840 839//839
f 856//856 857//857 841//841
f 857//857 858//858 842//842
f 859//859 843//843 842//842
f 860//860 844//844 843//843
f 860//860 861//861 845//845
f 861//861 862//862 846//846
f 863//863 847//847 846//846
f 863//863 864//864 848//848
f 865//865 866//866 850//850
f 866//866 867//867 851//851
f 867//867 868//868 852//852
f 868//868 869//869 853//853
f 869//869 870//870 854//854
f 870//870 871//871 855//855
f 871//871 872//872 856//856
f 872//872 873//873 857//857
f 873//873 874//874 858//858
f 874//874 875//875 859//859
f 875//875 876//876 860//860
f 876//876 877//877 861//861
f 878//878 862//862 861//861
f 879//879 863//863 862//862
f 880//880 864//864 863//863
f 881//881 882//882 866//866
f 882//882 883//883 867//867
f 883//883 884//884 868//868
f 884//884 885//885 869//869
f 885//885 886//886 870//870
f 886//886 887//887 871//871
f 887//887 888//888 872//872
f 888//888 889//889 873//873
f 889//889 890//890 874//874
f 890//890 891//891 875//875
f 891//891 892//892 876//876
f 892//892 893//893 877//877
f 894//894 878//878 877//877
f 895//895 879//879 878//878
f 896//896 880//880 879//879
f 897//897 898//898 882//882
f 898//898 899//899 883//883
f 899//899 900//900 884//884
f 900//900 901//901 885//885
f 901//901 902//902 886//886
f 902//902 903//903 887//887
f 903//903 904//904 888//888
f 904//904 905//905 889//889
f 905//905 906//906 890//890
f 906//906 907//907 891//891
f 907//907 908//908 892//892
f 908//908 909//909 893//893
f 910//910 894//894 893//893
f 911//911 895//895 894//894
f 912//912 896//896 895//895
f 913//913 914//914 898//898
f 914//914 915//915 899//899
f 915//915 916//916 900//900
f 916//916 917//917 901//901
f 917//917 918//918 902//902
f 918//918 919//919 903//903
f 919//919 920//920 904//904
f 920//920 921//921 905//905
f 921//921 922//922 906//906
f 922//922 923//923 907//907
f 923//923 924//924 908//908
f 924//924 925//925 909//909
f 926//926 910//910 909//909
f 927//927 911//911 910//910
f 928//928 912//912 911//911
f 929//929 930//930 914//914
f 930//930 931//931 915//915
f 931//931 932//932 916//916
f 932//932 933//933 917//917
f 933//933 934//934 918//918
f 934//934 935//935 919//919
f 935//935 936//936 920//920
f 936//936 937//937 921//921
f 937//937 938//938 922//922
f 938//938 939//939 923//923
f 939//939 940//940 924//924
f 940//940 941//941 925//925
f 942//942 926//926 925//925
f 943//943 927//927 926//926
f 944//944 928//928 927//927
f 945//945 946//946 930//930
f 946//946 947//947 931//931
f 947//947 948//948 932//932
f 948//948 949//949 933//933
f 949//949 950//950 934//934
f 950//950 951//951 935//935
f 951//951 952//952 936//936
f 952//952 953//953 937//937
f 953//953 954//954 938//938
f 954//954 955//955 939//939
f 955//955 956//956 940//940
f 956//956 957//957 941//941
f 958//958 942//942 941//941
f 959//959 943//943 942//942
f 960//960 944//944 943//943
f 500//500 499//499 946//946
f 499//499 502//502 947//947
f 502//502 504//504 948//948
f 504//504 506//506 949//949
f 506//506 508//508 950//950
f 508//508 510//510 951//951
f 510//510 512//512 952//952
f 512//512 514//514 953//953
f 514//514 516//516 954//954
f 516//516 518//518 955//955
f 518//518 520//520 956//956
f 520//520 522//522 957//957
f 524//524 958//958 957//957
f 526//526 959//959 958//958
f 528//528 960//960 959//959
f 962//962 963//963 964//964
f 965//965 966//966 963//963
f 967//967 968//968 966//966
f 969//969 970//970 968//968
f 971//971 972//972 970//970
f 973//973 974//974 972//972
f 975//975 976//976 974//974
f 977//977 978//978 976//976
f 979//979 980//980 978//978
f 981//981 982//982 980//980
f 983//983 984//984 982//982
f 985//985 986//986 984//984
f 987//987 988//988 986//986
f 989//989 990//990 988//988
f 1//1 4//4 990//990
f 992//992 962//962 961//961
f 993//993 965//965 962//962
f 994//994 967//967 965//965
f 995//995 969//969 967//967
f 996//996 971//971 969//969
f 997//997 973//973 971//971
f 998//998 975//975 973//973
f 999//999 977//977 975//975
f 1000//1000 979//979 977//977
f 1001//1001 981//981 979//979
f 1002//1002 983//983 981//981
f 1003//1003 985//985 983//983
f 1004//1004 987//987 985//985
f 1005//1005 989//989 987//987
f 33//33 1//1 989//989
f 1007//1007 992//992 991//991
f 1008//1008 993//993 992//992
f 1009//1009 994//994 993//993
f 1010//1010 995//995 994//994
f 1011//1011 996//996 995//995
f 1012//1012 997//997 996//996
f 1013//1013 998//998 997//997
f 1014//1014 999//999 998//998
f 1015//1015 1000//1000 999//999
f 1016//1016 1001//1001 1000//1000
f 1017//1017 1002//1002 1001//1001
f 1018//1018 1003//1003 1002//1002
f 1019//1019 1004//1004 1003//1003
f 1020//1020 1005//1005 1004//1004
f 49//49 33//33 1005//1005
f 1022//1022 1007//1007 1006//1006
f 1023//1023 1008//1008 1007//1007
f 1024//1024 1009//1009 1008//1008
f 1025//1025 1010//1010 1009//1009
f 1026//1026 1011//1011 1010//1010
f 1027//1027 1012//1012 1011//1011
f 1028//1028 1013//1013 1012//1012
f 1029//1029 1014//1014 1013//1013
f 1030//1030 1015//1015 1014//1014
f 1031//1031 1016//1016 1015//1015
f 1032//1032 1017//1017 1016//1016
f 1033//1033 1018//1018 1017//1017
f 1034//1034 1019//1019 1018//1018
f 1035//1035 1020//1020 1019//1019
f 65//65 49//49 1020//1020
f 1037//1037 1022//1022 1021//1021
f 1038//1038 1023//1023 1022//1022
f 1039//1039 1024//1024 1023//1023
f 1040//1040 1025//1025 1024//1024
f 1041//1041 1026//1026 1025//1025
f 1042//1042 1027//1027 1026//1026
f 1043//1043 1028//1028 1027//1027
f 1044//1044 1029//1029 1028//1028
f 1045//1045 1030//1030 1029//1029
f 1046//1046 1031//1031 1030//1030
f 1047//1047 1032//1032 1031//1031
f 1048//1048 1033//1033 1032//1032
f 1049//1049 1034//1034 1033//1033
f 1050//1050 1035//1035 1034//1034
f 81//81 65//65 1035//1035
f 1052//1052 1037//1037 1036//1036
f 1053//1053 1038//1038 1037//1037
f 1054//1054 1039//1039 1038//1038
f 1055//1055 1040//1040 1039//1039
f 1056//1056 1041//1041 1040//1040
f 1057//1057 1042//1042 1041//1041
f 1058//1058 1043//1043 1042//1042
f 1059//1059 1044//1044 1043//1043
f 1060//1060 1045//1045 1044//1044
f 1061//1061 1046//1046 1045//1045
f 1062//1062 1047//1047 1046//1046
f 1063//1063 1048//1048 1047//1047
f 1064//1064 1049//1049 1048//1048
f 1065//1065 1050//1050 1049//1049
f 97//97 81//81 1050//1050
f 1067//1067 1052//1052 1051//1051
f 1068//1068 1053//1053 1052//1052
f 1069//1069 1054//1054 1053//1053
f 1070//1070 1055//1055 1054//1054
f 1071//1071 1056//1056 1055//1055
f 1072//1072 1057//1057 1056//1056
f 1073//1073 1058//1058 1057//1057
f 1074//1074 1059//1059 1058//1058
f 1075//1075 1060//1060 1059//1059
f 1076//1076 1061//1061 1060//1060
f 1077//1077 1062//1062 1061//1061
f 1078//1078 1063//1063 1062//1062
f 1079//1079 1064//1064 1063//1063
f 1080//1080 1065//1065 1064//1064
f 113//113 97//97 1065//1065
f 1081//1081 1082//1082 1067//1067
f 1082//1082 1083//1083 1068//1068
f 1084//1084 1069//1069 1068//1068
f 1085//1085 1070//1070 1069//1069
f 1085//1085 1086//1086 1071//1071
f 1087//1087 1072//1072 1071//1071
f 1087//1087 1088//1088 1073//1073
f 1089//1089 1074//1074 1073//1073
f 1090//1090 1075//1075 1074//1074
f 1091//1091 1076//1076 1075//1075
f 1091//1091 1092//1092 1077//1077
f 1092//1092 1093//1093 1078//1078
f 1094//1094 1079//1079 1078//1078
f 1094//1094 1095//1095 1080//1080
f 1095//1095 129//129 113//113
f 1096//1096 1097//1097 1082//1082
f 1097//1097 1098//1098 1083//1083
f 1098//1098 1099//1099 1084//1084
f 1099//1099 1100//1100 1085//1085
f 1100//1100 1101//1101 1086//1086
f 1101//1101 1102//1102 1087//1087
f 1102//1102 1103//1103 1088//1088
f 1103//1103 1104//1104 1089//1089
f 1104//1104 1105//1105 1090//1090
f 1105//1105 1106//1106 1091//1091
f 1106//1106 1107//1107 1092//1092
f 1107//1107 1108//1108 1093//1093
f 1108//1108 1109//1109 1094//1094
f 1109//1109 1110//1110 1095//1095
f 1110//1110 145//145 129//129
f 1111//1111 1112//1112 1097//1097
f 1112//1112 1113//1113 1098//1098
f 1113//1113 1114//1114 1099//1099
f 1114//1114 1115//1115 1100//1100
f 1115//1115 1116//1116 1101//1101
f 1116//1116 1117//1117 1102//1102
f 1117//1117 1118//1118 1103//1103
f 1118//1118 1119//1119 1104//1104
f 1119//1119 1120//1120 1105//1105
f 1120//1120 1121//1121 1106//1106
f 1121//1121 1122//1122 1107//1107
f 1122//1122 1123//1123 1108//1108
f 1123//1123 1124//1124 1109//1109
f 1124//1124 1125//1125 1110//1110
f 1125//1125 161//161 145//145
f 1126//1126 1127//1127 1112//1112
f 1127//1127 1128//1128 1113//1113
f 1128//1128 1129//1129 1114//1114
f 1129//1129 1130//1130 1115//1115
f 1130//1130 1131//1131 1116//1116
f 1131//1131 1132//1132 1117//1117
f 1132//1132 1133//1133 1118//1118
f 1133//1133 1134//1134 1119//1119
f 1134//1134 1135//1135 1120//1120
f 1135//1135 1136//1136 1121//1121
f 1136//1136 1137//1137 1122//1122
f 1137//1137 1138//1138 1123//1123
f 1138//1138 1139//1139 1124//1124
f 1139//1139 1140//1140 1125//1125
f 1140//1140 177//177 161//161
f 1141//1141 1142//1142 1127//1127
f 1142//1142 1143//1143 1128//1128
f 1143//1143 1144//1144 1129//1129
f 1144//1144 1145//1145 1130//1130
f 1145//1145 1146//1146 1131//1131
f 1146//1146 1147//1147 1132//1132
f 1147//1147 1148//1148 1133//1133
f 1148//1148 1149//1149 1134//1134
f 1149//1149 1150//1150 1135//1135
f 1150//1150 1151//1151 1136//1136
f 1151//1151 1152//1152 1137//1137
f 1152//1152 1153//1153 1138//1138
f 1153//1153 1154//1154 1139//1139
f 1154//1154 1155//1155 1140//1140
f 1155//1155 193//193 177//177
f 1156//1156 1157//1157 1142//1142
f 1157//1157 1158//1158 1143//1143
f 1158//1158 1159//1159 1144//1144
f 1159//1159 1160//1160 1145//1145
f 1160//1160 1161//1161 1146//1146
f 1161//1161 1162//1162 1147//1147
f 1162//1162 1163//1163 1148//1148
f 1163//1163 1164//1164 1149//1149
f 1164//1164 1165//1165 1150//1150
f 1165//1165 1166//1166 1151//1151
f 1166//1166 1167//1167 1152//1152
f 1167//1167 1168//1168 1153//1153
f 1168//1168 1169//1169 1154//1154
f 1169//1169 1170//1170 1155//1155
f 1170//1170 209//209 193//193
f 1171//1171 1172//1172 1157//1157
f 1172//1172 1173//1173 1158//1158
f 1173//1173 1174//1174 1159//1159
f 1174//1174 1175//1175 1160//1160
f 1175//1175 1176//1176 1161//1161
f 1176//1176 1177//1177 1162//1162
f 1177//1177 1178//1178 1163//1163
f 1178//1178 1179//1179 1164//1164
f 1179//1179 1180//1180 1165//1165
f 1180//1180 1181//1181 1166//1166
f 1181//1181 1182//1182 1167//1167
f 1182//1182 1183//1183 1168//1168
f 1183//1183 1184//1184 1169//1169
f 1184//1184 1185//1185 1170//1170
f 1185//1185 225//225 209//209
f 1186//1186 1187//1187 1172//1172
f 1187//1187 1188//1188 1173//1173
f 1188//1188 1189//1189 1174//1174
f 1189//1189 1190//1190 1175//1175
f 1190//1190 1191//1191 1176//1176
f 1191//1191 1192//1192 1177//1177
f 1192//1192 1193//1193 1178//1178
f 1193//1193 1194//1194 1179//1179
f 1194//1194 1195//1195 1180//1180
f 1195//1195 1196//1196 1181//1181
f 1196//1196 1197//1197 1182//1182
f 1197//1197 1198//1198 1183//1183
f 1198//1198 1199//1199 1184//1184
f 1199//1199 1200//1200 1185//1185
f 1200//1200 241//241 225//225
f 1202//1202 1203//1203 1204//1204
f 1205//1205 1206//1206 1203//1203
f 1207//1207 1208//1208 1206//1206
f 1209//1209 1210//1210 1208//1208
f 1211//1211 1212//1212 1210//1210
f 1213//1213 1214//1214 1212//1212
f 1215//1215 1216//1216 1214//1214
f 1217//1217 1218//1218 1216//1216
f 1219//1219 1220//1220 1218//1218
f 1221//1221 1222//1222 1220//1220
f 1223//1223 1224//1224 1222//1222
f 1225//1225 1226//1226 1224//1224
f 1227//1227 1228//1228 1226//1226
f 1229//1229 1230//1230 1228//1228
f 257//257 260//260 1230//1230
f 1232//1232 1202//1202 1201//1201
f 1233//1233 1205//1205 1202//1202
f 1234//1234 1207//1207 1205//1205
f 1235//1235 1209//1209 1207//1207
f 1236//1236 1211//1211 1209//1209
f 1237//1237 1213//1213 1211//1211
f 1238//1238 1215//1215 1213//1213
f 1239//1239 1217//1217 1215//1215
f 1240//1240 1219//1219 1217//1217
f 1241//1241 1221//1221 1219//1219
f 1242//1242 1223//1223 1221//1221
f 1243//1243 1225//1225 1223//1223
f 1244//1244 1227//1227 1225//1225
f 1245//1245 1229//1229 1227//1227
f 289//289 257//257 1229//1229
f 1247//1247 1232//1232 1231//1231
f 1248//1248 1233//1233 1232//1232
f 1249//1249 1234//1234 1233//1233
f 1250//1250 1235//1235 1234//1234
f 1251//1251 1236//1236 1235//1235
f 1252//1252 1237//1237 1236//1236
f 1253//1253 1238//1238 1237//1237
f 1254//1254 1239//1239 1238//1238
f 1255//1255 1240//1240 1239//1239
f 1256//1256 1241//1241 1240//1240
f 1257//1257 1242//1242 1241//1241
f 1258//1258 1243//1243 1242//1242
f 1259//1259 1244//1244 1243//1243
f 1260//1260 1245//1245 1244//1244
f 305//305 289//289 1245//1245
f 1262//1262 1247//1247 1246//1246
f 1263//1263 1248//1248 1247//1247
f 1264//1264 1249//1249 1248//1248
f 1265//1265 1250//1250 1249//1249
f 1266//1266 1251//1251 1250//1250
f 1267//1267 1252//1252 1251//1251
f 1268//1268 1253//1253 1252//1252
f 1269//1269 1254//1254 1253//1253
f 1270//1270 1255//1255 1254//1254
f 1271//1271 1256//1256 1255//1255
f 1272//1272 1257//1257 1256//1256
f 1273//1273 1258//1258 1257//1257
f 1274//1274 1259//1259 1258//1258
f 1275//1275 1260//1260 1259//1259
f 321//321 305//305 1260//1260
f 1277//1277 1262//1262 1261//1261
f 1278//1278 1263//1263 1262//1262
f 1279//1279 1264//1264 1263//1263
f 1280//1280 1265//1265 1264//1264
f 1281//1281 1266//1266 1265//1265
f 1282//1282 1267//1267 1266//1266
f 1283//1283 1268//1268 1267//1267
f 1284//1284 1269//1269 1268//1268
f 1285//1285 1270//1270 1269//1269
f 1286//1286 1271//1271 1270//1270
f 1287//1287 1272//1272 1271//1271
f 1288//1288 1273//1273 1272//1272
f 1289//1289 1274//1274 1273//1273
f 1290//1290 1275//1275 1274//1274
f 337//337 321//321 1275//1275
f 1292//1292 1277//1277 1276//1276
f 1293//1293 1278//1278 1277//1277
f 1294//1294 1279//1279 1278//1278
f 1295//1295 1280//1280 1279//1279
f 1296//1296 1281//1281 1280//1280
f 1297//1297 1282//1282 1281//1281
f 1298//1298 1283//1283 1282//1282
f 1299//1299 1284//1284 1283//1283
f 1300//1300 1285//1285 1284//1284
f 1301//1301 1286//1286 1285//1285
f 1302//1302 1287//1287 1286//1286
f 1303//1303 1288//1288 1287//1287
f 1304//1304 1289//1289 1288//1288
f 1305//1305 1290//1290 1289//1289
f 353//353 337//337 1290//1290
f 1307//1307 1292//1292 1291//1291
f 1308//1308 1293//1293 1292//1292
f 1309//1309 1294//1294 1293//1293
f 1310//1310 1295//1295 1294//1294
f 1311//1311 1296//1296 1295//1295
f 1312//1312 1297//1297 1296//1296
f 1313//1313 1298//1298 1297//1297
f 1314//1314 1299//1299 1298//1298
f 1315//1315 1300//1300 1299//1299
f 1316//1316 1301//1301 1300//1300
f 1317//1317 1302//1302 1301//1301
f 1318//1318 1303//1303 1302//1302
f 1319//1319 1304//1304 1303//1303
f 1320//1320 1305//1305 1304//1304
f 369//369 353//353 1305//1305
f 1322//1322 1307//1307 1306//1306
f 1322//1322 1323//1323 1308//1308
f 1323//1323 1324//1324 1309//1309
f 1325//1325 1310//1310 1309//1309
f 1325//1325 1326//1326 1311//1311
f 1327//1327 1312//1312 1311//1311
f 1327//1327 1328//1328 1313//1313
f 1329//1329 1314//1314 1313//1313
f 1329//1329 1330//1330 1315//1315
f 1331//1331 1316//1316 1315//1315
f 1331//1331 1332//1332 1317//1317
f 1333//1333 1318//1318 1317//1317
f 1334//1334 1319//1319 1318//1318
f 1335//1335 1320//1320 1319//1319
f 1335//1335 385//385 369//369
f 1336//1336 1337//1337 1322//1322
f 1337//1337 1338//1338 1323//1323
f 1338//1338 1339//1339 1324//1324
f 1339//1339 1340//1340 1325//1325
f 1340//1340 1341//1341 1326//1326
f 1341//1341 1342//1342 1327//1327
f 1342//1342 1343//1343 1328//1328
f 1343//1343 1344//1344 1329//1329
f 1344//1344 1345//1345 1330//1330
f 1345//1345 1346//1346 1331//1331
f 1346//1346 1347//1347 1332//1332
f 1347//1347 1348//1348 1333//1333
f 1348//1348 1349//1349 1334//1334
f 1349//1349 1350//1350 1335//1335
f 1350//1350 401//401 385//385
f 1351//1351 1352//1352 1337//1337
f 1352//1352 1353//1353 1338//1338
f 1353//1353 1354//1354 1339//1339
f 1354//1354 1355//1355 1340//1340
f 1355//1355 1356//1356 1341//1341
f 1356//1356 1357//1357 1342//1342
f 1357//1357 1358//1358 1343//1343
f 1358//1358 1359//1359 1344//1344
f 1359//1359 1360//1360 1345//1345
f 1360//1360 1361//1361 1346//1346
f 1361//1361 1362//1362 1347//1347
f 1362//1362 1363//1363 1348//1348
f 1363//1363 1364//1364 1349//1349
f 1364//1364 1365//1365 1350//1350
f 1365//1365 417//417 401//401
f 1366//1366 1367//1367 1352//1352
f 1367//1367 1368//1368 1353//1353
f 1368//1368 1369//1369 1354//1354
f 1369//1369 1370//1370 1355//1355
f 1370//1370 1371//1371 1356//1356
f 1371//1371 1372//1372 1357//1357
f 1372//1372 1373//1373 1358//1358
f 1373//1373 1374//1374 1359//1359
f 1374//1374 1375//1375 1360//1360
f 1375//1375 1376//1376 1361//1361
f 1376//1376 1377//1377 1362//1362
f 1377//1377 1378//1378 1363//1363
f 1378//1378 1379//1379 1364//1364
f 1379//1379 1380//1380 1365//1365
f 1380//1380 433//433 417//417
f 1381//1381 1382//1382 1367//1367
f 1382//1382 1383//1383 1368//1368
f 1383//1383 1384//1384 1369//1369
f 1384//1384 1385//1385 1370//1370
f 1385//1385 1386//1386 1371//1371
f 1386//1386 1387//1387 1372//1372
f 1387//1387 1388//1388 1373//1373
f 1388//1388 1389//1389 1374//1374
f 1389//1389 1390//1390 1375//1375
f 1390//1390 1391//1391 1376//1376
f 1391//1391 1392//1392 1377//1377
f 1392//1392 1393//1393 1378//1378
f 1393//1393 1394//1394 1379//1379
f 1394//1394 1395//1395 1380//1380
f 1395//1395 449//449 433//433
f 1396//1396 1397//1397 1382//1382
f 1397//1397 1398//1398 1383//1383
f 1398//1398 1399//1399 1384//1384
f 1399//1399 1400//1400 1385//1385
f 1400//1400 1401//1401 1386//1386
f 1401//1401 1402//1402 1387//1387
f 1402//1402 1403//1403 1388//1388
f 1403//1403 1404//1404 1389//1389
f 1404//1404 1405//1405 1390//1390
f 1405//1405 1406//1406 1391//1391
f 1406//1406 1407//1407 1392//1392
f 1407//1407 1408//1408 1393//1393
f 1408//1408 1409//1409 1394//1394
f 1409//1409 1410//1410 1395//1395
f 1410//1410 465//465 449//449
f 1411//1411 1412//1412 1397//1397
f 1412//1412 1413//1413 1398//1398
f 1413//1413 1414//1414 1399//1399
f 1414//1414 1415//1415 1400//1400
f 1415//1415 1416//1416 1401//1401
f 1416//1416 1417//1417 1402//1402
f 1417//1417 1418//1418 1403//1403
f 1418//1418 1419//1419 1404//1404
f 1419//1419 1420//1420 1405//1405
f 1420//1420 1421//1421 1406//1406
f 1421//1421 1422//1422 1407//1407
f 1422//1422 1423//1423 1408//1408
f 1423//1423 1424//1424 1409//1409
f 1424//1424 1425//1425 1410//1410
f 1425//1425 481//481 465//465
f 964//964 963//963 1412//1412
f 963//963 966//966 1413//1413
f 966//966 968//968 1414//1414
f 968//968 970//970 1415//1415
f 970//970 972//972 1416//1416
f 972//972 974//974 1417//1417
f 974//974 976//976 1418//1418
f 976//976 978//978 1419//1419
f 978//978 980//980 1420//1420
f 980//980 982//982 1421//1421
f 982//982 984//984 1422//1422
f 984//984 986//986 1423//1423
f 986//986 988//988 1424//1424
f 988//988 990//990 1425//1425
f 990//990 4//4 481//481
f 1427//1427 1428//1428 1429//1429
f 1430//1430 1431//1431 1428//1428
f 1432//1432 1433//1433 1431//1431
f 1434//1434 1435//1435 1433//1433
f 1436//1436 1437//1437 1435//1435
f 1438//1438 1439//1439 1437//1437
f 1440//1440 1441//1441 1439//1439
f 1442//1442 1443//1443 1441//1441
f 1444//1444 1445//1445 1443//1443
f 1446//1446 1447//1447 1445//1445
f 1448//1448 1449//1449 1447//1447
f 1450//1450 1451//1451 1449//1449
f 1452//1452 1453//1453 1451//1451
f 1454//1454 1455//1455 1453//1453
f 497//497 500//500 1455//1455
f 1457//1457 1427//1427 1426//1426
f 1458//1458 1430//1430 1427//1427
f 1459//1459 1432//1432 1430//1430
f 1460//1460 1434//1434 1432//1432
f 1461//1461 1436//1436 1434//1434
f 1462//1462 1438//1438 1436//1436
f 1463//1463 1440//1440 1438//1438
f 1464//1464 1442//1442 1440//1440
f 1465//1465 1444//1444 1442//1442
f 1466//1466 1446//1446 1444//1444
f 1467//1467 1448//1448 1446//1446
f 1468//1468 1450//1450 1448//1448
f 1469//1469 1452//1452 1450//1450
f 1470//1470 1454//1454 1452//1452
f 529//529 497//497 1454//1454
f 1472//1472 1457//1457 1456//1456
f 1473//1473 1458//1458 1457//1457
f 1474//1474 1459//1459 1458//1458
f 1475//1475 1460//1460 1459//1459
f 1476//1476 1461//1461 1460//1460
f 1477//1477 1462//1462 1461//1461
f 1478//1478 1463//1463 1462//1462
f 1479//1479 1464//1464 1463//1463
f 1480//1480 1465//1465 1464//1464
f 1481//1481 1466//1466 1465//1465
f 1482//1482 1467//1467 1466//1466
f 1483//1483 1468//1468 1467//1467
f 1484//1484 1469//1469 1468//1468
f 1485//1485 1470//1470 1469//1469
f 545//545 529//529 1470//1470
f 1487//1487 1472//1472 1471//1471
f 1488//1488 1473//1473 1472//1472
f 1489//1489 1474//1474 1473//1473
f 1490//1490 1475//1475 1474//1474
f 1491//1491 1476//1476 1475//1475
f 1492//1492 1477//1477 1476//1476
f 1493//1493 1478//1478 1477//1477
f 1494//1494 1479//1479 1478//1478
f 1495//1495 1480//1480 1479//1479
f 1496//1496 1481//1481 1480//1480
f 1497//1497 1482//1482 1481//1481
f 1498//1498 1483//1483 1482//1482
f 1499//1499 1484//1484 1483//1483
f 1500//1500 1485//1485 1484//1484
f 561//561 545//545 1485//1485
f 1502//1502 1487//1487 1486//1486
f 1503//1503 1488//1488 1487//1487
f 1504//1504 1489//1489 1488//1488
f 1505//1505 1490//1490 1489//1489
f 1506//1506 1491//1491 1490//1490
f 1507//1507 1492//1492 1491//1491
f 1508//1508 1493//1493 1492//1492
f 1509//1509 1494//1494 1493//1493
f 1510//1510 1495//1495 1494//1494
f 1511//1511 1496//1496 1495//1495
f 1512//1512 1497//1497 1496//1496
f 1513//1513 1498//1498 1497//1497
f 1514//1514 1499//1499 1498//1498
f 1515//1515 1500//1500 1499//1499
f 577//577 561//561 1500//1500
f 1517//1517 1502//1502 1501//1501
f 1518//1518 1503//1503 1502//1502
f 1519//1519 1504//1504 1503//1503
f 1520//1520 1505//1505 1504//1504
f 1521//1521 1506//1506 1505//1505
f 1522//1522 1507//1507 1506//1506
f 1523//1523 1508//1508 1507//1507
f 1524//1524 1509//1509 1508//1508
f 1525//1525 1510//1510 1509//1509
f 1526//1526 1511//1511 1510//1510
f 1527//1527 1512//1512 1511//1511
f 1528//1528 1513//1513 1512//1512
f 1529//1529 1514//1514 1513//1513
f 1530//1530 1515//1515 1514//1514
f 593//593 577//577 1515//1515
f 1532//1532 1517//1517 1516//1516
f 1533//1533 1518//1518 1517//1517
f 1534//1534 1519//1519 1518//1518
f 1535//1535 1520//1520 1519//1519
f 1536//1536 1521//1521 1520//1520
f 1537//1537 1522//1522 1521//1521
f 1538//1538 1523//1523 1522//1522
f 1539//1539 1524//1524 1523//1523
f 1540//1540 1525//1525 1524//1524
f 1541//1541 1526//1526 1525//1525
f 1542//1542 1527//1527 1526//1526
f 1543//1543 1528//1528 1527//1527
f 1544//1544 1529//1529 1528//1528
f 1545//1545 1530//1530 1529//1529
f 609//609 593//593 1530//1530
f 1547//1547 1532//1532 1531//1531
f 1547//1547 1548//1548 1533//1533
f 1548//1548 1549//1549 1534//1534
f 1550//1550 1535//1535 1534//1534
f 1550//1550 1551//1551 1536//1536
f 1551//1551 1552//1552 1537//1537
f 1553//1553 1538//1538 1537//1537
f 1554//1554 1539//1539 1538//1538
f 1555//1555 1540//1540 1539//1539
f 1556//1556 1541//1541 1540//1540
f 1556//1556 1557//1557 1542//1542
f 1558//1558 1543//1543 1542//1542
f 1559//1559 1544//1544 1543//1543
f 1559//1559 1560//1560 1545//1545
f 1560//1560 625//625 609//609
f 1561//1561 1562//1562 1547//1547
f 1562//1562 1563//1563 1548//1548
f 1563//1563 1564//1564 1549//1549
f 1564//1564 1565//1565 1550//1550
f 1565//1565 1566//1566 1551//1551
f 1566//1566 1567//1567 1552//1552
f 1567//1567 1568//1568 1553//1553
f 1568//1568 1569//1569 1554//1554
f 1569//1569 1570//1570 1555//1555
f 1570//1570 1571//1571 1556//1556
f 1571//1571 1572//1572 1557//1557
f 1572//1572 1573//1573 1558//1558
f 1573//1573 1574//1574 1559//1559
f 1574//1574 1575//1575 1560//1560
f 1575//1575 641//641 625//625
f 1576//1576 1577//1577 1562//1562
f 1577//1577 1578//1578 1563//1563
f 1578//1578 1579//1579 1564//1564
f 1579//1579 1580//1580 1565//1565
f 1580//1580 1581//1581 1566//1566
f 1581//1581 1582//1582 1567//1567
f 1582//1582 1583//1583 1568//1568
f 1583//1583 1584//1584 1569//1569
f 1584//1584 1585//1585 1570//1570
f 1585//1585 1586//1586 1571//1571
f 1586//1586 1587//1587 1572//1572
f 1587//1587 1588//1588 1573//1573
f 1588//1588 1589//1589 1574//1574
f 1589//1589 1590//1590 1575//1575
f 1590//1590 657//657 641//641
f 1591//1591 1592//1592 1577//1577
f 1592//1592 1593//1593 1578//1578
f 1593//1593 1594//1594 1579//1579
f 1594//1594 1595//1595 1580//1580
f 1595//1595 1596//1596 1581//1581
f 1596//1596 1597//1597 1582//1582
f 1597//1597 1598//1598 1583//1583
f 1598//1598 1599//1599 1584//1584
f 1599//1599 1600//1600 1585//1585
f 1600//1600 1601//1601 1586//1586
f 1601//1601 1602//1602 1587//1587
f 1602//1602 1603//1603 1588//1588
f 1603//1603 1604//1604 1589//1589
f 1604//1604 1605//1605 1590//1590
f 1605//1605 673//673 657//657
f 1606//1606 1607//1607 1592//1592
f 1607//1607 1608//1608 1593//1593
f 1608//1608 1609//1609 1594//1594
f 1609//1609 1610//1610 1595//1595
f 1610//1610 1611//1611 1596//1596
f 1611//1611 1612//1612 1597//1597
f 1612//1612 1613//1613 1598//1598
f 1613//1613 1614//1614 1599//1599
f 1614//1614 1615//1615 1600//1600
f 1615//1615 1616//1616 1601//1601
f 1616//1616 1617//1617 1602//1602
f 1617//1617 1618//1618 1603//1603
f 1618//1618 1619//1619 1604//1604
f 1619//1619 1620//1620 1605//1605
f 1620//1620 689//689 673//673
f 1621//1621 1622//1622 1607//1607
f 1622//1622 1623//1623 1608//1608
f 1623//1623 1624//1624 1609//1609
f 1624//1624 1625//1625 1610//1610
f 1625//1625 1626//1626 1611//1611
f 1626//1626 1627//1627 1612//1612
f 1627//1627 1628//1628 1613//1613
f 1628//1628 1629//1629 1614//1614
f 1629//1629 1630//1630 1615//1615
f 1630//1630 1631//1631 1616//1616
f 1631//1631 1632//1632 1617//1617
f 1632//1632 1633//1633 1618//1618
f 1633//1633 1634//1634 1619//1619
f 1634//1634 1635//1635 1620//1620
f 1635//1635 705//705 689//689
f 1636//1636 1637//1637 1622//1622
f 1637//1637 1638//1638 1623//1623
f 1638//1638 1639//1639 1624//1624
f 1639//1639 1640//1640 1625//1625
f 1640//1640 1641//1641 1626//1626
f 1641//1641 1642//1642 1627//1627
f 1642//1642 1643//1643 1628//1628
f 1643//1643 1644//1644 1629//1629
f 1644//1644 1645//1645 1630//1630
f 1645//1645 1646//1646 1631//1631
f 1646//1646 1647//1647 1632//1632
f 1647//1647 1648//1648 1633//1633
f 1648//1648 1649//1649 1634//1634
f 1649//1649 1650//1650 1635//1635
f 1650//1650 721//721 705//705
f 1204//1204 1203//1203 1637//1637
f 1203//1203 1206//1206 1638//1638
f 1206//1206 1208//1208 1639//1639
f 1208//1208 1210//1210 1640//1640
f 1210//1210 1212//1212 1641//1641
f 1212//1212 1214//1214 1642//1642
f 1214//1214 1216//1216 1643//1643
f 1216//1216 1218//1218 1644//1644
f 1218//1218 1220//1220 1645//1645
f 1220//1220 1222//1222 1646//1646
f 1222//1222 1224//1224 1647//1647
f 1224//1224 1226//1226 1648//1648
f 1226//1226 1228//1228 1649//1649
f 1228//1228 1230//1230 1650//1650
f 1230//1230 260//260 721//721
f 1652//1652 1187//1187 1186//1186
f 1653//1653 1188//1188 1187//1187
f 1654//1654 1189//1189 1188//1188
f 1655//1655 1190//1190 1189//1189
f 1656//1656 1191//1191 1190//1190
f 1657//1657 1192//1192 1191//1191
f 1658//1658 1193//1193 1192//1192
f 1659//1659 1194//1194 1193//1193
f 1660//1660 1195//1195 1194//1194
f 1661//1661 1196//1196 1195//1195
f 1662//1662 1197//1197 1196//1196
f 1663//1663 1198//1198 1197//1197
f 1664//1664 1199//1199 1198//1198
f 1665//1665 1200//1200 1199//1199
f 737//737 241//241 1200//1200
f 1667//1667 1652//1652 1651//1651
f 1668//1668 1653//1653 1652//1652
f 1669//1669 1654//1654 1653//1653
f 1670//1670 1655//1655 1654//1654
f 1671//1671 1656//1656 1655//1655
f 1672//1672 1657//1657 1656//1656
f 1673//1673 1658//1658 1657//1657
f 1674//1674 1659//1659 1658//1658
f 1675//1675 1660//1660 1659//1659
f 1676//1676 1661//1661 1660//1660
f 1677//1677 1662//1662 1661//1661
f 1678//1678 1663//1663 1662//1662
f 1679//1679 1664//1664 1663//1663
f 1680//1680 1665//1665 1664//1664
f 753//753 737//737 1665//1665
f 1682//1682 1667//1667 1666//1666
f 1683//1683 1668//1668 1667//1667
f 1684//1684 1669//1669 1668//1668
f 1685//1685 1670//1670 1669//1669
f 1686//1686 1671//1671 1670//1670
f 1687//1687 1672//1672 1671//1671
f 1688//1688 1673//1673 1672//1672
f 1689//1689 1674//1674 1673//1673
f 1690//1690 1675//1675 1674//1674
f 1691//1691 1676//1676 1675//1675
f 1692//1692 1677//1677 1676//1676
f 1693//1693 1678//1678 1677//1677
f 1694//1694 1679//1679 1678//1678
f 1695//1695 1680//1680 1679//1679
f 769//769 753//753 1680//1680
f 1697//1697 1682//1682 1681//1681
f 1698//1698 1683//1683 1682//1682
f 1699//1699 1684//1684 1683//1683
f 1700//1700 1685//1685 1684//1684
f 1701//1701 1686//1686 1685//1685
f 1702//1702 1687//1687 1686//1686
f 1703//1703 1688//1688 1687//1687
f 1704//1704 1689//1689 1688//1688
f 1705//1705 1690//1690 1689//1689
f 1706//1706 1691//1691 1690//1690
f 1707//1707 1692//1692 1691//1691
f 1708//1708 1693//1693 1692//1692
f 1709//1709 1694//1694 1693//1693
f 1710//1710 1695//1695 1694//1694
f 785//785 769//769 1695//1695
f 1712//1712 1697//1697 1696//1696
f 1713//1713 1698//1698 1697//1697
f 1714//1714 1699//1699 1698//1698
f 1715//1715 1700//1700 1699//1699
f 1716//1716 1701//1701 1700//1700
f 1717//1717 1702//1702 1701//1701
f 1718//1718 1703//1703 1702//1702
f 1719//1719 1704//1704 1703//1703
f 1720//1720 1705//1705 1704//1704
f 1721//1721 1706//1706 1705//1705
f 1722//1722 1707//1707 1706//1706
f 1723//1723 1708//1708 1707//1707
f 1724//1724 1709//1709 1708//1708
f 1725//1725 1710//1710 1709//1709
f 801//801 785//785 1710//1710
f 1727//1727 1712//1712 1711//1711
f 1728//1728 1713//1713 1712//1712
f 1729//1729 1714//1714 1713//1713
f 1730//1730 1715//1715 1714//1714
f 1731//1731 1716//1716 1715//1715
f 1732//1732 1717//1717 1716//1716
f 1733//1733 1718//1718 1717//1717
f 1734//1734 1719//1719 1718//1718
f 1735//1735 1720//1720 1719//1719
f 1736//1736 1721//1721 1720//1720
f 1737//1737 1722//1722 1721//1721
f 1738//1738 1723//1723 1722//1722
f 1739//1739 1724//1724 1723//1723
f 1740//1740 1725//1725 1724//1724
f 817//817 801//801 1725//1725
f 1742//1742 1727//1727 1726//1726
f 1743//1743 1728//1728 1727//1727
f 1744//1744 1729//1729 1728//1728
f 1745//1745 1730//1730 1729//1729
f 1746//1746 1731//1731 1730//1730
f 1747//1747 1732//1732 1731//1731
f 1748//1748 1733//1733 1732//1732
f 1749//1749 1734//1734 1733//1733
f 1750//1750 1735//1735 1734//1734
f 1751//1751 1736//1736 1735//1735
f 1752//1752 1737//1737 1736//1736
f 1753//1753 1738//1738 1737//1737
f 1754//1754 1739//1739 1738//1738
f 1755//1755 1740//1740 1739//1739
f 833//833 817//817 1740//1740
f 1756//1756 1757//1757 1742//1742
f 1757//1757 1758//1758 1743//1743
f 1759//1759 1744//1744 1743//1743
f 1760//1760 1745//1745 1744//1744
f 1760//1760 1761//1761 1746//1746
f 1761//1761 1762//1762 1747//1747
f 1762//1762 1763//1763 1748//1748
f 1764//1764 1749//1749 1748//1748
f 1765//1765 1750//1750 1749//1749
f 1766//1766 1751//1751 1750//1750
f 1766//1766 1767//1767 1752//1752
f 1768//1768 1753//1753 1752//1752
f 1769//1769 1754//1754 1753//1753
f 1770//1770 1755//1755 1754//1754
f 1770//1770 849//849 833//833
f 1771//1771 1772//1772 1757//1757
f 1772//1772 1773//1773 1758//1758
f 1773//1773 1774//1774 1759//1759
f 1774//1774 1775//1775 1760//1760
f 1775//1775 1776//1776 1761//1761
f 1776//1776 1777//1777 1762//1762
f 1777//1777 1778//1778 1763//1763
f 1778//1778 1779//1779 1764//1764
f 1779//1779 1780//1780 1765//1765
f 1780//1780 1781//1781 1766//1766
f 1781//1781 1782//1782 1767//1767
f 1782//1782 1783//1783 1768//1768
f 1783//1783 1784//1784 1769//1769
f 1784//1784 1785//1785 1770//1770
f 1785//1785 865//865 849//849
f 1786//1786 1787//1787 1772//1772
f 1787//1787 1788//1788 1773//1773
f 1788//1788 1789//1789 1774//1774
f 1789//1789 1790//1790 1775//1775
f 1790//1790 1791//1791 1776//1776
f 1791//1791 1792//1792 1777//1777
f 1792//1792 1793//1793 1778//1778
f 1793//1793 1794//1794 1779//1779
f 1794//1794 1795//1795 1780//1780
f 1795//1795 1796//1796 1781//1781
f 1796//1796 1797//1797 1782//1782
f 1797//1797 1798//1798 1783//1783
f 1798//1798 1799//1799 1784//1784
f 1799//1799 1800//1800 1785//1785
f 1800//1800 881//881 865//865
f 1801//1801 1802//1802 1787//1787
f 1802//1802 1803//1803 1788//1788
f 1803//1803 1804//1804 1789//1789
f 1804//1804 1805//1805 1790//1790
f 1805//1805 1806//1806 1791//1791
f 1806//1806 1807//1807 1792//1792
f 1807//1807 1808//1808 1793//1793
f 1808//1808 1809//1809 1794//1794
f 1809//1809 1810//1810 1795//1795
f 1810//1810 1811//1811 1796//1796
f 1811//1811 1812//1812 1797//1797
f 1812//1812 1813//1813 1798//1798
f 1813//1813 1814//1814 1799//1799
f 1814//1814 1815//1815 1800//1800
f 1815//1815 897//897 881//881
f 1816//1816 1817//1817 1802//1802
f 1817//1817 1818//1818 1803//1803
f 1818//1818 1819//1819 1804//1804
f 1819//1819 1820//1820 1805//1805
f 1820//1820 1821//1821 1806//1806
f 1821//1821 1822//1822 1807//1807
f 1822//1822 1823//1823 1808//1808
f 1823//1823 1824//1824 1809//1809
f 1824//1824 1825//1825 1810//1810
f 1825//1825 1826//1826 1811//1811
f 1826//1826 1827//1827 1812//1812
f 1827//1827 1828//1828 1813//1813
f 1828//1828 1829//1829 1814//1814
f 1829//1829 1830//1830 1815//1815
f 1830//1830 913//913 897//897
f 1831//1831 1832//1832 1817//1817
f 1832//1832 1833//1833 1818//1818
f 1833//1833 1834//1834 1819//1819
f 1834//1834 1835//1835 1820//1820
f 1835//1835 1836//1836 1821//1821
f 1836//1836 1837//1837 1822//1822
f 1837//1837 1838//1838 1823//1823
f 1838//1838 1839//1839 1824//1824
f 1839//1839 1840//1840 1825//1825
f 1840//1840 1841//1841 1826//1826
f 1841//1841 1842//1842 1827//1827
f 1842//1842 1843//1843 1828//1828
f 1843//1843 1844//1844 1829//1829
f 1844//1844 1845//1845 1830//1830
f 1845//1845 929//929 913//913
f 1846//1846 1847//1847 1832//1832
f 1847//1847 1848//1848 1833//1833
f 1848//1848 1849//1849 1834//1834
f 1849//1849 1850//1850 1835//1835
f 1850//1850 1851//1851 1836//1836
f 1851//1851 1852//1852 1837//1837
f 1852//1852 1853//1853 1838//1838
f 1853//1853 1854//1854 1839//1839
f 1854//1854 1855//1855 1840//1840
f 1855//1855 1856//1856 1841//1841
f 1856//1856 1857//1857 1842//1842
f 1857//1857 1858//1858 1843//1843
f 1858//1858 1859//1859 1844//1844
f 1859//1859 1860//1860 1845//1845
f 1860//1860 945//945 929//929
f 1429//1429 1428//1428 1847//1847
f 1428//1428 1431//1431 1848//1848
f 1431//1431 1433//1433 1849//1849
f 1433//1433 1435//1435 1850//1850
f 1435//1435 1437//1437 1851//1851
f 1437//1437 1439//1439 1852//1852
f 1439//1439 1441//1441 1853//1853
f 1441//1441 1443//1443 1854//1854
f 1443//1443 1445//1445 1855//1855
f 1445//1445 1447//1447 1856//1856
f 1447//1447 1449//1449 1857//1857
f 1449//1449 1451//1451 1858//1858
f 1451//1451 1453//1453 1859//1859
f 1453//1453 1455//1455 1860//1860
f 1455//1455 500//500 945//945
f 1861//1861 1862//1862 1863//1863
f 1862//1862 1865//1865 1866//1866
f 1865//1865 1867//1867 1868//1868
f 1867//1867 1869//1869 1870//1870
f 1869//1869 1871//1871 1872//1872
f 1871//1871 1873//1873 1874//1874
f 1873//1873 1875//1875 1876//1876
f 1875//1875 1877//1877 1878//1878
f 1877//1877 1879//1879 1880//1880
f 1879//1879 1881//1881 1882//1882
f 1881//1881 1883//1883 1884//1884
f 1883//1883 1885//1885 1886//1886
f 1885//1885 1887//1887 1888//1888
f 1887//1887 1889//1889 1890//1890
f 1889//1889 961//961 964//964
f 7233//7232 1891//1891 1862//1862
f 1891//1891 1892//1892 1865//1865
f 1892//1892 1893//1893 1867//1867
f 1893//1893 1894//1894 1869//1869
f 1894//1894 1895//1895 1871//1871
f 1895//1895 1896//1896 1873//1873
f 1896//1896 1897//1897 1875//1875
f 1897//1897 1898//1898 1877//1877
f 1898//1898 1899//1899 1879//1879
f 1899//1899 1900//1900 1881//1881
f 1900//1900 1901//1901 1883//1883
f 1901//1901 1902//1902 1885//1885
f 1902//1902 1903//1903 1887//1887
f 1903//1903 1904//1904 1889//1889
f 1904//1904 991//991 961//961
f 1905//1905 1906//1906 1891//1891
f 1906//1906 1907//1907 1892//1892
f 1907//1907 1908//1908 1893//1893
f 1908//1908 1909//1909 1894//1894
f 1909//1909 1910//1910 1895//1895
f 1910//1910 1911//1911 1896//1896
f 1911//1911 1912//1912 1897//1897
f 1912//1912 1913//1913 1898//1898
f 1913//1913 1914//1914 1899//1899
f 1914//1914 1915//1915 1900//1900
f 1915//1915 1916//1916 1901//1901
f 1916//1916 1917//1917 1902//1902
f 1917//1917 1918//1918 1903//1903
f 1918//1918 1919//1919 1904//1904
f 1919//1919 1006//1006 991//991
f 7204//7203 1920//1920 1906//1906
f 1920//1920 1921//1921 1907//1907
f 1921//1921 1922//1922 1908//1908
f 1922//1922 1923//1923 1909//1909
f 1923//1923 1924//1924 1910//1910
f 1924//1924 1925//1925 1911//1911
f 1925//1925 1926//1926 1912//1912
f 1926//1926 1927//1927 1913//1913
f 1927//1927 1928//1928 1914//1914
f 1928//1928 1929//1929 1915//1915
f 1929//1929 1930//1930 1916//1916
f 1930//1930 1931//1931 1917//1917
f 1931//1931 1932//1932 1918//1918
f 1932//1932 1933//1933 1919//1919
f 1933//1933 1021//1021 1006//1006
f 7189//7188 1934//1934 1920//1920
f 1934//1934 1935//1935 1921//1921
f 1935//1935 1936//1936 1922//1922
f 1936//1936 1937//1937 1923//1923
f 1937//1937 1938//1938 1924//1924
f 1938//1938 1939//1939 1925//1925
f 1939//1939 1940//1940 1926//1926
f 1940//1940 1941//1941 1927//1927
f 1941//1941 1942//1942 1928//1928
f 1942//1942 1943//1943 1929//1929
f 1943//1943 1944//1944 1930//1930
f 1944//1944 1945//1945 1931//1931
f 1945//1945 1946//1946 1932//1932
f 1946//1946 1947//1947 1933//1933
f 1947//1947 1036//1036 1021//1021
f 1948//1948 1949//1949 1934//1934
f 1949//1949 1950//1950 1935//1935
f 1950//1950 1951//1951 1936//1936
f 1951//1951 1952//1952 1937//1937
f 1952//1952 1953//1953 1938//1938
f 1953//1953 1954//1954 1939//1939
f 1954//1954 1955//1955 1940//1940
f 1955//1955 1956//1956 1941//1941
f 1956//1956 1957//1957 1942//1942
f 1957//1957 1958//1958 1943//1943
f 1958//1958 1959//1959 1944//1944
f 1959//1959 1960//1960 1945//1945
f 1960//1960 1961//1961 1946//1946
f 1961//1961 1962//1962 1947//1947
f 1962//1962 1051//1051 1036//1036
f 1963//1963 1964//1964 1949//1949
f 1964//1964 1965//1965 1950//1950
f 1965//1965 1966//1966 1951//1951
f 1966//1966 1967//1967 1952//1952
f 1967//1967 1968//1968 1953//1953
f 1968//1968 1969//1969 1954//1954
f 1969//1969 1970//1970 1955//1955
f 1970//1970 1971//1971 1956//1956
f 1971//1971 1972//1972 1957//1957
f 1972//1972 1973//1973 1958//1958
f 1973//1973 1974//1974 1959//1959
f 1974//1974 1975//1975 1960//1960
f 1975//1975 1976//1976 1961//1961
f 1976//1976 1977//1977 1962//1962
f 1977//1977 1066//1066 1051//1051
f 1978//1978 1964//1964 1963//1963
f 1978//1978 1979//1979 1965//1965
f 1980//1980 1966//1966 1965//1965
f 1980//1980 1981//1981 1967//1967
f 1982//1982 1968//1968 1967//1967
f 1983//1983 1969//1969 1968//1968
f 1983//1983 1984//1984 1970//1970
f 1984//1984 1985//1985 1971//1971
f 1986//1986 1972//1972 1971//1971
f 1987//1987 1973//1973 1972//1972
f 1988//1988 1974//1974 1973//1973
f 1989//1989 1975//1975 1974//1974
f 1990//1990 1976//1976 1975//1975
f 1991//1991 1977//1977 1976//1976
f 1081//1081 1066//1066 1977//1977
f 1993//1993 1978//1978 7146//7145
f 1994//1994 1979//1979 1978//1978
f 1995//1995 1980//1980 1979//1979
f 1996//1996 1981//1981 1980//1980
f 1997//1997 1982//1982 1981//1981
f 1998//1998 1983//1983 1982//1982
f 1999//1999 1984//1984 1983//1983
f 2000//2000 1985//1985 1984//1984
f 2001//2001 1986//1986 1985//1985
f 2002//2002 1987//1987 1986//1986
f 2003//2003 1988//1988 1987//1987
f 2004//2004 1989//1989 1988//1988
f 2005//2005 1990//1990 1989//1989
f 2006//2006 1991//1991 1990//1990
f 1096//1096 1081//1081 1991//1991
f 2007//2007 1993//1993 1992//1992
f 2008//2008 1994//1994 1993//1993
f 2009//2009 1995//1995 1994//1994
f 2010//2010 1996//1996 1995//1995
f 2011//2011 1997//1997 1996//1996
f 2012//2012 1998//1998 1997//1997
f 2013//2013 1999//1999 1998//1998
f 2014//2014 2000//2000 1999//1999
f 2015//2015 2001//2001 2000//2000
f 2016//2016 2002//2002 2001//2001
f 2017//2017 2003//2003 2002//2002
f 2018//2018 2004//2004 2003//2003
f 2019//2019 2005//2005 2004//2004
f 2020//2020 2006//2006 2005//2005
f 1111//1111 1096//1096 2006//2006
f 2022//2022 2007//2007 7117//7116
f 2023//2023 2008//2008 2007//2007
f 2024//2024 2009//2009 2008//2008
f 2025//2025 2010//2010 2009//2009
f 2026//2026 2011//2011 2010//2010
f 2027//2027 2012//2012 2011//2011
f 2028//2028 2013//2013 2012//2012
f 2029//2029 2014//2014 2013//2013
f 2030//2030 2015//2015 2014//2014
f 2031//2031 2016//2016 2015//2015
f 2032//2032 2017//2017 2016//2016
f 2033//2033 2018//2018 2017//2017
f 2034//2034 2019//2019 2018//2018
f 2035//2035 2020//2020 2019//2019
f 1126//1126 1111//1111 2020//2020
f 2036//2036 2022//2022 2021//2021
f 2037//2037 2023//2023 2022//2022
f 2038//2038 2024//2024 2023//2023
f 2039//2039 2025//2025 2024//2024
f 2040//2040 2026//2026 2025//2025
f 2041//2041 2027//2027 2026//2026
f 2042//2042 2028//2028 2027//2027
f 2043//2043 2029//2029 2028//2028
f 2044//2044 2030//2030 2029//2029
f 2045//2045 2031//2031 2030//2030
f 2046//2046 2032//2032 2031//2031
f 2047//2047 2033//2033 2032//2032
f 2048//2048 2034//2034 2033//2033
f 2049//2049 2035//2035 2034//2034
f 1141//1141 1126//1126 2035//2035
f 2050//2050 2036//2036 7088//7087
f 2051//2051 2037//2037 2036//2036
f 2052//2052 2038//2038 2037//2037
f 2053//2053 2039//2039 2038//2038
f 2054//2054 2040//2040 2039//2039
f 2055//2055 2041//2041 2040//2040
f 2056//2056 2042//2042 2041//2041
f 2057//2057 2043//2043 2042//2042
f 2058//2058 2044//2044 2043//2043
f 2059//2059 2045//2045 2044//2044
f 2060//2060 2046//2046 2045//2045
f 2061//2061 2047//2047 2046//2046
f 2062//2062 2048//2048 2047//2047
f 2063//2063 2049//2049 2048//2048
f 1156//1156 1141//1141 2049//2049
f 2065//2065 2050//2050 7073//7072
f 2066//2066 2051//2051 2050//2050
f 2067//2067 2052//2052 2051//2051
f 2068//2068 2053//2053 2052//2052
f 2069//2069 2054//2054 2053//2053
f 2070//2070 2055//2055 2054//2054
f 2071//2071 2056//2056 2055//2055
f 2072//2072 2057//2057 2056//2056
f 2073//2073 2058//2058 2057//2057
f 2074//2074 2059//2059 2058//2058
f 2075//2075 2060//2060 2059//2059
f 2076//2076 2061//2061 2060//2060
f 2077//2077 2062//2062 2061//2061
f 2078//2078 2063//2063 2062//2062
f 1171//1171 1156//1156 2063//2063
f 2080//2080 2065//2065 2064//2064
f 2081//2081 2066//2066 2065//2065
f 2082//2082 2067//2067 2066//2066
f 2083//2083 2068//2068 2067//2067
f 2084//2084 2069//2069 2068//2068
f 2085//2085 2070//2070 2069//2069
f 2086//2086 2071//2071 2070//2070
f 2087//2087 2072//2072 2071//2071
f 2088//2088 2073//2073 2072//2072
f 2089//2089 2074//2074 2073//2073
f 2090//2090 2075//2075 2074//2074
f 2091//2091 2076//2076 2075//2075
f 2092//2092 2077//2077 2076//2076
f 2093//2093 2078//2078 2077//2077
f 1186//1186 1171//1171 2078//2078
f 2094//2094 2095//2095 2096//2096
f 2095//2095 2098//2098 2099//2099
f 2098//2098 2100//2100 2101//2101
f 2100//2100 2102//2102 2103//2103
f 2102//2102 2104//2104 2105//2105
f 2104//2104 2106//2106 2107//2107
f 2106//2106 2108//2108 2109//2109
f 2108//2108 2110//2110 2111//2111
f 2110//2110 2112//2112 2113//2113
f 2112//2112 2114//2114 2115//2115
f 2114//2114 2116//2116 2117//2117
f 2116//2116 2118//2118 2119//2119
f 2118//2118 2120//2120 2121//2121
f 2120//2120 2122//2122 2123//2123
f 2122//2122 1201//1201 1204//1204
f 7030//7029 2124//2124 2095//2095
f 2124//2124 2125//2125 2098//2098
f 2125//2125 2126//2126 2100//2100
f 2126//2126 2127//2127 2102//2102
f 2127//2127 2128//2128 2104//2104
f 2128//2128 2129//2129 2106//2106
f 2129//2129 2130//2130 2108//2108
f 2130//2130 2131//2131 2110//2110
f 2131//2131 2132//2132 2112//2112
f 2132//2132 2133//2133 2114//2114
f 2133//2133 2134//2134 2116//2116
f 2134//2134 2135//2135 2118//2118
f 2135//2135 2136//2136 2120//2120
f 2136//2136 2137//2137 2122//2122
f 2137//2137 1231//1231 1201//1201
f 2138//2138 2139//2139 2124//2124
f 2139//2139 2140//2140 2125//2125
f 2140//2140 2141//2141 2126//2126
f 2141//2141 2142//2142 2127//2127
f 2142//2142 2143//2143 2128//2128
f 2143//2143 2144//2144 2129//2129
f 2144//2144 2145//2145 2130//2130
f 2145//2145 2146//2146 2131//2131
f 2146//2146 2147//2147 2132//2132
f 2147//2147 2148//2148 2133//2133
f 2148//2148 2149//2149 2134//2134
f 2149//2149 2150//2150 2135//2135
f 2150//2150 2151//2151 2136//2136
f 2151//2151 2152//2152 2137//2137
f 2152//2152 1246//1246 1231//1231
f 7001//7000 2153//2153 2139//2139
f 2153//2153 2154//2154 2140//2140
f 2154//2154 2155//2155 2141//2141
f 2155//2155 2156//2156 2142//2142
f 2156//2156 2157//2157 2143//2143
f 2157//2157 2158//2158 2144//2144
f 2158//2158 2159//2159 2145//2145
f 2159//2159 2160//2160 2146//2146
f 2160//2160 2161//2161 2147//2147
f 2161//2161 2162//2162 2148//2148
f 2162//2162 2163//2163 2149//2149
f 2163//2163 2164//2164 2150//2150
f 2164//2164 2165//2165 2151//2151
f 2165//2165 2166//2166 2152//2152
f 2166//2166 1261//1261 1246//1246
f 6986//6985 2167//2167 2153//2153
f 2167//2167 2168//2168 2154//2154
f 2168//2168 2169//2169 2155//2155
f 2169//2169 2170//2170 2156//2156
f 2170//2170 2171//2171 2157//2157
f 2171//2171 2172//2172 2158//2158
f 2172//2172 2173//2173 2159//2159
f 2173//2173 2174//2174 2160//2160
f 2174//2174 2175//2175 2161//2161
f 2175//2175 2176//2176 2162//2162
f 2176//2176 2177//2177 2163//2163
f 2177//2177 2178//2178 2164//2164
f 2178//2178 2179//2179 2165//2165
f 2179//2179 2180//2180 2166//2166
f 2180//2180 1276//1276 1261//1261
f 2181//2181 2182//2182 2167//2167
f 2182//2182 2183//2183 2168//2168
f 2183//2183 2184//2184 2169//2169
f 2184//2184 2185//2185 2170//2170
f 2185//2185 2186//2186 2171//2171
f 2186//2186 2187//2187 2172//2172
f 2187//2187 2188//2188 2173//2173
f 2188//2188 2189//2189 2174//2174
f 2189//2189 2190//2190 2175//2175
f 2190//2190 2191//2191 2176//2176
f 2191//2191 2192//2192 2177//2177
f 2192//2192 2193//2193 2178//2178
f 2193//2193 2194//2194 2179//2179
f 2194//2194 2195//2195 2180//2180
f 2195//2195 1291//1291 1276//1276
f 2196//2196 2197//2197 2182//2182
f 2197//2197 2198//2198 2183//2183
f 2198//2198 2199//2199 2184//2184
f 2199//2199 2200//2200 2185//2185
f 2200//2200 2201//2201 2186//2186
f 2201//2201 2202//2202 2187//2187
f 2202//2202 2203//2203 2188//2188
f 2203//2203 2204//2204 2189//2189
f 2204//2204 2205//2205 2190//2190
f 2205//2205 2206//2206 2191//2191
f 2206//2206 2207//2207 2192//2192
f 2207//2207 2208//2208 2193//2193
f 2208//2208 2209//2209 2194//2194
f 2209//2209 2210//2210 2195//2195
f 2210//2210 1306//1306 1291//1291
f 2211//2211 2197//2197 2196//2196
f 2211//2211 2212//2212 2198//2198
f 2213//2213 2199//2199 2198//2198
f 2214//2214 2200//2200 2199//2199
f 2215//2215 2201//2201 2200//2200
f 2216//2216 2202//2202 2201//2201
f 2216//2216 2217//2217 2203//2203
f 2218//2218 2204//2204 2203//2203
f 2218//2218 2219//2219 2205//2205
f 2220//2220 2206//2206 2205//2205
f 2220//2220 2221//2221 2207//2207
f 2222//2222 2208//2208 2207//2207
f 2222//2222 2223//2223 2209//2209
f 2224//2224 2210//2210 2209//2209
f 2224//2224 1321//1321 1306//1306
f 2226//2226 2211//2211 6943//6942
f 2227//2227 2212//2212 2211//2211
f 2228//2228 2213//2213 2212//2212
f 2229//2229 2214//2214 2213//2213
f 2230//2230 2215//2215 2214//2214
f 2231//2231 2216//2216 2215//2215
f 2232//2232 2217//2217 2216//2216
f 2233//2233 2218//2218 2217//2217
f 2234//2234 2219//2219 2218//2218
f 2235//2235 2220//2220 2219//2219
f 2236//2236 2221//2221 2220//2220
f 2237//2237 2222//2222 2221//2221
f 2238//2238 2223//2223 2222//2222
f 2239//2239 2224//2224 2223//2223
f 1336//1336 1321//1321 2224//2224
f 2241//2241 2226//2226 2225//2225
f 2242//2242 2227//2227 2226//2226
f 2243//2243 2228//2228 2227//2227
f 2244//2244 2229//2229 2228//2228
f 2245//2245 2230//2230 2229//2229
f 2246//2246 2231//2231 2230//2230
f 2247//2247 2232//2232 2231//2231
f 2248//2248 2233//2233 2232//2232
f 2249//2249 2234//2234 2233//2233
f 2250//2250 2235//2235 2234//2234
f 2251//2251 2236//2236 2235//2235
f 2252//2252 2237//2237 2236//2236
f 2253//2253 2238//2238 2237//2237
f 2254//2254 2239//2239 2238//2238
f 1351//1351 1336//1336 2239//2239
f 2256//2256 2241//2241 2240//2240
f 2257//2257 2242//2242 2241//2241
f 2258//2258 2243//2243 2242//2242
f 2259//2259 2244//2244 2243//2243
f 2260//2260 2245//2245 2244//2244
f 2261//2261 2246//2246 2245//2245
f 2262//2262 2247//2247 2246//2246
f 2263//2263 2248//2248 2247//2247
f 2264//2264 2249//2249 2248//2248
f 2265//2265 2250//2250 2249//2249
f 2266//2266 2251//2251 2250//2250
f 2267//2267 2252//2252 2251//2251
f 2268//2268 2253//2253 2252//2252
f 2269//2269 2254//2254 2253//2253
f 1366//1366 1351//1351 2254//2254
f 2270//2270 2256//2256 2255//2255
f 2271//2271 2257//2257 2256//2256
f 2272//2272 2258//2258 2257//2257
f 2273//2273 2259//2259 2258//2258
f 2274//2274 2260//2260 2259//2259
f 2275//2275 2261//2261 2260//2260
f 2276//2276 2262//2262 2261//2261
f 2277//2277 2263//2263 2262//2262
f 2278//2278 2264//2264 2263//2263
f 2279//2279 2265//2265 2264//2264
f 2280//2280 2266//2266 2265//2265
f 2281//2281 2267//2267 2266//2266
f 2282//2282 2268//2268 2267//2267
f 2283//2283 2269//2269 2268//2268
f 1381//1381 1366//1366 2269//2269
f 2285//2285 2270//2270 6886//6885
f 2286//2286 2271//2271 2270//2270
f 2287//2287 2272//2272 2271//2271
f 2288//2288 2273//2273 2272//2272
f 2289//2289 2274//2274 2273//2273
f 2290//2290 2275//2275 2274//2274
f 2291//2291 2276//2276 2275//2275
f 2292//2292 2277//2277 2276//2276
f 2293//2293 2278//2278 2277//2277
f 2294//2294 2279//2279 2278//2278
f 2295//2295 2280//2280 2279//2279
f 2296//2296 2281//2281 2280//2280
f 2297//2297 2282//2282 2281//2281
f 2298//2298 2283//2283 2282//2282
f 1396//1396 1381//1381 2283//2283
f 2300//2300 2285//2285 2284//2284
f 2301//2301 2286//2286 2285//2285
f 2302//2302 2287//2287 2286//2286
f 2303//2303 2288//2288 2287//2287
f 2304//2304 2289//2289 2288//2288
f 2305//2305 2290//2290 2289//2289
f 2306//2306 2291//2291 2290//2290
f 2307//2307 2292//2292 2291//2291
f 2308//2308 2293//2293 2292//2292
f 2309//2309 2294//2294 2293//2293
f 2310//2310 2295//2295 2294//2294
f 2311//2311 2296//2296 2295//2295
f 2312//2312 2297//2297 2296//2296
f 2313//2313 2298//2298 2297//2297
f 1411//1411 1396//1396 2298//2298
f 1863//1863 2300//2300 2299//2299
f 1866//1866 2301//2301 2300//2300
f 1868//1868 2302//2302 2301//2301
f 1870//1870 2303//2303 2302//2302
f 1872//1872 2304//2304 2303//2303
f 1874//1874 2305//2305 2304//2304
f 1876//1876 2306//2306 2305//2305
f 1878//1878 2307//2307 2306//2306
f 1880//1880 2308//2308 2307//2307
f 1882//1882 2309//2309 2308//2308
f 1884//1884 2310//2310 2309//2309
f 1886//1886 2311//2311 2310//2310
f 1888//1888 2312//2312 2311//2311
f 1890//1890 2313//2313 2312//2312
f 964//964 1411//1411 2313//2313
f 2314//2314 2315//2315 2316//2316
f 2315//2315 2318//2318 2319//2319
f 2318//2318 2320//2320 2321//2321
f 2320//2320 2322//2322 2323//2323
f 2322//2322 2324//2324 2325//2325
f 2324//2324 2326//2326 2327//2327
f 2326//2326 2328//2328 2329//2329
f 2328//2328 2330//2330 2331//2331
f 2330//2330 2332//2332 2333//2333
f 2332//2332 2334//2334 2335//2335
f 2334//2334 2336//2336 2337//2337
f 2336//2336 2338//2338 2339//2339
f 2338//2338 2340//2340 2341//2341
f 2340//2340 2342//2342 2343//2343
f 2342//2342 1426//1426 1429//1429
f 2344//2344 2345//2345 2315//2315
f 2345//2345 2346//2346 2318//2318
f 2346//2346 2347//2347 2320//2320
f 2347//2347 2348//2348 2322//2322
f 2348//2348 2349//2349 2324//2324
f 2349//2349 2350//2350 2326//2326
f 2350//2350 2351//2351 2328//2328
f 2351//2351 2352//2352 2330//2330
f 2352//2352 2353//2353 2332//2332
f 2353//2353 2354//2354 2334//2334
f 2354//2354 2355//2355 2336//2336
f 2355//2355 2356//2356 2338//2338
f 2356//2356 2357//2357 2340//2340
f 2357//2357 2358//2358 2342//2342
f 2358//2358 1456//1456 1426//1426
f 6801//6800 2359//2359 2345//2345
f 2359//2359 2360//2360 2346//2346
f 2360//2360 2361//2361 2347//2347
f 2361//2361 2362//2362 2348//2348
f 2362//2362 2363//2363 2349//2349
f 2363//2363 2364//2364 2350//2350
f 2364//2364 2365//2365 2351//2351
f 2365//2365 2366//2366 2352//2352
f 2366//2366 2367//2367 2353//2353
f 2367//2367 2368//2368 2354//2354
f 2368//2368 2369//2369 2355//2355
f 2369//2369 2370//2370 2356//2356
f 2370//2370 2371//2371 2357//2357
f 2371//2371 2372//2372 2358//2358
f 2372//2372 1471//1471 1456//1456
f 6786//6785 2373//2373 2359//2359
f 2373//2373 2374//2374 2360//2360
f 2374//2374 2375//2375 2361//2361
f 2375//2375 2376//2376 2362//2362
f 2376//2376 2377//2377 2363//2363
f 2377//2377 2378//2378 2364//2364
f 2378//2378 2379//2379 2365//2365
f 2379//2379 2380//2380 2366//2366
f 2380//2380 2381//2381 2367//2367
f 2381//2381 2382//2382 2368//2368
f 2382//2382 2383//2383 2369//2369
f 2383//2383 2384//2384 2370//2370
f 2384//2384 2385//2385 2371//2371
f 2385//2385 2386//2386 2372//2372
f 2386//2386 1486//1486 1471//1471
f 2387//2387 2388//2388 2373//2373
f 2388//2388 2389//2389 2374//2374
f 2389//2389 2390//2390 2375//2375
f 2390//2390 2391//2391 2376//2376
f 2391//2391 2392//2392 2377//2377
f 2392//2392 2393//2393 2378//2378
f 2393//2393 2394//2394 2379//2379
f 2394//2394 2395//2395 2380//2380
f 2395//2395 2396//2396 2381//2381
f 2396//2396 2397//2397 2382//2382
f 2397//2397 2398//2398 2383//2383
f 2398//2398 2399//2399 2384//2384
f 2399//2399 2400//2400 2385//2385
f 2400//2400 2401//2401 2386//2386
f 2401//2401 1501//1501 1486//1486
f 2402//2402 2403//2403 2388//2388
f 2403//2403 2404//2404 2389//2389
f 2404//2404 2405//2405 2390//2390
f 2405//2405 2406//2406 2391//2391
f 2406//2406 2407//2407 2392//2392
f 2407//2407 2408//2408 2393//2393
f 2408//2408 2409//2409 2394//2394
f 2409//2409 2410//2410 2395//2395
f 2410//2410 2411//2411 2396//2396
f 2411//2411 2412//2412 2397//2397
f 2412//2412 2413//2413 2398//2398
f 2413//2413 2414//2414 2399//2399
f 2414//2414 2415//2415 2400//2400
f 2415//2415 2416//2416 2401//2401
f 2416//2416 1516//1516 1501//1501
f 2417//2417 2418//2418 2403//2403
f 2418//2418 2419//2419 2404//2404
f 2419//2419 2420//2420 2405//2405
f 2420//2420 2421//2421 2406//2406
f 2421//2421 2422//2422 2407//2407
f 2422//2422 2423//2423 2408//2408
f 2423//2423 2424//2424 2409//2409
f 2424//2424 2425//2425 2410//2410
f 2425//2425 2426//2426 2411//2411
f 2426//2426 2427//2427 2412//2412
f 2427//2427 2428//2428 2413//2413
f 2428//2428 2429//2429 2414//2414
f 2429//2429 2430//2430 2415//2415
f 2430//2430 2431//2431 2416//2416
f 2431//2431 1531//1531 1516//1516
f 2432//2432 2418//2418 2417//2417
f 2432//2432 2433//2433 2419//2419
f 2434//2434 2420//2420 2419//2419
f 2435//2435 2421//2421 2420//2420
f 2436//2436 2422//2422 2421//2421
f 2437//2437 2423//2423 2422//2422
f 2437//2437 2438//2438 2424//2424
f 2438//2438 2439//2439 2425//2425
f 2440//2440 2426//2426 2425//2425
f 2441//2441 2427//2427 2426//2426
f 2442//2442 2428//2428 2427//2427
f 2442//2442 2443//2443 2429//2429
f 2444//2444 2430//2430 2429//2429
f 2445//2445 2431//2431 2430//2430
f 1546//1546 1531//1531 2431//2431
f 2447//2447 2432//2432 6729//6728
f 2448//2448 2433//2433 2432//2432
f 2449//2449 2434//2434 2433//2433
f 2450//2450 2435//2435 2434//2434
f 2451//2451 2436//2436 2435//2435
f 2452//2452 2437//2437 2436//2436
f 2453//2453 2438//2438 2437//2437
f 2454//2454 2439//2439 2438//2438
f 2455//2455 2440//2440 2439//2439
f 2456//2456 2441//2441 2440//2440
f 2457//2457 2442//2442 2441//2441
f 2458//2458 2443//2443 2442//2442
f 2459//2459 2444//2444 2443//2443
f 2460//2460 2445//2445 2444//2444
f 1561//1561 1546//1546 2445//2445
f 2461//2461 2447//2447 2446//2446
f 2462//2462 2448//2448 2447//2447
f 2463//2463 2449//2449 2448//2448
f 2464//2464 2450//2450 2449//2449
f 2465//2465 2451//2451 2450//2450
f 2466//2466 2452//2452 2451//2451
f 2467//2467 2453//2453 2452//2452
f 2468//2468 2454//2454 2453//2453
f 2469//2469 2455//2455 2454//2454
f 2470//2470 2456//2456 2455//2455
f 2471//2471 2457//2457 2456//2456
f 2472//2472 2458//2458 2457//2457
f 2473//2473 2459//2459 2458//2458
f 2474//2474 2460//2460 2459//2459
f 1576//1576 1561//1561 2460//2460
f 2475//2475 2461//2461 6700//6699
f 2476//2476 2462//2462 2461//2461
f 2477//2477 2463//2463 2462//2462
f 2478//2478 2464//2464 2463//2463
f 2479//2479 2465//2465 2464//2464
f 2480//2480 2466//2466 2465//2465
f 2481//2481 2467//2467 2466//2466
f 2482//2482 2468//2468 2467//2467
f 2483//2483 2469//2469 2468//2468
f 2484//2484 2470//2470 2469//2469
f 2485//2485 2471//2471 2470//2470
f 2486//2486 2472//2472 2471//2471
f 2487//2487 2473//2473 2472//2472
f 2488//2488 2474//2474 2473//2473
f 1591//1591 1576//1576 2474//2474
f 2490//2490 2475//2475 6685//6684
f 2491//2491 2476//2476 2475//2475
f 2492//2492 2477//2477 2476//2476
f 2493//2493 2478//2478 2477//2477
f 2494//2494 2479//2479 2478//2478
f 2495//2495 2480//2480 2479//2479
f 2496//2496 2481//2481 2480//2480
f 2497//2497 2482//2482 2481//2481
f 2498//2498 2483//2483 2482//2482
f 2499//2499 2484//2484 2483//2483
f 2500//2500 2485//2485 2484//2484
f 2501//2501 2486//2486 2485//2485
f 2502//2502 2487//2487 2486//2486
f 2503//2503 2488//2488 2487//2487
f 1606//1606 1591//1591 2488//2488
f 2505//2505 2490//2490 2489//2489
f 2506//2506 2491//2491 2490//2490
f 2507//2507 2492//2492 2491//2491
f 2508//2508 2493//2493 2492//2492
f 2509//2509 2494//2494 2493//2493
f 2510//2510 2495//2495 2494//2494
f 2511//2511 2496//2496 2495//2495
f 2512//2512 2497//2497 2496//2496
f 2513//2513 2498//2498 2497//2497
f 2514//2514 2499//2499 2498//2498
f 2515//2515 2500//2500 2499//2499
f 2516//2516 2501//2501 2500//2500
f 2517//2517 2502//2502 2501//2501
f 2518//2518 2503//2503 2502//2502
f 1621//1621 1606//1606 2503//2503
f 2520//2520 2505//2505 2504//2504
f 2521//2521 2506//2506 2505//2505
f 2522//2522 2507//2507 2506//2506
f 2523//2523 2508//2508 2507//2507
f 2524//2524 2509//2509 2508//2508
f 2525//2525 2510//2510 2509//2509
f 2526//2526 2511//2511 2510//2510
f 2527//2527 2512//2512 2511//2511
f 2528//2528 2513//2513 2512//2512
f 2529//2529 2514//2514 2513//2513
f 2530//2530 2515//2515 2514//2514
f 2531//2531 2516//2516 2515//2515
f 2532//2532 2517//2517 2516//2516
f 2533//2533 2518//2518 2517//2517
f 1636//1636 1621//1621 2518//2518
f 2096//2096 2520//2520 2519//2519
f 2099//2099 2521//2521 2520//2520
f 2101//2101 2522//2522 2521//2521
f 2103//2103 2523//2523 2522//2522
f 2105//2105 2524//2524 2523//2523
f 2107//2107 2525//2525 2524//2524
f 2109//2109 2526//2526 2525//2525
f 2111//2111 2527//2527 2526//2526
f 2113//2113 2528//2528 2527//2527
f 2115//2115 2529//2529 2528//2528
f 2117//2117 2530//2530 2529//2529
f 2119//2119 2531//2531 2530//2530
f 2121//2121 2532//2532 2531//2531
f 2123//2123 2533//2533 2532//2532
f 1204//1204 1636//1636 2533//2533
f 2534//2534 2535//2535 2080//2080
f 2535//2535 2536//2536 2081//2081
f 2536//2536 2537//2537 2082//2082
f 2537//2537 2538//2538 2083//2083
f 2538//2538 2539//2539 2084//2084
f 2539//2539 2540//2540 2085//2085
f 2540//2540 2541//2541 2086//2086
f 2541//2541 2542//2542 2087//2087
f 2542//2542 2543//2543 2088//2088
f 2543//2543 2544//2544 2089//2089
f 2544//2544 2545//2545 2090//2090
f 2545//2545 2546//2546 2091//2091
f 2546//2546 2547//2547 2092//2092
f 2547//2547 2548//2548 2093//2093
f 2548//2548 1651//1651 1186//1186
f 6586//6585 2549//2549 2535//2535
f 2549//2549 2550//2550 2536//2536
f 2550//2550 2551//2551 2537//2537
f 2551//2551 2552//2552 2538//2538
f 2552//2552 2553//2553 2539//2539
f 2553//2553 2554//2554 2540//2540
f 2554//2554 2555//2555 2541//2541
f 2555//2555 2556//2556 2542//2542
f 2556//2556 2557//2557 2543//2543
f 2557//2557 2558//2558 2544//2544
f 2558//2558 2559//2559 2545//2545
f 2559//2559 2560//2560 2546//2546
f 2560//2560 2561//2561 2547//2547
f 2561//2561 2562//2562 2548//2548
f 2562//2562 1666//1666 1651//1651
f 2563//2563 2564//2564 2549//2549
f 2564//2564 2565//2565 2550//2550
f 2565//2565 2566//2566 2551//2551
f 2566//2566 2567//2567 2552//2552
f 2567//2567 2568//2568 2553//2553
f 2568//2568 2569//2569 2554//2554
f 2569//2569 2570//2570 2555//2555
f 2570//2570 2571//2571 2556//2556
f 2571//2571 2572//2572 2557//2557
f 2572//2572 2573//2573 2558//2558
f 2573//2573 2574//2574 2559//2559
f 2574//2574 2575//2575 2560//2560
f 2575//2575 2576//2576 2561//2561
f 2576//2576 2577//2577 2562//2562
f 2577//2577 1681//1681 1666//1666
f 6557//6556 2578//2578 2564//2564
f 2578//2578 2579//2579 2565//2565
f 2579//2579 2580//2580 2566//2566
f 2580//2580 2581//2581 2567//2567
f 2581//2581 2582//2582 2568//2568
f 2582//2582 2583//2583 2569//2569
f 2583//2583 2584//2584 2570//2570
f 2584//2584 2585//2585 2571//2571
f 2585//2585 2586//2586 2572//2572
f 2586//2586 2587//2587 2573//2573
f 2587//2587 2588//2588 2574//2574
f 2588//2588 2589//2589 2575//2575
f 2589//2589 2590//2590 2576//2576
f 2590//2590 2591//2591 2577//2577
f 2591//2591 1696//1696 1681//1681
f 2592//2592 2593//2593 2578//2578
f 2593//2593 2594//2594 2579//2579
f 2594//2594 2595//2595 2580//2580
f 2595//2595 2596//2596 2581//2581
f 2596//2596 2597//2597 2582//2582
f 2597//2597 2598//2598 2583//2583
f 2598//2598 2599//2599 2584//2584
f 2599//2599 2600//2600 2585//2585
f 2600//2600 2601//2601 2586//2586
f 2601//2601 2602//2602 2587//2587
f 2602//2602 2603//2603 2588//2588
f 2603//2603 2604//2604 2589//2589
f 2604//2604 2605//2605 2590//2590
f 2605//2605 2606//2606 2591//2591
f 2606//2606 1711//1711 1696//1696
f 2607//2607 2608//2608 2593//2593
f 2608//2608 2609//2609 2594//2594
f 2609//2609 2610//2610 2595//2595
f 2610//2610 2611//2611 2596//2596
f 2611//2611 2612//2612 2597//2597
f 2612//2612 2613//2613 2598//2598
f 2613//2613 2614//2614 2599//2599
f 2614//2614 2615//2615 2600//2600
f 2615//2615 2616//2616 2601//2601
f 2616//2616 2617//2617 2602//2602
f 2617//2617 2618//2618 2603//2603
f 2618//2618 2619//2619 2604//2604
f 2619//2619 2620//2620 2605//2605
f 2620//2620 2621//2621 2606//2606
f 2621//2621 1726//1726 1711//1711
f 6514//6513 2622//2622 2608//2608
f 2622//2622 2623//2623 2609//2609
f 2623//2623 2624//2624 2610//2610
f 2624//2624 2625//2625 2611//2611
f 2625//2625 2626//2626 2612//2612
f 2626//2626 2627//2627 2613//2613
f 2627//2627 2628//2628 2614//2614
f 2628//2628 2629//2629 2615//2615
f 2629//2629 2630//2630 2616//2616
f 2630//2630 2631//2631 2617//2617
f 2631//2631 2632//2632 2618//2618
f 2632//2632 2633//2633 2619//2619
f 2633//2633 2634//2634 2620//2620
f 2634//2634 2635//2635 2621//2621
f 2635//2635 1741//1741 1726//1726
f 2637//2637 2622//2622 6514//6513
f 2637//2637 2638//2638 2623//2623
f 2639//2639 2624//2624 2623//2623
f 2640//2640 2625//2625 2624//2624
f 2640//2640 2641//2641 2626//2626
f 2642//2642 2627//2627 2626//2626
f 2642//2642 2643//2643 2628//2628
f 2644//2644 2629//2629 2628//2628
f 2644//2644 2645//2645 2630//2630
f 2646//2646 2631//2631 2630//2630
f 2647//2647 2632//2632 2631//2631
f 2648//2648 2633//2633 2632//2632
f 2649//2649 2634//2634 2633//2633
f 2650//2650 2635//2635 2634//2634
f 2650//2650 1756//1756 1741//1741
f 2652//2652 2637//2637 2636//2636
f 2653//2653 2638//2638 2637//2637
f 2654//2654 2639//2639 2638//2638
f 2655//2655 2640//2640 2639//2639
f 2656//2656 2641//2641 2640//2640
f 2657//2657 2642//2642 2641//2641
f 2658//2658 2643//2643 2642//2642
f 2659//2659 2644//2644 2643//2643
f 2660//2660 2645//2645 2644//2644
f 2661//2661 2646//2646 2645//2645
f 2662//2662 2647//2647 2646//2646
f 2663//2663 2648//2648 2647//2647
f 2664//2664 2649//2649 2648//2648
f 2665//2665 2650//2650 2649//2649
f 1771//1771 1756//1756 2650//2650
f 2667//2667 2652//2652 2651//2651
f 2668//2668 2653//2653 2652//2652
f 2669//2669 2654//2654 2653//2653
f 2670//2670 2655//2655 2654//2654
f 2671//2671 2656//2656 2655//2655
f 2672//2672 2657//2657 2656//2656
f 2673//2673 2658//2658 2657//2657
f 2674//2674 2659//2659 2658//2658
f 2675//2675 2660//2660 2659//2659
f 2676//2676 2661//2661 2660//2660
f 2677//2677 2662//2662 2661//2661
f 2678//2678 2663//2663 2662//2662
f 2679//2679 2664//2664 2663//2663
f 2680//2680 2665//2665 2664//2664
f 1786//1786 1771//1771 2665//2665
f 2682//2682 2667//2667 2666//2666
f 2683//2683 2668//2668 2667//2667
f 2684//2684 2669//2669 2668//2668
f 2685//2685 2670//2670 2669//2669
f 2686//2686 2671//2671 2670//2670
f 2687//2687 2672//2672 2671//2671
f 2688//2688 2673//2673 2672//2672
f 2689//2689 2674//2674 2673//2673
f 2690//2690 2675//2675 2674//2674
f 2691//2691 2676//2676 2675//2675
f 2692//2692 2677//2677 2676//2676
f 2693//2693 2678//2678 2677//2677
f 2694//2694 2679//2679 2678//2678
f 2695//2695 2680//2680 2679//2679
f 1801//1801 1786//1786 2680//2680
f 2697//2697 2682//2682 2681//2681
f 2698//2698 2683//2683 2682//2682
f 2699//2699 2684//2684 2683//2683
f 2700//2700 2685//2685 2684//2684
f 2701//2701 2686//2686 2685//2685
f 2702//2702 2687//2687 2686//2686
f 2703//2703 2688//2688 2687//2687
f 2704//2704 2689//2689 2688//2688
f 2705//2705 2690//2690 2689//2689
f 2706//2706 2691//2691 2690//2690
f 2707//2707 2692//2692 2691//2691
f 2708//2708 2693//2693 2692//2692
f 2709//2709 2694//2694 2693//2693
f 2710//2710 2695//2695 2694//2694
f 1816//1816 1801//1801 2695//2695
f 2712//2712 2697//2697 2696//2696
f 2713//2713 2698//2698 2697//2697
f 2714//2714 2699//2699 2698//2698
f 2715//2715 2700//2700 2699//2699
f 2716//2716 2701//2701 2700//2700
f 2717//2717 2702//2702 2701//2701
f 2718//2718 2703//2703 2702//2702
f 2719//2719 2704//2704 2703//2703
f 2720//2720 2705//2705 2704//2704
f 2721//2721 2706//2706 2705//2705
f 2722//2722 2707//2707 2706//2706
f 2723//2723 2708//2708 2707//2707
f 2724//2724 2709//2709 2708//2708
f 2725//2725 2710//2710 2709//2709
f 1831//1831 1816//1816 2710//2710
f 2727//2727 2712//2712 2711//2711
f 2728//2728 2713//2713 2712//2712
f 2729//2729 2714//2714 2713//2713
f 2730//2730 2715//2715 2714//2714
f 2731//2731 2716//2716 2715//2715
f 2732//2732 2717//2717 2716//2716
f 2733//2733 2718//2718 2717//2717
f 2734//2734 2719//2719 2718//2718
f 2735//2735 2720//2720 2719//2719
f 2736//2736 2721//2721 2720//2720
f 2737//2737 2722//2722 2721//2721
f 2738//2738 2723//2723 2722//2722
f 2739//2739 2724//2724 2723//2723
f 2740//2740 2725//2725 2724//2724
f 1846//1846 1831//1831 2725//2725
f 2316//2316 2727//2727 2726//2726
f 2319//2319 2728//2728 2727//2727
f 2321//2321 2729//2729 2728//2728
f 2323//2323 2730//2730 2729//2729
f 2325//2325 2731//2731 2730//2730
f 2327//2327 2732//2732 2731//2731
f 2329//2329 2733//2733 2732//2732
f 2331//2331 2734//2734 2733//2733
f 2333//2333 2735//2735 2734//2734
f 2335//2335 2736//2736 2735//2735
f 2337//2337 2737//2737 2736//2736
f 2339//2339 2738//2738 2737//2737
f 2341//2341 2739//2739 2738//2738
f 2343//2343 2740//2740 2739//2739
f 1429//1429 1846//1846 2740//2740
f 2741//2741 2742//2742 2743//2743
f 2742//2742 2745//2745 2746//2746
f 2745//2745 2747//2747 2748//2748
f 2747//2747 2749//2749 2750//2750
f 2749//2749 2751//2751 2752//2752
f 2751//2751 2753//2753 2754//2754
f 2753//2753 2755//2755 2756//2756
f 2755//2755 2757//2757 2758//2758
f 2757//2757 2759//2759 2760//2760
f 2759//2759 2761//2761 2762//2762
f 2761//2761 2763//2763 2764//2764
f 2763//2763 2765//2765 2766//2766
f 2765//2765 2767//2767 2768//2768
f 2769//2769 2770//2770 2768//2768
f 2771//2771 2772//2772 2770//2770
f 2773//2773 2774//2774 2742//2742
f 2774//2774 2775//2775 2745//2745
f 2775//2775 2776//2776 2747//2747
f 2776//2776 2777//2777 2749//2749
f 2777//2777 2778//2778 2751//2751
f 2778//2778 2779//2779 2753//2753
f 2779//2779 2780//2780 2755//2755
f 2780//2780 2781//2781 2757//2757
f 2781//2781 2782//2782 2759//2759
f 2782//2782 2783//2783 2761//2761
f 2783//2783 2784//2784 2763//2763
f 2784//2784 2785//2785 2765//2765
f 2785//2785 2786//2786 2767//2767
f 2787//2787 2769//2769 2767//2767
f 2788//2788 2771//2771 2769//2769
f 2789//2789 2790//2790 2774//2774
f 2790//2790 2791//2791 2775//2775
f 2791//2791 2792//2792 2776//2776
f 2792//2792 2793//2793 2777//2777
f 2793//2793 2794//2794 2778//2778
f 2794//2794 2795//2795 2779//2779
f 2795//2795 2796//2796 2780//2780
f 2796//2796 2797//2797 2781//2781
f 2797//2797 2798//2798 2782//2782
f 2798//2798 2799//2799 2783//2783
f 2799//2799 2800//2800 2784//2784
f 2800//2800 2801//2801 2785//2785
f 2801//2801 2802//2802 2786//2786
f 2803//2803 2787//2787 2786//2786
f 2804//2804 2788//2788 2787//2787
f 2805//2805 2806//2806 2790//2790
f 2806//2806 2807//2807 2791//2791
f 2807//2807 2808//2808 2792//2792
f 2808//2808 2809//2809 2793//2793
f 2809//2809 2810//2810 2794//2794
f 2810//2810 2811//2811 2795//2795
f 2811//2811 2812//2812 2796//2796
f 2812//2812 2813//2813 2797//2797
f 2813//2813 2814//2814 2798//2798
f 2814//2814 2815//2815 2799//2799
f 2815//2815 2816//2816 2800//2800
f 2816//2816 2817//2817 2801//2801
f 2817//2817 2818//2818 2802//2802
f 2819//2819 2803//2803 2802//2802
f 2820//2820 2804//2804 2803//2803
f 2821//2821 2822//2822 2806//2806
f 2822//2822 2823//2823 2807//2807
f 2823//2823 2824//2824 2808//2808
f 2824//2824 2825//2825 2809//2809
f 2825//2825 2826//2826 2810//2810
f 2826//2826 2827//2827 2811//2811
f 2827//2827 2828//2828 2812//2812
f 2828//2828 2829//2829 2813//2813
f 2829//2829 2830//2830 2814//2814
f 2830//2830 2831//2831 2815//2815
f 2831//2831 2832//2832 2816//2816
f 2832//2832 2833//2833 2817//2817
f 2833//2833 2834//2834 2818//2818
f 2835//2835 2819//2819 2818//2818
f 2836//2836 2820//2820 2819//2819
f 2837//2837 2838//2838 2822//2822
f 2838//2838 2839//2839 2823//2823
f 2839//2839 2840//2840 2824//2824
f 2840//2840 2841//2841 2825//2825
f 2841//2841 2842//2842 2826//2826
f 2842//2842 2843//2843 2827//2827
f 2843//2843 2844//2844 2828//2828
f 2844//2844 2845//2845 2829//2829
f 2845//2845 2846//2846 2830//2830
f 2846//2846 2847//2847 2831//2831
f 2847//2847 2848//2848 2832//2832
f 2848//2848 2849//2849 2833//2833
f 2849//2849 2850//2850 2834//2834
f 2851//2851 2835//2835 2834//2834
f 2852//2852 2836//2836 2835//2835
f 2853//2853 2854//2854 2838//2838
f 2854//2854 2855//2855 2839//2839
f 2855//2855 2856//2856 2840//2840
f 2856//2856 2857//2857 2841//2841
f 2857//2857 2858//2858 2842//2842
f 2858//2858 2859//2859 2843//2843
f 2859//2859 2860//2860 2844//2844
f 2860//2860 2861//2861 2845//2845
f 2861//2861 2862//2862 2846//2846
f 2862//2862 2863//2863 2847//2847
f 2863//2863 2864//2864 2848//2848
f 2864//2864 2865//2865 2849//2849
f 2865//2865 2866//2866 2850//2850
f 2867//2867 2851//2851 2850//2850
f 2868//2868 2852//2852 2851//2851
f 2869//2869 2870//2870 2854//2854
f 2870//2870 2871//2871 2855//2855
f 2871//2871 2872//2872 2856//2856
f 2872//2872 2873//2873 2857//2857
f 2873//2873 2874//2874 2858//2858
f 2874//2874 2875//2875 2859//2859
f 2875//2875 2876//2876 2860//2860
f 2876//2876 2877//2877 2861//2861
f 2877//2877 2878//2878 2862//2862
f 2878//2878 2879//2879 2863//2863
f 2879//2879 2880//2880 2864//2864
f 2880//2880 2881//2881 2865//2865
f 2881//2881 2882//2882 2866//2866
f 2883//2883 2867//2867 2866//2866
f 2884//2884 2868//2868 2867//2867
f 2885//2885 2886//2886 2870//2870
f 2886//2886 2887//2887 2871//2871
f 2887//2887 2888//2888 2872//2872
f 2888//2888 2889//2889 2873//2873
f 2889//2889 2890//2890 2874//2874
f 2890//2890 2891//2891 2875//2875
f 2891//2891 2892//2892 2876//2876
f 2892//2892 2893//2893 2877//2877
f 2893//2893 2894//2894 2878//2878
f 2894//2894 2895//2895 2879//2879
f 2895//2895 2896//2896 2880//2880
f 2896//2896 2897//2897 2881//2881
f 2897//2897 2898//2898 2882//2882
f 2899//2899 2883//2883 2882//2882
f 2900//2900 2884//2884 2883//2883
f 2901//2901 2902//2902 2886//2886
f 2902//2902 2903//2903 2887//2887
f 2903//2903 2904//2904 2888//2888
f 2904//2904 2905//2905 2889//2889
f 2905//2905 2906//2906 2890//2890
f 2906//2906 2907//2907 2891//2891
f 2907//2907 2908//2908 2892//2892
f 2908//2908 2909//2909 2893//2893
f 2909//2909 2910//2910 2894//2894
f 2910//2910 2911//2911 2895//2895
f 2911//2911 2912//2912 2896//2896
f 2912//2912 2913//2913 2897//2897
f 2913//2913 2914//2914 2898//2898
f 2915//2915 2899//2899 2898//2898
f 2916//2916 2900//2900 2899//2899
f 2917//2917 2918//2918 2902//2902
f 2918//2918 2919//2919 2903//2903
f 2919//2919 2920//2920 2904//2904
f 2920//2920 2921//2921 2905//2905
f 2921//2921 2922//2922 2906//2906
f 2922//2922 2923//2923 2907//2907
f 2923//2923 2924//2924 2908//2908
f 2924//2924 2925//2925 2909//2909
f 2925//2925 2926//2926 2910//2910
f 2926//2926 2927//2927 2911//2911
f 2927//2927 2928//2928 2912//2912
f 2928//2928 2929//2929 2913//2913
f 2929//2929 2930//2930 2914//2914
f 2931//2931 2915//2915 2914//2914
f 2932//2932 2916//2916 2915//2915
f 2933//2933 2934//2934 2918//2918
f 2934//2934 2935//2935 2919//2919
f 2935//2935 2936//2936 2920//2920
f 2936//2936 2937//2937 2921//2921
f 2937//2937 2938//2938 2922//2922
f 2938//2938 2939//2939 2923//2923
f 2939//2939 2940//2940 2924//2924
f 2940//2940 2941//2941 2925//2925
f 2941//2941 2942//2942 2926//2926
f 2942//2942 2943//2943 2927//2927
f 2943//2943 2944//2944 2928//2928
f 2944//2944 2945//2945 2929//2929
f 2945//2945 2946//2946 2930//2930
f 2947//2947 2931//2931 2930//2930
f 2948//2948 2932//2932 2931//2931
f 2949//2949 2950//2950 2934//2934
f 2950//2950 2951//2951 2935//2935
f 2951//2951 2952//2952 2936//2936
f 2952//2952 2953//2953 2937//2937
f 2953//2953 2954//2954 2938//2938
f 2954//2954 2955//2955 2939//2939
f 2955//2955 2956//2956 2940//2940
f 2956//2956 2957//2957 2941//2941
f 2957//2957 2958//2958 2942//2942
f 2958//2958 2959//2959 2943//2943
f 2959//2959 2960//2960 2944//2944
f 2960//2960 2961//2961 2945//2945
f 2961//2961 2962//2962 2946//2946
f 2963//2963 2947//2947 2946//2946
f 2964//2964 2948//2948 2947//2947
f 2965//2965 2966//2966 2950//2950
f 2966//2966 2967//2967 2951//2951
f 2967//2967 2968//2968 2952//2952
f 2968//2968 2969//2969 2953//2953
f 2969//2969 2970//2970 2954//2954
f 2970//2970 2971//2971 2955//2955
f 2971//2971 2972//2972 2956//2956
f 2972//2972 2973//2973 2957//2957
f 2973//2973 2974//2974 2958//2958
f 2974//2974 2975//2975 2959//2959
f 2975//2975 2976//2976 2960//2960
f 2976//2976 2977//2977 2961//2961
f 2977//2977 2978//2978 2962//2962
f 2979//2979 2963//2963 2962//2962
f 2980//2980 2964//2964 2963//2963
f 2981//2981 2982//2982 2966//2966
f 2982//2982 2983//2983 2967//2967
f 2983//2983 2984//2984 2968//2968
f 2984//2984 2985//2985 2969//2969
f 2985//2985 2986//2986 2970//2970
f 2986//2986 2987//2987 2971//2971
f 2987//2987 2988//2988 2972//2972
f 2988//2988 2989//2989 2973//2973
f 2989//2989 2990//2990 2974//2974
f 2990//2990 2991//2991 2975//2975
f 2991//2991 2992//2992 2976//2976
f 2992//2992 2993//2993 2977//2977
f 2993//2993 2994//2994 2978//2978
f 2995//2995 2979//2979 2978//2978
f 2996//2996 2980//2980 2979//2979
f 2998//2998 2982//2982 2981//2981
f 2999//2999 2983//2983 2982//2982
f 3000//3000 2984//2984 2983//2983
f 3001//3001 2985//2985 2984//2984
f 3002//3002 2986//2986 2985//2985
f 3003//3003 2987//2987 2986//2986
f 3004//3004 2988//2988 2987//2987
f 3005//3005 2989//2989 2988//2988
f 3006//3006 2990//2990 2989//2989
f 3007//3007 2991//2991 2990//2990
f 3008//3008 2992//2992 2991//2991
f 3009//3009 2993//2993 2992//2992
f 3010//3010 2994//2994 2993//2993
f 3010//3010 3011//3011 2995//2995
f 3011//3011 3012//3012 2996//2996
f 3014//3014 2998//2998 2997//2997
f 3015//3015 2999//2999 2998//2998
f 3016//3016 3000//3000 2999//2999
f 3017//3017 3001//3001 3000//3000
f 3018//3018 3002//3002 3001//3001
f 3019//3019 3003//3003 3002//3002
f 3020//3020 3004//3004 3003//3003
f 3021//3021 3005//3005 3004//3004
f 3022//3022 3006//3006 3005//3005
f 3023//3023 3007//3007 3006//3006
f 3024//3024 3008//3008 3007//3007
f 3025//3025 3009//3009 3008//3008
f 3026//3026 3010//3010 3009//3009
f 3026//3026 3027//3027 3011//3011
f 3027//3027 3028//3028 3012//3012
f 3030//3030 3014//3014 3013//3013
f 3031//3031 3015//3015 3014//3014
f 3032//3032 3016//3016 3015//3015
f 3033//3033 3017//3017 3016//3016
f 3034//3034 3018//3018 3017//3017
f 3035//3035 3019//3019 3018//3018
f 3036//3036 3020//3020 3019//3019
f 3037//3037 3021//3021 3020//3020
f 3038//3038 3022//3022 3021//3021
f 3039//3039 3023//3023 3022//3022
f 3040//3040 3024//3024 3023//3023
f 3041//3041 3025//3025 3024//3024
f 3042//3042 3026//3026 3025//3025
f 3042//3042 3043//3043 3027//3027
f 3043//3043 3044//3044 3028//3028
f 3046//3046 3030//3030 3029//3029
f 3047//3047 3031//3031 3030//3030
f 3048//3048 3032//3032 3031//3031
f 3049//3049 3033//3033 3032//3032
f 3050//3050 3034//3034 3033//3033
f 3051//3051 3035//3035 3034//3034
f 3052//3052 3036//3036 3035//3035
f 3053//3053 3037//3037 3036//3036
f 3054//3054 3038//3038 3037//3037
f 3055//3055 3039//3039 3038//3038
f 3056//3056 3040//3040 3039//3039
f 3057//3057 3041//3041 3040//3040
f 3058//3058 3042//3042 3041//3041
f 3058//3058 3059//3059 3043//3043
f 3059//3059 3060//3060 3044//3044
f 3062//3062 3046//3046 3045//3045
f 3063//3063 3047//3047 3046//3046
f 3064//3064 3048//3048 3047//3047
f 3065//3065 3049//3049 3048//3048
f 3066//3066 3050//3050 3049//3049
f 3067//3067 3051//3051 3050//3050
f 3068//3068 3052//3052 3051//3051
f 3069//3069 3053//3053 3052//3052
f 3070//3070 3054//3054 3053//3053
f 3071//3071 3055//3055 3054//3054
f 3072//3072 3056//3056 3055//3055
f 3073//3073 3057//3057 3056//3056
f 3074//3074 3058//3058 3057//3057
f 3074//3074 3075//3075 3059//3059
f 3075//3075 3076//3076 3060//3060
f 3078//3078 3062//3062 3061//3061
f 3079//3079 3063//3063 3062//3062
f 3080//3080 3064//3064 3063//3063
f 3081//3081 3065//3065 3064//3064
f 3082//3082 3066//3066 3065//3065
f 3083//3083 3067//3067 3066//3066
f 3084//3084 3068//3068 3067//3067
f 3085//3085 3069//3069 3068//3068
f 3086//3086 3070//3070 3069//3069
f 3087//3087 3071//3071 3070//3070
f 3088//3088 3072//3072 3071//3071
f 3089//3089 3073//3073 3072//3072
f 3090//3090 3074//3074 3073//3073
f 3090//3090 3091//3091 3075//3075
f 3091//3091 3092//3092 3076//3076
f 3094//3094 3078//3078 3077//3077
f 3095//3095 3079//3079 3078//3078
f 3096//3096 3080//3080 3079//3079
f 3097//3097 3081//3081 3080//3080
f 3098//3098 3082//3082 3081//3081
f 3099//3099 3083//3083 3082//3082
f 3100//3100 3084//3084 3083//3083
f 3101//3101 3085//3085 3084//3084
f 3102//3102 3086//3086 3085//3085
f 3103//3103 3087//3087 3086//3086
f 3104//3104 3088//3088 3087//3087
f 3105//3105 3089//3089 3088//3088
f 3106//3106 3090//3090 3089//3089
f 3106//3106 3107//3107 3091//3091
f 3107//3107 3108//3108 3092//3092
f 3110//3110 3094//3094 3093//3093
f 3111//3111 3095//3095 3094//3094
f 3112//3112 3096//3096 3095//3095
f 3113//3113 3097//3097 3096//3096
f 3114//3114 3098//3098 3097//3097
f 3115//3115 3099//3099 3098//3098
f 3116//3116 3100//3100 3099//3099
f 3117//3117 3101//3101 3100//3100
f 3118//3118 3102//3102 3101//3101
f 3119//3119 3103//3103 3102//3102
f 3120//3120 3104//3104 3103//3103
f 3121//3121 3105//3105 3104//3104
f 3122//3122 3106//3106 3105//3105
f 3122//3122 3123//3123 3107//3107
f 3123//3123 3124//3124 3108//3108
f 3126//3126 3110//3110 3109//3109
f 3127//3127 3111//3111 3110//3110
f 3128//3128 3112//3112 3111//3111
f 3129//3129 3113//3113 3112//3112
f 3130//3130 3114//3114 3113//3113
f 3131//3131 3115//3115 3114//3114
f 3132//3132 3116//3116 3115//3115
f 3133//3133 3117//3117 3116//3116
f 3134//3134 3118//3118 3117//3117
f 3135//3135 3119//3119 3118//3118
f 3136//3136 3120//3120 3119//3119
f 3137//3137 3121//3121 3120//3120
f 3138//3138 3122//3122 3121//3121
f 3138//3138 3139//3139 3123//3123
f 3139//3139 3140//3140 3124//3124
f 3142//3142 3126//3126 3125//3125
f 3143//3143 3127//3127 3126//3126
f 3144//3144 3128//3128 3127//3127
f 3145//3145 3129//3129 3128//3128
f 3146//3146 3130//3130 3129//3129
f 3147//3147 3131//3131 3130//3130
f 3148//3148 3132//3132 3131//3131
f 3149//3149 3133//3133 3132//3132
f 3150//3150 3134//3134 3133//3133
f 3151//3151 3135//3135 3134//3134
f 3152//3152 3136//3136 3135//3135
f 3153//3153 3137//3137 3136//3136
f 3154//3154 3138//3138 3137//3137
f 3154//3154 3155//3155 3139//3139
f 3155//3155 3156//3156 3140//3140
f 3158//3158 3142//3142 3141//3141
f 3159//3159 3143//3143 3142//3142
f 3160//3160 3144//3144 3143//3143
f 3161//3161 3145//3145 3144//3144
f 3162//3162 3146//3146 3145//3145
f 3163//3163 3147//3147 3146//3146
f 3164//3164 3148//3148 3147//3147
f 3165//3165 3149//3149 3148//3148
f 3166//3166 3150//3150 3149//3149
f 3167//3167 3151//3151 3150//3150
f 3168//3168 3152//3152 3151//3151
f 3169//3169 3153//3153 3152//3152
f 3170//3170 3154//3154 3153//3153
f 3170//3170 3171//3171 3155//3155
f 3171//3171 3172//3172 3156//3156
f 3174//3174 3158//3158 3157//3157
f 3175//3175 3159//3159 3158//3158
f 3176//3176 3160//3160 3159//3159
f 3177//3177 3161//3161 3160//3160
f 3178//3178 3162//3162 3161//3161
f 3179//3179 3163//3163 3162//3162
f 3180//3180 3164//3164 3163//3163
f 3181//3181 3165//3165 3164//3164
f 3182//3182 3166//3166 3165//3165
f 3183//3183 3167//3167 3166//3166
f 3184//3184 3168//3168 3167//3167
f 3185//3185 3169//3169 3168//3168
f 3186//3186 3170//3170 3169//3169
f 3186//3186 3187//3187 3171//3171
f 3187//3187 3188//3188 3172//3172
f 3190//3190 3174//3174 3173//3173
f 3191//3191 3175//3175 3174//3174
f 3192//3192 3176//3176 3175//3175
f 3193//3193 3177//3177 3176//3176
f 3194//3194 3178//3178 3177//3177
f 3195//3195 3179//3179 3178//3178
f 3196//3196 3180//3180 3179//3179
f 3197//3197 3181//3181 3180//3180
f 3198//3198 3182//3182 3181//3181
f 3199//3199 3183//3183 3182//3182
f 3200//3200 3184//3184 3183//3183
f 3201//3201 3185//3185 3184//3184
f 3202//3202 3186//3186 3185//3185
f 3202//3202 3203//3203 3187//3187
f 3203//3203 3204//3204 3188//3188
f 3206//3206 3190//3190 3189//3189
f 3207//3207 3191//3191 3190//3190
f 3208//3208 3192//3192 3191//3191
f 3209//3209 3193//3193 3192//3192
f 3210//3210 3194//3194 3193//3193
f 3211//3211 3195//3195 3194//3194
f 3212//3212 3196//3196 3195//3195
f 3213//3213 3197//3197 3196//3196
f 3214//3214 3198//3198 3197//3197
f 3215//3215 3199//3199 3198//3198
f 3216//3216 3200//3200 3199//3199
f 3217//3217 3201//3201 3200//3200
f 3218//3218 3202//3202 3201//3201
f 3218//3218 3219//3219 3203//3203
f 3219//3219 3220//3220 3204//3204
f 2743//2743 3206//3206 3205//3205
f 2746//2746 3207//3207 3206//3206
f 2748//2748 3208//3208 3207//3207
f 2750//2750 3209//3209 3208//3208
f 2752//2752 3210//3210 3209//3209
f 2754//2754 3211//3211 3210//3210
f 2756//2756 3212//3212 3211//3211
f 2758//2758 3213//3213 3212//3212
f 2760//2760 3214//3214 3213//3213
f 2762//2762 3215//3215 3214//3214
f 2764//2764 3216//3216 3215//3215
f 2766//2766 3217//3217 3216//3216
f 2768//2768 3218//3218 3217//3217
f 2768//2768 2770//2770 3219//3219
f 2770//2770 2772//2772 3220//3220
f 3221//3221 3222//3222 3223//3223
f 3222//3222 3225//3225 3226//3226
f 3225//3225 3227//3227 3228//3228
f 3227//3227 3229//3229 3230//3230
f 3229//3229 3231//3231 3232//3232
f 3231//3231 3233//3233 3234//3234
f 3233//3233 3235//3235 3236//3236
f 3235//3235 3237//3237 3238//3238
f 3237//3237 3239//3239 3240//3240
f 3239//3239 3241//3241 3242//3242
f 3241//3241 3243//3243 3244//3244
f 3243//3243 3245//3245 3246//3246
f 3245//3245 3247//3247 3248//3248
f 3247//3247 3249//3249 3250//3250
f 3249//3249 2741//2741 2744//2744
f 3251//3251 3252//3252 3222//3222
f 3252//3252 3253//3253 3225//3225
f 3253//3253 3254//3254 3227//3227
f 3254//3254 3255//3255 3229//3229
f 3255//3255 3256//3256 3231//3231
f 3256//3256 3257//3257 3233//3233
f 3257//3257 3258//3258 3235//3235
f 3258//3258 3259//3259 3237//3237
f 3259//3259 3260//3260 3239//3239
f 3260//3260 3261//3261 3241//3241
f 3261//3261 3262//3262 3243//3243
f 3262//3262 3263//3263 3245//3245
f 3263//3263 3264//3264 3247//3247
f 3264//3264 3265//3265 3249//3249
f 3265//3265 2773//2773 2741//2741
f 3266//3266 3267//3267 3252//3252
f 3267//3267 3268//3268 3253//3253
f 3268//3268 3269//3269 3254//3254
f 3269//3269 3270//3270 3255//3255
f 3270//3270 3271//3271 3256//3256
f 3271//3271 3272//3272 3257//3257
f 3272//3272 3273//3273 3258//3258
f 3273//3273 3274//3274 3259//3259
f 3274//3274 3275//3275 3260//3260
f 3275//3275 3276//3276 3261//3261
f 3276//3276 3277//3277 3262//3262
f 3277//3277 3278//3278 3263//3263
f 3278//3278 3279//3279 3264//3264
f 3279//3279 3280//3280 3265//3265
f 3280//3280 2789//2789 2773//2773
f 3281//3281 3282//3282 3267//3267
f 3282//3282 3283//3283 3268//3268
f 3283//3283 3284//3284 3269//3269
f 3284//3284 3285//3285 3270//3270
f 3285//3285 3286//3286 3271//3271
f 3286//3286 3287//3287 3272//3272
f 3287//3287 3288//3288 3273//3273
f 3288//3288 3289//3289 3274//3274
f 3289//3289 3290//3290 3275//3275
f 3290//3290 3291//3291 3276//3276
f 3291//3291 3292//3292 3277//3277
f 3292//3292 3293//3293 3278//3278
f 3293//3293 3294//3294 3279//3279
f 3294//3294 3295//3295 3280//3280
f 3295//3295 2805//2805 2789//2789
f 3296//3296 3297//3297 3282//3282
f 3297//3297 3298//3298 3283//3283
f 3298//3298 3299//3299 3284//3284
f 3299//3299 3300//3300 3285//3285
f 3300//3300 3301//3301 3286//3286
f 3301//3301 3302//3302 3287//3287
f 3302//3302 3303//3303 3288//3288
f 3303//3303 3304//3304 3289//3289
f 3304//3304 3305//3305 3290//3290
f 3305//3305 3306//3306 3291//3291
f 3306//3306 3307//3307 3292//3292
f 3307//3307 3308//3308 3293//3293
f 3308//3308 3309//3309 3294//3294
f 3309//3309 3310//3310 3295//3295
f 3310//3310 2821//2821 2805//2805
f 3311//3311 3312//3312 3297//3297
f 3312//3312 3313//3313 3298//3298
f 3313//3313 3314//3314 3299//3299
f 3314//3314 3315//3315 3300//3300
f 3315//3315 3316//3316 3301//3301
f 3316//3316 3317//3317 3302//3302
f 3317//3317 3318//3318 3303//3303
f 3318//3318 3319//3319 3304//3304
f 3319//3319 3320//3320 3305//3305
f 3320//3320 3321//3321 3306//3306
f 3321//3321 3322//3322 3307//3307
f 3322//3322 3323//3323 3308//3308
f 3323//3323 3324//3324 3309//3309
f 3324//3324 3325//3325 3310//3310
f 3325//3325 2837//2837 2821//2821
f 3326//3326 3327//3327 3312//3312
f 3327//3327 3328//3328 3313//3313
f 3328//3328 3329//3329 3314//3314
f 3329//3329 3330//3330 3315//3315
f 3330//3330 3331//3331 3316//3316
f 3331//3331 3332//3332 3317//3317
f 3332//3332 3333//3333 3318//3318
f 3333//3333 3334//3334 3319//3319
f 3334//3334 3335//3335 3320//3320
f 3335//3335 3336//3336 3321//3321
f 3336//3336 3337//3337 3322//3322
f 3337//3337 3338//3338 3323//3323
f 3338//3338 3339//3339 3324//3324
f 3339//3339 3340//3340 3325//3325
f 3340//3340 2853//2853 2837//2837
f 3341//3341 3342//3342 3327//3327
f 3342//3342 3343//3343 3328//3328
f 3343//3343 3344//3344 3329//3329
f 3344//3344 3345//3345 3330//3330
f 3345//3345 3346//3346 3331//3331
f 3346//3346 3347//3347 3332//3332
f 3347//3347 3348//3348 3333//3333
f 3348//3348 3349//3349 3334//3334
f 3349//3349 3350//3350 3335//3335
f 3350//3350 3351//3351 3336//3336
f 3351//3351 3352//3352 3337//3337
f 3352//3352 3353//3353 3338//3338
f 3353//3353 3354//3354 3339//3339
f 3354//3354 3355//3355 3340//3340
f 3355//3355 2869//2869 2853//2853
f 3356//3356 3357//3357 3342//3342
f 3357//3357 3358//3358 3343//3343
f 3358//3358 3359//3359 3344//3344
f 3359//3359 3360//3360 3345//3345
f 3360//3360 3361//3361 3346//3346
f 3361//3361 3362//3362 3347//3347
f 3362//3362 3363//3363 3348//3348
f 3363//3363 3364//3364 3349//3349
f 3364//3364 3365//3365 3350//3350
f 3365//3365 3366//3366 3351//3351
f 3366//3366 3367//3367 3352//3352
f 3367//3367 3368//3368 3353//3353
f 3368//3368 3369//3369 3354//3354
f 3369//3369 3370//3370 3355//3355
f 3370//3370 2885//2885 2869//2869
f 3371//3371 3372//3372 3357//3357
f 3372//3372 3373//3373 3358//3358
f 3373//3373 3374//3374 3359//3359
f 3374//3374 3375//3375 3360//3360
f 3375//3375 3376//3376 3361//3361
f 3376//3376 3377//3377 3362//3362
f 3377//3377 3378//3378 3363//3363
f 3378//3378 3379//3379 3364//3364
f 3379//3379 3380//3380 3365//3365
f 3380//3380 3381//3381 3366//3366
f 3381//3381 3382//3382 3367//3367
f 3382//3382 3383//3383 3368//3368
f 3383//3383 3384//3384 3369//3369
f 3384//3384 3385//3385 3370//3370
f 3385//3385 2901//2901 2885//2885
f 3386//3386 3387//3387 3372//3372
f 3387//3387 3388//3388 3373//3373
f 3388//3388 3389//3389 3374//3374
f 3389//3389 3390//3390 3375//3375
f 3390//3390 3391//3391 3376//3376
f 3391//3391 3392//3392 3377//3377
f 3392//3392 3393//3393 3378//3378
f 3393//3393 3394//3394 3379//3379
f 3394//3394 3395//3395 3380//3380
f 3395//3395 3396//3396 3381//3381
f 3396//3396 3397//3397 3382//3382
f 3397//3397 3398//3398 3383//3383
f 3398//3398 3399//3399 3384//3384
f 3399//3399 3400//3400 3385//3385
f 3400//3400 2917//2917 2901//2901
f 3401//3401 3402//3402 3387//3387
f 3402//3402 3403//3403 3388//3388
f 3403//3403 3404//3404 3389//3389
f 3404//3404 3405//3405 3390//3390
f 3405//3405 3406//3406 3391//3391
f 3406//3406 3407//3407 3392//3392
f 3407//3407 3408//3408 3393//3393
f 3408//3408 3409//3409 3394//3394
f 3409//3409 3410//3410 3395//3395
f 3410//3410 3411//3411 3396//3396
f 3411//3411 3412//3412 3397//3397
f 3412//3412 3413//3413 3398//3398
f 3413//3413 3414//3414 3399//3399
f 3414//3414 3415//3415 3400//3400
f 3415//3415 2933//2933 2917//2917
f 3416//3416 3417//3417 3402//3402
f 3417//3417 3418//3418 3403//3403
f 3418//3418 3419//3419 3404//3404
f 3419//3419 3420//3420 3405//3405
f 3420//3420 3421//3421 3406//3406
f 3421//3421 3422//3422 3407//3407
f 3422//3422 3423//3423 3408//3408
f 3423//3423 3424//3424 3409//3409
f 3424//3424 3425//3425 3410//3410
f 3425//3425 3426//3426 3411//3411
f 3426//3426 3427//3427 3412//3412
f 3427//3427 3428//3428 3413//3413
f 3428//3428 3429//3429 3414//3414
f 3429//3429 3430//3430 3415//3415
f 3430//3430 2949//2949 2933//2933
f 3431//3431 3432//3432 3417//3417
f 3432//3432 3433//3433 3418//3418
f 3433//3433 3434//3434 3419//3419
f 3434//3434 3435//3435 3420//3420
f 3435//3435 3436//3436 3421//3421
f 3436//3436 3437//3437 3422//3422
f 3437//3437 3438//3438 3423//3423
f 3438//3438 3439//3439 3424//3424
f 3439//3439 3440//3440 3425//3425
f 3440//3440 3441//3441 3426//3426
f 3441//3441 3442//3442 3427//3427
f 3442//3442 3443//3443 3428//3428
f 3443//3443 3444//3444 3429//3429
f 3444//3444 3445//3445 3430//3430
f 3445//3445 2965//2965 2949//2949
f 1204//1204 3446//3446 3432//3432
f 3446//3446 3447//3447 3433//3433
f 3447//3447 3448//3448 3434//3434
f 3448//3448 3449//3449 3435//3435
f 3449//3449 3450//3450 3436//3436
f 3450//3450 3451//3451 3437//3437
f 3451//3451 3452//3452 3438//3438
f 3452//3452 3453//3453 3439//3439
f 3453//3453 3454//3454 3440//3440
f 3454//3454 3455//3455 3441//3441
f 3455//3455 3456//3456 3442//3442
f 3456//3456 3457//3457 3443//3443
f 3457//3457 3458//3458 3444//3444
f 3458//3458 3459//3459 3445//3445
f 3459//3459 2981//2981 2965//2965
f 3461//3461 3446//3446 1204//1204
f 3462//3462 3447//3447 3446//3446
f 3463//3463 3448//3448 3447//3447
f 3464//3464 3449//3449 3448//3448
f 3465//3465 3450//3450 3449//3449
f 3466//3466 3451//3451 3450//3450
f 3467//3467 3452//3452 3451//3451
f 3468//3468 3453//3453 3452//3452
f 3469//3469 3454//3454 3453//3453
f 3470//3470 3455//3455 3454//3454
f 3471//3471 3456//3456 3455//3455
f 3472//3472 3457//3457 3456//3456
f 3473//3473 3458//3458 3457//3457
f 3474//3474 3459//3459 3458//3458
f 2997//2997 2981//2981 3459//3459
f 3476//3476 3461//3461 3460//3460
f 3477//3477 3462//3462 3461//3461
f 3478//3478 3463//3463 3462//3462
f 3479//3479 3464//3464 3463//3463
f 3480//3480 3465//3465 3464//3464
f 3481//3481 3466//3466 3465//3465
f 3482//3482 3467//3467 3466//3466
f 3483//3483 3468//3468 3467//3467
f 3484//3484 3469//3469 3468//3468
f 3485//3485 3470//3470 3469//3469
f 3486//3486 3471//3471 3470//3470
f 3487//3487 3472//3472 3471//3471
f 3488//3488 3473//3473 3472//3472
f 3489//3489 3474//3474 3473//3473
f 3013//3013 2997//2997 3474//3474
f 3491//3491 3476//3476 3475//3475
f 3492//3492 3477//3477 3476//3476
f 3493//3493 3478//3478 3477//3477
f 3494//3494 3479//3479 3478//3478
f 3495//3495 3480//3480 3479//3479
f 3496//3496 3481//3481 3480//3480
f 3497//3497 3482//3482 3481//3481
f 3498//3498 3483//3483 3482//3482
f 3499//3499 3484//3484 3483//3483
f 3500//3500 3485//3485 3484//3484
f 3501//3501 3486//3486 3485//3485
f 3502//3502 3487//3487 3486//3486
f 3503//3503 3488//3488 3487//3487
f 3504//3504 3489//3489 3488//3488
f 3029//3029 3013//3013 3489//3489
f 3506//3506 3491//3491 3490//3490
f 3507//3507 3492//3492 3491//3491
f 3508//3508 3493//3493 3492//3492
f 3509//3509 3494//3494 3493//3493
f 3510//3510 3495//3495 3494//3494
f 3511//3511 3496//3496 3495//3495
f 3512//3512 3497//3497 3496//3496
f 3513//3513 3498//3498 3497//3497
f 3514//3514 3499//3499 3498//3498
f 3515//3515 3500//3500 3499//3499
f 3516//3516 3501//3501 3500//3500
f 3517//3517 3502//3502 3501//3501
f 3518//3518 3503//3503 3502//3502
f 3519//3519 3504//3504 3503//3503
f 3045//3045 3029//3029 3504//3504
f 3521//3521 3506//3506 3505//3505
f 3522//3522 3507//3507 3506//3506
f 3523//3523 3508//3508 3507//3507
f 3524//3524 3509//3509 3508//3508
f 3525//3525 3510//3510 3509//3509
f 3526//3526 3511//3511 3510//3510
f 3527//3527 3512//3512 3511//3511
f 3528//3528 3513//3513 3512//3512
f 3529//3529 3514//3514 3513//3513
f 3530//3530 3515//3515 3514//3514
f 3531//3531 3516//3516 3515//3515
f 3532//3532 3517//3517 3516//3516
f 3533//3533 3518//3518 3517//3517
f 3534//3534 3519//3519 3518//3518
f 3061//3061 3045//3045 3519//3519
f 3536//3536 3521//3521 3520//3520
f 3537//3537 3522//3522 3521//3521
f 3538//3538 3523//3523 3522//3522
f 3539//3539 3524//3524 3523//3523
f 3540//3540 3525//3525 3524//3524
f 3541//3541 3526//3526 3525//3525
f 3542//3542 3527//3527 3526//3526
f 3543//3543 3528//3528 3527//3527
f 3544//3544 3529//3529 3528//3528
f 3545//3545 3530//3530 3529//3529
f 3546//3546 3531//3531 3530//3530
f 3547//3547 3532//3532 3531//3531
f 3548//3548 3533//3533 3532//3532
f 3549//3549 3534//3534 3533//3533
f 3077//3077 3061//3061 3534//3534
f 3551//3551 3536//3536 3535//3535
f 3552//3552 3537//3537 3536//3536
f 3553//3553 3538//3538 3537//3537
f 3554//3554 3539//3539 3538//3538
f 3555//3555 3540//3540 3539//3539
f 3556//3556 3541//3541 3540//3540
f 3557//3557 3542//3542 3541//3541
f 3558//3558 3543//3543 3542//3542
f 3559//3559 3544//3544 3543//3543
f 3560//3560 3545//3545 3544//3544
f 3561//3561 3546//3546 3545//3545
f 3562//3562 3547//3547 3546//3546
f 3563//3563 3548//3548 3547//3547
f 3564//3564 3549//3549 3548//3548
f 3093//3093 3077//3077 3549//3549
f 3566//3566 3551//3551 3550//3550
f 3567//3567 3552//3552 3551//3551
f 3568//3568 3553//3553 3552//3552
f 3569//3569 3554//3554 3553//3553
f 3570//3570 3555//3555 3554//3554
f 3571//3571 3556//3556 3555//3555
f 3572//3572 3557//3557 3556//3556
f 3573//3573 3558//3558 3557//3557
f 3574//3574 3559//3559 3558//3558
f 3575//3575 3560//3560 3559//3559
f 3576//3576 3561//3561 3560//3560
f 3577//3577 3562//3562 3561//3561
f 3578//3578 3563//3563 3562//3562
f 3579//3579 3564//3564 3563//3563
f 3109//3109 3093//3093 3564//3564
f 3581//3581 3566//3566 3565//3565
f 3582//3582 3567//3567 3566//3566
f 3583//3583 3568//3568 3567//3567
f 3584//3584 3569//3569 3568//3568
f 3585//3585 3570//3570 3569//3569
f 3586//3586 3571//3571 3570//3570
f 3587//3587 3572//3572 3571//3571
f 3588//3588 3573//3573 3572//3572
f 3589//3589 3574//3574 3573//3573
f 3590//3590 3575//3575 3574//3574
f 3591//3591 3576//3576 3575//3575
f 3592//3592 3577//3577 3576//3576
f 3593//3593 3578//3578 3577//3577
f 3594//3594 3579//3579 3578//3578
f 3125//3125 3109//3109 3579//3579
f 3596//3596 3581//3581 3580//3580
f 3597//3597 3582//3582 3581//3581
f 3598//3598 3583//3583 3582//3582
f 3599//3599 3584//3584 3583//3583
f 3600//3600 3585//3585 3584//3584
f 3601//3601 3586//3586 3585//3585
f 3602//3602 3587//3587 3586//3586
f 3603//3603 3588//3588 3587//3587
f 3604//3604 3589//3589 3588//3588
f 3605//3605 3590//3590 3589//3589
f 3606//3606 3591//3591 3590//3590
f 3607//3607 3592//3592 3591//3591
f 3608//3608 3593//3593 3592//3592
f 3609//3609 3594//3594 3593//3593
f 3141//3141 3125//3125 3594//3594
f 3611//3611 3596//3596 3595//3595
f 3612//3612 3597//3597 3596//3596
f 3613//3613 3598//3598 3597//3597
f 3614//3614 3599//3599 3598//3598
f 3615//3615 3600//3600 3599//3599
f 3616//3616 3601//3601 3600//3600
f 3617//3617 3602//3602 3601//3601
f 3618//3618 3603//3603 3602//3602
f 3619//3619 3604//3604 3603//3603
f 3620//3620 3605//3605 3604//3604
f 3621//3621 3606//3606 3605//3605
f 3622//3622 3607//3607 3606//3606
f 3623//3623 3608//3608 3607//3607
f 3624//3624 3609//3609 3608//3608
f 3157//3157 3141//3141 3609//3609
f 3626//3626 3611//3611 3610//3610
f 3627//3627 3612//3612 3611//3611
f 3628//3628 3613//3613 3612//3612
f 3629//3629 3614//3614 3613//3613
f 3630//3630 3615//3615 3614//3614
f 3631//3631 3616//3616 3615//3615
f 3632//3632 3617//3617 3616//3616
f 3633//3633 3618//3618 3617//3617
f 3634//3634 3619//3619 3618//3618
f 3635//3635 3620//3620 3619//3619
f 3636//3636 3621//3621 3620//3620
f 3637//3637 3622//3622 3621//3621
f 3638//3638 3623//3623 3622//3622
f 3639//3639 3624//3624 3623//3623
f 3173//3173 3157//3157 3624//3624
f 3641//3641 3626//3626 3625//3625
f 3642//3642 3627//3627 3626//3626
f 3643//3643 3628//3628 3627//3627
f 3644//3644 3629//3629 3628//3628
f 3645//3645 3630//3630 3629//3629
f 3646//3646 3631//3631 3630//3630
f 3647//3647 3632//3632 3631//3631
f 3648//3648 3633//3633 3632//3632
f 3649//3649 3634//3634 3633//3633
f 3650//3650 3635//3635 3634//3634
f 3651//3651 3636//3636 3635//3635
f 3652//3652 3637//3637 3636//3636
f 3653//3653 3638//3638 3637//3637
f 3654//3654 3639//3639 3638//3638
f 3189//3189 3173//3173 3639//3639
f 3656//3656 3641//3641 3640//3640
f 3657//3657 3642//3642 3641//3641
f 3658//3658 3643//3643 3642//3642
f 3659//3659 3644//3644 3643//3643
f 3660//3660 3645//3645 3644//3644
f 3661//3661 3646//3646 3645//3645
f 3662//3662 3647//3647 3646//3646
f 3663//3663 3648//3648 3647//3647
f 3664//3664 3649//3649 3648//3648
f 3665//3665 3650//3650 3649//3649
f 3666//3666 3651//3651 3650//3650
f 3667//3667 3652//3652 3651//3651
f 3668//3668 3653//3653 3652//3652
f 3669//3669 3654//3654 3653//3653
f 3205//3205 3189//3189 3654//3654
f 3223//3223 3656//3656 3655//3655
f 3226//3226 3657//3657 3656//3656
f 3228//3228 3658//3658 3657//3657
f 3230//3230 3659//3659 3658//3658
f 3232//3232 3660//3660 3659//3659
f 3234//3234 3661//3661 3660//3660
f 3236//3236 3662//3662 3661//3661
f 3238//3238 3663//3663 3662//3662
f 3240//3240 3664//3664 3663//3663
f 3242//3242 3665//3665 3664//3664
f 3244//3244 3666//3666 3665//3665
f 3246//3246 3667//3667 3666//3666
f 3248//3248 3668//3668 3667//3667
f 3250//3250 3669//3669 3668//3668
f 2744//2744 3205//3205 3669//3669
f 3670//3670 3671//3671 3672//3672
f 3671//3671 3674//3674 3675//3675
f 3674//3674 3676//3676 3677//3677
f 3676//3676 3678//3678 3679//3679
f 3678//3678 3680//3680 3681//3681
f 3680//3680 3682//3682 3683//3683
f 3684//3684 3685//3683 3683//3683
f 3686//3685 3687//3686 3685//3683
f 3688//3687 3689//3688 3687//3686
f 3690//3689 3691//3690 3689//3688
f 3692//3691 3693//3692 3691//3690
f 3694//3693 3695//3694 3693//3692
f 3696//3695 3697//3696 3695//3694
f 3698//3697 3699//3698 3697//3696
f 3700//3699 3701//3700 3699//3698
f 3702//3701 3703//3702 3671//3671
f 3703//3702 3704//3703 3674//3674
f 3704//3703 3705//3704 3676//3676
f 3705//3704 3706//3705 3678//3678
f 3706//3705 3707//3706 3680//3680
f 3708//3707 3682//3682 3680//3680
f 3709//3708 3684//3684 3682//3682
f 3710//3709 3686//3685 3684//3684
f 3711//3710 3688//3687 3686//3685
f 3712//3711 3690//3689 3688//3687
f 3713//3712 3692//3691 3690//3689
f 3714//3713 3694//3693 3692//3691
f 3715//3714 3696//3695 3694//3693
f 3716//3715 3698//3697 3696//3695
f 3717//3716 3700//3699 3698//3697
f 3718//3717 3719//3718 3703//3702
f 3719//3718 3720//3719 3704//3703
f 3720//3719 3721//3720 3705//3704
f 3721//3720 3722//3721 3706//3705
f 3722//3721 3723//3722 3707//3706
f 3724//3723 3708//3707 3707//3706
f 3725//3724 3709//3708 3708//3707
f 3726//3725 3710//3709 3709//3708
f 3727//3726 3711//3710 3710//3709
f 3728//3727 3712//3711 3711//3710
f 3729//3728 3713//3712 3712//3711
f 3730//3729 3714//3713 3713//3712
f 3731//3730 3715//3714 3714//3713
f 3732//3731 3716//3715 3715//3714
f 3733//3732 3717//3716 3716//3715
f 3734//3733 3735//3734 3719//3718
f 3735//3734 3736//3735 3720//3719
f 3736//3735 3737//3736 3721//3720
f 3737//3736 3738//3737 3722//3721
f 3738//3737 3739//3738 3723//3722
f 3740//3739 3724//3723 3723//3722
f 3741//3740 3725//3724 3724//3723
f 3742//3741 3726//3725 3725//3724
f 3743//3742 3727//3726 3726//3725
f 3744//3743 3728//3727 3727//3726
f 3745//3744 3729//3728 3728//3727
f 3746//3745 3730//3729 3729//3728
f 3747//3746 3731//3730 3730//3729
f 3748//3747 3732//3731 3731//3730
f 3749//3748 3733//3732 3732//3731
f 3750//3749 3751//3750 3735//3734
f 3751//3750 3752//3751 3736//3735
f 3752//3751 3753//3752 3737//3736
f 3753//3752 3754//3753 3738//3737
f 3754//3753 3755//3754 3739//3738
f 3756//3755 3740//3739 3739//3738
f 3757//3756 3741//3740 3740//3739
f 3758//3757 3742//3741 3741//3740
f 3759//3758 3743//3742 3742//3741
f 3760//3759 3744//3743 3743//3742
f 3761//3760 3745//3744 3744//3743
f 3762//3761 3746//3745 3745//3744
f 3763//3762 3747//3746 3746//3745
f 3764//3763 3748//3747 3747//3746
f 3765//3764 3749//3748 3748//3747
f 3766//3765 3767//3766 3751//3750
f 3767//3766 3768//3767 3752//3751
f 3768//3767 3769//3768 3753//3752
f 3769//3768 3770//3769 3754//3753
f 3771//3770 3755//3754 3754//3753
f 3772//3771 3756//3755 3755//3754
f 3773//3772 3757//3756 3756//3755
f 3774//3773 3758//3757 3757//3756
f 3775//3774 3759//3758 3758//3757
f 3776//3775 3760//3759 3759//3758
f 3777//3776 3761//3760 3760//3759
f 3778//3777 3762//3761 3761//3760
f 3779//3778 3763//3762 3762//3761
f 3780//3779 3764//3763 3763//3762
f 3781//3780 3765//3764 3764//3763
f 3782//3781 3783//3782 3767//3766
f 3783//3782 3784//3783 3768//3767
f 3784//3783 3785//3784 3769//3768
f 3785//3784 3786//3785 3770//3769
f 3787//3786 3771//3770 3770//3769
f 3788//3787 3772//3771 3771//3770
f 3789//3788 3773//3772 3772//3771
f 3790//3789 3774//3773 3773//3772
f 3791//3790 3775//3774 3774//3773
f 3792//3791 3776//3775 3775//3774
f 3793//3792 3777//3776 3776//3775
f 3794//3793 3778//3777 3777//3776
f 3795//3794 3779//3778 3778//3777
f 3796//3795 3780//3779 3779//3778
f 3797//3796 3781//3780 3780//3779
f 3798//3797 3799//3798 3783//3782
f 3799//3798 3800//3799 3784//3783
f 3800//3799 3801//3800 3785//3784
f 3801//3800 3802//3801 3786//3785
f 3803//3802 3787//3786 3786//3785
f 3804//3803 3788//3787 3787//3786
f 3805//3804 3789//3788 3788//3787
f 3806//3805 3790//3789 3789//3788
f 3807//3806 3791//3790 3790//3789
f 3808//3807 3792//3791 3791//3790
f 3809//3808 3793//3792 3792//3791
f 3810//3809 3794//3793 3793//3792
f 3811//3810 3795//3794 3794//3793
f 3812//3811 3796//3795 3795//3794
f 3813//3812 3797//3796 3796//3795
f 3814//3813 3815//3814 3799//3798
f 3815//3814 3816//3815 3800//3799
f 3816//3815 3817//3816 3801//3800
f 3817//3816 3818//3817 3802//3801
f 3819//3818 3803//3802 3802//3801
f 3820//3819 3804//3803 3803//3802
f 3821//3820 3805//3804 3804//3803
f 3822//3821 3806//3805 3805//3804
f 3823//3822 3807//3806 3806//3805
f 3824//3823 3808//3807 3807//3806
f 3825//3824 3809//3808 3808//3807
f 3826//3825 3810//3809 3809//3808
f 3827//3826 3811//3810 3810//3809
f 3828//3827 3812//3811 3811//3810
f 3829//3828 3813//3812 3812//3811
f 3830//3829 3831//3830 3815//3814
f 3831//3830 3832//3831 3816//3815
f 3832//3831 3833//3832 3817//3816
f 3833//3832 3834//3833 3818//3817
f 3835//3834 3819//3818 3818//3817
f 3836//3835 3820//3819 3819//3818
f 3837//3836 3821//3820 3820//3819
f 3838//3837 3822//3821 3821//3820
f 3839//3838 3823//3822 3822//3821
f 3840//3839 3824//3823 3823//3822
f 3841//3840 3825//3824 3824//3823
f 3842//3841 3826//3825 3825//3824
f 3843//3842 3827//3826 3826//3825
f 3844//3843 3828//3827 3827//3826
f 3845//3844 3829//3828 3828//3827
f 3846//3845 3847//3846 3831//3830
f 3847//3846 3848//3847 3832//3831
f 3848//3847 3849//3848 3833//3832
f 3850//3849 3834//3833 3833//3832
f 3851//3850 3835//3834 3834//3833
f 3852//3851 3836//3835 3835//3834
f 3853//3852 3837//3836 3836//3835
f 3854//3853 3838//3837 3837//3836
f 3855//3854 3839//3838 3838//3837
f 3856//3855 3840//3839 3839//3838
f 3857//3856 3841//3840 3840//3839
f 3858//3857 3842//3841 3841//3840
f 3859//3858 3843//3842 3842//3841
f 3860//3859 3844//3843 3843//3842
f 3861//3860 3845//3844 3844//3843
f 3862//3861 3863//3862 3847//3846
f 3863//3862 3864//3863 3848//3847
f 3864//3863 3865//3864 3849//3848
f 3866//3865 3850//3849 3849//3848
f 3867//3866 3851//3850 3850//3849
f 3868//3867 3852//3851 3851//3850
f 3869//3868 3853//3852 3852//3851
f 3870//3869 3854//3853 3853//3852
f 3871//3870 3855//3854 3854//3853
f 3872//3871 3856//3855 3855//3854
f 3873//3872 3857//3856 3856//3855
f 3874//3873 3858//3857 3857//3856
f 3875//3874 3859//3858 3858//3857
f 3876//3875 3860//3859 3859//3858
f 3877//3876 3861//3860 3860//3859
f 3878//3877 3879//3878 3863//3862
f 3879//3878 3880//3879 3864//3863
f 3880//3879 3881//3880 3865//3864
f 3882//3881 3866//3865 3865//3864
f 3883//3882 3867//3866 3866//3865
f 3884//3883 3868//3867 3867//3866
f 3885//3884 3869//3868 3868//3867
f 3886//3885 3870//3869 3869//3868
f 3887//3886 3871//3870 3870//3869
f 3888//3887 3872//3871 3871//3870
f 3889//3888 3873//3872 3872//3871
f 3890//3889 3874//3873 3873//3872
f 3891//3890 3875//3874 3874//3873
f 3892//3891 3876//3875 3875//3874
f 3893//3892 3877//3876 3876//3875
f 3894//3893 3895//3894 3879//3878
f 3895//3894 3896//3895 3880//3879
f 3896//3895 3897//3896 3881//3880
f 3898//3897 3882//3881 3881//3880
f 3899//3898 3883//3882 3882//3881
f 3900//3899 3884//3883 3883//3882
f 3901//3900 3885//3884 3884//3883
f 3902//3901 3886//3885 3885//3884
f 3903//3902 3887//3886 3886//3885
f 3904//3903 3888//3887 3887//3886
f 3905//3904 3889//3888 3888//3887
f 3906//3905 3890//3889 3889//3888
f 3907//3906 3891//3890 3890//3889
f 3908//3907 3892//3891 3891//3890
f 3909//3908 3893//3892 3892//3891
f 3910//3909 3911//3910 3895//3894
f 3911//3910 3912//3911 3896//3895
f 3912//3911 3913//3912 3897//3896
f 3914//3913 3898//3897 3897//3896
f 3915//3914 3899//3898 3898//3897
f 3916//3915 3900//3899 3899//3898
f 3917//3916 3901//3900 3900//3899
f 3918//3917 3902//3901 3901//3900
f 3919//3918 3903//3902 3902//3901
f 3920//3919 3904//3903 3903//3902
f 3921//3920 3905//3904 3904//3903
f 3922//3921 3906//3905 3905//3904
f 3923//3922 3907//3906 3906//3905
f 3924//3923 3908//3907 3907//3906
f 3925//3924 3909//3908 3908//3907
f 3927//3926 3911//3910 3910//3909
f 3928//3927 3912//3911 3911//3910
f 3929//3928 3913//3912 3912//3911
f 3929//3928 3930//3929 3914//3913
f 3930//3929 3931//3930 3915//3914
f 3931//3930 3932//3931 3916//3915
f 3932//3931 3933//3932 3917//3916
f 3933//3932 3934//3933 3918//3917
f 3934//3933 3935//3934 3919//3918
f 3935//3934 3936//3935 3920//3919
f 3936//3935 3937//3936 3921//3920
f 3937//3936 3938//3937 3922//3921
f 3938//3937 3939//3938 3923//3922
f 3939//3938 3940//3939 3924//3923
f 3940//3939 3941//3940 3925//3924
f 3943//3942 3927//3926 3926//3925
f 3944//3943 3928//3927 3927//3926
f 3945//3944 3929//3928 3928//3927
f 3945//3944 3946//3945 3930//3929
f 3946//3945 3947//3946 3931//3930
f 3947//3946 3948//3947 3932//3931
f 3948//3947 3949//3948 3933//3932
f 3949//3948 3950//3949 3934//3933
f 3950//3949 3951//3950 3935//3934
f 3951//3950 3952//3951 3936//3935
f 3952//3951 3953//3952 3937//3936
f 3953//3952 3954//3953 3938//3937
f 3954//3953 3955//3954 3939//3938
f 3955//3954 3956//3955 3940//3939
f 3956//3955 3957//3956 3941//3940
f 3959//3958 3943//3942 3942//3941
f 3960//3959 3944//3943 3943//3942
f 3961//3960 3945//3944 3944//3943
f 3961//3960 3962//3961 3946//3945
f 3962//3961 3963//3962 3947//3946
f 3963//3962 3964//3963 3948//3947
f 3964//3963 3965//3964 3949//3948
f 3965//3964 3966//3965 3950//3949
f 3966//3965 3967//3966 3951//3950
f 3967//3966 3968//3967 3952//3951
f 3968//3967 3969//3968 3953//3952
f 3969//3968 3970//3969 3954//3953
f 3970//3969 3971//3970 3955//3954
f 3971//3970 3972//3971 3956//3955
f 3972//3971 3973//3972 3957//3956
f 3975//3974 3959//3958 3958//3957
f 3976//3975 3960//3959 3959//3958
f 3977//3976 3961//3960 3960//3959
f 3977//3976 3978//3977 3962//3961
f 3978//3977 3979//3978 3963//3962
f 3979//3978 3980//3979 3964//3963
f 3980//3979 3981//3980 3965//3964
f 3981//3980 3982//3981 3966//3965
f 3982//3981 3983//3982 3967//3966
f 3983//3982 3984//3983 3968//3967
f 3984//3983 3985//3984 3969//3968
f 3985//3984 3986//3985 3970//3969
f 3986//3985 3987//3986 3971//3970
f 3987//3986 3988//3987 3972//3971
f 3988//3987 3989//3988 3973//3972
f 3991//3990 3975//3974 3974//3973
f 3992//3991 3976//3975 3975//3974
f 3993//3992 3977//3976 3976//3975
f 3993//3992 3994//3993 3978//3977
f 3994//3993 3995//3994 3979//3978
f 3995//3994 3996//3995 3980//3979
f 3996//3995 3997//3996 3981//3980
f 3997//3996 3998//3997 3982//3981
f 3998//3997 3999//3998 3983//3982
f 3999//3998 4000//3999 3984//3983
f 4000//3999 4001//4000 3985//3984
f 4001//4000 4002//4001 3986//3985
f 4002//4001 4003//4002 3987//3986
f 4003//4002 4004//4003 3988//3987
f 4004//4003 4005//4004 3989//3988
f 4007//4006 3991//3990 3990//3989
f 4008//4007 3992//3991 3991//3990
f 4009//4008 3993//3992 3992//3991
f 4010//4009 3994//3993 3993//3992
f 4010//4009 4011//4010 3995//3994
f 4011//4010 4012//4011 3996//3995
f 4012//4011 4013//4012 3997//3996
f 4013//4012 4014//4013 3998//3997
f 4014//4013 4015//4014 3999//3998
f 4015//4014 4016//4015 4000//3999
f 4016//4015 4017//4016 4001//4000
f 4017//4016 4018//4017 4002//4001
f 4018//4017 4019//4018 4003//4002
f 4019//4018 4020//4019 4004//4003
f 4020//4019 4021//4020 4005//4004
f 4023//4022 4007//4006 4006//4005
f 4024//4023 4008//4007 4007//4006
f 4025//4024 4009//4008 4008//4007
f 4026//4025 4010//4009 4009//4008
f 4026//4025 4027//4026 4011//4010
f 4027//4026 4028//4027 4012//4011
f 4028//4027 4029//4028 4013//4012
f 4029//4028 4030//4029 4014//4013
f 4030//4029 4031//4030 4015//4014
f 4031//4030 4032//4031 4016//4015
f 4032//4031 4033//4032 4017//4016
f 4033//4032 4034//4033 4018//4017
f 4034//4033 4035//4034 4019//4018
f 4035//4034 4036//4035 4020//4019
f 4036//4035 4037//4036 4021//4020
f 4039//4038 4023//4022 4022//4021
f 4040//4039 4024//4023 4023//4022
f 4041//4040 4025//4024 4024//4023
f 4042//4041 4026//4025 4025//4024
f 4042//4041 4043//4042 4027//4026
f 4043//4042 4044//4043 4028//4027
f 4044//4043 4045//4044 4029//4028
f 4045//4044 4046//4045 4030//4029
f 4046//4045 4047//4046 4031//4030
f 4047//4046 4048//4047 4032//4031
f 4048//4047 4049//4048 4033//4032
f 4049//4048 4050//4049 4034//4033
f 4050//4049 4051//4050 4035//4034
f 4051//4050 4052//4051 4036//4035
f 4052//4051 4053//4052 4037//4036
f 4055//4054 4039//4038 4038//4037
f 4056//4055 4040//4039 4039//4038
f 4057//4056 4041//4040 4040//4039
f 4058//4057 4042//4041 4041//4040
f 4058//4057 4059//4058 4043//4042
f 4059//4058 4060//4059 4044//4043
f 4060//4059 4061//4060 4045//4044
f 4061//4060 4062//4061 4046//4045
f 4062//4061 4063//4062 4047//4046
f 4063//4062 4064//4063 4048//4047
f 4064//4063 4065//4064 4049//4048
f 4065//4064 4066//4065 4050//4049
f 4066//4065 4067//4066 4051//4050
f 4067//4066 4068//4067 4052//4051
f 4068//4067 4069//4068 4053//4052
f 4071//4070 4055//4054 4054//4053
f 4072//4071 4056//4055 4055//4054
f 4073//4072 4057//4056 4056//4055
f 4074//4073 4058//4057 4057//4056
f 4074//4073 4075//4074 4059//4058
f 4075//4074 4076//4075 4060//4059
f 4076//4075 4077//4076 4061//4060
f 4077//4076 4078//4077 4062//4061
f 4078//4077 4079//4078 4063//4062
f 4079//4078 4080//4079 4064//4063
f 4080//4079 4081//4080 4065//4064
f 4081//4080 4082//4081 4066//4065
f 4082//4081 4083//4082 4067//4066
f 4083//4082 4084//4083 4068//4067
f 4084//4083 4085//4084 4069//4068
f 4087//4086 4071//4070 4070//4069
f 4088//4087 4072//4071 4071//4070
f 4089//4088 4073//4072 4072//4071
f 4090//4089 4074//4073 4073//4072
f 4091//4090 4075//4074 4074//4073
f 4091//4090 4092//4091 4076//4075
f 4092//4091 4093//4092 4077//4076
f 4093//4092 4094//4093 4078//4077
f 4094//4093 4095//4094 4079//4078
f 4095//4094 4096//4095 4080//4079
f 4096//4095 4097//4096 4081//4080
f 4097//4096 4098//4097 4082//4081
f 4098//4097 4099//4098 4083//4082
f 4099//4098 4100//4099 4084//4083
f 4100//4099 4101//4100 4085//4084
f 4103//4102 4087//4086 4086//4085
f 4104//4103 4088//4087 4087//4086
f 4105//4104 4089//4088 4088//4087
f 4106//4105 4090//4089 4089//4088
f 4107//4106 4091//4090 4090//4089
f 4107//4106 4108//4107 4092//4091
f 4108//4107 4109//4108 4093//4092
f 4109//4108 4110//4109 4094//4093
f 4110//4109 4111//4110 4095//4094
f 4111//4110 4112//4111 4096//4095
f 4112//4111 4113//4112 4097//4096
f 4113//4112 4114//4113 4098//4097
f 4114//4113 4115//4114 4099//4098
f 4115//4114 4116//4115 4100//4099
f 4116//4115 4117//4116 4101//4100
f 4119//4118 4103//4102 4102//4101
f 4120//4119 4104//4103 4103//4102
f 4121//4120 4105//4104 4104//4103
f 4122//4121 4106//4105 4105//4104
f 4123//4122 4107//4106 4106//4105
f 4123//4122 4124//4123 4108//4107
f 4124//4123 4125//4124 4109//4108
f 4125//4124 4126//4125 4110//4109
f 4126//4125 4127//4126 4111//4110
f 4127//4126 4128//4127 4112//4111
f 4128//4127 4129//4128 4113//4112
f 4129//4128 4130//4129 4114//4113
f 4130//4129 4131//4130 4115//4114
f 4131//4130 4132//4131 4116//4115
f 4132//4131 4133//4132 4117//4116
f 4135//4134 4119//4118 4118//4117
f 4136//4135 4120//4119 4119//4118
f 4137//4136 4121//4120 4120//4119
f 4138//4137 4122//4121 4121//4120
f 4139//4138 4123//4122 4122//4121
f 4139//4138 4140//4139 4124//4123
f 4140//4139 4141//4140 4125//4124
f 4141//4140 4142//4141 4126//4125
f 4142//4141 4143//4142 4127//4126
f 4143//4142 4144//4143 4128//4127
f 4144//4143 4145//4144 4129//4128
f 4145//4144 4146//4145 4130//4129
f 4146//4145 4147//4146 4131//4130
f 4147//4146 4148//4147 4132//4131
f 4148//4147 4149//4148 4133//4132
f 3672//3672 4135//4134 4134//4133
f 3675//3675 4136//4135 4135//4134
f 3677//3677 4137//4136 4136//4135
f 3679//3679 4138//4137 4137//4136
f 3681//3681 4139//4138 4138//4137
f 3683//3683 4140//4139 4139//4138
f 3683//3683 3685//3683 4141//4140
f 3685//3683 3687//3686 4142//4141
f 3687//3686 3689//3688 4143//4142
f 3689//3688 3691//3690 4144//4143
f 3691//3690 3693//3692 4145//4144
f 3693//3692 3695//3694 4146//4145
f 3695//3694 3697//3696 4147//4146
f 3697//3696 3699//3698 4148//4147
f 3699//3698 3701//3700 4149//4148
f 4151//4150 4152//4151 4153//4152
f 4154//4153 4155//4154 4152//4151
f 4156//4155 4157//4156 4155//4154
f 4158//4157 4159//4158 4157//4156
f 4160//4159 4161//4160 4159//4158
f 4162//4161 4163//4162 4161//4160
f 4164//4163 4165//4164 4163//4162
f 4166//4165 4167//4166 4165//4164
f 4166//4165 4168//4167 4169//4168
f 4168//4167 4170//4169 4171//4170
f 4170//4169 4172//4171 4173//4172
f 4172//4171 4174//4173 4175//4174
f 4174//4173 4176//4175 4177//4176
f 4176//4175 4178//4177 4179//4178
f 4178//4177 3670//3670 3673//3673
f 4181//4180 4151//4150 4150//4149
f 4182//4181 4154//4153 4151//4150
f 4183//4182 4156//4155 4154//4153
f 4184//4183 4158//4157 4156//4155
f 4185//4184 4160//4159 4158//4157
f 4186//4185 4162//4161 4160//4159
f 4187//4186 4164//4163 4162//4161
f 4188//4187 4166//4165 4164//4163
f 4188//4187 4189//4188 4168//4167
f 4189//4188 4190//4189 4170//4169
f 4190//4189 4191//4190 4172//4171
f 4191//4190 4192//4191 4174//4173
f 4192//4191 4193//4192 4176//4175
f 4193//4192 4194//4193 4178//4177
f 4194//4193 3702//3701 3670//3670
f 4196//4195 4181//4180 4180//4179
f 4197//4196 4182//4181 4181//4180
f 4198//4197 4183//4182 4182//4181
f 4199//4198 4184//4183 4183//4182
f 4200//4199 4185//4184 4184//4183
f 4201//4200 4186//4185 4185//4184
f 4202//4201 4187//4186 4186//4185
f 4203//4202 4188//4187 4187//4186
f 4203//4202 4204//4203 4189//4188
f 4204//4203 4205//4204 4190//4189
f 4205//4204 4206//4205 4191//4190
f 4206//4205 4207//4206 4192//4191
f 4207//4206 4208//4207 4193//4192
f 4208//4207 4209//4208 4194//4193
f 4209//4208 3718//3717 3702//3701
f 4211//4210 4196//4195 4195//4194
f 4212//4211 4197//4196 4196//4195
f 4213//4212 4198//4197 4197//4196
f 4214//4213 4199//4198 4198//4197
f 4215//4214 4200//4199 4199//4198
f 4216//4215 4201//4200 4200//4199
f 4217//4216 4202//4201 4201//4200
f 4218//4217 4203//4202 4202//4201
f 4218//4217 4219//4218 4204//4203
f 4219//4218 4220//4219 4205//4204
f 4220//4219 4221//4220 4206//4205
f 4221//4220 4222//4221 4207//4206
f 4222//4221 4223//4222 4208//4207
f 4223//4222 4224//4223 4209//4208
f 4224//4223 3734//3733 3718//3717
f 4226//4225 4211//4210 4210//4209
f 4227//4226 4212//4211 4211//4210
f 4228//4227 4213//4212 4212//4211
f 4229//4228 4214//4213 4213//4212
f 4230//4229 4215//4214 4214//4213
f 4231//4230 4216//4215 4215//4214
f 4232//4231 4217//4216 4216//4215
f 4233//4232 4218//4217 4217//4216
f 4233//4232 4234//4233 4219//4218
f 4234//4233 4235//4234 4220//4219
f 4235//4234 4236//4235 4221//4220
f 4236//4235 4237//4236 4222//4221
f 4237//4236 4238//4237 4223//4222
f 4238//4237 4239//4238 4224//4223
f 4239//4238 3750//3749 3734//3733
f 4241//4240 4226//4225 4225//4224
f 4242//4241 4227//4226 4226//4225
f 4243//4242 4228//4227 4227//4226
f 4244//4243 4229//4228 4228//4227
f 4245//4244 4230//4229 4229//4228
f 4246//4245 4231//4230 4230//4229
f 4247//4246 4232//4231 4231//4230
f 4248//4247 4233//4232 4232//4231
f 4248//4247 4249//4248 4234//4233
f 4249//4248 4250//4249 4235//4234
f 4250//4249 4251//4250 4236//4235
f 4251//4250 4252//4251 4237//4236
f 4252//4251 4253//4252 4238//4237
f 4253//4252 4254//4253 4239//4238
f 4254//4253 3766//3765 3750//3749
f 4256//4255 4241//4240 4240//4239
f 4257//4256 4242//4241 4241//4240
f 4258//4257 4243//4242 4242//4241
f 4259//4258 4244//4243 4243//4242
f 4260//4259 4245//4244 4244//4243
f 4261//4260 4246//4245 4245//4244
f 4262//4261 4247//4246 4246//4245
f 4263//4262 4248//4247 4247//4246
f 4263//4262 4264//4263 4249//4248
f 4264//4263 4265//4264 4250//4249
f 4265//4264 4266//4265 4251//4250
f 4266//4265 4267//4266 4252//4251
f 4267//4266 4268//4267 4253//4252
f 4268//4267 4269//4268 4254//4253
f 4269//4268 3782//3781 3766//3765
f 4271//4270 4256//4255 4255//4254
f 4272//4271 4257//4256 4256//4255
f 4273//4272 4258//4257 4257//4256
f 4274//4273 4259//4258 4258//4257
f 4275//4274 4260//4259 4259//4258
f 4276//4275 4261//4260 4260//4259
f 4277//4276 4262//4261 4261//4260
f 4277//4276 4278//4277 4263//4262
f 4278//4277 4279//4278 4264//4263
f 4279//4278 4280//4279 4265//4264
f 4280//4279 4281//4280 4266//4265
f 4281//4280 4282//4281 4267//4266
f 4282//4281 4283//4282 4268//4267
f 4283//4282 4284//4283 4269//4268
f 4284//4283 3798//3797 3782//3781
f 4286//4285 4271//4270 4270//4269
f 4287//4286 4272//4271 4271//4270
f 4288//4287 4273//4272 4272//4271
f 4289//4288 4274//4273 4273//4272
f 4290//4289 4275//4274 4274//4273
f 4291//4290 4276//4275 4275//4274
f 4292//4291 4277//4276 4276//4275
f 4292//4291 4293//4292 4278//4277
f 4293//4292 4294//4293 4279//4278
f 4294//4293 4295//4294 4280//4279
f 4295//4294 4296//4295 4281//4280
f 4296//4295 4297//4296 4282//4281
f 4297//4296 4298//4297 4283//4282
f 4298//4297 4299//4298 4284//4283
f 4299//4298 3814//3813 3798//3797
f 4301//4300 4286//4285 4285//4284
f 4302//4301 4287//4286 4286//4285
f 4303//4302 4288//4287 4287//4286
f 4304//4303 4289//4288 4288//4287
f 4305//4304 4290//4289 4289//4288
f 4306//4305 4291//4290 4290//4289
f 4307//4306 4292//4291 4291//4290
f 4307//4306 4308//4307 4293//4292
f 4308//4307 4309//4308 4294//4293
f 4309//4308 4310//4309 4295//4294
f 4310//4309 4311//4310 4296//4295
f 4311//4310 4312//4311 4297//4296
f 4312//4311 4313//4312 4298//4297
f 4313//4312 4314//4313 4299//4298
f 4314//4313 3830//3829 3814//3813
f 4316//4315 4301//4300 4300//4299
f 4317//4316 4302//4301 4301//4300
f 4318//4317 4303//4302 4302//4301
f 4319//4318 4304//4303 4303//4302
f 4320//4319 4305//4304 4304//4303
f 4321//4320 4306//4305 4305//4304
f 4321//4320 4322//4321 4307//4306
f 4322//4321 4323//4322 4308//4307
f 4323//4322 4324//4323 4309//4308
f 4324//4323 4325//4324 4310//4309
f 4325//4324 4326//4325 4311//4310
f 4326//4325 4327//4326 4312//4311
f 4327//4326 4328//4327 4313//4312
f 4328//4327 4329//4328 4314//4313
f 4329//4328 3846//3845 3830//3829
f 4331//4330 4316//4315 4315//4314
f 4332//4331 4317//4316 4316//4315
f 4333//4332 4318//4317 4317//4316
f 4334//4333 4319//4318 4318//4317
f 4335//4334 4320//4319 4319//4318
f 4336//4335 4321//4320 4320//4319
f 4336//4335 4337//4336 4322//4321
f 4337//4336 4338//4337 4323//4322
f 4338//4337 4339//4338 4324//4323
f 4339//4338 4340//4339 4325//4324
f 4340//4339 4341//4340 4326//4325
f 4341//4340 4342//4341 4327//4326
f 4342//4341 4343//4342 4328//4327
f 4343//4342 4344//4343 4329//4328
f 4344//4343 3862//3861 3846//3845
f 4346//4345 4331//4330 4330//4329
f 4347//4346 4332//4331 4331//4330
f 4348//4347 4333//4332 4332//4331
f 4349//4348 4334//4333 4333//4332
f 4350//4349 4335//4334 4334//4333
f 4351//4350 4336//4335 4335//4334
f 4351//4350 4352//4351 4337//4336
f 4352//4351 4353//4352 4338//4337
f 4353//4352 4354//4353 4339//4338
f 4354//4353 4355//4354 4340//4339
f 4355//4354 4356//4355 4341//4340
f 4356//4355 4357//4356 4342//4341
f 4357//4356 4358//4357 4343//4342
f 4358//4357 4359//4358 4344//4343
f 4359//4358 3878//3877 3862//3861
f 4361//4360 4346//4345 4345//4344
f 4362//4361 4347//4346 4346//4345
f 4363//4362 4348//4347 4347//4346
f 4364//4363 4349//4348 4348//4347
f 4365//4364 4350//4349 4349//4348
f 4366//4365 4351//4350 4350//4349
f 4366//4365 4367//4366 4352//4351
f 4367//4366 4368//4367 4353//4352
f 4368//4367 4369//4368 4354//4353
f 4369//4368 4370//4369 4355//4354
f 4370//4369 4371//4370 4356//4355
f 4371//4370 4372//4371 4357//4356
f 4372//4371 4373//4372 4358//4357
f 4373//4372 4374//4373 4359//4358
f 4374//4373 3894//3893 3878//3877
f 4376//4375 4361//4360 4360//4359
f 4377//4376 4362//4361 4361//4360
f 4378//4377 4363//4362 4362//4361
f 4379//4378 4364//4363 4363//4362
f 4380//4379 4365//4364 4364//4363
f 4381//4380 4366//4365 4365//4364
f 4381//4380 4382//4381 4367//4366
f 4382//4381 4383//4382 4368//4367
f 4383//4382 4384//4383 4369//4368
f 4384//4383 4385//4384 4370//4369
f 4385//4384 4386//4385 4371//4370
f 4386//4385 4387//4386 4372//4371
f 4387//4386 4388//4387 4373//4372
f 4388//4387 4389//4388 4374//4373
f 4389//4388 3910//3909 3894//3893
f 4390//4389 4391//4390 4376//4375
f 4391//4390 4392//4391 4377//4376
f 4392//4391 4393//4392 4378//4377
f 4393//4392 4394//4393 4379//4378
f 4394//4393 4395//4394 4380//4379
f 4395//4394 4396//4395 4381//4380
f 4397//4396 4382//4381 4381//4380
f 4398//4397 4383//4382 4382//4381
f 4399//4398 4384//4383 4383//4382
f 4400//4399 4385//4384 4384//4383
f 4401//4400 4386//4385 4385//4384
f 4402//4401 4387//4386 4386//4385
f 4403//4402 4388//4387 4387//4386
f 4404//4403 4389//4388 4388//4387
f 3926//3925 3910//3909 4389//4388
f 4405//4404 4406//4405 4391//4390
f 4406//4405 4407//4406 4392//4391
f 4407//4406 4408//4407 4393//4392
f 4408//4407 4409//4408 4394//4393
f 4409//4408 4410//4409 4395//4394
f 4410//4409 4411//4410 4396//4395
f 4412//4411 4397//4396 4396//4395
f 4413//4412 4398//4397 4397//4396
f 4414//4413 4399//4398 4398//4397
f 4415//4414 4400//4399 4399//4398
f 4416//4415 4401//4400 4400//4399
f 4417//4416 4402//4401 4401//4400
f 4418//4417 4403//4402 4402//4401
f 4419//4418 4404//4403 4403//4402
f 3942//3941 3926//3925 4404//4403
f 4420//4419 4421//4420 4406//4405
f 4421//4420 4422//4421 4407//4406
f 4422//4421 4423//4422 4408//4407
f 4423//4422 4424//4423 4409//4408
f 4424//4423 4425//4424 4410//4409
f 4425//4424 4426//4425 4411//4410
f 4427//4426 4412//4411 4411//4410
f 4428//4427 4413//4412 4412//4411
f 4429//4428 4414//4413 4413//4412
f 4430//4429 4415//4414 4414//4413
f 4431//4430 4416//4415 4415//4414
f 4432//4431 4417//4416 4416//4415
f 4433//4432 4418//4417 4417//4416
f 4434//4433 4419//4418 4418//4417
f 3958//3957 3942//3941 4419//4418
f 4435//4434 4436//4435 4421//4420
f 4436//4435 4437//4436 4422//4421
f 4437//4436 4438//4437 4423//4422
f 4438//4437 4439//4438 4424//4423
f 4439//4438 4440//4439 4425//4424
f 4440//4439 4441//4440 4426//4425
f 4442//4441 4427//4426 4426//4425
f 4443//4442 4428//4427 4427//4426
f 4444//4443 4429//4428 4428//4427
f 4445//4444 4430//4429 4429//4428
f 4446//4445 4431//4430 4430//4429
f 4447//4446 4432//4431 4431//4430
f 4448//4447 4433//4432 4432//4431
f 4449//4448 4434//4433 4433//4432
f 3974//3973 3958//3957 4434//4433
f 4450//4449 4451//4450 4436//4435
f 4451//4450 4452//4451 4437//4436
f 4452//4451 4453//4452 4438//4437
f 4453//4452 4454//4453 4439//4438
f 4454//4453 4455//4454 4440//4439
f 4455//4454 4456//4455 4441//4440
f 4457//4456 4442//4441 4441//4440
f 4458//4457 4443//4442 4442//4441
f 4459//4458 4444//4443 4443//4442
f 4460//4459 4445//4444 4444//4443
f 4461//4460 4446//4445 4445//4444
f 4462//4461 4447//4446 4446//4445
f 4463//4462 4448//4447 4447//4446
f 4464//4463 4449//4448 4448//4447
f 3990//3989 3974//3973 4449//4448
f 4465//4464 4466//4465 4451//4450
f 4466//4465 4467//4466 4452//4451
f 4467//4466 4468//4467 4453//4452
f 4468//4467 4469//4468 4454//4453
f 4469//4468 4470//4469 4455//4454
f 4470//4469 4471//4470 4456//4455
f 4471//4470 4472//4471 4457//4456
f 4473//4472 4458//4457 4457//4456
f 4474//4473 4459//4458 4458//4457
f 4475//4474 4460//4459 4459//4458
f 4476//4475 4461//4460 4460//4459
f 4477//4476 4462//4461 4461//4460
f 4478//4477 4463//4462 4462//4461
f 4479//4478 4464//4463 4463//4462
f 4006//4005 3990//3989 4464//4463
f 4480//4479 4481//4480 4466//4465
f 4481//4480 4482//4481 4467//4466
f 4482//4481 4483//4482 4468//4467
f 4483//4482 4484//4483 4469//4468
f 4484//4483 4485//4484 4470//4469
f 4485//4484 4486//4485 4471//4470
f 4486//4485 4487//4486 4472//4471
f 4488//4487 4473//4472 4472//4471
f 4489//4488 4474//4473 4473//4472
f 4490//4489 4475//4474 4474//4473
f 4491//4490 4476//4475 4475//4474
f 4492//4491 4477//4476 4476//4475
f 4493//4492 4478//4477 4477//4476
f 4494//4493 4479//4478 4478//4477
f 4022//4021 4006//4005 4479//4478
f 4495//4494 4496//4495 4481//4480
f 4496//4495 4497//4496 4482//4481
f 4497//4496 4498//4497 4483//4482
f 4498//4497 4499//4498 4484//4483
f 4499//4498 4500//4499 4485//4484
f 4500//4499 4501//4500 4486//4485
f 4501//4500 4502//4501 4487//4486
f 4503//4502 4488//4487 4487//4486
f 4504//4503 4489//4488 4488//4487
f 4505//4504 4490//4489 4489//4488
f 4506//4505 4491//4490 4490//4489
f 4507//4506 4492//4491 4491//4490
f 4508//4507 4493//4492 4492//4491
f 4509//4508 4494//4493 4493//4492
f 4038//4037 4022//4021 4494//4493
f 4510//4509 4511//4510 4496//4495
f 4511//4510 4512//4511 4497//4496
f 4512//4511 4513//4512 4498//4497
f 4513//4512 4514//4513 4499//4498
f 4514//4513 4515//4514 4500//4499
f 4515//4514 4516//4515 4501//4500
f 4516//4515 4517//4516 4502//4501
f 4517//4516 4518//4517 4503//4502
f 4519//4518 4504//4503 4503//4502
f 4520//4519 4505//4504 4504//4503
f 4521//4520 4506//4505 4505//4504
f 4522//4521 4507//4506 4506//4505
f 4523//4522 4508//4507 4507//4506
f 4524//4523 4509//4508 4508//4507
f 4054//4053 4038//4037 4509//4508
f 4525//4524 4526//4525 4511//4510
f 4526//4525 4527//4526 4512//4511
f 4527//4526 4528//4527 4513//4512
f 4528//4527 4529//4528 4514//4513
f 4529//4528 4530//4529 4515//4514
f 4530//4529 4531//4530 4516//4515
f 4531//4530 4532//4531 4517//4516
f 4532//4531 4533//4532 4518//4517
f 4534//4533 4519//4518 4518//4517
f 4535//4534 4520//4519 4519//4518
f 4536//4535 4521//4520 4520//4519
f 4537//4536 4522//4521 4521//4520
f 4538//4537 4523//4522 4522//4521
f 4539//4538 4524//4523 4523//4522
f 4070//4069 4054//4053 4524//4523
f 4540//4539 4541//4540 4526//4525
f 4541//4540 4542//4541 4527//4526
f 4542//4541 4543//4542 4528//4527
f 4543//4542 4544//4543 4529//4528
f 4544//4543 4545//4544 4530//4529
f 4545//4544 4546//4545 4531//4530
f 4546//4545 4547//4546 4532//4531
f 4547//4546 4548//4547 4533//4532
f 4549//4548 4534//4533 4533//4532
f 4550//4549 4535//4534 4534//4533
f 4551//4550 4536//4535 4535//4534
f 4552//4551 4537//4536 4536//4535
f 4553//4552 4538//4537 4537//4536
f 4554//4553 4539//4538 4538//4537
f 4086//4085 4070//4069 4539//4538
f 4555//4554 4556//4555 4541//4540
f 4556//4555 4557//4556 4542//4541
f 4557//4556 4558//4557 4543//4542
f 4558//4557 4559//4558 4544//4543
f 4559//4558 4560//4559 4545//4544
f 4560//4559 4561//4560 4546//4545
f 4561//4560 4562//4561 4547//4546
f 4562//4561 4563//4562 4548//4547
f 4564//4563 4549//4548 4548//4547
f 4565//4564 4550//4549 4549//4548
f 4566//4565 4551//4550 4550//4549
f 4567//4566 4552//4551 4551//4550
f 4568//4567 4553//4552 4552//4551
f 4569//4568 4554//4553 4553//4552
f 4102//4101 4086//4085 4554//4553
f 4570//4569 4571//4570 4556//4555
f 4571//4570 4572//4571 4557//4556
f 4572//4571 4573//4572 4558//4557
f 4573//4572 4574//4573 4559//4558
f 4574//4573 4575//4574 4560//4559
f 4575//4574 4576//4575 4561//4560
f 4576//4575 4577//4576 4562//4561
f 4577//4576 4578//4577 4563//4562
f 4579//4578 4564//4563 4563//4562
f 4580//4579 4565//4564 4564//4563
f 4581//4580 4566//4565 4565//4564
f 4582//4581 4567//4566 4566//4565
f 4583//4582 4568//4567 4567//4566
f 4584//4583 4569//4568 4568//4567
f 4118//4117 4102//4101 4569//4568
f 4585//4584 4586//4585 4571//4570
f 4586//4585 4587//4586 4572//4571
f 4587//4586 4588//4587 4573//4572
f 4588//4587 4589//4588 4574//4573
f 4589//4588 4590//4589 4575//4574
f 4590//4589 4591//4590 4576//4575
f 4591//4590 4592//4591 4577//4576
f 4592//4591 4593//4592 4578//4577
f 4594//4593 4579//4578 4578//4577
f 4595//4594 4580//4579 4579//4578
f 4596//4595 4581//4580 4580//4579
f 4597//4596 4582//4581 4581//4580
f 4598//4597 4583//4582 4582//4581
f 4599//4598 4584//4583 4583//4582
f 4134//4133 4118//4117 4584//4583
f 4153//4152 4152//4151 4586//4585
f 4152//4151 4155//4154 4587//4586
f 4155//4154 4157//4156 4588//4587
f 4157//4156 4159//4158 4589//4588
f 4159//4158 4161//4160 4590//4589
f 4161//4160 4163//4162 4591//4590
f 4163//4162 4165//4164 4592//4591
f 4165//4164 4167//4166 4593//4592
f 4169//4168 4594//4593 4593//4592
f 4171//4170 4595//4594 4594//4593
f 4173//4172 4596//4595 4595//4594
f 4175//4174 4597//4596 4596//4595
f 4177//4176 4598//4597 4597//4596
f 4179//4178 4599//4598 4598//4597
f 3673//3673 4134//4133 4599//4598
f 4601//4600 4602//4601 4603//4602
f 4604//4603 4605//4604 4602//4601
f 4604//4603 4606//4605 4607//4606
f 4606//4605 4608//4607 4609//4608
f 4608//4607 4610//4609 4611//4610
f 4610//4609 4612//4611 4613//4612
f 4612//4611 4614//4613 4615//4614
f 4614//4613 4616//4615 4617//4616
f 4616//4615 4618//4617 4619//4618
f 4618//4617 4620//4619 4621//4620
f 4622//4621 4623//4622 4621//4620
f 4624//4623 4625//4624 4623//4622
f 4626//4625 4627//4626 4625//4624
f 4628//4627 4629//4628 4627//4626
f 4632//4631 4601//4600 4600//4599
f 4633//4632 4604//4603 4601//4600
f 4633//4632 4634//4633 4606//4605
f 4634//4633 4635//4634 4608//4607
f 4635//4634 4636//4635 4610//4609
f 4636//4635 4637//4636 4612//4611
f 4637//4636 4638//4637 4614//4613
f 4638//4637 4639//4638 4616//4615
f 4639//4638 4640//4639 4618//4617
f 4640//4639 4641//4640 4620//4619
f 4642//4641 4622//4621 4620//4619
f 4643//4642 4624//4623 4622//4621
f 4644//4643 4626//4625 4624//4623
f 4645//4644 4628//4627 4626//4625
f 4647//4646 4632//4631 4631//4630
f 4648//4647 4633//4632 4632//4631
f 4648//4647 4649//4648 4634//4633
f 4649//4648 4650//4649 4635//4634
f 4650//4649 4651//4650 4636//4635
f 4651//4650 4652//4651 4637//4636
f 4652//4651 4653//4652 4638//4637
f 4653//4652 4654//4653 4639//4638
f 4654//4653 4655//4654 4640//4639
f 4655//4654 4656//4655 4641//4640
f 4657//4656 4642//4641 4641//4640
f 4658//4657 4643//4642 4642//4641
f 4659//4658 4644//4643 4643//4642
f 4660//4659 4645//4644 4644//4643
f 4662//4661 4647//4646 4646//4645
f 4663//4662 4648//4647 4647//4646
f 4663//4662 4664//4663 4649//4648
f 4664//4663 4665//4664 4650//4649
f 4665//4664 4666//4665 4651//4650
f 4666//4665 4667//4666 4652//4651
f 4667//4666 4668//4667 4653//4652
f 4668//4667 4669//4668 4654//4653
f 4669//4668 4670//4669 4655//4654
f 4670//4669 4671//4670 4656//4655
f 4672//4671 4657//4656 4656//4655
f 4673//4672 4658//4657 4657//4656
f 4674//4673 4659//4658 4658//4657
f 4675//4674 4660//4659 4659//4658
f 4677//4676 4662//4661 4661//4660
f 4678//4677 4663//4662 4662//4661
f 4678//4677 4679//4678 4664//4663
f 4679//4678 4680//4679 4665//4664
f 4680//4679 4681//4680 4666//4665
f 4681//4680 4682//4681 4667//4666
f 4682//4681 4683//4682 4668//4667
f 4683//4682 4684//4683 4669//4668
f 4684//4683 4685//4684 4670//4669
f 4685//4684 4686//4685 4671//4670
f 4687//4686 4672//4671 4671//4670
f 4688//4687 4673//4672 4672//4671
f 4689//4688 4674//4673 4673//4672
f 4690//4689 4675//4674 4674//4673
f 4692//4691 4677//4676 4676//4675
f 4693//4692 4678//4677 4677//4676
f 4693//4692 4694//4693 4679//4678
f 4694//4693 4695//4694 4680//4679
f 4695//4694 4696//4695 4681//4680
f 4696//4695 4697//4696 4682//4681
f 4697//4696 4698//4697 4683//4682
f 4698//4697 4699//4698 4684//4683
f 4699//4698 4700//4699 4685//4684
f 4700//4699 4701//4700 4686//4685
f 4702//4701 4687//4686 4686//4685
f 4703//4702 4688//4687 4687//4686
f 4704//4703 4689//4688 4688//4687
f 4705//4704 4690//4689 4689//4688
f 4707//4706 4692//4691 4691//4690
f 4708//4707 4693//4692 4692//4691
f 4708//4707 4709//4708 4694//4693
f 4709//4708 4710//4709 4695//4694
f 4710//4709 4711//4710 4696//4695
f 4711//4710 4712//4711 4697//4696
f 4712//4711 4713//4712 4698//4697
f 4713//4712 4714//4713 4699//4698
f 4714//4713 4715//4714 4700//4699
f 4715//4714 4716//4715 4701//4700
f 4717//4716 4702//4701 4701//4700
f 4718//4717 4703//4702 4702//4701
f 4719//4718 4704//4703 4703//4702
f 4720//4719 4705//4704 4704//4703
f 4722//4721 4707//4706 4706//4705
f 4723//4722 4708//4707 4707//4706
f 4724//4723 4709//4708 4708//4707
f 4725//4724 4710//4709 4709//4708
f 4725//4724 4726//4725 4711//4710
f 4727//4726 4712//4711 4711//4710
f 4728//4727 4713//4712 4712//4711
f 4728//4727 4729//4728 4714//4713
f 4730//4729 4715//4714 4714//4713
f 4730//4729 4731//4730 4716//4715
f 4732//4731 4717//4716 4716//4715
f 4733//4732 4718//4717 4717//4716
f 4733//4732 4734//4733 4719//4718
f 4735//4734 4720//4719 4719//4718
f 4736//4735 4737//4736 4722//4721
f 4737//4736 4738//4737 4723//4722
f 4739//4738 4724//4723 4723//4722
f 4740//4739 4725//4724 4724//4723
f 4741//4740 4726//4725 4725//4724
f 4742//4741 4727//4726 4726//4725
f 4743//4742 4728//4727 4727//4726
f 4744//4743 4729//4728 4728//4727
f 4745//4744 4730//4729 4729//4728
f 4746//4745 4731//4730 4730//4729
f 4746//4745 4747//4746 4732//4731
f 4747//4746 4748//4747 4733//4732
f 4748//4747 4749//4748 4734//4733
f 4749//4748 4750//4749 4735//4734
f 4751//4750 4752//4751 4737//4736
f 4752//4751 4753//4752 4738//4737
f 4754//4753 4739//4738 4738//4737
f 4755//4754 4740//4739 4739//4738
f 4756//4755 4741//4740 4740//4739
f 4757//4756 4742//4741 4741//4740
f 4758//4757 4743//4742 4742//4741
f 4759//4758 4744//4743 4743//4742
f 4760//4759 4745//4744 4744//4743
f 4761//4760 4746//4745 4745//4744
f 4761//4760 4762//4761 4747//4746
f 4762//4761 4763//4762 4748//4747
f 4763//4762 4764//4763 4749//4748
f 4764//4763 4765//4764 4750//4749
f 4766//4765 4767//4766 4752//4751
f 4767//4766 4768//4767 4753//4752
f 4769//4768 4754//4753 4753//4752
f 4770//4769 4755//4754 4754//4753
f 4771//4770 4756//4755 4755//4754
f 4772//4771 4757//4756 4756//4755
f 4773//4772 4758//4757 4757//4756
f 4774//4773 4759//4758 4758//4757
f 4775//4774 4760//4759 4759//4758
f 4776//4775 4761//4760 4760//4759
f 4776//4775 4777//4776 4762//4761
f 4777//4776 4778//4777 4763//4762
f 4778//4777 4779//4778 4764//4763
f 4779//4778 4780//4779 4765//4764
f 4781//4780 4782//4781 4767//4766
f 4782//4781 4783//4782 4768//4767
f 4784//4783 4769//4768 4768//4767
f 4785//4784 4770//4769 4769//4768
f 4786//4785 4771//4770 4770//4769
f 4787//4786 4772//4771 4771//4770
f 4788//4787 4773//4772 4772//4771
f 4789//4788 4774//4773 4773//4772
f 4790//4789 4775//4774 4774//4773
f 4791//4790 4776//4775 4775//4774
f 4791//4790 4792//4791 4777//4776
f 4792//4791 4793//4792 4778//4777
f 4793//4792 4794//4793 4779//4778
f 4794//4793 4795//4794 4780//4779
f 4796//4795 4797//4796 4782//4781
f 4797//4796 4798//4797 4783//4782
f 4799//4798 4784//4783 4783//4782
f 4800//4799 4785//4784 4784//4783
f 4801//4800 4786//4785 4785//4784
f 4802//4801 4787//4786 4786//4785
f 4803//4802 4788//4787 4787//4786
f 4804//4803 4789//4788 4788//4787
f 4805//4804 4790//4789 4789//4788
f 4806//4805 4791//4790 4790//4789
f 4806//4805 4807//4806 4792//4791
f 4807//4806 4808//4807 4793//4792
f 4808//4807 4809//4808 4794//4793
f 4809//4808 4810//4809 4795//4794
f 4811//4810 4812//4811 4797//4796
f 4812//4811 4813//4812 4798//4797
f 4814//4813 4799//4798 4798//4797
f 4815//4814 4800//4799 4799//4798
f 4816//4815 4801//4800 4800//4799
f 4817//4816 4802//4801 4801//4800
f 4818//4817 4803//4802 4802//4801
f 4819//4818 4804//4803 4803//4802
f 4820//4819 4805//4804 4804//4803
f 4821//4820 4806//4805 4805//4804
f 4821//4820 4822//4821 4807//4806
f 4822//4821 4823//4822 4808//4807
f 4823//4822 4824//4823 4809//4808
f 4824//4823 4825//4824 4810//4809
f 4826//4825 4827//4826 4812//4811
f 4827//4826 4828//4827 4813//4812
f 4829//4828 4814//4813 4813//4812
f 4830//4829 4815//4814 4814//4813
f 4831//4830 4816//4815 4815//4814
f 4832//4831 4817//4816 4816//4815
f 4833//4832 4818//4817 4817//4816
f 4834//4833 4819//4818 4818//4817
f 4835//4834 4820//4819 4819//4818
f 4836//4835 4821//4820 4820//4819
f 4836//4835 4837//4836 4822//4821
f 4837//4836 4838//4837 4823//4822
f 4838//4837 4839//4838 4824//4823
f 4839//4838 4840//4839 4825//4824
f 4842//4841 4843//4842 4844//4843
f 4845//4844 4846//4845 4843//4842
f 4845//4844 4847//4846 4848//4847
f 4847//4846 4849//4848 4850//4849
f 4849//4848 4851//4850 4852//4851
f 4851//4850 4853//4852 4854//4853
f 4853//4852 4855//4854 4856//4855
f 4855//4854 4857//4856 4858//4857
f 4857//4856 4859//4858 4860//4859
f 4859//4858 4861//4860 4862//4861
f 4863//4862 4864//4863 4862//4861
f 4865//4864 4866//4865 4864//4863
f 4867//4866 4868//4867 4866//4865
f 4869//4868 4870//4869 4868//4867
f 4872//4871 4842//4841 4841//4840
f 4873//4872 4845//4844 4842//4841
f 4873//4872 4874//4873 4847//4846
f 4874//4873 4875//4874 4849//4848
f 4875//4874 4876//4875 4851//4850
f 4876//4875 4877//4876 4853//4852
f 4877//4876 4878//4877 4855//4854
f 4878//4877 4879//4878 4857//4856
f 4879//4878 4880//4879 4859//4858
f 4880//4879 4881//4880 4861//4860
f 4882//4881 4863//4862 4861//4860
f 4883//4882 4865//4864 4863//4862
f 4884//4883 4867//4866 4865//4864
f 4885//4884 4869//4868 4867//4866
f 4887//4886 4872//4871 4871//4870
f 4888//4887 4873//4872 4872//4871
f 4888//4887 4889//4888 4874//4873
f 4889//4888 4890//4889 4875//4874
f 4890//4889 4891//4890 4876//4875
f 4891//4890 4892//4891 4877//4876
f 4892//4891 4893//4892 4878//4877
f 4893//4892 4894//4893 4879//4878
f 4894//4893 4895//4894 4880//4879
f 4895//4894 4896//4895 4881//4880
f 4897//4896 4882//4881 4881//4880
f 4898//4897 4883//4882 4882//4881
f 4899//4898 4884//4883 4883//4882
f 4900//4899 4885//4884 4884//4883
f 4902//4901 4887//4886 4886//4885
f 4903//4902 4888//4887 4887//4886
f 4903//4902 4904//4903 4889//4888
f 4904//4903 4905//4904 4890//4889
f 4905//4904 4906//4905 4891//4890
f 4906//4905 4907//4906 4892//4891
f 4907//4906 4908//4907 4893//4892
f 4908//4907 4909//4908 4894//4893
f 4909//4908 4910//4909 4895//4894
f 4910//4909 4911//4910 4896//4895
f 4912//4911 4897//4896 4896//4895
f 4913//4912 4898//4897 4897//4896
f 4914//4913 4899//4898 4898//4897
f 4915//4914 4900//4899 4899//4898
f 4917//4916 4902//4901 4901//4900
f 4918//4917 4903//4902 4902//4901
f 4918//4917 4919//4918 4904//4903
f 4919//4918 4920//4919 4905//4904
f 4920//4919 4921//4920 4906//4905
f 4921//4920 4922//4921 4907//4906
f 4922//4921 4923//4922 4908//4907
f 4923//4922 4924//4923 4909//4908
f 4924//4923 4925//4924 4910//4909
f 4925//4924 4926//4925 4911//4910
f 4927//4926 4912//4911 4911//4910
f 4928//4927 4913//4912 4912//4911
f 4929//4928 4914//4913 4913//4912
f 4930//4929 4915//4914 4914//4913
f 4932//4931 4917//4916 4916//4915
f 4933//4932 4918//4917 4917//4916
f 4933//4932 4934//4933 4919//4918
f 4934//4933 4935//4934 4920//4919
f 4935//4934 4936//4935 4921//4920
f 4936//4935 4937//4936 4922//4921
f 4937//4936 4938//4937 4923//4922
f 4938//4937 4939//4938 4924//4923
f 4939//4938 4940//4939 4925//4924
f 4940//4939 4941//4940 4926//4925
f 4942//4941 4927//4926 4926//4925
f 4943//4942 4928//4927 4927//4926
f 4944//4943 4929//4928 4928//4927
f 4945//4944 4930//4929 4929//4928
f 4947//4946 4932//4931 4931//4930
f 4948//4947 4933//4932 4932//4931
f 4948//4947 4949//4948 4934//4933
f 4949//4948 4950//4949 4935//4934
f 4950//4949 4951//4950 4936//4935
f 4951//4950 4952//4951 4937//4936
f 4952//4951 4953//4952 4938//4937
f 4953//4952 4954//4953 4939//4938
f 4954//4953 4955//4954 4940//4939
f 4955//4954 4956//4955 4941//4940
f 4957//4956 4942//4941 4941//4940
f 4958//4957 4943//4942 4942//4941
f 4959//4958 4944//4943 4943//4942
f 4960//4959 4945//4944 4944//4943
f 4962//4961 4947//4946 4946//4945
f 4963//4962 4948//4947 4947//4946
f 4964//4963 4949//4948 4948//4947
f 4965//4964 4950//4949 4949//4948
f 4966//4965 4951//4950 4950//4949
f 4967//4966 4952//4951 4951//4950
f 4968//4967 4953//4952 4952//4951
f 4968//4967 4969//4968 4954//4953
f 4969//4968 4970//4969 4955//4954
f 4971//4970 4956//4955 4955//4954
f 4972//4971 4957//4956 4956//4955
f 4973//4972 4958//4957 4957//4956
f 4973//4972 4974//4973 4959//4958
f 4975//4974 4960//4959 4959//4958
f 4976//4975 4977//4976 4962//4961
f 4977//4976 4978//4977 4963//4962
f 4979//4978 4964//4963 4963//4962
f 4980//4979 4965//4964 4964//4963
f 4981//4980 4966//4965 4965//4964
f 4982//4981 4967//4966 4966//4965
f 4983//4982 4968//4967 4967//4966
f 4984//4983 4969//4968 4968//4967
f 4985//4984 4970//4969 4969//4968
f 4986//4985 4971//4970 4970//4969
f 4986//4985 4987//4986 4972//4971
f 4987//4986 4988//4987 4973//4972
f 4988//4987 4989//4988 4974//4973
f 4989//4988 4990//4989 4975//4974
f 4991//4990 4992//4991 4977//4976
f 4992//4991 4993//4992 4978//4977
f 4994//4993 4979//4978 4978//4977
f 4995//4994 4980//4979 4979//4978
f 4996//4995 4981//4980 4980//4979
f 4997//4996 4982//4981 4981//4980
f 4998//4997 4983//4982 4982//4981
f 4999//4998 4984//4983 4983//4982
f 5000//4999 4985//4984 4984//4983
f 5001//5000 4986//4985 4985//4984
f 5001//5000 5002//5001 4987//4986
f 5002//5001 5003//5002 4988//4987
f 5003//5002 5004//5003 4989//4988
f 5004//5003 5005//5004 4990//4989
f 5006//5005 5007//5006 4992//4991
f 5007//5006 5008//5007 4993//4992
f 5009//5008 4994//4993 4993//4992
f 5010//5009 4995//4994 4994//4993
f 5011//5010 4996//4995 4995//4994
f 5012//5011 4997//4996 4996//4995
f 5013//5012 4998//4997 4997//4996
f 5014//5013 4999//4998 4998//4997
f 5015//5014 5000//4999 4999//4998
f 5016//5015 5001//5000 5000//4999
f 5016//5015 5017//5016 5002//5001
f 5017//5016 5018//5017 5003//5002
f 5018//5017 5019//5018 5004//5003
f 5019//5018 5020//5019 5005//5004
f 5021//5020 5022//5021 5007//5006
f 5022//5021 5023//5022 5008//5007
f 5024//5023 5009//5008 5008//5007
f 5025//5024 5010//5009 5009//5008
f 5026//5025 5011//5010 5010//5009
f 5027//5026 5012//5011 5011//5010
f 5028//5027 5013//5012 5012//5011
f 5029//5028 5014//5013 5013//5012
f 5030//5029 5015//5014 5014//5013
f 5031//5030 5016//5015 5015//5014
f 5031//5030 5032//5031 5017//5016
f 5032//5031 5033//5032 5018//5017
f 5033//5032 5034//5033 5019//5018
f 5034//5033 5035//5034 5020//5019
f 5036//5035 5037//5036 5022//5021
f 5037//5036 5038//5037 5023//5022
f 5039//5038 5024//5023 5023//5022
f 5040//5039 5025//5024 5024//5023
f 5041//5040 5026//5025 5025//5024
f 5042//5041 5027//5026 5026//5025
f 5043//5042 5028//5027 5027//5026
f 5044//5043 5029//5028 5028//5027
f 5045//5044 5030//5029 5029//5028
f 5046//5045 5031//5030 5030//5029
f 5046//5045 5047//5046 5032//5031
f 5047//5046 5048//5047 5033//5032
f 5048//5047 5049//5048 5034//5033
f 5049//5048 5050//5049 5035//5034
f 5051//5050 5052//5051 5037//5036
f 5052//5051 5053//5052 5038//5037
f 5054//5053 5039//5038 5038//5037
f 5055//5054 5040//5039 5039//5038
f 5056//5055 5041//5040 5040//5039
f 5057//5056 5042//5041 5041//5040
f 5058//5057 5043//5042 5042//5041
f 5059//5058 5044//5043 5043//5042
f 5060//5059 5045//5044 5044//5043
f 5061//5060 5046//5045 5045//5044
f 5061//5060 5062//5061 5047//5046
f 5062//5061 5063//5062 5048//5047
f 5063//5062 5064//5063 5049//5048
f 5064//5063 5065//5064 5050//5049
f 4603//4602 4602//4601 5052//5051
f 4602//4601 4605//4604 5053//5052
f 4607//4606 5054//5053 5053//5052
f 4609//4608 5055//5054 5054//5053
f 4611//4610 5056//5055 5055//5054
f 4613//4612 5057//5056 5056//5055
f 4615//4614 5058//5057 5057//5056
f 4617//4616 5059//5058 5058//5057
f 4619//4618 5060//5059 5059//5058
f 4621//4620 5061//5060 5060//5059
f 4621//4620 4623//4622 5062//5061
f 4623//4622 4625//4624 5063//5062
f 4625//4624 4627//4626 5064//5063
f 4627//4626 4629//4628 5065//5064
f 5067//5066 5068//5067 5069//5068
f 5070//5069 5071//5070 5068//5067
f 5070//5069 5072//5071 5073//5072
f 5072//5071 5074//5073 5075//5074
f 5074//5073 5076//5075 5077//5076
f 5076//5075 5078//5077 5079//5078
f 5078//5077 5080//5079 5081//5080
f 5080//5079 5082//5081 5083//5082
f 5082//5081 5084//5083 5085//5084
f 5084//5083 5086//5085 5087//5086
f 5088//5087 5089//5088 5087//5086
f 5090//5089 5091//5090 5089//5088
f 5092//5091 5093//5092 5091//5090
f 5094//5093 5095//5094 5093//5092
f 5097//5096 5067//5066 5066//5065
f 5098//5097 5070//5069 5067//5066
f 5098//5097 5099//5098 5072//5071
f 5099//5098 5100//5099 5074//5073
f 5100//5099 5101//5100 5076//5075
f 5101//5100 5102//5101 5078//5077
f 5102//5101 5103//5102 5080//5079
f 5103//5102 5104//5103 5082//5081
f 5104//5103 5105//5104 5084//5083
f 5105//5104 5106//5105 5086//5085
f 5107//5106 5088//5087 5086//5085
f 5108//5107 5090//5089 5088//5087
f 5109//5108 5092//5091 5090//5089
f 5110//5109 5094//5093 5092//5091
f 5112//5111 5097//5096 5096//5095
f 5113//5112 5098//5097 5097//5096
f 5113//5112 5114//5113 5099//5098
f 5114//5113 5115//5114 5100//5099
f 5115//5114 5116//5115 5101//5100
f 5116//5115 5117//5116 5102//5101
f 5117//5116 5118//5117 5103//5102
f 5118//5117 5119//5118 5104//5103
f 5119//5118 5120//5119 5105//5104
f 5120//5119 5121//5120 5106//5105
f 5122//5121 5107//5106 5106//5105
f 5123//5122 5108//5107 5107//5106
f 5124//5123 5109//5108 5108//5107
f 5125//5124 5110//5109 5109//5108
f 5127//5126 5112//5111 5111//5110
f 5128//5127 5113//5112 5112//5111
f 5128//5127 5129//5128 5114//5113
f 5129//5128 5130//5129 5115//5114
f 5130//5129 5131//5130 5116//5115
f 5131//5130 5132//5131 5117//5116
f 5132//5131 5133//5132 5118//5117
f 5133//5132 5134//5133 5119//5118
f 5134//5133 5135//5134 5120//5119
f 5135//5134 5136//5135 5121//5120
f 5137//5136 5122//5121 5121//5120
f 5138//5137 5123//5122 5122//5121
f 5139//5138 5124//5123 5123//5122
f 5140//5139 5125//5124 5124//5123
f 5142//5141 5127//5126 5126//5125
f 5143//5142 5128//5127 5127//5126
f 5143//5142 5144//5143 5129//5128
f 5144//5143 5145//5144 5130//5129
f 5145//5144 5146//5145 5131//5130
f 5146//5145 5147//5146 5132//5131
f 5147//5146 5148//5147 5133//5132
f 5148//5147 5149//5148 5134//5133
f 5149//5148 5150//5149 5135//5134
f 5150//5149 5151//5150 5136//5135
f 5152//5151 5137//5136 5136//5135
f 5153//5152 5138//5137 5137//5136
f 5154//5153 5139//5138 5138//5137
f 5155//5154 5140//5139 5139//5138
f 5157//5156 5142//5141 5141//5140
f 5158//5157 5143//5142 5142//5141
f 5158//5157 5159//5158 5144//5143
f 5159//5158 5160//5159 5145//5144
f 5160//5159 5161//5160 5146//5145
f 5161//5160 5162//5161 5147//5146
f 5162//5161 5163//5162 5148//5147
f 5163//5162 5164//5163 5149//5148
f 5164//5163 5165//5164 5150//5149
f 5165//5164 5166//5165 5151//5150
f 5167//5166 5152//5151 5151//5150
f 5168//5167 5153//5152 5152//5151
f 5169//5168 5154//5153 5153//5152
f 5170//5169 5155//5154 5154//5153
f 5172//5171 5157//5156 5156//5155
f 5173//5172 5158//5157 5157//5156
f 5173//5172 5174//5173 5159//5158
f 5174//5173 5175//5174 5160//5159
f 5175//5174 5176//5175 5161//5160
f 5176//5175 5177//5176 5162//5161
f 5177//5176 5178//5177 5163//5162
f 5178//5177 5179//5178 5164//5163
f 5179//5178 5180//5179 5165//5164
f 5180//5179 5181//5180 5166//5165
f 5182//5181 5167//5166 5166//5165
f 5183//5182 5168//5167 5167//5166
f 5184//5183 5169//5168 5168//5167
f 5185//5184 5170//5169 5169//5168
f 5187//5186 5172//5171 5171//5170
f 5187//5186 5188//5187 5173//5172
f 5189//5188 5174//5173 5173//5172
f 5189//5188 5190//5189 5175//5174
f 5190//5189 5191//5190 5176//5175
f 5192//5191 5177//5176 5176//5175
f 5192//5191 5193//5192 5178//5177
f 5194//5193 5179//5178 5178//5177
f 5195//5194 5180//5179 5179//5178
f 5195//5194 5196//5195 5181//5180
f 5197//5196 5182//5181 5181//5180
f 5197//5196 5198//5197 5183//5182
f 5199//5198 5184//5183 5183//5182
f 5199//5198 5200//5199 5185//5184
f 5201//5200 5202//5201 5187//5186
f 5202//5201 5203//5202 5188//5187
f 5204//5203 5189//5188 5188//5187
f 5205//5204 5190//5189 5189//5188
f 5206//5205 5191//5190 5190//5189
f 5207//5206 5192//5191 5191//5190
f 5208//5207 5193//5192 5192//5191
f 5209//5208 5194//5193 5193//5192
f 5210//5209 5195//5194 5194//5193
f 5211//5210 5196//5195 5195//5194
f 5211//5210 5212//5211 5197//5196
f 5212//5211 5213//5212 5198//5197
f 5213//5212 5214//5213 5199//5198
f 5214//5213 5215//5214 5200//5199
f 5216//5215 5217//5216 5202//5201
f 5217//5216 5218//5217 5203//5202
f 5219//5218 5204//5203 5203//5202
f 5220//5219 5205//5204 5204//5203
f 5221//5220 5206//5205 5205//5204
f 5222//5221 5207//5206 5206//5205
f 5223//5222 5208//5207 5207//5206
f 5224//5223 5209//5208 5208//5207
f 5225//5224 5210//5209 5209//5208
f 5226//5225 5211//5210 5210//5209
f 5226//5225 5227//5226 5212//5211
f 5227//5226 5228//5227 5213//5212
f 5228//5227 5229//5228 5214//5213
f 5229//5228 5230//5229 5215//5214
f 5231//5230 5232//5231 5217//5216
f 5232//5231 5233//5232 5218//5217
f 5234//5233 5219//5218 5218//5217
f 5235//5234 5220//5219 5219//5218
f 5236//5235 5221//5220 5220//5219
f 5237//5236 5222//5221 5221//5220
f 5238//5237 5223//5222 5222//5221
f 5239//5238 5224//5223 5223//5222
f 5240//5239 5225//5224 5224//5223
f 5241//5240 5226//5225 5225//5224
f 5241//5240 5242//5241 5227//5226
f 5242//5241 5243//5242 5228//5227
f 5243//5242 5244//5243 5229//5228
f 5244//5243 5245//5244 5230//5229
f 5246//5245 5247//5246 5232//5231
f 5247//5246 5248//5247 5233//5232
f 5249//5248 5234//5233 5233//5232
f 5250//5249 5235//5234 5234//5233
f 5251//5250 5236//5235 5235//5234
f 5252//5251 5237//5236 5236//5235
f 5253//5252 5238//5237 5237//5236
f 5254//5253 5239//5238 5238//5237
f 5255//5254 5240//5239 5239//5238
f 5256//5255 5241//5240 5240//5239
f 5256//5255 5257//5256 5242//5241
f 5257//5256 5258//5257 5243//5242
f 5258//5257 5259//5258 5244//5243
f 5259//5258 5260//5259 5245//5244
f 5261//5260 5262//5261 5247//5246
f 5262//5261 5263//5262 5248//5247
f 5264//5263 5249//5248 5248//5247
f 5265//5264 5250//5249 5249//5248
f 5266//5265 5251//5250 5250//5249
f 5267//5266 5252//5251 5251//5250
f 5268//5267 5253//5252 5252//5251
f 5269//5268 5254//5253 5253//5252
f 5270//5269 5255//5254 5254//5253
f 5271//5270 5256//5255 5255//5254
f 5271//5270 5272//5271 5257//5256
f 5272//5271 5273//5272 5258//5257
f 5273//5272 5274//5273 5259//5258
f 5274//5273 5275//5274 5260//5259
f 5276//5275 5277//5276 5262//5261
f 5277//5276 5278//5277 5263//5262
f 5279//5278 5264//5263 5263//5262
f 5280//5279 5265//5264 5264//5263
f 5281//5280 5266//5265 5265//5264
f 5282//5281 5267//5266 5266//5265
f 5283//5282 5268//5267 5267//5266
f 5284//5283 5269//5268 5268//5267
f 5285//5284 5270//5269 5269//5268
f 5286//5285 5271//5270 5270//5269
f 5286//5285 5287//5286 5272//5271
f 5287//5286 5288//5287 5273//5272
f 5288//5287 5289//5288 5274//5273
f 5289//5288 5290//5289 5275//5274
f 4844//4843 4843//4842 5277//5276
f 4843//4842 4846//4845 5278//5277
f 4848//4847 5279//5278 5278//5277
f 4850//4849 5280//5279 5279//5278
f 4852//4851 5281//5280 5280//5279
f 4854//4853 5282//5281 5281//5280
f 4856//4855 5283//5282 5282//5281
f 4858//4857 5284//5283 5283//5282
f 4860//4859 5285//5284 5284//5283
f 4862//4861 5286//5285 5285//5284
f 4862//4861 4864//4863 5287//5286
f 4864//4863 4866//4865 5288//5287
f 4866//4865 4868//4867 5289//5288
f 4868//4867 4870//4869 5290//5289
f 5292//5291 4827//4826 4826//4825
f 5293//5292 4828//4827 4827//4826
f 5293//5292 5294//5293 4829//4828
f 5294//5293 5295//5294 4830//4829
f 5295//5294 5296//5295 4831//4830
f 5296//5295 5297//5296 4832//4831
f 5297//5296 5298//5297 4833//4832
f 5298//5297 5299//5298 4834//4833
f 5299//5298 5300//5299 4835//4834
f 5300//5299 5301//5300 4836//4835
f 5302//5301 4837//4836 4836//4835
f 5303//5302 4838//4837 4837//4836
f 5304//5303 4839//4838 4838//4837
f 5305//5304 4840//4839 4839//4838
f 5307//5306 5292//5291 5291//5290
f 5308//5307 5293//5292 5292//5291
f 5308//5307 5309//5308 5294//5293
f 5309//5308 5310//5309 5295//5294
f 5310//5309 5311//5310 5296//5295
f 5311//5310 5312//5311 5297//5296
f 5312//5311 5313//5312 5298//5297
f 5313//5312 5314//5313 5299//5298
f 5314//5313 5315//5314 5300//5299
f 5315//5314 5316//5315 5301//5300
f 5317//5316 5302//5301 5301//5300
f 5318//5317 5303//5302 5302//5301
f 5319//5318 5304//5303 5303//5302
f 5320//5319 5305//5304 5304//5303
f 5322//5321 5307//5306 5306//5305
f 5323//5322 5308//5307 5307//5306
f 5323//5322 5324//5323 5309//5308
f 5324//5323 5325//5324 5310//5309
f 5325//5324 5326//5325 5311//5310
f 5326//5325 5327//5326 5312//5311
f 5327//5326 5328//5327 5313//5312
f 5328//5327 5329//5328 5314//5313
f 5329//5328 5330//5329 5315//5314
f 5330//5329 5331//5330 5316//5315
f 5332//5331 5317//5316 5316//5315
f 5333//5332 5318//5317 5317//5316
f 5334//5333 5319//5318 5318//5317
f 5335//5334 5320//5319 5319//5318
f 5337//5336 5322//5321 5321//5320
f 5338//5337 5323//5322 5322//5321
f 5338//5337 5339//5338 5324//5323
f 5339//5338 5340//5339 5325//5324
f 5340//5339 5341//5340 5326//5325
f 5341//5340 5342//5341 5327//5326
f 5342//5341 5343//5342 5328//5327
f 5343//5342 5344//5343 5329//5328
f 5344//5343 5345//5344 5330//5329
f 5345//5344 5346//5345 5331//5330
f 5347//5346 5332//5331 5331//5330
f 5348//5347 5333//5332 5332//5331
f 5349//5348 5334//5333 5333//5332
f 5350//5349 5335//5334 5334//5333
f 5352//5351 5337//5336 5336//5335
f 5353//5352 5338//5337 5337//5336
f 5353//5352 5354//5353 5339//5338
f 5354//5353 5355//5354 5340//5339
f 5355//5354 5356//5355 5341//5340
f 5356//5355 5357//5356 5342//5341
f 5357//5356 5358//5357 5343//5342
f 5358//5357 5359//5358 5344//5343
f 5359//5358 5360//5359 5345//5344
f 5360//5359 5361//5360 5346//5345
f 5362//5361 5347//5346 5346//5345
f 5363//5362 5348//5347 5347//5346
f 5364//5363 5349//5348 5348//5347
f 5365//5364 5350//5349 5349//5348
f 5367//5366 5352//5351 5351//5350
f 5368//5367 5353//5352 5352//5351
f 5368//5367 5369//5368 5354//5353
f 5369//5368 5370//5369 5355//5354
f 5370//5369 5371//5370 5356//5355
f 5371//5370 5372//5371 5357//5356
f 5372//5371 5373//5372 5358//5357
f 5373//5372 5374//5373 5359//5358
f 5374//5373 5375//5374 5360//5359
f 5375//5374 5376//5375 5361//5360
f 5377//5376 5362//5361 5361//5360
f 5378//5377 5363//5362 5362//5361
f 5379//5378 5364//5363 5363//5362
f 5380//5379 5365//5364 5364//5363
f 5382//5381 5367//5366 5366//5365
f 5383//5382 5368//5367 5367//5366
f 5383//5382 5384//5383 5369//5368
f 5384//5383 5385//5384 5370//5369
f 5385//5384 5386//5385 5371//5370
f 5386//5385 5387//5386 5372//5371
f 5387//5386 5388//5387 5373//5372
f 5388//5387 5389//5388 5374//5373
f 5389//5388 5390//5389 5375//5374
f 5390//5389 5391//5390 5376//5375
f 5392//5391 5377//5376 5376//5375
f 5393//5392 5378//5377 5377//5376
f 5394//5393 5379//5378 5378//5377
f 5395//5394 5380//5379 5379//5378
f 5397//5396 5382//5381 5381//5380
f 5398//5397 5383//5382 5382//5381
f 5399//5398 5384//5383 5383//5382
f 5400//5399 5385//5384 5384//5383
f 5401//5400 5386//5385 5385//5384
f 5402//5401 5387//5386 5386//5385
f 5403//5402 5388//5387 5387//5386
f 5404//5403 5389//5388 5388//5387
f 5404//5403 5405//5404 5390//5389
f 5406//5405 5391//5390 5390//5389
f 5407//5406 5392//5391 5391//5390
f 5408//5407 5393//5392 5392//5391
f 5409//5408 5394//5393 5393//5392
f 5410//5409 5395//5394 5394//5393
f 5411//5410 5412//5411 5397//5396
f 5412//5411 5413//5412 5398//5397
f 5414//5413 5399//5398 5398//5397
f 5415//5414 5400//5399 5399//5398
f 5416//5415 5401//5400 5400//5399
f 5417//5416 5402//5401 5401//5400
f 5418//5417 5403//5402 5402//5401
f 5419//5418 5404//5403 5403//5402
f 5420//5419 5405//5404 5404//5403
f 5421//5420 5406//5405 5405//5404
f 5421//5420 5422//5421 5407//5406
f 5422//5421 5423//5422 5408//5407
f 5423//5422 5424//5423 5409//5408
f 5424//5423 5425//5424 5410//5409
f 5426//5425 5427//5426 5412//5411
f 5427//5426 5428//5427 5413//5412
f 5429//5428 5414//5413 5413//5412
f 5430//5429 5415//5414 5414//5413
f 5431//5430 5416//5415 5415//5414
f 5432//5431 5417//5416 5416//5415
f 5433//5432 5418//5417 5417//5416
f 5434//5433 5419//5418 5418//5417
f 5435//5434 5420//5419 5419//5418
f 5436//5435 5421//5420 5420//5419
f 5436//5435 5437//5436 5422//5421
f 5437//5436 5438//5437 5423//5422
f 5438//5437 5439//5438 5424//5423
f 5439//5438 5440//5439 5425//5424
f 5441//5440 5442//5441 5427//5426
f 5442//5441 5443//5442 5428//5427
f 5444//5443 5429//5428 5428//5427
f 5445//5444 5430//5429 5429//5428
f 5446//5445 5431//5430 5430//5429
f 5447//5446 5432//5431 5431//5430
f 5448//5447 5433//5432 5432//5431
f 5449//5448 5434//5433 5433//5432
f 5450//5449 5435//5434 5434//5433
f 5451//5450 5436//5435 5435//5434
f 5451//5450 5452//5451 5437//5436
f 5452//5451 5453//5452 5438//5437
f 5453//5452 5454//5453 5439//5438
f 5454//5453 5455//5454 5440//5439
f 5456//5455 5457//5456 5442//5441
f 5457//5456 5458//5457 5443//5442
f 5459//5458 5444//5443 5443//5442
f 5460//5459 5445//5444 5444//5443
f 5461//5460 5446//5445 5445//5444
f 5462//5461 5447//5446 5446//5445
f 5463//5462 5448//5447 5447//5446
f 5464//5463 5449//5448 5448//5447
f 5465//5464 5450//5449 5449//5448
f 5466//5465 5451//5450 5450//5449
f 5466//5465 5467//5466 5452//5451
f 5467//5466 5468//5467 5453//5452
f 5468//5467 5469//5468 5454//5453
f 5469//5468 5470//5469 5455//5454
f 5471//5470 5472//5471 5457//5456
f 5472//5471 5473//5472 5458//5457
f 5474//5473 5459//5458 5458//5457
f 5475//5474 5460//5459 5459//5458
f 5476//5475 5461//5460 5460//5459
f 5477//5476 5462//5461 5461//5460
f 5478//5477 5463//5462 5462//5461
f 5479//5478 5464//5463 5463//5462
f 5480//5479 5465//5464 5464//5463
f 5481//5480 5466//5465 5465//5464
f 5481//5480 5482//5481 5467//5466
f 5482//5481 5483//5482 5468//5467
f 5483//5482 5484//5483 5469//5468
f 5484//5483 5485//5484 5470//5469
f 5486//5485 5487//5486 5472//5471
f 5487//5486 5488//5487 5473//5472
f 5489//5488 5474//5473 5473//5472
f 5490//5489 5475//5474 5474//5473
f 5491//5490 5476//5475 5475//5474
f 5492//5491 5477//5476 5476//5475
f 5493//5492 5478//5477 5477//5476
f 5494//5493 5479//5478 5478//5477
f 5495//5494 5480//5479 5479//5478
f 5496//5495 5481//5480 5480//5479
f 5496//5495 5497//5496 5482//5481
f 5497//5496 5498//5497 5483//5482
f 5498//5497 5499//5498 5484//5483
f 5499//5498 5500//5499 5485//5484
f 5069//5068 5068//5067 5487//5486
f 5068//5067 5071//5070 5488//5487
f 5073//5072 5489//5488 5488//5487
f 5075//5074 5490//5489 5489//5488
f 5077//5076 5491//5490 5490//5489
f 5079//5078 5492//5491 5491//5490
f 5081//5080 5493//5492 5492//5491
f 5083//5082 5494//5493 5493//5492
f 5085//5084 5495//5494 5494//5493
f 5087//5086 5496//5495 5495//5494
f 5087//5086 5089//5088 5497//5496
f 5089//5088 5091//5090 5498//5497
f 5091//5090 5093//5092 5499//5498
f 5093//5092 5095//5094 5500//5499
f 5502//5501 5503//5502 5504//5503
f 5505//5504 5506//5505 5503//5502
f 5507//5506 5508//5507 5506//5505
f 5509//5508 5510//5509 5508//5507
f 5511//5510 5512//5511 5510//5509
f 5513//5512 5514//5513 5512//5511
f 5515//5514 5516//5515 5514//5513
f 5517//5516 5518//5517 5516//5515
f 5519//5518 5520//5519 5518//5517
f 5521//5520 5522//5521 5520//5519
f 5523//5522 5524//5523 5522//5521
f 5525//5524 5526//5525 5524//5523
f 5527//5526 5528//5527 5526//5525
f 5529//5528 5530//5529 5528//5527
f 4600//4599 4603//4602 5530//5529
f 5532//5531 5502//5501 5501//5500
f 5533//5532 5505//5504 5502//5501
f 5534//5533 5507//5506 5505//5504
f 5535//5534 5509//5508 5507//5506
f 5536//5535 5511//5510 5509//5508
f 5537//5536 5513//5512 5511//5510
f 5538//5537 5515//5514 5513//5512
f 5539//5538 5517//5516 5515//5514
f 5540//5539 5519//5518 5517//5516
f 5541//5540 5521//5520 5519//5518
f 5542//5541 5523//5522 5521//5520
f 5543//5542 5525//5524 5523//5522
f 5544//5543 5527//5526 5525//5524
f 5545//5544 5529//5528 5527//5526
f 4631//4630 4600//4599 5529//5528
f 5547//5546 5532//5531 5531//5530
f 5548//5547 5533//5532 5532//5531
f 5549//5548 5534//5533 5533//5532
f 5550//5549 5535//5534 5534//5533
f 5551//5550 5536//5535 5535//5534
f 5552//5551 5537//5536 5536//5535
f 5553//5552 5538//5537 5537//5536
f 5554//5553 5539//5538 5538//5537
f 5555//5554 5540//5539 5539//5538
f 5556//5555 5541//5540 5540//5539
f 5557//5556 5542//5541 5541//5540
f 5558//5557 5543//5542 5542//5541
f 5559//5558 5544//5543 5543//5542
f 5560//5559 5545//5544 5544//5543
f 4646//4645 4631//4630 5545//5544
f 5562//5561 5547//5546 5546//5545
f 5563//5562 5548//5547 5547//5546
f 5564//5563 5549//5548 5548//5547
f 5565//5564 5550//5549 5549//5548
f 5566//5565 5551//5550 5550//5549
f 5567//5566 5552//5551 5551//5550
f 5568//5567 5553//5552 5552//5551
f 5569//5568 5554//5553 5553//5552
f 5570//5569 5555//5554 5554//5553
f 5571//5570 5556//5555 5555//5554
f 5572//5571 5557//5556 5556//5555
f 5573//5572 5558//5557 5557//5556
f 5574//5573 5559//5558 5558//5557
f 5575//5574 5560//5559 5559//5558
f 4661//4660 4646//4645 5560//5559
f 5577//5576 5562//5561 5561//5560
f 5578//5577 5563//5562 5562//5561
f 5579//5578 5564//5563 5563//5562
f 5580//5579 5565//5564 5564//5563
f 5581//5580 5566//5565 5565//5564
f 5582//5581 5567//5566 5566//5565
f 5583//5582 5568//5567 5567//5566
f 5584//5583 5569//5568 5568//5567
f 5585//5584 5570//5569 5569//5568
f 5586//5585 5571//5570 5570//5569
f 5587//5586 5572//5571 5571//5570
f 5588//5587 5573//5572 5572//5571
f 5589//5588 5574//5573 5573//5572
f 5590//5589 5575//5574 5574//5573
f 4676//4675 4661//4660 5575//5574
f 5592//5591 5577//5576 5576//5575
f 5593//5592 5578//5577 5577//5576
f 5594//5593 5579//5578 5578//5577
f 5595//5594 5580//5579 5579//5578
f 5596//5595 5581//5580 5580//5579
f 5597//5596 5582//5581 5581//5580
f 5598//5597 5583//5582 5582//5581
f 5599//5598 5584//5583 5583//5582
f 5600//5599 5585//5584 5584//5583
f 5601//5600 5586//5585 5585//5584
f 5602//5601 5587//5586 5586//5585
f 5603//5602 5588//5587 5587//5586
f 5604//5603 5589//5588 5588//5587
f 5605//5604 5590//5589 5589//5588
f 4691//4690 4676//4675 5590//5589
f 5607//5606 5592//5591 5591//5590
f 5608//5607 5593//5592 5592//5591
f 5609//5608 5594//5593 5593//5592
f 5610//5609 5595//5594 5594//5593
f 5611//5610 5596//5595 5595//5594
f 5612//5611 5597//5596 5596//5595
f 5613//5612 5598//5597 5597//5596
f 5614//5613 5599//5598 5598//5597
f 5615//5614 5600//5599 5599//5598
f 5616//5615 5601//5600 5600//5599
f 5617//5616 5602//5601 5601//5600
f 5618//5617 5603//5602 5602//5601
f 5619//5618 5604//5603 5603//5602
f 5620//5619 5605//5604 5604//5603
f 4706//4705 4691//4690 5605//5604
f 5621//5620 5622//5621 5607//5606
f 5623//5622 5608//5607 5607//5606
f 5623//5622 5624//5623 5609//5608
f 5625//5624 5610//5609 5609//5608
f 5625//5624 5626//5625 5611//5610
f 5626//5625 5627//5626 5612//5611
f 5628//5627 5613//5612 5612//5611
f 5629//5628 5614//5613 5613//5612
f 5629//5628 5630//5629 5615//5614
f 5631//5630 5616//5615 5615//5614
f 5632//5631 5617//5616 5616//5615
f 5633//5632 5618//5617 5617//5616
f 5634//5633 5619//5618 5618//5617
f 5635//5634 5620//5619 5619//5618
f 4721//4720 4706//4705 5620//5619
f 5636//5635 5637//5636 5622//5621
f 5637//5636 5638//5637 5623//5622
f 5638//5637 5639//5638 5624//5623
f 5639//5638 5640//5639 5625//5624
f 5640//5639 5641//5640 5626//5625
f 5641//5640 5642//5641 5627//5626
f 5642//5641 5643//5642 5628//5627
f 5643//5642 5644//5643 5629//5628
f 5644//5643 5645//5644 5630//5629
f 5645//5644 5646//5645 5631//5630
f 5646//5645 5647//5646 5632//5631
f 5647//5646 5648//5647 5633//5632
f 5648//5647 5649//5648 5634//5633
f 5649//5648 5650//5649 5635//5634
f 5650//5649 4736//4735 4721//4720
f 5651//5650 5652//5651 5637//5636
f 5652//5651 5653//5652 5638//5637
f 5653//5652 5654//5653 5639//5638
f 5654//5653 5655//5654 5640//5639
f 5655//5654 5656//5655 5641//5640
f 5656//5655 5657//5656 5642//5641
f 5657//5656 5658//5657 5643//5642
f 5658//5657 5659//5658 5644//5643
f 5659//5658 5660//5659 5645//5644
f 5660//5659 5661//5660 5646//5645
f 5661//5660 5662//5661 5647//5646
f 5662//5661 5663//5662 5648//5647
f 5663//5662 5664//5663 5649//5648
f 5664//5663 5665//5664 5650//5649
f 5665//5664 4751//4750 4736//4735
f 5666//5665 5667//5666 5652//5651
f 5667//5666 5668//5667 5653//5652
f 5668//5667 5669//5668 5654//5653
f 5669//5668 5670//5669 5655//5654
f 5670//5669 5671//5670 5656//5655
f 5671//5670 5672//5671 5657//5656
f 5672//5671 5673//5672 5658//5657
f 5673//5672 5674//5673 5659//5658
f 5674//5673 5675//5674 5660//5659
f 5675//5674 5676//5675 5661//5660
f 5676//5675 5677//5676 5662//5661
f 5677//5676 5678//5677 5663//5662
f 5678//5677 5679//5678 5664//5663
f 5679//5678 5680//5679 5665//5664
f 5680//5679 4766//4765 4751//4750
f 5681//5680 5682//5681 5667//5666
f 5682//5681 5683//5682 5668//5667
f 5683//5682 5684//5683 5669//5668
f 5684//5683 5685//5684 5670//5669
f 5685//5684 5686//5685 5671//5670
f 5686//5685 5687//5686 5672//5671
f 5687//5686 5688//5687 5673//5672
f 5688//5687 5689//5688 5674//5673
f 5689//5688 5690//5689 5675//5674
f 5690//5689 5691//5690 5676//5675
f 5691//5690 5692//5691 5677//5676
f 5692//5691 5693//5692 5678//5677
f 5693//5692 5694//5693 5679//5678
f 5694//5693 5695//5694 5680//5679
f 5695//5694 4781//4780 4766//4765
f 5696//5695 5697//5696 5682//5681
f 5697//5696 5698//5697 5683//5682
f 5698//5697 5699//5698 5684//5683
f 5699//5698 5700//5699 5685//5684
f 5700//5699 5701//5700 5686//5685
f 5701//5700 5702//5701 5687//5686
f 5702//5701 5703//5702 5688//5687
f 5703//5702 5704//5703 5689//5688
f 5704//5703 5705//5704 5690//5689
f 5705//5704 5706//5705 5691//5690
f 5706//5705 5707//5706 5692//5691
f 5707//5706 5708//5707 5693//5692
f 5708//5707 5709//5708 5694//5693
f 5709//5708 5710//5709 5695//5694
f 5710//5709 4796//4795 4781//4780
f 5711//5710 5712//5711 5697//5696
f 5712//5711 5713//5712 5698//5697
f 5713//5712 5714//5713 5699//5698
f 5714//5713 5715//5714 5700//5699
f 5715//5714 5716//5715 5701//5700
f 5716//5715 5717//5716 5702//5701
f 5717//5716 5718//5717 5703//5702
f 5718//5717 5719//5718 5704//5703
f 5719//5718 5720//5719 5705//5704
f 5720//5719 5721//5720 5706//5705
f 5721//5720 5722//5721 5707//5706
f 5722//5721 5723//5722 5708//5707
f 5723//5722 5724//5723 5709//5708
f 5724//5723 5725//5724 5710//5709
f 5725//5724 4811//4810 4796//4795
f 5726//5725 5727//5726 5712//5711
f 5727//5726 5728//5727 5713//5712
f 5728//5727 5729//5728 5714//5713
f 5729//5728 5730//5729 5715//5714
f 5730//5729 5731//5730 5716//5715
f 5731//5730 5732//5731 5717//5716
f 5732//5731 5733//5732 5718//5717
f 5733//5732 5734//5733 5719//5718
f 5734//5733 5735//5734 5720//5719
f 5735//5734 5736//5735 5721//5720
f 5736//5735 5737//5736 5722//5721
f 5737//5736 5738//5737 5723//5722
f 5738//5737 5739//5738 5724//5723
f 5739//5738 5740//5739 5725//5724
f 5740//5739 4826//4825 4811//4810
f 5742//5741 5743//5742 5744//5743
f 5745//5744 5746//5745 5743//5742
f 5747//5746 5748//5747 5746//5745
f 5749//5748 5750//5749 5748//5747
f 5751//5750 5752//5751 5750//5749
f 5753//5752 5754//5753 5752//5751
f 5755//5754 5756//5755 5754//5753
f 5757//5756 5758//5757 5756//5755
f 5759//5758 5760//5759 5758//5757
f 5761//5760 5762//5761 5760//5759
f 5763//5762 5764//5763 5762//5761
f 5765//5764 5766//5765 5764//5763
f 5767//5766 5768//5767 5766//5765
f 5769//5768 5770//5769 5768//5767
f 4841//4840 4844//4843 5770//5769
f 5772//5771 5742//5741 5741//5740
f 5773//5772 5745//5744 5742//5741
f 5774//5773 5747//5746 5745//5744
f 5775//5774 5749//5748 5747//5746
f 5776//5775 5751//5750 5749//5748
f 5777//5776 5753//5752 5751//5750
f 5778//5777 5755//5754 5753//5752
f 5779//5778 5757//5756 5755//5754
f 5780//5779 5759//5758 5757//5756
f 5781//5780 5761//5760 5759//5758
f 5782//5781 5763//5762 5761//5760
f 5783//5782 5765//5764 5763//5762
f 5784//5783 5767//5766 5765//5764
f 5785//5784 5769//5768 5767//5766
f 4871//4870 4841//4840 5769//5768
f 5787//5786 5772//5771 5771//5770
f 5788//5787 5773//5772 5772//5771
f 5789//5788 5774//5773 5773//5772
f 5790//5789 5775//5774 5774//5773
f 5791//5790 5776//5775 5775//5774
f 5792//5791 5777//5776 5776//5775
f 5793//5792 5778//5777 5777//5776
f 5794//5793 5779//5778 5778//5777
f 5795//5794 5780//5779 5779//5778
f 5796//5795 5781//5780 5780//5779
f 5797//5796 5782//5781 5781//5780
f 5798//5797 5783//5782 5782//5781
f 5799//5798 5784//5783 5783//5782
f 5800//5799 5785//5784 5784//5783
f 4886//4885 4871//4870 5785//5784
f 5802//5801 5787//5786 5786//5785
f 5803//5802 5788//5787 5787//5786
f 5804//5803 5789//5788 5788//5787
f 5805//5804 5790//5789 5789//5788
f 5806//5805 5791//5790 5790//5789
f 5807//5806 5792//5791 5791//5790
f 5808//5807 5793//5792 5792//5791
f 5809//5808 5794//5793 5793//5792
f 5810//5809 5795//5794 5794//5793
f 5811//5810 5796//5795 5795//5794
f 5812//5811 5797//5796 5796//5795
f 5813//5812 5798//5797 5797//5796
f 5814//5813 5799//5798 5798//5797
f 5815//5814 5800//5799 5799//5798
f 4901//4900 4886//4885 5800//5799
f 5817//5816 5802//5801 5801//5800
f 5818//5817 5803//5802 5802//5801
f 5819//5818 5804//5803 5803//5802
f 5820//5819 5805//5804 5804//5803
f 5821//5820 5806//5805 5805//5804
f 5822//5821 5807//5806 5806//5805
f 5823//5822 5808//5807 5807//5806
f 5824//5823 5809//5808 5808//5807
f 5825//5824 5810//5809 5809//5808
f 5826//5825 5811//5810 5810//5809
f 5827//5826 5812//5811 5811//5810
f 5828//5827 5813//5812 5812//5811
f 5829//5828 5814//5813 5813//5812
f 5830//5829 5815//5814 5814//5813
f 4916//4915 4901//4900 5815//5814
f 5832//5831 5817//5816 5816//5815
f 5833//5832 5818//5817 5817//5816
f 5834//5833 5819//5818 5818//5817
f 5835//5834 5820//5819 5819//5818
f 5836//5835 5821//5820 5820//5819
f 5837//5836 5822//5821 5821//5820
f 5838//5837 5823//5822 5822//5821
f 5839//5838 5824//5823 5823//5822
f 5840//5839 5825//5824 5824//5823
f 5841//5840 5826//5825 5825//5824
f 5842//5841 5827//5826 5826//5825
f 5843//5842 5828//5827 5827//5826
f 5844//5843 5829//5828 5828//5827
f 5845//5844 5830//5829 5829//5828
f 4931//4930 4916//4915 5830//5829
f 5847//5846 5832//5831 5831//5830
f 5848//5847 5833//5832 5832//5831
f 5849//5848 5834//5833 5833//5832
f 5850//5849 5835//5834 5834//5833
f 5851//5850 5836//5835 5835//5834
f 5852//5851 5837//5836 5836//5835
f 5853//5852 5838//5837 5837//5836
f 5854//5853 5839//5838 5838//5837
f 5855//5854 5840//5839 5839//5838
f 5856//5855 5841//5840 5840//5839
f 5857//5856 5842//5841 5841//5840
f 5858//5857 5843//5842 5842//5841
f 5859//5858 5844//5843 5843//5842
f 5860//5859 5845//5844 5844//5843
f 4946//4945 4931//4930 5845//5844
f 5862//5861 5847//5846 5846//5845
f 5863//5862 5848//5847 5847//5846
f 5864//5863 5849//5848 5848//5847
f 5865//5864 5850//5849 5849//5848
f 5866//5865 5851//5850 5850//5849
f 5866//5865 5867//5866 5852//5851
f 5868//5867 5853//5852 5852//5851
f 5868//5867 5869//5868 5854//5853
f 5870//5869 5855//5854 5854//5853
f 5871//5870 5856//5855 5855//5854
f 5872//5871 5857//5856 5856//5855
f 5873//5872 5858//5857 5857//5856
f 5874//5873 5859//5858 5858//5857
f 5875//5874 5860//5859 5859//5858
f 4961//4960 4946//4945 5860//5859
f 5876//5875 5877//5876 5862//5861
f 5877//5876 5878//5877 5863//5862
f 5878//5877 5879//5878 5864//5863
f 5879//5878 5880//5879 5865//5864
f 5880//5879 5881//5880 5866//5865
f 5881//5880 5882//5881 5867//5866
f 5882//5881 5883//5882 5868//5867
f 5883//5882 5884//5883 5869//5868
f 5884//5883 5885//5884 5870//5869
f 5885//5884 5886//5885 5871//5870
f 5886//5885 5887//5886 5872//5871
f 5887//5886 5888//5887 5873//5872
f 5888//5887 5889//5888 5874//5873
f 5889//5888 5890//5889 5875//5874
f 5890//5889 4976//4975 4961//4960
f 5891//5890 5892//5891 5877//5876
f 5892//5891 5893//5892 5878//5877
f 5893//5892 5894//5893 5879//5878
f 5894//5893 5895//5894 5880//5879
f 5895//5894 5896//5895 5881//5880
f 5896//5895 5897//5896 5882//5881
f 5897//5896 5898//5897 5883//5882
f 5898//5897 5899//5898 5884//5883
f 5899//5898 5900//5899 5885//5884
f 5900//5899 5901//5900 5886//5885
f 5901//5900 5902//5901 5887//5886
f 5902//5901 5903//5902 5888//5887
f 5903//5902 5904//5903 5889//5888
f 5904//5903 5905//5904 5890//5889
f 5905//5904 4991//4990 4976//4975
f 5906//5905 5907//5906 5892//5891
f 5907//5906 5908//5907 5893//5892
f 5908//5907 5909//5908 5894//5893
f 5909//5908 5910//5909 5895//5894
f 5910//5909 5911//5910 5896//5895
f 5911//5910 5912//5911 5897//5896
f 5912//5911 5913//5912 5898//5897
f 5913//5912 5914//5913 5899//5898
f 5914//5913 5915//5914 5900//5899
f 5915//5914 5916//5915 5901//5900
f 5916//5915 5917//5916 5902//5901
f 5917//5916 5918//5917 5903//5902
f 5918//5917 5919//5918 5904//5903
f 5919//5918 5920//5919 5905//5904
f 5920//5919 5006//5005 4991//4990
f 5921//5920 5922//5921 5907//5906
f 5922//5921 5923//5922 5908//5907
f 5923//5922 5924//5923 5909//5908
f 5924//5923 5925//5924 5910//5909
f 5925//5924 5926//5925 5911//5910
f 5926//5925 5927//5926 5912//5911
f 5927//5926 5928//5927 5913//5912
f 5928//5927 5929//5928 5914//5913
f 5929//5928 5930//5929 5915//5914
f 5930//5929 5931//5930 5916//5915
f 5931//5930 5932//5931 5917//5916
f 5932//5931 5933//5932 5918//5917
f 5933//5932 5934//5933 5919//5918
f 5934//5933 5935//5934 5920//5919
f 5935//5934 5021//5020 5006//5005
f 5936//5935 5937//5936 5922//5921
f 5937//5936 5938//5937 5923//5922
f 5938//5937 5939//5938 5924//5923
f 5939//5938 5940//5939 5925//5924
f 5940//5939 5941//5940 5926//5925
f 5941//5940 5942//5941 5927//5926
f 5942//5941 5943//5942 5928//5927
f 5943//5942 5944//5943 5929//5928
f 5944//5943 5945//5944 5930//5929
f 5945//5944 5946//5945 5931//5930
f 5946//5945 5947//5946 5932//5931
f 5947//5946 5948//5947 5933//5932
f 5948//5947 5949//5948 5934//5933
f 5949//5948 5950//5949 5935//5934
f 5950//5949 5036//5035 5021//5020
f 5951//5950 5952//5951 5937//5936
f 5952//5951 5953//5952 5938//5937
f 5953//5952 5954//5953 5939//5938
f 5954//5953 5955//5954 5940//5939
f 5955//5954 5956//5955 5941//5940
f 5956//5955 5957//5956 5942//5941
f 5957//5956 5958//5957 5943//5942
f 5958//5957 5959//5958 5944//5943
f 5959//5958 5960//5959 5945//5944
f 5960//5959 5961//5960 5946//5945
f 5961//5960 5962//5961 5947//5946
f 5962//5961 5963//5962 5948//5947
f 5963//5962 5964//5963 5949//5948
f 5964//5963 5965//5964 5950//5949
f 5965//5964 5051//5050 5036//5035
f 5504//5503 5503//5502 5952//5951
f 5503//5502 5506//5505 5953//5952
f 5506//5505 5508//5507 5954//5953
f 5508//5507 5510//5509 5955//5954
f 5510//5509 5512//5511 5956//5955
f 5512//5511 5514//5513 5957//5956
f 5514//5513 5516//5515 5958//5957
f 5516//5515 5518//5517 5959//5958
f 5518//5517 5520//5519 5960//5959
f 5520//5519 5522//5521 5961//5960
f 5522//5521 5524//5523 5962//5961
f 5524//5523 5526//5525 5963//5962
f 5526//5525 5528//5527 5964//5963
f 5528//5527 5530//5529 5965//5964
f 5530//5529 4603//4602 5051//5050
f 5967//5966 5968//5967 5969//5968
f 5970//5969 5971//5970 5968//5967
f 5972//5971 5973//5972 5971//5970
f 5974//5973 5975//5974 5973//5972
f 5976//5975 5977//5976 5975//5974
f 5978//5977 5979//5978 5977//5976
f 5980//5979 5981//5980 5979//5978
f 5982//5981 5983//5982 5981//5980
f 5984//5983 5985//5984 5983//5982
f 5986//5985 5987//5986 5985//5984
f 5988//5987 5989//5988 5987//5986
f 5990//5989 5991//5990 5989//5988
f 5992//5991 5993//5992 5991//5990
f 5994//5993 5995//5994 5993//5992
f 5066//5065 5069//5068 5995//5994
f 5997//5996 5967//5966 5966//5965
f 5998//5997 5970//5969 5967//5966
f 5999//5998 5972//5971 5970//5969
f 6000//5999 5974//5973 5972//5971
f 6001//6000 5976//5975 5974//5973
f 6002//6001 5978//5977 5976//5975
f 6003//6002 5980//5979 5978//5977
f 6004//6003 5982//5981 5980//5979
f 6005//6004 5984//5983 5982//5981
f 6006//6005 5986//5985 5984//5983
f 6007//6006 5988//5987 5986//5985
f 6008//6007 5990//5989 5988//5987
f 6009//6008 5992//5991 5990//5989
f 6010//6009 5994//5993 5992//5991
f 5096//5095 5066//5065 5994//5993
f 6012//6011 5997//5996 5996//5995
f 6013//6012 5998//5997 5997//5996
f 6014//6013 5999//5998 5998//5997
f 6015//6014 6000//5999 5999//5998
f 6016//6015 6001//6000 6000//5999
f 6017//6016 6002//6001 6001//6000
f 6018//6017 6003//6002 6002//6001
f 6019//6018 6004//6003 6003//6002
f 6020//6019 6005//6004 6004//6003
f 6021//6020 6006//6005 6005//6004
f 6022//6021 6007//6006 6006//6005
f 6023//6022 6008//6007 6007//6006
f 6024//6023 6009//6008 6008//6007
f 6025//6024 6010//6009 6009//6008
f 5111//5110 5096//5095 6010//6009
f 6027//6026 6012//6011 6011//6010
f 6028//6027 6013//6012 6012//6011
f 6029//6028 6014//6013 6013//6012
f 6030//6029 6015//6014 6014//6013
f 6031//6030 6016//6015 6015//6014
f 6032//6031 6017//6016 6016//6015
f 6033//6032 6018//6017 6017//6016
f 6034//6033 6019//6018 6018//6017
f 6035//6034 6020//6019 6019//6018
f 6036//6035 6021//6020 6020//6019
f 6037//6036 6022//6021 6021//6020
f 6038//6037 6023//6022 6022//6021
f 6039//6038 6024//6023 6023//6022
f 6040//6039 6025//6024 6024//6023
f 5126//5125 5111//5110 6025//6024
f 6042//6041 6027//6026 6026//6025
f 6043//6042 6028//6027 6027//6026
f 6044//6043 6029//6028 6028//6027
f 6045//6044 6030//6029 6029//6028
f 6046//6045 6031//6030 6030//6029
f 6047//6046 6032//6031 6031//6030
f 6048//6047 6033//6032 6032//6031
f 6049//6048 6034//6033 6033//6032
f 6050//6049 6035//6034 6034//6033
f 6051//6050 6036//6035 6035//6034
f 6052//6051 6037//6036 6036//6035
f 6053//6052 6038//6037 6037//6036
f 6054//6053 6039//6038 6038//6037
f 6055//6054 6040//6039 6039//6038
f 5141//5140 5126//5125 6040//6039
f 6057//6056 6042//6041 6041//6040
f 6058//6057 6043//6042 6042//6041
f 6059//6058 6044//6043 6043//6042
f 6060//6059 6045//6044 6044//6043
f 6061//6060 6046//6045 6045//6044
f 6062//6061 6047//6046 6046//6045
f 6063//6062 6048//6047 6047//6046
f 6064//6063 6049//6048 6048//6047
f 6065//6064 6050//6049 6049//6048
f 6066//6065 6051//6050 6050//6049
f 6067//6066 6052//6051 6051//6050
f 6068//6067 6053//6052 6052//6051
f 6069//6068 6054//6053 6053//6052
f 6070//6069 6055//6054 6054//6053
f 5156//5155 5141//5140 6055//6054
f 6072//6071 6057//6056 6056//6055
f 6073//6072 6058//6057 6057//6056
f 6074//6073 6059//6058 6058//6057
f 6075//6074 6060//6059 6059//6058
f 6076//6075 6061//6060 6060//6059
f 6077//6076 6062//6061 6061//6060
f 6078//6077 6063//6062 6062//6061
f 6079//6078 6064//6063 6063//6062
f 6080//6079 6065//6064 6064//6063
f 6081//6080 6066//6065 6065//6064
f 6082//6081 6067//6066 6066//6065
f 6083//6082 6068//6067 6067//6066
f 6084//6083 6069//6068 6068//6067
f 6085//6084 6070//6069 6069//6068
f 5171//5170 5156//5155 6070//6069
f 6086//6085 6087//6086 6072//6071
f 6088//6087 6073//6072 6072//6071
f 6088//6087 6089//6088 6074//6073
f 6090//6089 6075//6074 6074//6073
f 6090//6089 6091//6090 6076//6075
f 6091//6090 6092//6091 6077//6076
f 6093//6092 6078//6077 6077//6076
f 6094//6093 6079//6078 6078//6077
f 6095//6094 6080//6079 6079//6078
f 6096//6095 6081//6080 6080//6079
f 6097//6096 6082//6081 6081//6080
f 6098//6097 6083//6082 6082//6081
f 6099//6098 6084//6083 6083//6082
f 6100//6099 6085//6084 6084//6083
f 5186//5185 5171//5170 6085//6084
f 6101//6100 6102//6101 6087//6086
f 6102//6101 6103//6102 6088//6087
f 6103//6102 6104//6103 6089//6088
f 6104//6103 6105//6104 6090//6089
f 6105//6104 6106//6105 6091//6090
f 6106//6105 6107//6106 6092//6091
f 6107//6106 6108//6107 6093//6092
f 6108//6107 6109//6108 6094//6093
f 6109//6108 6110//6109 6095//6094
f 6110//6109 6111//6110 6096//6095
f 6111//6110 6112//6111 6097//6096
f 6112//6111 6113//6112 6098//6097
f 6113//6112 6114//6113 6099//6098
f 6114//6113 6115//6114 6100//6099
f 6115//6114 5201//5200 5186//5185
f 6116//6115 6117//6116 6102//6101
f 6117//6116 6118//6117 6103//6102
f 6118//6117 6119//6118 6104//6103
f 6119//6118 6120//6119 6105//6104
f 6120//6119 6121//6120 6106//6105
f 6121//6120 6122//6121 6107//6106
f 6122//6121 6123//6122 6108//6107
f 6123//6122 6124//6123 6109//6108
f 6124//6123 6125//6124 6110//6109
f 6125//6124 6126//6125 6111//6110
f 6126//6125 6127//6126 6112//6111
f 6127//6126 6128//6127 6113//6112
f 6128//6127 6129//6128 6114//6113
f 6129//6128 6130//6129 6115//6114
f 6130//6129 5216//5215 5201//5200
f 6131//6130 6132//6131 6117//6116
f 6132//6131 6133//6132 6118//6117
f 6133//6132 6134//6133 6119//6118
f 6134//6133 6135//6134 6120//6119
f 6135//6134 6136//6135 6121//6120
f 6136//6135 6137//6136 6122//6121
f 6137//6136 6138//6137 6123//6122
f 6138//6137 6139//6138 6124//6123
f 6139//6138 6140//6139 6125//6124
f 6140//6139 6141//6140 6126//6125
f 6141//6140 6142//6141 6127//6126
f 6142//6141 6143//6142 6128//6127
f 6143//6142 6144//6143 6129//6128
f 6144//6143 6145//6144 6130//6129
f 6145//6144 5231//5230 5216//5215
f 6146//6145 6147//6146 6132//6131
f 6147//6146 6148//6147 6133//6132
f 6148//6147 6149//6148 6134//6133
f 6149//6148 6150//6149 6135//6134
f 6150//6149 6151//6150 6136//6135
f 6151//6150 6152//6151 6137//6136
f 6152//6151 6153//6152 6138//6137
f 6153//6152 6154//6153 6139//6138
f 6154//6153 6155//6154 6140//6139
f 6155//6154 6156//6155 6141//6140
f 6156//6155 6157//6156 6142//6141
f 6157//6156 6158//6157 6143//6142
f 6158//6157 6159//6158 6144//6143
f 6159//6158 6160//6159 6145//6144
f 6160//6159 5246//5245 5231//5230
f 6161//6160 6162//6161 6147//6146
f 6162//6161 6163//6162 6148//6147
f 6163//6162 6164//6163 6149//6148
f 6164//6163 6165//6164 6150//6149
f 6165//6164 6166//6165 6151//6150
f 6166//6165 6167//6166 6152//6151
f 6167//6166 6168//6167 6153//6152
f 6168//6167 6169//6168 6154//6153
f 6169//6168 6170//6169 6155//6154
f 6170//6169 6171//6170 6156//6155
f 6171//6170 6172//6171 6157//6156
f 6172//6171 6173//6172 6158//6157
f 6173//6172 6174//6173 6159//6158
f 6174//6173 6175//6174 6160//6159
f 6175//6174 5261//5260 5246//5245
f 6176//6175 6177//6176 6162//6161
f 6177//6176 6178//6177 6163//6162
f 6178//6177 6179//6178 6164//6163
f 6179//6178 6180//6179 6165//6164
f 6180//6179 6181//6180 6166//6165
f 6181//6180 6182//6181 6167//6166
f 6182//6181 6183//6182 6168//6167
f 6183//6182 6184//6183 6169//6168
f 6184//6183 6185//6184 6170//6169
f 6185//6184 6186//6185 6171//6170
f 6186//6185 6187//6186 6172//6171
f 6187//6186 6188//6187 6173//6172
f 6188//6187 6189//6188 6174//6173
f 6189//6188 6190//6189 6175//6174
f 6190//6189 5276//5275 5261//5260
f 5744//5743 5743//5742 6177//6176
f 5743//5742 5746//5745 6178//6177
f 5746//5745 5748//5747 6179//6178
f 5748//5747 5750//5749 6180//6179
f 5750//5749 5752//5751 6181//6180
f 5752//5751 5754//5753 6182//6181
f 5754//5753 5756//5755 6183//6182
f 5756//5755 5758//5757 6184//6183
f 5758//5757 5760//5759 6185//6184
f 5760//5759 5762//5761 6186//6185
f 5762//5761 5764//5763 6187//6186
f 5764//5763 5766//5765 6188//6187
f 5766//5765 5768//5767 6189//6188
f 5768//5767 5770//5769 6190//6189
f 5770//5769 4844//4843 5276//5275
f 6192//6191 5727//5726 5726//5725
f 6193//6192 5728//5727 5727//5726
f 6194//6193 5729//5728 5728//5727
f 6195//6194 5730//5729 5729//5728
f 6196//6195 5731//5730 5730//5729
f 6197//6196 5732//5731 5731//5730
f 6198//6197 5733//5732 5732//5731
f 6199//6198 5734//5733 5733//5732
f 6200//6199 5735//5734 5734//5733
f 6201//6200 5736//5735 5735//5734
f 6202//6201 5737//5736 5736//5735
f 6203//6202 5738//5737 5737//5736
f 6204//6203 5739//5738 5738//5737
f 6205//6204 5740//5739 5739//5738
f 5291//5290 4826//4825 5740//5739
f 6207//6206 6192//6191 6191//6190
f 6208//6207 6193//6192 6192//6191
f 6209//6208 6194//6193 6193//6192
f 6210//6209 6195//6194 6194//6193
f 6211//6210 6196//6195 6195//6194
f 6212//6211 6197//6196 6196//6195
f 6213//6212 6198//6197 6197//6196
f 6214//6213 6199//6198 6198//6197
f 6215//6214 6200//6199 6199//6198
f 6216//6215 6201//6200 6200//6199
f 6217//6216 6202//6201 6201//6200
f 6218//6217 6203//6202 6202//6201
f 6219//6218 6204//6203 6203//6202
f 6220//6219 6205//6204 6204//6203
f 5306//5305 5291//5290 6205//6204
f 6222//6221 6207//6206 6206//6205
f 6223//6222 6208//6207 6207//6206
f 6224//6223 6209//6208 6208//6207
f 6225//6224 6210//6209 6209//6208
f 6226//6225 6211//6210 6210//6209
f 6227//6226 6212//6211 6211//6210
f 6228//6227 6213//6212 6212//6211
f 6229//6228 6214//6213 6213//6212
f 6230//6229 6215//6214 6214//6213
f 6231//6230 6216//6215 6215//6214
f 6232//6231 6217//6216 6216//6215
f 6233//6232 6218//6217 6217//6216
f 6234//6233 6219//6218 6218//6217
f 6235//6234 6220//6219 6219//6218
f 5321//5320 5306//5305 6220//6219
f 6237//6236 6222//6221 6221//6220
f 6238//6237 6223//6222 6222//6221
f 6239//6238 6224//6223 6223//6222
f 6240//6239 6225//6224 6224//6223
f 6241//6240 6226//6225 6225//6224
f 6242//6241 6227//6226 6226//6225
f 6243//6242 6228//6227 6227//6226
f 6244//6243 6229//6228 6228//6227
f 6245//6244 6230//6229 6229//6228
f 6246//6245 6231//6230 6230//6229
f 6247//6246 6232//6231 6231//6230
f 6248//6247 6233//6232 6232//6231
f 6249//6248 6234//6233 6233//6232
f 6250//6249 6235//6234 6234//6233
f 5336//5335 5321//5320 6235//6234
f 6252//6251 6237//6236 6236//6235
f 6253//6252 6238//6237 6237//6236
f 6254//6253 6239//6238 6238//6237
f 6255//6254 6240//6239 6239//6238
f 6256//6255 6241//6240 6240//6239
f 6257//6256 6242//6241 6241//6240
f 6258//6257 6243//6242 6242//6241
f 6259//6258 6244//6243 6243//6242
f 6260//6259 6245//6244 6244//6243
f 6261//6260 6246//6245 6245//6244
f 6262//6261 6247//6246 6246//6245
f 6263//6262 6248//6247 6247//6246
f 6264//6263 6249//6248 6248//6247
f 6265//6264 6250//6249 6249//6248
f 5351//5350 5336//5335 6250//6249
f 6267//6266 6252//6251 6251//6250
f 6268//6267 6253//6252 6252//6251
f 6269//6268 6254//6253 6253//6252
f 6270//6269 6255//6254 6254//6253
f 6271//6270 6256//6255 6255//6254
f 6272//6271 6257//6256 6256//6255
f 6273//6272 6258//6257 6257//6256
f 6274//6273 6259//6258 6258//6257
f 6275//6274 6260//6259 6259//6258
f 6276//6275 6261//6260 6260//6259
f 6277//6276 6262//6261 6261//6260
f 6278//6277 6263//6262 6262//6261
f 6279//6278 6264//6263 6263//6262
f 6280//6279 6265//6264 6264//6263
f 5366//5365 5351//5350 6265//6264
f 6282//6281 6267//6266 6266//6265
f 6283//6282 6268//6267 6267//6266
f 6284//6283 6269//6268 6268//6267
f 6285//6284 6270//6269 6269//6268
f 6286//6285 6271//6270 6270//6269
f 6287//6286 6272//6271 6271//6270
f 6288//6287 6273//6272 6272//6271
f 6289//6288 6274//6273 6273//6272
f 6290//6289 6275//6274 6274//6273
f 6291//6290 6276//6275 6275//6274
f 6292//6291 6277//6276 6276//6275
f 6293//6292 6278//6277 6277//6276
f 6294//6293 6279//6278 6278//6277
f 6295//6294 6280//6279 6279//6278
f 5381//5380 5366//5365 6280//6279
f 6297//6296 6282//6281 6281//6280
f 6297//6296 6298//6297 6283//6282
f 6299//6298 6284//6283 6283//6282
f 6300//6299 6285//6284 6284//6283
f 6301//6300 6286//6285 6285//6284
f 6302//6301 6287//6286 6286//6285
f 6303//6302 6288//6287 6287//6286
f 6304//6303 6289//6288 6288//6287
f 6304//6303 6305//6304 6290//6289
f 6306//6305 6291//6290 6290//6289
f 6306//6305 6307//6306 6292//6291
f 6308//6307 6293//6292 6292//6291
f 6309//6308 6294//6293 6293//6292
f 6310//6309 6295//6294 6294//6293
f 5396//5395 5381//5380 6295//6294
f 6311//6310 6312//6311 6297//6296
f 6312//6311 6313//6312 6298//6297
f 6313//6312 6314//6313 6299//6298
f 6314//6313 6315//6314 6300//6299
f 6315//6314 6316//6315 6301//6300
f 6316//6315 6317//6316 6302//6301
f 6317//6316 6318//6317 6303//6302
f 6318//6317 6319//6318 6304//6303
f 6319//6318 6320//6319 6305//6304
f 6320//6319 6321//6320 6306//6305
f 6321//6320 6322//6321 6307//6306
f 6322//6321 6323//6322 6308//6307
f 6323//6322 6324//6323 6309//6308
f 6324//6323 6325//6324 6310//6309
f 6325//6324 5411//5410 5396//5395
f 6326//6325 6327//6326 6312//6311
f 6327//6326 6328//6327 6313//6312
f 6328//6327 6329//6328 6314//6313
f 6329//6328 6330//6329 6315//6314
f 6330//6329 6331//6330 6316//6315
f 6331//6330 6332//6331 6317//6316
f 6332//6331 6333//6332 6318//6317
f 6333//6332 6334//6333 6319//6318
f 6334//6333 6335//6334 6320//6319
f 6335//6334 6336//6335 6321//6320
f 6336//6335 6337//6336 6322//6321
f 6337//6336 6338//6337 6323//6322
f 6338//6337 6339//6338 6324//6323
f 6339//6338 6340//6339 6325//6324
f 6340//6339 5426//5425 5411//5410
f 6341//6340 6342//6341 6327//6326
f 6342//6341 6343//6342 6328//6327
f 6343//6342 6344//6343 6329//6328
f 6344//6343 6345//6344 6330//6329
f 6345//6344 6346//6345 6331//6330
f 6346//6345 6347//6346 6332//6331
f 6347//6346 6348//6347 6333//6332
f 6348//6347 6349//6348 6334//6333
f 6349//6348 6350//6349 6335//6334
f 6350//6349 6351//6350 6336//6335
f 6351//6350 6352//6351 6337//6336
f 6352//6351 6353//6352 6338//6337
f 6353//6352 6354//6353 6339//6338
f 6354//6353 6355//6354 6340//6339
f 6355//6354 5441//5440 5426//5425
f 6356//6355 6357//6356 6342//6341
f 6357//6356 6358//6357 6343//6342
f 6358//6357 6359//6358 6344//6343
f 6359//6358 6360//6359 6345//6344
f 6360//6359 6361//6360 6346//6345
f 6361//6360 6362//6361 6347//6346
f 6362//6361 6363//6362 6348//6347
f 6363//6362 6364//6363 6349//6348
f 6364//6363 6365//6364 6350//6349
f 6365//6364 6366//6365 6351//6350
f 6366//6365 6367//6366 6352//6351
f 6367//6366 6368//6367 6353//6352
f 6368//6367 6369//6368 6354//6353
f 6369//6368 6370//6369 6355//6354
f 6370//6369 5456//5455 5441//5440
f 6371//6370 6372//6371 6357//6356
f 6372//6371 6373//6372 6358//6357
f 6373//6372 6374//6373 6359//6358
f 6374//6373 6375//6374 6360//6359
f 6375//6374 6376//6375 6361//6360
f 6376//6375 6377//6376 6362//6361
f 6377//6376 6378//6377 6363//6362
f 6378//6377 6379//6378 6364//6363
f 6379//6378 6380//6379 6365//6364
f 6380//6379 6381//6380 6366//6365
f 6381//6380 6382//6381 6367//6366
f 6382//6381 6383//6382 6368//6367
f 6383//6382 6384//6383 6369//6368
f 6384//6383 6385//6384 6370//6369
f 6385//6384 5471//5470 5456//5455
f 6386//6385 6387//6386 6372//6371
f 6387//6386 6388//6387 6373//6372
f 6388//6387 6389//6388 6374//6373
f 6389//6388 6390//6389 6375//6374
f 6390//6389 6391//6390 6376//6375
f 6391//6390 6392//6391 6377//6376
f 6392//6391 6393//6392 6378//6377
f 6393//6392 6394//6393 6379//6378
f 6394//6393 6395//6394 6380//6379
f 6395//6394 6396//6395 6381//6380
f 6396//6395 6397//6396 6382//6381
f 6397//6396 6398//6397 6383//6382
f 6398//6397 6399//6398 6384//6383
f 6399//6398 6400//6399 6385//6384
f 6400//6399 5486//5485 5471//5470
f 5969//5968 5968//5967 6387//6386
f 5968//5967 5971//5970 6388//6387
f 5971//5970 5973//5972 6389//6388
f 5973//5972 5975//5974 6390//6389
f 5975//5974 5977//5976 6391//6390
f 5977//5976 5979//5978 6392//6391
f 5979//5978 5981//5980 6393//6392
f 5981//5980 5983//5982 6394//6393
f 5983//5982 5985//5984 6395//6394
f 5985//5984 5987//5986 6396//6395
f 5987//5986 5989//5988 6397//6396
f 5989//5988 5991//5990 6398//6397
f 5991//5990 5993//5992 6399//6398
f 5993//5992 5995//5994 6400//6399
f 5995//5994 5069//5068 5486//5485
f 6401//6400 6402//6401 2317//2317
f 6403//6402 6404//6403 6402//6401
f 6405//6404 6406//6405 6404//6403
f 6407//6406 6408//6407 6406//6405
f 6409//6408 6410//6409 6408//6407
f 6411//6410 6412//6411 6410//6409
f 6413//6412 6414//6413 6412//6411
f 6415//6414 6416//6415 6414//6413
f 6417//6416 6418//6417 6416//6415
f 6419//6418 6420//6419 6418//6417
f 6421//6420 6422//6421 6420//6419
f 6423//6422 6424//6423 6422//6421
f 6425//6424 6426//6425 6424//6423
f 6427//6426 6428//6427 6426//6425
f 6430//6429 6401//6400 2726//2726
f 6431//6430 6403//6402 6401//6400
f 6432//6431 6405//6404 6403//6402
f 6433//6432 6407//6406 6405//6404
f 6434//6433 6409//6408 6407//6406
f 6435//6434 6411//6410 6409//6408
f 6436//6435 6413//6412 6411//6410
f 6437//6436 6415//6414 6413//6412
f 6438//6437 6417//6416 6415//6414
f 6439//6438 6419//6418 6417//6416
f 6440//6439 6421//6420 6419//6418
f 6441//6440 6423//6422 6421//6420
f 6442//6441 6425//6424 6423//6422
f 6443//6442 6427//6426 6425//6424
f 6444//6443 6430//6429 2711//2711
f 6445//6444 6431//6430 6430//6429
f 6446//6445 6432//6431 6431//6430
f 6447//6446 6433//6432 6432//6431
f 6448//6447 6434//6433 6433//6432
f 6449//6448 6435//6434 6434//6433
f 6450//6449 6436//6435 6435//6434
f 6451//6450 6437//6436 6436//6435
f 6452//6451 6438//6437 6437//6436
f 6453//6452 6439//6438 6438//6437
f 6454//6453 6440//6439 6439//6438
f 6455//6454 6441//6440 6440//6439
f 6456//6455 6442//6441 6441//6440
f 6457//6456 6443//6442 6442//6441
f 6458//6457 6444//6443 2696//2696
f 6459//6458 6445//6444 6444//6443
f 6460//6459 6446//6445 6445//6444
f 6461//6460 6447//6446 6446//6445
f 6462//6461 6448//6447 6447//6446
f 6463//6462 6449//6448 6448//6447
f 6464//6463 6450//6449 6449//6448
f 6465//6464 6451//6450 6450//6449
f 6466//6465 6452//6451 6451//6450
f 6467//6466 6453//6452 6452//6451
f 6468//6467 6454//6453 6453//6452
f 6469//6468 6455//6454 6454//6453
f 6470//6469 6456//6455 6455//6454
f 6471//6470 6457//6456 6456//6455
f 6472//6471 6458//6457 2681//2681
f 6473//6472 6459//6458 6458//6457
f 6474//6473 6460//6459 6459//6458
f 6475//6474 6461//6460 6460//6459
f 6476//6475 6462//6461 6461//6460
f 6477//6476 6463//6462 6462//6461
f 6478//6477 6464//6463 6463//6462
f 6479//6478 6465//6464 6464//6463
f 6480//6479 6466//6465 6465//6464
f 6481//6480 6467//6466 6466//6465
f 6482//6481 6468//6467 6467//6466
f 6483//6482 6469//6468 6468//6467
f 6484//6483 6470//6469 6469//6468
f 6485//6484 6471//6470 6470//6469
f 6486//6485 6472//6471 2666//2666
f 6487//6486 6473//6472 6472//6471
f 6488//6487 6474//6473 6473//6472
f 6489//6488 6475//6474 6474//6473
f 6490//6489 6476//6475 6475//6474
f 6491//6490 6477//6476 6476//6475
f 6492//6491 6478//6477 6477//6476
f 6493//6492 6479//6478 6478//6477
f 6494//6493 6480//6479 6479//6478
f 6495//6494 6481//6480 6480//6479
f 6496//6495 6482//6481 6481//6480
f 6497//6496 6483//6482 6482//6481
f 6498//6497 6484//6483 6483//6482
f 6499//6498 6485//6484 6484//6483
f 6500//6499 6486//6485 2651//2651
f 6501//6500 6487//6486 6486//6485
f 6502//6501 6488//6487 6487//6486
f 6503//6502 6489//6488 6488//6487
f 6504//6503 6490//6489 6489//6488
f 6505//6504 6491//6490 6490//6489
f 6506//6505 6492//6491 6491//6490
f 6507//6506 6493//6492 6492//6491
f 6508//6507 6494//6493 6493//6492
f 6509//6508 6495//6494 6494//6493
f 6510//6509 6496//6495 6495//6494
f 6511//6510 6497//6496 6496//6495
f 6512//6511 6498//6497 6497//6496
f 6513//6512 6499//6498 6498//6497
f 6515//6514 6500//6499 2636//2636
f 6515//6514 6516//6515 6501//6500
f 6517//6516 6502//6501 6501//6500
f 6517//6516 6518//6517 6503//6502
f 6519//6518 6504//6503 6503//6502
f 6519//6518 6520//6519 6505//6504
f 6520//6519 6521//6520 6506//6505
f 6522//6521 6507//6506 6506//6505
f 6522//6521 6523//6522 6508//6507
f 6523//6522 6524//6523 6509//6508
f 6524//6523 6525//6524 6510//6509
f 6525//6524 6526//6525 6511//6510
f 6527//6526 6512//6511 6511//6510
f 6528//6527 6513//6512 6512//6511
f 2607//2607 6529//6528 6515//6514
f 6529//6528 6530//6529 6516//6515
f 6530//6529 6531//6530 6517//6516
f 6531//6530 6532//6531 6518//6517
f 6532//6531 6533//6532 6519//6518
f 6533//6532 6534//6533 6520//6519
f 6534//6533 6535//6534 6521//6520
f 6535//6534 6536//6535 6522//6521
f 6536//6535 6537//6536 6523//6522
f 6537//6536 6538//6537 6524//6523
f 6538//6537 6539//6538 6525//6524
f 6539//6538 6540//6539 6526//6525
f 6540//6539 6541//6540 6527//6526
f 6541//6540 6542//6541 6528//6527
f 2592//2592 6543//6542 6529//6528
f 6543//6542 6544//6543 6530//6529
f 6544//6543 6545//6544 6531//6530
f 6545//6544 6546//6545 6532//6531
f 6546//6545 6547//6546 6533//6532
f 6547//6546 6548//6547 6534//6533
f 6548//6547 6549//6548 6535//6534
f 6549//6548 6550//6549 6536//6535
f 6550//6549 6551//6550 6537//6536
f 6551//6550 6552//6551 6538//6537
f 6552//6551 6553//6552 6539//6538
f 6553//6552 6554//6553 6540//6539
f 6554//6553 6555//6554 6541//6540
f 6555//6554 6556//6555 6542//6541
f 6557//6556 6558//6557 6543//6542
f 6558//6557 6559//6558 6544//6543
f 6559//6558 6560//6559 6545//6544
f 6560//6559 6561//6560 6546//6545
f 6561//6560 6562//6561 6547//6546
f 6562//6561 6563//6562 6548//6547
f 6563//6562 6564//6563 6549//6548
f 6564//6563 6565//6564 6550//6549
f 6565//6564 6566//6565 6551//6550
f 6566//6565 6567//6566 6552//6551
f 6567//6566 6568//6567 6553//6552
f 6568//6567 6569//6568 6554//6553
f 6569//6568 6570//6569 6555//6554
f 6570//6569 6571//6570 6556//6555
f 2563//2563 6572//6571 6558//6557
f 6572//6571 6573//6572 6559//6558
f 6573//6572 6574//6573 6560//6559
f 6574//6573 6575//6574 6561//6560
f 6575//6574 6576//6575 6562//6561
f 6576//6575 6577//6576 6563//6562
f 6577//6576 6578//6577 6564//6563
f 6578//6577 6579//6578 6565//6564
f 6579//6578 6580//6579 6566//6565
f 6580//6579 6581//6580 6567//6566
f 6581//6580 6582//6581 6568//6567
f 6582//6581 6583//6582 6569//6568
f 6583//6582 6584//6583 6570//6569
f 6584//6583 6585//6584 6571//6570
f 6586//6585 6587//6586 6572//6571
f 6587//6586 6588//6587 6573//6572
f 6588//6587 6589//6588 6574//6573
f 6589//6588 6590//6589 6575//6574
f 6590//6589 6591//6590 6576//6575
f 6591//6590 6592//6591 6577//6576
f 6592//6591 6593//6592 6578//6577
f 6593//6592 6594//6593 6579//6578
f 6594//6593 6595//6594 6580//6579
f 6595//6594 6596//6595 6581//6580
f 6596//6595 6597//6596 6582//6581
f 6597//6596 6598//6597 6583//6582
f 6598//6597 6599//6598 6584//6583
f 6599//6598 6600//6599 6585//6584
f 2534//2534 6601//6600 6587//6586
f 6601//6600 6602//6601 6588//6587
f 6602//6601 6603//6602 6589//6588
f 6603//6602 6604//6603 6590//6589
f 6604//6603 6605//6604 6591//6590
f 6605//6604 6606//6605 6592//6591
f 6606//6605 6607//6606 6593//6592
f 6607//6606 6608//6607 6594//6593
f 6608//6607 6609//6608 6595//6594
f 6609//6608 6610//6609 6596//6595
f 6610//6609 6611//6610 6597//6596
f 6611//6610 6612//6611 6598//6597
f 6612//6611 6613//6612 6599//6598
f 6613//6612 6614//6613 6600//6599
f 2079//2079 6615//6614 6601//6600
f 6615//6614 6616//6615 6602//6601
f 6616//6615 6617//6616 6603//6602
f 6617//6616 6618//6617 6604//6603
f 6618//6617 6619//6618 6605//6604
f 6619//6618 6620//6619 6606//6605
f 6620//6619 6621//6620 6607//6606
f 6621//6620 6622//6621 6608//6607
f 6622//6621 6623//6622 6609//6608
f 6623//6622 6624//6623 6610//6609
f 6624//6623 6625//6624 6611//6610
f 6625//6624 6626//6625 6612//6611
f 6626//6625 6627//6626 6613//6612
f 6627//6626 6628//6627 6614//6613
f 6629//6628 6630//6629 2097//2097
f 6631//6630 6632//6631 6630//6629
f 6633//6632 6634//6633 6632//6631
f 6635//6634 6636//6635 6634//6633
f 6637//6636 6638//6637 6636//6635
f 6639//6638 6640//6639 6638//6637
f 6641//6640 6642//6641 6640//6639
f 6643//6642 6644//6643 6642//6641
f 6645//6644 6646//6645 6644//6643
f 6647//6646 6648//6647 6646//6645
f 6649//6648 6650//6649 6648//6647
f 6651//6650 6652//6651 6650//6649
f 6653//6652 6654//6653 6652//6651
f 6655//6654 6656//6655 6654//6653
f 6657//6656 6629//6628 2519//2519
f 6658//6657 6631//6630 6629//6628
f 6659//6658 6633//6632 6631//6630
f 6660//6659 6635//6634 6633//6632
f 6661//6660 6637//6636 6635//6634
f 6662//6661 6639//6638 6637//6636
f 6663//6662 6641//6640 6639//6638
f 6664//6663 6643//6642 6641//6640
f 6665//6664 6645//6644 6643//6642
f 6666//6665 6647//6646 6645//6644
f 6667//6666 6649//6648 6647//6646
f 6668//6667 6651//6650 6649//6648
f 6669//6668 6653//6652 6651//6650
f 6670//6669 6655//6654 6653//6652
f 6671//6670 6657//6656 2504//2504
f 6672//6671 6658//6657 6657//6656
f 6673//6672 6659//6658 6658//6657
f 6674//6673 6660//6659 6659//6658
f 6675//6674 6661//6660 6660//6659
f 6676//6675 6662//6661 6661//6660
f 6677//6676 6663//6662 6662//6661
f 6678//6677 6664//6663 6663//6662
f 6679//6678 6665//6664 6664//6663
f 6680//6679 6666//6665 6665//6664
f 6681//6680 6667//6666 6666//6665
f 6682//6681 6668//6667 6667//6666
f 6683//6682 6669//6668 6668//6667
f 6684//6683 6670//6669 6669//6668
f 6686//6685 6671//6670 2489//2489
f 6687//6686 6672//6671 6671//6670
f 6688//6687 6673//6672 6672//6671
f 6689//6688 6674//6673 6673//6672
f 6690//6689 6675//6674 6674//6673
f 6691//6690 6676//6675 6675//6674
f 6692//6691 6677//6676 6676//6675
f 6693//6692 6678//6677 6677//6676
f 6694//6693 6679//6678 6678//6677
f 6695//6694 6680//6679 6679//6678
f 6696//6695 6681//6680 6680//6679
f 6697//6696 6682//6681 6681//6680
f 6698//6697 6683//6682 6682//6681
f 6699//6698 6684//6683 6683//6682
f 6701//6700 6686//6685 6685//6684
f 6702//6701 6687//6686 6686//6685
f 6703//6702 6688//6687 6687//6686
f 6704//6703 6689//6688 6688//6687
f 6705//6704 6690//6689 6689//6688
f 6706//6705 6691//6690 6690//6689
f 6707//6706 6692//6691 6691//6690
f 6708//6707 6693//6692 6692//6691
f 6709//6708 6694//6693 6693//6692
f 6710//6709 6695//6694 6694//6693
f 6711//6710 6696//6695 6695//6694
f 6712//6711 6697//6696 6696//6695
f 6713//6712 6698//6697 6697//6696
f 6714//6713 6699//6698 6698//6697
f 6715//6714 6701//6700 6700//6699
f 6716//6715 6702//6701 6701//6700
f 6717//6716 6703//6702 6702//6701
f 6718//6717 6704//6703 6703//6702
f 6719//6718 6705//6704 6704//6703
f 6720//6719 6706//6705 6705//6704
f 6721//6720 6707//6706 6706//6705
f 6722//6721 6708//6707 6707//6706
f 6723//6722 6709//6708 6708//6707
f 6724//6723 6710//6709 6709//6708
f 6725//6724 6711//6710 6710//6709
f 6726//6725 6712//6711 6711//6710
f 6727//6726 6713//6712 6712//6711
f 6728//6727 6714//6713 6713//6712
f 6730//6729 6715//6714 2446//2446
f 6731//6730 6716//6715 6715//6714
f 6732//6731 6717//6716 6716//6715
f 6733//6732 6718//6717 6717//6716
f 6734//6733 6719//6718 6718//6717
f 6735//6734 6720//6719 6719//6718
f 6736//6735 6721//6720 6720//6719
f 6737//6736 6722//6721 6721//6720
f 6738//6737 6723//6722 6722//6721
f 6739//6738 6724//6723 6723//6722
f 6740//6739 6725//6724 6724//6723
f 6741//6740 6726//6725 6725//6724
f 6742//6741 6727//6726 6726//6725
f 6743//6742 6728//6727 6727//6726
f 6744//6743 6730//6729 6729//6728
f 6744//6743 6745//6744 6731//6730
f 6746//6745 6732//6731 6731//6730
f 6746//6745 6747//6746 6733//6732
f 6748//6747 6734//6733 6733//6732
f 6748//6747 6749//6748 6735//6734
f 6749//6748 6750//6749 6736//6735
f 6750//6749 6751//6750 6737//6736
f 6752//6751 6738//6737 6737//6736
f 6753//6752 6739//6738 6738//6737
f 6753//6752 6754//6753 6740//6739
f 6754//6753 6755//6754 6741//6740
f 6756//6755 6742//6741 6741//6740
f 6757//6756 6743//6742 6742//6741
f 2402//2402 6758//6757 6744//6743
f 6758//6757 6759//6758 6745//6744
f 6759//6758 6760//6759 6746//6745
f 6760//6759 6761//6760 6747//6746
f 6761//6760 6762//6761 6748//6747
f 6762//6761 6763//6762 6749//6748
f 6763//6762 6764//6763 6750//6749
f 6764//6763 6765//6764 6751//6750
f 6765//6764 6766//6765 6752//6751
f 6766//6765 6767//6766 6753//6752
f 6767//6766 6768//6767 6754//6753
f 6768//6767 6769//6768 6755//6754
f 6769//6768 6770//6769 6756//6755
f 6770//6769 6771//6770 6757//6756
f 2387//2387 6772//6771 6758//6757
f 6772//6771 6773//6772 6759//6758
f 6773//6772 6774//6773 6760//6759
f 6774//6773 6775//6774 6761//6760
f 6775//6774 6776//6775 6762//6761
f 6776//6775 6777//6776 6763//6762
f 6777//6776 6778//6777 6764//6763
f 6778//6777 6779//6778 6765//6764
f 6779//6778 6780//6779 6766//6765
f 6780//6779 6781//6780 6767//6766
f 6781//6780 6782//6781 6768//6767
f 6782//6781 6783//6782 6769//6768
f 6783//6782 6784//6783 6770//6769
f 6784//6783 6785//6784 6771//6770
f 6786//6785 6787//6786 6772//6771
f 6787//6786 6788//6787 6773//6772
f 6788//6787 6789//6788 6774//6773
f 6789//6788 6790//6789 6775//6774
f 6790//6789 6791//6790 6776//6775
f 6791//6790 6792//6791 6777//6776
f 6792//6791 6793//6792 6778//6777
f 6793//6792 6794//6793 6779//6778
f 6794//6793 6795//6794 6780//6779
f 6795//6794 6796//6795 6781//6780
f 6796//6795 6797//6796 6782//6781
f 6797//6796 6798//6797 6783//6782
f 6798//6797 6799//6798 6784//6783
f 6799//6798 6800//6799 6785//6784
f 6801//6800 6802//6801 6787//6786
f 6802//6801 6803//6802 6788//6787
f 6803//6802 6804//6803 6789//6788
f 6804//6803 6805//6804 6790//6789
f 6805//6804 6806//6805 6791//6790
f 6806//6805 6807//6806 6792//6791
f 6807//6806 6808//6807 6793//6792
f 6808//6807 6809//6808 6794//6793
f 6809//6808 6810//6809 6795//6794
f 6810//6809 6811//6810 6796//6795
f 6811//6810 6812//6811 6797//6796
f 6812//6811 6813//6812 6798//6797
f 6813//6812 6814//6813 6799//6798
f 6814//6813 6815//6814 6800//6799
f 2344//2344 6816//6815 6802//6801
f 6816//6815 6817//6816 6803//6802
f 6817//6816 6818//6817 6804//6803
f 6818//6817 6819//6818 6805//6804
f 6819//6818 6820//6819 6806//6805
f 6820//6819 6821//6820 6807//6806
f 6821//6820 6822//6821 6808//6807
f 6822//6821 6823//6822 6809//6808
f 6823//6822 6824//6823 6810//6809
f 6824//6823 6825//6824 6811//6810
f 6825//6824 6826//6825 6812//6811
f 6826//6825 6827//6826 6813//6812
f 6827//6826 6828//6827 6814//6813
f 6828//6827 6829//6828 6815//6814
f 2314//2314 6830//6829 6816//6815
f 6830//6829 6831//6830 6817//6816
f 6831//6830 6832//6831 6818//6817
f 6832//6831 6833//6832 6819//6818
f 6833//6832 6834//6833 6820//6819
f 6834//6833 6835//6834 6821//6820
f 6835//6834 6836//6835 6822//6821
f 6836//6835 6837//6836 6823//6822
f 6837//6836 6838//6837 6824//6823
f 6838//6837 6839//6838 6825//6824
f 6839//6838 6840//6839 6826//6825
f 6840//6839 6841//6840 6827//6826
f 6841//6840 6842//6841 6828//6827
f 6842//6841 6843//6842 6829//6828
f 2317//2317 6402//6401 6830//6829
f 6402//6401 6404//6403 6831//6830
f 6404//6403 6406//6405 6832//6831
f 6406//6405 6408//6407 6833//6832
f 6408//6407 6410//6409 6834//6833
f 6410//6409 6412//6411 6835//6834
f 6412//6411 6414//6413 6836//6835
f 6414//6413 6416//6415 6837//6836
f 6416//6415 6418//6417 6838//6837
f 6418//6417 6420//6419 6839//6838
f 6420//6419 6422//6421 6840//6839
f 6422//6421 6424//6423 6841//6840
f 6424//6423 6426//6425 6842//6841
f 6426//6425 6428//6427 6843//6842
f 6844//6843 6845//6844 1864//1864
f 6846//6845 6847//6846 6845//6844
f 6848//6847 6849//6848 6847//6846
f 6850//6849 6851//6850 6849//6848
f 6852//6851 6853//6852 6851//6850
f 6854//6853 6855//6854 6853//6852
f 6856//6855 6857//6856 6855//6854
f 6858//6857 6859//6858 6857//6856
f 6860//6859 6861//6860 6859//6858
f 6862//6861 6863//6862 6861//6860
f 6864//6863 6865//6864 6863//6862
f 6866//6865 6867//6866 6865//6864
f 6868//6867 6869//6868 6867//6866
f 6870//6869 6871//6870 6869//6868
f 6872//6871 6844//6843 2299//2299
f 6873//6872 6846//6845 6844//6843
f 6874//6873 6848//6847 6846//6845
f 6875//6874 6850//6849 6848//6847
f 6876//6875 6852//6851 6850//6849
f 6877//6876 6854//6853 6852//6851
f 6878//6877 6856//6855 6854//6853
f 6879//6878 6858//6857 6856//6855
f 6880//6879 6860//6859 6858//6857
f 6881//6880 6862//6861 6860//6859
f 6882//6881 6864//6863 6862//6861
f 6883//6882 6866//6865 6864//6863
f 6884//6883 6868//6867 6866//6865
f 6885//6884 6870//6869 6868//6867
f 6887//6886 6872//6871 2284//2284
f 6888//6887 6873//6872 6872//6871
f 6889//6888 6874//6873 6873//6872
f 6890//6889 6875//6874 6874//6873
f 6891//6890 6876//6875 6875//6874
f 6892//6891 6877//6876 6876//6875
f 6893//6892 6878//6877 6877//6876
f 6894//6893 6879//6878 6878//6877
f 6895//6894 6880//6879 6879//6878
f 6896//6895 6881//6880 6880//6879
f 6897//6896 6882//6881 6881//6880
f 6898//6897 6883//6882 6882//6881
f 6899//6898 6884//6883 6883//6882
f 6900//6899 6885//6884 6884//6883
f 6901//6900 6887//6886 6886//6885
f 6902//6901 6888//6887 6887//6886
f 6903//6902 6889//6888 6888//6887
f 6904//6903 6890//6889 6889//6888
f 6905//6904 6891//6890 6890//6889
f 6906//6905 6892//6891 6891//6890
f 6907//6906 6893//6892 6892//6891
f 6908//6907 6894//6893 6893//6892
f 6909//6908 6895//6894 6894//6893
f 6910//6909 6896//6895 6895//6894
f 6911//6910 6897//6896 6896//6895
f 6912//6911 6898//6897 6897//6896
f 6913//6912 6899//6898 6898//6897
f 6914//6913 6900//6899 6899//6898
f 6915//6914 6901//6900 2255//2255
f 6916//6915 6902//6901 6901//6900
f 6917//6916 6903//6902 6902//6901
f 6918//6917 6904//6903 6903//6902
f 6919//6918 6905//6904 6904//6903
f 6920//6919 6906//6905 6905//6904
f 6921//6920 6907//6906 6906//6905
f 6922//6921 6908//6907 6907//6906
f 6923//6922 6909//6908 6908//6907
f 6924//6923 6910//6909 6909//6908
f 6925//6924 6911//6910 6910//6909
f 6926//6925 6912//6911 6911//6910
f 6927//6926 6913//6912 6912//6911
f 6928//6927 6914//6913 6913//6912
f 6929//6928 6915//6914 2240//2240
f 6930//6929 6916//6915 6915//6914
f 6931//6930 6917//6916 6916//6915
f 6932//6931 6918//6917 6917//6916
f 6933//6932 6919//6918 6918//6917
f 6934//6933 6920//6919 6919//6918
f 6935//6934 6921//6920 6920//6919
f 6936//6935 6922//6921 6921//6920
f 6937//6936 6923//6922 6922//6921
f 6938//6937 6924//6923 6923//6922
f 6939//6938 6925//6924 6924//6923
f 6940//6939 6926//6925 6925//6924
f 6941//6940 6927//6926 6926//6925
f 6942//6941 6928//6927 6927//6926
f 6944//6943 6929//6928 2225//2225
f 6945//6944 6930//6929 6929//6928
f 6946//6945 6931//6930 6930//6929
f 6947//6946 6932//6931 6931//6930
f 6948//6947 6933//6932 6932//6931
f 6949//6948 6934//6933 6933//6932
f 6950//6949 6935//6934 6934//6933
f 6951//6950 6936//6935 6935//6934
f 6952//6951 6937//6936 6936//6935
f 6953//6952 6938//6937 6937//6936
f 6954//6953 6939//6938 6938//6937
f 6955//6954 6940//6939 6939//6938
f 6956//6955 6941//6940 6940//6939
f 6957//6956 6942//6941 6941//6940
f 6958//6957 6944//6943 6943//6942
f 6958//6957 6959//6958 6945//6944
f 6960//6959 6946//6945 6945//6944
f 6960//6959 6961//6960 6947//6946
f 6962//6961 6948//6947 6947//6946
f 6962//6961 6963//6962 6949//6948
f 6964//6963 6950//6949 6949//6948
f 6965//6964 6951//6950 6950//6949
f 6965//6964 6966//6965 6952//6951
f 6966//6965 6967//6966 6953//6952
f 6967//6966 6968//6967 6954//6953
f 6968//6967 6969//6968 6955//6954
f 6970//6969 6956//6955 6955//6954
f 6971//6970 6957//6956 6956//6955
f 2181//2181 6972//6971 6958//6957
f 6972//6971 6973//6972 6959//6958
f 6973//6972 6974//6973 6960//6959
f 6974//6973 6975//6974 6961//6960
f 6975//6974 6976//6975 6962//6961
f 6976//6975 6977//6976 6963//6962
f 6977//6976 6978//6977 6964//6963
f 6978//6977 6979//6978 6965//6964
f 6979//6978 6980//6979 6966//6965
f 6980//6979 6981//6980 6967//6966
f 6981//6980 6982//6981 6968//6967
f 6982//6981 6983//6982 6969//6968
f 6983//6982 6984//6983 6970//6969
f 6984//6983 6985//6984 6971//6970
f 6986//6985 6987//6986 6972//6971
f 6987//6986 6988//6987 6973//6972
f 6988//6987 6989//6988 6974//6973
f 6989//6988 6990//6989 6975//6974
f 6990//6989 6991//6990 6976//6975
f 6991//6990 6992//6991 6977//6976
f 6992//6991 6993//6992 6978//6977
f 6993//6992 6994//6993 6979//6978
f 6994//6993 6995//6994 6980//6979
f 6995//6994 6996//6995 6981//6980
f 6996//6995 6997//6996 6982//6981
f 6997//6996 6998//6997 6983//6982
f 6998//6997 6999//6998 6984//6983
f 6999//6998 7000//6999 6985//6984
f 7001//7000 7002//7001 6987//6986
f 7002//7001 7003//7002 6988//6987
f 7003//7002 7004//7003 6989//6988
f 7004//7003 7005//7004 6990//6989
f 7005//7004 7006//7005 6991//6990
f 7006//7005 7007//7006 6992//6991
f 7007//7006 7008//7007 6993//6992
f 7008//7007 7009//7008 6994//6993
f 7009//7008 7010//7009 6995//6994
f 7010//7009 7011//7010 6996//6995
f 7011//7010 7012//7011 6997//6996
f 7012//7011 7013//7012 6998//6997
f 7013//7012 7014//7013 6999//6998
f 7014//7013 7015//7014 7000//6999
f 2138//2138 7016//7015 7002//7001
f 7016//7015 7017//7016 7003//7002
f 7017//7016 7018//7017 7004//7003
f 7018//7017 7019//7018 7005//7004
f 7019//7018 7020//7019 7006//7005
f 7020//7019 7021//7020 7007//7006
f 7021//7020 7022//7021 7008//7007
f 7022//7021 7023//7022 7009//7008
f 7023//7022 7024//7023 7010//7009
f 7024//7023 7025//7024 7011//7010
f 7025//7024 7026//7025 7012//7011
f 7026//7025 7027//7026 7013//7012
f 7027//7026 7028//7027 7014//7013
f 7028//7027 7029//7028 7015//7014
f 7030//7029 7031//7030 7016//7015
f 7031//7030 7032//7031 7017//7016
f 7032//7031 7033//7032 7018//7017
f 7033//7032 7034//7033 7019//7018
f 7034//7033 7035//7034 7020//7019
f 7035//7034 7036//7035 7021//7020
f 7036//7035 7037//7036 7022//7021
f 7037//7036 7038//7037 7023//7022
f 7038//7037 7039//7038 7024//7023
f 7039//7038 7040//7039 7025//7024
f 7040//7039 7041//7040 7026//7025
f 7041//7040 7042//7041 7027//7026
f 7042//7041 7043//7042 7028//7027
f 7043//7042 7044//7043 7029//7028
f 2094//2094 7045//7044 7031//7030
f 7045//7044 7046//7045 7032//7031
f 7046//7045 7047//7046 7033//7032
f 7047//7046 7048//7047 7034//7033
f 7048//7047 7049//7048 7035//7034
f 7049//7048 7050//7049 7036//7035
f 7050//7049 7051//7050 7037//7036
f 7051//7050 7052//7051 7038//7037
f 7052//7051 7053//7052 7039//7038
f 7053//7052 7054//7053 7040//7039
f 7054//7053 7055//7054 7041//7040
f 7055//7054 7056//7055 7042//7041
f 7056//7055 7057//7056 7043//7042
f 7057//7056 7058//7057 7044//7043
f 2097//2097 6630//6629 7045//7044
f 6630//6629 6632//6631 7046//7045
f 6632//6631 6634//6633 7047//7046
f 6634//6633 6636//6635 7048//7047
f 6636//6635 6638//6637 7049//7048
f 6638//6637 6640//6639 7050//7049
f 6640//6639 6642//6641 7051//7050
f 6642//6641 6644//6643 7052//7051
f 6644//6643 6646//6645 7053//7052
f 6646//6645 6648//6647 7054//7053
f 6648//6647 6650//6649 7055//7054
f 6650//6649 6652//6651 7056//7055
f 6652//6651 6654//6653 7057//7056
f 6654//6653 6656//6655 7058//7057
f 7059//7058 6615//6614 2079//2079
f 7060//7059 6616//6615 6615//6614
f 7061//7060 6617//6616 6616//6615
f 7062//7061 6618//6617 6617//6616
f 7063//7062 6619//6618 6618//6617
f 7064//7063 6620//6619 6619//6618
f 7065//7064 6621//6620 6620//6619
f 7066//7065 6622//6621 6621//6620
f 7067//7066 6623//6622 6622//6621
f 7068//7067 6624//6623 6623//6622
f 7069//7068 6625//6624 6624//6623
f 7070//7069 6626//6625 6625//6624
f 7071//7070 6627//6626 6626//6625
f 7072//7071 6628//6627 6627//6626
f 7074//7073 7059//7058 2064//2064
f 7075//7074 7060//7059 7059//7058
f 7076//7075 7061//7060 7060//7059
f 7077//7076 7062//7061 7061//7060
f 7078//7077 7063//7062 7062//7061
f 7079//7078 7064//7063 7063//7062
f 7080//7079 7065//7064 7064//7063
f 7081//7080 7066//7065 7065//7064
f 7082//7081 7067//7066 7066//7065
f 7083//7082 7068//7067 7067//7066
f 7084//7083 7069//7068 7068//7067
f 7085//7084 7070//7069 7069//7068
f 7086//7085 7071//7070 7070//7069
f 7087//7086 7072//7071 7071//7070
f 7089//7088 7074//7073 7073//7072
f 7090//7089 7075//7074 7074//7073
f 7091//7090 7076//7075 7075//7074
f 7092//7091 7077//7076 7076//7075
f 7093//7092 7078//7077 7077//7076
f 7094//7093 7079//7078 7078//7077
f 7095//7094 7080//7079 7079//7078
f 7096//7095 7081//7080 7080//7079
f 7097//7096 7082//7081 7081//7080
f 7098//7097 7083//7082 7082//7081
f 7099//7098 7084//7083 7083//7082
f 7100//7099 7085//7084 7084//7083
f 7101//7100 7086//7085 7085//7084
f 7102//7101 7087//7086 7086//7085
f 7103//7102 7089//7088 7088//7087
f 7104//7103 7090//7089 7089//7088
f 7105//7104 7091//7090 7090//7089
f 7106//7105 7092//7091 7091//7090
f 7107//7106 7093//7092 7092//7091
f 7108//7107 7094//7093 7093//7092
f 7109//7108 7095//7094 7094//7093
f 7110//7109 7096//7095 7095//7094
f 7111//7110 7097//7096 7096//7095
f 7112//7111 7098//7097 7097//7096
f 7113//7112 7099//7098 7098//7097
f 7114//7113 7100//7099 7099//7098
f 7115//7114 7101//7100 7100//7099
f 7116//7115 7102//7101 7101//7100
f 7118//7117 7103//7102 2021//2021
f 7119//7118 7104//7103 7103//7102
f 7120//7119 7105//7104 7104//7103
f 7121//7120 7106//7105 7105//7104
f 7122//7121 7107//7106 7106//7105
f 7123//7122 7108//7107 7107//7106
f 7124//7123 7109//7108 7108//7107
f 7125//7124 7110//7109 7109//7108
f 7126//7125 7111//7110 7110//7109
f 7127//7126 7112//7111 7111//7110
f 7128//7127 7113//7112 7112//7111
f 7129//7128 7114//7113 7113//7112
f 7130//7129 7115//7114 7114//7113
f 7131//7130 7116//7115 7115//7114
f 7132//7131 7118//7117 7117//7116
f 7133//7132 7119//7118 7118//7117
f 7134//7133 7120//7119 7119//7118
f 7135//7134 7121//7120 7120//7119
f 7136//7135 7122//7121 7121//7120
f 7137//7136 7123//7122 7122//7121
f 7138//7137 7124//7123 7123//7122
f 7139//7138 7125//7124 7124//7123
f 7140//7139 7126//7125 7125//7124
f 7141//7140 7127//7126 7126//7125
f 7142//7141 7128//7127 7127//7126
f 7143//7142 7129//7128 7128//7127
f 7144//7143 7130//7129 7129//7128
f 7145//7144 7131//7130 7130//7129
f 7147//7146 7132//7131 1992//1992
f 7148//7147 7133//7132 7132//7131
f 7149//7148 7134//7133 7133//7132
f 7150//7149 7135//7134 7134//7133
f 7151//7150 7136//7135 7135//7134
f 7152//7151 7137//7136 7136//7135
f 7153//7152 7138//7137 7137//7136
f 7154//7153 7139//7138 7138//7137
f 7155//7154 7140//7139 7139//7138
f 7156//7155 7141//7140 7140//7139
f 7157//7156 7142//7141 7141//7140
f 7158//7157 7143//7142 7142//7141
f 7159//7158 7144//7143 7143//7142
f 7160//7159 7145//7144 7144//7143
f 7161//7160 7147//7146 7146//7145
f 7161//7160 7162//7161 7148//7147
f 7163//7162 7149//7148 7148//7147
f 7163//7162 7164//7163 7150//7149
f 7165//7164 7151//7150 7150//7149
f 7165//7164 7166//7165 7152//7151
f 7166//7165 7167//7166 7153//7152
f 7168//7167 7154//7153 7153//7152
f 7168//7167 7169//7168 7155//7154
f 7170//7169 7156//7155 7155//7154
f 7170//7169 7171//7170 7157//7156
f 7172//7171 7158//7157 7157//7156
f 7173//7172 7159//7158 7158//7157
f 7174//7173 7160//7159 7159//7158
f 1948//1948 7175//7174 7161//7160
f 7175//7174 7176//7175 7162//7161
f 7176//7175 7177//7176 7163//7162
f 7177//7176 7178//7177 7164//7163
f 7178//7177 7179//7178 7165//7164
f 7179//7178 7180//7179 7166//7165
f 7180//7179 7181//7180 7167//7166
f 7181//7180 7182//7181 7168//7167
f 7182//7181 7183//7182 7169//7168
f 7183//7182 7184//7183 7170//7169
f 7184//7183 7185//7184 7171//7170
f 7185//7184 7186//7185 7172//7171
f 7186//7185 7187//7186 7173//7172
f 7187//7186 7188//7187 7174//7173
f 7189//7188 7190//7189 7175//7174
f 7190//7189 7191//7190 7176//7175
f 7191//7190 7192//7191 7177//7176
f 7192//7191 7193//7192 7178//7177
f 7193//7192 7194//7193 7179//7178
f 7194//7193 7195//7194 7180//7179
f 7195//7194 7196//7195 7181//7180
f 7196//7195 7197//7196 7182//7181
f 7197//7196 7198//7197 7183//7182
f 7198//7197 7199//7198 7184//7183
f 7199//7198 7200//7199 7185//7184
f 7200//7199 7201//7200 7186//7185
f 7201//7200 7202//7201 7187//7186
f 7202//7201 7203//7202 7188//7187
f 7204//7203 7205//7204 7190//7189
f 7205//7204 7206//7205 7191//7190
f 7206//7205 7207//7206 7192//7191
f 7207//7206 7208//7207 7193//7192
f 7208//7207 7209//7208 7194//7193
f 7209//7208 7210//7209 7195//7194
f 7210//7209 7211//7210 7196//7195
f 7211//7210 7212//7211 7197//7196
f 7212//7211 7213//7212 7198//7197
f 7213//7212 7214//7213 7199//7198
f 7214//7213 7215//7214 7200//7199
f 7215//7214 7216//7215 7201//7200
f 7216//7215 7217//7216 7202//7201
f 7217//7216 7218//7217 7203//7202
f 1905//1905 7219//7218 7205//7204
f 7219//7218 7220//7219 7206//7205
f 7220//7219 7221//7220 7207//7206
f 7221//7220 7222//7221 7208//7207
f 7222//7221 7223//7222 7209//7208
f 7223//7222 7224//7223 7210//7209
f 7224//7223 7225//7224 7211//7210
f 7225//7224 7226//7225 7212//7211
f 7226//7225 7227//7226 7213//7212
f 7227//7226 7228//7227 7214//7213
f 7228//7227 7229//7228 7215//7214
f 7229//7228 7230//7229 7216//7215
f 7230//7229 7231//7230 7217//7216
f 7231//7230 7232//7231 7218//7217
f 7233//7232 7234//7233 7219//7218
f 7234//7233 7235//7234 7220//7219
f 7235//7234 7236//7235 7221//7220
f 7236//7235 7237//7236 7222//7221
f 7237//7236 7238//7237 7223//7222
f 7238//7237 7239//7238 7224//7223
f 7239//7238 7240//7239 7225//7224
f 7240//7239 7241//7240 7226//7225
f 7241//7240 7242//7241 7227//7226
f 7242//7241 7243//7242 7228//7227
f 7243//7242 7244//7243 7229//7228
f 7244//7243 7245//7244 7230//7229
f 7245//7244 7246//7245 7231//7230
f 7246//7245 7247//7246 7232//7231
f 1861//1861 7248//7247 7234//7233
f 7248//7247 7249//7248 7235//7234
f 7249//7248 7250//7249 7236//7235
f 7250//7249 7251//7250 7237//7236
f 7251//7250 7252//7251 7238//7237
f 7252//7251 7253//7252 7239//7238
f 7253//7252 7254//7253 7240//7239
f 7254//7253 7255//7254 7241//7240
f 7255//7254 7256//7255 7242//7241
f 7256//7255 7257//7256 7243//7242
f 7257//7256 7258//7257 7244//7243
f 7258//7257 7259//7258 7245//7244
f 7259//7258 7260//7259 7246//7245
f 7260//7259 7261//7260 7247//7246
f 1864//1864 6845//6844 7248//7247
f 6845//6844 6847//6846 7249//7248
f 6847//6846 6849//6848 7250//7249
f 6849//6848 6851//6850 7251//7250
f 6851//6850 6853//6852 7252//7251
f 6853//6852 6855//6854 7253//7252
f 6855//6854 6857//6856 7254//7253
f 6857//6856 6859//6858 7255//7254
f 6859//6858 6861//6860 7256//7255
f 6861//6860 6863//6862 7257//7256
f 6863//6862 6865//6864 7258//7257
f 6865//6864 6867//6866 7259//7258
f 6867//6866 6869//6868 7260//7259
f 6869//6868 6871//6870 7261//7260
