# Blender 4.4.1
# www.blender.org
mtllib chao.mtl
o chao
v -25.000000 0.000000 25.000000
v 25.000000 0.000000 25.000000
v -25.000000 0.000000 -25.000000
v 25.000000 0.000000 -25.000000
v -25.000000 0.000000 -23.387096
v -25.000000 0.000000 -21.774193
v -25.000000 0.000000 -20.161289
v -25.000000 0.000000 -18.548386
v -25.000000 0.000000 -16.935482
v -25.000000 0.000000 -15.322578
v -25.000000 0.000000 -13.709675
v -25.000000 0.000000 -12.096771
v -25.000000 0.000000 -10.483868
v -25.000000 0.000000 -8.870964
v -25.000000 0.000000 -7.258061
v -25.000000 0.000000 -5.645158
v -25.000000 0.000000 -4.032255
v -25.000000 0.000000 -2.419352
v -25.000000 0.000000 -0.806449
v -25.000000 0.000000 0.806454
v -25.000000 0.000000 2.419358
v -25.000000 0.000000 4.032261
v -25.000000 0.000000 5.645164
v -25.000000 0.000000 7.258067
v -25.000000 0.000000 8.870970
v -25.000000 0.000000 10.483872
v -25.000000 0.000000 12.096775
v -25.000000 0.000000 13.709679
v -25.000000 0.000000 15.322582
v -25.000000 0.000000 16.935486
v -25.000000 0.000000 18.548389
v -25.000000 0.000000 20.161293
v -25.000000 0.000000 21.774195
v -25.000000 0.000000 23.387096
v -23.387096 0.000000 25.000000
v -21.774193 0.000000 25.000000
v -20.161289 0.000000 25.000000
v -18.548386 0.000000 25.000000
v -16.935482 0.000000 25.000000
v -15.322578 0.000000 25.000000
v -13.709675 0.000000 25.000000
v -12.096771 0.000000 25.000000
v -10.483868 0.000000 25.000000
v -8.870964 0.000000 25.000000
v -7.258061 0.000000 25.000000
v -5.645158 0.000000 25.000000
v -4.032255 0.000000 25.000000
v -2.419352 0.000000 25.000000
v -0.806449 0.000000 25.000000
v 0.806454 0.000000 25.000000
v 2.419358 0.000000 25.000000
v 4.032261 0.000000 25.000000
v 5.645164 0.000000 25.000000
v 7.258067 0.000000 25.000000
v 8.870970 0.000000 25.000000
v 10.483872 0.000000 25.000000
v 12.096775 0.000000 25.000000
v 13.709679 0.000000 25.000000
v 15.322582 0.000000 25.000000
v 16.935486 0.000000 25.000000
v 18.548389 0.000000 25.000000
v 20.161293 0.000000 25.000000
v 21.774195 0.000000 25.000000
v 23.387096 0.000000 25.000000
v 25.000000 0.000000 23.387096
v 25.000000 0.000000 21.774193
v 25.000000 0.000000 20.161289
v 25.000000 0.000000 18.548386
v 25.000000 0.000000 16.935482
v 25.000000 0.000000 15.322578
v 25.000000 0.000000 13.709675
v 25.000000 0.000000 12.096771
v 25.000000 0.000000 10.483868
v 25.000000 0.000000 8.870964
v 25.000000 0.000000 7.258061
v 25.000000 0.000000 5.645158
v 25.000000 0.000000 4.032255
v 25.000000 0.000000 2.419352
v 25.000000 0.000000 0.806449
v 25.000000 0.000000 -0.806454
v 25.000000 0.000000 -2.419358
v 25.000000 0.000000 -4.032261
v 25.000000 0.000000 -5.645164
v 25.000000 0.000000 -7.258067
v 25.000000 0.000000 -8.870970
v 25.000000 0.000000 -10.483872
v 25.000000 0.000000 -12.096775
v 25.000000 0.000000 -13.709679
v 25.000000 0.000000 -15.322582
v 25.000000 0.000000 -16.935486
v 25.000000 0.000000 -18.548389
v 25.000000 0.000000 -20.161293
v 25.000000 0.000000 -21.774195
v 25.000000 0.000000 -23.387096
v 23.387096 0.000000 -25.000000
v 21.774193 0.000000 -25.000000
v 20.161289 0.000000 -25.000000
v 18.548386 0.000000 -25.000000
v 16.935482 0.000000 -25.000000
v 15.322578 0.000000 -25.000000
v 13.709675 0.000000 -25.000000
v 12.096771 0.000000 -25.000000
v 10.483868 0.000000 -25.000000
v 8.870964 0.000000 -25.000000
v 7.258061 0.000000 -25.000000
v 5.645158 0.000000 -25.000000
v 4.032255 0.000000 -25.000000
v 2.419352 0.000000 -25.000000
v 0.806449 0.000000 -25.000000
v -0.806454 0.000000 -25.000000
v -2.419358 0.000000 -25.000000
v -4.032261 0.000000 -25.000000
v -5.645164 0.000000 -25.000000
v -7.258067 0.000000 -25.000000
v -8.870970 0.000000 -25.000000
v -10.483872 0.000000 -25.000000
v -12.096775 0.000000 -25.000000
v -13.709679 0.000000 -25.000000
v -15.322582 0.000000 -25.000000
v -16.935486 0.000000 -25.000000
v -18.548389 0.000000 -25.000000
v -20.161293 0.000000 -25.000000
v -21.774195 0.000000 -25.000000
v -23.387096 0.000000 -25.000000
v -23.387096 0.000000 23.387096
v -23.387096 0.000000 21.774193
v -23.387096 0.000000 20.161289
v -23.387096 0.000000 18.548386
v -23.387096 0.000000 16.935482
v -23.387096 0.000000 15.322578
v -23.387096 0.000000 13.709675
v -23.387096 0.000000 12.096771
v -23.387096 0.000000 10.483868
v -23.387096 0.000000 8.870964
v -23.387096 0.000000 7.258061
v -23.387096 0.000000 5.645158
v -23.387096 0.000000 4.032255
v -23.387096 0.000000 2.419352
v -23.387096 0.000000 0.806449
v -23.387096 0.000000 -0.806454
v -23.387096 0.000000 -2.419358
v -23.387096 0.000000 -4.032261
v -23.387096 0.000000 -5.645164
v -23.387096 0.000000 -7.258067
v -23.387096 0.000000 -8.870970
v -23.387096 0.000000 -10.483872
v -23.387096 0.000000 -12.096775
v -23.387096 0.000000 -13.709679
v -23.387096 0.000000 -15.322582
v -23.387096 0.000000 -16.935486
v -23.387096 0.000000 -18.548389
v -23.387096 0.000000 -20.161293
v -23.387096 0.000000 -21.774195
v -23.387096 0.000000 -23.387096
v -21.774193 0.000000 23.387096
v -21.774193 0.000000 21.774193
v -21.774193 0.000000 20.161289
v -21.774193 0.000000 18.548386
v -21.774193 0.000000 16.935482
v -21.774193 0.000000 15.322578
v -21.774193 0.000000 13.709675
v -21.774193 0.000000 12.096771
v -21.774193 0.000000 10.483868
v -21.774193 0.000000 8.870964
v -21.774193 0.000000 7.258061
v -21.774193 0.000000 5.645158
v -21.774193 0.000000 4.032255
v -21.774193 0.000000 2.419352
v -21.774193 0.000000 0.806449
v -21.774193 0.000000 -0.806454
v -21.774193 0.000000 -2.419358
v -21.774193 0.000000 -4.032261
v -21.774193 0.000000 -5.645164
v -21.774193 0.000000 -7.258067
v -21.774193 0.000000 -8.870970
v -21.774193 0.000000 -10.483872
v -21.774193 0.000000 -12.096775
v -21.774193 0.000000 -13.709679
v -21.774193 0.000000 -15.322582
v -21.774193 0.000000 -16.935486
v -21.774193 0.000000 -18.548389
v -21.774193 0.000000 -20.161293
v -21.774193 0.000000 -21.774195
v -21.774193 0.000000 -23.387096
v -20.161289 0.000000 23.387096
v -20.161289 0.000000 21.774193
v -20.161289 0.000000 20.161289
v -20.161289 0.000000 18.548386
v -20.161289 0.000000 16.935482
v -20.161289 0.000000 15.322578
v -20.161289 0.000000 13.709675
v -20.161289 0.000000 12.096771
v -20.161289 0.000000 10.483868
v -20.161289 0.000000 8.870964
v -20.161289 0.000000 7.258061
v -20.161289 0.000000 5.645158
v -20.161289 0.000000 4.032255
v -20.161289 0.000000 2.419352
v -20.161289 0.000000 0.806449
v -20.161289 0.000000 -0.806454
v -20.161289 0.000000 -2.419358
v -20.161289 0.000000 -4.032261
v -20.161289 0.000000 -5.645164
v -20.161289 0.000000 -7.258067
v -20.161289 0.000000 -8.870970
v -20.161289 0.000000 -10.483872
v -20.161289 0.000000 -12.096775
v -20.161289 0.000000 -13.709679
v -20.161289 0.000000 -15.322582
v -20.161289 0.000000 -16.935486
v -20.161289 0.000000 -18.548389
v -20.161289 0.000000 -20.161293
v -20.161291 0.000000 -21.774195
v -20.161293 0.000000 -23.387096
v -18.548386 0.000000 23.387096
v -18.548386 0.000000 21.774193
v -18.548386 0.000000 20.161289
v -18.548386 0.000000 18.548386
v -18.548386 0.000000 16.935482
v -18.548386 0.000000 15.322578
v -18.548386 0.000000 13.709675
v -18.548386 0.000000 12.096771
v -18.548386 0.000000 10.483868
v -18.548386 0.000000 8.870964
v -18.548386 0.000000 7.258061
v -18.548386 0.000000 5.645158
v -18.548386 0.000000 4.032255
v -18.548386 0.000000 2.419352
v -18.548386 0.000000 0.806449
v -18.548386 0.000000 -0.806454
v -18.548386 0.000000 -2.419358
v -18.548386 0.000000 -4.032261
v -18.548386 0.000000 -5.645164
v -18.548386 0.000000 -7.258067
v -18.548386 0.000000 -8.870970
v -18.548386 0.000000 -10.483872
v -18.548386 0.000000 -12.096775
v -18.548386 0.000000 -13.709679
v -18.548386 0.000000 -15.322582
v -18.548386 0.000000 -16.935486
v -18.548386 0.000000 -18.548389
v -18.548386 0.000000 -20.161293
v -18.548388 0.000000 -21.774195
v -18.548389 0.000000 -23.387096
v -16.935482 0.000000 23.387096
v -16.935482 0.000000 21.774193
v -16.935482 0.000000 20.161289
v -16.935482 0.000000 18.548386
v -16.935482 0.000000 16.935482
v -16.935482 0.000000 15.322578
v -16.935482 0.000000 13.709675
v -16.935482 0.000000 12.096771
v -16.935482 0.000000 10.483868
v -16.935482 0.000000 8.870964
v -16.935482 0.000000 7.258061
v -16.935482 0.000000 5.645158
v -16.935482 0.000000 4.032255
v -16.935482 0.000000 2.419352
v -16.935482 0.000000 0.806449
v -16.935482 0.000000 -0.806454
v -16.935482 0.000000 -2.419358
v -16.935482 0.000000 -4.032261
v -16.935482 0.000000 -5.645164
v -16.935482 0.000000 -7.258067
v -16.935482 0.000000 -8.870970
v -16.935482 0.000000 -10.483872
v -16.935482 0.000000 -12.096775
v -16.935482 0.000000 -13.709679
v -16.935482 0.000000 -15.322582
v -16.935482 0.000000 -16.935486
v -16.935482 0.000000 -18.548389
v -16.935482 0.000000 -20.161293
v -16.935484 0.000000 -21.774195
v -16.935486 0.000000 -23.387096
v -15.322578 0.000000 23.387096
v -15.322578 0.000000 21.774193
v -15.322578 0.000000 20.161289
v -15.322578 0.000000 18.548386
v -15.322578 0.000000 16.935482
v -15.322578 0.000000 15.322578
v -15.322578 0.000000 13.709675
v -15.322578 0.000000 12.096771
v -15.322578 0.000000 10.483868
v -15.322578 0.000000 8.870964
v -15.322578 0.000000 7.258061
v -15.322578 0.000000 5.645158
v -15.322578 0.000000 4.032255
v -15.322578 0.000000 2.419352
v -15.322578 0.000000 0.806449
v -15.322578 0.000000 -0.806454
v -15.322578 0.000000 -2.419358
v -15.322578 0.000000 -4.032261
v -15.322578 0.000000 -5.645164
v -15.322578 0.000000 -7.258067
v -15.322578 0.000000 -8.870970
v -15.322578 0.000000 -10.483872
v -15.322578 0.000000 -12.096775
v -15.322578 0.000000 -13.709679
v -15.322579 0.000000 -15.322582
v -15.322580 0.000000 -16.935486
v -15.322580 0.000000 -18.548389
v -15.322580 0.000000 -20.161293
v -15.322581 0.000000 -21.774195
v -15.322582 0.000000 -23.387096
v -13.709675 0.000000 23.387096
v -13.709675 0.000000 21.774193
v -13.709675 0.000000 20.161289
v -13.709675 0.000000 18.548386
v -13.709675 0.000000 16.935482
v -13.709675 0.000000 15.322578
v -13.709675 0.000000 13.709675
v -13.709675 0.000000 12.096771
v -13.709675 0.000000 10.483868
v -13.709675 0.000000 8.870964
v -13.709675 0.000000 7.258061
v -13.709675 0.000000 5.645158
v -13.709675 0.000000 4.032255
v -13.709675 0.000000 2.419352
v -13.709675 0.000000 0.806449
v -13.709675 0.000000 -0.806454
v -13.709675 0.000000 -2.419358
v -13.709675 0.000000 -4.032261
v -13.709675 0.000000 -5.645164
v -13.709675 0.000000 -7.258067
v -13.709675 0.000000 -8.870970
v -13.709675 0.000000 -10.483872
v -13.709675 0.000000 -12.096775
v -13.709675 0.000000 -13.709679
v -13.709676 0.000000 -15.322582
v -13.709677 0.000000 -16.935486
v -13.709677 0.000000 -18.548389
v -13.709677 0.000000 -20.161293
v -13.709678 0.000000 -21.774195
v -13.709679 0.000000 -23.387096
v -12.096771 0.000000 23.387096
v -12.096771 0.000000 21.774193
v -12.096771 0.000000 20.161289
v -12.096771 0.000000 18.548386
v -12.096771 0.000000 16.935482
v -12.096771 0.000000 15.322578
v -12.096771 0.000000 13.709675
v -12.096771 0.000000 12.096771
v -12.096771 0.000000 10.483868
v -12.096771 0.000000 8.870964
v -12.096771 0.000000 7.258061
v -12.096771 0.000000 5.645158
v -12.096771 0.000000 4.032255
v -12.096771 0.000000 2.419352
v -12.096771 0.000000 0.806449
v -12.096771 0.000000 -0.806454
v -12.096771 0.000000 -2.419358
v -12.096771 0.000000 -4.032261
v -12.096771 0.000000 -5.645164
v -12.096771 0.000000 -7.258067
v -12.096771 0.000000 -8.870970
v -12.096771 0.000000 -10.483872
v -12.096771 0.000000 -12.096775
v -12.096771 0.000000 -13.709679
v -12.096772 0.000000 -15.322582
v -12.096773 0.000000 -16.935486
v -12.096773 0.000000 -18.548389
v -12.096773 0.000000 -20.161293
v -12.096774 0.000000 -21.774195
v -12.096775 0.000000 -23.387096
v -10.483868 0.000000 23.387096
v -10.483868 0.000000 21.774193
v -10.483868 0.000000 20.161289
v -10.483868 0.000000 18.548386
v -10.483868 0.000000 16.935482
v -10.483868 0.000000 15.322578
v -10.483868 0.000000 13.709675
v -10.483868 0.000000 12.096771
v -10.483868 0.000000 10.483868
v -10.483868 0.000000 8.870964
v -10.483868 0.000000 7.258061
v -10.483868 0.000000 5.645158
v -10.483868 0.000000 4.032255
v -10.483868 0.000000 2.419352
v -10.483868 0.000000 0.806449
v -10.483868 0.000000 -0.806454
v -10.483868 0.000000 -2.419358
v -10.483868 0.000000 -4.032261
v -10.483868 0.000000 -5.645164
v -10.483868 0.000000 -7.258067
v -10.483868 0.000000 -8.870970
v -10.483868 0.000000 -10.483872
v -10.483869 0.000000 -12.096775
v -10.483870 0.000000 -13.709679
v -10.483870 0.000000 -15.322582
v -10.483870 0.000000 -16.935486
v -10.483871 0.000000 -18.548389
v -10.483871 0.000000 -20.161293
v -10.483871 0.000000 -21.774195
v -10.483871 0.000000 -23.387096
v -8.870964 0.000000 23.387096
v -8.870964 0.000000 21.774193
v -8.870964 0.000000 20.161289
v -8.870964 0.000000 18.548386
v -8.870964 0.000000 16.935482
v -8.870964 0.000000 15.322578
v -8.870964 0.000000 13.709675
v -8.870964 0.000000 12.096771
v -8.870964 0.000000 10.483868
v -8.870964 0.000000 8.870964
v -8.870964 0.000000 7.258061
v -8.870964 0.000000 5.645158
v -8.870964 0.000000 4.032255
v -8.870964 0.000000 2.419352
v -8.870964 0.000000 0.806449
v -8.870964 0.000000 -0.806454
v -8.870964 0.000000 -2.419358
v -8.870964 0.000000 -4.032261
v -8.870964 0.000000 -5.645164
v -8.870964 0.000000 -7.258067
v -8.870965 0.000000 -8.870970
v -8.870966 0.000000 -10.483872
v -8.870966 0.000000 -12.096775
v -8.870966 0.000000 -13.709679
v -8.870967 0.000000 -15.322582
v -8.870968 0.000000 -16.935486
v -8.870968 0.000000 -18.548389
v -8.870968 0.000000 -20.161293
v -8.870969 0.000000 -21.774195
v -8.870970 0.000000 -23.387096
v -7.258061 0.000000 23.387096
v -7.258061 0.000000 21.774193
v -7.258061 0.000000 20.161289
v -7.258061 0.000000 18.548386
v -7.258061 0.000000 16.935482
v -7.258061 0.000000 15.322578
v -7.258061 0.000000 13.709675
v -7.258061 0.000000 12.096771
v -7.258062 0.000000 10.483868
v -7.258062 0.000000 8.870964
v -7.258062 0.000000 7.258061
v -7.258062 0.000000 5.645158
v -7.258063 0.000000 4.032255
v -7.258063 0.000000 2.419352
v -7.258063 0.000000 0.806449
v -7.258063 0.000000 -0.806454
v -7.258064 0.000000 -2.419358
v -7.258064 0.000000 -4.032261
v -7.258064 0.000000 -5.645164
v -7.258064 0.000000 -7.258067
v -7.258065 0.000000 -8.870970
v -7.258065 0.000000 -10.483872
v -7.258065 0.000000 -12.096775
v -7.258065 0.000000 -13.709679
v -7.258066 0.000000 -15.322582
v -7.258066 0.000000 -16.935486
v -7.258066 0.000000 -18.548389
v -7.258066 0.000000 -20.161293
v -7.258067 0.000000 -21.774195
v -7.258067 0.000000 -23.387096
v -5.645158 0.000000 23.387096
v -5.645158 0.000000 21.774193
v -5.645158 0.000000 20.161289
v -5.645158 0.000000 18.548386
v -5.645158 0.000000 16.935482
v -5.645158 0.000000 15.322578
v -5.645158 0.000000 13.709675
v -5.645159 0.000000 12.096771
v -5.645159 0.000000 10.483868
v -5.645159 0.000000 8.870964
v -5.645159 0.000000 7.258061
v -5.645160 0.000000 5.645158
v -5.645160 0.000000 4.032255
v -5.645160 0.000000 2.419352
v -5.645160 0.000000 0.806449
v -5.645161 0.000000 -0.806454
v -5.645161 0.000000 -2.419358
v -5.645161 0.000000 -4.032261
v -5.645161 0.000000 -5.645164
v -5.645162 0.000000 -7.258067
v -5.645162 0.000000 -8.870970
v -5.645162 0.000000 -10.483872
v -5.645162 0.000000 -12.096775
v -5.645163 0.000000 -13.709679
v -5.645163 0.000000 -15.322582
v -5.645163 0.000000 -16.935486
v -5.645163 0.000000 -18.548389
v -5.645164 0.000000 -20.161293
v -5.645164 0.000000 -21.774195
v -5.645164 0.000000 -23.387096
v -4.032255 0.000000 23.387096
v -4.032255 0.000000 21.774193
v -4.032255 0.000000 20.161289
v -4.032255 0.000000 18.548386
v -4.032255 0.000000 16.935482
v -4.032255 0.000000 15.322578
v -4.032255 0.000000 13.709675
v -4.032255 0.000000 12.096771
v -4.032256 0.000000 10.483868
v -4.032256 0.000000 8.870964
v -4.032256 0.000000 7.258061
v -4.032256 0.000000 5.645158
v -4.032257 0.000000 4.032255
v -4.032257 0.000000 2.419352
v -4.032257 0.000000 0.806449
v -4.032257 0.000000 -0.806454
v -4.032258 0.000000 -2.419358
v -4.032258 0.000000 -4.032261
v -4.032258 0.000000 -5.645164
v -4.032258 0.000000 -7.258067
v -4.032259 0.000000 -8.870970
v -4.032259 0.000000 -10.483872
v -4.032259 0.000000 -12.096775
v -4.032259 0.000000 -13.709679
v -4.032259 0.000000 -15.322582
v -4.032260 0.000000 -16.935486
v -4.032260 0.000000 -18.548389
v -4.032260 0.000000 -20.161293
v -4.032260 0.000000 -21.774195
v -4.032261 0.000000 -23.387096
v -2.419352 0.000000 23.387096
v -2.419352 0.000000 21.774193
v -2.419352 0.000000 20.161289
v -2.419353 0.000000 18.548386
v -2.419353 0.000000 16.935482
v -2.419353 0.000000 15.322578
v -2.419353 0.000000 13.709675
v -2.419353 0.000000 12.096771
v -2.419354 0.000000 10.483868
v -2.419354 0.000000 8.870964
v -2.419354 0.000000 7.258061
v -2.419354 0.000000 5.645158
v -2.419355 0.000000 4.032255
v -2.419355 0.000000 2.419352
v -2.419355 0.000000 0.806449
v -2.419355 0.000000 -0.806454
v -2.419356 0.000000 -2.419358
v -2.419356 0.000000 -4.032261
v -2.419356 0.000000 -5.645164
v -2.419356 0.000000 -7.258067
v -2.419356 0.000000 -8.870970
v -2.419356 0.000000 -10.483872
v -2.419357 0.000000 -12.096775
v -2.419357 0.000000 -13.709679
v -2.419357 0.000000 -15.322582
v -2.419357 0.000000 -16.935486
v -2.419357 0.000000 -18.548389
v -2.419357 0.000000 -20.161293
v -2.419357 0.000000 -21.774195
v -2.419357 0.000000 -23.387096
v -0.806449 0.000000 23.387096
v -0.806449 0.000000 21.774193
v -0.806449 0.000000 20.161289
v -0.806449 0.000000 18.548386
v -0.806449 0.000000 16.935482
v -0.806450 0.000000 15.322578
v -0.806450 0.000000 13.709675
v -0.806450 0.000000 12.096771
v -0.806450 0.000000 10.483868
v -0.806450 0.000000 8.870964
v -0.806451 0.000000 7.258061
v -0.806451 0.000000 5.645158
v -0.806451 0.000000 4.032255
v -0.806451 0.000000 2.419352
v -0.806451 0.000000 0.806449
v -0.806451 0.000000 -0.806454
v -0.806452 0.000000 -2.419358
v -0.806452 0.000000 -4.032261
v -0.806452 0.000000 -5.645164
v -0.806452 0.000000 -7.258067
v -0.806452 0.000000 -8.870970
v -0.806453 0.000000 -10.483872
v -0.806453 0.000000 -12.096775
v -0.806453 0.000000 -13.709679
v -0.806453 0.000000 -15.322582
v -0.806453 0.000000 -16.935486
v -0.806454 0.000000 -18.548389
v -0.806454 0.000000 -20.161293
v -0.806454 0.000000 -21.774195
v -0.806454 0.000000 -23.387096
v 0.806454 0.000000 23.387096
v 0.806454 0.000000 21.774193
v 0.806454 0.000000 20.161289
v 0.806454 0.000000 18.548386
v 0.806454 0.000000 16.935482
v 0.806453 0.000000 15.322578
v 0.806453 0.000000 13.709675
v 0.806453 0.000000 12.096771
v 0.806453 0.000000 10.483868
v 0.806453 0.000000 8.870964
v 0.806452 0.000000 7.258061
v 0.806452 0.000000 5.645158
v 0.806452 0.000000 4.032255
v 0.806452 0.000000 2.419352
v 0.806452 0.000000 0.806449
v 0.806452 0.000000 -0.806454
v 0.806451 0.000000 -2.419358
v 0.806451 0.000000 -4.032261
v 0.806451 0.000000 -5.645164
v 0.806451 0.000000 -7.258067
v 0.806451 0.000000 -8.870970
v 0.806450 0.000000 -10.483872
v 0.806450 0.000000 -12.096775
v 0.806450 0.000000 -13.709679
v 0.806450 0.000000 -15.322582
v 0.806450 0.000000 -16.935486
v 0.806449 0.000000 -18.548389
v 0.806449 0.000000 -20.161293
v 0.806449 0.000000 -21.774195
v 0.806449 0.000000 -23.387096
v 2.419357 0.000000 23.387096
v 2.419357 0.000000 21.774193
v 2.419357 0.000000 20.161289
v 2.419357 0.000000 18.548386
v 2.419356 0.000000 16.935482
v 2.419356 0.000000 15.322578
v 2.419356 0.000000 13.709675
v 2.419356 0.000000 12.096771
v 2.419355 0.000000 10.483868
v 2.419355 0.000000 8.870964
v 2.419355 0.000000 7.258061
v 2.419355 0.000000 5.645158
v 2.419354 0.000000 4.032255
v 2.419354 0.000000 2.419352
v 2.419354 0.000000 0.806449
v 2.419354 0.000000 -0.806454
v 2.419353 0.000000 -2.419358
v 2.419353 0.000000 -4.032261
v 2.419353 0.000000 -5.645164
v 2.419353 0.000000 -7.258067
v 2.419353 0.000000 -8.870970
v 2.419353 0.000000 -10.483872
v 2.419353 0.000000 -12.096775
v 2.419353 0.000000 -13.709679
v 2.419352 0.000000 -15.322582
v 2.419352 0.000000 -16.935486
v 2.419352 0.000000 -18.548389
v 2.419352 0.000000 -20.161293
v 2.419352 0.000000 -21.774195
v 2.419352 0.000000 -23.387096
v 4.032261 0.000000 23.387096
v 4.032261 0.000000 21.774193
v 4.032261 0.000000 20.161289
v 4.032261 0.000000 18.548386
v 4.032261 0.000000 16.935482
v 4.032261 0.000000 15.322578
v 4.032260 0.000000 13.709675
v 4.032260 0.000000 12.096771
v 4.032260 0.000000 10.483868
v 4.032260 0.000000 8.870964
v 4.032259 0.000000 7.258061
v 4.032259 0.000000 5.645158
v 4.032259 0.000000 4.032255
v 4.032259 0.000000 2.419352
v 4.032259 0.000000 0.806449
v 4.032258 0.000000 -0.806454
v 4.032258 0.000000 -2.419358
v 4.032258 0.000000 -4.032261
v 4.032258 0.000000 -5.645164
v 4.032257 0.000000 -7.258067
v 4.032257 0.000000 -8.870970
v 4.032257 0.000000 -10.483872
v 4.032257 0.000000 -12.096775
v 4.032256 0.000000 -13.709679
v 4.032256 0.000000 -15.322582
v 4.032256 0.000000 -16.935486
v 4.032256 0.000000 -18.548389
v 4.032255 0.000000 -20.161293
v 4.032255 0.000000 -21.774195
v 4.032255 0.000000 -23.387096
v 5.645164 0.000000 23.387096
v 5.645164 0.000000 21.774193
v 5.645164 0.000000 20.161289
v 5.645164 0.000000 18.548386
v 5.645164 0.000000 16.935482
v 5.645164 0.000000 15.322578
v 5.645164 0.000000 13.709675
v 5.645164 0.000000 12.096771
v 5.645163 0.000000 10.483868
v 5.645163 0.000000 8.870964
v 5.645163 0.000000 7.258061
v 5.645163 0.000000 5.645158
v 5.645162 0.000000 4.032255
v 5.645162 0.000000 2.419352
v 5.645162 0.000000 0.806449
v 5.645162 0.000000 -0.806454
v 5.645161 0.000000 -2.419358
v 5.645161 0.000000 -4.032261
v 5.645161 0.000000 -5.645164
v 5.645161 0.000000 -7.258067
v 5.645160 0.000000 -8.870970
v 5.645160 0.000000 -10.483872
v 5.645160 0.000000 -12.096775
v 5.645160 0.000000 -13.709679
v 5.645159 0.000000 -15.322582
v 5.645159 0.000000 -16.935486
v 5.645159 0.000000 -18.548389
v 5.645159 0.000000 -20.161293
v 5.645158 0.000000 -21.774195
v 5.645158 0.000000 -23.387096
v 7.258067 0.000000 23.387096
v 7.258067 0.000000 21.774193
v 7.258067 0.000000 20.161289
v 7.258067 0.000000 18.548386
v 7.258067 0.000000 16.935482
v 7.258067 0.000000 15.322578
v 7.258067 0.000000 13.709675
v 7.258066 0.000000 12.096771
v 7.258066 0.000000 10.483868
v 7.258066 0.000000 8.870964
v 7.258066 0.000000 7.258061
v 7.258065 0.000000 5.645158
v 7.258065 0.000000 4.032255
v 7.258065 0.000000 2.419352
v 7.258065 0.000000 0.806449
v 7.258064 0.000000 -0.806454
v 7.258064 0.000000 -2.419358
v 7.258064 0.000000 -4.032261
v 7.258064 0.000000 -5.645164
v 7.258063 0.000000 -7.258067
v 7.258063 0.000000 -8.870970
v 7.258063 0.000000 -10.483872
v 7.258063 0.000000 -12.096775
v 7.258062 0.000000 -13.709679
v 7.258062 0.000000 -15.322582
v 7.258062 0.000000 -16.935486
v 7.258062 0.000000 -18.548389
v 7.258061 0.000000 -20.161293
v 7.258061 0.000000 -21.774195
v 7.258061 0.000000 -23.387096
v 8.870970 0.000000 23.387096
v 8.870970 0.000000 21.774193
v 8.870970 0.000000 20.161289
v 8.870970 0.000000 18.548386
v 8.870970 0.000000 16.935482
v 8.870970 0.000000 15.322578
v 8.870970 0.000000 13.709675
v 8.870970 0.000000 12.096771
v 8.870970 0.000000 10.483868
v 8.870970 0.000000 8.870964
v 8.870970 0.000000 7.258061
v 8.870970 0.000000 5.645158
v 8.870970 0.000000 4.032255
v 8.870970 0.000000 2.419352
v 8.870970 0.000000 0.806449
v 8.870970 0.000000 -0.806454
v 8.870970 0.000000 -2.419358
v 8.870970 0.000000 -4.032261
v 8.870970 0.000000 -5.645164
v 8.870970 0.000000 -7.258067
v 8.870969 0.000000 -8.870970
v 8.870968 0.000000 -10.483872
v 8.870968 0.000000 -12.096775
v 8.870968 0.000000 -13.709679
v 8.870967 0.000000 -15.322582
v 8.870966 0.000000 -16.935486
v 8.870966 0.000000 -18.548389
v 8.870966 0.000000 -20.161293
v 8.870965 0.000000 -21.774195
v 8.870964 0.000000 -23.387096
v 10.483872 0.000000 23.387096
v 10.483872 0.000000 21.774193
v 10.483872 0.000000 20.161289
v 10.483872 0.000000 18.548386
v 10.483872 0.000000 16.935482
v 10.483872 0.000000 15.322578
v 10.483872 0.000000 13.709675
v 10.483872 0.000000 12.096771
v 10.483872 0.000000 10.483868
v 10.483872 0.000000 8.870964
v 10.483872 0.000000 7.258061
v 10.483872 0.000000 5.645158
v 10.483872 0.000000 4.032255
v 10.483872 0.000000 2.419352
v 10.483872 0.000000 0.806449
v 10.483872 0.000000 -0.806454
v 10.483872 0.000000 -2.419358
v 10.483872 0.000000 -4.032261
v 10.483872 0.000000 -5.645164
v 10.483872 0.000000 -7.258067
v 10.483872 0.000000 -8.870970
v 10.483871 0.000000 -10.483872
v 10.483871 0.000000 -12.096775
v 10.483871 0.000000 -13.709679
v 10.483871 0.000000 -15.322582
v 10.483870 0.000000 -16.935486
v 10.483870 0.000000 -18.548389
v 10.483870 0.000000 -20.161293
v 10.483869 0.000000 -21.774195
v 10.483868 0.000000 -23.387096
v 12.096775 0.000000 23.387096
v 12.096775 0.000000 21.774193
v 12.096775 0.000000 20.161289
v 12.096775 0.000000 18.548386
v 12.096775 0.000000 16.935482
v 12.096775 0.000000 15.322578
v 12.096775 0.000000 13.709675
v 12.096775 0.000000 12.096771
v 12.096775 0.000000 10.483868
v 12.096775 0.000000 8.870964
v 12.096775 0.000000 7.258061
v 12.096775 0.000000 5.645158
v 12.096775 0.000000 4.032255
v 12.096775 0.000000 2.419352
v 12.096775 0.000000 0.806449
v 12.096775 0.000000 -0.806454
v 12.096775 0.000000 -2.419358
v 12.096775 0.000000 -4.032261
v 12.096775 0.000000 -5.645164
v 12.096775 0.000000 -7.258067
v 12.096775 0.000000 -8.870970
v 12.096775 0.000000 -10.483872
v 12.096775 0.000000 -12.096775
v 12.096775 0.000000 -13.709679
v 12.096774 0.000000 -15.322582
v 12.096773 0.000000 -16.935486
v 12.096773 0.000000 -18.548389
v 12.096773 0.000000 -20.161293
v 12.096772 0.000000 -21.774195
v 12.096771 0.000000 -23.387096
v 13.709679 0.000000 23.387096
v 13.709679 0.000000 21.774193
v 13.709679 0.000000 20.161289
v 13.709679 0.000000 18.548386
v 13.709679 0.000000 16.935482
v 13.709679 0.000000 15.322578
v 13.709679 0.000000 13.709675
v 13.709679 0.000000 12.096771
v 13.709679 0.000000 10.483868
v 13.709679 0.000000 8.870964
v 13.709679 0.000000 7.258061
v 13.709679 0.000000 5.645158
v 13.709679 0.000000 4.032255
v 13.709679 0.000000 2.419352
v 13.709679 0.000000 0.806449
v 13.709679 0.000000 -0.806454
v 13.709679 0.000000 -2.419358
v 13.709679 0.000000 -4.032261
v 13.709679 0.000000 -5.645164
v 13.709679 0.000000 -7.258067
v 13.709679 0.000000 -8.870970
v 13.709679 0.000000 -10.483872
v 13.709679 0.000000 -12.096775
v 13.709679 0.000000 -13.709679
v 13.709678 0.000000 -15.322582
v 13.709677 0.000000 -16.935486
v 13.709677 0.000000 -18.548389
v 13.709677 0.000000 -20.161293
v 13.709676 0.000000 -21.774195
v 13.709675 0.000000 -23.387096
v 15.322582 0.000000 23.387096
v 15.322582 0.000000 21.774193
v 15.322582 0.000000 20.161289
v 15.322582 0.000000 18.548386
v 15.322582 0.000000 16.935482
v 15.322582 0.000000 15.322578
v 15.322582 0.000000 13.709675
v 15.322582 0.000000 12.096771
v 15.322582 0.000000 10.483868
v 15.322582 0.000000 8.870964
v 15.322582 0.000000 7.258061
v 15.322582 0.000000 5.645158
v 15.322582 0.000000 4.032255
v 15.322582 0.000000 2.419352
v 15.322582 0.000000 0.806449
v 15.322582 0.000000 -0.806454
v 15.322582 0.000000 -2.419358
v 15.322582 0.000000 -4.032261
v 15.322582 0.000000 -5.645164
v 15.322582 0.000000 -7.258067
v 15.322582 0.000000 -8.870970
v 15.322582 0.000000 -10.483872
v 15.322582 0.000000 -12.096775
v 15.322582 0.000000 -13.709679
v 15.322581 0.000000 -15.322582
v 15.322580 0.000000 -16.935486
v 15.322580 0.000000 -18.548389
v 15.322580 0.000000 -20.161293
v 15.322579 0.000000 -21.774195
v 15.322578 0.000000 -23.387096
v 16.935486 0.000000 23.387096
v 16.935486 0.000000 21.774193
v 16.935486 0.000000 20.161289
v 16.935486 0.000000 18.548386
v 16.935486 0.000000 16.935482
v 16.935486 0.000000 15.322578
v 16.935486 0.000000 13.709675
v 16.935486 0.000000 12.096771
v 16.935486 0.000000 10.483868
v 16.935486 0.000000 8.870964
v 16.935486 0.000000 7.258061
v 16.935486 0.000000 5.645158
v 16.935486 0.000000 4.032255
v 16.935486 0.000000 2.419352
v 16.935486 0.000000 0.806449
v 16.935486 0.000000 -0.806454
v 16.935486 0.000000 -2.419358
v 16.935486 0.000000 -4.032261
v 16.935486 0.000000 -5.645164
v 16.935486 0.000000 -7.258067
v 16.935486 0.000000 -8.870970
v 16.935486 0.000000 -10.483872
v 16.935486 0.000000 -12.096775
v 16.935486 0.000000 -13.709679
v 16.935486 0.000000 -15.322582
v 16.935486 0.000000 -16.935486
v 16.935486 0.000000 -18.548389
v 16.935486 0.000000 -20.161293
v 16.935484 0.000000 -21.774195
v 16.935482 0.000000 -23.387096
v 18.548389 0.000000 23.387096
v 18.548389 0.000000 21.774193
v 18.548389 0.000000 20.161289
v 18.548389 0.000000 18.548386
v 18.548389 0.000000 16.935482
v 18.548389 0.000000 15.322578
v 18.548389 0.000000 13.709675
v 18.548389 0.000000 12.096771
v 18.548389 0.000000 10.483868
v 18.548389 0.000000 8.870964
v 18.548389 0.000000 7.258061
v 18.548389 0.000000 5.645158
v 18.548389 0.000000 4.032255
v 18.548389 0.000000 2.419352
v 18.548389 0.000000 0.806449
v 18.548389 0.000000 -0.806454
v 18.548389 0.000000 -2.419358
v 18.548389 0.000000 -4.032261
v 18.548389 0.000000 -5.645164
v 18.548389 0.000000 -7.258067
v 18.548389 0.000000 -8.870970
v 18.548389 0.000000 -10.483872
v 18.548389 0.000000 -12.096775
v 18.548389 0.000000 -13.709679
v 18.548389 0.000000 -15.322582
v 18.548389 0.000000 -16.935486
v 18.548389 0.000000 -18.548389
v 18.548389 0.000000 -20.161293
v 18.548388 0.000000 -21.774195
v 18.548386 0.000000 -23.387096
v 20.161293 0.000000 23.387096
v 20.161293 0.000000 21.774193
v 20.161293 0.000000 20.161289
v 20.161293 0.000000 18.548386
v 20.161293 0.000000 16.935482
v 20.161293 0.000000 15.322578
v 20.161293 0.000000 13.709675
v 20.161293 0.000000 12.096771
v 20.161293 0.000000 10.483868
v 20.161293 0.000000 8.870964
v 20.161293 0.000000 7.258061
v 20.161293 0.000000 5.645158
v 20.161293 0.000000 4.032255
v 20.161293 0.000000 2.419352
v 20.161293 0.000000 0.806449
v 20.161293 0.000000 -0.806454
v 20.161293 0.000000 -2.419358
v 20.161293 0.000000 -4.032261
v 20.161293 0.000000 -5.645164
v 20.161293 0.000000 -7.258067
v 20.161293 0.000000 -8.870970
v 20.161293 0.000000 -10.483872
v 20.161293 0.000000 -12.096775
v 20.161293 0.000000 -13.709679
v 20.161293 0.000000 -15.322582
v 20.161293 0.000000 -16.935486
v 20.161293 0.000000 -18.548389
v 20.161293 0.000000 -20.161293
v 20.161291 0.000000 -21.774195
v 20.161289 0.000000 -23.387096
v 21.774195 0.000000 23.387096
v 21.774195 0.000000 21.774193
v 21.774195 0.000000 20.161289
v 21.774195 0.000000 18.548386
v 21.774195 0.000000 16.935482
v 21.774195 0.000000 15.322578
v 21.774195 0.000000 13.709675
v 21.774195 0.000000 12.096771
v 21.774195 0.000000 10.483868
v 21.774195 0.000000 8.870964
v 21.774195 0.000000 7.258061
v 21.774195 0.000000 5.645158
v 21.774195 0.000000 4.032255
v 21.774195 0.000000 2.419352
v 21.774195 0.000000 0.806449
v 21.774195 0.000000 -0.806454
v 21.774195 0.000000 -2.419358
v 21.774195 0.000000 -4.032261
v 21.774195 0.000000 -5.645164
v 21.774195 0.000000 -7.258067
v 21.774195 0.000000 -8.870970
v 21.774195 0.000000 -10.483872
v 21.774195 0.000000 -12.096775
v 21.774195 0.000000 -13.709679
v 21.774195 0.000000 -15.322582
v 21.774195 0.000000 -16.935486
v 21.774195 0.000000 -18.548389
v 21.774195 0.000000 -20.161293
v 21.774195 0.000000 -21.774195
v 21.774193 0.000000 -23.387096
v 23.387096 0.000000 23.387096
v 23.387096 0.000000 21.774193
v 23.387096 0.000000 20.161289
v 23.387096 0.000000 18.548386
v 23.387096 0.000000 16.935482
v 23.387096 0.000000 15.322578
v 23.387096 0.000000 13.709675
v 23.387096 0.000000 12.096771
v 23.387096 0.000000 10.483868
v 23.387096 0.000000 8.870964
v 23.387096 0.000000 7.258061
v 23.387096 0.000000 5.645158
v 23.387096 0.000000 4.032255
v 23.387096 0.000000 2.419352
v 23.387096 0.000000 0.806449
v 23.387096 0.000000 -0.806454
v 23.387096 0.000000 -2.419358
v 23.387096 0.000000 -4.032261
v 23.387096 0.000000 -5.645164
v 23.387096 0.000000 -7.258067
v 23.387096 0.000000 -8.870970
v 23.387096 0.000000 -10.483872
v 23.387096 0.000000 -12.096775
v 23.387096 0.000000 -13.709679
v 23.387096 0.000000 -15.322582
v 23.387096 0.000000 -16.935486
v 23.387096 0.000000 -18.548389
v 23.387096 0.000000 -20.161293
v 23.387096 0.000000 -21.774195
v 23.387096 0.000000 -23.387096
vn -0.0000 1.0000 -0.0000
vt 4.240089 4.234058
vt 3.990919 4.483231
vt 3.990918 4.234058
vt -3.235013 4.234058
vt -3.484183 4.483231
vt -3.484183 4.234061
vt -2.985843 4.483231
vt -3.235013 4.483231
vt -2.985843 4.234058
vt -2.736673 4.483231
vt -2.487503 4.234058
vt -2.736673 4.234058
vt -2.238333 4.234058
vt -2.487503 4.483231
vt -1.989163 4.234058
vt -2.238333 4.483231
vt -1.739993 4.234058
vt -1.989163 4.483231
vt -1.490823 4.234058
vt -1.739993 4.483231
vt -1.241653 4.483231
vt -1.490823 4.483231
vt -1.241653 4.234058
vt -0.992483 4.483231
vt -0.743313 4.234058
vt -0.992483 4.234058
vt -0.494143 4.483231
vt -0.743313 4.483231
vt -0.244973 4.234058
vt -0.494143 4.234058
vt 0.004198 4.234058
vt -0.244973 4.483231
vt 0.253368 4.483231
vt 0.004198 4.483231
vt 0.253367 4.234058
vt 0.502538 4.483231
vt 0.751708 4.234058
vt 0.502538 4.234058
vt 1.000878 4.483231
vt 0.751708 4.483231
vt 1.250047 4.234058
vt 1.000877 4.234058
vt 1.499218 4.483231
vt 1.250048 4.483231
vt 1.748388 4.234058
vt 1.499218 4.234058
vt 1.997558 4.234058
vt 1.748388 4.483231
vt 2.246728 4.234058
vt 1.997558 4.483231
vt 2.495899 4.234058
vt 2.246728 4.483231
vt 2.745068 4.234058
vt 2.495899 4.483231
vt 2.994238 4.234058
vt 2.745069 4.483231
vt 3.243408 4.234058
vt 2.994238 4.483231
vt 3.492578 4.234058
vt 3.243408 4.483231
vt 3.741749 4.234058
vt 3.492578 4.483231
vt 3.741749 4.483231
vt -3.235013 -3.241042
vt -3.484183 -2.991872
vt -3.484183 -3.241042
vt -3.235013 -2.991872
vt -3.484183 -2.742702
vt -3.235013 -2.742702
vt -3.484183 -2.493533
vt -3.235013 -2.493533
vt -3.484183 -2.244363
vt -3.235013 -2.244363
vt -3.484183 -1.995192
vt -3.235013 -1.995192
vt -3.484183 -1.746022
vt -3.235013 -1.746022
vt -3.484183 -1.496852
vt -3.235013 -1.496852
vt -3.484183 -1.247682
vt -3.235013 -1.247682
vt -3.484183 -0.998512
vt -3.235013 -0.998512
vt -3.484183 -0.749342
vt -3.235013 -0.749342
vt -3.484183 -0.500172
vt -3.235013 -0.500172
vt -3.484183 -0.251002
vt -3.235013 -0.251002
vt -3.484183 -0.001832
vt -3.235013 -0.001831
vt -3.484183 0.247339
vt -3.235013 0.247339
vt -3.484183 0.496509
vt -3.235013 0.496509
vt -3.484183 0.745679
vt -3.235013 0.745679
vt -3.484183 0.994848
vt -3.235013 0.994849
vt -3.484183 1.244019
vt -3.235013 1.244019
vt -3.484183 1.493189
vt -3.235013 1.493189
vt -3.484183 1.742359
vt -3.235013 1.742359
vt -3.484183 1.991529
vt -3.235013 1.991529
vt -3.484183 2.240699
vt -3.235013 2.240699
vt -3.484183 2.489869
vt -3.235013 2.489870
vt -3.484183 2.739038
vt -3.235013 2.739038
vt -3.484183 2.988209
vt -3.235013 2.988209
vt -3.484183 3.237380
vt -3.235013 3.237380
vt -3.484183 3.486549
vt -3.235013 3.486549
vt -3.484183 3.735719
vt -3.235013 3.735719
vt -3.484183 3.984890
vt -3.235013 3.984890
vt -2.985843 -3.241042
vt -2.985843 -2.991872
vt -2.985843 -2.742702
vt -2.985843 -2.493533
vt -2.985843 -2.244363
vt -2.985843 -1.995192
vt -2.985843 -1.746022
vt -2.985843 -1.496852
vt -2.985843 -1.247682
vt -2.985843 -0.998512
vt -2.985843 -0.749342
vt -2.985843 -0.500172
vt -2.985843 -0.251002
vt -2.985843 -0.001831
vt -2.985843 0.247339
vt -2.985843 0.496509
vt -2.985843 0.745679
vt -2.985843 0.994849
vt -2.985843 1.244019
vt -2.985843 1.493189
vt -2.985843 1.742359
vt -2.985843 1.991529
vt -2.985843 2.240699
vt -2.985843 2.489870
vt -2.985843 2.739038
vt -2.985843 2.988209
vt -2.985843 3.237380
vt -2.985843 3.486549
vt -2.985843 3.735719
vt -2.985843 3.984890
vt -2.736673 -3.241042
vt -2.736673 -2.991872
vt -2.736673 -2.742702
vt -2.736673 -2.493533
vt -2.736673 -2.244363
vt -2.736673 -1.995192
vt -2.736673 -1.746022
vt -2.736674 -1.496852
vt -2.736674 -1.247682
vt -2.736674 -0.998512
vt -2.736674 -0.749342
vt -2.736674 -0.500172
vt -2.736674 -0.251002
vt -2.736673 -0.001831
vt -2.736673 0.247339
vt -2.736673 0.496509
vt -2.736673 0.745679
vt -2.736673 0.994849
vt -2.736674 1.244019
vt -2.736674 1.493189
vt -2.736674 1.742359
vt -2.736674 1.991529
vt -2.736674 2.240699
vt -2.736674 2.489870
vt -2.736674 2.739038
vt -2.736673 2.988209
vt -2.736673 3.237380
vt -2.736673 3.486549
vt -2.736673 3.984890
vt -2.487503 -3.241042
vt -2.487503 -2.991872
vt -2.487503 -2.742702
vt -2.487503 -2.493533
vt -2.487503 -2.244363
vt -2.487503 -1.995192
vt -2.487503 -1.746022
vt -2.487503 -1.496852
vt -2.487503 -1.247682
vt -2.487503 -0.998512
vt -2.487503 -0.749342
vt -2.487503 -0.500172
vt -2.487503 -0.251002
vt -2.487503 -0.001831
vt -2.487503 0.247339
vt -2.487503 0.496509
vt -2.487503 0.745679
vt -2.487503 0.994849
vt -2.487503 1.244019
vt -2.487503 1.493189
vt -2.487503 1.742359
vt -2.487503 1.991529
vt -2.487503 2.240699
vt -2.487503 2.489870
vt -2.487503 2.739038
vt -2.487503 2.988209
vt -2.487503 3.237380
vt -2.487503 3.486549
vt -2.736673 3.735719
vt -2.487503 3.984890
vt -2.238333 -3.241042
vt -2.238333 -2.991872
vt -2.238333 -2.742702
vt -2.238333 -2.493533
vt -2.238333 -2.244363
vt -2.238333 -1.995192
vt -2.238333 -1.746022
vt -2.238333 -1.496852
vt -2.238333 -1.247682
vt -2.238333 -0.998512
vt -2.238333 -0.749342
vt -2.238333 -0.500172
vt -2.238333 -0.251002
vt -2.238333 -0.001831
vt -2.238333 0.247339
vt -2.238333 0.496509
vt -2.238333 0.745679
vt -2.238333 0.994849
vt -2.238333 1.244019
vt -2.238333 1.493189
vt -2.238333 1.742359
vt -2.238333 1.991529
vt -2.238333 2.240699
vt -2.238333 2.489870
vt -2.238333 2.739038
vt -2.238333 2.988209
vt -2.238333 3.237380
vt -2.238333 3.486549
vt -2.487503 3.735719
vt -2.238333 3.984890
vt -1.989163 -3.241042
vt -1.989163 -2.991872
vt -1.989163 -2.742702
vt -1.989163 -2.493533
vt -1.989163 -2.244363
vt -1.989163 -1.995192
vt -1.989163 -1.746022
vt -1.989163 -1.496852
vt -1.989163 -1.247682
vt -1.989163 -0.998512
vt -1.989163 -0.749342
vt -1.989163 -0.500172
vt -1.989163 -0.251002
vt -1.989163 -0.001831
vt -1.989163 0.247339
vt -1.989163 0.496509
vt -1.989163 0.745679
vt -1.989163 0.994849
vt -1.989163 1.244019
vt -1.989163 1.493189
vt -1.989163 1.742359
vt -1.989163 1.991529
vt -1.989163 2.240699
vt -1.989163 2.489870
vt -1.989163 2.988209
vt -1.989163 3.237380
vt -1.989163 3.486549
vt -2.238333 3.735719
vt -1.989163 3.984890
vt -1.739993 -3.241042
vt -1.739993 -2.991872
vt -1.739993 -2.742702
vt -1.739993 -2.493533
vt -1.739993 -2.244363
vt -1.739993 -1.995192
vt -1.739993 -1.746022
vt -1.739993 -1.496852
vt -1.739993 -1.247682
vt -1.739993 -0.998512
vt -1.739993 -0.749342
vt -1.739993 -0.500172
vt -1.739993 -0.251002
vt -1.739993 -0.001831
vt -1.739993 0.247339
vt -1.739993 0.496509
vt -1.739993 0.745679
vt -1.739993 0.994849
vt -1.739993 1.244019
vt -1.739993 1.493189
vt -1.739993 1.742359
vt -1.739993 1.991529
vt -1.739993 2.240699
vt -1.739993 2.489870
vt -1.989163 2.739038
vt -1.739993 2.988209
vt -1.739993 3.237380
vt -1.739993 3.486549
vt -1.989163 3.735719
vt -1.739993 3.984890
vt -1.490823 -3.241042
vt -1.490823 -2.991872
vt -1.490823 -2.742702
vt -1.490823 -2.493533
vt -1.490823 -2.244363
vt -1.490823 -1.995192
vt -1.490823 -1.746022
vt -1.490823 -1.496852
vt -1.490823 -1.247682
vt -1.490823 -0.998512
vt -1.490823 -0.749342
vt -1.490823 -0.500172
vt -1.490823 -0.251002
vt -1.490823 -0.001831
vt -1.490823 0.247339
vt -1.490823 0.496509
vt -1.490823 0.745679
vt -1.490823 0.994849
vt -1.490823 1.244019
vt -1.490823 1.493189
vt -1.490823 1.742359
vt -1.490823 1.991529
vt -1.490823 2.240699
vt -1.490823 2.489870
vt -1.739993 2.739038
vt -1.490823 2.988209
vt -1.490823 3.237380
vt -1.490823 3.486549
vt -1.739993 3.735719
vt -1.490823 3.984890
vt -1.241653 -3.241042
vt -1.241653 -2.991872
vt -1.241653 -2.742702
vt -1.241653 -2.493533
vt -1.241653 -2.244363
vt -1.241653 -1.995192
vt -1.241653 -1.746022
vt -1.241653 -1.496852
vt -1.241653 -1.247682
vt -1.241653 -0.998512
vt -1.241653 -0.749342
vt -1.241653 -0.500172
vt -1.241653 -0.251002
vt -1.241653 -0.001831
vt -1.241654 0.247339
vt -1.241654 0.496509
vt -1.241653 0.745679
vt -1.241653 0.994849
vt -1.241653 1.244019
vt -1.241653 1.493189
vt -1.241653 1.742359
vt -1.241653 1.991529
vt -1.241653 2.489870
vt -1.241653 2.739038
vt -1.490823 2.739038
vt -1.241653 2.988209
vt -1.241653 3.237380
vt -1.241653 3.486549
vt -1.241653 3.735719
vt -1.490823 3.735719
vt -0.992483 -3.241042
vt -0.992483 -2.991872
vt -0.992483 -2.742702
vt -0.992483 -2.493533
vt -0.992483 -2.244363
vt -0.992483 -1.995192
vt -0.992483 -1.746022
vt -0.992483 -1.496852
vt -0.992483 -1.247682
vt -0.992483 -0.998512
vt -0.992483 -0.749342
vt -0.992483 -0.500172
vt -0.992483 -0.251002
vt -0.992483 -0.001831
vt -0.992483 0.247339
vt -0.992483 0.496509
vt -0.992483 0.745679
vt -0.992483 0.994849
vt -0.992483 1.244019
vt -0.992483 1.493189
vt -0.992483 1.991529
vt -0.992483 2.240699
vt -1.241653 2.240699
vt -0.992483 2.489870
vt -0.992483 2.739038
vt -0.992483 2.988209
vt -0.992483 3.237380
vt -0.992483 3.486549
vt -0.992483 3.735719
vt -0.992483 3.984890
vt -1.241653 3.984890
vt -0.743313 -3.241042
vt -0.743312 -2.991872
vt -0.743313 -2.742702
vt -0.743313 -2.493533
vt -0.743313 -2.244363
vt -0.743313 -1.995192
vt -0.743313 -1.746022
vt -0.743313 -1.496852
vt -0.743313 -0.998512
vt -0.743313 -0.749342
vt -0.743313 -0.500172
vt -0.743313 -0.001831
vt -0.743313 0.247339
vt -0.743313 0.496509
vt -0.743313 0.745679
vt -0.743313 1.244019
vt -0.743313 1.493189
vt -0.992483 1.742359
vt -0.743313 1.991529
vt -0.743313 2.240699
vt -0.743313 2.489870
vt -0.743313 2.988209
vt -0.743313 3.237380
vt -0.743313 3.486549
vt -0.743313 3.984890
vt -0.494143 -3.241042
vt -0.494143 -2.991872
vt -0.494143 -2.742702
vt -0.494143 -2.493533
vt -0.494143 -2.244363
vt -0.494143 -1.746022
vt -0.494143 -1.496852
vt -0.743313 -1.247682
vt -0.494143 -1.247682
vt -0.494143 -0.749342
vt -0.494143 -0.500172
vt -0.743313 -0.251002
vt -0.494143 -0.251002
vt -0.494143 -0.001831
vt -0.494143 0.496509
vt -0.494143 0.745679
vt -0.743313 0.994849
vt -0.494143 0.994849
vt -0.494143 1.244019
vt -0.494143 1.493189
vt -0.743313 1.742359
vt -0.494143 1.742359
vt -0.494143 2.240699
vt -0.494143 2.489870
vt -0.743313 2.739038
vt -0.494143 2.739038
vt -0.494143 3.237380
vt -0.494143 3.486549
vt -0.743313 3.735719
vt -0.494143 3.984890
vt -0.244972 -3.241042
vt -0.244972 -2.991872
vt -0.244973 -2.742702
vt -0.244973 -2.493533
vt -0.244973 -2.244363
vt -0.494143 -1.995192
vt -0.244973 -1.995192
vt -0.244973 -1.746022
vt -0.244973 -1.247682
vt -0.244973 -0.998512
vt -0.494143 -0.998512
vt -0.244973 -0.749342
vt -0.244973 -0.500172
vt -0.244973 -0.251002
vt -0.244973 -0.001831
vt -0.494143 0.247339
vt -0.244973 0.247339
vt -0.244973 0.496509
vt -0.244973 0.745679
vt -0.244973 1.244019
vt -0.244973 1.493189
vt -0.244973 1.991529
vt -0.494143 1.991529
vt -0.244973 2.240699
vt -0.244973 2.739038
vt -0.244973 2.988209
vt -0.494143 2.988209
vt -0.244973 3.237380
vt -0.244973 3.735719
vt -0.494143 3.735719
vt 0.004198 -3.241042
vt 0.004198 -2.991872
vt 0.004198 -2.742702
vt 0.004197 -2.493533
vt 0.004198 -2.244363
vt 0.004197 -1.746022
vt -0.244973 -1.496852
vt 0.004197 -1.247682
vt 0.004197 -0.998512
vt 0.004197 -0.749342
vt 0.004197 -0.251002
vt 0.004198 -0.001831
vt 0.004197 0.496509
vt 0.004197 0.994849
vt -0.244973 0.994849
vt 0.004197 1.244019
vt 0.004198 1.742359
vt -0.244973 1.742359
vt 0.004197 1.991529
vt 0.004197 2.240699
vt -0.244973 2.489870
vt 0.004197 2.489870
vt 0.004197 2.988209
vt 0.004197 3.237380
vt -0.244973 3.486549
vt 0.004197 3.486549
vt 0.004198 3.984890
vt -0.244973 3.984890
vt 0.253368 -2.991872
vt 0.253368 -2.742702
vt 0.253368 -2.493533
vt 0.253368 -2.244363
vt 0.253368 -1.995192
vt 0.004198 -1.995192
vt 0.253368 -1.746022
vt 0.004197 -1.496852
vt 0.253368 -1.247682
vt 0.253368 -0.998512
vt 0.253368 -0.749342
vt 0.253368 -0.500172
vt 0.004197 -0.500172
vt 0.253368 -0.251002
vt 0.253368 -0.001831
vt 0.004197 0.247339
vt 0.253368 0.496509
vt 0.253368 0.745679
vt 0.004197 0.745679
vt 0.253368 0.994849
vt 0.253368 1.493189
vt 0.004198 1.493189
vt 0.253368 1.742359
vt 0.253367 1.991529
vt 0.253368 2.489870
vt 0.004197 2.739038
vt 0.253368 2.739038
vt 0.253368 2.988209
vt 0.253367 3.486549
vt 0.253367 3.735719
vt 0.004198 3.735719
vt 0.253368 -3.241042
vt 0.502538 -2.991872
vt 0.502538 -2.742702
vt 0.502538 -2.493533
vt 0.502538 -2.244363
vt 0.502538 -1.995192
vt 0.502538 -1.746022
vt 0.502538 -1.496852
vt 0.253368 -1.496852
vt 0.502538 -1.247682
vt 0.502538 -0.998512
vt 0.502538 -0.749342
vt 0.502538 -0.500172
vt 0.502538 -0.251002
vt 0.502538 -0.001831
vt 0.253368 0.247339
vt 0.502538 0.496509
vt 0.502538 0.745679
vt 0.502538 0.994849
vt 0.253368 1.244019
vt 0.502538 1.244019
vt 0.502538 1.493189
vt 0.502538 1.742359
vt 0.502538 1.991529
vt 0.253367 2.240699
vt 0.502538 2.240699
vt 0.502538 2.739038
vt 0.502538 2.988209
vt 0.502538 3.237380
vt 0.253367 3.237380
vt 0.502538 3.486549
vt 0.502538 3.735719
vt 0.253367 3.984890
vt 0.502538 3.984890
vt 0.502538 -3.241042
vt 0.751708 -2.991872
vt 0.751708 -2.742702
vt 0.751707 -2.493533
vt 0.751707 -2.244363
vt 0.751707 -1.995192
vt 0.751707 -1.746022
vt 0.751707 -1.496852
vt 0.751707 -1.247682
vt 0.751707 -0.998512
vt 0.751707 -0.500172
vt 0.751707 -0.251002
vt 0.751707 -0.001831
vt 0.502538 0.247339
vt 0.751707 0.247339
vt 0.751708 0.496509
vt 0.751708 0.745679
vt 0.751708 0.994849
vt 0.751708 1.493189
vt 0.751708 1.991529
vt 0.751708 2.240699
vt 0.502538 2.489870
vt 0.751708 2.739038
vt 0.751708 2.988209
vt 0.751708 3.237380
vt 0.751708 3.486549
vt 0.751708 3.984890
vt 1.000878 -3.241042
vt 0.751708 -3.241042
vt 1.000878 -2.742702
vt 1.000878 -2.244363
vt 1.000878 -1.746022
vt 1.000877 -1.496852
vt 1.000877 -1.247682
vt 1.000877 -0.749342
vt 0.751707 -0.749342
vt 1.000877 -0.500172
vt 1.000877 -0.251002
vt 1.000877 0.247339
vt 1.000877 0.496509
vt 1.000877 0.745679
vt 1.000877 0.994849
vt 0.751708 1.244019
vt 1.000878 1.493189
vt 1.000878 1.742359
vt 0.751708 1.742359
vt 1.000878 1.991529
vt 1.000878 2.489870
vt 0.751708 2.489870
vt 1.000878 2.739038
vt 1.000878 2.988209
vt 1.000878 3.486549
vt 1.000878 3.735719
vt 0.751708 3.735719
vt 1.000877 3.984890
vt 1.250048 -3.241042
vt 1.000878 -2.991872
vt 1.250048 -2.991872
vt 1.250048 -2.742702
vt 1.000878 -2.493533
vt 1.250048 -2.493533
vt 1.250048 -2.244363
vt 1.000878 -1.995192
vt 1.250048 -1.995192
vt 1.250048 -1.746022
vt 1.250047 -1.247682
vt 1.250047 -0.998512
vt 1.000877 -0.998512
vt 1.250047 -0.749342
vt 1.250047 -0.500172
vt 1.250047 -0.251002
vt 1.000877 -0.001831
vt 1.250047 -0.001831
vt 1.250047 0.247339
vt 1.250047 0.496509
vt 1.250047 0.745679
vt 1.250047 1.244019
vt 1.000877 1.244019
vt 1.250047 1.493189
vt 1.250048 1.991529
vt 1.000878 2.240699
vt 1.250048 2.240699
vt 1.250048 2.739038
vt 1.250048 2.988209
vt 1.000878 3.237380
vt 1.250047 3.237380
vt 1.250047 3.735719
vt 1.499218 -3.241042
vt 1.499218 -2.991872
vt 1.499218 -2.742702
vt 1.499218 -2.493533
vt 1.499218 -2.244363
vt 1.499218 -1.746022
vt 1.499218 -1.496852
vt 1.250047 -1.496852
vt 1.499217 -1.247682
vt 1.499216 -0.749342
vt 1.499216 -0.500172
vt 1.499217 -0.251002
vt 1.499218 -0.001831
vt 1.499218 0.496509
vt 1.499218 0.745679
vt 1.250048 0.994849
vt 1.499218 0.994849
vt 1.499218 1.244019
vt 1.499218 1.493189
vt 1.250048 1.742359
vt 1.499218 1.742359
vt 1.499218 2.240699
vt 1.499218 2.489870
vt 1.250048 2.489870
vt 1.499218 2.739038
vt 1.499218 3.237380
vt 1.499218 3.486549
vt 1.250047 3.486549
vt 1.499218 3.984890
vt 1.250047 3.984890
vt 1.748388 -3.241042
vt 1.748388 -2.991872
vt 1.748388 -2.742702
vt 1.748388 -2.493533
vt 1.748388 -2.244363
vt 1.499218 -1.995192
vt 1.748388 -1.995192
vt 1.748388 -1.746022
vt 1.748387 -1.247682
vt 1.499217 -0.998512
vt 1.748387 -0.998512
vt 1.748387 -0.500172
vt 1.748387 -0.251002
vt 1.748387 -0.001831
vt 1.499218 0.247339
vt 1.748387 0.496509
vt 1.748387 0.745679
vt 1.748387 0.994849
vt 1.748387 1.244019
vt 1.748387 1.742359
vt 1.748387 1.991529
vt 1.499218 1.991529
vt 1.748387 2.240699
vt 1.748387 2.489870
vt 1.748388 2.988209
vt 1.499218 2.988209
vt 1.748388 3.237380
vt 1.748388 3.486549
vt 1.748388 3.735719
vt 1.499218 3.735719
vt 1.748388 3.984890
vt 1.997558 -3.241042
vt 1.997559 -2.991872
vt 1.997558 -2.742702
vt 1.997558 -2.493533
vt 1.997558 -2.244363
vt 1.997558 -1.995192
vt 1.997558 -1.746022
vt 1.748387 -1.496852
vt 1.997558 -1.496852
vt 1.997557 -1.247682
vt 1.997557 -0.998512
vt 1.748387 -0.749342
vt 1.997557 -0.749342
vt 1.997557 -0.500172
vt 1.997557 -0.251002
vt 1.997557 -0.001831
vt 1.748387 0.247339
vt 1.997557 0.247339
vt 1.997557 0.496509
vt 1.997557 0.745679
vt 1.997557 0.994849
vt 1.997557 1.244019
vt 1.748387 1.493189
vt 1.997557 1.493189
vt 1.997557 1.991529
vt 1.997557 2.240699
vt 1.997558 2.489870
vt 1.748387 2.739038
vt 1.997558 2.988209
vt 1.997558 3.237380
vt 1.997558 3.486549
vt 1.997558 3.984890
vt 2.246728 -3.241042
vt 2.246729 -2.991872
vt 2.246728 -2.742702
vt 2.246728 -2.493533
vt 2.246729 -2.244363
vt 2.246729 -1.995192
vt 2.246729 -1.746022
vt 2.246728 -1.496852
vt 2.246728 -1.247682
vt 2.246728 -0.998512
vt 2.246728 -0.749342
vt 2.246728 -0.500172
vt 2.246728 -0.251002
vt 2.246728 -0.001831
vt 2.246728 0.247339
vt 2.246728 0.496509
vt 2.246728 0.745679
vt 2.246728 0.994849
vt 2.246728 1.244019
vt 2.246728 1.493189
vt 1.997557 1.742359
vt 2.246728 1.742359
vt 2.246728 2.240699
vt 2.246728 2.489870
vt 1.997558 2.739038
vt 2.246728 2.988209
vt 2.246728 3.237380
vt 2.246728 3.486549
vt 1.997558 3.735719
vt 2.246728 3.984890
vt 2.495899 -3.241042
vt 2.495899 -2.991872
vt 2.495898 -2.742702
vt 2.495898 -2.493533
vt 2.495898 -2.244363
vt 2.495898 -1.995192
vt 2.495898 -1.746022
vt 2.495898 -1.496852
vt 2.495898 -1.247682
vt 2.495898 -0.998512
vt 2.495898 -0.749342
vt 2.495898 -0.500172
vt 2.495898 -0.251002
vt 2.495898 -0.001831
vt 2.495898 0.247339
vt 2.495898 0.496509
vt 2.495898 0.745679
vt 2.495898 0.994849
vt 2.495898 1.244019
vt 2.495898 1.493189
vt 2.495898 1.742359
vt 2.246728 1.991529
vt 2.495898 1.991529
vt 2.495898 2.240699
vt 2.495898 2.489870
vt 2.246728 2.739038
vt 2.495898 2.988209
vt 2.495898 3.237380
vt 2.495899 3.486549
vt 2.246728 3.735719
vt 2.495898 3.984890
vt 2.745069 -3.241042
vt 2.745069 -2.991872
vt 2.745068 -2.742702
vt 2.745068 -2.493533
vt 2.745069 -2.244363
vt 2.745069 -1.995192
vt 2.745069 -1.746022
vt 2.745068 -1.496852
vt 2.745068 -1.247682
vt 2.745068 -0.998512
vt 2.745068 -0.749342
vt 2.745068 -0.500172
vt 2.745068 -0.251002
vt 2.745068 -0.001831
vt 2.745068 0.247339
vt 2.745068 0.496509
vt 2.745068 0.745679
vt 2.745068 0.994849
vt 2.745068 1.244019
vt 2.745068 1.493189
vt 2.745068 1.742359
vt 2.745068 1.991529
vt 2.745068 2.240699
vt 2.745068 2.489870
vt 2.495898 2.739038
vt 2.745068 2.988209
vt 2.745068 3.237380
vt 2.745069 3.486549
vt 2.495899 3.735719
vt 2.745068 3.984890
vt 2.994238 -3.241042
vt 2.994238 -2.991872
vt 2.994238 -2.742702
vt 2.994238 -2.493533
vt 2.994238 -2.244363
vt 2.994238 -1.995192
vt 2.994238 -1.746022
vt 2.994238 -1.496852
vt 2.994238 -1.247682
vt 2.994238 -0.998512
vt 2.994238 -0.749342
vt 2.994238 -0.500172
vt 2.994238 -0.251002
vt 2.994238 -0.001831
vt 2.994238 0.247339
vt 2.994238 0.496509
vt 2.994238 0.745679
vt 2.994238 0.994849
vt 2.994238 1.244019
vt 2.994238 1.493189
vt 2.994238 1.742359
vt 2.994238 1.991529
vt 2.994238 2.240699
vt 2.994238 2.489870
vt 2.745068 2.739038
vt 2.994238 2.988209
vt 2.994238 3.237380
vt 2.994238 3.486549
vt 2.745069 3.735719
vt 2.994238 3.984890
vt 3.243408 -3.241042
vt 3.243408 -2.991872
vt 3.243408 -2.742702
vt 3.243408 -2.493533
vt 3.243408 -2.244363
vt 3.243408 -1.995192
vt 3.243408 -1.746022
vt 3.243408 -1.496852
vt 3.243408 -1.247682
vt 3.243408 -0.998512
vt 3.243408 -0.749342
vt 3.243408 -0.500172
vt 3.243408 -0.251002
vt 3.243408 -0.001831
vt 3.243408 0.247339
vt 3.243408 0.496509
vt 3.243408 0.745679
vt 3.243408 0.994849
vt 3.243408 1.244019
vt 3.243408 1.493189
vt 3.243408 1.742359
vt 3.243408 1.991529
vt 3.243408 2.240699
vt 3.243408 2.489870
vt 2.994238 2.739038
vt 3.243408 2.739038
vt 3.243408 2.988209
vt 3.243408 3.237380
vt 3.243408 3.486549
vt 2.994238 3.735719
vt 3.243408 3.984890
vt 3.492578 -3.241042
vt 3.492578 -2.991872
vt 3.492578 -2.742702
vt 3.492578 -2.493533
vt 3.492578 -2.244363
vt 3.492578 -1.995192
vt 3.492578 -1.746022
vt 3.492578 -1.496852
vt 3.492578 -1.247682
vt 3.492578 -0.998512
vt 3.492578 -0.749342
vt 3.492578 -0.500172
vt 3.492578 -0.251002
vt 3.492578 -0.001831
vt 3.492578 0.247339
vt 3.492578 0.496509
vt 3.492578 0.745679
vt 3.492578 0.994849
vt 3.492578 1.244019
vt 3.492578 1.493189
vt 3.492578 1.742359
vt 3.492578 1.991529
vt 3.492578 2.240699
vt 3.492578 2.489870
vt 3.492578 2.739038
vt 3.492578 2.988209
vt 3.492578 3.237380
vt 3.492578 3.486549
vt 3.243408 3.735719
vt 3.492578 3.984890
vt 3.741749 -3.241042
vt 3.741749 -2.991872
vt 3.741749 -2.742702
vt 3.741749 -2.493533
vt 3.741749 -2.244363
vt 3.741749 -1.995192
vt 3.741749 -1.746022
vt 3.741749 -1.496852
vt 3.741749 -1.247682
vt 3.741749 -0.998512
vt 3.741749 -0.749342
vt 3.741749 -0.500172
vt 3.741749 -0.251002
vt 3.741749 -0.001831
vt 3.741749 0.247339
vt 3.741749 0.496509
vt 3.741749 0.745679
vt 3.741749 0.994849
vt 3.741748 1.244019
vt 3.741749 1.493189
vt 3.741749 1.742359
vt 3.741748 1.991529
vt 3.741748 2.240699
vt 3.741748 2.489870
vt 3.741748 2.739038
vt 3.741748 2.988209
vt 3.741748 3.237380
vt 3.741748 3.486549
vt 3.492578 3.735719
vt 3.741749 3.984890
vt 3.990918 -3.241042
vt 3.990918 -2.991872
vt 3.990918 -2.742702
vt 3.990918 -2.493533
vt 3.990919 -2.244363
vt 3.990919 -1.995192
vt 3.990918 -1.746022
vt 3.990918 -1.496852
vt 3.990918 -1.247682
vt 3.990918 -0.998512
vt 3.990918 -0.749342
vt 3.990918 -0.500172
vt 3.990918 -0.251002
vt 3.990918 -0.001831
vt 3.990918 0.247339
vt 3.990918 0.496509
vt 3.990918 0.745679
vt 3.990918 0.994849
vt 3.990918 1.244019
vt 3.990918 1.493189
vt 3.990918 1.742359
vt 3.990918 1.991529
vt 3.990918 2.240699
vt 3.990918 2.489870
vt 3.990918 2.739038
vt 3.990918 2.988209
vt 3.990918 3.237380
vt 3.990918 3.486549
vt 3.741749 3.735719
vt 3.990918 3.735719
vt 4.240089 -3.241042
vt 4.240089 -2.991872
vt 4.240089 -2.742702
vt 4.240089 -2.493533
vt 4.240089 -2.244363
vt 4.240089 -1.995192
vt 4.240089 -1.746022
vt 4.240089 -1.496852
vt 4.240089 -1.247682
vt 4.240089 -0.998512
vt 4.240089 -0.749342
vt 4.240089 -0.500172
vt 4.240089 -0.251002
vt 4.240089 -0.001831
vt 4.240089 0.247339
vt 4.240089 0.496509
vt 4.240089 0.745679
vt 4.240089 0.994849
vt 4.240089 1.244019
vt 4.240089 1.493189
vt 4.240089 1.742359
vt 4.240089 1.991529
vt 4.240089 2.240699
vt 4.240089 2.489870
vt 4.240089 2.739038
vt 4.240089 2.988209
vt 4.240089 3.237380
vt 4.240089 3.486549
vt 4.240089 3.735719
vt 3.990918 3.984890
vt 4.240089 3.984890
vt 4.240089 4.483231
s 0
usemtl matChao
f 94/1/1 95/2/1 1024/3/1
f 154/4/1 3/5/1 5/6/1
f 154/4/1 123/7/1 124/8/1
f 184/9/1 122/10/1 123/7/1
f 244/11/1 122/10/1 214/12/1
f 274/13/1 121/14/1 244/11/1
f 304/15/1 120/16/1 274/13/1
f 334/17/1 119/18/1 304/15/1
f 364/19/1 118/20/1 334/17/1
f 364/19/1 116/21/1 117/22/1
f 394/23/1 115/24/1 116/21/1
f 454/25/1 115/24/1 424/26/1
f 454/25/1 113/27/1 114/28/1
f 514/29/1 113/27/1 484/30/1
f 544/31/1 112/32/1 514/29/1
f 544/31/1 110/33/1 111/34/1
f 574/35/1 109/36/1 110/33/1
f 634/37/1 109/36/1 604/38/1
f 634/37/1 107/39/1 108/40/1
f 694/41/1 107/39/1 664/42/1
f 694/41/1 105/43/1 106/44/1
f 754/45/1 105/43/1 724/46/1
f 784/47/1 104/48/1 754/45/1
f 814/49/1 103/50/1 784/47/1
f 844/51/1 102/52/1 814/49/1
f 874/53/1 101/54/1 844/51/1
f 904/55/1 100/56/1 874/53/1
f 934/57/1 99/58/1 904/55/1
f 964/59/1 98/60/1 934/57/1
f 994/61/1 97/62/1 964/59/1
f 1024/3/1 96/63/1 994/61/1
f 35/64/1 34/65/1 1/66/1
f 125/67/1 33/68/1 34/65/1
f 126/69/1 32/70/1 33/68/1
f 127/71/1 31/72/1 32/70/1
f 128/73/1 30/74/1 31/72/1
f 129/75/1 29/76/1 30/74/1
f 130/77/1 28/78/1 29/76/1
f 131/79/1 27/80/1 28/78/1
f 132/81/1 26/82/1 27/80/1
f 133/83/1 25/84/1 26/82/1
f 134/85/1 24/86/1 25/84/1
f 135/87/1 23/88/1 24/86/1
f 136/89/1 22/90/1 23/88/1
f 137/91/1 21/92/1 22/90/1
f 138/93/1 20/94/1 21/92/1
f 139/95/1 19/96/1 20/94/1
f 140/97/1 18/98/1 19/96/1
f 141/99/1 17/100/1 18/98/1
f 142/101/1 16/102/1 17/100/1
f 143/103/1 15/104/1 16/102/1
f 144/105/1 14/106/1 15/104/1
f 145/107/1 13/108/1 14/106/1
f 146/109/1 12/110/1 13/108/1
f 147/111/1 11/112/1 12/110/1
f 148/113/1 10/114/1 11/112/1
f 149/115/1 9/116/1 10/114/1
f 150/117/1 8/118/1 9/116/1
f 151/119/1 7/120/1 8/118/1
f 152/121/1 6/122/1 7/120/1
f 153/123/1 5/6/1 6/122/1
f 36/124/1 125/67/1 35/64/1
f 155/125/1 126/69/1 125/67/1
f 156/126/1 127/71/1 126/69/1
f 157/127/1 128/73/1 127/71/1
f 158/128/1 129/75/1 128/73/1
f 159/129/1 130/77/1 129/75/1
f 160/130/1 131/79/1 130/77/1
f 161/131/1 132/81/1 131/79/1
f 162/132/1 133/83/1 132/81/1
f 163/133/1 134/85/1 133/83/1
f 164/134/1 135/87/1 134/85/1
f 165/135/1 136/89/1 135/87/1
f 166/136/1 137/91/1 136/89/1
f 167/137/1 138/93/1 137/91/1
f 168/138/1 139/95/1 138/93/1
f 169/139/1 140/97/1 139/95/1
f 170/140/1 141/99/1 140/97/1
f 171/141/1 142/101/1 141/99/1
f 172/142/1 143/103/1 142/101/1
f 173/143/1 144/105/1 143/103/1
f 174/144/1 145/107/1 144/105/1
f 175/145/1 146/109/1 145/107/1
f 176/146/1 147/111/1 146/109/1
f 177/147/1 148/113/1 147/111/1
f 178/148/1 149/115/1 148/113/1
f 179/149/1 150/117/1 149/115/1
f 180/150/1 151/119/1 150/117/1
f 181/151/1 152/121/1 151/119/1
f 182/152/1 153/123/1 152/121/1
f 183/153/1 154/4/1 153/123/1
f 37/154/1 155/125/1 36/124/1
f 185/155/1 156/126/1 155/125/1
f 186/156/1 157/127/1 156/126/1
f 187/157/1 158/128/1 157/127/1
f 188/158/1 159/129/1 158/128/1
f 189/159/1 160/130/1 159/129/1
f 190/160/1 161/131/1 160/130/1
f 191/161/1 162/132/1 161/131/1
f 192/162/1 163/133/1 162/132/1
f 193/163/1 164/134/1 163/133/1
f 194/164/1 165/135/1 164/134/1
f 195/165/1 166/136/1 165/135/1
f 196/166/1 167/137/1 166/136/1
f 197/167/1 168/138/1 167/137/1
f 198/168/1 169/139/1 168/138/1
f 199/169/1 170/140/1 169/139/1
f 200/170/1 171/141/1 170/140/1
f 201/171/1 172/142/1 171/141/1
f 202/172/1 173/143/1 172/142/1
f 203/173/1 174/144/1 173/143/1
f 204/174/1 175/145/1 174/144/1
f 205/175/1 176/146/1 175/145/1
f 206/176/1 177/147/1 176/146/1
f 207/177/1 178/148/1 177/147/1
f 208/178/1 179/149/1 178/148/1
f 209/179/1 180/150/1 179/149/1
f 210/180/1 181/151/1 180/150/1
f 211/181/1 182/152/1 181/151/1
f 182/152/1 213/182/1 183/153/1
f 183/153/1 214/12/1 184/9/1
f 38/183/1 185/155/1 37/154/1
f 215/184/1 186/156/1 185/155/1
f 216/185/1 187/157/1 186/156/1
f 217/186/1 188/158/1 187/157/1
f 218/187/1 189/159/1 188/158/1
f 219/188/1 190/160/1 189/159/1
f 220/189/1 191/161/1 190/160/1
f 221/190/1 192/162/1 191/161/1
f 222/191/1 193/163/1 192/162/1
f 223/192/1 194/164/1 193/163/1
f 224/193/1 195/165/1 194/164/1
f 225/194/1 196/166/1 195/165/1
f 226/195/1 197/167/1 196/166/1
f 227/196/1 198/168/1 197/167/1
f 228/197/1 199/169/1 198/168/1
f 229/198/1 200/170/1 199/169/1
f 230/199/1 201/171/1 200/170/1
f 231/200/1 202/172/1 201/171/1
f 232/201/1 203/173/1 202/172/1
f 233/202/1 204/174/1 203/173/1
f 234/203/1 205/175/1 204/174/1
f 235/204/1 206/176/1 205/175/1
f 236/205/1 207/177/1 206/176/1
f 237/206/1 208/178/1 207/177/1
f 238/207/1 209/179/1 208/178/1
f 239/208/1 210/180/1 209/179/1
f 240/209/1 211/181/1 210/180/1
f 241/210/1 212/211/1 211/181/1
f 212/211/1 243/212/1 213/182/1
f 213/182/1 244/11/1 214/12/1
f 39/213/1 215/184/1 38/183/1
f 245/214/1 216/185/1 215/184/1
f 246/215/1 217/186/1 216/185/1
f 247/216/1 218/187/1 217/186/1
f 248/217/1 219/188/1 218/187/1
f 249/218/1 220/189/1 219/188/1
f 250/219/1 221/190/1 220/189/1
f 251/220/1 222/191/1 221/190/1
f 252/221/1 223/192/1 222/191/1
f 253/222/1 224/193/1 223/192/1
f 254/223/1 225/194/1 224/193/1
f 255/224/1 226/195/1 225/194/1
f 256/225/1 227/196/1 226/195/1
f 257/226/1 228/197/1 227/196/1
f 258/227/1 229/198/1 228/197/1
f 259/228/1 230/199/1 229/198/1
f 260/229/1 231/200/1 230/199/1
f 261/230/1 232/201/1 231/200/1
f 262/231/1 233/202/1 232/201/1
f 263/232/1 234/203/1 233/202/1
f 264/233/1 235/204/1 234/203/1
f 265/234/1 236/205/1 235/204/1
f 266/235/1 237/206/1 236/205/1
f 267/236/1 238/207/1 237/206/1
f 268/237/1 239/208/1 238/207/1
f 269/238/1 240/209/1 239/208/1
f 270/239/1 241/210/1 240/209/1
f 271/240/1 242/241/1 241/210/1
f 242/241/1 273/242/1 243/212/1
f 243/212/1 274/13/1 244/11/1
f 40/243/1 245/214/1 39/213/1
f 275/244/1 246/215/1 245/214/1
f 276/245/1 247/216/1 246/215/1
f 277/246/1 248/217/1 247/216/1
f 278/247/1 249/218/1 248/217/1
f 279/248/1 250/219/1 249/218/1
f 280/249/1 251/220/1 250/219/1
f 281/250/1 252/221/1 251/220/1
f 282/251/1 253/222/1 252/221/1
f 283/252/1 254/223/1 253/222/1
f 284/253/1 255/224/1 254/223/1
f 285/254/1 256/225/1 255/224/1
f 286/255/1 257/226/1 256/225/1
f 287/256/1 258/227/1 257/226/1
f 288/257/1 259/228/1 258/227/1
f 289/258/1 260/229/1 259/228/1
f 290/259/1 261/230/1 260/229/1
f 291/260/1 262/231/1 261/230/1
f 292/261/1 263/232/1 262/231/1
f 293/262/1 264/233/1 263/232/1
f 294/263/1 265/234/1 264/233/1
f 295/264/1 266/235/1 265/234/1
f 296/265/1 267/236/1 266/235/1
f 297/266/1 268/237/1 267/236/1
f 268/237/1 299/267/1 269/238/1
f 269/238/1 300/268/1 270/239/1
f 300/268/1 271/240/1 270/239/1
f 301/269/1 272/270/1 271/240/1
f 272/270/1 303/271/1 273/242/1
f 273/242/1 304/15/1 274/13/1
f 41/272/1 275/244/1 40/243/1
f 305/273/1 276/245/1 275/244/1
f 306/274/1 277/246/1 276/245/1
f 307/275/1 278/247/1 277/246/1
f 308/276/1 279/248/1 278/247/1
f 309/277/1 280/249/1 279/248/1
f 310/278/1 281/250/1 280/249/1
f 311/279/1 282/251/1 281/250/1
f 312/280/1 283/252/1 282/251/1
f 313/281/1 284/253/1 283/252/1
f 314/282/1 285/254/1 284/253/1
f 315/283/1 286/255/1 285/254/1
f 316/284/1 287/256/1 286/255/1
f 317/285/1 288/257/1 287/256/1
f 318/286/1 289/258/1 288/257/1
f 319/287/1 290/259/1 289/258/1
f 320/288/1 291/260/1 290/259/1
f 321/289/1 292/261/1 291/260/1
f 322/290/1 293/262/1 292/261/1
f 323/291/1 294/263/1 293/262/1
f 324/292/1 295/264/1 294/263/1
f 325/293/1 296/265/1 295/264/1
f 326/294/1 297/266/1 296/265/1
f 327/295/1 298/296/1 297/266/1
f 298/296/1 329/297/1 299/267/1
f 299/267/1 330/298/1 300/268/1
f 330/298/1 301/269/1 300/268/1
f 331/299/1 302/300/1 301/269/1
f 302/300/1 333/301/1 303/271/1
f 303/271/1 334/17/1 304/15/1
f 42/302/1 305/273/1 41/272/1
f 335/303/1 306/274/1 305/273/1
f 336/304/1 307/275/1 306/274/1
f 337/305/1 308/276/1 307/275/1
f 338/306/1 309/277/1 308/276/1
f 339/307/1 310/278/1 309/277/1
f 340/308/1 311/279/1 310/278/1
f 341/309/1 312/280/1 311/279/1
f 342/310/1 313/281/1 312/280/1
f 343/311/1 314/282/1 313/281/1
f 344/312/1 315/283/1 314/282/1
f 345/313/1 316/284/1 315/283/1
f 346/314/1 317/285/1 316/284/1
f 347/315/1 318/286/1 317/285/1
f 348/316/1 319/287/1 318/286/1
f 349/317/1 320/288/1 319/287/1
f 350/318/1 321/289/1 320/288/1
f 351/319/1 322/290/1 321/289/1
f 352/320/1 323/291/1 322/290/1
f 353/321/1 324/292/1 323/291/1
f 354/322/1 325/293/1 324/292/1
f 355/323/1 326/294/1 325/293/1
f 356/324/1 327/295/1 326/294/1
f 357/325/1 328/326/1 327/295/1
f 328/326/1 359/327/1 329/297/1
f 329/297/1 360/328/1 330/298/1
f 360/328/1 331/299/1 330/298/1
f 361/329/1 332/330/1 331/299/1
f 332/330/1 363/331/1 333/301/1
f 333/301/1 364/19/1 334/17/1
f 43/332/1 335/303/1 42/302/1
f 365/333/1 336/304/1 335/303/1
f 366/334/1 337/305/1 336/304/1
f 367/335/1 338/306/1 337/305/1
f 368/336/1 339/307/1 338/306/1
f 369/337/1 340/308/1 339/307/1
f 370/338/1 341/309/1 340/308/1
f 371/339/1 342/310/1 341/309/1
f 372/340/1 343/311/1 342/310/1
f 373/341/1 344/312/1 343/311/1
f 374/342/1 345/313/1 344/312/1
f 375/343/1 346/314/1 345/313/1
f 376/344/1 347/315/1 346/314/1
f 377/345/1 348/316/1 347/315/1
f 378/346/1 349/317/1 348/316/1
f 379/347/1 350/318/1 349/317/1
f 380/348/1 351/319/1 350/318/1
f 381/349/1 352/320/1 351/319/1
f 382/350/1 353/321/1 352/320/1
f 383/351/1 354/322/1 353/321/1
f 384/352/1 355/323/1 354/322/1
f 385/353/1 356/324/1 355/323/1
f 356/324/1 387/354/1 357/325/1
f 357/325/1 388/355/1 358/356/1
f 358/356/1 389/357/1 359/327/1
f 359/327/1 390/358/1 360/328/1
f 360/328/1 391/359/1 361/329/1
f 361/329/1 392/360/1 362/361/1
f 392/360/1 363/331/1 362/361/1
f 363/331/1 394/23/1 364/19/1
f 44/362/1 365/333/1 43/332/1
f 395/363/1 366/334/1 365/333/1
f 396/364/1 367/335/1 366/334/1
f 397/365/1 368/336/1 367/335/1
f 398/366/1 369/337/1 368/336/1
f 399/367/1 370/338/1 369/337/1
f 400/368/1 371/339/1 370/338/1
f 401/369/1 372/340/1 371/339/1
f 402/370/1 373/341/1 372/340/1
f 403/371/1 374/342/1 373/341/1
f 404/372/1 375/343/1 374/342/1
f 405/373/1 376/344/1 375/343/1
f 406/374/1 377/345/1 376/344/1
f 407/375/1 378/346/1 377/345/1
f 408/376/1 379/347/1 378/346/1
f 409/377/1 380/348/1 379/347/1
f 410/378/1 381/349/1 380/348/1
f 411/379/1 382/350/1 381/349/1
f 412/380/1 383/351/1 382/350/1
f 413/381/1 384/352/1 383/351/1
f 384/352/1 415/382/1 385/353/1
f 385/353/1 416/383/1 386/384/1
f 386/384/1 417/385/1 387/354/1
f 387/354/1 418/386/1 388/355/1
f 388/355/1 419/387/1 389/357/1
f 389/357/1 420/388/1 390/358/1
f 390/358/1 421/389/1 391/359/1
f 391/359/1 422/390/1 392/360/1
f 392/360/1 423/391/1 393/392/1
f 423/391/1 394/23/1 393/392/1
f 45/393/1 395/363/1 44/362/1
f 425/394/1 396/364/1 395/363/1
f 426/395/1 397/365/1 396/364/1
f 427/396/1 398/366/1 397/365/1
f 428/397/1 399/367/1 398/366/1
f 429/398/1 400/368/1 399/367/1
f 430/399/1 401/369/1 400/368/1
f 431/400/1 402/370/1 401/369/1
f 402/370/1 433/401/1 403/371/1
f 433/401/1 404/372/1 403/371/1
f 434/402/1 405/373/1 404/372/1
f 435/403/1 406/374/1 405/373/1
f 406/374/1 437/404/1 407/375/1
f 437/404/1 408/376/1 407/375/1
f 438/405/1 409/377/1 408/376/1
f 439/406/1 410/378/1 409/377/1
f 440/407/1 411/379/1 410/378/1
f 411/379/1 442/408/1 412/380/1
f 442/408/1 413/381/1 412/380/1
f 443/409/1 414/410/1 413/381/1
f 414/410/1 445/411/1 415/382/1
f 415/382/1 446/412/1 416/383/1
f 446/412/1 417/385/1 416/383/1
f 447/413/1 418/386/1 417/385/1
f 418/386/1 449/414/1 419/387/1
f 419/387/1 450/415/1 420/388/1
f 450/415/1 421/389/1 420/388/1
f 451/416/1 422/390/1 421/389/1
f 422/390/1 453/417/1 423/391/1
f 423/391/1 454/25/1 424/26/1
f 46/418/1 425/394/1 45/393/1
f 455/419/1 426/395/1 425/394/1
f 456/420/1 427/396/1 426/395/1
f 457/421/1 428/397/1 427/396/1
f 458/422/1 429/398/1 428/397/1
f 429/398/1 460/423/1 430/399/1
f 430/399/1 461/424/1 431/400/1
f 461/424/1 432/425/1 431/400/1
f 462/426/1 433/401/1 432/425/1
f 433/401/1 464/427/1 434/402/1
f 464/427/1 435/403/1 434/402/1
f 465/428/1 436/429/1 435/403/1
f 466/430/1 437/404/1 436/429/1
f 467/431/1 438/405/1 437/404/1
f 438/405/1 469/432/1 439/406/1
f 469/432/1 440/407/1 439/406/1
f 470/433/1 441/434/1 440/407/1
f 471/435/1 442/408/1 441/434/1
f 472/436/1 443/409/1 442/408/1
f 473/437/1 444/438/1 443/409/1
f 474/439/1 445/411/1 444/438/1
f 445/411/1 476/440/1 446/412/1
f 446/412/1 477/441/1 447/413/1
f 477/441/1 448/442/1 447/413/1
f 478/443/1 449/414/1 448/442/1
f 449/414/1 480/444/1 450/415/1
f 450/415/1 481/445/1 451/416/1
f 481/445/1 452/446/1 451/416/1
f 452/446/1 483/447/1 453/417/1
f 483/447/1 454/25/1 453/417/1
f 47/448/1 455/419/1 46/418/1
f 485/449/1 456/420/1 455/419/1
f 486/450/1 457/421/1 456/420/1
f 487/451/1 458/422/1 457/421/1
f 488/452/1 459/453/1 458/422/1
f 489/454/1 460/423/1 459/453/1
f 490/455/1 461/424/1 460/423/1
f 461/424/1 492/456/1 462/426/1
f 462/426/1 493/457/1 463/458/1
f 493/457/1 464/427/1 463/458/1
f 494/459/1 465/428/1 464/427/1
f 495/460/1 466/430/1 465/428/1
f 496/461/1 467/431/1 466/430/1
f 497/462/1 468/463/1 467/431/1
f 498/464/1 469/432/1 468/463/1
f 499/465/1 470/433/1 469/432/1
f 500/466/1 471/435/1 470/433/1
f 471/435/1 502/467/1 472/436/1
f 502/467/1 473/437/1 472/436/1
f 503/468/1 474/439/1 473/437/1
f 474/439/1 505/469/1 475/470/1
f 505/469/1 476/440/1 475/470/1
f 506/471/1 477/441/1 476/440/1
f 477/441/1 508/472/1 478/443/1
f 478/443/1 509/473/1 479/474/1
f 509/473/1 480/444/1 479/474/1
f 510/475/1 481/445/1 480/444/1
f 481/445/1 512/476/1 482/477/1
f 512/476/1 483/447/1 482/477/1
f 483/447/1 514/29/1 484/30/1
f 48/478/1 485/449/1 47/448/1
f 515/479/1 486/450/1 485/449/1
f 516/480/1 487/451/1 486/450/1
f 517/481/1 488/452/1 487/451/1
f 518/482/1 489/454/1 488/452/1
f 489/454/1 520/483/1 490/455/1
f 520/483/1 491/484/1 490/455/1
f 491/484/1 522/485/1 492/456/1
f 492/456/1 523/486/1 493/457/1
f 493/457/1 524/487/1 494/459/1
f 524/487/1 495/460/1 494/459/1
f 495/460/1 526/488/1 496/461/1
f 496/461/1 527/489/1 497/462/1
f 527/489/1 498/464/1 497/462/1
f 498/464/1 529/490/1 499/465/1
f 529/490/1 500/466/1 499/465/1
f 500/466/1 531/491/1 501/492/1
f 501/492/1 532/493/1 502/467/1
f 532/493/1 503/468/1 502/467/1
f 503/468/1 534/494/1 504/495/1
f 504/495/1 535/496/1 505/469/1
f 535/496/1 506/471/1 505/469/1
f 536/497/1 507/498/1 506/471/1
f 537/499/1 508/472/1 507/498/1
f 508/472/1 539/500/1 509/473/1
f 539/500/1 510/475/1 509/473/1
f 540/501/1 511/502/1 510/475/1
f 541/503/1 512/476/1 511/502/1
f 512/476/1 543/504/1 513/505/1
f 543/504/1 514/29/1 513/505/1
f 48/478/1 545/506/1 515/479/1
f 515/479/1 546/507/1 516/480/1
f 516/480/1 547/508/1 517/481/1
f 517/481/1 548/509/1 518/482/1
f 518/482/1 549/510/1 519/511/1
f 549/510/1 520/483/1 519/511/1
f 550/512/1 521/513/1 520/483/1
f 521/513/1 552/514/1 522/485/1
f 522/485/1 553/515/1 523/486/1
f 523/486/1 554/516/1 524/487/1
f 524/487/1 555/517/1 525/518/1
f 525/518/1 556/519/1 526/488/1
f 526/488/1 557/520/1 527/489/1
f 557/520/1 528/521/1 527/489/1
f 528/521/1 559/522/1 529/490/1
f 529/490/1 560/523/1 530/524/1
f 530/524/1 561/525/1 531/491/1
f 561/525/1 532/493/1 531/491/1
f 532/493/1 563/526/1 533/527/1
f 533/527/1 564/528/1 534/494/1
f 534/494/1 565/529/1 535/496/1
f 565/529/1 536/497/1 535/496/1
f 536/497/1 567/530/1 537/499/1
f 567/530/1 538/531/1 537/499/1
f 568/532/1 539/500/1 538/531/1
f 569/533/1 540/501/1 539/500/1
f 540/501/1 571/534/1 541/503/1
f 541/503/1 572/535/1 542/536/1
f 572/535/1 543/504/1 542/536/1
f 543/504/1 574/35/1 544/31/1
f 49/537/1 575/538/1 545/506/1
f 545/506/1 576/539/1 546/507/1
f 546/507/1 577/540/1 547/508/1
f 547/508/1 578/541/1 548/509/1
f 548/509/1 579/542/1 549/510/1
f 549/510/1 580/543/1 550/512/1
f 550/512/1 581/544/1 551/545/1
f 551/545/1 582/546/1 552/514/1
f 552/514/1 583/547/1 553/515/1
f 553/515/1 584/548/1 554/516/1
f 584/548/1 555/517/1 554/516/1
f 585/549/1 556/519/1 555/517/1
f 586/550/1 557/520/1 556/519/1
f 587/551/1 558/552/1 557/520/1
f 558/552/1 589/553/1 559/522/1
f 559/522/1 590/554/1 560/523/1
f 590/554/1 561/525/1 560/523/1
f 591/555/1 562/556/1 561/525/1
f 592/557/1 563/526/1 562/556/1
f 593/558/1 564/528/1 563/526/1
f 594/559/1 565/529/1 564/528/1
f 595/560/1 566/561/1 565/529/1
f 596/562/1 567/530/1 566/561/1
f 567/530/1 598/563/1 568/532/1
f 568/532/1 599/564/1 569/533/1
f 569/533/1 600/565/1 570/566/1
f 570/566/1 601/567/1 571/534/1
f 571/534/1 602/568/1 572/535/1
f 602/568/1 573/569/1 572/535/1
f 603/570/1 574/35/1 573/569/1
f 50/571/1 605/572/1 575/538/1
f 575/538/1 606/573/1 576/539/1
f 576/539/1 607/574/1 577/540/1
f 607/574/1 578/541/1 577/540/1
f 608/575/1 579/542/1 578/541/1
f 609/576/1 580/543/1 579/542/1
f 610/577/1 581/544/1 580/543/1
f 611/578/1 582/546/1 581/544/1
f 612/579/1 583/547/1 582/546/1
f 613/580/1 584/548/1 583/547/1
f 584/548/1 615/581/1 585/549/1
f 585/549/1 616/582/1 586/550/1
f 586/550/1 617/583/1 587/551/1
f 617/583/1 588/584/1 587/551/1
f 618/585/1 589/553/1 588/584/1
f 619/586/1 590/554/1 589/553/1
f 620/587/1 591/555/1 590/554/1
f 621/588/1 592/557/1 591/555/1
f 592/557/1 623/589/1 593/558/1
f 623/589/1 594/559/1 593/558/1
f 594/559/1 625/590/1 595/560/1
f 625/590/1 596/562/1 595/560/1
f 626/591/1 597/592/1 596/562/1
f 597/592/1 628/593/1 598/563/1
f 598/563/1 629/594/1 599/564/1
f 599/564/1 630/595/1 600/565/1
f 600/565/1 631/596/1 601/567/1
f 631/596/1 602/568/1 601/567/1
f 602/568/1 633/597/1 603/570/1
f 603/570/1 634/37/1 604/38/1
f 52/598/1 605/572/1 51/599/1
f 605/572/1 636/600/1 606/573/1
f 636/600/1 607/574/1 606/573/1
f 607/574/1 638/601/1 608/575/1
f 638/601/1 609/576/1 608/575/1
f 609/576/1 640/602/1 610/577/1
f 610/577/1 641/603/1 611/578/1
f 611/578/1 642/604/1 612/579/1
f 642/604/1 613/580/1 612/579/1
f 613/580/1 644/605/1 614/606/1
f 614/606/1 645/607/1 615/581/1
f 615/581/1 646/608/1 616/582/1
f 646/608/1 617/583/1 616/582/1
f 617/583/1 648/609/1 618/585/1
f 618/585/1 649/610/1 619/586/1
f 619/586/1 650/611/1 620/587/1
f 650/611/1 621/588/1 620/587/1
f 651/612/1 622/613/1 621/588/1
f 622/613/1 653/614/1 623/589/1
f 623/589/1 654/615/1 624/616/1
f 654/615/1 625/590/1 624/616/1
f 655/617/1 626/591/1 625/590/1
f 626/591/1 657/618/1 627/619/1
f 627/619/1 658/620/1 628/593/1
f 628/593/1 659/621/1 629/594/1
f 659/621/1 630/595/1 629/594/1
f 630/595/1 661/622/1 631/596/1
f 631/596/1 662/623/1 632/624/1
f 632/624/1 663/625/1 633/597/1
f 663/625/1 634/37/1 633/597/1
f 53/626/1 635/627/1 52/598/1
f 665/628/1 636/600/1 635/627/1
f 666/629/1 637/630/1 636/600/1
f 667/631/1 638/601/1 637/630/1
f 668/632/1 639/633/1 638/601/1
f 669/634/1 640/602/1 639/633/1
f 670/635/1 641/603/1 640/602/1
f 641/603/1 672/636/1 642/604/1
f 642/604/1 673/637/1 643/638/1
f 673/637/1 644/605/1 643/638/1
f 674/639/1 645/607/1 644/605/1
f 675/640/1 646/608/1 645/607/1
f 676/641/1 647/642/1 646/608/1
f 677/643/1 648/609/1 647/642/1
f 678/644/1 649/610/1 648/609/1
f 679/645/1 650/611/1 649/610/1
f 680/646/1 651/612/1 650/611/1
f 651/612/1 682/647/1 652/648/1
f 682/647/1 653/614/1 652/648/1
f 683/649/1 654/615/1 653/614/1
f 654/615/1 685/650/1 655/617/1
f 685/650/1 656/651/1 655/617/1
f 686/652/1 657/618/1 656/651/1
f 657/618/1 688/653/1 658/620/1
f 658/620/1 689/654/1 659/621/1
f 689/654/1 660/655/1 659/621/1
f 690/656/1 661/622/1 660/655/1
f 661/622/1 692/657/1 662/623/1
f 692/657/1 663/625/1 662/623/1
f 663/625/1 694/41/1 664/42/1
f 54/658/1 665/628/1 53/626/1
f 695/659/1 666/629/1 665/628/1
f 696/660/1 667/631/1 666/629/1
f 697/661/1 668/632/1 667/631/1
f 698/662/1 669/634/1 668/632/1
f 669/634/1 700/663/1 670/635/1
f 670/635/1 701/664/1 671/665/1
f 701/664/1 672/636/1 671/665/1
f 702/666/1 673/637/1 672/636/1
f 673/637/1 704/667/1 674/639/1
f 704/667/1 675/640/1 674/639/1
f 705/668/1 676/641/1 675/640/1
f 706/669/1 677/643/1 676/641/1
f 707/670/1 678/644/1 677/643/1
f 678/644/1 709/671/1 679/645/1
f 709/671/1 680/646/1 679/645/1
f 710/672/1 681/673/1 680/646/1
f 711/674/1 682/647/1 681/673/1
f 712/675/1 683/649/1 682/647/1
f 713/676/1 684/677/1 683/649/1
f 714/678/1 685/650/1 684/677/1
f 685/650/1 716/679/1 686/652/1
f 686/652/1 717/680/1 687/681/1
f 717/680/1 688/653/1 687/681/1
f 718/682/1 689/654/1 688/653/1
f 689/654/1 720/683/1 690/656/1
f 690/656/1 721/684/1 691/685/1
f 721/684/1 692/657/1 691/685/1
f 692/657/1 723/686/1 693/687/1
f 723/686/1 694/41/1 693/687/1
f 55/688/1 695/659/1 54/658/1
f 725/689/1 696/660/1 695/659/1
f 726/690/1 697/661/1 696/660/1
f 727/691/1 698/662/1 697/661/1
f 728/692/1 699/693/1 698/662/1
f 729/694/1 700/663/1 699/693/1
f 730/695/1 701/664/1 700/663/1
f 701/664/1 732/696/1 702/666/1
f 732/696/1 703/697/1 702/666/1
f 733/698/1 704/667/1 703/697/1
f 704/667/1 735/699/1 705/668/1
f 705/668/1 736/700/1 706/669/1
f 736/700/1 707/670/1 706/669/1
f 737/701/1 708/702/1 707/670/1
f 708/702/1 739/703/1 709/671/1
f 739/703/1 710/672/1 709/671/1
f 740/704/1 711/674/1 710/672/1
f 741/705/1 712/675/1 711/674/1
f 742/706/1 713/676/1 712/675/1
f 713/676/1 744/707/1 714/678/1
f 714/678/1 745/708/1 715/709/1
f 715/709/1 746/710/1 716/679/1
f 716/679/1 747/711/1 717/680/1
f 747/711/1 718/682/1 717/680/1
f 718/682/1 749/712/1 719/713/1
f 719/713/1 750/714/1 720/683/1
f 720/683/1 751/715/1 721/684/1
f 721/684/1 752/716/1 722/717/1
f 722/717/1 753/718/1 723/686/1
f 723/686/1 754/45/1 724/46/1
f 56/719/1 725/689/1 55/688/1
f 755/720/1 726/690/1 725/689/1
f 756/721/1 727/691/1 726/690/1
f 757/722/1 728/692/1 727/691/1
f 758/723/1 729/694/1 728/692/1
f 759/724/1 730/695/1 729/694/1
f 760/725/1 731/726/1 730/695/1
f 761/727/1 732/696/1 731/726/1
f 762/728/1 733/698/1 732/696/1
f 763/729/1 734/730/1 733/698/1
f 764/731/1 735/699/1 734/730/1
f 765/732/1 736/700/1 735/699/1
f 766/733/1 737/701/1 736/700/1
f 767/734/1 738/735/1 737/701/1
f 768/736/1 739/703/1 738/735/1
f 769/737/1 740/704/1 739/703/1
f 770/738/1 741/705/1 740/704/1
f 771/739/1 742/706/1 741/705/1
f 772/740/1 743/741/1 742/706/1
f 773/742/1 744/707/1 743/741/1
f 744/707/1 775/743/1 745/708/1
f 745/708/1 776/744/1 746/710/1
f 776/744/1 747/711/1 746/710/1
f 777/745/1 748/746/1 747/711/1
f 748/746/1 779/747/1 749/712/1
f 749/712/1 780/748/1 750/714/1
f 780/748/1 751/715/1 750/714/1
f 781/749/1 752/716/1 751/715/1
f 752/716/1 783/750/1 753/718/1
f 753/718/1 784/47/1 754/45/1
f 57/751/1 755/720/1 56/719/1
f 785/752/1 756/721/1 755/720/1
f 786/753/1 757/722/1 756/721/1
f 787/754/1 758/723/1 757/722/1
f 788/755/1 759/724/1 758/723/1
f 789/756/1 760/725/1 759/724/1
f 790/757/1 761/727/1 760/725/1
f 791/758/1 762/728/1 761/727/1
f 792/759/1 763/729/1 762/728/1
f 793/760/1 764/731/1 763/729/1
f 794/761/1 765/732/1 764/731/1
f 795/762/1 766/733/1 765/732/1
f 796/763/1 767/734/1 766/733/1
f 797/764/1 768/736/1 767/734/1
f 798/765/1 769/737/1 768/736/1
f 799/766/1 770/738/1 769/737/1
f 800/767/1 771/739/1 770/738/1
f 801/768/1 772/740/1 771/739/1
f 802/769/1 773/742/1 772/740/1
f 803/770/1 774/771/1 773/742/1
f 804/772/1 775/743/1 774/771/1
f 775/743/1 806/773/1 776/744/1
f 806/773/1 777/745/1 776/744/1
f 807/774/1 778/775/1 777/745/1
f 778/775/1 809/776/1 779/747/1
f 779/747/1 810/777/1 780/748/1
f 810/777/1 781/749/1 780/748/1
f 811/778/1 782/779/1 781/749/1
f 782/779/1 813/780/1 783/750/1
f 783/750/1 814/49/1 784/47/1
f 58/781/1 785/752/1 57/751/1
f 815/782/1 786/753/1 785/752/1
f 816/783/1 787/754/1 786/753/1
f 817/784/1 788/755/1 787/754/1
f 818/785/1 789/756/1 788/755/1
f 819/786/1 790/757/1 789/756/1
f 820/787/1 791/758/1 790/757/1
f 821/788/1 792/759/1 791/758/1
f 822/789/1 793/760/1 792/759/1
f 823/790/1 794/761/1 793/760/1
f 824/791/1 795/762/1 794/761/1
f 825/792/1 796/763/1 795/762/1
f 826/793/1 797/764/1 796/763/1
f 827/794/1 798/765/1 797/764/1
f 828/795/1 799/766/1 798/765/1
f 829/796/1 800/767/1 799/766/1
f 830/797/1 801/768/1 800/767/1
f 831/798/1 802/769/1 801/768/1
f 832/799/1 803/770/1 802/769/1
f 833/800/1 804/772/1 803/770/1
f 834/801/1 805/802/1 804/772/1
f 835/803/1 806/773/1 805/802/1
f 836/804/1 807/774/1 806/773/1
f 837/805/1 808/806/1 807/774/1
f 808/806/1 839/807/1 809/776/1
f 809/776/1 840/808/1 810/777/1
f 840/808/1 811/778/1 810/777/1
f 841/809/1 812/810/1 811/778/1
f 812/810/1 843/811/1 813/780/1
f 813/780/1 844/51/1 814/49/1
f 59/812/1 815/782/1 58/781/1
f 845/813/1 816/783/1 815/782/1
f 846/814/1 817/784/1 816/783/1
f 847/815/1 818/785/1 817/784/1
f 848/816/1 819/786/1 818/785/1
f 849/817/1 820/787/1 819/786/1
f 850/818/1 821/788/1 820/787/1
f 851/819/1 822/789/1 821/788/1
f 852/820/1 823/790/1 822/789/1
f 853/821/1 824/791/1 823/790/1
f 854/822/1 825/792/1 824/791/1
f 855/823/1 826/793/1 825/792/1
f 856/824/1 827/794/1 826/793/1
f 857/825/1 828/795/1 827/794/1
f 858/826/1 829/796/1 828/795/1
f 859/827/1 830/797/1 829/796/1
f 860/828/1 831/798/1 830/797/1
f 861/829/1 832/799/1 831/798/1
f 862/830/1 833/800/1 832/799/1
f 863/831/1 834/801/1 833/800/1
f 864/832/1 835/803/1 834/801/1
f 865/833/1 836/804/1 835/803/1
f 866/834/1 837/805/1 836/804/1
f 867/835/1 838/836/1 837/805/1
f 838/836/1 869/837/1 839/807/1
f 839/807/1 870/838/1 840/808/1
f 870/838/1 841/809/1 840/808/1
f 871/839/1 842/840/1 841/809/1
f 842/840/1 873/841/1 843/811/1
f 843/811/1 874/53/1 844/51/1
f 60/842/1 845/813/1 59/812/1
f 875/843/1 846/814/1 845/813/1
f 876/844/1 847/815/1 846/814/1
f 877/845/1 848/816/1 847/815/1
f 878/846/1 849/817/1 848/816/1
f 879/847/1 850/818/1 849/817/1
f 880/848/1 851/819/1 850/818/1
f 881/849/1 852/820/1 851/819/1
f 882/850/1 853/821/1 852/820/1
f 883/851/1 854/822/1 853/821/1
f 884/852/1 855/823/1 854/822/1
f 885/853/1 856/824/1 855/823/1
f 886/854/1 857/825/1 856/824/1
f 887/855/1 858/826/1 857/825/1
f 888/856/1 859/827/1 858/826/1
f 889/857/1 860/828/1 859/827/1
f 890/858/1 861/829/1 860/828/1
f 891/859/1 862/830/1 861/829/1
f 892/860/1 863/831/1 862/830/1
f 893/861/1 864/832/1 863/831/1
f 894/862/1 865/833/1 864/832/1
f 895/863/1 866/834/1 865/833/1
f 896/864/1 867/835/1 866/834/1
f 897/865/1 868/866/1 867/835/1
f 868/866/1 899/867/1 869/837/1
f 869/837/1 900/868/1 870/838/1
f 900/868/1 871/839/1 870/838/1
f 901/869/1 872/870/1 871/839/1
f 872/870/1 903/871/1 873/841/1
f 873/841/1 904/55/1 874/53/1
f 61/872/1 875/843/1 60/842/1
f 905/873/1 876/844/1 875/843/1
f 906/874/1 877/845/1 876/844/1
f 907/875/1 878/846/1 877/845/1
f 908/876/1 879/847/1 878/846/1
f 909/877/1 880/848/1 879/847/1
f 910/878/1 881/849/1 880/848/1
f 911/879/1 882/850/1 881/849/1
f 912/880/1 883/851/1 882/850/1
f 913/881/1 884/852/1 883/851/1
f 914/882/1 885/853/1 884/852/1
f 915/883/1 886/854/1 885/853/1
f 916/884/1 887/855/1 886/854/1
f 917/885/1 888/856/1 887/855/1
f 918/886/1 889/857/1 888/856/1
f 919/887/1 890/858/1 889/857/1
f 920/888/1 891/859/1 890/858/1
f 921/889/1 892/860/1 891/859/1
f 922/890/1 893/861/1 892/860/1
f 923/891/1 894/862/1 893/861/1
f 924/892/1 895/863/1 894/862/1
f 925/893/1 896/864/1 895/863/1
f 926/894/1 897/865/1 896/864/1
f 927/895/1 898/896/1 897/865/1
f 928/897/1 899/867/1 898/896/1
f 929/898/1 900/868/1 899/867/1
f 930/899/1 901/869/1 900/868/1
f 931/900/1 902/901/1 901/869/1
f 902/901/1 933/902/1 903/871/1
f 903/871/1 934/57/1 904/55/1
f 62/903/1 905/873/1 61/872/1
f 935/904/1 906/874/1 905/873/1
f 936/905/1 907/875/1 906/874/1
f 937/906/1 908/876/1 907/875/1
f 938/907/1 909/877/1 908/876/1
f 939/908/1 910/878/1 909/877/1
f 940/909/1 911/879/1 910/878/1
f 941/910/1 912/880/1 911/879/1
f 942/911/1 913/881/1 912/880/1
f 943/912/1 914/882/1 913/881/1
f 944/913/1 915/883/1 914/882/1
f 945/914/1 916/884/1 915/883/1
f 946/915/1 917/885/1 916/884/1
f 947/916/1 918/886/1 917/885/1
f 948/917/1 919/887/1 918/886/1
f 949/918/1 920/888/1 919/887/1
f 950/919/1 921/889/1 920/888/1
f 951/920/1 922/890/1 921/889/1
f 952/921/1 923/891/1 922/890/1
f 953/922/1 924/892/1 923/891/1
f 954/923/1 925/893/1 924/892/1
f 955/924/1 926/894/1 925/893/1
f 956/925/1 927/895/1 926/894/1
f 957/926/1 928/897/1 927/895/1
f 958/927/1 929/898/1 928/897/1
f 959/928/1 930/899/1 929/898/1
f 960/929/1 931/900/1 930/899/1
f 961/930/1 932/931/1 931/900/1
f 932/931/1 963/932/1 933/902/1
f 933/902/1 964/59/1 934/57/1
f 63/933/1 935/904/1 62/903/1
f 965/934/1 936/905/1 935/904/1
f 966/935/1 937/906/1 936/905/1
f 967/936/1 938/907/1 937/906/1
f 968/937/1 939/908/1 938/907/1
f 969/938/1 940/909/1 939/908/1
f 970/939/1 941/910/1 940/909/1
f 971/940/1 942/911/1 941/910/1
f 972/941/1 943/912/1 942/911/1
f 973/942/1 944/913/1 943/912/1
f 974/943/1 945/914/1 944/913/1
f 975/944/1 946/915/1 945/914/1
f 976/945/1 947/916/1 946/915/1
f 977/946/1 948/917/1 947/916/1
f 978/947/1 949/918/1 948/917/1
f 979/948/1 950/919/1 949/918/1
f 980/949/1 951/920/1 950/919/1
f 981/950/1 952/921/1 951/920/1
f 982/951/1 953/922/1 952/921/1
f 983/952/1 954/923/1 953/922/1
f 984/953/1 955/924/1 954/923/1
f 985/954/1 956/925/1 955/924/1
f 986/955/1 957/926/1 956/925/1
f 987/956/1 958/927/1 957/926/1
f 988/957/1 959/928/1 958/927/1
f 989/958/1 960/929/1 959/928/1
f 990/959/1 961/930/1 960/929/1
f 991/960/1 962/961/1 961/930/1
f 962/961/1 993/962/1 963/932/1
f 963/932/1 994/61/1 964/59/1
f 64/963/1 965/934/1 63/933/1
f 995/964/1 966/935/1 965/934/1
f 996/965/1 967/936/1 966/935/1
f 997/966/1 968/937/1 967/936/1
f 998/967/1 969/938/1 968/937/1
f 999/968/1 970/939/1 969/938/1
f 1000/969/1 971/940/1 970/939/1
f 1001/970/1 972/941/1 971/940/1
f 1002/971/1 973/942/1 972/941/1
f 1003/972/1 974/943/1 973/942/1
f 1004/973/1 975/944/1 974/943/1
f 1005/974/1 976/945/1 975/944/1
f 1006/975/1 977/946/1 976/945/1
f 1007/976/1 978/947/1 977/946/1
f 1008/977/1 979/948/1 978/947/1
f 1009/978/1 980/949/1 979/948/1
f 1010/979/1 981/950/1 980/949/1
f 1011/980/1 982/951/1 981/950/1
f 1012/981/1 983/952/1 982/951/1
f 1013/982/1 984/953/1 983/952/1
f 1014/983/1 985/954/1 984/953/1
f 1015/984/1 986/955/1 985/954/1
f 1016/985/1 987/956/1 986/955/1
f 1017/986/1 988/957/1 987/956/1
f 1018/987/1 989/958/1 988/957/1
f 1019/988/1 990/959/1 989/958/1
f 1020/989/1 991/960/1 990/959/1
f 1021/990/1 992/991/1 991/960/1
f 1022/992/1 993/962/1 992/991/1
f 993/962/1 1024/3/1 994/61/1
f 2/993/1 995/964/1 64/963/1
f 65/994/1 996/965/1 995/964/1
f 66/995/1 997/966/1 996/965/1
f 67/996/1 998/967/1 997/966/1
f 68/997/1 999/968/1 998/967/1
f 69/998/1 1000/969/1 999/968/1
f 70/999/1 1001/970/1 1000/969/1
f 71/1000/1 1002/971/1 1001/970/1
f 72/1001/1 1003/972/1 1002/971/1
f 73/1002/1 1004/973/1 1003/972/1
f 74/1003/1 1005/974/1 1004/973/1
f 75/1004/1 1006/975/1 1005/974/1
f 76/1005/1 1007/976/1 1006/975/1
f 77/1006/1 1008/977/1 1007/976/1
f 78/1007/1 1009/978/1 1008/977/1
f 79/1008/1 1010/979/1 1009/978/1
f 80/1009/1 1011/980/1 1010/979/1
f 81/1010/1 1012/981/1 1011/980/1
f 82/1011/1 1013/982/1 1012/981/1
f 83/1012/1 1014/983/1 1013/982/1
f 84/1013/1 1015/984/1 1014/983/1
f 85/1014/1 1016/985/1 1015/984/1
f 86/1015/1 1017/986/1 1016/985/1
f 87/1016/1 1018/987/1 1017/986/1
f 88/1017/1 1019/988/1 1018/987/1
f 89/1018/1 1020/989/1 1019/988/1
f 90/1019/1 1021/990/1 1020/989/1
f 91/1020/1 1022/992/1 1021/990/1
f 92/1021/1 1023/1022/1 1022/992/1
f 93/1023/1 1024/3/1 1023/1022/1
f 94/1/1 4/1024/1 95/2/1
f 154/4/1 124/8/1 3/5/1
f 154/4/1 184/9/1 123/7/1
f 184/9/1 214/12/1 122/10/1
f 244/11/1 121/14/1 122/10/1
f 274/13/1 120/16/1 121/14/1
f 304/15/1 119/18/1 120/16/1
f 334/17/1 118/20/1 119/18/1
f 364/19/1 117/22/1 118/20/1
f 364/19/1 394/23/1 116/21/1
f 394/23/1 424/26/1 115/24/1
f 454/25/1 114/28/1 115/24/1
f 454/25/1 484/30/1 113/27/1
f 514/29/1 112/32/1 113/27/1
f 544/31/1 111/34/1 112/32/1
f 544/31/1 574/35/1 110/33/1
f 574/35/1 604/38/1 109/36/1
f 634/37/1 108/40/1 109/36/1
f 634/37/1 664/42/1 107/39/1
f 694/41/1 106/44/1 107/39/1
f 694/41/1 724/46/1 105/43/1
f 754/45/1 104/48/1 105/43/1
f 784/47/1 103/50/1 104/48/1
f 814/49/1 102/52/1 103/50/1
f 844/51/1 101/54/1 102/52/1
f 874/53/1 100/56/1 101/54/1
f 904/55/1 99/58/1 100/56/1
f 934/57/1 98/60/1 99/58/1
f 964/59/1 97/62/1 98/60/1
f 994/61/1 96/63/1 97/62/1
f 1024/3/1 95/2/1 96/63/1
f 35/64/1 125/67/1 34/65/1
f 125/67/1 126/69/1 33/68/1
f 126/69/1 127/71/1 32/70/1
f 127/71/1 128/73/1 31/72/1
f 128/73/1 129/75/1 30/74/1
f 129/75/1 130/77/1 29/76/1
f 130/77/1 131/79/1 28/78/1
f 131/79/1 132/81/1 27/80/1
f 132/81/1 133/83/1 26/82/1
f 133/83/1 134/85/1 25/84/1
f 134/85/1 135/87/1 24/86/1
f 135/87/1 136/89/1 23/88/1
f 136/89/1 137/91/1 22/90/1
f 137/91/1 138/93/1 21/92/1
f 138/93/1 139/95/1 20/94/1
f 139/95/1 140/97/1 19/96/1
f 140/97/1 141/99/1 18/98/1
f 141/99/1 142/101/1 17/100/1
f 142/101/1 143/103/1 16/102/1
f 143/103/1 144/105/1 15/104/1
f 144/105/1 145/107/1 14/106/1
f 145/107/1 146/109/1 13/108/1
f 146/109/1 147/111/1 12/110/1
f 147/111/1 148/113/1 11/112/1
f 148/113/1 149/115/1 10/114/1
f 149/115/1 150/117/1 9/116/1
f 150/117/1 151/119/1 8/118/1
f 151/119/1 152/121/1 7/120/1
f 152/121/1 153/123/1 6/122/1
f 153/123/1 154/4/1 5/6/1
f 36/124/1 155/125/1 125/67/1
f 155/125/1 156/126/1 126/69/1
f 156/126/1 157/127/1 127/71/1
f 157/127/1 158/128/1 128/73/1
f 158/128/1 159/129/1 129/75/1
f 159/129/1 160/130/1 130/77/1
f 160/130/1 161/131/1 131/79/1
f 161/131/1 162/132/1 132/81/1
f 162/132/1 163/133/1 133/83/1
f 163/133/1 164/134/1 134/85/1
f 164/134/1 165/135/1 135/87/1
f 165/135/1 166/136/1 136/89/1
f 166/136/1 167/137/1 137/91/1
f 167/137/1 168/138/1 138/93/1
f 168/138/1 169/139/1 139/95/1
f 169/139/1 170/140/1 140/97/1
f 170/140/1 171/141/1 141/99/1
f 171/141/1 172/142/1 142/101/1
f 172/142/1 173/143/1 143/103/1
f 173/143/1 174/144/1 144/105/1
f 174/144/1 175/145/1 145/107/1
f 175/145/1 176/146/1 146/109/1
f 176/146/1 177/147/1 147/111/1
f 177/147/1 178/148/1 148/113/1
f 178/148/1 179/149/1 149/115/1
f 179/149/1 180/150/1 150/117/1
f 180/150/1 181/151/1 151/119/1
f 181/151/1 182/152/1 152/121/1
f 182/152/1 183/153/1 153/123/1
f 183/153/1 184/9/1 154/4/1
f 37/154/1 185/155/1 155/125/1
f 185/155/1 186/156/1 156/126/1
f 186/156/1 187/157/1 157/127/1
f 187/157/1 188/158/1 158/128/1
f 188/158/1 189/159/1 159/129/1
f 189/159/1 190/160/1 160/130/1
f 190/160/1 191/161/1 161/131/1
f 191/161/1 192/162/1 162/132/1
f 192/162/1 193/163/1 163/133/1
f 193/163/1 194/164/1 164/134/1
f 194/164/1 195/165/1 165/135/1
f 195/165/1 196/166/1 166/136/1
f 196/166/1 197/167/1 167/137/1
f 197/167/1 198/168/1 168/138/1
f 198/168/1 199/169/1 169/139/1
f 199/169/1 200/170/1 170/140/1
f 200/170/1 201/171/1 171/141/1
f 201/171/1 202/172/1 172/142/1
f 202/172/1 203/173/1 173/143/1
f 203/173/1 204/174/1 174/144/1
f 204/174/1 205/175/1 175/145/1
f 205/175/1 206/176/1 176/146/1
f 206/176/1 207/177/1 177/147/1
f 207/177/1 208/178/1 178/148/1
f 208/178/1 209/179/1 179/149/1
f 209/179/1 210/180/1 180/150/1
f 210/180/1 211/181/1 181/151/1
f 211/181/1 212/211/1 182/152/1
f 182/152/1 212/211/1 213/182/1
f 183/153/1 213/182/1 214/12/1
f 38/183/1 215/184/1 185/155/1
f 215/184/1 216/185/1 186/156/1
f 216/185/1 217/186/1 187/157/1
f 217/186/1 218/187/1 188/158/1
f 218/187/1 219/188/1 189/159/1
f 219/188/1 220/189/1 190/160/1
f 220/189/1 221/190/1 191/161/1
f 221/190/1 222/191/1 192/162/1
f 222/191/1 223/192/1 193/163/1
f 223/192/1 224/193/1 194/164/1
f 224/193/1 225/194/1 195/165/1
f 225/194/1 226/195/1 196/166/1
f 226/195/1 227/196/1 197/167/1
f 227/196/1 228/197/1 198/168/1
f 228/197/1 229/198/1 199/169/1
f 229/198/1 230/199/1 200/170/1
f 230/199/1 231/200/1 201/171/1
f 231/200/1 232/201/1 202/172/1
f 232/201/1 233/202/1 203/173/1
f 233/202/1 234/203/1 204/174/1
f 234/203/1 235/204/1 205/175/1
f 235/204/1 236/205/1 206/176/1
f 236/205/1 237/206/1 207/177/1
f 237/206/1 238/207/1 208/178/1
f 238/207/1 239/208/1 209/179/1
f 239/208/1 240/209/1 210/180/1
f 240/209/1 241/210/1 211/181/1
f 241/210/1 242/241/1 212/211/1
f 212/211/1 242/241/1 243/212/1
f 213/182/1 243/212/1 244/11/1
f 39/213/1 245/214/1 215/184/1
f 245/214/1 246/215/1 216/185/1
f 246/215/1 247/216/1 217/186/1
f 247/216/1 248/217/1 218/187/1
f 248/217/1 249/218/1 219/188/1
f 249/218/1 250/219/1 220/189/1
f 250/219/1 251/220/1 221/190/1
f 251/220/1 252/221/1 222/191/1
f 252/221/1 253/222/1 223/192/1
f 253/222/1 254/223/1 224/193/1
f 254/223/1 255/224/1 225/194/1
f 255/224/1 256/225/1 226/195/1
f 256/225/1 257/226/1 227/196/1
f 257/226/1 258/227/1 228/197/1
f 258/227/1 259/228/1 229/198/1
f 259/228/1 260/229/1 230/199/1
f 260/229/1 261/230/1 231/200/1
f 261/230/1 262/231/1 232/201/1
f 262/231/1 263/232/1 233/202/1
f 263/232/1 264/233/1 234/203/1
f 264/233/1 265/234/1 235/204/1
f 265/234/1 266/235/1 236/205/1
f 266/235/1 267/236/1 237/206/1
f 267/236/1 268/237/1 238/207/1
f 268/237/1 269/238/1 239/208/1
f 269/238/1 270/239/1 240/209/1
f 270/239/1 271/240/1 241/210/1
f 271/240/1 272/270/1 242/241/1
f 242/241/1 272/270/1 273/242/1
f 243/212/1 273/242/1 274/13/1
f 40/243/1 275/244/1 245/214/1
f 275/244/1 276/245/1 246/215/1
f 276/245/1 277/246/1 247/216/1
f 277/246/1 278/247/1 248/217/1
f 278/247/1 279/248/1 249/218/1
f 279/248/1 280/249/1 250/219/1
f 280/249/1 281/250/1 251/220/1
f 281/250/1 282/251/1 252/221/1
f 282/251/1 283/252/1 253/222/1
f 283/252/1 284/253/1 254/223/1
f 284/253/1 285/254/1 255/224/1
f 285/254/1 286/255/1 256/225/1
f 286/255/1 287/256/1 257/226/1
f 287/256/1 288/257/1 258/227/1
f 288/257/1 289/258/1 259/228/1
f 289/258/1 290/259/1 260/229/1
f 290/259/1 291/260/1 261/230/1
f 291/260/1 292/261/1 262/231/1
f 292/261/1 293/262/1 263/232/1
f 293/262/1 294/263/1 264/233/1
f 294/263/1 295/264/1 265/234/1
f 295/264/1 296/265/1 266/235/1
f 296/265/1 297/266/1 267/236/1
f 297/266/1 298/296/1 268/237/1
f 268/237/1 298/296/1 299/267/1
f 269/238/1 299/267/1 300/268/1
f 300/268/1 301/269/1 271/240/1
f 301/269/1 302/300/1 272/270/1
f 272/270/1 302/300/1 303/271/1
f 273/242/1 303/271/1 304/15/1
f 41/272/1 305/273/1 275/244/1
f 305/273/1 306/274/1 276/245/1
f 306/274/1 307/275/1 277/246/1
f 307/275/1 308/276/1 278/247/1
f 308/276/1 309/277/1 279/248/1
f 309/277/1 310/278/1 280/249/1
f 310/278/1 311/279/1 281/250/1
f 311/279/1 312/280/1 282/251/1
f 312/280/1 313/281/1 283/252/1
f 313/281/1 314/282/1 284/253/1
f 314/282/1 315/283/1 285/254/1
f 315/283/1 316/284/1 286/255/1
f 316/284/1 317/285/1 287/256/1
f 317/285/1 318/286/1 288/257/1
f 318/286/1 319/287/1 289/258/1
f 319/287/1 320/288/1 290/259/1
f 320/288/1 321/289/1 291/260/1
f 321/289/1 322/290/1 292/261/1
f 322/290/1 323/291/1 293/262/1
f 323/291/1 324/292/1 294/263/1
f 324/292/1 325/293/1 295/264/1
f 325/293/1 326/294/1 296/265/1
f 326/294/1 327/295/1 297/266/1
f 327/295/1 328/326/1 298/296/1
f 298/296/1 328/326/1 329/297/1
f 299/267/1 329/297/1 330/298/1
f 330/298/1 331/299/1 301/269/1
f 331/299/1 332/330/1 302/300/1
f 302/300/1 332/330/1 333/301/1
f 303/271/1 333/301/1 334/17/1
f 42/302/1 335/303/1 305/273/1
f 335/303/1 336/304/1 306/274/1
f 336/304/1 337/305/1 307/275/1
f 337/305/1 338/306/1 308/276/1
f 338/306/1 339/307/1 309/277/1
f 339/307/1 340/308/1 310/278/1
f 340/308/1 341/309/1 311/279/1
f 341/309/1 342/310/1 312/280/1
f 342/310/1 343/311/1 313/281/1
f 343/311/1 344/312/1 314/282/1
f 344/312/1 345/313/1 315/283/1
f 345/313/1 346/314/1 316/284/1
f 346/314/1 347/315/1 317/285/1
f 347/315/1 348/316/1 318/286/1
f 348/316/1 349/317/1 319/287/1
f 349/317/1 350/318/1 320/288/1
f 350/318/1 351/319/1 321/289/1
f 351/319/1 352/320/1 322/290/1
f 352/320/1 353/321/1 323/291/1
f 353/321/1 354/322/1 324/292/1
f 354/322/1 355/323/1 325/293/1
f 355/323/1 356/324/1 326/294/1
f 356/324/1 357/325/1 327/295/1
f 357/325/1 358/356/1 328/326/1
f 328/326/1 358/356/1 359/327/1
f 329/297/1 359/327/1 360/328/1
f 360/328/1 361/329/1 331/299/1
f 361/329/1 362/361/1 332/330/1
f 332/330/1 362/361/1 363/331/1
f 333/301/1 363/331/1 364/19/1
f 43/332/1 365/333/1 335/303/1
f 365/333/1 366/334/1 336/304/1
f 366/334/1 367/335/1 337/305/1
f 367/335/1 368/336/1 338/306/1
f 368/336/1 369/337/1 339/307/1
f 369/337/1 370/338/1 340/308/1
f 370/338/1 371/339/1 341/309/1
f 371/339/1 372/340/1 342/310/1
f 372/340/1 373/341/1 343/311/1
f 373/341/1 374/342/1 344/312/1
f 374/342/1 375/343/1 345/313/1
f 375/343/1 376/344/1 346/314/1
f 376/344/1 377/345/1 347/315/1
f 377/345/1 378/346/1 348/316/1
f 378/346/1 379/347/1 349/317/1
f 379/347/1 380/348/1 350/318/1
f 380/348/1 381/349/1 351/319/1
f 381/349/1 382/350/1 352/320/1
f 382/350/1 383/351/1 353/321/1
f 383/351/1 384/352/1 354/322/1
f 384/352/1 385/353/1 355/323/1
f 385/353/1 386/384/1 356/324/1
f 356/324/1 386/384/1 387/354/1
f 357/325/1 387/354/1 388/355/1
f 358/356/1 388/355/1 389/357/1
f 359/327/1 389/357/1 390/358/1
f 360/328/1 390/358/1 391/359/1
f 361/329/1 391/359/1 392/360/1
f 392/360/1 393/392/1 363/331/1
f 363/331/1 393/392/1 394/23/1
f 44/362/1 395/363/1 365/333/1
f 395/363/1 396/364/1 366/334/1
f 396/364/1 397/365/1 367/335/1
f 397/365/1 398/366/1 368/336/1
f 398/366/1 399/367/1 369/337/1
f 399/367/1 400/368/1 370/338/1
f 400/368/1 401/369/1 371/339/1
f 401/369/1 402/370/1 372/340/1
f 402/370/1 403/371/1 373/341/1
f 403/371/1 404/372/1 374/342/1
f 404/372/1 405/373/1 375/343/1
f 405/373/1 406/374/1 376/344/1
f 406/374/1 407/375/1 377/345/1
f 407/375/1 408/376/1 378/346/1
f 408/376/1 409/377/1 379/347/1
f 409/377/1 410/378/1 380/348/1
f 410/378/1 411/379/1 381/349/1
f 411/379/1 412/380/1 382/350/1
f 412/380/1 413/381/1 383/351/1
f 413/381/1 414/410/1 384/352/1
f 384/352/1 414/410/1 415/382/1
f 385/353/1 415/382/1 416/383/1
f 386/384/1 416/383/1 417/385/1
f 387/354/1 417/385/1 418/386/1
f 388/355/1 418/386/1 419/387/1
f 389/357/1 419/387/1 420/388/1
f 390/358/1 420/388/1 421/389/1
f 391/359/1 421/389/1 422/390/1
f 392/360/1 422/390/1 423/391/1
f 423/391/1 424/26/1 394/23/1
f 45/393/1 425/394/1 395/363/1
f 425/394/1 426/395/1 396/364/1
f 426/395/1 427/396/1 397/365/1
f 427/396/1 428/397/1 398/366/1
f 428/397/1 429/398/1 399/367/1
f 429/398/1 430/399/1 400/368/1
f 430/399/1 431/400/1 401/369/1
f 431/400/1 432/425/1 402/370/1
f 402/370/1 432/425/1 433/401/1
f 433/401/1 434/402/1 404/372/1
f 434/402/1 435/403/1 405/373/1
f 435/403/1 436/429/1 406/374/1
f 406/374/1 436/429/1 437/404/1
f 437/404/1 438/405/1 408/376/1
f 438/405/1 439/406/1 409/377/1
f 439/406/1 440/407/1 410/378/1
f 440/407/1 441/434/1 411/379/1
f 411/379/1 441/434/1 442/408/1
f 442/408/1 443/409/1 413/381/1
f 443/409/1 444/438/1 414/410/1
f 414/410/1 444/438/1 445/411/1
f 415/382/1 445/411/1 446/412/1
f 446/412/1 447/413/1 417/385/1
f 447/413/1 448/442/1 418/386/1
f 418/386/1 448/442/1 449/414/1
f 419/387/1 449/414/1 450/415/1
f 450/415/1 451/416/1 421/389/1
f 451/416/1 452/446/1 422/390/1
f 422/390/1 452/446/1 453/417/1
f 423/391/1 453/417/1 454/25/1
f 46/418/1 455/419/1 425/394/1
f 455/419/1 456/420/1 426/395/1
f 456/420/1 457/421/1 427/396/1
f 457/421/1 458/422/1 428/397/1
f 458/422/1 459/453/1 429/398/1
f 429/398/1 459/453/1 460/423/1
f 430/399/1 460/423/1 461/424/1
f 461/424/1 462/426/1 432/425/1
f 462/426/1 463/458/1 433/401/1
f 433/401/1 463/458/1 464/427/1
f 464/427/1 465/428/1 435/403/1
f 465/428/1 466/430/1 436/429/1
f 466/430/1 467/431/1 437/404/1
f 467/431/1 468/463/1 438/405/1
f 438/405/1 468/463/1 469/432/1
f 469/432/1 470/433/1 440/407/1
f 470/433/1 471/435/1 441/434/1
f 471/435/1 472/436/1 442/408/1
f 472/436/1 473/437/1 443/409/1
f 473/437/1 474/439/1 444/438/1
f 474/439/1 475/470/1 445/411/1
f 445/411/1 475/470/1 476/440/1
f 446/412/1 476/440/1 477/441/1
f 477/441/1 478/443/1 448/442/1
f 478/443/1 479/474/1 449/414/1
f 449/414/1 479/474/1 480/444/1
f 450/415/1 480/444/1 481/445/1
f 481/445/1 482/477/1 452/446/1
f 452/446/1 482/477/1 483/447/1
f 483/447/1 484/30/1 454/25/1
f 47/448/1 485/449/1 455/419/1
f 485/449/1 486/450/1 456/420/1
f 486/450/1 487/451/1 457/421/1
f 487/451/1 488/452/1 458/422/1
f 488/452/1 489/454/1 459/453/1
f 489/454/1 490/455/1 460/423/1
f 490/455/1 491/484/1 461/424/1
f 461/424/1 491/484/1 492/456/1
f 462/426/1 492/456/1 493/457/1
f 493/457/1 494/459/1 464/427/1
f 494/459/1 495/460/1 465/428/1
f 495/460/1 496/461/1 466/430/1
f 496/461/1 497/462/1 467/431/1
f 497/462/1 498/464/1 468/463/1
f 498/464/1 499/465/1 469/432/1
f 499/465/1 500/466/1 470/433/1
f 500/466/1 501/492/1 471/435/1
f 471/435/1 501/492/1 502/467/1
f 502/467/1 503/468/1 473/437/1
f 503/468/1 504/495/1 474/439/1
f 474/439/1 504/495/1 505/469/1
f 505/469/1 506/471/1 476/440/1
f 506/471/1 507/498/1 477/441/1
f 477/441/1 507/498/1 508/472/1
f 478/443/1 508/472/1 509/473/1
f 509/473/1 510/475/1 480/444/1
f 510/475/1 511/502/1 481/445/1
f 481/445/1 511/502/1 512/476/1
f 512/476/1 513/505/1 483/447/1
f 483/447/1 513/505/1 514/29/1
f 48/478/1 515/479/1 485/449/1
f 515/479/1 516/480/1 486/450/1
f 516/480/1 517/481/1 487/451/1
f 517/481/1 518/482/1 488/452/1
f 518/482/1 519/511/1 489/454/1
f 489/454/1 519/511/1 520/483/1
f 520/483/1 521/513/1 491/484/1
f 491/484/1 521/513/1 522/485/1
f 492/456/1 522/485/1 523/486/1
f 493/457/1 523/486/1 524/487/1
f 524/487/1 525/518/1 495/460/1
f 495/460/1 525/518/1 526/488/1
f 496/461/1 526/488/1 527/489/1
f 527/489/1 528/521/1 498/464/1
f 498/464/1 528/521/1 529/490/1
f 529/490/1 530/524/1 500/466/1
f 500/466/1 530/524/1 531/491/1
f 501/492/1 531/491/1 532/493/1
f 532/493/1 533/527/1 503/468/1
f 503/468/1 533/527/1 534/494/1
f 504/495/1 534/494/1 535/496/1
f 535/496/1 536/497/1 506/471/1
f 536/497/1 537/499/1 507/498/1
f 537/499/1 538/531/1 508/472/1
f 508/472/1 538/531/1 539/500/1
f 539/500/1 540/501/1 510/475/1
f 540/501/1 541/503/1 511/502/1
f 541/503/1 542/536/1 512/476/1
f 512/476/1 542/536/1 543/504/1
f 543/504/1 544/31/1 514/29/1
f 48/478/1 49/537/1 545/506/1
f 515/479/1 545/506/1 546/507/1
f 516/480/1 546/507/1 547/508/1
f 517/481/1 547/508/1 548/509/1
f 518/482/1 548/509/1 549/510/1
f 549/510/1 550/512/1 520/483/1
f 550/512/1 551/545/1 521/513/1
f 521/513/1 551/545/1 552/514/1
f 522/485/1 552/514/1 553/515/1
f 523/486/1 553/515/1 554/516/1
f 524/487/1 554/516/1 555/517/1
f 525/518/1 555/517/1 556/519/1
f 526/488/1 556/519/1 557/520/1
f 557/520/1 558/552/1 528/521/1
f 528/521/1 558/552/1 559/522/1
f 529/490/1 559/522/1 560/523/1
f 530/524/1 560/523/1 561/525/1
f 561/525/1 562/556/1 532/493/1
f 532/493/1 562/556/1 563/526/1
f 533/527/1 563/526/1 564/528/1
f 534/494/1 564/528/1 565/529/1
f 565/529/1 566/561/1 536/497/1
f 536/497/1 566/561/1 567/530/1
f 567/530/1 568/532/1 538/531/1
f 568/532/1 569/533/1 539/500/1
f 569/533/1 570/566/1 540/501/1
f 540/501/1 570/566/1 571/534/1
f 541/503/1 571/534/1 572/535/1
f 572/535/1 573/569/1 543/504/1
f 543/504/1 573/569/1 574/35/1
f 49/537/1 50/571/1 575/538/1
f 545/506/1 575/538/1 576/539/1
f 546/507/1 576/539/1 577/540/1
f 547/508/1 577/540/1 578/541/1
f 548/509/1 578/541/1 579/542/1
f 549/510/1 579/542/1 580/543/1
f 550/512/1 580/543/1 581/544/1
f 551/545/1 581/544/1 582/546/1
f 552/514/1 582/546/1 583/547/1
f 553/515/1 583/547/1 584/548/1
f 584/548/1 585/549/1 555/517/1
f 585/549/1 586/550/1 556/519/1
f 586/550/1 587/551/1 557/520/1
f 587/551/1 588/584/1 558/552/1
f 558/552/1 588/584/1 589/553/1
f 559/522/1 589/553/1 590/554/1
f 590/554/1 591/555/1 561/525/1
f 591/555/1 592/557/1 562/556/1
f 592/557/1 593/558/1 563/526/1
f 593/558/1 594/559/1 564/528/1
f 594/559/1 595/560/1 565/529/1
f 595/560/1 596/562/1 566/561/1
f 596/562/1 597/592/1 567/530/1
f 567/530/1 597/592/1 598/563/1
f 568/532/1 598/563/1 599/564/1
f 569/533/1 599/564/1 600/565/1
f 570/566/1 600/565/1 601/567/1
f 571/534/1 601/567/1 602/568/1
f 602/568/1 603/570/1 573/569/1
f 603/570/1 604/38/1 574/35/1
f 50/571/1 51/599/1 605/572/1
f 575/538/1 605/572/1 606/573/1
f 576/539/1 606/573/1 607/574/1
f 607/574/1 608/575/1 578/541/1
f 608/575/1 609/576/1 579/542/1
f 609/576/1 610/577/1 580/543/1
f 610/577/1 611/578/1 581/544/1
f 611/578/1 612/579/1 582/546/1
f 612/579/1 613/580/1 583/547/1
f 613/580/1 614/606/1 584/548/1
f 584/548/1 614/606/1 615/581/1
f 585/549/1 615/581/1 616/582/1
f 586/550/1 616/582/1 617/583/1
f 617/583/1 618/585/1 588/584/1
f 618/585/1 619/586/1 589/553/1
f 619/586/1 620/587/1 590/554/1
f 620/587/1 621/588/1 591/555/1
f 621/588/1 622/613/1 592/557/1
f 592/557/1 622/613/1 623/589/1
f 623/589/1 624/616/1 594/559/1
f 594/559/1 624/616/1 625/590/1
f 625/590/1 626/591/1 596/562/1
f 626/591/1 627/619/1 597/592/1
f 597/592/1 627/619/1 628/593/1
f 598/563/1 628/593/1 629/594/1
f 599/564/1 629/594/1 630/595/1
f 600/565/1 630/595/1 631/596/1
f 631/596/1 632/624/1 602/568/1
f 602/568/1 632/624/1 633/597/1
f 603/570/1 633/597/1 634/37/1
f 52/598/1 635/627/1 605/572/1
f 605/572/1 635/627/1 636/600/1
f 636/600/1 637/630/1 607/574/1
f 607/574/1 637/630/1 638/601/1
f 638/601/1 639/633/1 609/576/1
f 609/576/1 639/633/1 640/602/1
f 610/577/1 640/602/1 641/603/1
f 611/578/1 641/603/1 642/604/1
f 642/604/1 643/638/1 613/580/1
f 613/580/1 643/638/1 644/605/1
f 614/606/1 644/605/1 645/607/1
f 615/581/1 645/607/1 646/608/1
f 646/608/1 647/642/1 617/583/1
f 617/583/1 647/642/1 648/609/1
f 618/585/1 648/609/1 649/610/1
f 619/586/1 649/610/1 650/611/1
f 650/611/1 651/612/1 621/588/1
f 651/612/1 652/648/1 622/613/1
f 622/613/1 652/648/1 653/614/1
f 623/589/1 653/614/1 654/615/1
f 654/615/1 655/617/1 625/590/1
f 655/617/1 656/651/1 626/591/1
f 626/591/1 656/651/1 657/618/1
f 627/619/1 657/618/1 658/620/1
f 628/593/1 658/620/1 659/621/1
f 659/621/1 660/655/1 630/595/1
f 630/595/1 660/655/1 661/622/1
f 631/596/1 661/622/1 662/623/1
f 632/624/1 662/623/1 663/625/1
f 663/625/1 664/42/1 634/37/1
f 53/626/1 665/628/1 635/627/1
f 665/628/1 666/629/1 636/600/1
f 666/629/1 667/631/1 637/630/1
f 667/631/1 668/632/1 638/601/1
f 668/632/1 669/634/1 639/633/1
f 669/634/1 670/635/1 640/602/1
f 670/635/1 671/665/1 641/603/1
f 641/603/1 671/665/1 672/636/1
f 642/604/1 672/636/1 673/637/1
f 673/637/1 674/639/1 644/605/1
f 674/639/1 675/640/1 645/607/1
f 675/640/1 676/641/1 646/608/1
f 676/641/1 677/643/1 647/642/1
f 677/643/1 678/644/1 648/609/1
f 678/644/1 679/645/1 649/610/1
f 679/645/1 680/646/1 650/611/1
f 680/646/1 681/673/1 651/612/1
f 651/612/1 681/673/1 682/647/1
f 682/647/1 683/649/1 653/614/1
f 683/649/1 684/677/1 654/615/1
f 654/615/1 684/677/1 685/650/1
f 685/650/1 686/652/1 656/651/1
f 686/652/1 687/681/1 657/618/1
f 657/618/1 687/681/1 688/653/1
f 658/620/1 688/653/1 689/654/1
f 689/654/1 690/656/1 660/655/1
f 690/656/1 691/685/1 661/622/1
f 661/622/1 691/685/1 692/657/1
f 692/657/1 693/687/1 663/625/1
f 663/625/1 693/687/1 694/41/1
f 54/658/1 695/659/1 665/628/1
f 695/659/1 696/660/1 666/629/1
f 696/660/1 697/661/1 667/631/1
f 697/661/1 698/662/1 668/632/1
f 698/662/1 699/693/1 669/634/1
f 669/634/1 699/693/1 700/663/1
f 670/635/1 700/663/1 701/664/1
f 701/664/1 702/666/1 672/636/1
f 702/666/1 703/697/1 673/637/1
f 673/637/1 703/697/1 704/667/1
f 704/667/1 705/668/1 675/640/1
f 705/668/1 706/669/1 676/641/1
f 706/669/1 707/670/1 677/643/1
f 707/670/1 708/702/1 678/644/1
f 678/644/1 708/702/1 709/671/1
f 709/671/1 710/672/1 680/646/1
f 710/672/1 711/674/1 681/673/1
f 711/674/1 712/675/1 682/647/1
f 712/675/1 713/676/1 683/649/1
f 713/676/1 714/678/1 684/677/1
f 714/678/1 715/709/1 685/650/1
f 685/650/1 715/709/1 716/679/1
f 686/652/1 716/679/1 717/680/1
f 717/680/1 718/682/1 688/653/1
f 718/682/1 719/713/1 689/654/1
f 689/654/1 719/713/1 720/683/1
f 690/656/1 720/683/1 721/684/1
f 721/684/1 722/717/1 692/657/1
f 692/657/1 722/717/1 723/686/1
f 723/686/1 724/46/1 694/41/1
f 55/688/1 725/689/1 695/659/1
f 725/689/1 726/690/1 696/660/1
f 726/690/1 727/691/1 697/661/1
f 727/691/1 728/692/1 698/662/1
f 728/692/1 729/694/1 699/693/1
f 729/694/1 730/695/1 700/663/1
f 730/695/1 731/726/1 701/664/1
f 701/664/1 731/726/1 732/696/1
f 732/696/1 733/698/1 703/697/1
f 733/698/1 734/730/1 704/667/1
f 704/667/1 734/730/1 735/699/1
f 705/668/1 735/699/1 736/700/1
f 736/700/1 737/701/1 707/670/1
f 737/701/1 738/735/1 708/702/1
f 708/702/1 738/735/1 739/703/1
f 739/703/1 740/704/1 710/672/1
f 740/704/1 741/705/1 711/674/1
f 741/705/1 742/706/1 712/675/1
f 742/706/1 743/741/1 713/676/1
f 713/676/1 743/741/1 744/707/1
f 714/678/1 744/707/1 745/708/1
f 715/709/1 745/708/1 746/710/1
f 716/679/1 746/710/1 747/711/1
f 747/711/1 748/746/1 718/682/1
f 718/682/1 748/746/1 749/712/1
f 719/713/1 749/712/1 750/714/1
f 720/683/1 750/714/1 751/715/1
f 721/684/1 751/715/1 752/716/1
f 722/717/1 752/716/1 753/718/1
f 723/686/1 753/718/1 754/45/1
f 56/719/1 755/720/1 725/689/1
f 755/720/1 756/721/1 726/690/1
f 756/721/1 757/722/1 727/691/1
f 757/722/1 758/723/1 728/692/1
f 758/723/1 759/724/1 729/694/1
f 759/724/1 760/725/1 730/695/1
f 760/725/1 761/727/1 731/726/1
f 761/727/1 762/728/1 732/696/1
f 762/728/1 763/729/1 733/698/1
f 763/729/1 764/731/1 734/730/1
f 764/731/1 765/732/1 735/699/1
f 765/732/1 766/733/1 736/700/1
f 766/733/1 767/734/1 737/701/1
f 767/734/1 768/736/1 738/735/1
f 768/736/1 769/737/1 739/703/1
f 769/737/1 770/738/1 740/704/1
f 770/738/1 771/739/1 741/705/1
f 771/739/1 772/740/1 742/706/1
f 772/740/1 773/742/1 743/741/1
f 773/742/1 774/771/1 744/707/1
f 744/707/1 774/771/1 775/743/1
f 745/708/1 775/743/1 776/744/1
f 776/744/1 777/745/1 747/711/1
f 777/745/1 778/775/1 748/746/1
f 748/746/1 778/775/1 779/747/1
f 749/712/1 779/747/1 780/748/1
f 780/748/1 781/749/1 751/715/1
f 781/749/1 782/779/1 752/716/1
f 752/716/1 782/779/1 783/750/1
f 753/718/1 783/750/1 784/47/1
f 57/751/1 785/752/1 755/720/1
f 785/752/1 786/753/1 756/721/1
f 786/753/1 787/754/1 757/722/1
f 787/754/1 788/755/1 758/723/1
f 788/755/1 789/756/1 759/724/1
f 789/756/1 790/757/1 760/725/1
f 790/757/1 791/758/1 761/727/1
f 791/758/1 792/759/1 762/728/1
f 792/759/1 793/760/1 763/729/1
f 793/760/1 794/761/1 764/731/1
f 794/761/1 795/762/1 765/732/1
f 795/762/1 796/763/1 766/733/1
f 796/763/1 797/764/1 767/734/1
f 797/764/1 798/765/1 768/736/1
f 798/765/1 799/766/1 769/737/1
f 799/766/1 800/767/1 770/738/1
f 800/767/1 801/768/1 771/739/1
f 801/768/1 802/769/1 772/740/1
f 802/769/1 803/770/1 773/742/1
f 803/770/1 804/772/1 774/771/1
f 804/772/1 805/802/1 775/743/1
f 775/743/1 805/802/1 806/773/1
f 806/773/1 807/774/1 777/745/1
f 807/774/1 808/806/1 778/775/1
f 778/775/1 808/806/1 809/776/1
f 779/747/1 809/776/1 810/777/1
f 810/777/1 811/778/1 781/749/1
f 811/778/1 812/810/1 782/779/1
f 782/779/1 812/810/1 813/780/1
f 783/750/1 813/780/1 814/49/1
f 58/781/1 815/782/1 785/752/1
f 815/782/1 816/783/1 786/753/1
f 816/783/1 817/784/1 787/754/1
f 817/784/1 818/785/1 788/755/1
f 818/785/1 819/786/1 789/756/1
f 819/786/1 820/787/1 790/757/1
f 820/787/1 821/788/1 791/758/1
f 821/788/1 822/789/1 792/759/1
f 822/789/1 823/790/1 793/760/1
f 823/790/1 824/791/1 794/761/1
f 824/791/1 825/792/1 795/762/1
f 825/792/1 826/793/1 796/763/1
f 826/793/1 827/794/1 797/764/1
f 827/794/1 828/795/1 798/765/1
f 828/795/1 829/796/1 799/766/1
f 829/796/1 830/797/1 800/767/1
f 830/797/1 831/798/1 801/768/1
f 831/798/1 832/799/1 802/769/1
f 832/799/1 833/800/1 803/770/1
f 833/800/1 834/801/1 804/772/1
f 834/801/1 835/803/1 805/802/1
f 835/803/1 836/804/1 806/773/1
f 836/804/1 837/805/1 807/774/1
f 837/805/1 838/836/1 808/806/1
f 808/806/1 838/836/1 839/807/1
f 809/776/1 839/807/1 840/808/1
f 840/808/1 841/809/1 811/778/1
f 841/809/1 842/840/1 812/810/1
f 812/810/1 842/840/1 843/811/1
f 813/780/1 843/811/1 844/51/1
f 59/812/1 845/813/1 815/782/1
f 845/813/1 846/814/1 816/783/1
f 846/814/1 847/815/1 817/784/1
f 847/815/1 848/816/1 818/785/1
f 848/816/1 849/817/1 819/786/1
f 849/817/1 850/818/1 820/787/1
f 850/818/1 851/819/1 821/788/1
f 851/819/1 852/820/1 822/789/1
f 852/820/1 853/821/1 823/790/1
f 853/821/1 854/822/1 824/791/1
f 854/822/1 855/823/1 825/792/1
f 855/823/1 856/824/1 826/793/1
f 856/824/1 857/825/1 827/794/1
f 857/825/1 858/826/1 828/795/1
f 858/826/1 859/827/1 829/796/1
f 859/827/1 860/828/1 830/797/1
f 860/828/1 861/829/1 831/798/1
f 861/829/1 862/830/1 832/799/1
f 862/830/1 863/831/1 833/800/1
f 863/831/1 864/832/1 834/801/1
f 864/832/1 865/833/1 835/803/1
f 865/833/1 866/834/1 836/804/1
f 866/834/1 867/835/1 837/805/1
f 867/835/1 868/866/1 838/836/1
f 838/836/1 868/866/1 869/837/1
f 839/807/1 869/837/1 870/838/1
f 870/838/1 871/839/1 841/809/1
f 871/839/1 872/870/1 842/840/1
f 842/840/1 872/870/1 873/841/1
f 843/811/1 873/841/1 874/53/1
f 60/842/1 875/843/1 845/813/1
f 875/843/1 876/844/1 846/814/1
f 876/844/1 877/845/1 847/815/1
f 877/845/1 878/846/1 848/816/1
f 878/846/1 879/847/1 849/817/1
f 879/847/1 880/848/1 850/818/1
f 880/848/1 881/849/1 851/819/1
f 881/849/1 882/850/1 852/820/1
f 882/850/1 883/851/1 853/821/1
f 883/851/1 884/852/1 854/822/1
f 884/852/1 885/853/1 855/823/1
f 885/853/1 886/854/1 856/824/1
f 886/854/1 887/855/1 857/825/1
f 887/855/1 888/856/1 858/826/1
f 888/856/1 889/857/1 859/827/1
f 889/857/1 890/858/1 860/828/1
f 890/858/1 891/859/1 861/829/1
f 891/859/1 892/860/1 862/830/1
f 892/860/1 893/861/1 863/831/1
f 893/861/1 894/862/1 864/832/1
f 894/862/1 895/863/1 865/833/1
f 895/863/1 896/864/1 866/834/1
f 896/864/1 897/865/1 867/835/1
f 897/865/1 898/896/1 868/866/1
f 868/866/1 898/896/1 899/867/1
f 869/837/1 899/867/1 900/868/1
f 900/868/1 901/869/1 871/839/1
f 901/869/1 902/901/1 872/870/1
f 872/870/1 902/901/1 903/871/1
f 873/841/1 903/871/1 904/55/1
f 61/872/1 905/873/1 875/843/1
f 905/873/1 906/874/1 876/844/1
f 906/874/1 907/875/1 877/845/1
f 907/875/1 908/876/1 878/846/1
f 908/876/1 909/877/1 879/847/1
f 909/877/1 910/878/1 880/848/1
f 910/878/1 911/879/1 881/849/1
f 911/879/1 912/880/1 882/850/1
f 912/880/1 913/881/1 883/851/1
f 913/881/1 914/882/1 884/852/1
f 914/882/1 915/883/1 885/853/1
f 915/883/1 916/884/1 886/854/1
f 916/884/1 917/885/1 887/855/1
f 917/885/1 918/886/1 888/856/1
f 918/886/1 919/887/1 889/857/1
f 919/887/1 920/888/1 890/858/1
f 920/888/1 921/889/1 891/859/1
f 921/889/1 922/890/1 892/860/1
f 922/890/1 923/891/1 893/861/1
f 923/891/1 924/892/1 894/862/1
f 924/892/1 925/893/1 895/863/1
f 925/893/1 926/894/1 896/864/1
f 926/894/1 927/895/1 897/865/1
f 927/895/1 928/897/1 898/896/1
f 928/897/1 929/898/1 899/867/1
f 929/898/1 930/899/1 900/868/1
f 930/899/1 931/900/1 901/869/1
f 931/900/1 932/931/1 902/901/1
f 902/901/1 932/931/1 933/902/1
f 903/871/1 933/902/1 934/57/1
f 62/903/1 935/904/1 905/873/1
f 935/904/1 936/905/1 906/874/1
f 936/905/1 937/906/1 907/875/1
f 937/906/1 938/907/1 908/876/1
f 938/907/1 939/908/1 909/877/1
f 939/908/1 940/909/1 910/878/1
f 940/909/1 941/910/1 911/879/1
f 941/910/1 942/911/1 912/880/1
f 942/911/1 943/912/1 913/881/1
f 943/912/1 944/913/1 914/882/1
f 944/913/1 945/914/1 915/883/1
f 945/914/1 946/915/1 916/884/1
f 946/915/1 947/916/1 917/885/1
f 947/916/1 948/917/1 918/886/1
f 948/917/1 949/918/1 919/887/1
f 949/918/1 950/919/1 920/888/1
f 950/919/1 951/920/1 921/889/1
f 951/920/1 952/921/1 922/890/1
f 952/921/1 953/922/1 923/891/1
f 953/922/1 954/923/1 924/892/1
f 954/923/1 955/924/1 925/893/1
f 955/924/1 956/925/1 926/894/1
f 956/925/1 957/926/1 927/895/1
f 957/926/1 958/927/1 928/897/1
f 958/927/1 959/928/1 929/898/1
f 959/928/1 960/929/1 930/899/1
f 960/929/1 961/930/1 931/900/1
f 961/930/1 962/961/1 932/931/1
f 932/931/1 962/961/1 963/932/1
f 933/902/1 963/932/1 964/59/1
f 63/933/1 965/934/1 935/904/1
f 965/934/1 966/935/1 936/905/1
f 966/935/1 967/936/1 937/906/1
f 967/936/1 968/937/1 938/907/1
f 968/937/1 969/938/1 939/908/1
f 969/938/1 970/939/1 940/909/1
f 970/939/1 971/940/1 941/910/1
f 971/940/1 972/941/1 942/911/1
f 972/941/1 973/942/1 943/912/1
f 973/942/1 974/943/1 944/913/1
f 974/943/1 975/944/1 945/914/1
f 975/944/1 976/945/1 946/915/1
f 976/945/1 977/946/1 947/916/1
f 977/946/1 978/947/1 948/917/1
f 978/947/1 979/948/1 949/918/1
f 979/948/1 980/949/1 950/919/1
f 980/949/1 981/950/1 951/920/1
f 981/950/1 982/951/1 952/921/1
f 982/951/1 983/952/1 953/922/1
f 983/952/1 984/953/1 954/923/1
f 984/953/1 985/954/1 955/924/1
f 985/954/1 986/955/1 956/925/1
f 986/955/1 987/956/1 957/926/1
f 987/956/1 988/957/1 958/927/1
f 988/957/1 989/958/1 959/928/1
f 989/958/1 990/959/1 960/929/1
f 990/959/1 991/960/1 961/930/1
f 991/960/1 992/991/1 962/961/1
f 962/961/1 992/991/1 993/962/1
f 963/932/1 993/962/1 994/61/1
f 64/963/1 995/964/1 965/934/1
f 995/964/1 996/965/1 966/935/1
f 996/965/1 997/966/1 967/936/1
f 997/966/1 998/967/1 968/937/1
f 998/967/1 999/968/1 969/938/1
f 999/968/1 1000/969/1 970/939/1
f 1000/969/1 1001/970/1 971/940/1
f 1001/970/1 1002/971/1 972/941/1
f 1002/971/1 1003/972/1 973/942/1
f 1003/972/1 1004/973/1 974/943/1
f 1004/973/1 1005/974/1 975/944/1
f 1005/974/1 1006/975/1 976/945/1
f 1006/975/1 1007/976/1 977/946/1
f 1007/976/1 1008/977/1 978/947/1
f 1008/977/1 1009/978/1 979/948/1
f 1009/978/1 1010/979/1 980/949/1
f 1010/979/1 1011/980/1 981/950/1
f 1011/980/1 1012/981/1 982/951/1
f 1012/981/1 1013/982/1 983/952/1
f 1013/982/1 1014/983/1 984/953/1
f 1014/983/1 1015/984/1 985/954/1
f 1015/984/1 1016/985/1 986/955/1
f 1016/985/1 1017/986/1 987/956/1
f 1017/986/1 1018/987/1 988/957/1
f 1018/987/1 1019/988/1 989/958/1
f 1019/988/1 1020/989/1 990/959/1
f 1020/989/1 1021/990/1 991/960/1
f 1021/990/1 1022/992/1 992/991/1
f 1022/992/1 1023/1022/1 993/962/1
f 993/962/1 1023/1022/1 1024/3/1
f 2/993/1 65/994/1 995/964/1
f 65/994/1 66/995/1 996/965/1
f 66/995/1 67/996/1 997/966/1
f 67/996/1 68/997/1 998/967/1
f 68/997/1 69/998/1 999/968/1
f 69/998/1 70/999/1 1000/969/1
f 70/999/1 71/1000/1 1001/970/1
f 71/1000/1 72/1001/1 1002/971/1
f 72/1001/1 73/1002/1 1003/972/1
f 73/1002/1 74/1003/1 1004/973/1
f 74/1003/1 75/1004/1 1005/974/1
f 75/1004/1 76/1005/1 1006/975/1
f 76/1005/1 77/1006/1 1007/976/1
f 77/1006/1 78/1007/1 1008/977/1
f 78/1007/1 79/1008/1 1009/978/1
f 79/1008/1 80/1009/1 1010/979/1
f 80/1009/1 81/1010/1 1011/980/1
f 81/1010/1 82/1011/1 1012/981/1
f 82/1011/1 83/1012/1 1013/982/1
f 83/1012/1 84/1013/1 1014/983/1
f 84/1013/1 85/1014/1 1015/984/1
f 85/1014/1 86/1015/1 1016/985/1
f 86/1015/1 87/1016/1 1017/986/1
f 87/1016/1 88/1017/1 1018/987/1
f 88/1017/1 89/1018/1 1019/988/1
f 89/1018/1 90/1019/1 1020/989/1
f 90/1019/1 91/1020/1 1021/990/1
f 91/1020/1 92/1021/1 1022/992/1
f 92/1021/1 93/1023/1 1023/1022/1
f 93/1023/1 94/1/1 1024/3/1
