# Blender 4.4.1
# www.blender.org
mtllib tambor-amarelo.mtl
o tambor_amarelho
v 5.781463 0.002339 -1.701514
v 5.826444 0.002339 -1.870512
v 5.837701 0.019308 -1.868748
v 5.792107 0.019308 -1.697448
v 5.835307 0.002339 -2.045169
v 5.846684 0.019308 -2.045784
v 5.807662 0.002339 -2.217852
v 5.818663 0.019308 -2.220819
v 5.744719 0.002339 -2.381013
v 5.754862 0.019308 -2.386203
v 5.649228 0.002339 -2.527524
v 5.658071 0.019308 -2.534708
v 5.525362 0.002339 -2.650977
v 5.532518 0.019308 -2.659844
v 5.378536 0.002339 -2.745981
v 5.383692 0.019308 -2.756142
v 5.215166 0.002339 -2.808382
v 5.218096 0.019308 -2.819392
v 5.042392 0.002339 -2.835453
v 5.042969 0.019308 -2.846831
v 4.867765 0.002339 -2.826010
v 4.865964 0.019308 -2.837260
v 4.698918 0.002339 -2.780465
v 4.694817 0.019308 -2.791096
v 4.543229 0.002339 -2.700812
v 4.537008 0.019308 -2.710357
v 4.407504 0.002339 -2.590529
v 4.399434 0.019308 -2.598573
v 4.297674 0.002339 -2.454438
v 4.288107 0.019308 -2.460627
v 4.218538 0.002339 -2.298485
v 4.207894 0.019308 -2.302551
v 4.173556 0.002339 -2.129488
v 4.162299 0.019308 -2.131251
v 4.164694 0.002339 -1.954830
v 4.153316 0.019308 -1.954215
v 4.192339 0.002339 -1.782148
v 4.181338 0.019308 -1.779180
v 4.255282 0.002339 -1.618986
v 4.245138 0.019308 -1.613796
v 4.350773 0.002339 -1.472476
v 4.341930 0.019308 -1.465292
v 4.474638 0.002339 -1.349022
v 4.467483 0.019308 -1.340155
v 4.621465 0.002339 -1.254019
v 4.616309 0.019308 -1.243858
v 4.784835 0.002340 -1.191618
v 4.781904 0.019309 -1.180609
v 4.957609 0.002340 -1.164548
v 4.957031 0.019309 -1.153169
v 5.132235 0.002340 -1.173991
v 5.134036 0.019309 -1.162740
v 5.301082 0.002339 -1.219535
v 5.305183 0.019309 -1.208905
v 5.456771 0.002339 -1.299188
v 5.462992 0.019308 -1.289642
v 5.592496 0.002339 -1.409472
v 5.600566 0.019308 -1.401428
v 5.702326 0.002339 -1.545562
v 5.711893 0.019308 -1.539372
v 5.763613 0.036602 -1.708332
v 5.807567 0.036602 -1.873469
v 5.807567 0.699927 -1.873469
v 5.763613 0.699928 -1.708332
v 5.816227 0.036602 -2.044137
v 5.816227 0.699927 -2.044137
v 5.789214 0.036602 -2.212876
v 5.789214 0.699927 -2.212876
v 5.727708 0.036602 -2.372311
v 5.727708 0.699927 -2.372310
v 5.634398 0.036602 -2.515474
v 5.634398 0.699929 -2.515474
v 5.513362 0.036602 -2.636108
v 5.513362 0.699929 -2.636108
v 5.369890 0.036602 -2.728942
v 5.369890 0.699929 -2.728942
v 5.210251 0.036602 -2.789917
v 5.210251 0.699929 -2.789917
v 5.041423 0.036602 -2.816370
v 5.041423 0.699929 -2.816370
v 4.870786 0.036602 -2.807142
v 4.870786 0.699929 -2.807141
v 4.705795 0.036602 -2.762639
v 4.705795 0.699929 -2.762639
v 4.553663 0.036602 -2.684804
v 4.553663 0.699929 -2.684804
v 4.421037 0.036602 -2.577041
v 4.421037 0.699929 -2.577041
v 4.313715 0.036602 -2.444058
v 4.313715 0.699929 -2.444058
v 4.236388 0.036602 -2.291667
v 4.236388 0.699927 -2.291667
v 4.192433 0.036602 -2.126530
v 4.192433 0.699927 -2.126530
v 4.183773 0.036602 -1.955862
v 4.183773 0.699927 -1.955862
v 4.210787 0.036602 -1.787124
v 4.210787 0.699928 -1.787124
v 4.272292 0.036602 -1.627689
v 4.272292 0.699928 -1.627689
v 4.365602 0.036602 -1.484526
v 4.365602 0.699928 -1.484526
v 4.486638 0.036602 -1.363891
v 4.486638 0.699928 -1.363891
v 4.630111 0.036602 -1.271058
v 4.630111 0.699928 -1.271058
v 4.789749 0.036602 -1.210083
v 4.789749 0.699928 -1.210083
v 4.958577 0.036602 -1.183631
v 4.958577 0.699928 -1.183631
v 5.129215 0.036602 -1.192858
v 5.129215 0.699928 -1.192858
v 5.294205 0.036602 -1.237361
v 5.294205 0.699928 -1.237361
v 5.446337 0.036602 -1.315197
v 5.446337 0.699928 -1.315195
v 5.578963 0.036602 -1.422959
v 5.578963 0.699928 -1.422959
v 5.686284 0.036602 -1.555942
v 5.686284 0.699928 -1.555942
v 5.763613 0.726802 -1.708332
v 5.807567 0.726802 -1.873469
v 5.807567 1.490152 -1.873469
v 5.763613 1.490152 -1.708331
v 5.816227 0.726802 -2.044137
v 5.816227 1.490152 -2.044137
v 5.789214 0.726802 -2.212876
v 5.789214 1.490152 -2.212876
v 5.727708 0.726802 -2.372310
v 5.727708 1.490152 -2.372310
v 5.634398 0.726802 -2.515475
v 5.634398 1.490152 -2.515475
v 5.513362 0.726802 -2.636108
v 5.513362 1.490151 -2.636108
v 5.369890 0.726802 -2.728942
v 5.369890 1.490151 -2.728941
v 5.210251 0.726802 -2.789917
v 5.210251 1.490151 -2.789917
v 5.041423 0.726802 -2.816370
v 5.041423 1.490151 -2.816370
v 4.870786 0.726802 -2.807142
v 4.870786 1.490151 -2.807142
v 4.705795 0.726802 -2.762639
v 4.705795 1.490151 -2.762639
v 4.553663 0.726802 -2.684804
v 4.553663 1.490151 -2.684804
v 4.421037 0.726802 -2.577042
v 4.421037 1.490152 -2.577040
v 4.313715 0.726802 -2.444058
v 4.313715 1.490152 -2.444058
v 4.236388 0.726802 -2.291667
v 4.236388 1.490152 -2.291667
v 4.192433 0.726802 -2.126530
v 4.192433 1.490152 -2.126530
v 4.183773 0.726802 -1.955862
v 4.183773 1.490152 -1.955863
v 4.210787 0.726802 -1.787124
v 4.210787 1.490152 -1.787123
v 4.272292 0.726802 -1.627689
v 4.272292 1.490152 -1.627689
v 4.365602 0.726802 -1.484527
v 4.365602 1.490152 -1.484525
v 4.486638 0.726802 -1.363891
v 4.486638 1.490152 -1.363891
v 4.630111 0.726802 -1.271059
v 4.630111 1.490152 -1.271059
v 4.789749 0.726802 -1.210083
v 4.789749 1.490152 -1.210083
v 4.958577 0.726802 -1.183631
v 4.958577 1.490152 -1.183631
v 5.129215 0.726802 -1.192858
v 5.129215 1.490152 -1.192858
v 5.294205 0.726802 -1.237361
v 5.294205 1.490152 -1.237361
v 5.446337 0.726802 -1.315196
v 5.446337 1.490152 -1.315196
v 5.578963 0.726802 -1.422959
v 5.578963 1.490152 -1.422959
v 5.686284 0.726802 -1.555942
v 5.686284 1.490152 -1.555943
v 5.763613 1.513198 -1.708331
v 5.807567 1.513198 -1.873469
v 5.807567 2.203397 -1.873470
v 5.763613 2.203397 -1.708332
v 5.816227 1.513198 -2.044137
v 5.816227 2.203397 -2.044137
v 5.789214 1.513197 -2.212876
v 5.789214 2.203397 -2.212876
v 5.727708 1.513197 -2.372310
v 5.727708 2.203397 -2.372311
v 5.634398 1.513197 -2.515475
v 5.634398 2.203397 -2.515474
v 5.513362 1.513197 -2.636108
v 5.513362 2.203397 -2.636109
v 5.369890 1.513197 -2.728941
v 5.369890 2.203397 -2.728941
v 5.210251 1.513197 -2.789917
v 5.210251 2.203396 -2.789917
v 5.041423 1.513197 -2.816370
v 5.041423 2.203396 -2.816370
v 4.870786 1.513197 -2.807142
v 4.870786 2.203396 -2.807142
v 4.705795 1.513197 -2.762639
v 4.705795 2.203397 -2.762639
v 4.553663 1.513197 -2.684804
v 4.553663 2.203397 -2.684804
v 4.421037 1.513197 -2.577040
v 4.421037 2.203397 -2.577041
v 4.313715 1.513197 -2.444058
v 4.313715 2.203397 -2.444057
v 4.236388 1.513197 -2.291667
v 4.236388 2.203397 -2.291667
v 4.192433 1.513198 -2.126530
v 4.192433 2.203397 -2.126529
v 4.183773 1.513198 -1.955863
v 4.183773 2.203397 -1.955863
v 4.210787 1.513198 -1.787123
v 4.210787 2.203397 -1.787124
v 4.272292 1.513198 -1.627689
v 4.272292 2.203397 -1.627689
v 4.365602 1.513198 -1.484525
v 4.365602 2.203397 -1.484525
v 4.486638 1.513198 -1.363891
v 4.486638 2.203397 -1.363892
v 4.630111 1.513198 -1.271059
v 4.630111 2.203397 -1.271059
v 4.789749 1.513198 -1.210083
v 4.789749 2.203397 -1.210083
v 4.958577 1.513198 -1.183631
v 4.958577 2.203397 -1.183632
v 5.129215 1.513198 -1.192858
v 5.129215 2.203397 -1.192859
v 5.294205 1.513198 -1.237361
v 5.294205 2.203397 -1.237362
v 5.446337 1.513198 -1.315196
v 5.446337 2.203397 -1.315196
v 5.578963 1.513198 -1.422959
v 5.578963 2.203397 -1.422960
v 5.686284 1.513198 -1.555943
v 5.686284 2.203397 -1.555943
v 5.781463 2.203397 -1.701514
v 5.826444 2.203397 -1.870512
v 5.837701 2.221963 -1.868749
v 5.792107 2.221963 -1.697448
v 5.835307 2.203397 -2.045169
v 5.846684 2.221963 -2.045784
v 5.807662 2.203397 -2.217852
v 5.818663 2.221963 -2.220819
v 5.744719 2.203397 -2.381014
v 5.754862 2.221963 -2.386204
v 5.649228 2.203397 -2.527524
v 5.658071 2.221963 -2.534708
v 5.525362 2.203397 -2.650978
v 5.532518 2.221963 -2.659845
v 5.378536 2.203397 -2.745982
v 5.383692 2.221963 -2.756142
v 5.215166 2.203396 -2.808382
v 5.218096 2.221963 -2.819393
v 5.042392 2.203396 -2.835452
v 5.042969 2.221963 -2.846832
v 4.867765 2.203396 -2.826009
v 4.865964 2.221963 -2.837260
v 4.698918 2.203397 -2.780466
v 4.694817 2.221963 -2.791095
v 4.543229 2.203397 -2.700812
v 4.537008 2.221963 -2.710358
v 4.407504 2.203397 -2.590529
v 4.399434 2.221963 -2.598572
v 4.297674 2.203397 -2.454437
v 4.288107 2.221963 -2.460628
v 4.218538 2.203397 -2.298486
v 4.207894 2.221963 -2.302551
v 4.173556 2.203397 -2.129488
v 4.162299 2.221963 -2.131252
v 4.164694 2.203397 -1.954831
v 4.153316 2.221963 -1.954216
v 4.192339 2.203397 -1.782148
v 4.181338 2.221963 -1.779181
v 4.255282 2.203397 -1.618987
v 4.245138 2.221963 -1.613797
v 4.350773 2.203397 -1.472476
v 4.341930 2.221963 -1.465292
v 4.474638 2.203397 -1.349023
v 4.467483 2.221963 -1.340156
v 4.621465 2.203397 -1.254019
v 4.616309 2.221963 -1.243859
v 4.784835 2.203397 -1.191619
v 4.781904 2.221964 -1.180608
v 4.957609 2.203397 -1.164549
v 4.957031 2.221964 -1.153169
v 5.132235 2.203397 -1.173992
v 5.134036 2.221964 -1.162740
v 5.301082 2.203397 -1.219535
v 5.305183 2.221964 -1.208905
v 5.456771 2.203397 -1.299189
v 5.462992 2.221963 -1.289643
v 5.592496 2.203397 -1.409471
v 5.600566 2.221963 -1.401428
v 5.702326 2.203397 -1.545562
v 5.711893 2.221963 -1.539373
v 5.736543 0.031159 -1.718671
v 5.661956 0.031159 -1.571684
v 5.558438 0.031159 -1.443415
v 5.430515 0.031159 -1.339472
v 5.283776 0.031159 -1.264397
v 5.124634 0.031159 -1.221473
v 4.960045 0.031159 -1.212571
v 4.797203 0.031159 -1.238086
v 4.643224 0.031159 -1.296899
v 4.504837 0.031159 -1.386442
v 4.388092 0.031159 -1.502799
v 4.298090 0.031159 -1.640887
v 4.238764 0.031159 -1.794670
v 4.212709 0.031159 -1.957427
v 4.221062 0.031159 -2.122044
v 4.263458 0.031159 -2.281328
v 4.338044 0.031159 -2.428316
v 4.441562 0.031159 -2.556584
v 4.569485 0.031159 -2.660528
v 4.716225 0.031159 -2.735603
v 4.875366 0.031159 -2.778528
v 5.039955 0.031159 -2.787428
v 5.202797 0.031159 -2.761914
v 5.356777 0.031159 -2.703101
v 5.495163 0.031159 -2.613558
v 5.611909 0.031159 -2.497200
v 5.701911 0.031159 -2.359112
v 5.761236 0.031159 -2.205329
v 5.787292 0.031159 -2.042572
v 5.778939 0.031159 -1.877955
v 4.705233 2.160810 -1.446598
v 4.708154 2.160810 -1.457573
v 4.708730 2.160810 -1.468920
v 4.706934 2.160810 -1.480138
v 4.702846 2.160810 -1.490736
v 4.696642 2.160810 -1.500254
v 4.688596 2.160810 -1.508274
v 4.679058 2.160810 -1.514445
v 4.668446 2.160810 -1.518499
v 4.657222 2.160810 -1.520257
v 4.645878 2.160810 -1.519644
v 4.634910 2.160810 -1.516685
v 4.624796 2.160810 -1.511511
v 4.615980 2.160810 -1.504347
v 4.608845 2.160810 -1.495507
v 4.603705 2.160810 -1.485376
v 4.600782 2.160810 -1.474397
v 4.600207 2.160810 -1.463052
v 4.602003 2.160810 -1.451834
v 4.606091 2.160810 -1.441236
v 4.612294 2.160810 -1.431718
v 4.620341 2.160810 -1.423698
v 4.629878 2.160810 -1.417527
v 4.640491 2.160810 -1.413474
v 4.651714 2.160810 -1.411715
v 4.663058 2.160810 -1.412328
v 4.674026 2.160810 -1.415287
v 4.684140 2.160810 -1.420461
v 4.692956 2.160810 -1.427625
v 4.700092 2.160810 -1.436467
v 4.474638 1.490152 -1.349023
v 4.621465 1.490152 -1.254019
v 4.617770 1.504141 -1.246737
v 4.469511 1.504141 -1.342669
v 4.350773 1.490152 -1.472476
v 4.344436 1.504141 -1.467327
v 4.255282 1.490152 -1.618986
v 4.248013 1.504141 -1.615268
v 4.192339 1.490152 -1.782148
v 4.184455 1.504141 -1.780021
v 4.164694 1.490152 -1.954831
v 4.156541 1.504140 -1.954389
v 4.173556 1.490152 -2.129488
v 4.165490 1.504140 -2.130752
v 4.218538 1.490152 -2.298486
v 4.210911 1.504140 -2.301399
v 4.297674 1.490152 -2.454437
v 4.290819 1.504140 -2.458874
v 4.407504 1.490152 -2.590529
v 4.401721 1.504140 -2.596293
v 4.543229 1.490151 -2.700811
v 4.538771 1.504140 -2.707653
v 4.698918 1.490151 -2.780466
v 4.695979 1.504140 -2.788084
v 4.867765 1.490151 -2.826009
v 4.866474 1.504140 -2.834072
v 5.042392 1.490151 -2.835452
v 5.042805 1.504140 -2.843606
v 5.215166 1.490151 -2.808382
v 5.217266 1.504140 -2.816272
v 5.378536 1.490151 -2.745981
v 5.382230 1.504140 -2.753263
v 5.525362 1.490151 -2.650978
v 5.530490 1.504140 -2.657331
v 5.649228 1.490152 -2.527524
v 5.655564 1.504140 -2.532672
v 5.744719 1.490152 -2.381013
v 5.751987 1.504140 -2.384732
v 5.807662 1.490152 -2.217851
v 5.815545 1.504140 -2.219979
v 5.835307 1.490152 -2.045170
v 5.843460 1.504140 -2.045609
v 5.826444 1.490152 -1.870512
v 5.834511 1.504140 -1.869249
v 5.781463 1.490152 -1.701514
v 5.789090 1.504141 -1.698601
v 5.702326 1.490152 -1.545563
v 5.709182 1.504141 -1.541126
v 5.592496 1.490152 -1.409470
v 5.598279 1.504141 -1.403706
v 5.456771 1.490152 -1.299188
v 5.461229 1.504141 -1.292349
v 5.301082 1.490152 -1.219535
v 5.304021 1.504141 -1.211918
v 5.132235 1.490152 -1.173991
v 5.133526 1.504141 -1.165930
v 4.957609 1.490152 -1.164549
v 4.957195 1.504141 -1.156394
v 4.784835 1.490152 -1.191618
v 4.782735 1.504141 -1.183728
v 4.474638 0.699928 -1.349022
v 4.621465 0.699928 -1.254019
v 4.617770 0.708750 -1.246738
v 4.469511 0.708750 -1.342668
v 4.350773 0.699928 -1.472476
v 4.344436 0.708750 -1.467328
v 4.255282 0.699928 -1.618986
v 4.248013 0.708750 -1.615267
v 4.192339 0.699928 -1.782148
v 4.184455 0.708750 -1.780021
v 4.164694 0.699927 -1.954830
v 4.156541 0.708750 -1.954389
v 4.173556 0.699927 -2.129488
v 4.165490 0.708750 -2.130751
v 4.218538 0.699927 -2.298486
v 4.210911 0.708749 -2.301399
v 4.297674 0.699929 -2.454438
v 4.290819 0.708749 -2.458874
v 4.407504 0.699929 -2.590529
v 4.401721 0.708749 -2.596293
v 4.543229 0.699929 -2.700811
v 4.538771 0.708749 -2.707653
v 4.698918 0.699929 -2.780465
v 4.695979 0.708749 -2.788084
v 4.867765 0.699929 -2.826010
v 4.866475 0.708749 -2.834071
v 5.042392 0.699929 -2.835453
v 5.042805 0.708749 -2.843606
v 5.215166 0.699929 -2.808382
v 5.217266 0.708749 -2.816271
v 5.378536 0.699929 -2.745981
v 5.382230 0.708749 -2.753263
v 5.525362 0.699929 -2.650977
v 5.530490 0.708749 -2.657331
v 5.649228 0.699929 -2.527524
v 5.655564 0.708749 -2.532672
v 5.744719 0.699927 -2.381013
v 5.751987 0.708749 -2.384732
v 5.807662 0.699927 -2.217852
v 5.815545 0.708749 -2.219978
v 5.835307 0.699927 -2.045169
v 5.843460 0.708750 -2.045610
v 5.826444 0.699927 -1.870512
v 5.834511 0.708750 -1.869248
v 5.781463 0.699928 -1.701514
v 5.789090 0.708750 -1.698600
v 5.702326 0.699928 -1.545563
v 5.709181 0.708750 -1.541126
v 5.592496 0.699928 -1.409470
v 5.598279 0.708750 -1.403708
v 5.456771 0.699928 -1.299188
v 5.461229 0.708750 -1.292348
v 5.301082 0.699928 -1.219535
v 5.304021 0.708750 -1.211917
v 5.132235 0.699928 -1.173991
v 5.133526 0.708750 -1.165929
v 4.957609 0.699928 -1.164548
v 4.957195 0.708750 -1.156394
v 4.784835 0.699928 -1.191618
v 4.782735 0.708750 -1.183728
v 4.474638 1.513198 -1.349023
v 4.621465 1.513198 -1.254019
v 4.350773 1.513198 -1.472476
v 4.255282 1.513198 -1.618986
v 4.192339 1.513198 -1.782148
v 4.164694 1.513198 -1.954831
v 4.173556 1.513198 -2.129488
v 4.218538 1.513197 -2.298486
v 4.297674 1.513197 -2.454437
v 4.407504 1.513197 -2.590529
v 4.543229 1.513197 -2.700811
v 4.698918 1.513197 -2.780466
v 4.867765 1.513197 -2.826009
v 5.042392 1.513197 -2.835452
v 5.215166 1.513197 -2.808382
v 5.378536 1.513197 -2.745981
v 5.525362 1.513197 -2.650978
v 5.649228 1.513197 -2.527524
v 5.744719 1.513197 -2.381013
v 5.807662 1.513197 -2.217851
v 5.835307 1.513198 -2.045170
v 5.826444 1.513198 -1.870512
v 5.781463 1.513198 -1.701514
v 5.702326 1.513198 -1.545563
v 5.592496 1.513198 -1.409470
v 5.456771 1.513198 -1.299188
v 5.301082 1.513198 -1.219535
v 5.132235 1.513198 -1.173991
v 4.957609 1.513198 -1.164549
v 4.784835 1.513198 -1.191618
v 4.474638 0.726802 -1.349023
v 4.621465 0.726802 -1.254019
v 4.350773 0.726802 -1.472476
v 4.255282 0.726802 -1.618986
v 4.192339 0.726802 -1.782148
v 4.164694 0.726802 -1.954830
v 4.173556 0.726802 -2.129488
v 4.218538 0.726802 -2.298486
v 4.297674 0.726802 -2.454438
v 4.407504 0.726802 -2.590529
v 4.543229 0.726802 -2.700811
v 4.698918 0.726802 -2.780466
v 4.867765 0.726802 -2.826010
v 5.042392 0.726802 -2.835453
v 5.215166 0.726802 -2.808382
v 5.378536 0.726802 -2.745981
v 5.525362 0.726802 -2.650978
v 5.649228 0.726802 -2.527524
v 5.744719 0.726802 -2.381013
v 5.807662 0.726802 -2.217852
v 5.835307 0.726802 -2.045169
v 5.826444 0.726802 -1.870512
v 5.781463 0.726802 -1.701514
v 5.702326 0.726802 -1.545563
v 5.592496 0.726802 -1.409470
v 5.456771 0.726802 -1.299188
v 5.301082 0.726802 -1.219535
v 5.132235 0.726802 -1.173991
v 4.957609 0.726802 -1.164549
v 4.784835 0.726802 -1.191618
v 5.763613 0.002339 -1.708332
v 5.686284 0.002339 -1.555942
v 5.661956 0.002339 -1.571684
v 5.736543 0.002339 -1.718671
v 5.578963 0.002339 -1.422959
v 5.558438 0.002339 -1.443415
v 5.446337 0.002339 -1.315197
v 5.430515 0.002339 -1.339472
v 5.294205 0.002339 -1.237361
v 5.283776 0.002339 -1.264397
v 5.129215 0.002340 -1.192858
v 5.124634 0.002339 -1.221473
v 4.958577 0.002340 -1.183631
v 4.960045 0.002339 -1.212571
v 4.789749 0.002340 -1.210083
v 4.797203 0.002339 -1.238086
v 4.630111 0.002339 -1.271058
v 4.643224 0.002339 -1.296899
v 4.486638 0.002339 -1.363891
v 4.504837 0.002339 -1.386442
v 4.365602 0.002339 -1.484526
v 4.388092 0.002339 -1.502799
v 4.272292 0.002339 -1.627689
v 4.298090 0.002339 -1.640887
v 4.210787 0.002339 -1.787124
v 4.238764 0.002339 -1.794670
v 4.183773 0.002339 -1.955862
v 4.212709 0.002339 -1.957427
v 4.192433 0.002339 -2.126530
v 4.221062 0.002339 -2.122044
v 4.236388 0.002339 -2.291667
v 4.263458 0.002339 -2.281328
v 4.313715 0.002339 -2.444058
v 4.338044 0.002339 -2.428316
v 4.421037 0.002339 -2.577041
v 4.441562 0.002339 -2.556584
v 4.553663 0.002339 -2.684804
v 4.569485 0.002339 -2.660528
v 4.705795 0.002339 -2.762639
v 4.716225 0.002339 -2.735603
v 4.870786 0.002339 -2.807142
v 4.875366 0.002339 -2.778528
v 5.041423 0.002339 -2.816370
v 5.039955 0.002339 -2.787428
v 5.210251 0.002339 -2.789917
v 5.202797 0.002339 -2.761914
v 5.369890 0.002339 -2.728942
v 5.356777 0.002339 -2.703101
v 5.513362 0.002339 -2.636108
v 5.495163 0.002339 -2.613558
v 5.634398 0.002339 -2.515474
v 5.611909 0.002339 -2.497200
v 5.727708 0.002339 -2.372311
v 5.701911 0.002339 -2.359112
v 5.789214 0.002339 -2.212876
v 5.761236 0.002339 -2.205329
v 5.816227 0.002339 -2.044137
v 5.787292 0.002339 -2.042572
v 5.807567 0.002339 -1.873469
v 5.778939 0.002339 -1.877955
v 5.781463 0.036602 -1.701514
v 5.826444 0.036602 -1.870512
v 5.835307 0.036602 -2.045169
v 5.807662 0.036602 -2.217852
v 5.744719 0.036602 -2.381013
v 5.649228 0.036602 -2.527524
v 5.525362 0.036602 -2.650977
v 5.378536 0.036602 -2.745981
v 5.215166 0.036602 -2.808382
v 5.042392 0.036602 -2.835453
v 4.867765 0.036602 -2.826010
v 4.698918 0.036602 -2.780465
v 4.543229 0.036602 -2.700812
v 4.407504 0.036602 -2.590529
v 4.297674 0.036602 -2.454438
v 4.218538 0.036602 -2.298485
v 4.173556 0.036602 -2.129488
v 4.164694 0.036602 -1.954830
v 4.192339 0.036602 -1.782148
v 4.255282 0.036602 -1.618986
v 4.350773 0.036602 -1.472476
v 4.474638 0.036602 -1.349022
v 4.621465 0.036602 -1.254019
v 4.784835 0.036602 -1.191618
v 4.957609 0.036602 -1.164548
v 5.132235 0.036602 -1.173991
v 5.301082 0.036602 -1.219535
v 5.456771 0.036602 -1.299188
v 5.592496 0.036602 -1.409472
v 5.702326 0.036602 -1.545562
v 5.807567 2.237659 -1.873470
v 5.763613 2.237659 -1.708332
v 5.781463 2.237659 -1.701514
v 5.826444 2.237659 -1.870512
v 5.816227 2.237659 -2.044137
v 5.835307 2.237659 -2.045169
v 5.789214 2.237660 -2.212876
v 5.807662 2.237660 -2.217852
v 5.727708 2.237660 -2.372311
v 5.744719 2.237660 -2.381014
v 5.634398 2.237660 -2.515474
v 5.649228 2.237660 -2.527524
v 5.513362 2.237660 -2.636109
v 5.525362 2.237660 -2.650978
v 5.369890 2.237660 -2.728941
v 5.378536 2.237660 -2.745982
v 5.210251 2.237660 -2.789917
v 5.215166 2.237660 -2.808382
v 5.041423 2.237660 -2.816370
v 5.042392 2.237660 -2.835452
v 4.870786 2.237660 -2.807142
v 4.867765 2.237660 -2.826009
v 4.705795 2.237660 -2.762639
v 4.698918 2.237660 -2.780466
v 4.553663 2.237660 -2.684804
v 4.543229 2.237660 -2.700812
v 4.421037 2.237660 -2.577041
v 4.407504 2.237660 -2.590529
v 4.313715 2.237660 -2.444057
v 4.297674 2.237660 -2.454437
v 4.236388 2.237660 -2.291667
v 4.218538 2.237660 -2.298486
v 4.192433 2.237660 -2.126530
v 4.173556 2.237660 -2.129488
v 4.183773 2.237659 -1.955863
v 4.164694 2.237659 -1.954831
v 4.210787 2.237659 -1.787124
v 4.192339 2.237659 -1.782148
v 4.272292 2.237659 -1.627689
v 4.255282 2.237659 -1.618987
v 4.365602 2.237659 -1.484525
v 4.350773 2.237659 -1.472476
v 4.486638 2.237659 -1.363892
v 4.474638 2.237659 -1.349023
v 4.630111 2.237659 -1.271059
v 4.621465 2.237659 -1.254019
v 4.789749 2.237660 -1.210083
v 4.784835 2.237660 -1.191619
v 4.958577 2.237660 -1.183632
v 4.957609 2.237660 -1.164549
v 5.129215 2.237660 -1.192859
v 5.132235 2.237660 -1.173992
v 5.294205 2.237659 -1.237362
v 5.301082 2.237659 -1.219535
v 5.446337 2.237659 -1.315196
v 5.456771 2.237659 -1.299189
v 5.578963 2.237659 -1.422960
v 5.592496 2.237659 -1.409471
v 5.686284 2.237659 -1.555943
v 5.702326 2.237659 -1.545562
v 5.788482 2.237659 -1.876460
v 5.745566 2.237659 -1.715225
v 5.796937 2.237659 -2.043095
v 5.770562 2.237660 -2.207844
v 5.710510 2.237660 -2.363512
v 5.619405 2.237660 -2.503292
v 5.501230 2.237660 -2.621075
v 5.361148 2.237660 -2.711715
v 5.205282 2.237660 -2.771249
v 5.040444 2.237660 -2.797076
v 4.873839 2.237660 -2.788067
v 4.712748 2.237660 -2.744615
v 4.564211 2.237660 -2.668620
v 4.434720 2.237660 -2.563404
v 4.329935 2.237660 -2.433563
v 4.254434 2.237660 -2.284775
v 4.211519 2.237660 -2.123539
v 4.203064 2.237659 -1.956906
v 4.229438 2.237659 -1.792155
v 4.289491 2.237659 -1.636487
v 4.380595 2.237659 -1.496709
v 4.498771 2.237659 -1.378926
v 4.638853 2.237659 -1.288285
v 4.794718 2.237659 -1.228752
v 4.959556 2.237660 -1.202924
v 5.126161 2.237659 -1.211934
v 5.287252 2.237659 -1.255386
v 5.435789 2.237659 -1.331381
v 5.565280 2.237659 -1.436597
v 5.670065 2.237659 -1.566437
v 5.788482 2.199234 -1.876460
v 5.745566 2.199234 -1.715225
v 5.796937 2.199234 -2.043095
v 5.770562 2.199234 -2.207844
v 5.710510 2.199234 -2.363512
v 5.619405 2.199234 -2.503292
v 5.501230 2.199234 -2.621075
v 5.361148 2.199234 -2.711715
v 5.205282 2.199234 -2.771249
v 5.040444 2.199234 -2.797076
v 4.873839 2.199234 -2.788067
v 4.712748 2.199234 -2.744615
v 4.564211 2.199234 -2.668620
v 4.434720 2.199234 -2.563404
v 4.329935 2.199234 -2.433563
v 4.254434 2.199234 -2.284775
v 4.211519 2.199234 -2.123539
v 4.203064 2.199234 -1.956906
v 4.229438 2.199234 -1.792155
v 4.289491 2.199234 -1.636487
v 4.380595 2.199234 -1.496709
v 4.498771 2.199234 -1.378926
v 4.638853 2.199234 -1.288285
v 4.794718 2.199234 -1.228752
v 4.959556 2.199234 -1.202924
v 5.126161 2.199234 -1.211934
v 5.287252 2.199234 -1.255386
v 5.435789 2.199234 -1.331381
v 5.565280 2.199234 -1.436597
v 5.670065 2.199234 -1.566437
v 4.717697 2.199234 -1.456079
v 4.714256 2.199234 -1.443151
v 4.718375 2.199234 -1.469441
v 4.716260 2.199234 -1.482652
v 4.711445 2.199234 -1.495136
v 4.704139 2.199234 -1.506346
v 4.694662 2.199234 -1.515791
v 4.683429 2.199234 -1.523059
v 4.670930 2.199234 -1.527833
v 4.657712 2.199234 -1.529904
v 4.644352 2.199234 -1.529181
v 4.631433 2.199234 -1.525697
v 4.619522 2.199234 -1.519603
v 4.609138 2.199234 -1.511166
v 4.600736 2.199234 -1.500754
v 4.594681 2.199234 -1.488822
v 4.591240 2.199234 -1.475893
v 4.590562 2.199234 -1.462531
v 4.592677 2.199234 -1.449318
v 4.597492 2.199234 -1.436836
v 4.604798 2.199234 -1.425627
v 4.614275 2.199234 -1.416182
v 4.625508 2.199234 -1.408914
v 4.638007 2.199234 -1.404140
v 4.651225 2.199234 -1.402069
v 4.664585 2.199234 -1.402791
v 4.677503 2.199234 -1.406276
v 4.689414 2.199234 -1.412369
v 4.699798 2.199234 -1.420806
v 4.708202 2.199234 -1.431220
v 4.714256 2.218448 -1.443151
v 4.717697 2.218448 -1.456079
v 4.713061 2.219961 -1.456805
v 4.709872 2.219961 -1.444825
v 4.718375 2.218448 -1.469441
v 4.713689 2.219961 -1.469187
v 4.716260 2.218448 -1.482652
v 4.711729 2.219961 -1.481431
v 4.711445 2.218448 -1.495136
v 4.707267 2.219961 -1.492999
v 4.704139 2.218448 -1.506346
v 4.700496 2.219961 -1.503386
v 4.694662 2.218448 -1.515791
v 4.691715 2.219961 -1.512139
v 4.683429 2.218448 -1.523059
v 4.681305 2.219961 -1.518874
v 4.670930 2.218448 -1.527833
v 4.669723 2.219961 -1.523298
v 4.657712 2.218448 -1.529904
v 4.657474 2.219961 -1.525217
v 4.644352 2.218448 -1.529181
v 4.645093 2.219961 -1.524548
v 4.631433 2.218448 -1.525697
v 4.633123 2.219961 -1.521319
v 4.619522 2.218448 -1.519603
v 4.622085 2.219961 -1.515671
v 4.609138 2.218448 -1.511166
v 4.612462 2.219961 -1.507853
v 4.600736 2.218448 -1.500754
v 4.604676 2.219961 -1.498204
v 4.594681 2.218448 -1.488822
v 4.599065 2.219961 -1.487148
v 4.591240 2.218448 -1.475893
v 4.595876 2.219961 -1.475167
v 4.590561 2.218448 -1.462531
v 4.595248 2.219961 -1.462784
v 4.592677 2.218448 -1.449318
v 4.597208 2.219961 -1.450541
v 4.597492 2.218448 -1.436836
v 4.601670 2.219961 -1.438973
v 4.604798 2.218448 -1.425627
v 4.608440 2.219961 -1.428586
v 4.614275 2.218448 -1.416182
v 4.617222 2.219961 -1.419833
v 4.625508 2.218448 -1.408914
v 4.627631 2.219961 -1.413099
v 4.638007 2.218448 -1.404140
v 4.639214 2.219961 -1.408674
v 4.651225 2.218448 -1.402069
v 4.651463 2.219961 -1.406755
v 4.664585 2.218448 -1.402791
v 4.663843 2.219961 -1.407424
v 4.677503 2.218448 -1.406276
v 4.675814 2.219961 -1.410654
v 4.689414 2.218448 -1.412369
v 4.686852 2.219961 -1.416301
v 4.699798 2.218448 -1.420806
v 4.696474 2.219961 -1.424119
v 4.708202 2.218448 -1.431220
v 4.704262 2.219961 -1.433769
v 4.705233 2.199234 -1.446598
v 4.708154 2.199234 -1.457573
v 4.708730 2.199234 -1.468920
v 4.706934 2.199234 -1.480138
v 4.702846 2.199234 -1.490736
v 4.696642 2.199234 -1.500254
v 4.688596 2.199234 -1.508274
v 4.679058 2.199234 -1.514445
v 4.668446 2.199234 -1.518499
v 4.657222 2.199234 -1.520257
v 4.645878 2.199234 -1.519644
v 4.634910 2.199234 -1.516685
v 4.624796 2.199234 -1.511511
v 4.615980 2.199234 -1.504347
v 4.608845 2.199234 -1.495507
v 4.603705 2.199234 -1.485376
v 4.600782 2.199234 -1.474397
v 4.600207 2.199234 -1.463052
v 4.602003 2.199234 -1.451834
v 4.606091 2.199234 -1.441236
v 4.612294 2.199234 -1.431718
v 4.620341 2.199234 -1.423698
v 4.629878 2.199234 -1.417527
v 4.640491 2.199234 -1.413474
v 4.651714 2.199234 -1.411715
v 4.663058 2.199234 -1.412328
v 4.674026 2.199234 -1.415287
v 4.684140 2.199234 -1.420461
v 4.692956 2.199234 -1.427625
v 4.700092 2.199234 -1.436467
v 4.719043 2.207098 -1.455868
v 4.715529 2.207098 -1.442665
v 4.705233 2.218448 -1.446598
v 4.708154 2.218448 -1.457573
v 4.719736 2.207098 -1.469516
v 4.708730 2.218448 -1.468920
v 4.717576 2.207098 -1.483007
v 4.706934 2.218448 -1.480138
v 4.712658 2.207098 -1.495757
v 4.702846 2.218448 -1.490736
v 4.705196 2.207098 -1.507205
v 4.696642 2.218448 -1.500254
v 4.695518 2.207098 -1.516851
v 4.688596 2.218448 -1.508274
v 4.684046 2.207098 -1.524274
v 4.679058 2.218448 -1.514445
v 4.671281 2.207098 -1.529150
v 4.668446 2.218448 -1.518499
v 4.657781 2.207098 -1.531265
v 4.657222 2.218448 -1.520257
v 4.644136 2.207098 -1.530527
v 4.645878 2.218448 -1.519644
v 4.630943 2.207098 -1.526968
v 4.634910 2.218448 -1.516685
v 4.618778 2.207098 -1.520745
v 4.624796 2.218448 -1.511511
v 4.608173 2.207098 -1.512128
v 4.615980 2.218448 -1.504347
v 4.599592 2.207098 -1.501494
v 4.608845 2.218448 -1.495507
v 4.593408 2.207098 -1.489309
v 4.603705 2.218448 -1.485376
v 4.589894 2.207098 -1.476104
v 4.600782 2.218448 -1.474397
v 4.589201 2.207098 -1.462456
v 4.600207 2.218448 -1.463052
v 4.591361 2.207098 -1.448965
v 4.602003 2.218448 -1.451834
v 4.596279 2.207098 -1.436216
v 4.606092 2.218448 -1.441236
v 4.603740 2.207098 -1.424767
v 4.612294 2.218448 -1.431719
v 4.613419 2.207098 -1.415122
v 4.620341 2.218448 -1.423698
v 4.624891 2.207098 -1.407699
v 4.629878 2.218448 -1.417527
v 4.637656 2.207098 -1.402822
v 4.640491 2.218448 -1.413474
v 4.651156 2.207098 -1.400707
v 4.651715 2.218448 -1.411716
v 4.664800 2.207098 -1.401446
v 4.663058 2.218448 -1.412328
v 4.677993 2.207098 -1.405005
v 4.674026 2.218448 -1.415287
v 4.690158 2.207098 -1.411227
v 4.684140 2.218448 -1.420461
v 4.700763 2.207098 -1.419845
v 4.692956 2.218448 -1.427625
v 4.709346 2.207098 -1.430480
v 4.700092 2.218448 -1.436467
vn -0.0000 -1.0000 -0.0000
vn -0.0000 1.0000 -0.0000
vn -0.0000 1.0000 -0.0004
vn -0.0000 1.0000 -0.0001
vn -0.0000 1.0000 0.0001
vn 0.7756 -0.5575 0.2962
vn 0.9879 -0.0000 0.1548
vn 0.9342 0.0002 0.3568
vn 0.8290 -0.5574 -0.0448
vn 0.8202 -0.5575 0.1285
vn 0.8016 -0.5575 -0.2162
vn 0.9987 -0.0042 -0.0499
vn 0.7391 -0.5574 -0.3781
vn 0.9666 -0.0042 -0.2563
vn 0.6443 -0.5574 -0.5235
vn 0.8922 -0.0042 -0.4516
vn 0.5214 -0.5575 -0.6461
vn 0.7787 -0.0042 -0.6274
vn 0.4525 -0.0000 -0.8918
vn 0.6314 -0.0042 -0.7754
vn 0.3757 -0.5575 -0.7403
vn 0.2572 -0.0000 -0.9664
vn 0.2135 -0.5575 -0.8023
vn 0.0507 -0.0000 -0.9987
vn 0.0421 -0.5574 -0.8292
vn -0.1581 -0.0000 -0.9874
vn -0.1312 -0.5575 -0.8198
vn -0.3599 -0.0000 -0.9330
vn -0.2988 -0.5575 -0.7746
vn -0.5460 -0.0000 -0.8378
vn -0.5880 -0.5575 -0.5861
vn -0.4533 -0.5574 -0.6955
vn -0.6970 -0.5575 -0.4510
vn -0.7053 -0.0042 -0.7089
vn -0.7756 -0.5575 -0.2962
vn -0.8373 -0.0042 -0.5468
vn -0.8202 -0.5575 -0.1285
vn -0.9327 -0.0042 -0.3607
vn -0.8290 -0.5575 0.0448
vn -0.9873 -0.0042 -0.1590
vn -0.9655 -0.0000 0.2604
vn -0.9987 -0.0042 0.0498
vn -0.7391 -0.5575 0.3781
vn -0.8016 -0.5575 0.2162
vn -0.6443 -0.5575 0.5235
vn -0.8921 -0.0042 0.4517
vn -0.5214 -0.5574 0.6461
vn -0.7788 -0.0042 0.6273
vn -0.3757 -0.5575 0.7403
vn -0.6313 -0.0042 0.7755
vn -0.2135 -0.5574 0.8023
vn -0.4563 -0.0042 0.8898
vn -0.0507 -0.0001 0.9987
vn -0.2614 -0.0042 0.9652
vn 0.1312 -0.5575 0.8198
vn -0.0421 -0.5574 0.8291
vn 0.2988 -0.5575 0.7746
vn 0.1539 -0.0042 0.9881
vn 0.5460 -0.0000 0.8378
vn 0.3559 -0.0042 0.9345
vn 0.4533 -0.5575 0.6955
vn 0.7083 -0.0000 0.7059
vn 0.6970 -0.5575 0.4510
vn 0.5880 -0.5575 0.5861
vn 0.8373 -0.0042 0.5468
vn 0.9342 -0.0000 0.3568
vn 0.9985 -0.0000 -0.0540
vn 0.9655 -0.0000 -0.2604
vn 0.8902 -0.0000 -0.4555
vn 0.7761 -0.0000 -0.6306
vn 0.8903 -0.0000 -0.4555
vn 0.6280 -0.0000 -0.7782
vn -0.7083 -0.0000 -0.7059
vn -0.8396 -0.0000 -0.5432
vn -0.9342 -0.0000 -0.3568
vn -0.9879 -0.0000 -0.1548
vn -0.9985 -0.0000 0.0540
vn -0.8903 -0.0000 0.4555
vn -0.7761 -0.0000 0.6306
vn -0.6280 -0.0000 0.7782
vn -0.4525 -0.0000 0.8918
vn -0.2572 -0.0000 0.9664
vn -0.0507 -0.0000 0.9987
vn 0.1581 -0.0000 0.9874
vn 0.3599 -0.0000 0.9330
vn 0.8396 -0.0000 0.5432
vn 0.8420 -0.5230 0.1319
vn 0.9342 -0.0003 0.3568
vn 0.7962 -0.5230 0.3041
vn 0.8511 -0.5230 -0.0460
vn 0.9924 0.0375 0.1174
vn 0.8229 -0.5230 -0.2220
vn 0.9951 0.0375 -0.0920
vn 0.7588 -0.5230 -0.3882
vn 0.9544 0.0375 -0.2961
vn 0.6615 -0.5230 -0.5375
vn 0.8718 0.0375 -0.4883
vn 0.5353 -0.5230 -0.6633
vn 0.7513 0.0375 -0.6589
vn 0.3857 -0.5230 -0.7601
vn 0.5978 0.0375 -0.8007
vn 0.2192 -0.5230 -0.8236
vn 0.4178 0.0375 -0.9077
vn 0.0507 -0.0003 -0.9987
vn 0.2200 0.0375 -0.9748
vn 0.0432 -0.5231 -0.8512
vn -0.1581 -0.0003 -0.9874
vn -0.1347 -0.5230 -0.8416
vn -0.3599 0.0001 -0.9330
vn -0.4654 -0.5230 -0.7140
vn -0.3068 -0.5230 -0.7952
vn -0.6037 -0.5230 -0.6017
vn -0.5765 0.0375 -0.8162
vn -0.7156 -0.5231 -0.4630
vn -0.7339 0.0375 -0.6783
vn -0.7962 -0.5230 -0.3041
vn -0.8588 0.0375 -0.5109
vn -0.8420 -0.5231 -0.1319
vn -0.9463 0.0375 -0.3211
vn -0.8511 -0.5231 0.0460
vn -0.9924 0.0375 -0.1169
vn -0.8229 -0.5230 0.2220
vn -0.9951 0.0375 0.0915
vn -0.7588 -0.5231 0.3882
vn -0.9544 0.0375 0.2961
vn -0.6615 -0.5230 0.5375
vn -0.8718 0.0375 0.4883
vn -0.5353 -0.5230 0.6633
vn -0.7513 0.0375 0.6589
vn -0.3857 -0.5230 0.7601
vn -0.5978 0.0375 0.8007
vn -0.2192 -0.5230 0.8236
vn -0.4183 0.0375 0.9075
vn -0.0507 0.0001 0.9987
vn -0.2193 0.0375 0.9749
vn 0.1347 -0.5230 0.8416
vn -0.0432 -0.5231 0.8512
vn 0.3068 -0.5230 0.7952
vn 0.1947 0.0375 0.9802
vn 0.4654 -0.5230 0.7140
vn 0.3945 0.0375 0.9181
vn 0.6037 -0.5230 0.6017
vn 0.5768 0.0375 0.8160
vn 0.7156 -0.5230 0.4630
vn 0.7342 0.0375 0.6779
vn 0.8587 0.0375 0.5112
vn -0.3908 -0.5041 0.7702
vn -0.6280 -0.0003 0.7782
vn -0.5424 -0.5041 0.6721
vn -0.7761 0.0008 0.6306
vn -0.6703 -0.5041 0.5446
vn -0.7689 -0.5041 0.3934
vn -0.8903 -0.0001 0.4555
vn -0.9655 -0.0003 0.2604
vn -0.8338 -0.5041 0.2249
vn -0.9985 -0.0002 0.0540
vn -0.8624 -0.5041 0.0466
vn -0.9879 -0.0003 -0.1548
vn -0.8533 -0.5041 -0.1337
vn -0.9342 -0.0019 -0.3568
vn -0.8068 -0.5041 -0.3082
vn -0.8396 -0.0003 -0.5432
vn -0.7251 -0.5041 -0.4692
vn -0.7083 -0.0003 -0.7059
vn -0.6117 -0.5041 -0.6097
vn -0.5460 0.0017 -0.8378
vn -0.4716 -0.5041 -0.7235
vn -0.3108 -0.5041 -0.8058
vn -0.3599 -0.0017 -0.9330
vn -0.1581 -0.0019 -0.9874
vn -0.1365 -0.5041 -0.8528
vn 0.0507 0.0017 -0.9987
vn 0.0438 -0.5041 -0.8625
vn 0.2221 -0.5041 -0.8346
vn 0.2572 -0.0017 -0.9664
vn 0.4525 -0.0019 -0.8918
vn 0.3908 -0.5041 -0.7702
vn 0.6280 -0.0003 -0.7782
vn 0.5424 -0.5041 -0.6721
vn 0.7761 -0.0003 -0.6306
vn 0.6703 -0.5041 -0.5446
vn 0.8903 0.0010 -0.4555
vn 0.7689 -0.5041 -0.3934
vn 0.9655 -0.0003 -0.2604
vn 0.8339 -0.5041 -0.2249
vn 0.9985 -0.0003 -0.0540
vn 0.8624 -0.5041 -0.0466
vn 0.9879 -0.0003 0.1548
vn 0.8532 -0.5041 0.1337
vn 0.8068 -0.5041 0.3082
vn 0.8396 -0.0003 0.5432
vn 0.7251 -0.5041 0.4692
vn 0.7083 0.0008 0.7059
vn 0.6117 -0.5041 0.6097
vn 0.4716 -0.5041 0.7235
vn 0.5460 -0.0003 0.8378
vn 0.3108 -0.5041 0.8058
vn 0.3599 -0.0041 0.9330
vn 0.1581 -0.0003 0.9874
vn 0.1365 -0.5041 0.8528
vn -0.0507 0.0010 0.9987
vn -0.0438 -0.5041 0.8626
vn -0.2572 0.0008 0.9664
vn -0.2221 -0.5041 0.8346
vn -0.3562 0.0992 0.9291
vn -0.4609 -0.6792 0.5711
vn -0.4525 0.0021 0.8918
vn -0.6280 0.0024 0.7782
vn -0.7761 0.0002 0.6306
vn -0.5696 -0.6792 0.4628
vn -0.8903 -0.0025 0.4555
vn -0.6534 -0.6793 0.3343
vn -0.7086 -0.6793 0.1911
vn -0.9655 0.0024 0.2605
vn -0.9985 0.0021 0.0538
vn -0.7328 -0.6792 0.0396
vn -0.9879 -0.0012 -0.1548
vn -0.7251 -0.6792 -0.1136
vn -0.9342 0.0021 -0.3568
vn -0.6856 -0.6792 -0.2619
vn -0.8396 0.0002 -0.5433
vn -0.6161 -0.6793 -0.3987
vn -0.7083 0.0002 -0.7059
vn -0.5198 -0.6793 -0.5181
vn -0.5458 0.0002 -0.8379
vn -0.4007 -0.6793 -0.6148
vn -0.3600 -0.0025 -0.9329
vn -0.2641 -0.6793 -0.6847
vn -0.1160 -0.6793 -0.7247
vn -0.1581 0.0002 -0.9874
vn 0.0372 -0.6793 -0.7329
vn 0.0506 0.0002 -0.9987
vn 0.1888 -0.6793 -0.7092
vn 0.2572 0.0025 -0.9663
vn 0.4525 0.0002 -0.8918
vn 0.3321 -0.6793 -0.6545
vn 0.6280 0.0021 -0.7782
vn 0.4609 -0.6793 -0.5711
vn 0.7761 0.0002 -0.6306
vn 0.5696 -0.6793 -0.4628
vn 0.8903 -0.0015 -0.4555
vn 0.6534 -0.6792 -0.3343
vn 0.7086 -0.6792 -0.1911
vn 0.9655 -0.0012 -0.2603
vn 0.7328 -0.6792 -0.0396
vn 0.9985 0.0002 -0.0540
vn 0.7250 -0.6793 0.1136
vn 0.9879 0.0002 0.1548
vn 0.6856 -0.6792 0.2619
vn 0.9342 0.0055 0.3568
vn 0.8395 -0.0012 0.5434
vn 0.6162 -0.6793 0.3987
vn 0.7082 0.0021 0.7060
vn 0.5198 -0.6792 0.5181
vn 0.5460 -0.0025 0.8378
vn 0.4007 -0.6792 0.6149
vn 0.2641 -0.6793 0.6847
vn 0.3599 0.0055 0.9330
vn 0.1580 0.0002 0.9874
vn 0.1160 -0.6792 0.7247
vn -0.0509 0.0002 0.9987
vn -0.0372 -0.6792 0.7330
vn -0.2573 -0.0024 0.9663
vn -0.1888 -0.6792 0.7092
vn -0.3321 -0.6792 0.6545
vn -0.4665 0.6696 0.5780
vn -0.5764 0.6696 0.4684
vn -0.6612 0.6696 0.3383
vn -0.7171 0.6696 0.1934
vn -0.7417 0.6696 0.0401
vn -0.7338 0.6696 -0.1150
vn -0.6939 0.6696 -0.2650
vn -0.6236 0.6696 -0.4035
vn -0.5261 0.6696 -0.5243
vn -0.4056 0.6696 -0.6222
vn -0.2673 0.6696 -0.6929
vn -0.1174 0.6696 -0.7334
vn 0.0376 0.6696 -0.7418
vn 0.1910 0.6696 -0.7178
vn 0.3361 0.6696 -0.6624
vn 0.4665 0.6696 -0.5780
vn 0.5765 0.6696 -0.4684
vn 0.6613 0.6695 -0.3383
vn 0.7171 0.6696 -0.1934
vn 0.7417 0.6696 -0.0401
vn 0.7338 0.6696 0.1150
vn 0.6939 0.6696 0.2650
vn 0.6235 0.6696 0.4035
vn 0.5261 0.6696 0.5243
vn 0.4056 0.6696 0.6223
vn 0.2673 0.6696 0.6930
vn 0.1174 0.6696 0.7334
vn -0.0376 0.6696 0.7418
vn -0.1910 0.6696 0.7178
vn -0.3361 0.6696 0.6623
vn -0.5722 0.4121 0.7090
vn -0.7071 0.4121 0.5746
vn -0.8111 0.4121 0.4150
vn -0.8797 0.4121 0.2373
vn -0.9098 0.4121 0.0492
vn -0.9002 0.4121 -0.1410
vn -0.8512 0.4121 -0.3251
vn -0.7650 0.4121 -0.4950
vn -0.6453 0.4121 -0.6432
vn -0.4975 0.4121 -0.7633
vn -0.3279 0.4121 -0.8501
vn -0.1440 0.4121 -0.8997
vn 0.0462 0.4121 -0.9100
vn 0.2344 0.4121 -0.8805
vn 0.4123 0.4121 -0.8125
vn 0.5722 0.4121 -0.7090
vn 0.7071 0.4121 -0.5746
vn 0.8112 0.4121 -0.4150
vn 0.8797 0.4121 -0.2373
vn 0.9098 0.4121 -0.0492
vn 0.9001 0.4121 0.1410
vn 0.8512 0.4121 0.3251
vn 0.7650 0.4121 0.4950
vn 0.6453 0.4121 0.6432
vn 0.4975 0.4121 0.7633
vn 0.3279 0.4121 0.8501
vn 0.1440 0.4121 0.8997
vn -0.0462 0.4121 0.9100
vn -0.2344 0.4121 0.8805
vn -0.4123 0.4121 0.8125
vn -0.5732 0.5874 -0.5713
vn -0.4419 0.5874 -0.6780
vn -0.2913 0.5874 -0.7550
vn -0.1279 0.5874 -0.7991
vn 0.0410 0.5875 -0.8082
vn 0.2082 0.5874 -0.7820
vn 0.3662 0.5874 -0.7217
vn 0.5082 0.5874 -0.6298
vn 0.6281 0.5874 -0.5103
vn 0.7205 0.5874 -0.3686
vn 0.7813 0.5874 -0.2107
vn 0.8081 0.5874 -0.0437
vn 0.7995 0.5875 0.1253
vn 0.7560 0.5875 0.2888
vn 0.6794 0.5875 0.4396
vn 0.5732 0.5874 0.5713
vn 0.4419 0.5875 0.6780
vn 0.2913 0.5874 0.7550
vn 0.1279 0.5875 0.7991
vn -0.0410 0.5875 0.8082
vn -0.2082 0.5875 0.7820
vn -0.3662 0.5874 0.7217
vn -0.5082 0.5874 0.6298
vn -0.6281 0.5875 0.5103
vn -0.7204 0.5875 0.3686
vn -0.7813 0.5875 0.2108
vn -0.8081 0.5875 0.0437
vn -0.7995 0.5874 -0.1253
vn -0.7560 0.5874 -0.2888
vn -0.6794 0.5875 -0.4396
vn -0.6481 0.5502 0.5266
vn -0.7434 0.5502 0.3803
vn -0.8062 0.5502 0.2175
vn -0.8338 0.5502 0.0451
vn -0.8250 0.5502 -0.1293
vn -0.7801 0.5502 -0.2980
vn -0.7011 0.5502 -0.4536
vn -0.5914 0.5502 -0.5895
vn -0.4560 0.5501 -0.6996
vn -0.3006 0.5502 -0.7791
vn -0.1320 0.5502 -0.8245
vn 0.0423 0.5502 -0.8340
vn 0.2148 0.5502 -0.8070
vn 0.3779 0.5502 -0.7447
vn 0.5244 0.5502 -0.6498
vn 0.6481 0.5502 -0.5266
vn 0.7434 0.5502 -0.3803
vn 0.8062 0.5502 -0.2175
vn 0.8338 0.5502 -0.0451
vn 0.8250 0.5502 0.1293
vn 0.7801 0.5502 0.2980
vn 0.7011 0.5502 0.4536
vn 0.5914 0.5502 0.5895
vn 0.4560 0.5502 0.6996
vn 0.3005 0.5502 0.7791
vn 0.1320 0.5502 0.8245
vn -0.0423 0.5502 0.8340
vn -0.2148 0.5502 0.8070
vn -0.3779 0.5502 0.7447
vn -0.5244 0.5502 0.6498
vn -0.8902 -0.0000 0.4555
vn 0.3032 0.9518 0.0475
vn 0.0305 0.9995 0.0116
vn 0.2866 0.9518 0.1095
vn 0.0326 0.9995 -0.0018
vn 0.0279 0.9996 -0.0003
vn 0.3064 0.9518 -0.0166
vn 0.0315 0.9995 -0.0085
vn 0.2963 0.9518 -0.0799
vn 0.0291 0.9995 -0.0149
vn 0.2381 0.9518 -0.1935
vn 0.2732 0.9518 -0.1397
vn 0.1927 0.9518 -0.2388
vn 0.0184 0.9996 -0.0209
vn 0.1388 0.9518 -0.2736
vn 0.0137 0.9996 -0.0243
vn 0.0789 0.9518 -0.2965
vn 0.0083 0.9996 -0.0266
vn 0.0156 0.9518 -0.3065
vn 0.0026 0.9996 -0.0278
vn -0.0485 0.9518 -0.3030
vn -0.0032 0.9996 -0.0277
vn -0.1104 0.9518 -0.2863
vn -0.0089 0.9996 -0.0264
vn -0.0178 0.9995 -0.0272
vn -0.0142 0.9996 -0.0240
vn -0.2173 0.9518 -0.2166
vn -0.1676 0.9518 -0.2571
vn -0.2576 0.9518 -0.1667
vn -0.0228 0.9996 -0.0161
vn -0.2866 0.9518 -0.1095
vn -0.0256 0.9996 -0.0111
vn -0.0323 0.9995 -0.0050
vn -0.0274 0.9996 -0.0055
vn -0.3032 0.9518 -0.0475
vn -0.0326 0.9995 0.0018
vn -0.2963 0.9518 0.0799
vn -0.3063 0.9518 0.0166
vn -0.2732 0.9518 0.1398
vn -0.0254 0.9996 0.0116
vn -0.2381 0.9518 0.1935
vn -0.0224 0.9996 0.0166
vn -0.0205 0.9995 0.0254
vn -0.0184 0.9996 0.0210
vn -0.1389 0.9518 0.2736
vn -0.1927 0.9518 0.2388
vn -0.0789 0.9518 0.2965
vn -0.0083 0.9996 0.0266
vn -0.0017 0.9995 0.0326
vn -0.0026 0.9996 0.0278
vn -0.0156 0.9517 0.3068
vn 0.0051 0.9995 0.0322
vn 0.1105 0.9518 0.2863
vn 0.0485 0.9518 0.3030
vn 0.0178 0.9995 0.0273
vn 0.0142 0.9996 0.0240
vn 0.1676 0.9517 0.2571
vn 0.0231 0.9995 0.0230
vn 0.2173 0.9518 0.2166
vn 0.0274 0.9995 0.0177
vn 0.2576 0.9518 0.1667
vn 0.1580 -0.0000 0.9874
vn 0.5461 -0.0000 0.8377
vn 0.8903 -0.0000 -0.4554
vn 0.2572 -0.0000 -0.9663
vn 0.2573 -0.0000 -0.9663
vn -0.8396 -0.0000 -0.5433
vn 0.9205 -0.1707 0.3516
vn 0.9879 0.0005 0.1548
vn 0.9342 0.0004 0.3568
vn 0.9734 -0.1707 0.1525
vn 0.9985 0.0005 -0.0540
vn 0.9513 -0.1708 -0.2566
vn 0.9839 -0.1708 -0.0532
vn 0.8902 0.0005 -0.4555
vn 0.9717 -0.0257 -0.2350
vn 0.8772 -0.1707 -0.4488
vn 0.7761 0.0005 -0.6306
vn 0.7647 -0.1707 -0.6214
vn 0.6280 0.0005 -0.7782
vn 0.4459 -0.1707 -0.8787
vn 0.6188 -0.1707 -0.7668
vn 0.2534 -0.1708 -0.9522
vn 0.4757 -0.0257 -0.8792
vn 0.0499 -0.1707 -0.9840
vn 0.2823 -0.0257 -0.9590
vn -0.1558 -0.1707 -0.9729
vn 0.0769 -0.0257 -0.9967
vn -0.3547 -0.1707 -0.9193
vn -0.1320 -0.0257 -0.9909
vn -0.5380 -0.1707 -0.8255
vn -0.3352 -0.0257 -0.9418
vn -0.7083 0.0005 -0.7059
vn -0.5239 -0.0257 -0.8514
vn -0.8272 -0.1707 -0.5353
vn -0.6979 -0.1707 -0.6956
vn -0.9205 -0.1707 -0.3516
vn -0.8247 -0.0257 -0.5650
vn -0.9734 -0.1707 -0.1525
vn -0.9242 -0.0257 -0.3811
vn -0.9839 -0.1708 0.0532
vn -0.9832 -0.0257 -0.1806
vn -0.9513 -0.1707 0.2566
vn -0.9993 -0.0257 0.0278
vn -0.8902 0.0006 0.4555
vn -0.9716 -0.0257 0.2351
vn -0.7647 -0.1707 0.6214
vn -0.8772 -0.1707 0.4488
vn -0.6280 0.0005 0.7782
vn -0.7920 -0.0257 0.6100
vn -0.4459 -0.1707 0.8787
vn -0.6188 -0.1707 0.7668
vn -0.2534 -0.1708 0.9522
vn -0.4756 -0.0257 0.8793
vn -0.0499 -0.1707 0.9841
vn -0.2824 -0.0257 0.9590
vn 0.0506 -0.0000 -0.9987
vn 0.1581 0.0005 0.9874
vn -0.0768 -0.0257 0.9967
vn 0.1558 -0.1707 0.9729
vn 0.3599 0.0005 0.9330
vn 0.5380 -0.1707 0.8255
vn 0.3547 -0.1707 0.9193
vn 0.7083 0.0005 0.7059
vn 0.5237 -0.0257 0.8515
vn 0.6979 -0.1707 0.6956
vn 0.8396 0.0005 0.5433
vn 0.8272 -0.1707 0.5353
vn 0.1319 0.9566 -0.2599
vn 0.1830 0.9566 -0.2268
vn 0.2262 0.9566 -0.1838
vn 0.2594 0.9566 -0.1327
vn 0.2814 0.9566 -0.0759
vn 0.2910 0.9566 -0.0157
vn 0.2879 0.9566 0.0451
vn 0.2722 0.9566 0.1040
vn 0.2447 0.9566 0.1583
vn 0.2064 0.9566 0.2057
vn 0.1591 0.9566 0.2441
vn 0.1049 0.9566 0.2719
vn 0.0461 0.9566 0.2877
vn -0.0148 0.9566 0.2910
vn -0.0750 0.9566 0.2816
vn -0.1319 0.9566 0.2599
vn -0.1830 0.9566 0.2268
vn -0.2262 0.9566 0.1838
vn -0.2595 0.9566 0.1327
vn -0.2814 0.9566 0.0759
vn -0.2910 0.9566 0.0157
vn -0.2879 0.9566 -0.0451
vn -0.2723 0.9566 -0.1040
vn -0.2447 0.9566 -0.1583
vn -0.2064 0.9566 -0.2057
vn -0.1591 0.9566 -0.2441
vn -0.1049 0.9566 -0.2719
vn -0.0461 0.9566 -0.2878
vn 0.0148 0.9566 -0.2910
vn 0.0750 0.9566 -0.2816
vn -0.4493 0.1192 0.8854
vn -0.6235 0.1192 0.7727
vn -0.7706 0.1192 0.6261
vn -0.8839 0.1192 0.4522
vn -0.9586 0.1192 0.2586
vn -0.9914 0.1192 0.0536
vn -0.9809 0.1192 -0.1537
vn -0.9275 0.1192 -0.3543
vn -0.8336 0.1192 -0.5394
vn -0.7032 0.1192 -0.7009
vn -0.5421 0.1192 -0.8318
vn -0.3574 0.1192 -0.9263
vn -0.1569 0.1192 -0.9804
vn 0.0503 0.1192 -0.9916
vn 0.2554 0.1192 -0.9595
vn 0.4493 0.1192 -0.8854
vn 0.6235 0.1192 -0.7727
vn 0.7706 0.1192 -0.6261
vn 0.8839 0.1192 -0.4522
vn 0.9586 0.1192 -0.2586
vn 0.9914 0.1192 -0.0536
vn 0.9809 0.1192 0.1537
vn 0.9275 0.1192 0.3543
vn 0.8336 0.1192 0.5394
vn 0.7032 0.1192 0.7009
vn 0.5421 0.1192 0.8318
vn 0.3574 0.1192 0.9263
vn 0.1570 0.1192 0.9804
vn -0.0503 0.1192 0.9916
vn -0.2554 0.1192 0.9595
vt 0.094068 0.589067
vt 0.361909 0.579368
vt 0.343615 0.846763
vt 0.878953 0.678832
vt 0.880526 0.684995
vt 0.877082 0.690265
vt 0.053841 0.730161
vt 0.052466 0.692484
vt 0.058956 0.655342
vt 0.073028 0.620361
vt 0.121151 0.562838
vt 0.153094 0.542816
vt 0.188506 0.529873
vt 0.225840 0.524575
vt 0.263455 0.527160
vt 0.299705 0.537509
vt 0.333005 0.555167
vt 0.385169 0.609034
vt 0.412303 0.717125
vt 0.401748 0.642882
vt 0.410928 0.679446
vt 0.405811 0.754269
vt 0.391738 0.789247
vt 0.370700 0.820532
vt 0.311669 0.866788
vt 0.201313 0.882452
vt 0.276262 0.879732
vt 0.238932 0.885031
vt 0.165055 0.872104
vt 0.131748 0.854445
vt 0.102844 0.830249
vt 0.079602 0.800569
vt 0.063020 0.766717
vt 0.874092 0.691375
vt 0.872490 0.691435
vt 0.870910 0.691157
vt 0.869419 0.690556
vt 0.868083 0.689659
vt 0.866961 0.688503
vt 0.865314 0.684022
vt 0.866103 0.687139
vt 0.865547 0.685623
vt 0.865412 0.682404
vt 0.865834 0.680841
vt 0.866565 0.679401
vt 0.867576 0.678146
vt 0.868822 0.677132
vt 0.870248 0.676404
vt 0.871797 0.675995
vt 0.873399 0.675921
vt 0.874985 0.676186
vt 0.876483 0.676776
vt 0.877825 0.677670
vt 0.879817 0.680210
vt 0.880380 0.681743
vt 0.880619 0.683362
vt 0.880100 0.686567
vt 0.879360 0.688010
vt 0.878337 0.689261
vt 0.875645 0.690980
vt 0.763474 0.103280
vt 0.796616 0.106442
vt 0.763446 0.106529
vt 0.829860 0.103206
vt 0.796663 0.103205
vt 0.863056 0.103313
vt 0.829797 0.106442
vt 0.896264 0.103545
vt 0.862977 0.106549
vt 0.929494 0.103982
vt 0.896165 0.106780
vt 0.962799 0.104751
vt 0.929366 0.107204
vt 0.996173 0.109714
vt 0.962603 0.107986
vt 0.000977 0.108975
vt 0.034905 0.110160
vt 0.001009 0.112225
vt 0.034695 0.106933
vt 0.068377 0.109113
vt 0.068250 0.105880
vt 0.101770 0.108552
vt 0.101688 0.105316
vt 0.135092 0.108254
vt 0.135037 0.105018
vt 0.168347 0.108103
vt 0.201519 0.104796
vt 0.168309 0.104867
vt 0.234671 0.104771
vt 0.201545 0.108032
vt 0.267785 0.104706
vt 0.234693 0.107997
vt 0.300908 0.104667
vt 0.267805 0.107943
vt 0.333981 0.104720
vt 0.300916 0.107915
vt 0.367008 0.107955
vt 0.333982 0.107946
vt 0.400010 0.104680
vt 0.367003 0.104718
vt 0.433029 0.104602
vt 0.400018 0.107917
vt 0.466042 0.104512
vt 0.433037 0.107839
vt 0.499068 0.104404
vt 0.466049 0.107749
vt 0.532106 0.104337
vt 0.499068 0.107652
vt 0.565113 0.107471
vt 0.532103 0.107574
vt 0.598123 0.104115
vt 0.565115 0.104234
vt 0.631149 0.103969
vt 0.598121 0.107352
vt 0.664183 0.107049
vt 0.631146 0.107206
vt 0.664190 0.103812
vt 0.697234 0.106875
vt 0.730347 0.103491
vt 0.697247 0.103638
vt 0.730331 0.106717
vt 0.763382 0.113491
vt 0.795514 0.207098
vt 0.762633 0.207183
vt 0.829661 0.113372
vt 0.796517 0.113374
vt 0.862810 0.113477
vt 0.828386 0.207037
vt 0.895958 0.113707
vt 0.861248 0.207024
vt 0.929096 0.114122
vt 0.894100 0.207078
vt 0.959794 0.207456
vt 0.926941 0.207212
vt 0.995011 0.116521
vt 0.962177 0.114907
vt 0.035365 0.117077
vt 0.005290 0.210450
vt 0.002195 0.119043
vt 0.068651 0.116045
vt 0.038068 0.209898
vt 0.101946 0.115483
vt 0.070898 0.209425
vt 0.135213 0.115185
vt 0.103754 0.209091
vt 0.168433 0.115034
vt 0.136635 0.208878
vt 0.201609 0.114962
vt 0.169544 0.208724
vt 0.234743 0.114915
vt 0.202476 0.208654
vt 0.267844 0.114894
vt 0.235426 0.208605
vt 0.300934 0.114857
vt 0.268387 0.208532
vt 0.334305 0.208530
vt 0.301339 0.208541
vt 0.367013 0.114884
vt 0.333990 0.114863
vt 0.400030 0.114846
vt 0.367282 0.208494
vt 0.433047 0.114767
vt 0.400254 0.208456
vt 0.466061 0.114668
vt 0.433216 0.208433
vt 0.499120 0.208237
vt 0.466168 0.208340
vt 0.532100 0.114483
vt 0.499074 0.114603
vt 0.565109 0.114399
vt 0.532062 0.208193
vt 0.598121 0.114282
vt 0.565015 0.208070
vt 0.631139 0.114136
vt 0.597964 0.207951
vt 0.664168 0.113979
vt 0.630909 0.207821
vt 0.697209 0.113825
vt 0.663853 0.207674
vt 0.730291 0.113617
vt 0.696797 0.207490
vt 0.729719 0.207374
vt 0.795492 0.219451
vt 0.763156 0.327557
vt 0.762616 0.219580
vt 0.828348 0.219375
vt 0.796070 0.327386
vt 0.861192 0.219337
vt 0.828969 0.327153
vt 0.894033 0.219350
vt 0.861858 0.326837
vt 0.926878 0.219420
vt 0.894741 0.326436
vt 0.959756 0.219522
vt 0.927629 0.325912
vt 0.992667 0.219597
vt 0.960534 0.325284
vt 0.005297 0.222423
vt 0.038395 0.328456
vt 0.005482 0.328156
vt 0.071070 0.221680
vt 0.038201 0.222047
vt 0.103919 0.221405
vt 0.071265 0.328713
vt 0.136778 0.221214
vt 0.104112 0.328874
vt 0.169659 0.221098
vt 0.136965 0.328934
vt 0.202739 0.328918
vt 0.169841 0.328922
vt 0.235505 0.220912
vt 0.202573 0.220985
vt 0.268446 0.220906
vt 0.235666 0.328873
vt 0.301397 0.220863
vt 0.268616 0.328825
vt 0.334355 0.220854
vt 0.301576 0.328797
vt 0.367322 0.220831
vt 0.334550 0.328762
vt 0.400289 0.220781
vt 0.367532 0.328736
vt 0.433488 0.328704
vt 0.400512 0.328720
vt 0.433250 0.220714
vt 0.466466 0.328650
vt 0.499145 0.220619
vt 0.466198 0.220687
vt 0.532397 0.328533
vt 0.499436 0.328593
vt 0.565039 0.220402
vt 0.532094 0.220481
vt 0.597985 0.220286
vt 0.565367 0.328418
vt 0.630928 0.220157
vt 0.598340 0.328289
vt 0.663863 0.220016
vt 0.631316 0.328151
vt 0.696798 0.219878
vt 0.664296 0.327973
vt 0.729723 0.219668
vt 0.697266 0.327851
vt 0.730215 0.327742
vt 0.796252 0.339294
vt 0.764929 0.436971
vt 0.763313 0.339483
vt 0.829173 0.339038
vt 0.798155 0.436795
vt 0.862084 0.338698
vt 0.831422 0.436482
vt 0.894990 0.338247
vt 0.864718 0.436009
vt 0.927889 0.337669
vt 0.898023 0.435351
vt 0.960766 0.336912
vt 0.931321 0.434455
vt 0.993574 0.336023
vt 0.964583 0.433127
vt 0.038327 0.340156
vt 0.003184 0.435282
vt 0.005353 0.339697
vt 0.071184 0.340517
vt 0.036076 0.436899
vt 0.104031 0.340737
vt 0.069251 0.437700
vt 0.136899 0.340832
vt 0.102497 0.438085
vt 0.169789 0.340848
vt 0.135735 0.438247
vt 0.202708 0.340792
vt 0.168937 0.438255
vt 0.235652 0.340751
vt 0.202083 0.438212
vt 0.268614 0.340711
vt 0.235188 0.438170
vt 0.301584 0.340674
vt 0.268270 0.438125
vt 0.334563 0.340640
vt 0.301338 0.438084
vt 0.367554 0.340611
vt 0.334398 0.438035
vt 0.400543 0.340593
vt 0.367454 0.438046
vt 0.433618 0.438062
vt 0.400526 0.438051
vt 0.466514 0.340549
vt 0.433530 0.340574
vt 0.499485 0.340494
vt 0.466734 0.438071
vt 0.532457 0.340392
vt 0.499871 0.438008
vt 0.565432 0.340296
vt 0.533008 0.437926
vt 0.598415 0.340174
vt 0.566147 0.437784
vt 0.631403 0.340033
vt 0.599275 0.437642
vt 0.665500 0.437328
vt 0.632392 0.437458
vt 0.697381 0.339733
vt 0.664394 0.339906
vt 0.730359 0.339578
vt 0.698609 0.437205
vt 0.731741 0.437117
vt 0.798239 0.440454
vt 0.765051 0.444057
vt 0.764994 0.440649
vt 0.831531 0.440140
vt 0.798315 0.443873
vt 0.864849 0.439666
vt 0.831631 0.443547
vt 0.898179 0.439006
vt 0.864969 0.443071
vt 0.931519 0.438110
vt 0.898323 0.442411
vt 0.964865 0.436765
vt 0.931697 0.441503
vt 0.998434 0.434479
vt 0.965124 0.440167
vt 0.035867 0.440554
vt 0.002048 0.442237
vt 0.002528 0.438864
vt 0.069028 0.444770
vt 0.035675 0.443961
vt 0.069132 0.441361
vt 0.102363 0.445154
vt 0.102425 0.441746
vt 0.135657 0.445315
vt 0.168915 0.441934
vt 0.135692 0.441907
vt 0.202073 0.441870
vt 0.168899 0.445342
vt 0.235179 0.441806
vt 0.202063 0.445277
vt 0.268258 0.441782
vt 0.235169 0.445201
vt 0.301328 0.441742
vt 0.268248 0.445189
vt 0.334394 0.441714
vt 0.301324 0.445161
vt 0.367450 0.441682
vt 0.334389 0.445109
vt 0.400519 0.441709
vt 0.367444 0.445089
vt 0.433614 0.441720
vt 0.400515 0.445116
vt 0.466739 0.441730
vt 0.433614 0.445139
vt 0.499892 0.441687
vt 0.466748 0.445127
vt 0.533041 0.441584
vt 0.499910 0.445106
vt 0.566225 0.444848
vt 0.533069 0.444992
vt 0.599318 0.441279
vt 0.566189 0.441442
vt 0.632439 0.441136
vt 0.599356 0.444686
vt 0.665553 0.440987
vt 0.632484 0.444544
vt 0.698666 0.440862
vt 0.665601 0.444394
vt 0.731797 0.440753
vt 0.698718 0.444268
vt 0.731848 0.444148
vt 0.499454 0.332265
vt 0.466498 0.334853
vt 0.466486 0.332321
vt 0.433517 0.334888
vt 0.433507 0.332372
vt 0.400527 0.332385
vt 0.400534 0.334907
vt 0.367548 0.334923
vt 0.367544 0.332401
vt 0.334563 0.334951
vt 0.334560 0.332429
vt 0.301584 0.334985
vt 0.301583 0.332463
vt 0.268622 0.335018
vt 0.268622 0.332491
vt 0.235667 0.335062
vt 0.235670 0.332539
vt 0.202728 0.335105
vt 0.202734 0.332587
vt 0.169814 0.335135
vt 0.169824 0.332612
vt 0.136943 0.332603
vt 0.136929 0.335133
vt 0.104070 0.335055
vt 0.104086 0.332536
vt 0.071221 0.334862
vt 0.071237 0.332359
vt 0.038363 0.332066
vt 0.038348 0.334551
vt 0.004851 0.334166
vt 0.005044 0.331704
vt 0.993890 0.328086
vt 0.960661 0.331336
vt 0.960611 0.328862
vt 0.927766 0.332037
vt 0.927712 0.329541
vt 0.894871 0.332590
vt 0.894820 0.330085
vt 0.861975 0.333017
vt 0.861929 0.330499
vt 0.829076 0.333345
vt 0.829034 0.330822
vt 0.796167 0.333591
vt 0.796128 0.331059
vt 0.763239 0.333770
vt 0.763206 0.331246
vt 0.730290 0.333910
vt 0.730259 0.331391
vt 0.697325 0.334042
vt 0.697301 0.331519
vt 0.664323 0.331661
vt 0.664344 0.334190
vt 0.631340 0.331819
vt 0.631359 0.334342
vt 0.598373 0.334482
vt 0.598360 0.331958
vt 0.565397 0.334606
vt 0.565383 0.332088
vt 0.532424 0.334713
vt 0.532413 0.332186
vt 0.499464 0.334791
vt 0.466178 0.212010
vt 0.499129 0.213934
vt 0.466183 0.214013
vt 0.433232 0.214079
vt 0.433227 0.212080
vt 0.400272 0.214123
vt 0.400267 0.212121
vt 0.367300 0.212159
vt 0.367306 0.214166
vt 0.334334 0.214196
vt 0.334327 0.212195
vt 0.301370 0.214207
vt 0.301361 0.212209
vt 0.268412 0.214223
vt 0.268403 0.212220
vt 0.235465 0.214261
vt 0.235452 0.212252
vt 0.202525 0.214323
vt 0.202510 0.212321
vt 0.169598 0.214415
vt 0.169580 0.212412
vt 0.136700 0.214550
vt 0.136677 0.212547
vt 0.103804 0.212753
vt 0.103831 0.214753
vt 0.070947 0.213074
vt 0.070976 0.215061
vt 0.038099 0.213512
vt 0.038119 0.215485
vt 0.004726 0.215959
vt 0.004892 0.214003
vt 0.993143 0.211259
vt 0.959785 0.213006
vt 0.959791 0.211047
vt 0.926914 0.212826
vt 0.926924 0.210844
vt 0.894069 0.212721
vt 0.894081 0.210728
vt 0.861233 0.210686
vt 0.861222 0.212685
vt 0.828376 0.210706
vt 0.828370 0.212710
vt 0.795508 0.210772
vt 0.795504 0.212778
vt 0.762627 0.210875
vt 0.762625 0.212884
vt 0.729718 0.213025
vt 0.729718 0.211025
vt 0.696795 0.213186
vt 0.696795 0.211179
vt 0.663855 0.213349
vt 0.663854 0.211344
vt 0.630908 0.211489
vt 0.630910 0.213493
vt 0.597967 0.213622
vt 0.597965 0.211619
vt 0.565024 0.213740
vt 0.565021 0.211737
vt 0.532072 0.213841
vt 0.532068 0.211842
vt 0.499125 0.211926
vt 0.499473 0.336822
vt 0.466507 0.336878
vt 0.433522 0.336907
vt 0.400539 0.336929
vt 0.367552 0.336945
vt 0.334565 0.336974
vt 0.301584 0.337008
vt 0.268622 0.337046
vt 0.235665 0.337085
vt 0.202722 0.337124
vt 0.169804 0.337159
vt 0.104055 0.337075
vt 0.136917 0.337163
vt 0.071207 0.336870
vt 0.038337 0.336544
vt 0.993935 0.332486
vt 0.960701 0.333320
vt 0.894915 0.334598
vt 0.927812 0.334040
vt 0.829111 0.335369
vt 0.862014 0.335037
vt 0.796198 0.335622
vt 0.763266 0.335794
vt 0.730314 0.335930
vt 0.664362 0.336218
vt 0.697345 0.336066
vt 0.631373 0.336366
vt 0.598387 0.336506
vt 0.532435 0.336740
vt 0.565408 0.336626
vt 0.466188 0.217017
vt 0.499135 0.216929
vt 0.433240 0.217067
vt 0.400281 0.217116
vt 0.334346 0.217189
vt 0.367315 0.217165
vt 0.301384 0.217195
vt 0.268426 0.217217
vt 0.235484 0.217264
vt 0.202549 0.217317
vt 0.169626 0.217409
vt 0.103870 0.217743
vt 0.136734 0.217545
vt 0.071016 0.218033
vt 0.038154 0.218435
vt 0.993095 0.216080
vt 0.959776 0.215934
vt 0.894054 0.215700
vt 0.926898 0.215791
vt 0.861210 0.215675
vt 0.828361 0.215706
vt 0.795499 0.215777
vt 0.729720 0.216017
vt 0.762621 0.215888
vt 0.663857 0.216345
vt 0.696795 0.216188
vt 0.630916 0.216488
vt 0.597973 0.216618
vt 0.532081 0.216831
vt 0.565028 0.216734
vt 0.004995 0.336144
vt 0.004894 0.218879
vt 0.993291 0.213192
vt 0.047943 0.652201
vt 0.047661 0.692162
vt 0.041040 0.691713
vt 0.062915 0.614991
vt 0.054325 0.654023
vt 0.085289 0.581725
vt 0.068774 0.618105
vt 0.118174 0.559054
vt 0.090376 0.585982
vt 0.148054 0.532533
vt 0.114077 0.553836
vt 0.185725 0.518764
vt 0.150973 0.538493
vt 0.225431 0.513134
vt 0.187335 0.525202
vt 0.265437 0.515881
vt 0.225666 0.519765
vt 0.301509 0.533044
vt 0.264287 0.522417
vt 0.303998 0.526893
vt 0.335700 0.551178
vt 0.339417 0.545681
vt 0.365363 0.576021
vt 0.370130 0.571409
vt 0.389240 0.606465
vt 0.394855 0.602931
vt 0.406268 0.641220
vt 0.422265 0.677828
vt 0.412497 0.638934
vt 0.417106 0.717450
vt 0.415695 0.678763
vt 0.416824 0.757406
vt 0.423726 0.717903
vt 0.395992 0.791503
vt 0.410443 0.755586
vt 0.401853 0.794616
vt 0.374390 0.823626
vt 0.350672 0.855771
vt 0.379472 0.827893
vt 0.313795 0.871108
vt 0.346583 0.850548
vt 0.316718 0.877064
vt 0.277438 0.884402
vt 0.239345 0.896476
vt 0.279055 0.890838
vt 0.199335 0.893729
vt 0.239108 0.889844
vt 0.160773 0.882725
vt 0.200483 0.887194
vt 0.129056 0.858438
vt 0.163257 0.876571
vt 0.125342 0.863937
vt 0.099379 0.833592
vt 0.069905 0.806643
vt 0.094600 0.838195
vt 0.052275 0.770668
vt 0.075527 0.803124
vt 0.049076 0.730847
vt 0.058503 0.768381
vt 0.042508 0.731788
vt 0.038174 0.732411
vt 0.036671 0.691418
vt 0.796570 0.109714
vt 0.048166 0.772179
vt 0.829733 0.109713
vt 0.066195 0.808968
vt 0.862897 0.109820
vt 0.091448 0.841233
vt 0.896068 0.110050
vt 0.929240 0.110465
vt 0.159136 0.886786
vt 0.122893 0.867567
vt 0.962404 0.111255
vt 0.198579 0.898041
vt 0.995686 0.112947
vt 0.035119 0.113425
vt 0.239503 0.900851
vt 0.068503 0.112385
vt 0.280123 0.895084
vt 0.101850 0.111824
vt 0.318649 0.880994
vt 0.135146 0.111526
vt 0.382826 0.830707
vt 0.353372 0.859217
vt 0.168384 0.111375
vt 0.201572 0.111304
vt 0.421035 0.758605
vt 0.405721 0.796668
vt 0.234715 0.111257
vt 0.428094 0.718200
vt 0.267824 0.111215
vt 0.426599 0.677210
vt 0.300926 0.111198
vt 0.333988 0.111205
vt 0.416607 0.637424
vt 0.367015 0.111226
vt 0.398560 0.600597
vt 0.400027 0.111189
vt 0.341869 0.542054
vt 0.373275 0.568364
vt 0.433044 0.111110
vt 0.466056 0.111032
vt 0.305640 0.522833
vt 0.499069 0.110924
vt 0.266195 0.511569
vt 0.532099 0.110846
vt 0.184661 0.514517
vt 0.225275 0.508758
vt 0.565108 0.110742
vt 0.598117 0.110624
vt 0.146127 0.528602
vt 0.631140 0.110478
vt 0.111371 0.550393
vt 0.664173 0.110320
vt 0.081931 0.578916
vt 0.697220 0.110146
vt 0.043733 0.651000
vt 0.059048 0.612938
vt 0.730313 0.109978
vt 0.763417 0.109811
vt 0.716315 0.899563
vt 0.675241 0.897097
vt 0.676417 0.892872
vt 0.636766 0.881963
vt 0.638790 0.878072
vt 0.605046 0.855813
vt 0.602261 0.859201
vt 0.573221 0.829789
vt 0.576648 0.827052
vt 0.554839 0.793031
vt 0.550920 0.794998
vt 0.536322 0.756347
vt 0.540564 0.755236
vt 0.530058 0.715519
vt 0.534438 0.715309
vt 0.532381 0.674283
vt 0.536710 0.674983
vt 0.547287 0.635999
vt 0.543196 0.634420
vt 0.565708 0.600040
vt 0.562032 0.597649
vt 0.591187 0.568670
vt 0.588086 0.565569
vt 0.620234 0.539574
vt 0.622625 0.543250
vt 0.657085 0.520795
vt 0.658663 0.524886
vt 0.697047 0.510045
vt 0.697743 0.514375
vt 0.738406 0.507809
vt 0.738189 0.512189
vt 0.778248 0.518430
vt 0.779369 0.514190
vt 0.816193 0.532844
vt 0.818169 0.528929
vt 0.850386 0.554844
vt 0.853136 0.551428
vt 0.879333 0.583487
vt 0.882735 0.580718
vt 0.901778 0.617563
vt 0.905684 0.615567
vt 0.916735 0.655796
vt 0.920972 0.654666
vt 0.927457 0.696757
vt 0.923077 0.696965
vt 0.920336 0.737984
vt 0.924661 0.738709
vt 0.909206 0.777274
vt 0.913283 0.778889
vt 0.893899 0.815736
vt 0.890249 0.813305
vt 0.867304 0.847738
vt 0.864241 0.844599
vt 0.834700 0.873498
vt 0.832359 0.869790
vt 0.797522 0.891906
vt 0.796002 0.887793
vt 0.757392 0.902191
vt 0.756756 0.897852
vt 0.716038 0.903940
vt 0.202055 0.448383
vt 0.168881 0.448448
vt 0.135622 0.448421
vt 0.102304 0.448260
vt 0.068927 0.447874
vt 0.035500 0.447067
vt 0.002050 0.445343
vt 0.999023 0.440948
vt 0.965357 0.443268
vt 0.931861 0.444593
vt 0.898456 0.445514
vt 0.865079 0.446175
vt 0.831722 0.446652
vt 0.798385 0.446990
vt 0.765101 0.447163
vt 0.731893 0.447244
vt 0.698764 0.447375
vt 0.665643 0.447501
vt 0.632523 0.447650
vt 0.599391 0.447793
vt 0.566258 0.447955
vt 0.533097 0.448098
vt 0.499927 0.448223
vt 0.466754 0.448233
vt 0.433615 0.448245
vt 0.400511 0.448223
vt 0.367441 0.448196
vt 0.334391 0.448205
vt 0.301321 0.448279
vt 0.268237 0.448296
vt 0.235160 0.448297
vt 0.001509 0.115467
vt 0.716594 0.895141
vt 0.677605 0.888605
vt 0.640834 0.874141
vt 0.607858 0.852390
vt 0.580109 0.824286
vt 0.558800 0.791044
vt 0.544850 0.754114
vt 0.538863 0.715098
vt 0.541083 0.675690
vt 0.551420 0.637594
vt 0.594319 0.571804
vt 0.569421 0.602458
vt 0.625039 0.546965
vt 0.660256 0.529020
vt 0.698445 0.518749
vt 0.737970 0.516615
vt 0.814195 0.536798
vt 0.777114 0.522712
vt 0.847607 0.558295
vt 0.875896 0.586281
vt 0.897832 0.619576
vt 0.912458 0.656927
vt 0.918657 0.697184
vt 0.905085 0.775644
vt 0.915965 0.737256
vt 0.886560 0.810851
vt 0.861146 0.841428
vt 0.829992 0.866045
vt 0.756113 0.893469
vt 0.794465 0.883637
vt 0.716995 0.888726
vt 0.679324 0.882411
vt 0.611938 0.847423
vt 0.643798 0.868438
vt 0.585129 0.820271
vt 0.564543 0.788157
vt 0.551067 0.752479
vt 0.547428 0.676712
vt 0.545284 0.714786
vt 0.557418 0.639907
vt 0.574810 0.605962
vt 0.598865 0.576348
vt 0.628546 0.552352
vt 0.662571 0.535017
vt 0.699466 0.525095
vt 0.737652 0.523035
vt 0.775470 0.528926
vt 0.811293 0.542534
vt 0.870908 0.590338
vt 0.843575 0.563302
vt 0.892105 0.622491
vt 0.906266 0.658548
vt 0.912261 0.697520
vt 0.909622 0.736211
vt 0.899104 0.773288
vt 0.881207 0.807294
vt 0.856649 0.836835
vt 0.792228 0.877612
vt 0.826551 0.860616
vt 0.755176 0.887111
vt 0.868880 0.698754
vt 0.872049 0.699321
vt 0.865879 0.697550
vt 0.863175 0.695759
vt 0.860918 0.693437
vt 0.859180 0.690698
vt 0.858045 0.687657
vt 0.857545 0.684447
vt 0.857719 0.681203
vt 0.858532 0.678060
vt 0.859978 0.675157
vt 0.861988 0.672616
vt 0.864474 0.670545
vt 0.867336 0.669039
vt 0.870438 0.668151
vt 0.873651 0.667923
vt 0.876841 0.668365
vt 0.879871 0.669461
vt 0.882614 0.671162
vt 0.884965 0.673431
vt 0.886839 0.676195
vt 0.888710 0.682998
vt 0.888203 0.679528
vt 0.888394 0.686609
vt 0.887422 0.689828
vt 0.885844 0.692696
vt 0.883781 0.695128
vt 0.881253 0.697082
vt 0.878371 0.698467
vt 0.875258 0.699226
vt 0.869349 0.697027
vt 0.872196 0.696941
vt 0.872158 0.697545
vt 0.866948 0.695469
vt 0.869504 0.696460
vt 0.866678 0.695995
vt 0.864684 0.693915
vt 0.864311 0.694367
vt 0.862777 0.691941
vt 0.860802 0.689874
vt 0.862315 0.692309
vt 0.859746 0.687202
vt 0.861327 0.689606
vt 0.859309 0.684350
vt 0.860321 0.687044
vt 0.859442 0.681474
vt 0.859894 0.684321
vt 0.860191 0.678695
vt 0.860017 0.681567
vt 0.861482 0.676129
vt 0.860740 0.678909
vt 0.863269 0.673887
vt 0.861978 0.676454
vt 0.865806 0.672579
vt 0.863688 0.674310
vt 0.868005 0.670748
vt 0.865484 0.672083
vt 0.870748 0.669955
vt 0.868230 0.671314
vt 0.873596 0.669753
vt 0.870855 0.670549
vt 0.876291 0.670734
vt 0.873580 0.670358
vt 0.876426 0.670148
vt 0.878852 0.671709
vt 0.881504 0.672738
vt 0.879114 0.671145
vt 0.883597 0.674748
vt 0.881145 0.673238
vt 0.885239 0.677217
vt 0.883143 0.675174
vt 0.885745 0.680230
vt 0.884702 0.677536
vt 0.886808 0.683075
vt 0.886349 0.680056
vt 0.886577 0.686124
vt 0.886192 0.683094
vt 0.885195 0.688709
vt 0.885978 0.685982
vt 0.885744 0.688976
vt 0.883890 0.691167
vt 0.882560 0.693748
vt 0.884381 0.691542
vt 0.879993 0.694946
vt 0.882160 0.693296
vt 0.880302 0.695468
vt 0.877562 0.696164
vt 0.877767 0.696734
vt 0.874923 0.696834
vt 0.875010 0.697428
vt 0.870068 0.694396
vt 0.872327 0.694800
vt 0.867951 0.693512
vt 0.866016 0.692268
vt 0.864385 0.690632
vt 0.863109 0.688696
vt 0.862331 0.686513
vt 0.862003 0.684222
vt 0.862166 0.681920
vt 0.862722 0.679681
vt 0.863746 0.677613
vt 0.865178 0.675804
vt 0.866951 0.674326
vt 0.868981 0.673226
vt 0.871211 0.672650
vt 0.873507 0.672537
vt 0.875771 0.672923
vt 0.877941 0.673703
vt 0.879913 0.674933
vt 0.881535 0.676619
vt 0.882794 0.678610
vt 0.883613 0.680830
vt 0.883932 0.683175
vt 0.883836 0.685538
vt 0.883241 0.687816
vt 0.882201 0.689912
vt 0.880689 0.691667
vt 0.878923 0.693154
vt 0.876850 0.694156
vt 0.874622 0.694716
vt 0.869062 0.698081
vt 0.872094 0.698576
vt 0.869657 0.695897
vt 0.866214 0.696896
vt 0.867211 0.694960
vt 0.865052 0.693468
vt 0.861492 0.692976
vt 0.863655 0.695174
vt 0.863229 0.691579
vt 0.859829 0.690371
vt 0.861851 0.689338
vt 0.858760 0.687466
vt 0.860883 0.686891
vt 0.860472 0.684291
vt 0.858269 0.684409
vt 0.860576 0.681657
vt 0.858407 0.681312
vt 0.861282 0.679122
vt 0.859210 0.678322
vt 0.862466 0.676776
vt 0.860594 0.675557
vt 0.864101 0.674726
vt 0.862512 0.673138
vt 0.866124 0.673067
vt 0.867611 0.669738
vt 0.864878 0.671159
vt 0.868453 0.671878
vt 0.870960 0.671135
vt 0.870568 0.668891
vt 0.873565 0.670956
vt 0.873632 0.668674
vt 0.876156 0.671306
vt 0.876674 0.669100
vt 0.878596 0.672263
vt 0.879554 0.670172
vt 0.880784 0.673737
vt 0.884410 0.673982
vt 0.882165 0.671815
vt 0.882697 0.675590
vt 0.884173 0.677847
vt 0.887392 0.679755
vt 0.886201 0.676629
vt 0.885153 0.680401
vt 0.885595 0.683113
vt 0.887931 0.683033
vt 0.885388 0.685846
vt 0.887648 0.686386
vt 0.884653 0.688446
vt 0.885252 0.692213
vt 0.886720 0.689457
vt 0.883399 0.690794
vt 0.883284 0.694558
vt 0.881773 0.692858
vt 0.879681 0.694423
vt 0.878124 0.697757
vt 0.880876 0.696437
vt 0.877361 0.695603
vt 0.875156 0.698487
vt 0.874839 0.696248
vt 0.872233 0.696348
vt 0.996193 0.106480
vt 0.992779 0.207741
vt 0.993458 0.324546
vt 0.997715 0.430894
vt 0.998974 0.437842
vt 0.994082 0.330523
s 1
usemtl matTamborAmarelo
f 304/1/1 312/2/1 320/3/1
f 350/4/2 354/5/2 358/6/2
f 330/7/1 301/8/1 302/9/1
f 302/9/1 303/10/1 304/1/1
f 304/1/1 305/11/1 306/12/1
f 306/12/1 307/13/1 308/14/1
f 308/14/1 309/15/1 310/16/1
f 310/16/1 311/17/1 312/2/1
f 312/2/1 313/18/1 316/19/1
f 313/18/1 314/20/1 316/19/1
f 314/20/1 315/21/1 316/19/1
f 316/19/1 317/22/1 320/3/1
f 317/22/1 318/23/1 320/3/1
f 318/23/1 319/24/1 320/3/1
f 320/3/1 321/25/1 324/26/1
f 321/25/1 322/27/1 324/26/1
f 322/27/1 323/28/1 324/26/1
f 324/26/1 325/29/1 326/30/1
f 326/30/1 327/31/1 328/32/1
f 328/32/1 329/33/1 330/7/1
f 330/7/1 302/9/1 328/32/1
f 302/9/1 304/1/1 328/32/1
f 304/1/1 306/12/1 308/14/1
f 308/14/1 310/16/1 304/1/1
f 310/16/1 312/2/1 304/1/1
f 324/26/1 326/30/1 328/32/1
f 312/2/1 316/19/1 320/3/1
f 320/3/1 324/26/1 328/32/1
f 328/32/1 304/1/1 320/3/1
f 360/34/2 331/35/2 332/36/2
f 332/36/2 333/37/2 360/34/2
f 333/37/2 334/38/2 360/34/2
f 334/38/2 335/39/2 338/40/2
f 335/39/2 336/41/2 338/40/2
f 336/41/2 337/42/3 338/40/2
f 338/40/2 339/43/4 340/44/2
f 340/44/2 341/45/2 342/46/2
f 342/46/2 343/47/2 344/48/2
f 344/48/2 345/49/2 346/50/2
f 346/50/2 347/51/2 348/52/2
f 348/52/2 349/53/2 346/50/2
f 349/53/2 350/4/2 346/50/2
f 350/4/2 351/54/2 354/5/2
f 351/54/2 352/55/2 354/5/2
f 352/55/2 353/56/4 354/5/2
f 354/5/2 355/57/4 356/58/5
f 356/58/5 357/59/2 354/5/2
f 357/59/2 358/6/2 354/5/2
f 358/6/2 359/60/2 334/38/2
f 359/60/2 360/34/2 334/38/2
f 338/40/2 340/44/2 342/46/2
f 342/46/2 344/48/2 346/50/2
f 334/38/2 338/40/2 358/6/2
f 338/40/2 342/46/2 358/6/2
f 342/46/2 346/50/2 358/6/2
f 346/50/2 350/4/2 358/6/2
f 1/61/6 3/62/7 4/63/8
f 5/64/9 3/62/7 2/65/10
f 7/66/11 6/67/12 5/64/9
f 9/68/13 8/69/14 7/66/11
f 11/70/15 10/71/16 9/68/13
f 13/72/17 12/73/18 11/70/15
f 13/72/17 16/74/19 14/75/20
f 15/76/21 18/77/22 16/78/19
f 17/79/23 20/80/24 18/77/22
f 19/81/25 22/82/26 20/80/24
f 21/83/27 24/84/28 22/82/26
f 23/85/29 26/86/30 24/84/28
f 27/87/31 26/86/30 25/88/32
f 29/89/33 28/90/34 27/87/31
f 31/91/35 30/92/36 29/89/33
f 33/93/37 32/94/38 31/91/35
f 35/95/39 34/96/40 33/93/37
f 35/95/39 38/97/41 36/98/42
f 39/99/43 38/97/41 37/100/44
f 41/101/45 40/102/46 39/99/43
f 43/103/47 42/104/48 41/101/45
f 45/105/49 44/106/50 43/103/47
f 47/107/51 46/108/52 45/105/49
f 47/107/51 50/109/53 48/110/54
f 51/111/55 50/109/53 49/112/56
f 53/113/57 52/114/58 51/111/55
f 53/113/57 56/115/59 54/116/60
f 55/117/61 58/118/62 56/115/59
f 59/119/63 58/118/62 57/120/64
f 1/61/6 60/121/65 59/119/63
f 61/122/66 63/123/7 64/124/66
f 65/125/67 63/123/7 62/126/7
f 67/127/68 66/128/67 65/125/67
f 69/129/69 68/130/68 67/127/68
f 71/131/70 70/132/71 69/129/69
f 71/131/70 74/133/72 72/134/70
f 75/135/19 74/133/72 73/136/72
f 77/137/22 76/138/19 75/139/19
f 79/140/24 78/141/22 77/137/22
f 81/142/26 80/143/24 79/140/24
f 83/144/28 82/145/26 81/142/26
f 85/146/30 84/147/28 83/144/28
f 87/148/73 86/149/30 85/146/30
f 89/150/74 88/151/73 87/148/73
f 91/152/75 90/153/74 89/150/74
f 93/154/76 92/155/75 91/152/75
f 93/154/76 96/156/77 94/157/76
f 97/158/41 96/156/77 95/159/77
f 99/160/78 98/161/41 97/158/41
f 101/162/79 100/163/78 99/160/78
f 103/164/80 102/165/79 101/162/79
f 103/164/80 106/166/81 104/167/80
f 107/168/82 106/166/81 105/169/81
f 109/170/83 108/171/82 107/168/82
f 111/172/84 110/173/83 109/170/83
f 113/174/85 112/175/84 111/172/84
f 115/176/59 114/177/85 113/174/85
f 117/178/62 116/179/59 115/176/59
f 119/180/86 118/181/62 117/178/62
f 61/122/66 120/182/86 119/180/86
f 122/183/7 124/184/66 121/185/66
f 125/186/67 123/187/7 122/183/7
f 127/188/68 126/189/67 125/186/67
f 129/190/69 128/191/68 127/188/68
f 131/192/70 130/193/71 129/190/69
f 133/194/72 132/195/70 131/192/70
f 135/196/19 134/197/72 133/194/72
f 135/198/19 138/199/22 136/200/19
f 139/201/24 138/199/22 137/202/22
f 141/203/26 140/204/24 139/201/24
f 143/205/28 142/206/26 141/203/26
f 145/207/30 144/208/28 143/205/28
f 145/207/30 148/209/73 146/210/30
f 149/211/74 148/209/73 147/212/73
f 151/213/75 150/214/74 149/211/74
f 153/215/76 152/216/75 151/213/75
f 155/217/77 154/218/76 153/215/76
f 157/219/41 156/220/77 155/217/77
f 159/221/78 158/222/41 157/219/41
f 159/221/78 162/223/79 160/224/78
f 161/225/79 164/226/80 162/223/79
f 165/227/81 164/226/80 163/228/80
f 165/227/81 168/229/82 166/230/81
f 169/231/83 168/229/82 167/232/82
f 171/233/84 170/234/83 169/231/83
f 173/235/85 172/236/84 171/233/84
f 175/237/59 174/238/85 173/235/85
f 177/239/62 176/240/59 175/237/59
f 179/241/86 178/242/62 177/239/62
f 121/185/66 180/243/86 179/241/86
f 182/244/7 184/245/66 181/246/66
f 185/247/67 183/248/7 182/244/7
f 187/249/68 186/250/67 185/247/67
f 189/251/69 188/252/68 187/249/68
f 191/253/70 190/254/71 189/251/69
f 193/255/72 192/256/70 191/253/70
f 195/257/19 194/258/72 193/255/72
f 197/259/22 196/260/19 195/261/19
f 199/262/24 198/263/22 197/259/22
f 201/264/26 200/265/24 199/262/24
f 203/266/28 202/267/26 201/264/26
f 205/268/30 204/269/28 203/266/28
f 207/270/73 206/271/30 205/268/30
f 209/272/74 208/273/73 207/270/73
f 211/274/75 210/275/74 209/272/74
f 213/276/76 212/277/75 211/274/75
f 215/278/77 214/279/76 213/276/76
f 217/280/41 216/281/77 215/278/77
f 219/282/78 218/283/41 217/280/41
f 219/282/78 222/284/79 220/285/78
f 223/286/80 222/284/79 221/287/79
f 225/288/81 224/289/80 223/286/80
f 227/290/82 226/291/81 225/288/81
f 229/292/83 228/293/82 227/290/82
f 231/294/84 230/295/83 229/292/83
f 233/296/85 232/297/84 231/294/84
f 233/296/85 236/298/59 234/299/85
f 237/300/62 236/298/59 235/301/59
f 239/302/86 238/303/62 237/300/62
f 181/246/66 240/304/86 239/302/86
f 242/305/87 244/306/88 241/307/89
f 245/308/90 243/309/91 242/305/87
f 247/310/92 246/311/93 245/308/90
f 249/312/94 248/313/95 247/310/92
f 251/314/96 250/315/97 249/312/94
f 253/316/98 252/317/99 251/314/96
f 255/318/100 254/319/101 253/316/98
f 257/320/102 256/321/103 255/322/100
f 257/320/102 260/323/104 258/324/105
f 259/325/106 262/326/107 260/323/104
f 261/327/108 264/328/109 262/326/107
f 265/329/110 264/328/109 263/330/111
f 267/331/112 266/332/113 265/329/110
f 269/333/114 268/334/115 267/331/112
f 271/335/116 270/336/117 269/333/114
f 273/337/118 272/338/119 271/335/116
f 275/339/120 274/340/121 273/337/118
f 277/341/122 276/342/123 275/339/120
f 279/343/124 278/344/125 277/341/122
f 281/345/126 280/346/127 279/343/124
f 283/347/128 282/348/129 281/345/126
f 285/349/130 284/350/131 283/347/128
f 287/351/132 286/352/133 285/349/130
f 287/351/132 290/353/134 288/354/135
f 291/355/136 290/353/134 289/356/137
f 293/357/138 292/358/139 291/355/136
f 295/359/140 294/360/141 293/357/138
f 297/361/142 296/362/143 295/359/140
f 299/363/144 298/364/145 297/361/142
f 241/307/89 300/365/146 299/363/144
f 362/366/147 364/367/148 361/368/149
f 361/368/149 366/369/150 365/370/151
f 367/371/152 366/369/150 368/372/153
f 367/371/152 370/373/154 369/374/155
f 369/374/155 372/375/156 371/376/157
f 371/376/157 374/377/158 373/378/159
f 373/378/159 376/379/160 375/380/161
f 375/380/161 378/381/162 377/382/163
f 377/382/163 380/383/164 379/384/165
f 379/384/165 382/385/166 381/386/167
f 383/387/168 382/385/166 384/388/169
f 383/387/168 386/389/170 385/390/171
f 385/390/171 388/391/172 387/392/173
f 389/393/174 388/391/172 390/394/175
f 389/393/174 392/395/176 391/396/177
f 391/397/177 394/398/178 393/399/179
f 393/399/179 396/400/180 395/401/181
f 395/401/181 398/402/182 397/403/183
f 397/403/183 400/404/184 399/405/185
f 399/405/185 402/406/186 401/407/187
f 401/407/187 404/408/188 403/409/189
f 403/409/189 406/410/88 405/411/190
f 405/411/190 408/412/191 407/413/192
f 407/413/192 410/414/193 409/415/194
f 411/416/195 410/414/193 412/417/196
f 413/418/197 412/417/196 414/419/198
f 413/418/197 416/420/199 415/421/200
f 415/421/200 418/422/201 417/423/202
f 417/423/202 420/424/203 419/425/204
f 362/366/147 420/424/203 363/426/205
f 421/427/206 423/428/207 424/429/208
f 421/427/206 426/430/209 425/431/210
f 425/431/210 428/432/211 427/433/212
f 429/434/213 428/432/211 430/435/214
f 429/434/213 432/436/215 431/437/216
f 431/437/216 434/438/217 433/439/218
f 433/439/218 436/440/219 435/441/220
f 435/441/220 438/442/221 437/443/222
f 437/443/222 440/444/223 439/445/224
f 439/445/224 442/446/225 441/447/226
f 441/447/226 444/448/227 443/449/228
f 445/450/229 444/448/227 446/451/230
f 447/452/231 446/451/230 448/453/232
f 449/454/233 448/453/232 450/455/234
f 449/454/233 452/456/235 451/457/236
f 451/458/236 454/459/237 453/460/238
f 453/460/238 456/461/239 455/462/240
f 455/462/240 458/463/241 457/464/242
f 459/465/243 458/463/241 460/466/244
f 461/467/245 460/466/244 462/468/246
f 463/469/247 462/468/246 464/470/248
f 465/471/249 464/470/248 466/472/250
f 465/471/249 468/473/251 467/474/252
f 467/474/252 470/475/253 469/476/254
f 469/476/254 472/477/255 471/478/256
f 473/479/257 472/477/255 474/480/258
f 473/479/257 476/481/259 475/482/260
f 475/482/260 478/483/261 477/484/262
f 477/484/262 480/485/263 479/486/264
f 422/487/265 480/485/263 423/428/207
f 166/230/1 361/368/1 164/226/1
f 223/286/2 482/488/2 225/288/2
f 162/223/1 361/368/1 365/370/1
f 221/287/2 481/489/2 223/286/2
f 162/223/1 367/371/1 160/224/1
f 219/282/2 483/490/2 221/287/2
f 160/224/1 369/374/1 158/222/1
f 217/280/2 484/491/2 219/282/2
f 156/220/1 369/374/1 371/376/1
f 215/278/2 485/492/2 217/280/2
f 156/220/1 373/378/1 154/218/1
f 213/276/2 486/493/2 215/278/2
f 152/216/1 373/378/1 375/380/1
f 211/274/2 487/494/2 213/276/2
f 150/214/1 375/380/1 377/382/1
f 209/272/2 488/495/2 211/274/2
f 148/209/1 377/382/1 379/384/1
f 207/270/2 489/496/2 209/272/2
f 146/210/1 379/384/1 381/386/1
f 205/268/2 490/497/2 207/270/2
f 144/208/1 381/386/1 383/387/1
f 203/266/2 491/498/2 205/268/2
f 144/208/1 385/390/1 142/206/1
f 203/266/2 493/499/2 492/500/2
f 142/206/1 387/392/1 140/204/1
f 201/264/2 494/501/2 493/499/2
f 140/204/1 389/393/1 138/199/1
f 199/262/2 495/502/2 494/501/2
f 138/199/1 391/396/1 136/200/1
f 195/261/2 495/502/2 197/259/2
f 134/197/1 391/397/1 393/399/1
f 193/255/2 496/503/2 195/257/2
f 132/195/1 393/399/1 395/401/1
f 191/253/2 497/504/2 193/255/2
f 132/195/1 397/403/1 130/193/1
f 191/253/2 499/505/2 498/506/2
f 130/193/1 399/405/1 128/191/1
f 187/249/2 499/505/2 189/251/2
f 128/191/1 401/407/1 126/189/1
f 187/249/2 501/507/2 500/508/2
f 123/187/1 401/407/1 403/409/1
f 182/244/2 501/507/2 185/247/2
f 124/184/1 403/409/1 405/411/1
f 181/246/2 502/509/2 182/244/2
f 124/184/1 407/413/1 180/243/1
f 239/302/2 503/510/2 181/246/2
f 178/242/1 407/413/1 409/415/1
f 237/300/2 504/511/2 239/302/2
f 178/242/1 411/416/1 176/240/1
f 237/300/2 506/512/2 505/513/2
f 176/240/1 413/418/1 174/238/1
f 235/301/2 507/514/2 506/512/2
f 174/238/1 415/421/1 172/236/1
f 231/294/2 507/514/2 233/296/2
f 172/236/1 417/423/1 170/234/1
f 229/292/2 508/515/2 231/294/2
f 168/229/1 417/423/1 419/425/1
f 229/292/2 510/516/2 509/517/2
f 168/229/1 362/366/1 166/230/1
f 227/290/2 482/488/2 510/516/2
f 106/166/1 421/427/1 104/167/1
f 165/227/2 511/518/2 512/519/2
f 104/167/1 425/431/1 102/165/1
f 161/225/2 511/518/2 163/228/2
f 100/163/1 425/431/1 427/433/1
f 159/221/2 513/520/2 161/225/2
f 98/161/1 427/433/1 429/434/1
f 157/219/2 514/521/2 159/221/2
f 98/161/1 431/437/1 96/156/1
f 157/219/2 516/522/2 515/523/2
f 96/156/1 433/439/1 94/157/1
f 155/217/2 517/524/2 516/522/2
f 92/155/1 433/439/1 435/441/1
f 151/213/2 517/524/2 153/215/2
f 90/153/1 435/441/1 437/443/1
f 149/211/2 518/525/2 151/213/2
f 88/151/1 437/443/1 439/445/1
f 147/212/2 519/526/2 149/211/2
f 86/149/1 439/445/1 441/447/1
f 145/207/2 520/527/2 147/212/2
f 84/147/1 441/447/1 443/449/1
f 143/205/2 521/528/2 145/207/2
f 84/147/1 445/450/1 82/145/1
f 143/205/2 523/529/2 522/530/2
f 82/145/1 447/452/1 80/143/1
f 141/203/2 524/531/2 523/529/2
f 80/143/1 449/454/1 78/141/1
f 139/201/2 525/532/2 524/531/2
f 78/141/1 451/457/1 76/138/1
f 135/198/2 525/532/2 137/202/2
f 74/133/1 451/458/1 453/460/1
f 133/194/2 526/533/2 135/196/2
f 72/134/1 453/460/1 455/462/1
f 131/192/2 527/534/2 133/194/2
f 72/134/1 457/464/1 70/132/1
f 131/192/2 529/535/2 528/536/2
f 70/132/1 459/465/1 68/130/1
f 129/190/2 530/537/2 529/535/2
f 68/130/1 461/467/1 66/128/1
f 125/186/2 530/537/2 127/188/2
f 63/123/1 461/467/1 463/469/1
f 122/183/2 531/538/2 125/186/2
f 64/124/1 463/469/1 465/471/1
f 121/185/2 532/539/2 122/183/2
f 64/124/1 467/474/1 120/182/1
f 121/185/2 534/540/2 533/541/2
f 118/181/1 467/474/1 469/476/1
f 177/239/2 534/540/2 179/241/2
f 118/181/1 471/478/1 116/179/1
f 177/239/2 536/542/2 535/543/2
f 116/179/1 473/479/1 114/177/1
f 175/237/2 537/544/2 536/542/2
f 114/177/1 475/482/1 112/175/1
f 171/233/2 537/544/2 173/235/2
f 112/175/1 477/484/1 110/173/1
f 169/231/2 538/545/2 171/233/2
f 108/171/1 477/484/1 479/486/1
f 169/231/2 540/546/2 539/547/2
f 108/171/1 422/487/1 106/166/1
f 167/232/2 512/519/2 540/546/2
f 366/369/150 481/489/266 483/490/267
f 368/372/153 483/490/267 484/491/268
f 368/372/153 485/492/269 370/373/154
f 370/373/154 486/493/270 372/375/156
f 372/375/156 487/494/271 374/377/158
f 374/377/158 488/495/272 376/379/160
f 378/381/162 488/495/272 489/496/273
f 380/383/164 489/496/273 490/497/274
f 382/385/166 490/497/274 491/498/275
f 382/385/166 492/500/276 384/388/169
f 384/388/169 493/499/277 386/389/170
f 388/391/172 493/499/277 494/501/278
f 388/391/172 495/502/279 390/394/175
f 390/394/175 496/548/280 392/395/176
f 394/398/178 496/503/280 497/504/281
f 396/400/180 497/504/281 498/506/282
f 398/402/182 498/506/282 499/505/283
f 398/402/182 500/508/284 400/404/184
f 400/404/184 501/507/285 402/406/186
f 402/406/186 502/509/286 404/408/188
f 404/408/188 503/510/287 406/410/88
f 406/410/88 504/511/288 408/412/191
f 408/412/191 505/513/289 410/414/193
f 410/414/193 506/512/290 412/417/196
f 412/417/196 507/514/291 414/419/198
f 416/420/199 507/514/291 508/515/292
f 418/422/201 508/515/292 509/517/293
f 418/422/201 510/516/294 420/424/203
f 420/424/203 482/488/295 363/426/205
f 364/367/148 482/488/295 481/489/266
f 426/430/209 511/518/296 513/520/297
f 428/432/211 513/520/297 514/521/298
f 428/432/211 515/523/299 430/435/214
f 430/435/214 516/522/300 432/436/215
f 434/438/217 516/522/300 517/524/301
f 434/438/217 518/525/302 436/440/219
f 438/442/221 518/525/302 519/526/303
f 440/444/223 519/526/303 520/527/304
f 442/446/225 520/527/304 521/528/305
f 444/448/227 521/528/305 522/530/306
f 444/448/227 523/529/307 446/451/230
f 446/451/230 524/531/308 448/453/232
f 448/453/232 525/532/309 450/455/234
f 450/455/234 526/549/310 452/456/235
f 452/550/235 527/534/311 454/459/237
f 456/461/239 527/534/311 528/536/312
f 458/463/241 528/536/312 529/535/313
f 460/466/244 529/535/313 530/537/314
f 460/466/244 531/538/315 462/468/246
f 462/468/246 532/539/316 464/470/248
f 464/470/248 533/541/317 466/472/250
f 468/473/251 533/541/317 534/540/318
f 468/473/251 535/543/319 470/475/253
f 472/477/255 535/543/319 536/542/320
f 472/477/255 537/544/321 474/480/258
f 476/481/259 537/544/321 538/545/322
f 478/483/261 538/545/322 539/547/323
f 480/485/263 539/547/323 540/546/324
f 480/485/263 512/519/325 423/428/207
f 424/429/208 512/519/325 511/518/296
f 542/551/1 544/552/1 541/553/1
f 545/554/1 543/555/1 542/551/1
f 547/556/1 546/557/1 545/554/1
f 547/556/1 550/558/1 548/559/1
f 551/560/1 550/558/1 549/561/1
f 553/562/1 552/563/1 551/560/1
f 555/564/1 554/565/1 553/562/1
f 557/566/1 556/567/1 555/564/1
f 557/566/1 560/568/1 558/569/1
f 559/570/1 562/571/1 560/568/1
f 561/572/1 564/573/1 562/571/1
f 563/574/1 566/575/1 564/573/1
f 565/576/1 568/577/1 566/575/1
f 569/578/1 568/577/1 567/579/1
f 569/578/1 572/580/1 570/581/1
f 573/582/1 572/580/1 571/583/1
f 573/582/1 576/584/1 574/585/1
f 575/586/1 578/587/1 576/584/1
f 579/588/1 578/587/1 577/589/1
f 579/588/1 582/590/1 580/591/1
f 581/592/1 584/593/1 582/590/1
f 585/594/1 584/593/1 583/595/1
f 587/596/1 586/597/1 585/594/1
f 589/598/1 588/599/1 587/596/1
f 589/598/1 592/600/1 590/601/1
f 591/602/1 594/603/1 592/600/1
f 595/604/1 594/603/1 593/605/1
f 597/606/1 596/607/1 595/604/1
f 597/606/1 600/608/1 598/609/1
f 599/610/1 544/552/1 600/608/1
f 543/555/74 301/8/75 544/552/75
f 543/555/74 303/10/73 302/9/74
f 548/559/30 303/10/73 546/557/73
f 550/558/28 304/1/30 548/559/30
f 552/563/26 305/11/28 550/558/28
f 554/565/24 306/12/26 552/563/26
f 556/567/22 307/13/24 554/565/24
f 558/569/19 308/14/22 556/567/22
f 560/568/72 309/15/19 558/569/19
f 562/571/70 310/16/72 560/568/72
f 564/573/69 311/17/70 562/571/70
f 566/575/68 312/2/69 564/573/69
f 566/575/68 314/20/67 313/18/68
f 570/581/7 314/20/67 568/577/67
f 572/580/66 315/21/7 570/581/7
f 574/585/86 316/19/66 572/580/66
f 576/584/62 317/22/86 574/585/86
f 578/587/59 318/23/62 576/584/62
f 580/591/85 319/24/59 578/587/59
f 582/590/84 320/3/85 580/591/85
f 584/593/83 321/25/84 582/590/84
f 586/597/82 322/27/83 584/593/83
f 588/599/81 323/28/82 586/597/82
f 590/601/80 324/26/81 588/599/81
f 592/600/79 325/29/80 590/601/80
f 594/603/78 326/30/79 592/600/79
f 594/603/78 328/32/41 327/31/78
f 598/609/77 328/32/41 596/607/41
f 600/608/76 329/33/77 598/609/77
f 544/552/75 330/7/76 600/608/76
f 541/553/1 2/611/1 1/612/1
f 61/122/2 602/613/2 62/126/2
f 599/610/1 5/614/1 2/611/1
f 62/126/2 603/615/2 65/125/2
f 597/606/1 7/616/1 5/614/1
f 65/125/2 604/617/2 67/127/2
f 595/604/1 9/618/1 7/616/1
f 67/127/2 605/619/2 69/129/2
f 591/602/1 9/618/1 593/605/1
f 69/129/2 606/620/2 71/131/2
f 591/602/1 13/621/1 11/622/1
f 71/131/2 607/623/2 73/136/2
f 589/598/1 15/624/1 13/621/1
f 73/136/2 608/625/2 75/135/2
f 585/594/1 15/624/1 587/596/1
f 75/139/2 609/626/2 77/137/2
f 583/595/1 17/627/1 585/594/1
f 79/140/2 609/626/2 610/628/2
f 581/592/1 19/629/1 583/595/1
f 81/142/2 610/628/2 611/630/2
f 579/588/1 21/631/1 581/592/1
f 83/144/2 611/630/2 612/632/2
f 579/588/1 25/633/1 23/634/1
f 83/144/2 613/635/2 85/146/2
f 575/586/1 25/633/1 577/589/1
f 85/146/2 614/636/2 87/148/2
f 575/586/1 29/637/1 27/638/1
f 87/148/2 615/639/2 89/150/2
f 573/582/1 31/640/1 29/637/1
f 89/150/2 616/641/2 91/152/2
f 571/583/1 33/642/1 31/640/1
f 91/152/2 617/643/2 93/154/2
f 567/579/1 33/642/1 569/578/1
f 95/159/2 617/643/2 618/644/2
f 565/576/1 35/645/1 567/579/1
f 97/158/2 618/644/2 619/646/2
f 563/574/1 37/647/1 565/576/1
f 99/160/2 619/646/2 620/648/2
f 563/574/1 41/649/1 39/650/1
f 99/160/2 621/651/2 101/162/2
f 559/570/1 41/649/1 561/572/1
f 101/162/2 622/652/2 103/164/2
f 557/566/1 43/653/1 559/570/1
f 105/169/2 622/652/2 623/654/2
f 555/564/1 45/655/1 557/566/1
f 107/168/2 623/654/2 624/656/2
f 555/564/1 49/657/1 47/658/1
f 109/170/2 624/656/2 625/659/2
f 551/560/1 49/657/1 553/562/1
f 109/170/2 626/660/2 111/172/2
f 549/561/1 51/661/1 551/560/1
f 111/172/2 627/662/2 113/174/2
f 547/556/1 53/663/1 549/561/1
f 115/176/2 627/662/2 628/664/2
f 545/554/1 55/665/1 547/556/1
f 117/178/2 628/664/2 629/666/2
f 545/554/1 59/667/1 57/668/1
f 117/178/2 630/669/2 119/180/2
f 541/553/1 59/667/1 542/551/1
f 61/122/2 630/669/2 601/670/2
f 184/245/1 242/305/1 241/307/1
f 632/671/2 634/672/2 631/673/2
f 183/248/1 245/308/1 242/305/1
f 631/673/2 636/674/2 635/675/2
f 188/252/1 245/308/1 186/250/1
f 637/676/2 636/674/2 638/677/2
f 190/254/1 247/310/1 188/252/1
f 637/676/2 640/678/2 639/679/2
f 192/256/1 249/312/1 190/254/1
f 641/680/2 640/678/2 642/681/2
f 192/256/1 253/316/1 251/314/1
f 641/680/2 644/682/2 643/683/2
f 194/258/1 255/318/1 253/316/1
f 643/683/2 646/684/2 645/685/2
f 198/263/1 255/322/1 196/260/1
f 645/685/2 648/686/2 647/687/2
f 200/265/1 257/320/1 198/263/1
f 649/688/2 648/686/2 650/689/2
f 202/267/1 259/325/1 200/265/1
f 651/690/2 650/689/2 652/691/2
f 204/269/1 261/327/1 202/267/1
f 653/692/2 652/691/2 654/693/2
f 204/269/1 265/329/1 263/330/1
f 653/692/2 656/694/2 655/695/2
f 206/271/1 267/331/1 265/329/1
f 655/695/2 658/696/2 657/697/2
f 208/273/1 269/333/1 267/331/1
f 657/697/2 660/698/2 659/699/2
f 210/275/1 271/335/1 269/333/1
f 659/699/2 662/700/2 661/701/2
f 214/279/1 271/335/1 212/277/1
f 663/702/2 662/700/2 664/703/2
f 216/281/1 273/337/1 214/279/1
f 665/704/2 664/703/2 666/705/2
f 218/283/1 275/339/1 216/281/1
f 667/706/2 666/705/2 668/707/2
f 220/285/1 277/341/1 218/283/1
f 669/708/2 668/707/2 670/709/2
f 222/284/1 279/343/1 220/285/1
f 671/710/2 670/709/2 672/711/2
f 224/289/1 281/345/1 222/284/1
f 673/712/2 672/711/2 674/713/2
f 226/291/1 283/347/1 224/289/1
f 673/712/2 676/714/2 675/715/2
f 228/293/1 285/349/1 226/291/1
f 677/716/2 676/714/2 678/717/2
f 228/293/1 289/356/1 287/351/1
f 679/718/2 678/717/2 680/719/2
f 232/297/1 289/356/1 230/295/1
f 679/718/2 682/720/2 681/721/2
f 234/299/1 291/355/1 232/297/1
f 681/721/2 684/722/2 683/723/2
f 234/299/1 295/359/1 293/357/1
f 683/723/2 686/724/2 685/725/2
f 236/298/1 297/361/1 295/359/1
f 685/725/2 688/726/2 687/727/2
f 238/303/1 299/363/1 297/361/1
f 687/727/2 690/728/2 689/729/2
f 184/245/1 299/363/1 240/304/1
f 689/729/2 633/730/2 632/671/2
f 266/332/113 658/731/326 656/732/327
f 266/332/113 654/733/328 264/328/109
f 264/328/109 652/734/329 262/326/107
f 262/326/107 650/735/330 260/323/104
f 260/323/104 648/736/331 258/324/105
f 258/324/105 646/737/332 256/321/103
f 254/319/101 646/738/332 644/739/333
f 252/317/99 644/739/333 642/740/334
f 250/315/97 642/740/334 640/741/335
f 248/313/95 640/741/335 638/742/336
f 248/313/95 636/743/337 246/311/93
f 243/309/91 636/743/337 634/744/338
f 244/306/88 634/744/338 633/745/339
f 300/365/146 633/745/339 690/746/340
f 300/365/146 688/747/341 298/364/145
f 296/362/143 688/747/341 686/748/342
f 294/360/141 686/748/342 684/749/343
f 292/358/139 684/749/343 682/750/344
f 292/358/139 680/751/345 290/353/134
f 290/353/134 678/752/346 288/354/135
f 286/352/133 678/752/346 676/753/347
f 284/350/131 676/753/347 674/754/348
f 282/348/129 674/754/348 672/755/349
f 280/346/127 672/755/349 670/756/350
f 278/344/125 670/756/350 668/757/351
f 278/344/125 666/758/352 276/342/123
f 276/342/123 664/759/353 274/340/121
f 272/338/119 664/759/353 662/760/354
f 270/336/117 662/760/354 660/761/355
f 268/334/115 660/761/355 658/731/326
f 40/102/46 621/651/356 620/648/357
f 38/97/41 620/648/357 619/646/358
f 38/97/41 618/644/359 36/98/42
f 36/98/42 617/643/360 34/96/40
f 32/94/38 617/643/360 616/641/361
f 30/92/36 616/641/361 615/639/362
f 28/90/34 615/639/362 614/636/363
f 26/86/30 614/636/363 613/635/364
f 26/86/30 612/632/365 24/84/28
f 24/84/28 611/630/366 22/82/26
f 22/82/26 610/628/367 20/80/24
f 20/80/24 609/626/368 18/77/22
f 18/77/22 608/762/369 16/78/19
f 16/74/19 607/623/370 14/75/20
f 12/73/18 607/623/370 606/620/371
f 12/73/18 605/619/372 10/71/16
f 8/69/14 605/619/372 604/617/373
f 6/67/12 604/617/373 603/615/374
f 6/67/12 602/613/375 3/62/7
f 3/62/7 601/670/376 4/63/8
f 60/121/65 601/670/376 630/669/377
f 60/121/65 629/666/378 58/118/62
f 58/118/62 628/664/379 56/115/59
f 56/115/59 627/662/380 54/116/60
f 52/114/58 627/662/380 626/660/381
f 52/114/58 625/659/382 50/109/53
f 50/109/53 624/656/383 48/110/54
f 46/108/52 624/656/383 623/654/384
f 44/106/50 623/654/384 622/652/385
f 42/104/48 622/652/385 621/651/356
f 631/673/2 692/763/2 632/671/2
f 635/675/2 691/764/2 631/673/2
f 637/676/2 693/765/2 635/675/2
f 639/679/2 694/766/2 637/676/2
f 641/680/2 695/767/2 639/679/2
f 643/683/2 696/768/2 641/680/2
f 645/685/2 697/769/2 643/683/2
f 647/687/2 698/770/2 645/685/2
f 649/688/2 699/771/2 647/687/2
f 651/690/2 700/772/2 649/688/2
f 651/690/2 702/773/2 701/774/2
f 653/692/2 703/775/2 702/773/2
f 657/697/2 703/775/2 655/695/2
f 659/699/2 704/776/2 657/697/2
f 661/701/2 705/777/2 659/699/2
f 663/702/2 706/778/2 661/701/2
f 663/702/2 708/779/2 707/780/2
f 665/704/2 709/781/2 708/779/2
f 669/708/2 709/781/2 667/706/2
f 671/710/2 710/782/2 669/708/2
f 673/712/2 711/783/2 671/710/2
f 675/715/2 712/784/2 673/712/2
f 677/716/2 713/785/2 675/715/2
f 677/716/2 715/786/2 714/787/2
f 681/721/2 715/786/2 679/718/2
f 683/723/2 716/788/2 681/721/2
f 685/725/2 717/789/2 683/723/2
f 687/727/2 718/790/2 685/725/2
f 687/727/2 720/791/2 719/792/2
f 689/729/2 692/763/2 720/791/2
f 691/764/76 722/793/75 692/763/75
f 693/765/77 721/794/76 691/764/76
f 693/765/77 724/795/41 723/796/77
f 695/767/386 724/795/41 694/766/41
f 696/768/79 725/797/78 695/767/386
f 697/769/80 726/798/79 696/768/79
f 698/770/81 727/799/80 697/769/80
f 698/770/81 729/800/82 728/801/81
f 700/772/83 729/800/82 699/771/82
f 701/774/84 730/802/83 700/772/83
f 702/773/85 731/803/84 701/774/84
f 703/775/59 732/804/85 702/773/85
f 704/776/62 733/805/59 703/775/59
f 705/777/86 734/806/62 704/776/62
f 706/778/66 735/807/86 705/777/86
f 707/780/7 736/808/66 706/778/66
f 708/779/67 737/809/7 707/780/7
f 709/781/68 738/810/67 708/779/67
f 709/781/68 740/811/69 739/812/68
f 711/783/70 740/811/69 710/782/71
f 712/784/72 741/813/70 711/783/70
f 713/785/19 742/814/72 712/784/72
f 714/787/22 743/815/19 713/785/19
f 715/786/24 744/816/22 714/787/22
f 716/788/26 745/817/24 715/786/24
f 717/789/28 746/818/26 716/788/26
f 718/790/30 747/819/28 717/789/28
f 718/790/30 749/820/73 748/821/30
f 720/791/74 749/820/73 719/792/73
f 692/763/75 750/822/74 720/791/74
f 722/793/2 751/823/2 752/824/2
f 721/794/2 753/825/2 751/823/2
f 723/796/2 754/826/2 753/825/2
f 724/795/2 755/827/2 754/826/2
f 725/797/2 756/828/2 755/827/2
f 726/798/2 757/829/2 756/828/2
f 727/799/2 758/830/2 757/829/2
f 729/800/2 758/830/2 728/801/2
f 730/802/2 759/831/2 729/800/2
f 731/803/2 760/832/2 730/802/2
f 732/804/2 761/833/2 731/803/2
f 733/805/2 762/834/2 732/804/2
f 734/806/2 763/835/2 733/805/2
f 735/807/2 764/836/2 734/806/2
f 736/808/2 765/837/2 735/807/2
f 737/809/2 766/838/2 736/808/2
f 738/810/2 767/839/2 737/809/2
f 739/812/2 768/840/2 738/810/2
f 740/811/2 769/841/2 739/812/2
f 741/813/2 770/842/2 740/811/2
f 742/814/2 771/843/2 741/813/2
f 742/814/2 773/844/2 772/845/2
f 743/815/2 774/846/2 773/844/2
f 744/816/2 775/847/2 774/846/2
f 745/817/2 776/848/2 775/847/2
f 746/818/2 777/849/2 776/848/2
f 747/819/2 778/850/2 777/849/2
f 748/821/2 779/851/2 778/850/2
f 749/820/2 780/852/2 779/851/2
f 750/822/2 752/824/2 780/852/2
f 782/853/387 784/854/388 781/855/389
f 782/853/387 786/856/390 783/857/391
f 785/858/392 788/859/393 786/856/390
f 787/860/394 790/861/395 788/859/393
f 791/862/396 790/861/395 789/863/397
f 793/864/398 792/865/399 791/862/396
f 795/866/400 794/867/401 793/864/398
f 797/868/402 796/869/403 795/866/400
f 799/870/404 798/871/405 797/868/402
f 801/872/406 800/873/407 799/870/404
f 803/874/408 802/875/409 801/872/406
f 803/874/408 806/876/410 804/877/411
f 807/878/412 806/876/410 805/879/413
f 809/880/414 808/881/415 807/878/412
f 811/882/416 810/883/417 809/880/414
f 811/882/416 814/884/418 812/885/419
f 813/886/420 816/887/421 814/884/418
f 817/888/422 816/887/421 815/889/423
f 819/890/424 818/891/425 817/888/422
f 821/892/426 820/893/427 819/890/424
f 821/892/426 824/894/428 822/895/429
f 825/896/430 824/894/428 823/897/431
f 827/898/432 826/899/433 825/896/430
f 827/898/432 830/900/434 828/901/435
f 829/902/436 832/903/437 830/900/434
f 833/904/438 832/903/437 831/905/439
f 833/904/438 836/906/440 834/907/441
f 835/908/442 838/909/443 836/906/440
f 837/910/444 840/911/445 838/909/443
f 781/855/389 840/911/445 839/912/446
f 842/913/76 331/35/75 841/914/75
f 843/915/77 332/36/76 842/913/76
f 844/916/41 333/37/77 843/915/77
f 845/917/386 334/38/41 844/916/41
f 846/918/79 335/39/386 845/917/386
f 847/919/80 336/41/79 846/918/79
f 848/920/81 337/42/80 847/919/80
f 849/921/82 338/40/81 848/920/81
f 850/922/83 339/43/82 849/921/82
f 851/923/447 340/44/83 850/922/83
f 852/924/85 341/45/447 851/923/447
f 853/925/448 342/46/85 852/924/85
f 854/926/62 343/47/448 853/925/448
f 855/927/86 344/48/62 854/926/62
f 856/928/66 345/49/86 855/927/86
f 857/929/7 346/50/66 856/928/66
f 858/930/67 347/51/7 857/929/7
f 859/931/68 348/52/67 858/930/67
f 860/932/449 349/53/68 859/931/68
f 861/933/70 350/4/449 860/932/449
f 862/934/72 351/54/70 861/933/70
f 863/935/19 352/55/72 862/934/72
f 864/936/450 353/56/19 863/935/19
f 865/937/24 354/5/451 864/936/450
f 866/938/26 355/57/24 865/937/24
f 867/939/28 356/58/26 866/938/26
f 868/940/30 357/59/28 867/939/28
f 869/941/73 358/6/30 868/940/30
f 870/942/452 359/60/73 869/941/73
f 841/914/75 360/34/452 870/942/452
f 752/824/453 871/943/454 872/944/455
f 841/914/75 874/945/76 842/913/76
f 751/823/456 875/946/457 871/943/454
f 842/913/76 876/947/77 843/915/77
f 754/826/458 875/946/457 753/825/459
f 843/915/77 878/948/41 844/916/41
f 754/826/458 879/949/460 877/950/461
f 845/917/386 878/948/41 880/951/386
f 755/827/462 881/952/463 879/949/460
f 846/918/79 880/951/386 882/953/79
f 756/828/464 883/954/465 881/952/463
f 847/919/80 882/953/79 884/955/80
f 758/830/466 883/954/465 757/829/467
f 848/920/81 884/955/80 886/956/81
f 759/831/468 885/957/469 758/830/466
f 849/921/82 886/956/81 888/958/82
f 760/832/470 887/959/471 759/831/468
f 850/922/83 888/958/82 890/960/83
f 761/833/472 889/961/473 760/832/470
f 851/923/447 890/960/83 892/962/84
f 762/834/474 891/963/475 761/833/472
f 852/924/85 892/962/84 894/964/85
f 763/835/476 893/965/477 762/834/474
f 853/925/448 894/964/85 896/966/59
f 763/835/476 897/967/478 895/968/479
f 853/925/448 898/969/62 854/926/62
f 765/837/480 897/967/478 764/836/481
f 854/926/62 900/970/86 855/927/86
f 766/838/482 899/971/483 765/837/480
f 855/927/86 902/972/66 856/928/66
f 767/839/484 901/973/485 766/838/482
f 856/928/66 904/974/7 857/929/7
f 768/840/486 903/975/487 767/839/484
f 857/929/7 906/976/67 858/930/67
f 769/841/488 905/977/489 768/840/486
f 858/930/67 908/978/68 859/931/68
f 769/841/488 909/979/490 907/980/491
f 859/931/68 910/981/449 860/932/449
f 771/843/492 909/979/490 770/842/493
f 860/932/449 912/982/70 861/933/70
f 771/843/492 913/983/494 911/984/495
f 861/933/70 914/985/72 862/934/72
f 773/844/496 913/983/494 772/845/497
f 863/935/19 914/985/72 916/986/19
f 774/846/498 915/987/499 773/844/496
f 864/936/450 916/986/19 918/988/22
f 775/847/500 917/989/501 774/846/498
f 865/937/24 918/988/22 920/990/502
f 775/847/500 921/991/503 919/992/504
f 866/938/26 920/990/502 922/993/26
f 776/848/505 923/994/506 921/991/503
f 866/938/26 924/995/28 867/939/28
f 778/850/507 923/994/506 777/849/508
f 868/940/30 924/995/28 926/996/30
f 778/850/507 927/997/509 925/998/510
f 868/940/30 928/999/73 869/941/73
f 779/851/511 929/1000/512 927/997/509
f 869/941/73 930/1001/452 870/942/452
f 780/852/513 872/944/455 929/1000/512
f 870/942/452 873/1002/75 841/914/75
f 828/901/435 916/986/514 826/899/433
f 826/899/433 914/985/515 824/894/428
f 822/895/429 914/985/515 912/982/516
f 820/893/427 912/982/516 910/981/517
f 820/893/427 908/978/518 818/891/425
f 816/887/421 908/978/518 906/976/519
f 814/884/418 906/976/519 904/974/520
f 812/885/419 904/974/520 902/972/521
f 810/883/417 902/972/521 900/970/522
f 808/881/415 900/970/522 898/969/523
f 806/876/410 898/969/523 896/966/524
f 804/877/411 896/966/524 894/964/525
f 804/877/411 892/962/526 802/875/409
f 800/873/407 892/962/526 890/960/527
f 800/873/407 888/958/528 798/871/405
f 798/871/405 886/956/529 796/869/403
f 794/867/401 886/956/529 884/955/530
f 792/865/399 884/955/530 882/953/531
f 792/865/399 880/951/532 790/861/395
f 788/859/393 880/951/532 878/948/533
f 788/859/393 876/947/534 786/856/390
f 786/856/390 874/945/535 783/857/391
f 783/857/391 873/1002/536 784/854/388
f 784/854/388 930/1001/537 840/911/445
f 840/911/445 928/999/538 838/909/443
f 838/909/443 926/996/539 836/906/440
f 834/907/441 926/996/539 924/995/540
f 832/903/437 924/995/540 922/993/541
f 830/900/434 922/993/541 920/990/542
f 828/901/435 920/990/542 918/988/543
f 917/989/501 825/896/544 915/987/499
f 915/987/499 823/897/545 913/983/494
f 913/983/494 821/892/546 911/984/495
f 909/979/490 821/892/546 819/890/547
f 909/979/490 817/888/548 907/980/491
f 905/977/489 817/888/548 815/889/549
f 903/975/487 815/889/549 813/886/550
f 901/973/485 813/886/550 811/882/551
f 899/971/483 811/882/551 809/880/552
f 899/971/483 807/878/553 897/967/478
f 897/967/478 805/879/554 895/968/479
f 893/965/477 805/879/554 803/874/555
f 891/963/475 803/874/555 801/872/556
f 889/961/473 801/872/556 799/870/557
f 889/961/473 797/868/558 887/959/471
f 885/957/469 797/868/558 795/866/559
f 885/957/469 793/864/560 883/954/465
f 883/954/465 791/862/561 881/952/463
f 881/952/463 789/863/562 879/949/460
f 879/949/460 787/860/563 877/950/461
f 877/950/461 785/858/564 875/946/457
f 875/946/457 782/853/565 871/943/454
f 871/943/454 781/855/566 872/944/455
f 929/1000/512 781/855/566 839/912/567
f 927/997/509 839/912/567 837/910/568
f 925/998/510 837/910/568 835/908/569
f 923/994/506 835/908/569 833/904/570
f 921/991/503 833/904/570 831/905/571
f 921/991/503 829/902/572 919/992/504
f 919/992/504 827/898/573 917/989/501
f 1/61/6 2/65/10 3/62/7
f 5/64/9 6/67/12 3/62/7
f 7/66/11 8/69/14 6/67/12
f 9/68/13 10/71/16 8/69/14
f 11/70/15 12/73/18 10/71/16
f 13/72/17 14/75/20 12/73/18
f 13/72/17 15/1003/21 16/74/19
f 15/76/21 17/79/23 18/77/22
f 17/79/23 19/81/25 20/80/24
f 19/81/25 21/83/27 22/82/26
f 21/83/27 23/85/29 24/84/28
f 23/85/29 25/88/32 26/86/30
f 27/87/31 28/90/34 26/86/30
f 29/89/33 30/92/36 28/90/34
f 31/91/35 32/94/38 30/92/36
f 33/93/37 34/96/40 32/94/38
f 35/95/39 36/98/42 34/96/40
f 35/95/39 37/100/44 38/97/41
f 39/99/43 40/102/46 38/97/41
f 41/101/45 42/104/48 40/102/46
f 43/103/47 44/106/50 42/104/48
f 45/105/49 46/108/52 44/106/50
f 47/107/51 48/110/54 46/108/52
f 47/107/51 49/112/56 50/109/53
f 51/111/55 52/114/58 50/109/53
f 53/113/57 54/116/60 52/114/58
f 53/113/57 55/117/61 56/115/59
f 55/117/61 57/120/64 58/118/62
f 59/119/63 60/121/65 58/118/62
f 1/61/6 4/63/8 60/121/65
f 61/122/66 62/126/7 63/123/7
f 65/125/67 66/128/67 63/123/7
f 67/127/68 68/130/68 66/128/67
f 69/129/69 70/132/71 68/130/68
f 71/131/70 72/134/70 70/132/71
f 71/131/70 73/136/72 74/133/72
f 75/135/19 76/1004/19 74/133/72
f 77/137/22 78/141/22 76/138/19
f 79/140/24 80/143/24 78/141/22
f 81/142/26 82/145/26 80/143/24
f 83/144/28 84/147/28 82/145/26
f 85/146/30 86/149/30 84/147/28
f 87/148/73 88/151/73 86/149/30
f 89/150/74 90/153/74 88/151/73
f 91/152/75 92/155/75 90/153/74
f 93/154/76 94/157/76 92/155/75
f 93/154/76 95/159/77 96/156/77
f 97/158/41 98/161/41 96/156/77
f 99/160/78 100/163/78 98/161/41
f 101/162/79 102/165/79 100/163/78
f 103/164/80 104/167/80 102/165/79
f 103/164/80 105/169/81 106/166/81
f 107/168/82 108/171/82 106/166/81
f 109/170/83 110/173/83 108/171/82
f 111/172/84 112/175/84 110/173/83
f 113/174/85 114/177/85 112/175/84
f 115/176/59 116/179/59 114/177/85
f 117/178/62 118/181/62 116/179/59
f 119/180/86 120/182/86 118/181/62
f 61/122/66 64/124/66 120/182/86
f 122/183/7 123/187/7 124/184/66
f 125/186/67 126/189/67 123/187/7
f 127/188/68 128/191/68 126/189/67
f 129/190/69 130/193/71 128/191/68
f 131/192/70 132/195/70 130/193/71
f 133/194/72 134/197/72 132/195/70
f 135/196/19 136/1005/19 134/197/72
f 135/198/19 137/202/22 138/199/22
f 139/201/24 140/204/24 138/199/22
f 141/203/26 142/206/26 140/204/24
f 143/205/28 144/208/28 142/206/26
f 145/207/30 146/210/30 144/208/28
f 145/207/30 147/212/73 148/209/73
f 149/211/74 150/214/74 148/209/73
f 151/213/75 152/216/75 150/214/74
f 153/215/76 154/218/76 152/216/75
f 155/217/77 156/220/77 154/218/76
f 157/219/41 158/222/41 156/220/77
f 159/221/78 160/224/78 158/222/41
f 159/221/78 161/225/79 162/223/79
f 161/225/79 163/228/80 164/226/80
f 165/227/81 166/230/81 164/226/80
f 165/227/81 167/232/82 168/229/82
f 169/231/83 170/234/83 168/229/82
f 171/233/84 172/236/84 170/234/83
f 173/235/85 174/238/85 172/236/84
f 175/237/59 176/240/59 174/238/85
f 177/239/62 178/242/62 176/240/59
f 179/241/86 180/243/86 178/242/62
f 121/185/66 124/184/66 180/243/86
f 182/244/7 183/248/7 184/245/66
f 185/247/67 186/250/67 183/248/7
f 187/249/68 188/252/68 186/250/67
f 189/251/69 190/254/71 188/252/68
f 191/253/70 192/256/70 190/254/71
f 193/255/72 194/258/72 192/256/70
f 195/257/19 196/1006/19 194/258/72
f 197/259/22 198/263/22 196/260/19
f 199/262/24 200/265/24 198/263/22
f 201/264/26 202/267/26 200/265/24
f 203/266/28 204/269/28 202/267/26
f 205/268/30 206/271/30 204/269/28
f 207/270/73 208/273/73 206/271/30
f 209/272/74 210/275/74 208/273/73
f 211/274/75 212/277/75 210/275/74
f 213/276/76 214/279/76 212/277/75
f 215/278/77 216/281/77 214/279/76
f 217/280/41 218/283/41 216/281/77
f 219/282/78 220/285/78 218/283/41
f 219/282/78 221/287/79 222/284/79
f 223/286/80 224/289/80 222/284/79
f 225/288/81 226/291/81 224/289/80
f 227/290/82 228/293/82 226/291/81
f 229/292/83 230/295/83 228/293/82
f 231/294/84 232/297/84 230/295/83
f 233/296/85 234/299/85 232/297/84
f 233/296/85 235/301/59 236/298/59
f 237/300/62 238/303/62 236/298/59
f 239/302/86 240/304/86 238/303/62
f 181/246/66 184/245/66 240/304/86
f 242/305/87 243/309/91 244/306/88
f 245/308/90 246/311/93 243/309/91
f 247/310/92 248/313/95 246/311/93
f 249/312/94 250/315/97 248/313/95
f 251/314/96 252/317/99 250/315/97
f 253/316/98 254/319/101 252/317/99
f 255/318/100 256/1007/103 254/319/101
f 257/320/102 258/324/105 256/321/103
f 257/320/102 259/325/106 260/323/104
f 259/325/106 261/327/108 262/326/107
f 261/327/108 263/330/111 264/328/109
f 265/329/110 266/332/113 264/328/109
f 267/331/112 268/334/115 266/332/113
f 269/333/114 270/336/117 268/334/115
f 271/335/116 272/338/119 270/336/117
f 273/337/118 274/340/121 272/338/119
f 275/339/120 276/342/123 274/340/121
f 277/341/122 278/344/125 276/342/123
f 279/343/124 280/346/127 278/344/125
f 281/345/126 282/348/129 280/346/127
f 283/347/128 284/350/131 282/348/129
f 285/349/130 286/352/133 284/350/131
f 287/351/132 288/354/135 286/352/133
f 287/351/132 289/356/137 290/353/134
f 291/355/136 292/358/139 290/353/134
f 293/357/138 294/360/141 292/358/139
f 295/359/140 296/362/143 294/360/141
f 297/361/142 298/364/145 296/362/143
f 299/363/144 300/365/146 298/364/145
f 241/307/89 244/306/88 300/365/146
f 362/366/147 363/426/205 364/367/148
f 361/368/149 364/367/148 366/369/150
f 367/371/152 365/370/151 366/369/150
f 367/371/152 368/372/153 370/373/154
f 369/374/155 370/373/154 372/375/156
f 371/376/157 372/375/156 374/377/158
f 373/378/159 374/377/158 376/379/160
f 375/380/161 376/379/160 378/381/162
f 377/382/163 378/381/162 380/383/164
f 379/384/165 380/383/164 382/385/166
f 383/387/168 381/386/167 382/385/166
f 383/387/168 384/388/169 386/389/170
f 385/390/171 386/389/170 388/391/172
f 389/393/174 387/392/173 388/391/172
f 389/393/174 390/394/175 392/395/176
f 391/397/177 392/1008/176 394/398/178
f 393/399/179 394/398/178 396/400/180
f 395/401/181 396/400/180 398/402/182
f 397/403/183 398/402/182 400/404/184
f 399/405/185 400/404/184 402/406/186
f 401/407/187 402/406/186 404/408/188
f 403/409/189 404/408/188 406/410/88
f 405/411/190 406/410/88 408/412/191
f 407/413/192 408/412/191 410/414/193
f 411/416/195 409/415/194 410/414/193
f 413/418/197 411/416/195 412/417/196
f 413/418/197 414/419/198 416/420/199
f 415/421/200 416/420/199 418/422/201
f 417/423/202 418/422/201 420/424/203
f 362/366/147 419/425/204 420/424/203
f 421/427/206 422/487/265 423/428/207
f 421/427/206 424/429/208 426/430/209
f 425/431/210 426/430/209 428/432/211
f 429/434/213 427/433/212 428/432/211
f 429/434/213 430/435/214 432/436/215
f 431/437/216 432/436/215 434/438/217
f 433/439/218 434/438/217 436/440/219
f 435/441/220 436/440/219 438/442/221
f 437/443/222 438/442/221 440/444/223
f 439/445/224 440/444/223 442/446/225
f 441/447/226 442/446/225 444/448/227
f 445/450/229 443/449/228 444/448/227
f 447/452/231 445/450/229 446/451/230
f 449/454/233 447/452/231 448/453/232
f 449/454/233 450/455/234 452/456/235
f 451/458/236 452/550/235 454/459/237
f 453/460/238 454/459/237 456/461/239
f 455/462/240 456/461/239 458/463/241
f 459/465/243 457/464/242 458/463/241
f 461/467/245 459/465/243 460/466/244
f 463/469/247 461/467/245 462/468/246
f 465/471/249 463/469/247 464/470/248
f 465/471/249 466/472/250 468/473/251
f 467/474/252 468/473/251 470/475/253
f 469/476/254 470/475/253 472/477/255
f 473/479/257 471/478/256 472/477/255
f 473/479/257 474/480/258 476/481/259
f 475/482/260 476/481/259 478/483/261
f 477/484/262 478/483/261 480/485/263
f 422/487/265 479/486/264 480/485/263
f 166/230/1 362/366/1 361/368/1
f 223/286/2 481/489/2 482/488/2
f 162/223/1 164/226/1 361/368/1
f 221/287/2 483/490/2 481/489/2
f 162/223/1 365/370/1 367/371/1
f 219/282/2 484/491/2 483/490/2
f 160/224/1 367/371/1 369/374/1
f 217/280/2 485/492/2 484/491/2
f 156/220/1 158/222/1 369/374/1
f 215/278/2 486/493/2 485/492/2
f 156/220/1 371/376/1 373/378/1
f 213/276/2 487/494/2 486/493/2
f 152/216/1 154/218/1 373/378/1
f 211/274/2 488/495/2 487/494/2
f 150/214/1 152/216/1 375/380/1
f 209/272/2 489/496/2 488/495/2
f 148/209/1 150/214/1 377/382/1
f 207/270/2 490/497/2 489/496/2
f 146/210/1 148/209/1 379/384/1
f 205/268/2 491/498/2 490/497/2
f 144/208/1 146/210/1 381/386/1
f 203/266/2 492/500/2 491/498/2
f 144/208/1 383/387/1 385/390/1
f 203/266/2 201/264/2 493/499/2
f 142/206/1 385/390/1 387/392/1
f 201/264/2 199/262/2 494/501/2
f 140/204/1 387/392/1 389/393/1
f 199/262/2 197/259/2 495/502/2
f 138/199/1 389/393/1 391/396/1
f 195/261/2 496/548/2 495/502/2
f 134/197/1 136/1005/1 391/397/1
f 193/255/2 497/504/2 496/503/2
f 132/195/1 134/197/1 393/399/1
f 191/253/2 498/506/2 497/504/2
f 132/195/1 395/401/1 397/403/1
f 191/253/2 189/251/2 499/505/2
f 130/193/1 397/403/1 399/405/1
f 187/249/2 500/508/2 499/505/2
f 128/191/1 399/405/1 401/407/1
f 187/249/2 185/247/2 501/507/2
f 123/187/1 126/189/1 401/407/1
f 182/244/2 502/509/2 501/507/2
f 124/184/1 123/187/1 403/409/1
f 181/246/2 503/510/2 502/509/2
f 124/184/1 405/411/1 407/413/1
f 239/302/2 504/511/2 503/510/2
f 178/242/1 180/243/1 407/413/1
f 237/300/2 505/513/2 504/511/2
f 178/242/1 409/415/1 411/416/1
f 237/300/2 235/301/2 506/512/2
f 176/240/1 411/416/1 413/418/1
f 235/301/2 233/296/2 507/514/2
f 174/238/1 413/418/1 415/421/1
f 231/294/2 508/515/2 507/514/2
f 172/236/1 415/421/1 417/423/1
f 229/292/2 509/517/2 508/515/2
f 168/229/1 170/234/1 417/423/1
f 229/292/2 227/290/2 510/516/2
f 168/229/1 419/425/1 362/366/1
f 227/290/2 225/288/2 482/488/2
f 106/166/1 422/487/1 421/427/1
f 165/227/2 163/228/2 511/518/2
f 104/167/1 421/427/1 425/431/1
f 161/225/2 513/520/2 511/518/2
f 100/163/1 102/165/1 425/431/1
f 159/221/2 514/521/2 513/520/2
f 98/161/1 100/163/1 427/433/1
f 157/219/2 515/523/2 514/521/2
f 98/161/1 429/434/1 431/437/1
f 157/219/2 155/217/2 516/522/2
f 96/156/1 431/437/1 433/439/1
f 155/217/2 153/215/2 517/524/2
f 92/155/1 94/157/1 433/439/1
f 151/213/2 518/525/2 517/524/2
f 90/153/1 92/155/1 435/441/1
f 149/211/2 519/526/2 518/525/2
f 88/151/1 90/153/1 437/443/1
f 147/212/2 520/527/2 519/526/2
f 86/149/1 88/151/1 439/445/1
f 145/207/2 521/528/2 520/527/2
f 84/147/1 86/149/1 441/447/1
f 143/205/2 522/530/2 521/528/2
f 84/147/1 443/449/1 445/450/1
f 143/205/2 141/203/2 523/529/2
f 82/145/1 445/450/1 447/452/1
f 141/203/2 139/201/2 524/531/2
f 80/143/1 447/452/1 449/454/1
f 139/201/2 137/202/2 525/532/2
f 78/141/1 449/454/1 451/457/1
f 135/198/2 526/549/2 525/532/2
f 74/133/1 76/1004/1 451/458/1
f 133/194/2 527/534/2 526/533/2
f 72/134/1 74/133/1 453/460/1
f 131/192/2 528/536/2 527/534/2
f 72/134/1 455/462/1 457/464/1
f 131/192/2 129/190/2 529/535/2
f 70/132/1 457/464/1 459/465/1
f 129/190/2 127/188/2 530/537/2
f 68/130/1 459/465/1 461/467/1
f 125/186/2 531/538/2 530/537/2
f 63/123/1 66/128/1 461/467/1
f 122/183/2 532/539/2 531/538/2
f 64/124/1 63/123/1 463/469/1
f 121/185/2 533/541/2 532/539/2
f 64/124/1 465/471/1 467/474/1
f 121/185/2 179/241/2 534/540/2
f 118/181/1 120/182/1 467/474/1
f 177/239/2 535/543/2 534/540/2
f 118/181/1 469/476/1 471/478/1
f 177/239/2 175/237/2 536/542/2
f 116/179/1 471/478/1 473/479/1
f 175/237/2 173/235/2 537/544/2
f 114/177/1 473/479/1 475/482/1
f 171/233/2 538/545/2 537/544/2
f 112/175/1 475/482/1 477/484/1
f 169/231/2 539/547/2 538/545/2
f 108/171/1 110/173/1 477/484/1
f 169/231/2 167/232/2 540/546/2
f 108/171/1 479/486/1 422/487/1
f 167/232/2 165/227/2 512/519/2
f 366/369/150 364/367/148 481/489/266
f 368/372/153 366/369/150 483/490/267
f 368/372/153 484/491/268 485/492/269
f 370/373/154 485/492/269 486/493/270
f 372/375/156 486/493/270 487/494/271
f 374/377/158 487/494/271 488/495/272
f 378/381/162 376/379/160 488/495/272
f 380/383/164 378/381/162 489/496/273
f 382/385/166 380/383/164 490/497/274
f 382/385/166 491/498/275 492/500/276
f 384/388/169 492/500/276 493/499/277
f 388/391/172 386/389/170 493/499/277
f 388/391/172 494/501/278 495/502/279
f 390/394/175 495/502/279 496/548/280
f 394/398/178 392/1008/176 496/503/280
f 396/400/180 394/398/178 497/504/281
f 398/402/182 396/400/180 498/506/282
f 398/402/182 499/505/283 500/508/284
f 400/404/184 500/508/284 501/507/285
f 402/406/186 501/507/285 502/509/286
f 404/408/188 502/509/286 503/510/287
f 406/410/88 503/510/287 504/511/288
f 408/412/191 504/511/288 505/513/289
f 410/414/193 505/513/289 506/512/290
f 412/417/196 506/512/290 507/514/291
f 416/420/199 414/419/198 507/514/291
f 418/422/201 416/420/199 508/515/292
f 418/422/201 509/517/293 510/516/294
f 420/424/203 510/516/294 482/488/295
f 364/367/148 363/426/205 482/488/295
f 426/430/209 424/429/208 511/518/296
f 428/432/211 426/430/209 513/520/297
f 428/432/211 514/521/298 515/523/299
f 430/435/214 515/523/299 516/522/300
f 434/438/217 432/436/215 516/522/300
f 434/438/217 517/524/301 518/525/302
f 438/442/221 436/440/219 518/525/302
f 440/444/223 438/442/221 519/526/303
f 442/446/225 440/444/223 520/527/304
f 444/448/227 442/446/225 521/528/305
f 444/448/227 522/530/306 523/529/307
f 446/451/230 523/529/307 524/531/308
f 448/453/232 524/531/308 525/532/309
f 450/455/234 525/532/309 526/549/310
f 452/550/235 526/533/310 527/534/311
f 456/461/239 454/459/237 527/534/311
f 458/463/241 456/461/239 528/536/312
f 460/466/244 458/463/241 529/535/313
f 460/466/244 530/537/314 531/538/315
f 462/468/246 531/538/315 532/539/316
f 464/470/248 532/539/316 533/541/317
f 468/473/251 466/472/250 533/541/317
f 468/473/251 534/540/318 535/543/319
f 472/477/255 470/475/253 535/543/319
f 472/477/255 536/542/320 537/544/321
f 476/481/259 474/480/258 537/544/321
f 478/483/261 476/481/259 538/545/322
f 480/485/263 478/483/261 539/547/323
f 480/485/263 540/546/324 512/519/325
f 424/429/208 423/428/207 512/519/325
f 542/551/1 543/555/1 544/552/1
f 545/554/1 546/557/1 543/555/1
f 547/556/1 548/559/1 546/557/1
f 547/556/1 549/561/1 550/558/1
f 551/560/1 552/563/1 550/558/1
f 553/562/1 554/565/1 552/563/1
f 555/564/1 556/567/1 554/565/1
f 557/566/1 558/569/1 556/567/1
f 557/566/1 559/570/1 560/568/1
f 559/570/1 561/572/1 562/571/1
f 561/572/1 563/574/1 564/573/1
f 563/574/1 565/576/1 566/575/1
f 565/576/1 567/579/1 568/577/1
f 569/578/1 570/581/1 568/577/1
f 569/578/1 571/583/1 572/580/1
f 573/582/1 574/585/1 572/580/1
f 573/582/1 575/586/1 576/584/1
f 575/586/1 577/589/1 578/587/1
f 579/588/1 580/591/1 578/587/1
f 579/588/1 581/592/1 582/590/1
f 581/592/1 583/595/1 584/593/1
f 585/594/1 586/597/1 584/593/1
f 587/596/1 588/599/1 586/597/1
f 589/598/1 590/601/1 588/599/1
f 589/598/1 591/602/1 592/600/1
f 591/602/1 593/605/1 594/603/1
f 595/604/1 596/607/1 594/603/1
f 597/606/1 598/609/1 596/607/1
f 597/606/1 599/610/1 600/608/1
f 599/610/1 541/553/1 544/552/1
f 543/555/74 302/9/74 301/8/75
f 543/555/74 546/557/73 303/10/73
f 548/559/30 304/1/30 303/10/73
f 550/558/28 305/11/28 304/1/30
f 552/563/26 306/12/26 305/11/28
f 554/565/24 307/13/24 306/12/26
f 556/567/22 308/14/22 307/13/24
f 558/569/19 309/15/19 308/14/22
f 560/568/72 310/16/72 309/15/19
f 562/571/70 311/17/70 310/16/72
f 564/573/69 312/2/69 311/17/70
f 566/575/68 313/18/68 312/2/69
f 566/575/68 568/577/67 314/20/67
f 570/581/7 315/21/7 314/20/67
f 572/580/66 316/19/66 315/21/7
f 574/585/86 317/22/86 316/19/66
f 576/584/62 318/23/62 317/22/86
f 578/587/59 319/24/59 318/23/62
f 580/591/85 320/3/85 319/24/59
f 582/590/84 321/25/84 320/3/85
f 584/593/83 322/27/83 321/25/84
f 586/597/82 323/28/82 322/27/83
f 588/599/81 324/26/81 323/28/82
f 590/601/80 325/29/80 324/26/81
f 592/600/79 326/30/79 325/29/80
f 594/603/78 327/31/78 326/30/79
f 594/603/78 596/607/41 328/32/41
f 598/609/77 329/33/77 328/32/41
f 600/608/76 330/7/76 329/33/77
f 544/552/75 301/8/75 330/7/76
f 541/553/1 599/610/1 2/611/1
f 61/122/2 601/670/2 602/613/2
f 599/610/1 597/606/1 5/614/1
f 62/126/2 602/613/2 603/615/2
f 597/606/1 595/604/1 7/616/1
f 65/125/2 603/615/2 604/617/2
f 595/604/1 593/605/1 9/618/1
f 67/127/2 604/617/2 605/619/2
f 591/602/1 11/622/1 9/618/1
f 69/129/2 605/619/2 606/620/2
f 591/602/1 589/598/1 13/621/1
f 71/131/2 606/620/2 607/623/2
f 589/598/1 587/596/1 15/624/1
f 73/136/2 607/623/2 608/625/2
f 585/594/1 17/627/1 15/624/1
f 75/139/2 608/762/2 609/626/2
f 583/595/1 19/629/1 17/627/1
f 79/140/2 77/137/2 609/626/2
f 581/592/1 21/631/1 19/629/1
f 81/142/2 79/140/2 610/628/2
f 579/588/1 23/634/1 21/631/1
f 83/144/2 81/142/2 611/630/2
f 579/588/1 577/589/1 25/633/1
f 83/144/2 612/632/2 613/635/2
f 575/586/1 27/638/1 25/633/1
f 85/146/2 613/635/2 614/636/2
f 575/586/1 573/582/1 29/637/1
f 87/148/2 614/636/2 615/639/2
f 573/582/1 571/583/1 31/640/1
f 89/150/2 615/639/2 616/641/2
f 571/583/1 569/578/1 33/642/1
f 91/152/2 616/641/2 617/643/2
f 567/579/1 35/645/1 33/642/1
f 95/159/2 93/154/2 617/643/2
f 565/576/1 37/647/1 35/645/1
f 97/158/2 95/159/2 618/644/2
f 563/574/1 39/650/1 37/647/1
f 99/160/2 97/158/2 619/646/2
f 563/574/1 561/572/1 41/649/1
f 99/160/2 620/648/2 621/651/2
f 559/570/1 43/653/1 41/649/1
f 101/162/2 621/651/2 622/652/2
f 557/566/1 45/655/1 43/653/1
f 105/169/2 103/164/2 622/652/2
f 555/564/1 47/658/1 45/655/1
f 107/168/2 105/169/2 623/654/2
f 555/564/1 553/562/1 49/657/1
f 109/170/2 107/168/2 624/656/2
f 551/560/1 51/661/1 49/657/1
f 109/170/2 625/659/2 626/660/2
f 549/561/1 53/663/1 51/661/1
f 111/172/2 626/660/2 627/662/2
f 547/556/1 55/665/1 53/663/1
f 115/176/2 113/174/2 627/662/2
f 545/554/1 57/668/1 55/665/1
f 117/178/2 115/176/2 628/664/2
f 545/554/1 542/551/1 59/667/1
f 117/178/2 629/666/2 630/669/2
f 541/553/1 1/612/1 59/667/1
f 61/122/2 119/180/2 630/669/2
f 184/245/1 183/248/1 242/305/1
f 632/671/2 633/730/2 634/672/2
f 183/248/1 186/250/1 245/308/1
f 631/673/2 634/672/2 636/674/2
f 188/252/1 247/310/1 245/308/1
f 637/676/2 635/675/2 636/674/2
f 190/254/1 249/312/1 247/310/1
f 637/676/2 638/677/2 640/678/2
f 192/256/1 251/314/1 249/312/1
f 641/680/2 639/679/2 640/678/2
f 192/256/1 194/258/1 253/316/1
f 641/680/2 642/681/2 644/682/2
f 194/258/1 196/1006/1 255/318/1
f 643/683/2 644/682/2 646/684/2
f 198/263/1 257/320/1 255/322/1
f 645/685/2 646/684/2 648/686/2
f 200/265/1 259/325/1 257/320/1
f 649/688/2 647/687/2 648/686/2
f 202/267/1 261/327/1 259/325/1
f 651/690/2 649/688/2 650/689/2
f 204/269/1 263/330/1 261/327/1
f 653/692/2 651/690/2 652/691/2
f 204/269/1 206/271/1 265/329/1
f 653/692/2 654/693/2 656/694/2
f 206/271/1 208/273/1 267/331/1
f 655/695/2 656/694/2 658/696/2
f 208/273/1 210/275/1 269/333/1
f 657/697/2 658/696/2 660/698/2
f 210/275/1 212/277/1 271/335/1
f 659/699/2 660/698/2 662/700/2
f 214/279/1 273/337/1 271/335/1
f 663/702/2 661/701/2 662/700/2
f 216/281/1 275/339/1 273/337/1
f 665/704/2 663/702/2 664/703/2
f 218/283/1 277/341/1 275/339/1
f 667/706/2 665/704/2 666/705/2
f 220/285/1 279/343/1 277/341/1
f 669/708/2 667/706/2 668/707/2
f 222/284/1 281/345/1 279/343/1
f 671/710/2 669/708/2 670/709/2
f 224/289/1 283/347/1 281/345/1
f 673/712/2 671/710/2 672/711/2
f 226/291/1 285/349/1 283/347/1
f 673/712/2 674/713/2 676/714/2
f 228/293/1 287/351/1 285/349/1
f 677/716/2 675/715/2 676/714/2
f 228/293/1 230/295/1 289/356/1
f 679/718/2 677/716/2 678/717/2
f 232/297/1 291/355/1 289/356/1
f 679/718/2 680/719/2 682/720/2
f 234/299/1 293/357/1 291/355/1
f 681/721/2 682/720/2 684/722/2
f 234/299/1 236/298/1 295/359/1
f 683/723/2 684/722/2 686/724/2
f 236/298/1 238/303/1 297/361/1
f 685/725/2 686/724/2 688/726/2
f 238/303/1 240/304/1 299/363/1
f 687/727/2 688/726/2 690/728/2
f 184/245/1 241/307/1 299/363/1
f 689/729/2 690/728/2 633/730/2
f 266/332/113 268/334/115 658/731/326
f 266/332/113 656/732/327 654/733/328
f 264/328/109 654/733/328 652/734/329
f 262/326/107 652/734/329 650/735/330
f 260/323/104 650/735/330 648/736/331
f 258/324/105 648/736/331 646/737/332
f 254/319/101 256/1007/103 646/738/332
f 252/317/99 254/319/101 644/739/333
f 250/315/97 252/317/99 642/740/334
f 248/313/95 250/315/97 640/741/335
f 248/313/95 638/742/336 636/743/337
f 243/309/91 246/311/93 636/743/337
f 244/306/88 243/309/91 634/744/338
f 300/365/146 244/306/88 633/745/339
f 300/365/146 690/746/340 688/747/341
f 296/362/143 298/364/145 688/747/341
f 294/360/141 296/362/143 686/748/342
f 292/358/139 294/360/141 684/749/343
f 292/358/139 682/750/344 680/751/345
f 290/353/134 680/751/345 678/752/346
f 286/352/133 288/354/135 678/752/346
f 284/350/131 286/352/133 676/753/347
f 282/348/129 284/350/131 674/754/348
f 280/346/127 282/348/129 672/755/349
f 278/344/125 280/346/127 670/756/350
f 278/344/125 668/757/351 666/758/352
f 276/342/123 666/758/352 664/759/353
f 272/338/119 274/340/121 664/759/353
f 270/336/117 272/338/119 662/760/354
f 268/334/115 270/336/117 660/761/355
f 40/102/46 42/104/48 621/651/356
f 38/97/41 40/102/46 620/648/357
f 38/97/41 619/646/358 618/644/359
f 36/98/42 618/644/359 617/643/360
f 32/94/38 34/96/40 617/643/360
f 30/92/36 32/94/38 616/641/361
f 28/90/34 30/92/36 615/639/362
f 26/86/30 28/90/34 614/636/363
f 26/86/30 613/635/364 612/632/365
f 24/84/28 612/632/365 611/630/366
f 22/82/26 611/630/366 610/628/367
f 20/80/24 610/628/367 609/626/368
f 18/77/22 609/626/368 608/762/369
f 16/74/19 608/625/369 607/623/370
f 12/73/18 14/75/20 607/623/370
f 12/73/18 606/620/371 605/619/372
f 8/69/14 10/71/16 605/619/372
f 6/67/12 8/69/14 604/617/373
f 6/67/12 603/615/374 602/613/375
f 3/62/7 602/613/375 601/670/376
f 60/121/65 4/63/8 601/670/376
f 60/121/65 630/669/377 629/666/378
f 58/118/62 629/666/378 628/664/379
f 56/115/59 628/664/379 627/662/380
f 52/114/58 54/116/60 627/662/380
f 52/114/58 626/660/381 625/659/382
f 50/109/53 625/659/382 624/656/383
f 46/108/52 48/110/54 624/656/383
f 44/106/50 46/108/52 623/654/384
f 42/104/48 44/106/50 622/652/385
f 631/673/2 691/764/2 692/763/2
f 635/675/2 693/765/2 691/764/2
f 637/676/2 694/766/2 693/765/2
f 639/679/2 695/767/2 694/766/2
f 641/680/2 696/768/2 695/767/2
f 643/683/2 697/769/2 696/768/2
f 645/685/2 698/770/2 697/769/2
f 647/687/2 699/771/2 698/770/2
f 649/688/2 700/772/2 699/771/2
f 651/690/2 701/774/2 700/772/2
f 651/690/2 653/692/2 702/773/2
f 653/692/2 655/695/2 703/775/2
f 657/697/2 704/776/2 703/775/2
f 659/699/2 705/777/2 704/776/2
f 661/701/2 706/778/2 705/777/2
f 663/702/2 707/780/2 706/778/2
f 663/702/2 665/704/2 708/779/2
f 665/704/2 667/706/2 709/781/2
f 669/708/2 710/782/2 709/781/2
f 671/710/2 711/783/2 710/782/2
f 673/712/2 712/784/2 711/783/2
f 675/715/2 713/785/2 712/784/2
f 677/716/2 714/787/2 713/785/2
f 677/716/2 679/718/2 715/786/2
f 681/721/2 716/788/2 715/786/2
f 683/723/2 717/789/2 716/788/2
f 685/725/2 718/790/2 717/789/2
f 687/727/2 719/792/2 718/790/2
f 687/727/2 689/729/2 720/791/2
f 689/729/2 632/671/2 692/763/2
f 691/764/76 721/794/76 722/793/75
f 693/765/77 723/796/77 721/794/76
f 693/765/77 694/766/41 724/795/41
f 695/767/386 725/797/78 724/795/41
f 696/768/79 726/798/79 725/797/78
f 697/769/80 727/799/80 726/798/79
f 698/770/81 728/801/81 727/799/80
f 698/770/81 699/771/82 729/800/82
f 700/772/83 730/802/83 729/800/82
f 701/774/84 731/803/84 730/802/83
f 702/773/85 732/804/85 731/803/84
f 703/775/59 733/805/59 732/804/85
f 704/776/62 734/806/62 733/805/59
f 705/777/86 735/807/86 734/806/62
f 706/778/66 736/808/66 735/807/86
f 707/780/7 737/809/7 736/808/66
f 708/779/67 738/810/67 737/809/7
f 709/781/68 739/812/68 738/810/67
f 709/781/68 710/782/71 740/811/69
f 711/783/70 741/813/70 740/811/69
f 712/784/72 742/814/72 741/813/70
f 713/785/19 743/815/19 742/814/72
f 714/787/22 744/816/22 743/815/19
f 715/786/24 745/817/24 744/816/22
f 716/788/26 746/818/26 745/817/24
f 717/789/28 747/819/28 746/818/26
f 718/790/30 748/821/30 747/819/28
f 718/790/30 719/792/73 749/820/73
f 720/791/74 750/822/74 749/820/73
f 692/763/75 722/793/75 750/822/74
f 722/793/2 721/794/2 751/823/2
f 721/794/2 723/796/2 753/825/2
f 723/796/2 724/795/2 754/826/2
f 724/795/2 725/797/2 755/827/2
f 725/797/2 726/798/2 756/828/2
f 726/798/2 727/799/2 757/829/2
f 727/799/2 728/801/2 758/830/2
f 729/800/2 759/831/2 758/830/2
f 730/802/2 760/832/2 759/831/2
f 731/803/2 761/833/2 760/832/2
f 732/804/2 762/834/2 761/833/2
f 733/805/2 763/835/2 762/834/2
f 734/806/2 764/836/2 763/835/2
f 735/807/2 765/837/2 764/836/2
f 736/808/2 766/838/2 765/837/2
f 737/809/2 767/839/2 766/838/2
f 738/810/2 768/840/2 767/839/2
f 739/812/2 769/841/2 768/840/2
f 740/811/2 770/842/2 769/841/2
f 741/813/2 771/843/2 770/842/2
f 742/814/2 772/845/2 771/843/2
f 742/814/2 743/815/2 773/844/2
f 743/815/2 744/816/2 774/846/2
f 744/816/2 745/817/2 775/847/2
f 745/817/2 746/818/2 776/848/2
f 746/818/2 747/819/2 777/849/2
f 747/819/2 748/821/2 778/850/2
f 748/821/2 749/820/2 779/851/2
f 749/820/2 750/822/2 780/852/2
f 750/822/2 722/793/2 752/824/2
f 782/853/387 783/857/391 784/854/388
f 782/853/387 785/858/392 786/856/390
f 785/858/392 787/860/394 788/859/393
f 787/860/394 789/863/397 790/861/395
f 791/862/396 792/865/399 790/861/395
f 793/864/398 794/867/401 792/865/399
f 795/866/400 796/869/403 794/867/401
f 797/868/402 798/871/405 796/869/403
f 799/870/404 800/873/407 798/871/405
f 801/872/406 802/875/409 800/873/407
f 803/874/408 804/877/411 802/875/409
f 803/874/408 805/879/413 806/876/410
f 807/878/412 808/881/415 806/876/410
f 809/880/414 810/883/417 808/881/415
f 811/882/416 812/885/419 810/883/417
f 811/882/416 813/886/420 814/884/418
f 813/886/420 815/889/423 816/887/421
f 817/888/422 818/891/425 816/887/421
f 819/890/424 820/893/427 818/891/425
f 821/892/426 822/895/429 820/893/427
f 821/892/426 823/897/431 824/894/428
f 825/896/430 826/899/433 824/894/428
f 827/898/432 828/901/435 826/899/433
f 827/898/432 829/902/436 830/900/434
f 829/902/436 831/905/439 832/903/437
f 833/904/438 834/907/441 832/903/437
f 833/904/438 835/908/442 836/906/440
f 835/908/442 837/910/444 838/909/443
f 837/910/444 839/912/446 840/911/445
f 781/855/389 784/854/388 840/911/445
f 842/913/76 332/36/76 331/35/75
f 843/915/77 333/37/77 332/36/76
f 844/916/41 334/38/41 333/37/77
f 845/917/386 335/39/386 334/38/41
f 846/918/79 336/41/79 335/39/386
f 847/919/80 337/42/80 336/41/79
f 848/920/81 338/40/81 337/42/80
f 849/921/82 339/43/82 338/40/81
f 850/922/83 340/44/83 339/43/82
f 851/923/447 341/45/447 340/44/83
f 852/924/85 342/46/85 341/45/447
f 853/925/448 343/47/448 342/46/85
f 854/926/62 344/48/62 343/47/448
f 855/927/86 345/49/86 344/48/62
f 856/928/66 346/50/66 345/49/86
f 857/929/7 347/51/7 346/50/66
f 858/930/67 348/52/67 347/51/7
f 859/931/68 349/53/68 348/52/67
f 860/932/449 350/4/449 349/53/68
f 861/933/70 351/54/70 350/4/449
f 862/934/72 352/55/72 351/54/70
f 863/935/19 353/56/19 352/55/72
f 864/936/450 354/5/451 353/56/19
f 865/937/24 355/57/24 354/5/451
f 866/938/26 356/58/26 355/57/24
f 867/939/28 357/59/28 356/58/26
f 868/940/30 358/6/30 357/59/28
f 869/941/73 359/60/73 358/6/30
f 870/942/452 360/34/452 359/60/73
f 841/914/75 331/35/75 360/34/452
f 752/824/453 751/823/456 871/943/454
f 841/914/75 873/1002/75 874/945/76
f 751/823/456 753/825/459 875/946/457
f 842/913/76 874/945/76 876/947/77
f 754/826/458 877/950/461 875/946/457
f 843/915/77 876/947/77 878/948/41
f 754/826/458 755/827/462 879/949/460
f 845/917/386 844/916/41 878/948/41
f 755/827/462 756/828/464 881/952/463
f 846/918/79 845/917/386 880/951/386
f 756/828/464 757/829/467 883/954/465
f 847/919/80 846/918/79 882/953/79
f 758/830/466 885/957/469 883/954/465
f 848/920/81 847/919/80 884/955/80
f 759/831/468 887/959/471 885/957/469
f 849/921/82 848/920/81 886/956/81
f 760/832/470 889/961/473 887/959/471
f 850/922/83 849/921/82 888/958/82
f 761/833/472 891/963/475 889/961/473
f 851/923/447 850/922/83 890/960/83
f 762/834/474 893/965/477 891/963/475
f 852/924/85 851/923/447 892/962/84
f 763/835/476 895/968/479 893/965/477
f 853/925/448 852/924/85 894/964/85
f 763/835/476 764/836/481 897/967/478
f 853/925/448 896/966/59 898/969/62
f 765/837/480 899/971/483 897/967/478
f 854/926/62 898/969/62 900/970/86
f 766/838/482 901/973/485 899/971/483
f 855/927/86 900/970/86 902/972/66
f 767/839/484 903/975/487 901/973/485
f 856/928/66 902/972/66 904/974/7
f 768/840/486 905/977/489 903/975/487
f 857/929/7 904/974/7 906/976/67
f 769/841/488 907/980/491 905/977/489
f 858/930/67 906/976/67 908/978/68
f 769/841/488 770/842/493 909/979/490
f 859/931/68 908/978/68 910/981/449
f 771/843/492 911/984/495 909/979/490
f 860/932/449 910/981/449 912/982/70
f 771/843/492 772/845/497 913/983/494
f 861/933/70 912/982/70 914/985/72
f 773/844/496 915/987/499 913/983/494
f 863/935/19 862/934/72 914/985/72
f 774/846/498 917/989/501 915/987/499
f 864/936/450 863/935/19 916/986/19
f 775/847/500 919/992/504 917/989/501
f 865/937/24 864/936/450 918/988/22
f 775/847/500 776/848/505 921/991/503
f 866/938/26 865/937/24 920/990/502
f 776/848/505 777/849/508 923/994/506
f 866/938/26 922/993/26 924/995/28
f 778/850/507 925/998/510 923/994/506
f 868/940/30 867/939/28 924/995/28
f 778/850/507 779/851/511 927/997/509
f 868/940/30 926/996/30 928/999/73
f 779/851/511 780/852/513 929/1000/512
f 869/941/73 928/999/73 930/1001/452
f 780/852/513 752/824/453 872/944/455
f 870/942/452 930/1001/452 873/1002/75
f 828/901/435 918/988/543 916/986/514
f 826/899/433 916/986/514 914/985/515
f 822/895/429 824/894/428 914/985/515
f 820/893/427 822/895/429 912/982/516
f 820/893/427 910/981/517 908/978/518
f 816/887/421 818/891/425 908/978/518
f 814/884/418 816/887/421 906/976/519
f 812/885/419 814/884/418 904/974/520
f 810/883/417 812/885/419 902/972/521
f 808/881/415 810/883/417 900/970/522
f 806/876/410 808/881/415 898/969/523
f 804/877/411 806/876/410 896/966/524
f 804/877/411 894/964/525 892/962/526
f 800/873/407 802/875/409 892/962/526
f 800/873/407 890/960/527 888/958/528
f 798/871/405 888/958/528 886/956/529
f 794/867/401 796/869/403 886/956/529
f 792/865/399 794/867/401 884/955/530
f 792/865/399 882/953/531 880/951/532
f 788/859/393 790/861/395 880/951/532
f 788/859/393 878/948/533 876/947/534
f 786/856/390 876/947/534 874/945/535
f 783/857/391 874/945/535 873/1002/536
f 784/854/388 873/1002/536 930/1001/537
f 840/911/445 930/1001/537 928/999/538
f 838/909/443 928/999/538 926/996/539
f 834/907/441 836/906/440 926/996/539
f 832/903/437 834/907/441 924/995/540
f 830/900/434 832/903/437 922/993/541
f 828/901/435 830/900/434 920/990/542
f 917/989/501 827/898/573 825/896/544
f 915/987/499 825/896/544 823/897/545
f 913/983/494 823/897/545 821/892/546
f 909/979/490 911/984/495 821/892/546
f 909/979/490 819/890/547 817/888/548
f 905/977/489 907/980/491 817/888/548
f 903/975/487 905/977/489 815/889/549
f 901/973/485 903/975/487 813/886/550
f 899/971/483 901/973/485 811/882/551
f 899/971/483 809/880/552 807/878/553
f 897/967/478 807/878/553 805/879/554
f 893/965/477 895/968/479 805/879/554
f 891/963/475 893/965/477 803/874/555
f 889/961/473 891/963/475 801/872/556
f 889/961/473 799/870/557 797/868/558
f 885/957/469 887/959/471 797/868/558
f 885/957/469 795/866/559 793/864/560
f 883/954/465 793/864/560 791/862/561
f 881/952/463 791/862/561 789/863/562
f 879/949/460 789/863/562 787/860/563
f 877/950/461 787/860/563 785/858/564
f 875/946/457 785/858/564 782/853/565
f 871/943/454 782/853/565 781/855/566
f 929/1000/512 872/944/455 781/855/566
f 927/997/509 929/1000/512 839/912/567
f 925/998/510 927/997/509 837/910/568
f 923/994/506 925/998/510 835/908/569
f 921/991/503 923/994/506 833/904/570
f 921/991/503 831/905/571 829/902/572
f 919/992/504 829/902/572 827/898/573
