# Blender 4.4.1
# www.blender.org
mtllib mat29Cores.mtl
o torus
v 11.000000 0.520000 -2.000000
v 10.995723 0.585263 -2.000000
v 10.982963 0.649410 -2.000000
v 10.961940 0.711342 -2.000000
v 10.933013 0.770000 -2.000000
v 10.896677 0.824381 -2.000000
v 10.853554 0.873553 -2.000000
v 10.804380 0.916677 -2.000000
v 10.750000 0.953013 -2.000000
v 10.691341 0.981940 -2.000000
v 10.629410 1.002963 -2.000000
v 10.565263 1.015722 -2.000000
v 10.500000 1.020000 -2.000000
v 10.434737 1.015722 -2.000000
v 10.370590 1.002963 -2.000000
v 10.308659 0.981940 -2.000000
v 10.250000 0.953013 -2.000000
v 10.195620 0.916677 -2.000000
v 10.146446 0.873553 -2.000000
v 10.103323 0.824381 -2.000000
v 10.066987 0.770000 -2.000000
v 10.038060 0.711342 -2.000000
v 10.017037 0.649410 -2.000000
v 10.004277 0.585263 -2.000000
v 10.000000 0.520000 -2.000000
v 10.004277 0.454737 -2.000000
v 10.017037 0.390590 -2.000000
v 10.038060 0.328658 -2.000000
v 10.066987 0.270000 -2.000000
v 10.103323 0.215619 -2.000000
v 10.146446 0.166447 -2.000000
v 10.195620 0.123323 -2.000000
v 10.250000 0.086987 -2.000000
v 10.308659 0.058060 -2.000000
v 10.370590 0.037037 -2.000000
v 10.434737 0.024278 -2.000000
v 10.500000 0.020000 -2.000000
v 10.565263 0.024278 -2.000000
v 10.629410 0.037037 -2.000000
v 10.691341 0.058060 -2.000000
v 10.750000 0.086987 -2.000000
v 10.804380 0.123323 -2.000000
v 10.853554 0.166447 -2.000000
v 10.896677 0.215619 -2.000000
v 10.933013 0.270000 -2.000000
v 10.961940 0.328658 -2.000000
v 10.982963 0.390590 -2.000000
v 10.995723 0.454737 -2.000000
v 10.996054 0.520000 -2.125581
v 10.991784 0.585263 -2.125313
v 10.979050 0.649410 -2.124511
v 10.958069 0.711342 -2.123191
v 10.929198 0.770000 -2.121375
v 10.892934 0.824381 -2.119093
v 10.849895 0.873553 -2.116386
v 10.800820 0.916677 -2.113298
v 10.746547 0.953013 -2.109884
v 10.688004 0.981940 -2.106200
v 10.626194 1.002963 -2.102312
v 10.562175 1.015722 -2.098284
v 10.497040 1.020000 -2.094186
v 10.431906 1.015722 -2.090088
v 10.367886 1.002963 -2.086060
v 10.306076 0.981940 -2.082171
v 10.247534 0.953013 -2.078488
v 10.193260 0.916677 -2.075073
v 10.144184 0.873553 -2.071986
v 10.101147 0.824381 -2.069278
v 10.064882 0.770000 -2.066997
v 10.036012 0.711342 -2.065180
v 10.015030 0.649410 -2.063860
v 10.002295 0.585263 -2.063059
v 9.998027 0.520000 -2.062791
v 10.002295 0.454737 -2.063059
v 10.015030 0.390590 -2.063860
v 10.036012 0.328658 -2.065180
v 10.064882 0.270000 -2.066997
v 10.101147 0.215619 -2.069278
v 10.144184 0.166447 -2.071986
v 10.193260 0.123323 -2.075073
v 10.247534 0.086987 -2.078488
v 10.306076 0.058060 -2.082171
v 10.367886 0.037037 -2.086060
v 10.431906 0.024278 -2.090088
v 10.497040 0.020000 -2.094186
v 10.562175 0.024278 -2.098284
v 10.626194 0.037037 -2.102312
v 10.688004 0.058060 -2.106200
v 10.746547 0.086987 -2.109884
v 10.800820 0.123323 -2.113298
v 10.849895 0.166447 -2.116386
v 10.892934 0.215619 -2.119093
v 10.929198 0.270000 -2.121375
v 10.958069 0.328658 -2.123191
v 10.979050 0.390590 -2.124511
v 10.991784 0.454737 -2.125313
v 10.984229 0.520000 -2.250667
v 10.979985 0.585263 -2.250130
v 10.967327 0.649410 -2.248531
v 10.946469 0.711342 -2.245896
v 10.917770 0.770000 -2.242271
v 10.881721 0.824381 -2.237717
v 10.838938 0.873553 -2.232312
v 10.790153 0.916677 -2.226149
v 10.736200 0.953013 -2.219333
v 10.678005 0.981940 -2.211981
v 10.616561 1.002963 -2.204219
v 10.552920 1.015722 -2.196180
v 10.488173 1.020000 -2.188000
v 10.423424 1.015722 -2.179820
v 10.359783 1.002963 -2.171781
v 10.298339 0.981940 -2.164018
v 10.240144 0.953013 -2.156667
v 10.186192 0.916677 -2.149851
v 10.137406 0.873553 -2.143688
v 10.094624 0.824381 -2.138283
v 10.058574 0.770000 -2.133729
v 10.029875 0.711342 -2.130104
v 10.009018 0.649410 -2.127469
v 9.996359 0.585263 -2.125870
v 9.992115 0.520000 -2.125333
v 9.996359 0.454737 -2.125870
v 10.009018 0.390590 -2.127469
v 10.029875 0.328658 -2.130104
v 10.058574 0.270000 -2.133729
v 10.094624 0.215619 -2.138283
v 10.137406 0.166447 -2.143688
v 10.186192 0.123323 -2.149851
v 10.240144 0.086987 -2.156667
v 10.298339 0.058060 -2.164018
v 10.359783 0.037037 -2.171781
v 10.423424 0.024278 -2.179820
v 10.488173 0.020000 -2.188000
v 10.552920 0.024278 -2.196180
v 10.616561 0.037037 -2.204219
v 10.678005 0.058060 -2.211981
v 10.736200 0.086987 -2.219333
v 10.790153 0.123323 -2.226149
v 10.838938 0.166447 -2.232312
v 10.881721 0.215619 -2.237717
v 10.917770 0.270000 -2.242271
v 10.946469 0.328658 -2.245896
v 10.967327 0.390590 -2.248531
v 10.979985 0.454737 -2.250130
v 10.964575 0.520000 -2.374763
v 10.960373 0.585263 -2.373961
v 10.947839 0.649410 -2.371570
v 10.927189 0.711342 -2.367631
v 10.898773 0.770000 -2.362211
v 10.863081 0.824381 -2.355402
v 10.820722 0.873553 -2.347322
v 10.772420 0.916677 -2.338107
v 10.719003 0.953013 -2.327917
v 10.661384 0.981940 -2.316926
v 10.600548 1.002963 -2.305321
v 10.537539 1.015722 -2.293301
v 10.473431 1.020000 -2.281072
v 10.409324 1.015722 -2.268843
v 10.346313 1.002963 -2.256823
v 10.285479 0.981940 -2.245218
v 10.227859 0.953013 -2.234227
v 10.174441 0.916677 -2.224037
v 10.126140 0.873553 -2.214823
v 10.083780 0.824381 -2.206742
v 10.048088 0.770000 -2.199934
v 10.019673 0.711342 -2.194513
v 9.999022 0.649410 -2.190574
v 9.986489 0.585263 -2.188183
v 9.982287 0.520000 -2.187381
v 9.986489 0.454737 -2.188183
v 9.999022 0.390590 -2.190574
v 10.019673 0.328658 -2.194513
v 10.048088 0.270000 -2.199934
v 10.083780 0.215619 -2.206742
v 10.126140 0.166447 -2.214823
v 10.174441 0.123323 -2.224037
v 10.227859 0.086987 -2.234227
v 10.285479 0.058060 -2.245218
v 10.346313 0.037037 -2.256823
v 10.409324 0.024278 -2.268843
v 10.473431 0.020000 -2.281072
v 10.537539 0.024278 -2.293301
v 10.600548 0.037037 -2.305321
v 10.661384 0.058060 -2.316926
v 10.719003 0.086987 -2.327917
v 10.772420 0.123323 -2.338107
v 10.820722 0.166447 -2.347322
v 10.863081 0.215619 -2.355402
v 10.898773 0.270000 -2.362211
v 10.927189 0.328658 -2.367631
v 10.947839 0.390590 -2.371570
v 10.960373 0.454737 -2.373961
v 10.937166 0.520000 -2.497380
v 10.933023 0.585263 -2.496316
v 10.920665 0.649410 -2.493143
v 10.900302 0.711342 -2.487915
v 10.872284 0.770000 -2.480721
v 10.837089 0.824381 -2.471684
v 10.795321 0.873553 -2.460960
v 10.747692 0.916677 -2.448731
v 10.695021 0.953013 -2.435207
v 10.638205 0.981940 -2.420620
v 10.578218 1.002963 -2.405218
v 10.516088 1.015722 -2.389265
v 10.452875 1.020000 -2.373035
v 10.389662 1.015722 -2.356805
v 10.327531 1.002963 -2.340852
v 10.267544 0.981940 -2.325450
v 10.210729 0.953013 -2.310863
v 10.158056 0.916677 -2.297338
v 10.110429 0.873553 -2.285110
v 10.068661 0.824381 -2.274385
v 10.033466 0.770000 -2.265349
v 10.005447 0.711342 -2.258155
v 9.985085 0.649410 -2.252927
v 9.972726 0.585263 -2.249754
v 9.968583 0.520000 -2.248690
v 9.972726 0.454737 -2.249754
v 9.985085 0.390590 -2.252927
v 10.005447 0.328658 -2.258155
v 10.033466 0.270000 -2.265349
v 10.068661 0.215619 -2.274385
v 10.110429 0.166447 -2.285110
v 10.158056 0.123323 -2.297338
v 10.210729 0.086987 -2.310863
v 10.267544 0.058060 -2.325450
v 10.327531 0.037037 -2.340852
v 10.389662 0.024278 -2.356805
v 10.452875 0.020000 -2.373035
v 10.516088 0.024278 -2.389265
v 10.578218 0.037037 -2.405218
v 10.638205 0.058060 -2.420620
v 10.695021 0.086987 -2.435207
v 10.747692 0.123323 -2.448731
v 10.795321 0.166447 -2.460960
v 10.837089 0.215619 -2.471684
v 10.872284 0.270000 -2.480721
v 10.900302 0.328658 -2.487915
v 10.920665 0.390590 -2.493143
v 10.933023 0.454737 -2.496316
v 10.902113 0.520000 -2.618034
v 10.898045 0.585263 -2.616712
v 10.885910 0.649410 -2.612769
v 10.865915 0.711342 -2.606272
v 10.838405 0.770000 -2.597333
v 10.803846 0.824381 -2.586105
v 10.762835 0.873553 -2.572779
v 10.716068 0.916677 -2.557584
v 10.664349 0.953013 -2.540780
v 10.608562 0.981940 -2.522653
v 10.549661 1.002963 -2.503515
v 10.488654 1.015722 -2.483693
v 10.426585 1.020000 -2.463525
v 10.364516 1.015722 -2.443358
v 10.303509 1.002963 -2.423536
v 10.244608 0.981940 -2.404397
v 10.188821 0.953013 -2.386271
v 10.137102 0.916677 -2.369467
v 10.090336 0.873553 -2.354271
v 10.049323 0.824381 -2.340945
v 10.014765 0.770000 -2.329717
v 9.987254 0.711342 -2.320778
v 9.967259 0.649410 -2.314282
v 9.955125 0.585263 -2.310339
v 9.951056 0.520000 -2.309017
v 9.955125 0.454737 -2.310339
v 9.967259 0.390590 -2.314282
v 9.987254 0.328658 -2.320778
v 10.014765 0.270000 -2.329717
v 10.049323 0.215619 -2.340945
v 10.090336 0.166447 -2.354271
v 10.137102 0.123323 -2.369467
v 10.188821 0.086987 -2.386271
v 10.244608 0.058060 -2.404397
v 10.303509 0.037037 -2.423536
v 10.364516 0.024278 -2.443358
v 10.426585 0.020000 -2.463525
v 10.488654 0.024278 -2.483693
v 10.549661 0.037037 -2.503515
v 10.608562 0.058060 -2.522653
v 10.664349 0.086987 -2.540780
v 10.716068 0.123323 -2.557584
v 10.762835 0.166447 -2.572779
v 10.803846 0.215619 -2.586105
v 10.838405 0.270000 -2.597333
v 10.865915 0.328658 -2.606272
v 10.885910 0.390590 -2.612769
v 10.898045 0.454737 -2.616712
v 10.859553 0.520000 -2.736249
v 10.855576 0.585263 -2.734674
v 10.843712 0.649410 -2.729977
v 10.824165 0.711342 -2.722238
v 10.797270 0.770000 -2.711589
v 10.763485 0.824381 -2.698213
v 10.723391 0.873553 -2.682338
v 10.677670 0.916677 -2.664237
v 10.627109 0.953013 -2.644218
v 10.572570 0.981940 -2.622624
v 10.514987 1.002963 -2.599826
v 10.455345 1.015722 -2.576212
v 10.394665 1.020000 -2.552187
v 10.333984 1.015722 -2.528162
v 10.274343 1.002963 -2.504548
v 10.216760 0.981940 -2.481749
v 10.162221 0.953013 -2.460155
v 10.111659 0.916677 -2.440137
v 10.065939 0.873553 -2.422035
v 10.025845 0.824381 -2.406160
v 9.992060 0.770000 -2.392784
v 9.965164 0.711342 -2.382135
v 9.945617 0.649410 -2.374396
v 9.933754 0.585263 -2.369699
v 9.929776 0.520000 -2.368124
v 9.933754 0.454737 -2.369699
v 9.945617 0.390590 -2.374396
v 9.965164 0.328658 -2.382135
v 9.992060 0.270000 -2.392784
v 10.025845 0.215619 -2.406160
v 10.065939 0.166447 -2.422035
v 10.111659 0.123323 -2.440137
v 10.162221 0.086987 -2.460155
v 10.216760 0.058060 -2.481749
v 10.274343 0.037037 -2.504548
v 10.333984 0.024278 -2.528162
v 10.394665 0.020000 -2.552187
v 10.455345 0.024278 -2.576212
v 10.514987 0.037037 -2.599826
v 10.572570 0.058060 -2.622624
v 10.627109 0.086987 -2.644218
v 10.677670 0.123323 -2.664237
v 10.723391 0.166447 -2.682338
v 10.763485 0.215619 -2.698213
v 10.797270 0.270000 -2.711589
v 10.824165 0.328658 -2.722238
v 10.843712 0.390590 -2.729977
v 10.855576 0.454737 -2.734674
v 10.809654 0.520000 -2.851558
v 10.805783 0.585263 -2.849737
v 10.794239 0.649410 -2.844305
v 10.775216 0.711342 -2.835353
v 10.749043 0.770000 -2.823037
v 10.716165 0.824381 -2.807565
v 10.677145 0.873553 -2.789205
v 10.632652 0.916677 -2.768268
v 10.583447 0.953013 -2.745114
v 10.530372 0.981940 -2.720138
v 10.474334 1.002963 -2.693769
v 10.416292 1.015722 -2.666456
v 10.357241 1.020000 -2.638669
v 10.298189 1.015722 -2.610881
v 10.240148 1.002963 -2.583569
v 10.184110 0.981940 -2.557199
v 10.131034 0.953013 -2.532224
v 10.081829 0.916677 -2.509070
v 10.037336 0.873553 -2.488133
v 9.998317 0.824381 -2.469772
v 9.965439 0.770000 -2.454301
v 9.939265 0.711342 -2.441984
v 9.920242 0.649410 -2.433033
v 9.908697 0.585263 -2.427601
v 9.904827 0.520000 -2.425779
v 9.908697 0.454737 -2.427601
v 9.920242 0.390590 -2.433033
v 9.939265 0.328658 -2.441984
v 9.965439 0.270000 -2.454301
v 9.998317 0.215619 -2.469772
v 10.037336 0.166447 -2.488133
v 10.081829 0.123323 -2.509070
v 10.131034 0.086987 -2.532224
v 10.184110 0.058060 -2.557199
v 10.240148 0.037037 -2.583569
v 10.298189 0.024278 -2.610881
v 10.357241 0.020000 -2.638669
v 10.416292 0.024278 -2.666456
v 10.474334 0.037037 -2.693769
v 10.530372 0.058060 -2.720138
v 10.583447 0.086987 -2.745114
v 10.632652 0.123323 -2.768268
v 10.677145 0.166447 -2.789205
v 10.716165 0.215619 -2.807565
v 10.749043 0.270000 -2.823037
v 10.775216 0.328658 -2.835353
v 10.794239 0.390590 -2.844305
v 10.805783 0.454737 -2.849737
v 10.752613 0.520000 -2.963507
v 10.748865 0.585263 -2.961447
v 10.737684 0.649410 -2.955300
v 10.719261 0.711342 -2.945172
v 10.693913 0.770000 -2.931236
v 10.662070 0.824381 -2.913731
v 10.624281 0.873553 -2.892956
v 10.581191 0.916677 -2.869267
v 10.533537 0.953013 -2.843069
v 10.482134 0.981940 -2.814810
v 10.427862 1.002963 -2.784974
v 10.371651 1.015722 -2.754071
v 10.314460 1.020000 -2.722631
v 10.257270 1.015722 -2.691190
v 10.201057 1.002963 -2.660287
v 10.146786 0.981940 -2.630451
v 10.095384 0.953013 -2.602192
v 10.047729 0.916677 -2.575994
v 10.004639 0.873553 -2.552305
v 9.966849 0.824381 -2.531530
v 9.935008 0.770000 -2.514025
v 9.909659 0.711342 -2.500089
v 9.891236 0.649410 -2.489961
v 9.880055 0.585263 -2.483814
v 9.876307 0.520000 -2.481754
v 9.880055 0.454737 -2.483814
v 9.891236 0.390590 -2.489961
v 9.909659 0.328658 -2.500089
v 9.935008 0.270000 -2.514025
v 9.966849 0.215619 -2.531530
v 10.004639 0.166447 -2.552305
v 10.047729 0.123323 -2.575994
v 10.095384 0.086987 -2.602192
v 10.146786 0.058060 -2.630451
v 10.201057 0.037037 -2.660287
v 10.257270 0.024278 -2.691190
v 10.314460 0.020000 -2.722631
v 10.371651 0.024278 -2.754071
v 10.427862 0.037037 -2.784974
v 10.482134 0.058060 -2.814810
v 10.533537 0.086987 -2.843069
v 10.581191 0.123323 -2.869267
v 10.624281 0.166447 -2.892956
v 10.662070 0.215619 -2.913731
v 10.693913 0.270000 -2.931236
v 10.719261 0.328658 -2.945172
v 10.737684 0.390590 -2.955300
v 10.748865 0.454737 -2.961447
v 10.688656 0.520000 -3.071654
v 10.685044 0.585263 -3.069362
v 10.674271 0.649410 -3.062525
v 10.656521 0.711342 -3.051260
v 10.632096 0.770000 -3.035760
v 10.601418 0.824381 -3.016290
v 10.565007 0.873553 -2.993184
v 10.523489 0.916677 -2.966835
v 10.477573 0.953013 -2.937697
v 10.428047 0.981940 -2.906266
v 10.375756 1.002963 -2.873081
v 10.321595 1.015722 -2.838710
v 10.266492 1.020000 -2.803740
v 10.211389 1.015722 -2.768770
v 10.157228 1.002963 -2.734399
v 10.104937 0.981940 -2.701214
v 10.055410 0.953013 -2.669784
v 10.009495 0.916677 -2.640645
v 9.967977 0.873553 -2.614297
v 9.931566 0.824381 -2.591190
v 9.900887 0.770000 -2.571720
v 9.876463 0.711342 -2.556221
v 9.858713 0.649410 -2.544956
v 9.847939 0.585263 -2.538119
v 9.844328 0.520000 -2.535827
v 9.847939 0.454737 -2.538119
v 9.858713 0.390590 -2.544956
v 9.876463 0.328658 -2.556221
v 9.900887 0.270000 -2.571720
v 9.931566 0.215619 -2.591190
v 9.967977 0.166447 -2.614297
v 10.009495 0.123323 -2.640645
v 10.055410 0.086987 -2.669784
v 10.104937 0.058060 -2.701214
v 10.157228 0.037037 -2.734399
v 10.211389 0.024278 -2.768770
v 10.266492 0.020000 -2.803740
v 10.321595 0.024278 -2.838710
v 10.375756 0.037037 -2.873081
v 10.428047 0.058060 -2.906266
v 10.477573 0.086987 -2.937697
v 10.523489 0.123323 -2.966835
v 10.565007 0.166447 -2.993184
v 10.601418 0.215619 -3.016290
v 10.632096 0.270000 -3.035760
v 10.656521 0.328658 -3.051260
v 10.674271 0.390590 -3.062525
v 10.685044 0.454737 -3.069362
v 10.618034 0.520000 -3.175570
v 10.614573 0.585263 -3.173056
v 10.604251 0.649410 -3.165556
v 10.587243 0.711342 -3.153199
v 10.563840 0.770000 -3.136196
v 10.534444 0.824381 -3.114839
v 10.499557 0.873553 -3.089491
v 10.459775 0.916677 -3.060588
v 10.415780 0.953013 -3.028624
v 10.368324 0.981940 -2.994146
v 10.318220 1.002963 -2.957743
v 10.266325 1.015722 -2.920039
v 10.213526 1.020000 -2.881678
v 10.160727 1.015722 -2.843317
v 10.108831 1.002963 -2.805613
v 10.058727 0.981940 -2.769210
v 10.011271 0.953013 -2.734732
v 9.967277 0.916677 -2.702767
v 9.927495 0.873553 -2.673864
v 9.892608 0.824381 -2.648517
v 9.863211 0.770000 -2.627159
v 9.839808 0.711342 -2.610157
v 9.822801 0.649410 -2.597799
v 9.812478 0.585263 -2.590300
v 9.809017 0.520000 -2.587785
v 9.812478 0.454737 -2.590300
v 9.822801 0.390590 -2.597799
v 9.839808 0.328658 -2.610157
v 9.863211 0.270000 -2.627159
v 9.892608 0.215619 -2.648517
v 9.927495 0.166447 -2.673864
v 9.967277 0.123323 -2.702767
v 10.011271 0.086987 -2.734732
v 10.058727 0.058060 -2.769210
v 10.108831 0.037037 -2.805613
v 10.160727 0.024278 -2.843317
v 10.213526 0.020000 -2.881678
v 10.266325 0.024278 -2.920039
v 10.318220 0.037037 -2.957743
v 10.368324 0.058060 -2.994146
v 10.415780 0.086987 -3.028624
v 10.459775 0.123323 -3.060588
v 10.499557 0.166447 -3.089491
v 10.534444 0.215619 -3.114839
v 10.563840 0.270000 -3.136196
v 10.587243 0.328658 -3.153199
v 10.604251 0.390590 -3.165556
v 10.614573 0.454737 -3.173056
v 10.541026 0.520000 -3.274848
v 10.537730 0.585263 -3.272121
v 10.527899 0.649410 -3.263988
v 10.511701 0.711342 -3.250587
v 10.489412 0.770000 -3.232149
v 10.461414 0.824381 -3.208987
v 10.428187 0.873553 -3.181499
v 10.390299 0.916677 -3.150156
v 10.348398 0.953013 -3.115492
v 10.303202 0.981940 -3.078102
v 10.255482 1.002963 -3.038625
v 10.206056 1.015722 -2.997736
v 10.155769 1.020000 -2.956136
v 10.105484 1.015722 -2.914536
v 10.056058 1.002963 -2.873647
v 10.008339 0.981940 -2.834170
v 9.963141 0.953013 -2.796780
v 9.921241 0.916677 -2.762116
v 9.883352 0.873553 -2.730772
v 9.850125 0.824381 -2.703285
v 9.822128 0.770000 -2.680123
v 9.799839 0.711342 -2.661685
v 9.783641 0.649410 -2.648284
v 9.773809 0.585263 -2.640151
v 9.770514 0.520000 -2.637424
v 9.773809 0.454737 -2.640151
v 9.783641 0.390590 -2.648284
v 9.799839 0.328658 -2.661685
v 9.822128 0.270000 -2.680123
v 9.850125 0.215619 -2.703285
v 9.883352 0.166447 -2.730772
v 9.921241 0.123323 -2.762116
v 9.963141 0.086987 -2.796780
v 10.008339 0.058060 -2.834170
v 10.056058 0.037037 -2.873647
v 10.105484 0.024278 -2.914536
v 10.155769 0.020000 -2.956136
v 10.206056 0.024278 -2.997736
v 10.255482 0.037037 -3.038625
v 10.303202 0.058060 -3.078102
v 10.348398 0.086987 -3.115492
v 10.390299 0.123323 -3.150156
v 10.428187 0.166447 -3.181499
v 10.461414 0.215619 -3.208987
v 10.489412 0.270000 -3.232149
v 10.511701 0.328658 -3.250587
v 10.527899 0.390590 -3.263988
v 10.537730 0.454737 -3.272121
v 10.457937 0.520000 -3.369094
v 10.454819 0.585263 -3.366166
v 10.445518 0.649410 -3.357432
v 10.430193 0.711342 -3.343040
v 10.409105 0.770000 -3.323238
v 10.382618 0.824381 -3.298365
v 10.351182 0.873553 -3.268845
v 10.315337 0.916677 -3.235184
v 10.275695 0.953013 -3.197958
v 10.232935 0.981940 -3.157803
v 10.187788 1.002963 -3.115408
v 10.141027 1.015722 -3.071496
v 10.093452 1.020000 -3.026821
v 10.045878 1.015722 -2.982145
v 9.999117 1.002963 -2.938234
v 9.953971 0.981940 -2.895838
v 9.911211 0.953013 -2.855684
v 9.871569 0.916677 -2.818458
v 9.835724 0.873553 -2.784797
v 9.804288 0.824381 -2.755277
v 9.777801 0.770000 -2.730403
v 9.756713 0.711342 -2.710601
v 9.741388 0.649410 -2.696210
v 9.732087 0.585263 -2.687475
v 9.728969 0.520000 -2.684547
v 9.732087 0.454737 -2.687475
v 9.741388 0.390590 -2.696210
v 9.756713 0.328658 -2.710601
v 9.777801 0.270000 -2.730403
v 9.804288 0.215619 -2.755277
v 9.835724 0.166447 -2.784797
v 9.871569 0.123323 -2.818458
v 9.911211 0.086987 -2.855684
v 9.953971 0.058060 -2.895838
v 9.999117 0.037037 -2.938234
v 10.045878 0.024278 -2.982145
v 10.093452 0.020000 -3.026821
v 10.141027 0.024278 -3.071496
v 10.187788 0.037037 -3.115408
v 10.232935 0.058060 -3.157803
v 10.275695 0.086987 -3.197958
v 10.315337 0.123323 -3.235184
v 10.351182 0.166447 -3.268845
v 10.382618 0.215619 -3.298365
v 10.409105 0.270000 -3.323238
v 10.430193 0.328658 -3.343040
v 10.445518 0.390590 -3.357432
v 10.454819 0.454737 -3.366166
v 10.369094 0.520000 -3.457937
v 10.366166 0.585263 -3.454819
v 10.357431 0.649410 -3.445518
v 10.343040 0.711342 -3.430193
v 10.323238 0.770000 -3.409106
v 10.298365 0.824381 -3.382618
v 10.268845 0.873553 -3.351182
v 10.235184 0.916677 -3.315337
v 10.197957 0.953013 -3.275695
v 10.157803 0.981940 -3.232935
v 10.115408 1.002963 -3.187788
v 10.071496 1.015722 -3.141028
v 10.026821 1.020000 -3.093453
v 9.982145 1.015722 -3.045878
v 9.938233 1.002963 -2.999117
v 9.895838 0.981940 -2.953971
v 9.855684 0.953013 -2.911211
v 9.818458 0.916677 -2.871569
v 9.784797 0.873553 -2.835724
v 9.755277 0.824381 -2.804288
v 9.730403 0.770000 -2.777800
v 9.710601 0.711342 -2.756713
v 9.696210 0.649410 -2.741388
v 9.687475 0.585263 -2.732087
v 9.684547 0.520000 -2.728969
v 9.687475 0.454737 -2.732087
v 9.696210 0.390590 -2.741388
v 9.710601 0.328658 -2.756713
v 9.730403 0.270000 -2.777800
v 9.755277 0.215619 -2.804288
v 9.784797 0.166447 -2.835724
v 9.818458 0.123323 -2.871569
v 9.855684 0.086987 -2.911211
v 9.895838 0.058060 -2.953971
v 9.938233 0.037037 -2.999117
v 9.982145 0.024278 -3.045878
v 10.026821 0.020000 -3.093453
v 10.071496 0.024278 -3.141028
v 10.115408 0.037037 -3.187788
v 10.157803 0.058060 -3.232935
v 10.197957 0.086987 -3.275695
v 10.235184 0.123323 -3.315337
v 10.268845 0.166447 -3.351182
v 10.298365 0.215619 -3.382618
v 10.323238 0.270000 -3.409106
v 10.343040 0.328658 -3.430193
v 10.357431 0.390590 -3.445518
v 10.366166 0.454737 -3.454819
v 10.274848 0.520000 -3.541027
v 10.272121 0.585263 -3.537731
v 10.263988 0.649410 -3.527899
v 10.250587 0.711342 -3.511701
v 10.232148 0.770000 -3.489412
v 10.208987 0.824381 -3.461415
v 10.181499 0.873553 -3.428188
v 10.150155 0.916677 -3.390299
v 10.115492 0.953013 -3.348398
v 10.078102 0.981940 -3.303201
v 10.038625 1.002963 -3.255482
v 9.997736 1.015722 -3.206056
v 9.956136 1.020000 -3.155770
v 9.914536 1.015722 -3.105484
v 9.873647 1.002963 -3.056058
v 9.834170 0.981940 -3.008338
v 9.796780 0.953013 -2.963142
v 9.762116 0.916677 -2.921241
v 9.730772 0.873553 -2.883352
v 9.703284 0.824381 -2.850125
v 9.680123 0.770000 -2.822128
v 9.661684 0.711342 -2.799839
v 9.648284 0.649410 -2.783641
v 9.640150 0.585263 -2.773809
v 9.637424 0.520000 -2.770513
v 9.640150 0.454737 -2.773809
v 9.648284 0.390590 -2.783641
v 9.661684 0.328658 -2.799839
v 9.680123 0.270000 -2.822128
v 9.703284 0.215619 -2.850125
v 9.730772 0.166447 -2.883352
v 9.762116 0.123323 -2.921241
v 9.796780 0.086987 -2.963142
v 9.834170 0.058060 -3.008338
v 9.873647 0.037037 -3.056058
v 9.914536 0.024278 -3.105484
v 9.956136 0.020000 -3.155770
v 9.997736 0.024278 -3.206056
v 10.038625 0.037037 -3.255482
v 10.078102 0.058060 -3.303201
v 10.115492 0.086987 -3.348398
v 10.150155 0.123323 -3.390299
v 10.181499 0.166447 -3.428188
v 10.208987 0.215619 -3.461415
v 10.232148 0.270000 -3.489412
v 10.250587 0.328658 -3.511701
v 10.263988 0.390590 -3.527899
v 10.272121 0.454737 -3.537731
v 10.175570 0.520000 -3.618034
v 10.173056 0.585263 -3.614573
v 10.165556 0.649410 -3.604251
v 10.153199 0.711342 -3.587243
v 10.136196 0.770000 -3.563840
v 10.114839 0.824381 -3.534444
v 10.089491 0.873553 -3.499556
v 10.060588 0.916677 -3.459775
v 10.028624 0.953013 -3.415780
v 9.994145 0.981940 -3.368324
v 9.957743 1.002963 -3.318220
v 9.920038 1.015722 -3.266325
v 9.881678 1.020000 -3.213526
v 9.843317 1.015722 -3.160727
v 9.805613 1.002963 -3.108831
v 9.769210 0.981940 -3.058727
v 9.734732 0.953013 -3.011271
v 9.702767 0.916677 -2.967277
v 9.673864 0.873553 -2.927495
v 9.648517 0.824381 -2.892607
v 9.627159 0.770000 -2.863211
v 9.610156 0.711342 -2.839808
v 9.597799 0.649410 -2.822800
v 9.590300 0.585263 -2.812478
v 9.587785 0.520000 -2.809017
v 9.590300 0.454737 -2.812478
v 9.597799 0.390590 -2.822800
v 9.610156 0.328658 -2.839808
v 9.627159 0.270000 -2.863211
v 9.648517 0.215619 -2.892607
v 9.673864 0.166447 -2.927495
v 9.702767 0.123323 -2.967277
v 9.734732 0.086987 -3.011271
v 9.769210 0.058060 -3.058727
v 9.805613 0.037037 -3.108831
v 9.843317 0.024278 -3.160727
v 9.881678 0.020000 -3.213526
v 9.920038 0.024278 -3.266325
v 9.957743 0.037037 -3.318220
v 9.994145 0.058060 -3.368324
v 10.028624 0.086987 -3.415780
v 10.060588 0.123323 -3.459775
v 10.089491 0.166447 -3.499556
v 10.114839 0.215619 -3.534444
v 10.136196 0.270000 -3.563840
v 10.153199 0.328658 -3.587243
v 10.165556 0.390590 -3.604251
v 10.173056 0.454737 -3.614573
v 10.071653 0.520000 -3.688656
v 10.069361 0.585263 -3.685044
v 10.062525 0.649410 -3.674271
v 10.051260 0.711342 -3.656521
v 10.035760 0.770000 -3.632097
v 10.016290 0.824381 -3.601417
v 9.993183 0.873553 -3.565007
v 9.966835 0.916677 -3.523489
v 9.937696 0.953013 -3.477574
v 9.906266 0.981940 -3.428047
v 9.873081 1.002963 -3.375756
v 9.838710 1.015722 -3.321596
v 9.803740 1.020000 -3.266492
v 9.768770 1.015722 -3.211389
v 9.734399 1.002963 -3.157228
v 9.701214 0.981940 -3.104937
v 9.669784 0.953013 -3.055410
v 9.640645 0.916677 -3.009495
v 9.614297 0.873553 -2.967977
v 9.591190 0.824381 -2.931567
v 9.571720 0.770000 -2.900887
v 9.556220 0.711342 -2.876463
v 9.544955 0.649410 -2.858713
v 9.538118 0.585263 -2.847940
v 9.535827 0.520000 -2.844328
v 9.538118 0.454737 -2.847940
v 9.544955 0.390590 -2.858713
v 9.556220 0.328658 -2.876463
v 9.571720 0.270000 -2.900887
v 9.591190 0.215619 -2.931567
v 9.614297 0.166447 -2.967977
v 9.640645 0.123323 -3.009495
v 9.669784 0.086987 -3.055410
v 9.701214 0.058060 -3.104937
v 9.734399 0.037037 -3.157228
v 9.768770 0.024278 -3.211389
v 9.803740 0.020000 -3.266492
v 9.838710 0.024278 -3.321596
v 9.873081 0.037037 -3.375756
v 9.906266 0.058060 -3.428047
v 9.937696 0.086987 -3.477574
v 9.966835 0.123323 -3.523489
v 9.993183 0.166447 -3.565007
v 10.016290 0.215619 -3.601417
v 10.035760 0.270000 -3.632097
v 10.051260 0.328658 -3.656521
v 10.062525 0.390590 -3.674271
v 10.069361 0.454737 -3.685044
v 9.963508 0.520000 -3.752613
v 9.961447 0.585263 -3.748865
v 9.955300 0.649410 -3.737683
v 9.945172 0.711342 -3.719261
v 9.931236 0.770000 -3.693912
v 9.913732 0.824381 -3.662070
v 9.892957 0.873553 -3.624281
v 9.869267 0.916677 -3.581191
v 9.843069 0.953013 -3.533536
v 9.814811 0.981940 -3.482134
v 9.784974 1.002963 -3.427862
v 9.754071 1.015722 -3.371650
v 9.722631 1.020000 -3.314460
v 9.691190 1.015722 -3.257269
v 9.660287 1.002963 -3.201057
v 9.630451 0.981940 -3.146786
v 9.602192 0.953013 -3.095383
v 9.575994 0.916677 -3.047729
v 9.552305 0.873553 -3.004639
v 9.531530 0.824381 -2.966849
v 9.514026 0.770000 -2.935008
v 9.500090 0.711342 -2.909659
v 9.489962 0.649410 -2.891236
v 9.483814 0.585263 -2.880055
v 9.481754 0.520000 -2.876307
v 9.483814 0.454737 -2.880055
v 9.489962 0.390590 -2.891236
v 9.500090 0.328658 -2.909659
v 9.514026 0.270000 -2.935008
v 9.531530 0.215619 -2.966849
v 9.552305 0.166447 -3.004639
v 9.575994 0.123323 -3.047729
v 9.602192 0.086987 -3.095383
v 9.630451 0.058060 -3.146786
v 9.660287 0.037037 -3.201057
v 9.691190 0.024278 -3.257269
v 9.722631 0.020000 -3.314460
v 9.754071 0.024278 -3.371650
v 9.784974 0.037037 -3.427862
v 9.814811 0.058060 -3.482134
v 9.843069 0.086987 -3.533536
v 9.869267 0.123323 -3.581191
v 9.892957 0.166447 -3.624281
v 9.913732 0.215619 -3.662070
v 9.931236 0.270000 -3.693912
v 9.945172 0.328658 -3.719261
v 9.955300 0.390590 -3.737683
v 9.961447 0.454737 -3.748865
v 9.851559 0.520000 -3.809654
v 9.849738 0.585263 -3.805783
v 9.844305 0.649410 -3.794238
v 9.835354 0.711342 -3.775216
v 9.823037 0.770000 -3.749042
v 9.807566 0.824381 -3.716164
v 9.789206 0.873553 -3.677145
v 9.768269 0.916677 -3.632652
v 9.745114 0.953013 -3.583447
v 9.720139 0.981940 -3.530372
v 9.693769 1.002963 -3.474334
v 9.666457 1.015722 -3.416292
v 9.638669 1.020000 -3.357240
v 9.610882 1.015722 -3.298189
v 9.583570 1.002963 -3.240147
v 9.557199 0.981940 -3.184109
v 9.532225 0.953013 -3.131034
v 9.509070 0.916677 -3.081829
v 9.488133 0.873553 -3.037336
v 9.469772 0.824381 -2.998317
v 9.454301 0.770000 -2.965439
v 9.441985 0.711342 -2.939265
v 9.433034 0.649410 -2.920243
v 9.427601 0.585263 -2.908697
v 9.425779 0.520000 -2.904827
v 9.427601 0.454737 -2.908697
v 9.433034 0.390590 -2.920243
v 9.441985 0.328658 -2.939265
v 9.454301 0.270000 -2.965439
v 9.469772 0.215619 -2.998317
v 9.488133 0.166447 -3.037336
v 9.509070 0.123323 -3.081829
v 9.532225 0.086987 -3.131034
v 9.557199 0.058060 -3.184109
v 9.583570 0.037037 -3.240147
v 9.610882 0.024278 -3.298189
v 9.638669 0.020000 -3.357240
v 9.666457 0.024278 -3.416292
v 9.693769 0.037037 -3.474334
v 9.720139 0.058060 -3.530372
v 9.745114 0.086987 -3.583447
v 9.768269 0.123323 -3.632652
v 9.789206 0.166447 -3.677145
v 9.807566 0.215619 -3.716164
v 9.823037 0.270000 -3.749042
v 9.835354 0.328658 -3.775216
v 9.844305 0.390590 -3.794238
v 9.849738 0.454737 -3.805783
v 9.736250 0.520000 -3.859553
v 9.734674 0.585263 -3.855576
v 9.729978 0.649410 -3.843712
v 9.722239 0.711342 -3.824165
v 9.711590 0.770000 -3.797270
v 9.698214 0.824381 -3.763485
v 9.682339 0.873553 -3.723390
v 9.664237 0.916677 -3.677670
v 9.644218 0.953013 -3.627109
v 9.622624 0.981940 -3.572570
v 9.599826 1.002963 -3.514987
v 9.576212 1.015722 -3.455345
v 9.552187 1.020000 -3.394665
v 9.528162 1.015722 -3.333984
v 9.504548 1.002963 -3.274343
v 9.481750 0.981940 -3.216760
v 9.460155 0.953013 -3.162220
v 9.440137 0.916677 -3.111659
v 9.422035 0.873553 -3.065939
v 9.406160 0.824381 -3.025844
v 9.392784 0.770000 -2.992060
v 9.382135 0.711342 -2.965164
v 9.374396 0.649410 -2.945617
v 9.369699 0.585263 -2.933753
v 9.368125 0.520000 -2.929776
v 9.369699 0.454737 -2.933753
v 9.374396 0.390590 -2.945617
v 9.382135 0.328658 -2.965164
v 9.392784 0.270000 -2.992060
v 9.406160 0.215619 -3.025844
v 9.422035 0.166447 -3.065939
v 9.440137 0.123323 -3.111659
v 9.460155 0.086987 -3.162220
v 9.481750 0.058060 -3.216760
v 9.504548 0.037037 -3.274343
v 9.528162 0.024278 -3.333984
v 9.552187 0.020000 -3.394665
v 9.576212 0.024278 -3.455345
v 9.599826 0.037037 -3.514987
v 9.622624 0.058060 -3.572570
v 9.644218 0.086987 -3.627109
v 9.664237 0.123323 -3.677670
v 9.682339 0.166447 -3.723390
v 9.698214 0.215619 -3.763485
v 9.711590 0.270000 -3.797270
v 9.722239 0.328658 -3.824165
v 9.729978 0.390590 -3.843712
v 9.734674 0.454737 -3.855576
v 9.618034 0.520000 -3.902113
v 9.616713 0.585263 -3.898045
v 9.612770 0.649410 -3.885910
v 9.606273 0.711342 -3.865916
v 9.597334 0.770000 -3.838404
v 9.586105 0.824381 -3.803847
v 9.572780 0.873553 -3.762834
v 9.557585 0.916677 -3.716068
v 9.540780 0.953013 -3.664349
v 9.522654 0.981940 -3.608562
v 9.503515 1.002963 -3.549661
v 9.483693 1.015722 -3.488654
v 9.463526 1.020000 -3.426585
v 9.443358 1.015722 -3.364516
v 9.423536 1.002963 -3.303509
v 9.404398 0.981940 -3.244608
v 9.386271 0.953013 -3.188821
v 9.369467 0.916677 -3.137102
v 9.354272 0.873553 -3.090335
v 9.340946 0.824381 -3.049323
v 9.329718 0.770000 -3.014765
v 9.320779 0.711342 -2.987254
v 9.314281 0.649410 -2.967260
v 9.310339 0.585263 -2.955125
v 9.309017 0.520000 -2.951056
v 9.310339 0.454737 -2.955125
v 9.314281 0.390590 -2.967260
v 9.320779 0.328658 -2.987254
v 9.329718 0.270000 -3.014765
v 9.340946 0.215619 -3.049323
v 9.354272 0.166447 -3.090335
v 9.369467 0.123323 -3.137102
v 9.386271 0.086987 -3.188821
v 9.404398 0.058060 -3.244608
v 9.423536 0.037037 -3.303509
v 9.443358 0.024278 -3.364516
v 9.463526 0.020000 -3.426585
v 9.483693 0.024278 -3.488654
v 9.503515 0.037037 -3.549661
v 9.522654 0.058060 -3.608562
v 9.540780 0.086987 -3.664349
v 9.557585 0.123323 -3.716068
v 9.572780 0.166447 -3.762834
v 9.586105 0.215619 -3.803847
v 9.597334 0.270000 -3.838404
v 9.606273 0.328658 -3.865916
v 9.612770 0.390590 -3.885910
v 9.616713 0.454737 -3.898045
v 9.497380 0.520000 -3.937166
v 9.496316 0.585263 -3.933023
v 9.493143 0.649410 -3.920664
v 9.487915 0.711342 -3.900302
v 9.480721 0.770000 -3.872283
v 9.471684 0.824381 -3.837089
v 9.460960 0.873553 -3.795321
v 9.448731 0.916677 -3.747693
v 9.435207 0.953013 -3.695020
v 9.420620 0.981940 -3.638205
v 9.405218 1.002963 -3.578218
v 9.389265 1.015722 -3.516088
v 9.373035 1.020000 -3.452875
v 9.356805 1.015722 -3.389662
v 9.340852 1.002963 -3.327531
v 9.325450 0.981940 -3.267544
v 9.310863 0.953013 -3.210729
v 9.297338 0.916677 -3.158057
v 9.285110 0.873553 -3.110429
v 9.274385 0.824381 -3.068660
v 9.265349 0.770000 -3.033466
v 9.258155 0.711342 -3.005447
v 9.252927 0.649410 -2.985085
v 9.249754 0.585263 -2.972726
v 9.248690 0.520000 -2.968583
v 9.249754 0.454737 -2.972726
v 9.252927 0.390590 -2.985085
v 9.258155 0.328658 -3.005447
v 9.265349 0.270000 -3.033466
v 9.274385 0.215619 -3.068660
v 9.285110 0.166447 -3.110429
v 9.297338 0.123323 -3.158057
v 9.310863 0.086987 -3.210729
v 9.325450 0.058060 -3.267544
v 9.340852 0.037037 -3.327531
v 9.356805 0.024278 -3.389662
v 9.373035 0.020000 -3.452875
v 9.389265 0.024278 -3.516088
v 9.405218 0.037037 -3.578218
v 9.420620 0.058060 -3.638205
v 9.435207 0.086987 -3.695020
v 9.448731 0.123323 -3.747693
v 9.460960 0.166447 -3.795321
v 9.471684 0.215619 -3.837089
v 9.480721 0.270000 -3.872283
v 9.487915 0.328658 -3.900302
v 9.493143 0.390590 -3.920664
v 9.496316 0.454737 -3.933023
v 9.374763 0.520000 -3.964574
v 9.373961 0.585263 -3.960373
v 9.371571 0.649410 -3.947839
v 9.367631 0.711342 -3.927188
v 9.362211 0.770000 -3.898774
v 9.355402 0.824381 -3.863081
v 9.347322 0.873553 -3.820722
v 9.338107 0.916677 -3.772420
v 9.327917 0.953013 -3.719003
v 9.316926 0.981940 -3.661383
v 9.305321 1.002963 -3.600548
v 9.293302 1.015722 -3.537538
v 9.281073 1.020000 -3.473431
v 9.268843 1.015722 -3.409324
v 9.256824 1.002963 -3.346313
v 9.245218 0.981940 -3.285478
v 9.234227 0.953013 -3.227859
v 9.224037 0.916677 -3.174442
v 9.214823 0.873553 -3.126140
v 9.206742 0.824381 -3.083780
v 9.199934 0.770000 -3.048088
v 9.194513 0.711342 -3.019673
v 9.190574 0.649410 -2.999022
v 9.188183 0.585263 -2.986489
v 9.187382 0.520000 -2.982287
v 9.188183 0.454737 -2.986489
v 9.190574 0.390590 -2.999022
v 9.194513 0.328658 -3.019673
v 9.199934 0.270000 -3.048088
v 9.206742 0.215619 -3.083780
v 9.214823 0.166447 -3.126140
v 9.224037 0.123323 -3.174442
v 9.234227 0.086987 -3.227859
v 9.245218 0.058060 -3.285478
v 9.256824 0.037037 -3.346313
v 9.268843 0.024278 -3.409324
v 9.281073 0.020000 -3.473431
v 9.293302 0.024278 -3.537538
v 9.305321 0.037037 -3.600548
v 9.316926 0.058060 -3.661383
v 9.327917 0.086987 -3.719003
v 9.338107 0.123323 -3.772420
v 9.347322 0.166447 -3.820722
v 9.355402 0.215619 -3.863081
v 9.362211 0.270000 -3.898774
v 9.367631 0.328658 -3.927188
v 9.371571 0.390590 -3.947839
v 9.373961 0.454737 -3.960373
v 9.250667 0.520000 -3.984229
v 9.250131 0.585263 -3.979985
v 9.248531 0.649410 -3.967327
v 9.245896 0.711342 -3.946469
v 9.242271 0.770000 -3.917770
v 9.237717 0.824381 -3.881721
v 9.232312 0.873553 -3.838938
v 9.226149 0.916677 -3.790153
v 9.219334 0.953013 -3.736201
v 9.211982 0.981940 -3.678005
v 9.204220 1.002963 -3.616561
v 9.196179 1.015722 -3.552921
v 9.188000 1.020000 -3.488172
v 9.179820 1.015722 -3.423423
v 9.171781 1.002963 -3.359783
v 9.164019 0.981940 -3.298339
v 9.156667 0.953013 -3.240143
v 9.149851 0.916677 -3.186192
v 9.143688 0.873553 -3.137406
v 9.138283 0.824381 -3.094623
v 9.133729 0.770000 -3.058574
v 9.130103 0.711342 -3.029875
v 9.127469 0.649410 -3.009017
v 9.125870 0.585263 -2.996358
v 9.125334 0.520000 -2.992115
v 9.125870 0.454737 -2.996358
v 9.127469 0.390590 -3.009017
v 9.130103 0.328658 -3.029875
v 9.133729 0.270000 -3.058574
v 9.138283 0.215619 -3.094623
v 9.143688 0.166447 -3.137406
v 9.149851 0.123323 -3.186192
v 9.156667 0.086987 -3.240143
v 9.164019 0.058060 -3.298339
v 9.171781 0.037037 -3.359783
v 9.179820 0.024278 -3.423423
v 9.188000 0.020000 -3.488172
v 9.196179 0.024278 -3.552921
v 9.204220 0.037037 -3.616561
v 9.211982 0.058060 -3.678005
v 9.219334 0.086987 -3.736201
v 9.226149 0.123323 -3.790153
v 9.232312 0.166447 -3.838938
v 9.237717 0.215619 -3.881721
v 9.242271 0.270000 -3.917770
v 9.245896 0.328658 -3.946469
v 9.248531 0.390590 -3.967327
v 9.250131 0.454737 -3.979985
v 9.125581 0.520000 -3.996053
v 9.125313 0.585263 -3.991784
v 9.124512 0.649410 -3.979050
v 9.123192 0.711342 -3.958068
v 9.121375 0.770000 -3.929198
v 9.119094 0.824381 -3.892934
v 9.116385 0.873553 -3.849896
v 9.113298 0.916677 -3.800820
v 9.109883 0.953013 -3.746547
v 9.106200 0.981940 -3.688004
v 9.102312 1.002963 -3.626194
v 9.098284 1.015722 -3.562174
v 9.094186 1.020000 -3.497040
v 9.090088 1.015722 -3.431906
v 9.086061 1.002963 -3.367886
v 9.082171 0.981940 -3.306076
v 9.078488 0.953013 -3.247533
v 9.075073 0.916677 -3.193260
v 9.071986 0.873553 -3.144184
v 9.069279 0.824381 -3.101146
v 9.066997 0.770000 -3.064882
v 9.065181 0.711342 -3.036012
v 9.063860 0.649410 -3.015030
v 9.063059 0.585263 -3.002296
v 9.062791 0.520000 -2.998027
v 9.063059 0.454737 -3.002296
v 9.063860 0.390590 -3.015030
v 9.065181 0.328658 -3.036012
v 9.066997 0.270000 -3.064882
v 9.069279 0.215619 -3.101146
v 9.071986 0.166447 -3.144184
v 9.075073 0.123323 -3.193260
v 9.078488 0.086987 -3.247533
v 9.082171 0.058060 -3.306076
v 9.086061 0.037037 -3.367886
v 9.090088 0.024278 -3.431906
v 9.094186 0.020000 -3.497040
v 9.098284 0.024278 -3.562174
v 9.102312 0.037037 -3.626194
v 9.106200 0.058060 -3.688004
v 9.109883 0.086987 -3.746547
v 9.113298 0.123323 -3.800820
v 9.116385 0.166447 -3.849896
v 9.119094 0.215619 -3.892934
v 9.121375 0.270000 -3.929198
v 9.123192 0.328658 -3.958068
v 9.124512 0.390590 -3.979050
v 9.125313 0.454737 -3.991784
v 9.000000 0.520000 -4.000000
v 9.000000 0.585263 -3.995722
v 9.000000 0.649410 -3.982963
v 9.000000 0.711342 -3.961940
v 9.000000 0.770000 -3.933013
v 9.000000 0.824381 -3.896677
v 9.000000 0.873553 -3.853553
v 9.000000 0.916677 -3.804381
v 9.000000 0.953013 -3.750000
v 9.000000 0.981940 -3.691342
v 9.000000 1.002963 -3.629410
v 9.000000 1.015722 -3.565263
v 9.000000 1.020000 -3.500000
v 9.000000 1.015722 -3.434737
v 9.000000 1.002963 -3.370590
v 9.000000 0.981940 -3.308658
v 9.000000 0.953013 -3.250000
v 9.000000 0.916677 -3.195619
v 9.000000 0.873553 -3.146447
v 9.000000 0.824381 -3.103323
v 9.000000 0.770000 -3.066987
v 9.000000 0.711342 -3.038060
v 9.000000 0.649410 -3.017037
v 9.000000 0.585263 -3.004278
v 9.000000 0.520000 -3.000000
v 9.000000 0.454737 -3.004278
v 9.000000 0.390590 -3.017037
v 9.000000 0.328658 -3.038060
v 9.000000 0.270000 -3.066987
v 9.000000 0.215619 -3.103323
v 9.000000 0.166447 -3.146447
v 9.000000 0.123323 -3.195619
v 9.000000 0.086987 -3.250000
v 9.000000 0.058060 -3.308658
v 9.000000 0.037037 -3.370590
v 9.000000 0.024278 -3.434737
v 9.000000 0.020000 -3.500000
v 9.000000 0.024278 -3.565263
v 9.000000 0.037037 -3.629410
v 9.000000 0.058060 -3.691342
v 9.000000 0.086987 -3.750000
v 9.000000 0.123323 -3.804381
v 9.000000 0.166447 -3.853553
v 9.000000 0.215619 -3.896677
v 9.000000 0.270000 -3.933013
v 9.000000 0.328658 -3.961940
v 9.000000 0.390590 -3.982963
v 9.000000 0.454737 -3.995722
v 8.874419 0.520000 -3.996053
v 8.874687 0.585263 -3.991784
v 8.875489 0.649410 -3.979050
v 8.876809 0.711342 -3.958068
v 8.878625 0.770000 -3.929198
v 8.880907 0.824381 -3.892934
v 8.883615 0.873553 -3.849896
v 8.886703 0.916677 -3.800820
v 8.890117 0.953013 -3.746547
v 8.893800 0.981940 -3.688004
v 8.897689 1.002963 -3.626194
v 8.901716 1.015722 -3.562174
v 8.905814 1.020000 -3.497040
v 8.909912 1.015722 -3.431906
v 8.913940 1.002963 -3.367886
v 8.917829 0.981940 -3.306076
v 8.921512 0.953013 -3.247533
v 8.924927 0.916677 -3.193260
v 8.928014 0.873553 -3.144184
v 8.930722 0.824381 -3.101146
v 8.933003 0.770000 -3.064882
v 8.934820 0.711342 -3.036012
v 8.936140 0.649410 -3.015030
v 8.936941 0.585263 -3.002296
v 8.937209 0.520000 -2.998027
v 8.936941 0.454737 -3.002296
v 8.936140 0.390590 -3.015030
v 8.934820 0.328658 -3.036012
v 8.933003 0.270000 -3.064882
v 8.930722 0.215619 -3.101146
v 8.928014 0.166447 -3.144184
v 8.924927 0.123323 -3.193260
v 8.921512 0.086987 -3.247533
v 8.917829 0.058060 -3.306076
v 8.913940 0.037037 -3.367886
v 8.909912 0.024278 -3.431906
v 8.905814 0.020000 -3.497040
v 8.901716 0.024278 -3.562174
v 8.897689 0.037037 -3.626194
v 8.893800 0.058060 -3.688004
v 8.890117 0.086987 -3.746547
v 8.886703 0.123323 -3.800820
v 8.883615 0.166447 -3.849896
v 8.880907 0.215619 -3.892934
v 8.878625 0.270000 -3.929198
v 8.876809 0.328658 -3.958068
v 8.875489 0.390590 -3.979050
v 8.874687 0.454737 -3.991784
v 8.749333 0.520000 -3.984230
v 8.749869 0.585263 -3.979986
v 8.751469 0.649410 -3.967327
v 8.754104 0.711342 -3.946469
v 8.757730 0.770000 -3.917770
v 8.762283 0.824381 -3.881721
v 8.767688 0.873553 -3.838938
v 8.773851 0.916677 -3.790153
v 8.780667 0.953013 -3.736201
v 8.788019 0.981940 -3.678005
v 8.795781 1.002963 -3.616561
v 8.803821 1.015722 -3.552921
v 8.812000 1.020000 -3.488172
v 8.820180 1.015722 -3.423424
v 8.828219 1.002963 -3.359783
v 8.835981 0.981940 -3.298339
v 8.843333 0.953013 -3.240143
v 8.850149 0.916677 -3.186192
v 8.856312 0.873553 -3.137407
v 8.861717 0.824381 -3.094623
v 8.866271 0.770000 -3.058574
v 8.869897 0.711342 -3.029875
v 8.872532 0.649410 -3.009017
v 8.874130 0.585263 -2.996359
v 8.874667 0.520000 -2.992115
v 8.874130 0.454737 -2.996359
v 8.872532 0.390590 -3.009017
v 8.869897 0.328658 -3.029875
v 8.866271 0.270000 -3.058574
v 8.861717 0.215619 -3.094623
v 8.856312 0.166447 -3.137407
v 8.850149 0.123323 -3.186192
v 8.843333 0.086987 -3.240143
v 8.835981 0.058060 -3.298339
v 8.828219 0.037037 -3.359783
v 8.820180 0.024278 -3.423424
v 8.812000 0.020000 -3.488172
v 8.803821 0.024278 -3.552921
v 8.795781 0.037037 -3.616561
v 8.788019 0.058060 -3.678005
v 8.780667 0.086987 -3.736201
v 8.773851 0.123323 -3.790153
v 8.767688 0.166447 -3.838938
v 8.762283 0.215619 -3.881721
v 8.757730 0.270000 -3.917770
v 8.754104 0.328658 -3.946469
v 8.751469 0.390590 -3.967327
v 8.749869 0.454737 -3.979986
v 8.625237 0.520000 -3.964574
v 8.626039 0.585263 -3.960373
v 8.628429 0.649410 -3.947839
v 8.632369 0.711342 -3.927188
v 8.637790 0.770000 -3.898774
v 8.644598 0.824381 -3.863081
v 8.652678 0.873553 -3.820722
v 8.661893 0.916677 -3.772420
v 8.672083 0.953013 -3.719003
v 8.683074 0.981940 -3.661383
v 8.694679 1.002963 -3.600548
v 8.706699 1.015722 -3.537538
v 8.718928 1.020000 -3.473431
v 8.731157 1.015722 -3.409324
v 8.743177 1.002963 -3.346313
v 8.754782 0.981940 -3.285478
v 8.765774 0.953013 -3.227859
v 8.775963 0.916677 -3.174442
v 8.785177 0.873553 -3.126140
v 8.793258 0.824381 -3.083780
v 8.800067 0.770000 -3.048088
v 8.805487 0.711342 -3.019673
v 8.809426 0.649410 -2.999022
v 8.811817 0.585263 -2.986489
v 8.812618 0.520000 -2.982287
v 8.811817 0.454737 -2.986489
v 8.809426 0.390590 -2.999022
v 8.805487 0.328658 -3.019673
v 8.800067 0.270000 -3.048088
v 8.793258 0.215619 -3.083780
v 8.785177 0.166447 -3.126140
v 8.775963 0.123323 -3.174442
v 8.765774 0.086987 -3.227859
v 8.754782 0.058060 -3.285478
v 8.743177 0.037037 -3.346313
v 8.731157 0.024278 -3.409324
v 8.718928 0.020000 -3.473431
v 8.706699 0.024278 -3.537538
v 8.694679 0.037037 -3.600548
v 8.683074 0.058060 -3.661383
v 8.672083 0.086987 -3.719003
v 8.661893 0.123323 -3.772420
v 8.652678 0.166447 -3.820722
v 8.644598 0.215619 -3.863081
v 8.637790 0.270000 -3.898774
v 8.632369 0.328658 -3.927188
v 8.628429 0.390590 -3.947839
v 8.626039 0.454737 -3.960373
v 8.502620 0.520000 -3.937166
v 8.503684 0.585263 -3.933023
v 8.506857 0.649410 -3.920665
v 8.512085 0.711342 -3.900302
v 8.519279 0.770000 -3.872283
v 8.528316 0.824381 -3.837089
v 8.539040 0.873553 -3.795321
v 8.551269 0.916677 -3.747693
v 8.564793 0.953013 -3.695021
v 8.579380 0.981940 -3.638205
v 8.594782 1.002963 -3.578219
v 8.610735 1.015722 -3.516088
v 8.626966 1.020000 -3.452875
v 8.643195 1.015722 -3.389662
v 8.659148 1.002963 -3.327531
v 8.674550 0.981940 -3.267544
v 8.689137 0.953013 -3.210729
v 8.702662 0.916677 -3.158057
v 8.714890 0.873553 -3.110429
v 8.725615 0.824381 -3.068660
v 8.734651 0.770000 -3.033466
v 8.741845 0.711342 -3.005448
v 8.747073 0.649410 -2.985085
v 8.750246 0.585263 -2.972726
v 8.751310 0.520000 -2.968583
v 8.750246 0.454737 -2.972726
v 8.747073 0.390590 -2.985085
v 8.741845 0.328658 -3.005448
v 8.734651 0.270000 -3.033466
v 8.725615 0.215619 -3.068660
v 8.714890 0.166447 -3.110429
v 8.702662 0.123323 -3.158057
v 8.689137 0.086987 -3.210729
v 8.674550 0.058060 -3.267544
v 8.659148 0.037037 -3.327531
v 8.643195 0.024278 -3.389662
v 8.626966 0.020000 -3.452875
v 8.610735 0.024278 -3.516088
v 8.594782 0.037037 -3.578219
v 8.579380 0.058060 -3.638205
v 8.564793 0.086987 -3.695021
v 8.551269 0.123323 -3.747693
v 8.539040 0.166447 -3.795321
v 8.528316 0.215619 -3.837089
v 8.519279 0.270000 -3.872283
v 8.512085 0.328658 -3.900302
v 8.506857 0.390590 -3.920665
v 8.503684 0.454737 -3.933023
v 8.381966 0.520000 -3.902113
v 8.383287 0.585263 -3.898045
v 8.387231 0.649410 -3.885910
v 8.393727 0.711342 -3.865916
v 8.402666 0.770000 -3.838404
v 8.413895 0.824381 -3.803847
v 8.427220 0.873553 -3.762834
v 8.442415 0.916677 -3.716068
v 8.459220 0.953013 -3.664349
v 8.477346 0.981940 -3.608562
v 8.496485 1.002963 -3.549661
v 8.516307 1.015722 -3.488654
v 8.536474 1.020000 -3.426585
v 8.556642 1.015722 -3.364516
v 8.576465 1.002963 -3.303509
v 8.595602 0.981940 -3.244608
v 8.613729 0.953013 -3.188821
v 8.630533 0.916677 -3.137102
v 8.645728 0.873553 -3.090335
v 8.659055 0.824381 -3.049323
v 8.670282 0.770000 -3.014765
v 8.679222 0.711342 -2.987254
v 8.685719 0.649410 -2.967260
v 8.689661 0.585263 -2.955125
v 8.690983 0.520000 -2.951056
v 8.689661 0.454737 -2.955125
v 8.685719 0.390590 -2.967260
v 8.679222 0.328658 -2.987254
v 8.670282 0.270000 -3.014765
v 8.659055 0.215619 -3.049323
v 8.645728 0.166447 -3.090335
v 8.630533 0.123323 -3.137102
v 8.613729 0.086987 -3.188821
v 8.595602 0.058060 -3.244608
v 8.576465 0.037037 -3.303509
v 8.556642 0.024278 -3.364516
v 8.536474 0.020000 -3.426585
v 8.516307 0.024278 -3.488654
v 8.496485 0.037037 -3.549661
v 8.477346 0.058060 -3.608562
v 8.459220 0.086987 -3.664349
v 8.442415 0.123323 -3.716068
v 8.427220 0.166447 -3.762834
v 8.413895 0.215619 -3.803847
v 8.402666 0.270000 -3.838404
v 8.393727 0.328658 -3.865916
v 8.387231 0.390590 -3.885910
v 8.383287 0.454737 -3.898045
v 8.263751 0.520000 -3.859553
v 8.265326 0.585263 -3.855576
v 8.270022 0.649410 -3.843712
v 8.277761 0.711342 -3.824165
v 8.288410 0.770000 -3.797270
v 8.301786 0.824381 -3.763485
v 8.317661 0.873553 -3.723390
v 8.335763 0.916677 -3.677670
v 8.355782 0.953013 -3.627109
v 8.377376 0.981940 -3.572570
v 8.400174 1.002963 -3.514987
v 8.423788 1.015722 -3.455345
v 8.447813 1.020000 -3.394665
v 8.471838 1.015722 -3.333984
v 8.495452 1.002963 -3.274343
v 8.518250 0.981940 -3.216760
v 8.539845 0.953013 -3.162220
v 8.559863 0.916677 -3.111659
v 8.577965 0.873553 -3.065939
v 8.593840 0.824381 -3.025844
v 8.607216 0.770000 -2.992060
v 8.617865 0.711342 -2.965164
v 8.625604 0.649410 -2.945617
v 8.630301 0.585263 -2.933753
v 8.631875 0.520000 -2.929776
v 8.630301 0.454737 -2.933753
v 8.625604 0.390590 -2.945617
v 8.617865 0.328658 -2.965164
v 8.607216 0.270000 -2.992060
v 8.593840 0.215619 -3.025844
v 8.577965 0.166447 -3.065939
v 8.559863 0.123323 -3.111659
v 8.539845 0.086987 -3.162220
v 8.518250 0.058060 -3.216760
v 8.495452 0.037037 -3.274343
v 8.471838 0.024278 -3.333984
v 8.447813 0.020000 -3.394665
v 8.423788 0.024278 -3.455345
v 8.400174 0.037037 -3.514987
v 8.377376 0.058060 -3.572570
v 8.355782 0.086987 -3.627109
v 8.335763 0.123323 -3.677670
v 8.317661 0.166447 -3.723390
v 8.301786 0.215619 -3.763485
v 8.288410 0.270000 -3.797270
v 8.277761 0.328658 -3.824165
v 8.270022 0.390590 -3.843712
v 8.265326 0.454737 -3.855576
v 8.148441 0.520000 -3.809654
v 8.150263 0.585263 -3.805784
v 8.155695 0.649410 -3.794239
v 8.164646 0.711342 -3.775216
v 8.176963 0.770000 -3.749042
v 8.192434 0.824381 -3.716164
v 8.210795 0.873553 -3.677145
v 8.231732 0.916677 -3.632652
v 8.254886 0.953013 -3.583447
v 8.279861 0.981940 -3.530372
v 8.306231 1.002963 -3.474334
v 8.333543 1.015722 -3.416292
v 8.361331 1.020000 -3.357240
v 8.389118 1.015722 -3.298189
v 8.416430 1.002963 -3.240147
v 8.442801 0.981940 -3.184109
v 8.467775 0.953013 -3.131034
v 8.490930 0.916677 -3.081829
v 8.511867 0.873553 -3.037336
v 8.530228 0.824381 -2.998317
v 8.545699 0.770000 -2.965439
v 8.558016 0.711342 -2.939265
v 8.566967 0.649410 -2.920243
v 8.572399 0.585263 -2.908698
v 8.574221 0.520000 -2.904827
v 8.572399 0.454737 -2.908698
v 8.566967 0.390590 -2.920243
v 8.558016 0.328658 -2.939265
v 8.545699 0.270000 -2.965439
v 8.530228 0.215619 -2.998317
v 8.511867 0.166447 -3.037336
v 8.490930 0.123323 -3.081829
v 8.467775 0.086987 -3.131034
v 8.442801 0.058060 -3.184109
v 8.416430 0.037037 -3.240147
v 8.389118 0.024278 -3.298189
v 8.361331 0.020000 -3.357240
v 8.333543 0.024278 -3.416292
v 8.306231 0.037037 -3.474334
v 8.279861 0.058060 -3.530372
v 8.254886 0.086987 -3.583447
v 8.231732 0.123323 -3.632652
v 8.210795 0.166447 -3.677145
v 8.192434 0.215619 -3.716164
v 8.176963 0.270000 -3.749042
v 8.164646 0.328658 -3.775216
v 8.155695 0.390590 -3.794239
v 8.150263 0.454737 -3.805784
v 8.036492 0.520000 -3.752613
v 8.038553 0.585263 -3.748865
v 8.044700 0.649410 -3.737684
v 8.054828 0.711342 -3.719261
v 8.068764 0.770000 -3.693912
v 8.086268 0.824381 -3.662070
v 8.107043 0.873553 -3.624281
v 8.130733 0.916677 -3.581191
v 8.156931 0.953013 -3.533536
v 8.185189 0.981940 -3.482134
v 8.215026 1.002963 -3.427862
v 8.245929 1.015722 -3.371650
v 8.277369 1.020000 -3.314460
v 8.308810 1.015722 -3.257269
v 8.339713 1.002963 -3.201057
v 8.369549 0.981940 -3.146786
v 8.397808 0.953013 -3.095383
v 8.424006 0.916677 -3.047729
v 8.447695 0.873553 -3.004639
v 8.468470 0.824381 -2.966850
v 8.485975 0.770000 -2.935008
v 8.499910 0.711342 -2.909659
v 8.510038 0.649410 -2.891236
v 8.516186 0.585263 -2.880055
v 8.518247 0.520000 -2.876307
v 8.516186 0.454737 -2.880055
v 8.510038 0.390590 -2.891236
v 8.499910 0.328658 -2.909659
v 8.485975 0.270000 -2.935008
v 8.468470 0.215619 -2.966850
v 8.447695 0.166447 -3.004639
v 8.424006 0.123323 -3.047729
v 8.397808 0.086987 -3.095383
v 8.369549 0.058060 -3.146786
v 8.339713 0.037037 -3.201057
v 8.308810 0.024278 -3.257269
v 8.277369 0.020000 -3.314460
v 8.245929 0.024278 -3.371650
v 8.215026 0.037037 -3.427862
v 8.185189 0.058060 -3.482134
v 8.156931 0.086987 -3.533536
v 8.130733 0.123323 -3.581191
v 8.107043 0.166447 -3.624281
v 8.086268 0.215619 -3.662070
v 8.068764 0.270000 -3.693912
v 8.054828 0.328658 -3.719261
v 8.044700 0.390590 -3.737684
v 8.038553 0.454737 -3.748865
v 7.928346 0.520000 -3.688656
v 7.930638 0.585263 -3.685044
v 7.937475 0.649410 -3.674271
v 7.948740 0.711342 -3.656520
v 7.964240 0.770000 -3.632097
v 7.983709 0.824381 -3.601417
v 8.006816 0.873553 -3.565007
v 8.033164 0.916677 -3.523489
v 8.062303 0.953013 -3.477574
v 8.093734 0.981940 -3.428047
v 8.126919 1.002963 -3.375756
v 8.161290 1.015722 -3.321595
v 8.196259 1.020000 -3.266492
v 8.231230 1.015722 -3.211388
v 8.265601 1.002963 -3.157228
v 8.298786 0.981940 -3.104937
v 8.330216 0.953013 -3.055410
v 8.359355 0.916677 -3.009495
v 8.385703 0.873553 -2.967977
v 8.408810 0.824381 -2.931567
v 8.428280 0.770000 -2.900887
v 8.443779 0.711342 -2.876463
v 8.455044 0.649410 -2.858713
v 8.461881 0.585263 -2.847939
v 8.464173 0.520000 -2.844328
v 8.461881 0.454737 -2.847939
v 8.455044 0.390590 -2.858713
v 8.443779 0.328658 -2.876463
v 8.428280 0.270000 -2.900887
v 8.408810 0.215619 -2.931567
v 8.385703 0.166447 -2.967977
v 8.359355 0.123323 -3.009495
v 8.330216 0.086987 -3.055410
v 8.298786 0.058060 -3.104937
v 8.265601 0.037037 -3.157228
v 8.231230 0.024278 -3.211388
v 8.196259 0.020000 -3.266492
v 8.161290 0.024278 -3.321595
v 8.126919 0.037037 -3.375756
v 8.093734 0.058060 -3.428047
v 8.062303 0.086987 -3.477574
v 8.033164 0.123323 -3.523489
v 8.006816 0.166447 -3.565007
v 7.983709 0.215619 -3.601417
v 7.964240 0.270000 -3.632097
v 7.948740 0.328658 -3.656520
v 7.937475 0.390590 -3.674271
v 7.930638 0.454737 -3.685044
v 7.824429 0.520000 -3.618034
v 7.826943 0.585263 -3.614573
v 7.834443 0.649410 -3.604250
v 7.846800 0.711342 -3.587243
v 7.863803 0.770000 -3.563840
v 7.885161 0.824381 -3.534443
v 7.910508 0.873553 -3.499556
v 7.939411 0.916677 -3.459774
v 7.971375 0.953013 -3.415780
v 8.005854 0.981940 -3.368324
v 8.042257 1.002963 -3.318220
v 8.079961 1.015722 -3.266324
v 8.118322 1.020000 -3.213525
v 8.156683 1.015722 -3.160726
v 8.194386 1.002963 -3.108831
v 8.230790 0.981940 -3.058727
v 8.265268 0.953013 -3.011271
v 8.297233 0.916677 -2.967276
v 8.326136 0.873553 -2.927495
v 8.351482 0.824381 -2.892607
v 8.372841 0.770000 -2.863211
v 8.389843 0.711342 -2.839808
v 8.402201 0.649410 -2.822800
v 8.409700 0.585263 -2.812478
v 8.412214 0.520000 -2.809017
v 8.409700 0.454737 -2.812478
v 8.402201 0.390590 -2.822800
v 8.389843 0.328658 -2.839808
v 8.372841 0.270000 -2.863211
v 8.351482 0.215619 -2.892607
v 8.326136 0.166447 -2.927495
v 8.297233 0.123323 -2.967276
v 8.265268 0.086987 -3.011271
v 8.230790 0.058060 -3.058727
v 8.194386 0.037037 -3.108831
v 8.156683 0.024278 -3.160726
v 8.118322 0.020000 -3.213525
v 8.079961 0.024278 -3.266324
v 8.042257 0.037037 -3.318220
v 8.005854 0.058060 -3.368324
v 7.971375 0.086987 -3.415780
v 7.939411 0.123323 -3.459774
v 7.910508 0.166447 -3.499556
v 7.885161 0.215619 -3.534443
v 7.863803 0.270000 -3.563840
v 7.846800 0.328658 -3.587243
v 7.834443 0.390590 -3.604250
v 7.826943 0.454737 -3.614573
v 7.725152 0.520000 -3.541026
v 7.727879 0.585263 -3.537730
v 7.736012 0.649410 -3.527899
v 7.749412 0.711342 -3.511700
v 7.767851 0.770000 -3.489412
v 7.791012 0.824381 -3.461414
v 7.818501 0.873553 -3.428187
v 7.849844 0.916677 -3.390299
v 7.884508 0.953013 -3.348398
v 7.921898 0.981940 -3.303201
v 7.961375 1.002963 -3.255481
v 8.002263 1.015722 -3.206056
v 8.043863 1.020000 -3.155770
v 8.085464 1.015722 -3.105484
v 8.126352 1.002963 -3.056058
v 8.165830 0.981940 -3.008338
v 8.203219 0.953013 -2.963141
v 8.237884 0.916677 -2.921240
v 8.269227 0.873553 -2.883352
v 8.296715 0.824381 -2.850125
v 8.319877 0.770000 -2.822128
v 8.338315 0.711342 -2.799839
v 8.351716 0.649410 -2.783640
v 8.359849 0.585263 -2.773809
v 8.362576 0.520000 -2.770513
v 8.359849 0.454737 -2.773809
v 8.351716 0.390590 -2.783640
v 8.338315 0.328658 -2.799839
v 8.319877 0.270000 -2.822128
v 8.296715 0.215619 -2.850125
v 8.269227 0.166447 -2.883352
v 8.237884 0.123323 -2.921240
v 8.203219 0.086987 -2.963141
v 8.165830 0.058060 -3.008338
v 8.126352 0.037037 -3.056058
v 8.085464 0.024278 -3.105484
v 8.043863 0.020000 -3.155770
v 8.002263 0.024278 -3.206056
v 7.961375 0.037037 -3.255481
v 7.921898 0.058060 -3.303201
v 7.884508 0.086987 -3.348398
v 7.849844 0.123323 -3.390299
v 7.818501 0.166447 -3.428187
v 7.791012 0.215619 -3.461414
v 7.767851 0.270000 -3.489412
v 7.749412 0.328658 -3.511700
v 7.736012 0.390590 -3.527899
v 7.727879 0.454737 -3.537730
v 7.630905 0.520000 -3.457937
v 7.633834 0.585263 -3.454819
v 7.642568 0.649410 -3.445518
v 7.656960 0.711342 -3.430192
v 7.676762 0.770000 -3.409105
v 7.701635 0.824381 -3.382617
v 7.731155 0.873553 -3.351182
v 7.764816 0.916677 -3.315337
v 7.802042 0.953013 -3.275695
v 7.842196 0.981940 -3.232935
v 7.884592 1.002963 -3.187788
v 7.928503 1.015722 -3.141027
v 7.973179 1.020000 -3.093453
v 8.017855 1.015722 -3.045878
v 8.061766 1.002963 -2.999117
v 8.104161 0.981940 -2.953970
v 8.144316 0.953013 -2.911211
v 8.181542 0.916677 -2.871569
v 8.215203 0.873553 -2.835723
v 8.244723 0.824381 -2.804288
v 8.269597 0.770000 -2.777800
v 8.289398 0.711342 -2.756713
v 8.303790 0.649410 -2.741388
v 8.312525 0.585263 -2.732087
v 8.315453 0.520000 -2.728968
v 8.312525 0.454737 -2.732087
v 8.303790 0.390590 -2.741388
v 8.289398 0.328658 -2.756713
v 8.269597 0.270000 -2.777800
v 8.244723 0.215619 -2.804288
v 8.215203 0.166447 -2.835723
v 8.181542 0.123323 -2.871569
v 8.144316 0.086987 -2.911211
v 8.104161 0.058060 -2.953970
v 8.061766 0.037037 -2.999117
v 8.017855 0.024278 -3.045878
v 7.973179 0.020000 -3.093453
v 7.928503 0.024278 -3.141027
v 7.884592 0.037037 -3.187788
v 7.842196 0.058060 -3.232935
v 7.802042 0.086987 -3.275695
v 7.764816 0.123323 -3.315337
v 7.731155 0.166447 -3.351182
v 7.701635 0.215619 -3.382617
v 7.676762 0.270000 -3.409105
v 7.656960 0.328658 -3.430192
v 7.642568 0.390590 -3.445518
v 7.633834 0.454737 -3.454819
v 7.542062 0.520000 -3.369094
v 7.545181 0.585263 -3.366166
v 7.554482 0.649410 -3.357431
v 7.569807 0.711342 -3.343040
v 7.590894 0.770000 -3.323238
v 7.617382 0.824381 -3.298364
v 7.648818 0.873553 -3.268844
v 7.684663 0.916677 -3.235183
v 7.724305 0.953013 -3.197957
v 7.767065 0.981940 -3.157803
v 7.812211 1.002963 -3.115407
v 7.858972 1.015722 -3.071496
v 7.906547 1.020000 -3.026820
v 7.954122 1.015722 -2.982145
v 8.000882 1.002963 -2.938233
v 8.046029 0.981940 -2.895838
v 8.088789 0.953013 -2.855684
v 8.128430 0.916677 -2.818458
v 8.164276 0.873553 -2.784796
v 8.195712 0.824381 -2.755277
v 8.222199 0.770000 -2.730403
v 8.243286 0.711342 -2.710601
v 8.258612 0.649410 -2.696210
v 8.267913 0.585263 -2.687475
v 8.271031 0.520000 -2.684547
v 8.267913 0.454737 -2.687475
v 8.258612 0.390590 -2.696210
v 8.243286 0.328658 -2.710601
v 8.222199 0.270000 -2.730403
v 8.195712 0.215619 -2.755277
v 8.164276 0.166447 -2.784796
v 8.128430 0.123323 -2.818458
v 8.088789 0.086987 -2.855684
v 8.046029 0.058060 -2.895838
v 8.000882 0.037037 -2.938233
v 7.954122 0.024278 -2.982145
v 7.906547 0.020000 -3.026820
v 7.858972 0.024278 -3.071496
v 7.812211 0.037037 -3.115407
v 7.767065 0.058060 -3.157803
v 7.724305 0.086987 -3.197957
v 7.684663 0.123323 -3.235183
v 7.648818 0.166447 -3.268844
v 7.617382 0.215619 -3.298364
v 7.590894 0.270000 -3.323238
v 7.569807 0.328658 -3.343040
v 7.554482 0.390590 -3.357431
v 7.545181 0.454737 -3.366166
v 7.458973 0.520000 -3.274848
v 7.462269 0.585263 -3.272121
v 7.472100 0.649410 -3.263988
v 7.488299 0.711342 -3.250587
v 7.510588 0.770000 -3.232148
v 7.538585 0.824381 -3.208987
v 7.571812 0.873553 -3.181499
v 7.609700 0.916677 -3.150155
v 7.651602 0.953013 -3.115492
v 7.696798 0.981940 -3.078101
v 7.744518 1.002963 -3.038624
v 7.793944 1.015722 -2.997736
v 7.844230 1.020000 -2.956136
v 7.894516 1.015722 -2.914535
v 7.943942 1.002963 -2.873647
v 7.991661 0.981940 -2.834170
v 8.036859 0.953013 -2.796780
v 8.078759 0.916677 -2.762116
v 8.116648 0.873553 -2.730772
v 8.149875 0.824381 -2.703285
v 8.177872 0.770000 -2.680123
v 8.200161 0.711342 -2.661684
v 8.216359 0.649410 -2.648283
v 8.226191 0.585263 -2.640150
v 8.229486 0.520000 -2.637424
v 8.226191 0.454737 -2.640150
v 8.216359 0.390590 -2.648283
v 8.200161 0.328658 -2.661684
v 8.177872 0.270000 -2.680123
v 8.149875 0.215619 -2.703285
v 8.116648 0.166447 -2.730772
v 8.078759 0.123323 -2.762116
v 8.036859 0.086987 -2.796780
v 7.991661 0.058060 -2.834170
v 7.943942 0.037037 -2.873647
v 7.894516 0.024278 -2.914535
v 7.844230 0.020000 -2.956136
v 7.793944 0.024278 -2.997736
v 7.744518 0.037037 -3.038624
v 7.696798 0.058060 -3.078101
v 7.651602 0.086987 -3.115492
v 7.609700 0.123323 -3.150155
v 7.571812 0.166447 -3.181499
v 7.538585 0.215619 -3.208987
v 7.510588 0.270000 -3.232148
v 7.488299 0.328658 -3.250587
v 7.472100 0.390590 -3.263988
v 7.462269 0.454737 -3.272121
v 7.381966 0.520000 -3.175570
v 7.385427 0.585263 -3.173056
v 7.395749 0.649410 -3.165556
v 7.412757 0.711342 -3.153199
v 7.436160 0.770000 -3.136196
v 7.465556 0.824381 -3.114838
v 7.500443 0.873553 -3.089491
v 7.540225 0.916677 -3.060588
v 7.584220 0.953013 -3.028624
v 7.631676 0.981940 -2.994145
v 7.681780 1.002963 -2.957742
v 7.733675 1.015722 -2.920038
v 7.786474 1.020000 -2.881678
v 7.839273 1.015722 -2.843317
v 7.891169 1.002963 -2.805613
v 7.941273 0.981940 -2.769210
v 7.988729 0.953013 -2.734731
v 8.032723 0.916677 -2.702767
v 8.072505 0.873553 -2.673864
v 8.107392 0.824381 -2.648517
v 8.136789 0.770000 -2.627159
v 8.160192 0.711342 -2.610156
v 8.177199 0.649410 -2.597799
v 8.187522 0.585263 -2.590299
v 8.190983 0.520000 -2.587785
v 8.187522 0.454737 -2.590299
v 8.177199 0.390590 -2.597799
v 8.160192 0.328658 -2.610156
v 8.136789 0.270000 -2.627159
v 8.107392 0.215619 -2.648517
v 8.072505 0.166447 -2.673864
v 8.032723 0.123323 -2.702767
v 7.988729 0.086987 -2.734731
v 7.941273 0.058060 -2.769210
v 7.891169 0.037037 -2.805613
v 7.839273 0.024278 -2.843317
v 7.786474 0.020000 -2.881678
v 7.733675 0.024278 -2.920038
v 7.681780 0.037037 -2.957742
v 7.631676 0.058060 -2.994145
v 7.584220 0.086987 -3.028624
v 7.540225 0.123323 -3.060588
v 7.500443 0.166447 -3.089491
v 7.465556 0.215619 -3.114838
v 7.436160 0.270000 -3.136196
v 7.412757 0.328658 -3.153199
v 7.395749 0.390590 -3.165556
v 7.385427 0.454737 -3.173056
v 7.311344 0.520000 -3.071653
v 7.314956 0.585263 -3.069361
v 7.325728 0.649410 -3.062524
v 7.343479 0.711342 -3.051260
v 7.367903 0.770000 -3.035759
v 7.398582 0.824381 -3.016290
v 7.434993 0.873553 -2.993183
v 7.476511 0.916677 -2.966835
v 7.522426 0.953013 -2.937696
v 7.571953 0.981940 -2.906266
v 7.624244 1.002963 -2.873081
v 7.678404 1.015722 -2.838709
v 7.733508 1.020000 -2.803740
v 7.788611 1.015722 -2.768770
v 7.842772 1.002963 -2.734399
v 7.895063 0.981940 -2.701214
v 7.944590 0.953013 -2.669783
v 7.990505 0.916677 -2.640645
v 8.032022 0.873553 -2.614296
v 8.068433 0.824381 -2.591190
v 8.099113 0.770000 -2.571720
v 8.123537 0.711342 -2.556220
v 8.141287 0.649410 -2.544955
v 8.152061 0.585263 -2.538119
v 8.155672 0.520000 -2.535826
v 8.152061 0.454737 -2.538119
v 8.141287 0.390590 -2.544955
v 8.123537 0.328658 -2.556220
v 8.099113 0.270000 -2.571720
v 8.068433 0.215619 -2.591190
v 8.032022 0.166447 -2.614296
v 7.990505 0.123323 -2.640645
v 7.944590 0.086987 -2.669783
v 7.895063 0.058060 -2.701214
v 7.842772 0.037037 -2.734399
v 7.788611 0.024278 -2.768770
v 7.733508 0.020000 -2.803740
v 7.678404 0.024278 -2.838709
v 7.624244 0.037037 -2.873081
v 7.571953 0.058060 -2.906266
v 7.522426 0.086987 -2.937696
v 7.476511 0.123323 -2.966835
v 7.434993 0.166447 -2.993183
v 7.398582 0.215619 -3.016290
v 7.367903 0.270000 -3.035759
v 7.343479 0.328658 -3.051260
v 7.325728 0.390590 -3.062524
v 7.314956 0.454737 -3.069361
v 7.247387 0.520000 -2.963508
v 7.251135 0.585263 -2.961447
v 7.262316 0.649410 -2.955300
v 7.280739 0.711342 -2.945172
v 7.306088 0.770000 -2.931236
v 7.337930 0.824381 -2.913731
v 7.375719 0.873553 -2.892956
v 7.418809 0.916677 -2.869267
v 7.466463 0.953013 -2.843069
v 7.517866 0.981940 -2.814810
v 7.572138 1.002963 -2.784974
v 7.628349 1.015722 -2.754071
v 7.685540 1.020000 -2.722631
v 7.742731 1.015722 -2.691190
v 7.798943 1.002963 -2.660287
v 7.853214 0.981940 -2.630451
v 7.904617 0.953013 -2.602192
v 7.952271 0.916677 -2.575994
v 7.995361 0.873553 -2.552305
v 8.033151 0.824381 -2.531530
v 8.064992 0.770000 -2.514025
v 8.090341 0.711342 -2.500089
v 8.108764 0.649410 -2.489961
v 8.119945 0.585263 -2.483814
v 8.123693 0.520000 -2.481754
v 8.119945 0.454737 -2.483814
v 8.108764 0.390590 -2.489961
v 8.090341 0.328658 -2.500089
v 8.064992 0.270000 -2.514025
v 8.033151 0.215619 -2.531530
v 7.995361 0.166447 -2.552305
v 7.952271 0.123323 -2.575994
v 7.904617 0.086987 -2.602192
v 7.853214 0.058060 -2.630451
v 7.798943 0.037037 -2.660287
v 7.742731 0.024278 -2.691190
v 7.685540 0.020000 -2.722631
v 7.628349 0.024278 -2.754071
v 7.572138 0.037037 -2.784974
v 7.517866 0.058060 -2.814810
v 7.466463 0.086987 -2.843069
v 7.418809 0.123323 -2.869267
v 7.375719 0.166447 -2.892956
v 7.337930 0.215619 -2.913731
v 7.306088 0.270000 -2.931236
v 7.280739 0.328658 -2.945172
v 7.262316 0.390590 -2.955300
v 7.251135 0.454737 -2.961447
v 7.190346 0.520000 -2.851559
v 7.194217 0.585263 -2.849737
v 7.205761 0.649410 -2.844305
v 7.224784 0.711342 -2.835353
v 7.250958 0.770000 -2.823037
v 7.283836 0.824381 -2.807566
v 7.322855 0.873553 -2.789205
v 7.367348 0.916677 -2.768268
v 7.416553 0.953013 -2.745114
v 7.469628 0.981940 -2.720139
v 7.525666 1.002963 -2.693769
v 7.583708 1.015722 -2.666457
v 7.642759 1.020000 -2.638669
v 7.701811 1.015722 -2.610881
v 7.759853 1.002963 -2.583569
v 7.815891 0.981940 -2.557200
v 7.868966 0.953013 -2.532224
v 7.918171 0.916677 -2.509070
v 7.962664 0.873553 -2.488133
v 8.001683 0.824381 -2.469772
v 8.034561 0.770000 -2.454301
v 8.060735 0.711342 -2.441985
v 8.079758 0.649410 -2.433033
v 8.091303 0.585263 -2.427601
v 8.095173 0.520000 -2.425779
v 8.091303 0.454737 -2.427601
v 8.079758 0.390590 -2.433033
v 8.060735 0.328658 -2.441985
v 8.034561 0.270000 -2.454301
v 8.001683 0.215619 -2.469772
v 7.962664 0.166447 -2.488133
v 7.918171 0.123323 -2.509070
v 7.868966 0.086987 -2.532224
v 7.815891 0.058060 -2.557200
v 7.759853 0.037037 -2.583569
v 7.701811 0.024278 -2.610881
v 7.642759 0.020000 -2.638669
v 7.583708 0.024278 -2.666457
v 7.525666 0.037037 -2.693769
v 7.469628 0.058060 -2.720139
v 7.416553 0.086987 -2.745114
v 7.367348 0.123323 -2.768268
v 7.322855 0.166447 -2.789205
v 7.283836 0.215619 -2.807566
v 7.250958 0.270000 -2.823037
v 7.224784 0.328658 -2.835353
v 7.205761 0.390590 -2.844305
v 7.194217 0.454737 -2.849737
v 7.140447 0.520000 -2.736249
v 7.144424 0.585263 -2.734674
v 7.156288 0.649410 -2.729977
v 7.175835 0.711342 -2.722238
v 7.202730 0.770000 -2.711590
v 7.236515 0.824381 -2.698213
v 7.276609 0.873553 -2.682339
v 7.322330 0.916677 -2.664237
v 7.372891 0.953013 -2.644218
v 7.427430 0.981940 -2.622624
v 7.485013 1.002963 -2.599826
v 7.544655 1.015722 -2.576212
v 7.605335 1.020000 -2.552187
v 7.666016 1.015722 -2.528162
v 7.725657 1.002963 -2.504548
v 7.783240 0.981940 -2.481749
v 7.837780 0.953013 -2.460156
v 7.888341 0.916677 -2.440137
v 7.934061 0.873553 -2.422035
v 7.974156 0.824381 -2.406160
v 8.007940 0.770000 -2.392784
v 8.034836 0.711342 -2.382135
v 8.054383 0.649410 -2.374396
v 8.066246 0.585263 -2.369699
v 8.070224 0.520000 -2.368124
v 8.066246 0.454737 -2.369699
v 8.054383 0.390590 -2.374396
v 8.034836 0.328658 -2.382135
v 8.007940 0.270000 -2.392784
v 7.974156 0.215619 -2.406160
v 7.934061 0.166447 -2.422035
v 7.888341 0.123323 -2.440137
v 7.837780 0.086987 -2.460156
v 7.783240 0.058060 -2.481749
v 7.725657 0.037037 -2.504548
v 7.666016 0.024278 -2.528162
v 7.605335 0.020000 -2.552187
v 7.544655 0.024278 -2.576212
v 7.485013 0.037037 -2.599826
v 7.427430 0.058060 -2.622624
v 7.372891 0.086987 -2.644218
v 7.322330 0.123323 -2.664237
v 7.276609 0.166447 -2.682339
v 7.236515 0.215619 -2.698213
v 7.202730 0.270000 -2.711590
v 7.175835 0.328658 -2.722238
v 7.156288 0.390590 -2.729977
v 7.144424 0.454737 -2.734674
v 7.097887 0.520000 -2.618034
v 7.101955 0.585263 -2.616712
v 7.114090 0.649410 -2.612769
v 7.134085 0.711342 -2.606273
v 7.161596 0.770000 -2.597334
v 7.196154 0.824381 -2.586105
v 7.237166 0.873553 -2.572780
v 7.283932 0.916677 -2.557584
v 7.335651 0.953013 -2.540780
v 7.391438 0.981940 -2.522653
v 7.450339 1.002963 -2.503515
v 7.511346 1.015722 -2.483693
v 7.573415 1.020000 -2.463526
v 7.635484 1.015722 -2.443358
v 7.696491 1.002963 -2.423536
v 7.755392 0.981940 -2.404398
v 7.811179 0.953013 -2.386271
v 7.862898 0.916677 -2.369467
v 7.909665 0.873553 -2.354271
v 7.950677 0.824381 -2.340946
v 7.985235 0.770000 -2.329717
v 8.012746 0.711342 -2.320778
v 8.032741 0.649410 -2.314282
v 8.044875 0.585263 -2.310339
v 8.048944 0.520000 -2.309017
v 8.044875 0.454737 -2.310339
v 8.032741 0.390590 -2.314282
v 8.012746 0.328658 -2.320778
v 7.985235 0.270000 -2.329717
v 7.950677 0.215619 -2.340946
v 7.909665 0.166447 -2.354271
v 7.862898 0.123323 -2.369467
v 7.811179 0.086987 -2.386271
v 7.755392 0.058060 -2.404398
v 7.696491 0.037037 -2.423536
v 7.635484 0.024278 -2.443358
v 7.573415 0.020000 -2.463526
v 7.511346 0.024278 -2.483693
v 7.450339 0.037037 -2.503515
v 7.391438 0.058060 -2.522653
v 7.335651 0.086987 -2.540780
v 7.283932 0.123323 -2.557584
v 7.237166 0.166447 -2.572780
v 7.196154 0.215619 -2.586105
v 7.161596 0.270000 -2.597334
v 7.134085 0.328658 -2.606273
v 7.114090 0.390590 -2.612769
v 7.101955 0.454737 -2.616712
v 7.062834 0.520000 -2.497380
v 7.066977 0.585263 -2.496316
v 7.079335 0.649410 -2.493143
v 7.099698 0.711342 -2.487915
v 7.127717 0.770000 -2.480721
v 7.162911 0.824381 -2.471684
v 7.204679 0.873553 -2.460960
v 7.252307 0.916677 -2.448731
v 7.304979 0.953013 -2.435207
v 7.361795 0.981940 -2.420619
v 7.421782 1.002963 -2.405218
v 7.483912 1.015722 -2.389265
v 7.547125 1.020000 -2.373035
v 7.610338 1.015722 -2.356805
v 7.672469 1.002963 -2.340852
v 7.732456 0.981940 -2.325450
v 7.789271 0.953013 -2.310862
v 7.841943 0.916677 -2.297338
v 7.889571 0.873553 -2.285110
v 7.931340 0.824381 -2.274385
v 7.966534 0.770000 -2.265349
v 7.994553 0.711342 -2.258155
v 8.014915 0.649410 -2.252927
v 8.027273 0.585263 -2.249754
v 8.031417 0.520000 -2.248690
v 8.027273 0.454737 -2.249754
v 8.014915 0.390590 -2.252927
v 7.994553 0.328658 -2.258155
v 7.966534 0.270000 -2.265349
v 7.931340 0.215619 -2.274385
v 7.889571 0.166447 -2.285110
v 7.841943 0.123323 -2.297338
v 7.789271 0.086987 -2.310862
v 7.732456 0.058060 -2.325450
v 7.672469 0.037037 -2.340852
v 7.610338 0.024278 -2.356805
v 7.547125 0.020000 -2.373035
v 7.483912 0.024278 -2.389265
v 7.421782 0.037037 -2.405218
v 7.361795 0.058060 -2.420619
v 7.304979 0.086987 -2.435207
v 7.252307 0.123323 -2.448731
v 7.204679 0.166447 -2.460960
v 7.162911 0.215619 -2.471684
v 7.127717 0.270000 -2.480721
v 7.099698 0.328658 -2.487915
v 7.079335 0.390590 -2.493143
v 7.066977 0.454737 -2.496316
v 7.035426 0.520000 -2.374763
v 7.039627 0.585263 -2.373961
v 7.052161 0.649410 -2.371570
v 7.072812 0.711342 -2.367631
v 7.101226 0.770000 -2.362211
v 7.136919 0.824381 -2.355402
v 7.179278 0.873553 -2.347321
v 7.227580 0.916677 -2.338107
v 7.280997 0.953013 -2.327917
v 7.338616 0.981940 -2.316926
v 7.399452 1.002963 -2.305321
v 7.462462 1.015722 -2.293301
v 7.526569 1.020000 -2.281072
v 7.590676 1.015722 -2.268843
v 7.653687 1.002963 -2.256823
v 7.714522 0.981940 -2.245218
v 7.772141 0.953013 -2.234227
v 7.825559 0.916677 -2.224037
v 7.873860 0.873553 -2.214823
v 7.916220 0.824381 -2.206742
v 7.951912 0.770000 -2.199934
v 7.980327 0.711342 -2.194513
v 8.000978 0.649410 -2.190574
v 8.013511 0.585263 -2.188183
v 8.017713 0.520000 -2.187381
v 8.013511 0.454737 -2.188183
v 8.000978 0.390590 -2.190574
v 7.980327 0.328658 -2.194513
v 7.951912 0.270000 -2.199934
v 7.916220 0.215619 -2.206742
v 7.873860 0.166447 -2.214823
v 7.825559 0.123323 -2.224037
v 7.772141 0.086987 -2.234227
v 7.714522 0.058060 -2.245218
v 7.653687 0.037037 -2.256823
v 7.590676 0.024278 -2.268843
v 7.526569 0.020000 -2.281072
v 7.462462 0.024278 -2.293301
v 7.399452 0.037037 -2.305321
v 7.338616 0.058060 -2.316926
v 7.280997 0.086987 -2.327917
v 7.227580 0.123323 -2.338107
v 7.179278 0.166447 -2.347321
v 7.136919 0.215619 -2.355402
v 7.101226 0.270000 -2.362211
v 7.072812 0.328658 -2.367631
v 7.052161 0.390590 -2.371570
v 7.039627 0.454737 -2.373961
v 7.015770 0.520000 -2.250666
v 7.020014 0.585263 -2.250130
v 7.032673 0.649410 -2.248531
v 7.053531 0.711342 -2.245896
v 7.082230 0.770000 -2.242271
v 7.118279 0.824381 -2.237717
v 7.161062 0.873553 -2.232312
v 7.209847 0.916677 -2.226149
v 7.263799 0.953013 -2.219333
v 7.321995 0.981940 -2.211981
v 7.383439 1.002963 -2.204219
v 7.447080 1.015722 -2.196179
v 7.511828 1.020000 -2.188000
v 7.576576 1.015722 -2.179820
v 7.640217 1.002963 -2.171781
v 7.701661 0.981940 -2.164018
v 7.759857 0.953013 -2.156667
v 7.813808 0.916677 -2.149851
v 7.862594 0.873553 -2.143688
v 7.905376 0.824381 -2.138283
v 7.941426 0.770000 -2.133729
v 7.970125 0.711342 -2.130103
v 7.990983 0.649410 -2.127469
v 8.003641 0.585263 -2.125869
v 8.007885 0.520000 -2.125333
v 8.003641 0.454737 -2.125869
v 7.990983 0.390590 -2.127469
v 7.970125 0.328658 -2.130103
v 7.941426 0.270000 -2.133729
v 7.905376 0.215619 -2.138283
v 7.862594 0.166447 -2.143688
v 7.813808 0.123323 -2.149851
v 7.759857 0.086987 -2.156667
v 7.701661 0.058060 -2.164018
v 7.640217 0.037037 -2.171781
v 7.576576 0.024278 -2.179820
v 7.511828 0.020000 -2.188000
v 7.447080 0.024278 -2.196179
v 7.383439 0.037037 -2.204219
v 7.321995 0.058060 -2.211981
v 7.263799 0.086987 -2.219333
v 7.209847 0.123323 -2.226149
v 7.161062 0.166447 -2.232312
v 7.118279 0.215619 -2.237717
v 7.082230 0.270000 -2.242271
v 7.053531 0.328658 -2.245896
v 7.032673 0.390590 -2.248531
v 7.020014 0.454737 -2.250130
v 7.003946 0.520000 -2.125581
v 7.008216 0.585263 -2.125312
v 7.020950 0.649410 -2.124511
v 7.041932 0.711342 -2.123191
v 7.070802 0.770000 -2.121375
v 7.107066 0.824381 -2.119093
v 7.150104 0.873553 -2.116385
v 7.199180 0.916677 -2.113298
v 7.253453 0.953013 -2.109883
v 7.311996 0.981940 -2.106200
v 7.373806 1.002963 -2.102311
v 7.437826 1.015722 -2.098284
v 7.502960 1.020000 -2.094186
v 7.568094 1.015722 -2.090088
v 7.632114 1.002963 -2.086060
v 7.693924 0.981940 -2.082171
v 7.752467 0.953013 -2.078488
v 7.806740 0.916677 -2.075073
v 7.855816 0.873553 -2.071986
v 7.898854 0.824381 -2.069278
v 7.935118 0.770000 -2.066997
v 7.963988 0.711342 -2.065180
v 7.984970 0.649410 -2.063860
v 7.997704 0.585263 -2.063059
v 8.001973 0.520000 -2.062790
v 7.997704 0.454737 -2.063059
v 7.984970 0.390590 -2.063860
v 7.963988 0.328658 -2.065180
v 7.935118 0.270000 -2.066997
v 7.898854 0.215619 -2.069278
v 7.855816 0.166447 -2.071986
v 7.806740 0.123323 -2.075073
v 7.752467 0.086987 -2.078488
v 7.693924 0.058060 -2.082171
v 7.632114 0.037037 -2.086060
v 7.568094 0.024278 -2.090088
v 7.502960 0.020000 -2.094186
v 7.437826 0.024278 -2.098284
v 7.373806 0.037037 -2.102311
v 7.311996 0.058060 -2.106200
v 7.253453 0.086987 -2.109883
v 7.199180 0.123323 -2.113298
v 7.150104 0.166447 -2.116385
v 7.107066 0.215619 -2.119093
v 7.070802 0.270000 -2.121375
v 7.041932 0.328658 -2.123191
v 7.020950 0.390590 -2.124511
v 7.008216 0.454737 -2.125312
v 7.000000 0.520000 -2.000000
v 7.004278 0.585263 -2.000000
v 7.017037 0.649410 -2.000000
v 7.038060 0.711342 -2.000000
v 7.066987 0.770000 -2.000000
v 7.103323 0.824381 -2.000000
v 7.146447 0.873553 -2.000000
v 7.195620 0.916677 -2.000000
v 7.250000 0.953013 -2.000000
v 7.308658 0.981940 -2.000000
v 7.370590 1.002963 -2.000000
v 7.434737 1.015722 -2.000000
v 7.500000 1.020000 -2.000000
v 7.565263 1.015722 -2.000000
v 7.629410 1.002963 -2.000000
v 7.691342 0.981940 -2.000000
v 7.750000 0.953013 -2.000000
v 7.804380 0.916677 -2.000000
v 7.853553 0.873553 -2.000000
v 7.896677 0.824381 -2.000000
v 7.933013 0.770000 -2.000000
v 7.961940 0.711342 -2.000000
v 7.982963 0.649410 -2.000000
v 7.995722 0.585263 -2.000000
v 8.000000 0.520000 -2.000000
v 7.995722 0.454737 -2.000000
v 7.982963 0.390590 -2.000000
v 7.961940 0.328658 -2.000000
v 7.933013 0.270000 -2.000000
v 7.896677 0.215619 -2.000000
v 7.853553 0.166447 -2.000000
v 7.804380 0.123323 -2.000000
v 7.750000 0.086987 -2.000000
v 7.691342 0.058060 -2.000000
v 7.629410 0.037037 -2.000000
v 7.565263 0.024278 -2.000000
v 7.500000 0.020000 -2.000000
v 7.434737 0.024278 -2.000000
v 7.370590 0.037037 -2.000000
v 7.308658 0.058060 -2.000000
v 7.250000 0.086987 -2.000000
v 7.195620 0.123323 -2.000000
v 7.146447 0.166447 -2.000000
v 7.103323 0.215619 -2.000000
v 7.066987 0.270000 -2.000000
v 7.038060 0.328658 -2.000000
v 7.017037 0.390590 -2.000000
v 7.004278 0.454737 -2.000000
v 7.003946 0.520000 -1.874419
v 7.008216 0.585263 -1.874688
v 7.020950 0.649410 -1.875489
v 7.041932 0.711342 -1.876809
v 7.070802 0.770000 -1.878625
v 7.107066 0.824381 -1.880907
v 7.150104 0.873553 -1.883615
v 7.199180 0.916677 -1.886702
v 7.253453 0.953013 -1.890117
v 7.311996 0.981940 -1.893800
v 7.373806 1.002963 -1.897689
v 7.437826 1.015722 -1.901716
v 7.502960 1.020000 -1.905814
v 7.568094 1.015722 -1.909912
v 7.632114 1.002963 -1.913940
v 7.693924 0.981940 -1.917829
v 7.752467 0.953013 -1.921512
v 7.806740 0.916677 -1.924927
v 7.855816 0.873553 -1.928014
v 7.898854 0.824381 -1.930722
v 7.935118 0.770000 -1.933003
v 7.963988 0.711342 -1.934820
v 7.984970 0.649410 -1.936140
v 7.997704 0.585263 -1.936941
v 8.001973 0.520000 -1.937209
v 7.997704 0.454737 -1.936941
v 7.984970 0.390590 -1.936140
v 7.963988 0.328658 -1.934820
v 7.935118 0.270000 -1.933003
v 7.898854 0.215619 -1.930722
v 7.855816 0.166447 -1.928014
v 7.806740 0.123323 -1.924927
v 7.752467 0.086987 -1.921512
v 7.693924 0.058060 -1.917829
v 7.632114 0.037037 -1.913940
v 7.568094 0.024278 -1.909912
v 7.502960 0.020000 -1.905814
v 7.437826 0.024278 -1.901716
v 7.373806 0.037037 -1.897689
v 7.311996 0.058060 -1.893800
v 7.253453 0.086987 -1.890117
v 7.199180 0.123323 -1.886702
v 7.150104 0.166447 -1.883615
v 7.107066 0.215619 -1.880907
v 7.070802 0.270000 -1.878625
v 7.041932 0.328658 -1.876809
v 7.020950 0.390590 -1.875489
v 7.008216 0.454737 -1.874688
v 7.015770 0.520000 -1.749335
v 7.020014 0.585263 -1.749871
v 7.032673 0.649410 -1.751470
v 7.053531 0.711342 -1.754105
v 7.082230 0.770000 -1.757730
v 7.118279 0.824381 -1.762284
v 7.161062 0.873553 -1.767689
v 7.209847 0.916677 -1.773852
v 7.263799 0.953013 -1.780668
v 7.321995 0.981940 -1.788020
v 7.383439 1.002963 -1.795782
v 7.447079 1.015722 -1.803821
v 7.511828 1.020000 -1.812001
v 7.576576 1.015722 -1.820181
v 7.640217 1.002963 -1.828220
v 7.701661 0.981940 -1.835982
v 7.759856 0.953013 -1.843334
v 7.813808 0.916677 -1.850150
v 7.862594 0.873553 -1.856313
v 7.905376 0.824381 -1.861717
v 7.941426 0.770000 -1.866272
v 7.970125 0.711342 -1.869897
v 7.990983 0.649410 -1.872532
v 8.003641 0.585263 -1.874131
v 8.007885 0.520000 -1.874667
v 8.003641 0.454737 -1.874131
v 7.990983 0.390590 -1.872532
v 7.970125 0.328658 -1.869897
v 7.941426 0.270000 -1.866272
v 7.905376 0.215619 -1.861717
v 7.862594 0.166447 -1.856313
v 7.813808 0.123323 -1.850150
v 7.759856 0.086987 -1.843334
v 7.701661 0.058060 -1.835982
v 7.640217 0.037037 -1.828220
v 7.576576 0.024278 -1.820181
v 7.511828 0.020000 -1.812001
v 7.447079 0.024278 -1.803821
v 7.383439 0.037037 -1.795782
v 7.321995 0.058060 -1.788020
v 7.263799 0.086987 -1.780668
v 7.209847 0.123323 -1.773852
v 7.161062 0.166447 -1.767689
v 7.118279 0.215619 -1.762284
v 7.082230 0.270000 -1.757730
v 7.053531 0.328658 -1.754105
v 7.032673 0.390590 -1.751470
v 7.020014 0.454737 -1.749871
v 7.035425 0.520000 -1.625238
v 7.039627 0.585263 -1.626040
v 7.052161 0.649410 -1.628431
v 7.072811 0.711342 -1.632370
v 7.101226 0.770000 -1.637790
v 7.136919 0.824381 -1.644599
v 7.179278 0.873553 -1.652680
v 7.227580 0.916677 -1.661894
v 7.280997 0.953013 -1.672083
v 7.338616 0.981940 -1.683075
v 7.399452 1.002963 -1.694680
v 7.462462 1.015722 -1.706700
v 7.526569 1.020000 -1.718929
v 7.590676 1.015722 -1.731158
v 7.653687 1.002963 -1.743178
v 7.714521 0.981940 -1.754783
v 7.772141 0.953013 -1.765774
v 7.825558 0.916677 -1.775964
v 7.873860 0.873553 -1.785178
v 7.916220 0.824381 -1.793258
v 7.951912 0.770000 -1.800067
v 7.980327 0.711342 -1.805487
v 8.000978 0.649410 -1.809427
v 8.013511 0.585263 -1.811818
v 8.017713 0.520000 -1.812619
v 8.013511 0.454737 -1.811818
v 8.000978 0.390590 -1.809427
v 7.980327 0.328658 -1.805487
v 7.951912 0.270000 -1.800067
v 7.916220 0.215619 -1.793258
v 7.873860 0.166447 -1.785178
v 7.825558 0.123323 -1.775964
v 7.772141 0.086987 -1.765774
v 7.714521 0.058060 -1.754783
v 7.653687 0.037037 -1.743178
v 7.590676 0.024278 -1.731158
v 7.526569 0.020000 -1.718929
v 7.462462 0.024278 -1.706700
v 7.399452 0.037037 -1.694680
v 7.338616 0.058060 -1.683075
v 7.280997 0.086987 -1.672083
v 7.227580 0.123323 -1.661894
v 7.179278 0.166447 -1.652680
v 7.136919 0.215619 -1.644599
v 7.101226 0.270000 -1.637790
v 7.072811 0.328658 -1.632370
v 7.052161 0.390590 -1.628431
v 7.039627 0.454737 -1.626040
v 7.062833 0.520000 -1.502621
v 7.066977 0.585263 -1.503685
v 7.079335 0.649410 -1.506858
v 7.099698 0.711342 -1.512086
v 7.127716 0.770000 -1.519280
v 7.162910 0.824381 -1.528316
v 7.204679 0.873553 -1.539041
v 7.252307 0.916677 -1.551270
v 7.304979 0.953013 -1.564793
v 7.361794 0.981940 -1.579381
v 7.421781 1.002963 -1.594783
v 7.483912 1.015722 -1.610736
v 7.547125 1.020000 -1.626966
v 7.610338 1.015722 -1.643196
v 7.672469 1.002963 -1.659149
v 7.732455 0.981940 -1.674551
v 7.789271 0.953013 -1.689138
v 7.841943 0.916677 -1.702662
v 7.889571 0.873553 -1.714891
v 7.931339 0.824381 -1.725615
v 7.966534 0.770000 -1.734652
v 7.994552 0.711342 -1.741845
v 8.014915 0.649410 -1.747074
v 8.027273 0.585263 -1.750247
v 8.031417 0.520000 -1.751311
v 8.027273 0.454737 -1.750247
v 8.014915 0.390590 -1.747074
v 7.994552 0.328658 -1.741845
v 7.966534 0.270000 -1.734652
v 7.931339 0.215619 -1.725615
v 7.889571 0.166447 -1.714891
v 7.841943 0.123323 -1.702662
v 7.789271 0.086987 -1.689138
v 7.732455 0.058060 -1.674551
v 7.672469 0.037037 -1.659149
v 7.610338 0.024278 -1.643196
v 7.547125 0.020000 -1.626966
v 7.483912 0.024278 -1.610736
v 7.421781 0.037037 -1.594783
v 7.361794 0.058060 -1.579381
v 7.304979 0.086987 -1.564793
v 7.252307 0.123323 -1.551270
v 7.204679 0.166447 -1.539041
v 7.162910 0.215619 -1.528316
v 7.127716 0.270000 -1.519280
v 7.099698 0.328658 -1.512086
v 7.079335 0.390590 -1.506858
v 7.066977 0.454737 -1.503685
v 7.097887 0.520000 -1.381967
v 7.101955 0.585263 -1.383289
v 7.114090 0.649410 -1.387232
v 7.134084 0.711342 -1.393728
v 7.161595 0.770000 -1.402667
v 7.196153 0.824381 -1.413895
v 7.237165 0.873553 -1.427221
v 7.283932 0.916677 -1.442416
v 7.335651 0.953013 -1.459221
v 7.391438 0.981940 -1.477347
v 7.450339 1.002963 -1.496485
v 7.511346 1.015722 -1.516308
v 7.573415 1.020000 -1.536475
v 7.635484 1.015722 -1.556643
v 7.696491 1.002963 -1.576465
v 7.755392 0.981940 -1.595603
v 7.811179 0.953013 -1.613729
v 7.862898 0.916677 -1.630534
v 7.909664 0.873553 -1.645729
v 7.950677 0.824381 -1.659055
v 7.985235 0.770000 -1.670283
v 8.012746 0.711342 -1.679222
v 8.032741 0.649410 -1.685719
v 8.044875 0.585263 -1.689662
v 8.048944 0.520000 -1.690983
v 8.044875 0.454737 -1.689662
v 8.032741 0.390590 -1.685719
v 8.012746 0.328658 -1.679222
v 7.985235 0.270000 -1.670283
v 7.950677 0.215619 -1.659055
v 7.909664 0.166447 -1.645729
v 7.862898 0.123323 -1.630534
v 7.811179 0.086987 -1.613729
v 7.755392 0.058060 -1.595603
v 7.696491 0.037037 -1.576465
v 7.635484 0.024278 -1.556643
v 7.573415 0.020000 -1.536475
v 7.511346 0.024278 -1.516308
v 7.450339 0.037037 -1.496485
v 7.391438 0.058060 -1.477347
v 7.335651 0.086987 -1.459221
v 7.283932 0.123323 -1.442416
v 7.237165 0.166447 -1.427221
v 7.196153 0.215619 -1.413895
v 7.161595 0.270000 -1.402667
v 7.134084 0.328658 -1.393728
v 7.114090 0.390590 -1.387232
v 7.101955 0.454737 -1.383289
v 7.140447 0.520000 -1.263752
v 7.144424 0.585263 -1.265326
v 7.156287 0.649410 -1.270023
v 7.175834 0.711342 -1.277763
v 7.202730 0.770000 -1.288411
v 7.236515 0.824381 -1.301787
v 7.276609 0.873553 -1.317662
v 7.322329 0.916677 -1.335764
v 7.372891 0.953013 -1.355783
v 7.427430 0.981940 -1.377376
v 7.485013 1.002963 -1.400175
v 7.544655 1.015722 -1.423789
v 7.605335 1.020000 -1.447814
v 7.666015 1.015722 -1.471839
v 7.725657 1.002963 -1.495453
v 7.783240 0.981940 -1.518251
v 7.837779 0.953013 -1.539845
v 7.888341 0.916677 -1.559864
v 7.934061 0.873553 -1.577965
v 7.974156 0.824381 -1.593840
v 8.007940 0.770000 -1.607216
v 8.034836 0.711342 -1.617865
v 8.054382 0.649410 -1.625604
v 8.066246 0.585263 -1.630301
v 8.070224 0.520000 -1.631876
v 8.066246 0.454737 -1.630301
v 8.054382 0.390590 -1.625604
v 8.034836 0.328658 -1.617865
v 8.007940 0.270000 -1.607216
v 7.974156 0.215619 -1.593840
v 7.934061 0.166447 -1.577965
v 7.888341 0.123323 -1.559864
v 7.837779 0.086987 -1.539845
v 7.783240 0.058060 -1.518251
v 7.725657 0.037037 -1.495453
v 7.666015 0.024278 -1.471839
v 7.605335 0.020000 -1.447814
v 7.544655 0.024278 -1.423789
v 7.485013 0.037037 -1.400175
v 7.427430 0.058060 -1.377376
v 7.372891 0.086987 -1.355783
v 7.322329 0.123323 -1.335764
v 7.276609 0.166447 -1.317662
v 7.236515 0.215619 -1.301787
v 7.202730 0.270000 -1.288411
v 7.175834 0.328658 -1.277763
v 7.156287 0.390590 -1.270023
v 7.144424 0.454737 -1.265326
v 7.190346 0.520000 -1.148442
v 7.194216 0.585263 -1.150263
v 7.205761 0.649410 -1.155696
v 7.224783 0.711342 -1.164647
v 7.250957 0.770000 -1.176964
v 7.283835 0.824381 -1.192435
v 7.322855 0.873553 -1.210796
v 7.367347 0.916677 -1.231733
v 7.416553 0.953013 -1.254887
v 7.469628 0.981940 -1.279862
v 7.525666 1.002963 -1.306232
v 7.583707 1.015722 -1.333544
v 7.642759 1.020000 -1.361332
v 7.701811 1.015722 -1.389119
v 7.759852 1.002963 -1.416431
v 7.815890 0.981940 -1.442801
v 7.868966 0.953013 -1.467776
v 7.918171 0.916677 -1.490930
v 7.962664 0.873553 -1.511867
v 8.001683 0.824381 -1.530228
v 8.034561 0.770000 -1.545699
v 8.060735 0.711342 -1.558016
v 8.079758 0.649410 -1.566967
v 8.091302 0.585263 -1.572400
v 8.095173 0.520000 -1.574221
v 8.091302 0.454737 -1.572400
v 8.079758 0.390590 -1.566967
v 8.060735 0.328658 -1.558016
v 8.034561 0.270000 -1.545699
v 8.001683 0.215619 -1.530228
v 7.962664 0.166447 -1.511867
v 7.918171 0.123323 -1.490930
v 7.868966 0.086987 -1.467776
v 7.815890 0.058060 -1.442801
v 7.759852 0.037037 -1.416431
v 7.701811 0.024278 -1.389119
v 7.642759 0.020000 -1.361332
v 7.583707 0.024278 -1.333544
v 7.525666 0.037037 -1.306232
v 7.469628 0.058060 -1.279862
v 7.416553 0.086987 -1.254887
v 7.367347 0.123323 -1.231733
v 7.322855 0.166447 -1.210796
v 7.283835 0.215619 -1.192435
v 7.250957 0.270000 -1.176964
v 7.224783 0.328658 -1.164647
v 7.205761 0.390590 -1.155696
v 7.194216 0.454737 -1.150263
v 7.247386 0.520000 -1.036493
v 7.251135 0.585263 -1.038554
v 7.262316 0.649410 -1.044701
v 7.280739 0.711342 -1.054829
v 7.306087 0.770000 -1.068765
v 7.337929 0.824381 -1.086270
v 7.375719 0.873553 -1.107044
v 7.418809 0.916677 -1.130733
v 7.466463 0.953013 -1.156932
v 7.517866 0.981940 -1.185190
v 7.572137 1.002963 -1.215026
v 7.628349 1.015722 -1.245929
v 7.685540 1.020000 -1.277370
v 7.742730 1.015722 -1.308811
v 7.798942 1.002963 -1.339713
v 7.853214 0.981940 -1.369550
v 7.904616 0.953013 -1.397808
v 7.952271 0.916677 -1.424006
v 7.995361 0.873553 -1.447695
v 8.033150 0.824381 -1.468470
v 8.064992 0.770000 -1.485975
v 8.090341 0.711342 -1.499911
v 8.108764 0.649410 -1.510039
v 8.119945 0.585263 -1.516186
v 8.123693 0.520000 -1.518247
v 8.119945 0.454737 -1.516186
v 8.108764 0.390590 -1.510039
v 8.090341 0.328658 -1.499911
v 8.064992 0.270000 -1.485975
v 8.033150 0.215619 -1.468470
v 7.995361 0.166447 -1.447695
v 7.952271 0.123323 -1.424006
v 7.904616 0.086987 -1.397808
v 7.853214 0.058060 -1.369550
v 7.798942 0.037037 -1.339713
v 7.742730 0.024278 -1.308811
v 7.685540 0.020000 -1.277370
v 7.628349 0.024278 -1.245929
v 7.572137 0.037037 -1.215026
v 7.517866 0.058060 -1.185190
v 7.466463 0.086987 -1.156932
v 7.418809 0.123323 -1.130733
v 7.375719 0.166447 -1.107044
v 7.337929 0.215619 -1.086270
v 7.306087 0.270000 -1.068765
v 7.280739 0.328658 -1.054829
v 7.262316 0.390590 -1.044701
v 7.251135 0.454737 -1.038554
v 7.311344 0.520000 -0.928347
v 7.314956 0.585263 -0.930639
v 7.325728 0.649410 -0.937476
v 7.343479 0.711342 -0.948741
v 7.367903 0.770000 -0.964241
v 7.398582 0.824381 -0.983710
v 7.434993 0.873553 -1.006817
v 7.476511 0.916677 -1.033165
v 7.522426 0.953013 -1.062304
v 7.571953 0.981940 -1.093734
v 7.624244 1.002963 -1.126919
v 7.678404 1.015722 -1.161291
v 7.733508 1.020000 -1.196260
v 7.788611 1.015722 -1.231230
v 7.842772 1.002963 -1.265601
v 7.895063 0.981940 -1.298786
v 7.944590 0.953013 -1.330217
v 7.990505 0.916677 -1.359355
v 8.032022 0.873553 -1.385704
v 8.068433 0.824381 -1.408810
v 8.099113 0.770000 -1.428280
v 8.123537 0.711342 -1.443780
v 8.141287 0.649410 -1.455045
v 8.152061 0.585263 -1.461881
v 8.155672 0.520000 -1.464174
v 8.152061 0.454737 -1.461881
v 8.141287 0.390590 -1.455045
v 8.123537 0.328658 -1.443780
v 8.099113 0.270000 -1.428280
v 8.068433 0.215619 -1.408810
v 8.032022 0.166447 -1.385704
v 7.990505 0.123323 -1.359355
v 7.944590 0.086987 -1.330217
v 7.895063 0.058060 -1.298786
v 7.842772 0.037037 -1.265601
v 7.788611 0.024278 -1.231230
v 7.733508 0.020000 -1.196260
v 7.678404 0.024278 -1.161291
v 7.624244 0.037037 -1.126919
v 7.571953 0.058060 -1.093734
v 7.522426 0.086987 -1.062304
v 7.476511 0.123323 -1.033165
v 7.434993 0.166447 -1.006817
v 7.398582 0.215619 -0.983710
v 7.367903 0.270000 -0.964241
v 7.343479 0.328658 -0.948741
v 7.325728 0.390590 -0.937476
v 7.314956 0.454737 -0.930639
v 7.381966 0.520000 -0.824430
v 7.385427 0.585263 -0.826944
v 7.395749 0.649410 -0.834444
v 7.412757 0.711342 -0.846801
v 7.436160 0.770000 -0.863804
v 7.465556 0.824381 -0.885162
v 7.500443 0.873553 -0.910509
v 7.540225 0.916677 -0.939412
v 7.584220 0.953013 -0.971376
v 7.631676 0.981940 -1.005855
v 7.681780 1.002963 -1.042258
v 7.733675 1.015722 -1.079962
v 7.786474 1.020000 -1.118322
v 7.839273 1.015722 -1.156683
v 7.891169 1.002963 -1.194387
v 7.941273 0.981940 -1.230790
v 7.988729 0.953013 -1.265269
v 8.032723 0.916677 -1.297233
v 8.072505 0.873553 -1.326136
v 8.107392 0.824381 -1.351483
v 8.136789 0.770000 -1.372841
v 8.160192 0.711342 -1.389844
v 8.177199 0.649410 -1.402201
v 8.187522 0.585263 -1.409701
v 8.190983 0.520000 -1.412215
v 8.187522 0.454737 -1.409701
v 8.177199 0.390590 -1.402201
v 8.160192 0.328658 -1.389844
v 8.136789 0.270000 -1.372841
v 8.107392 0.215619 -1.351483
v 8.072505 0.166447 -1.326136
v 8.032723 0.123323 -1.297233
v 7.988729 0.086987 -1.265269
v 7.941273 0.058060 -1.230790
v 7.891169 0.037037 -1.194387
v 7.839273 0.024278 -1.156683
v 7.786474 0.020000 -1.118322
v 7.733675 0.024278 -1.079962
v 7.681780 0.037037 -1.042258
v 7.631676 0.058060 -1.005855
v 7.584220 0.086987 -0.971376
v 7.540225 0.123323 -0.939412
v 7.500443 0.166447 -0.910509
v 7.465556 0.215619 -0.885162
v 7.436160 0.270000 -0.863804
v 7.412757 0.328658 -0.846801
v 7.395749 0.390590 -0.834444
v 7.385427 0.454737 -0.826944
v 7.458973 0.520000 -0.725152
v 7.462269 0.585263 -0.727879
v 7.472100 0.649410 -0.736012
v 7.488299 0.711342 -0.749413
v 7.510588 0.770000 -0.767852
v 7.538585 0.824381 -0.791013
v 7.571812 0.873553 -0.818501
v 7.609700 0.916677 -0.849845
v 7.651602 0.953013 -0.884508
v 7.696798 0.981940 -0.921899
v 7.744518 1.002963 -0.961376
v 7.793944 1.015722 -1.002264
v 7.844230 1.020000 -1.043864
v 7.894516 1.015722 -1.085465
v 7.943942 1.002963 -1.126353
v 7.991661 0.981940 -1.165830
v 8.036859 0.953013 -1.203220
v 8.078759 0.916677 -1.237884
v 8.116648 0.873553 -1.269228
v 8.149875 0.824381 -1.296715
v 8.177872 0.770000 -1.319877
v 8.200161 0.711342 -1.338316
v 8.216359 0.649410 -1.351717
v 8.226191 0.585263 -1.359850
v 8.229486 0.520000 -1.362576
v 8.226191 0.454737 -1.359850
v 8.216359 0.390590 -1.351717
v 8.200161 0.328658 -1.338316
v 8.177872 0.270000 -1.319877
v 8.149875 0.215619 -1.296715
v 8.116648 0.166447 -1.269228
v 8.078759 0.123323 -1.237884
v 8.036859 0.086987 -1.203220
v 7.991661 0.058060 -1.165830
v 7.943942 0.037037 -1.126353
v 7.894516 0.024278 -1.085465
v 7.844230 0.020000 -1.043864
v 7.793944 0.024278 -1.002264
v 7.744518 0.037037 -0.961376
v 7.696798 0.058060 -0.921899
v 7.651602 0.086987 -0.884508
v 7.609700 0.123323 -0.849845
v 7.571812 0.166447 -0.818501
v 7.538585 0.215619 -0.791013
v 7.510588 0.270000 -0.767852
v 7.488299 0.328658 -0.749413
v 7.472100 0.390590 -0.736012
v 7.462269 0.454737 -0.727879
v 7.542062 0.520000 -0.630906
v 7.545181 0.585263 -0.633834
v 7.554482 0.649410 -0.642569
v 7.569807 0.711342 -0.656960
v 7.590894 0.770000 -0.676762
v 7.617382 0.824381 -0.701636
v 7.648818 0.873553 -0.731156
v 7.684663 0.916677 -0.764817
v 7.724305 0.953013 -0.802043
v 7.767065 0.981940 -0.842197
v 7.812211 1.002963 -0.884593
v 7.858972 1.015722 -0.928504
v 7.906547 1.020000 -0.973180
v 7.954122 1.015722 -1.017855
v 8.000882 1.002963 -1.061767
v 8.046029 0.981940 -1.104162
v 8.088789 0.953013 -1.144316
v 8.128430 0.916677 -1.181542
v 8.164276 0.873553 -1.215204
v 8.195712 0.824381 -1.244723
v 8.222199 0.770000 -1.269597
v 8.243286 0.711342 -1.289399
v 8.258612 0.649410 -1.303790
v 8.267913 0.585263 -1.312525
v 8.271031 0.520000 -1.315453
v 8.267913 0.454737 -1.312525
v 8.258612 0.390590 -1.303790
v 8.243286 0.328658 -1.289399
v 8.222199 0.270000 -1.269597
v 8.195712 0.215619 -1.244723
v 8.164276 0.166447 -1.215204
v 8.128430 0.123323 -1.181542
v 8.088789 0.086987 -1.144316
v 8.046029 0.058060 -1.104162
v 8.000882 0.037037 -1.061767
v 7.954122 0.024278 -1.017855
v 7.906547 0.020000 -0.973180
v 7.858972 0.024278 -0.928504
v 7.812211 0.037037 -0.884593
v 7.767065 0.058060 -0.842197
v 7.724305 0.086987 -0.802043
v 7.684663 0.123323 -0.764817
v 7.648818 0.166447 -0.731156
v 7.617382 0.215619 -0.701636
v 7.590894 0.270000 -0.676762
v 7.569807 0.328658 -0.656960
v 7.554482 0.390590 -0.642569
v 7.545181 0.454737 -0.633834
v 7.630905 0.520000 -0.542063
v 7.633834 0.585263 -0.545181
v 7.642568 0.649410 -0.554483
v 7.656960 0.711342 -0.569808
v 7.676762 0.770000 -0.590895
v 7.701635 0.824381 -0.617383
v 7.731155 0.873553 -0.648818
v 7.764816 0.916677 -0.684663
v 7.802042 0.953013 -0.724305
v 7.842196 0.981940 -0.767065
v 7.884592 1.002963 -0.812212
v 7.928503 1.015722 -0.858973
v 7.973179 1.020000 -0.906547
v 8.017855 1.015722 -0.954122
v 8.061766 1.002963 -1.000883
v 8.104161 0.981940 -1.046029
v 8.144316 0.953013 -1.088789
v 8.181542 0.916677 -1.128431
v 8.215203 0.873553 -1.164277
v 8.244723 0.824381 -1.195712
v 8.269597 0.770000 -1.222200
v 8.289398 0.711342 -1.243287
v 8.303790 0.649410 -1.258612
v 8.312525 0.585263 -1.267913
v 8.315453 0.520000 -1.271032
v 8.312525 0.454737 -1.267913
v 8.303790 0.390590 -1.258612
v 8.289398 0.328658 -1.243287
v 8.269597 0.270000 -1.222200
v 8.244723 0.215619 -1.195712
v 8.215203 0.166447 -1.164277
v 8.181542 0.123323 -1.128431
v 8.144316 0.086987 -1.088789
v 8.104161 0.058060 -1.046029
v 8.061766 0.037037 -1.000883
v 8.017855 0.024278 -0.954122
v 7.973179 0.020000 -0.906547
v 7.928503 0.024278 -0.858973
v 7.884592 0.037037 -0.812212
v 7.842196 0.058060 -0.767065
v 7.802042 0.086987 -0.724305
v 7.764816 0.123323 -0.684663
v 7.731155 0.166447 -0.648818
v 7.701635 0.215619 -0.617383
v 7.676762 0.270000 -0.590895
v 7.656960 0.328658 -0.569808
v 7.642568 0.390590 -0.554483
v 7.633834 0.454737 -0.545181
v 7.725152 0.520000 -0.458974
v 7.727879 0.585263 -0.462270
v 7.736012 0.649410 -0.472101
v 7.749412 0.711342 -0.488300
v 7.767851 0.770000 -0.510588
v 7.791012 0.824381 -0.538586
v 7.818501 0.873553 -0.571813
v 7.849844 0.916677 -0.609701
v 7.884508 0.953013 -0.651602
v 7.921898 0.981940 -0.696799
v 7.961375 1.002963 -0.744519
v 8.002263 1.015722 -0.793944
v 8.043863 1.020000 -0.844230
v 8.085464 1.015722 -0.894516
v 8.126352 1.002963 -0.943942
v 8.165830 0.981940 -0.991662
v 8.203219 0.953013 -1.036859
v 8.237884 0.916677 -1.078760
v 8.269227 0.873553 -1.116648
v 8.296715 0.824381 -1.149875
v 8.319877 0.770000 -1.177872
v 8.338315 0.711342 -1.200161
v 8.351716 0.649410 -1.216360
v 8.359849 0.585263 -1.226191
v 8.362576 0.520000 -1.229487
v 8.359849 0.454737 -1.226191
v 8.351716 0.390590 -1.216360
v 8.338315 0.328658 -1.200161
v 8.319877 0.270000 -1.177872
v 8.296715 0.215619 -1.149875
v 8.269227 0.166447 -1.116648
v 8.237884 0.123323 -1.078760
v 8.203219 0.086987 -1.036859
v 8.165830 0.058060 -0.991662
v 8.126352 0.037037 -0.943942
v 8.085464 0.024278 -0.894516
v 8.043863 0.020000 -0.844230
v 8.002263 0.024278 -0.793944
v 7.961375 0.037037 -0.744519
v 7.921898 0.058060 -0.696799
v 7.884508 0.086987 -0.651602
v 7.849844 0.123323 -0.609701
v 7.818501 0.166447 -0.571813
v 7.791012 0.215619 -0.538586
v 7.767851 0.270000 -0.510588
v 7.749412 0.328658 -0.488300
v 7.736012 0.390590 -0.472101
v 7.727879 0.454737 -0.462270
v 7.824429 0.520000 -0.381966
v 7.826943 0.585263 -0.385427
v 7.834443 0.649410 -0.395749
v 7.846800 0.711342 -0.412758
v 7.863803 0.770000 -0.436160
v 7.885161 0.824381 -0.465557
v 7.910508 0.873553 -0.500444
v 7.939411 0.916677 -0.540226
v 7.971375 0.953013 -0.584220
v 8.005854 0.981940 -0.631676
v 8.042257 1.002963 -0.681780
v 8.079961 1.015722 -0.733676
v 8.118322 1.020000 -0.786475
v 8.156683 1.015722 -0.839274
v 8.194386 1.002963 -0.891169
v 8.230790 0.981940 -0.941273
v 8.265268 0.953013 -0.988729
v 8.297233 0.916677 -1.032724
v 8.326136 0.873553 -1.072505
v 8.351482 0.824381 -1.107393
v 8.372841 0.770000 -1.136789
v 8.389843 0.711342 -1.160192
v 8.402201 0.649410 -1.177200
v 8.409700 0.585263 -1.187522
v 8.412214 0.520000 -1.190983
v 8.409700 0.454737 -1.187522
v 8.402201 0.390590 -1.177200
v 8.389843 0.328658 -1.160192
v 8.372841 0.270000 -1.136789
v 8.351482 0.215619 -1.107393
v 8.326136 0.166447 -1.072505
v 8.297233 0.123323 -1.032724
v 8.265268 0.086987 -0.988729
v 8.230790 0.058060 -0.941273
v 8.194386 0.037037 -0.891169
v 8.156683 0.024278 -0.839274
v 8.118322 0.020000 -0.786475
v 8.079961 0.024278 -0.733676
v 8.042257 0.037037 -0.681780
v 8.005854 0.058060 -0.631676
v 7.971375 0.086987 -0.584220
v 7.939411 0.123323 -0.540226
v 7.910508 0.166447 -0.500444
v 7.885161 0.215619 -0.465557
v 7.863803 0.270000 -0.436160
v 7.846800 0.328658 -0.412758
v 7.834443 0.390590 -0.395749
v 7.826943 0.454737 -0.385427
v 7.928346 0.520000 -0.311344
v 7.930638 0.585263 -0.314956
v 7.937475 0.649410 -0.325729
v 7.948740 0.711342 -0.343480
v 7.964240 0.770000 -0.367903
v 7.983709 0.824381 -0.398583
v 8.006816 0.873553 -0.434993
v 8.033164 0.916677 -0.476511
v 8.062303 0.953013 -0.522426
v 8.093734 0.981940 -0.571953
v 8.126919 1.002963 -0.624244
v 8.161290 1.015722 -0.678405
v 8.196259 1.020000 -0.733508
v 8.231230 1.015722 -0.788612
v 8.265601 1.002963 -0.842772
v 8.298786 0.981940 -0.895063
v 8.330216 0.953013 -0.944590
v 8.359355 0.916677 -0.990505
v 8.385703 0.873553 -1.032023
v 8.408810 0.824381 -1.068433
v 8.428280 0.770000 -1.099113
v 8.443779 0.711342 -1.123537
v 8.455044 0.649410 -1.141287
v 8.461881 0.585263 -1.152061
v 8.464173 0.520000 -1.155672
v 8.461881 0.454737 -1.152061
v 8.455044 0.390590 -1.141287
v 8.443779 0.328658 -1.123537
v 8.428280 0.270000 -1.099113
v 8.408810 0.215619 -1.068433
v 8.385703 0.166447 -1.032023
v 8.359355 0.123323 -0.990505
v 8.330216 0.086987 -0.944590
v 8.298786 0.058060 -0.895063
v 8.265601 0.037037 -0.842772
v 8.231230 0.024278 -0.788612
v 8.196259 0.020000 -0.733508
v 8.161290 0.024278 -0.678405
v 8.126919 0.037037 -0.624244
v 8.093734 0.058060 -0.571953
v 8.062303 0.086987 -0.522426
v 8.033164 0.123323 -0.476511
v 8.006816 0.166447 -0.434993
v 7.983709 0.215619 -0.398583
v 7.964240 0.270000 -0.367903
v 7.948740 0.328658 -0.343480
v 7.937475 0.390590 -0.325729
v 7.930638 0.454737 -0.314956
v 8.036492 0.520000 -0.247387
v 8.038553 0.585263 -0.251135
v 8.044700 0.649410 -0.262316
v 8.054828 0.711342 -0.280739
v 8.068764 0.770000 -0.306088
v 8.086268 0.824381 -0.337930
v 8.107043 0.873553 -0.375719
v 8.130733 0.916677 -0.418809
v 8.156931 0.953013 -0.466463
v 8.185189 0.981940 -0.517866
v 8.215026 1.002963 -0.572138
v 8.245929 1.015722 -0.628350
v 8.277369 1.020000 -0.685540
v 8.308810 1.015722 -0.742731
v 8.339713 1.002963 -0.798943
v 8.369549 0.981940 -0.853214
v 8.397808 0.953013 -0.904617
v 8.424006 0.916677 -0.952271
v 8.447695 0.873553 -0.995361
v 8.468470 0.824381 -1.033150
v 8.485975 0.770000 -1.064992
v 8.499910 0.711342 -1.090341
v 8.510038 0.649410 -1.108764
v 8.516186 0.585263 -1.119945
v 8.518247 0.520000 -1.123693
v 8.516186 0.454737 -1.119945
v 8.510038 0.390590 -1.108764
v 8.499910 0.328658 -1.090341
v 8.485975 0.270000 -1.064992
v 8.468470 0.215619 -1.033150
v 8.447695 0.166447 -0.995361
v 8.424006 0.123323 -0.952271
v 8.397808 0.086987 -0.904617
v 8.369549 0.058060 -0.853214
v 8.339713 0.037037 -0.798943
v 8.308810 0.024278 -0.742731
v 8.277369 0.020000 -0.685540
v 8.245929 0.024278 -0.628350
v 8.215026 0.037037 -0.572138
v 8.185189 0.058060 -0.517866
v 8.156931 0.086987 -0.466463
v 8.130733 0.123323 -0.418809
v 8.107043 0.166447 -0.375719
v 8.086268 0.215619 -0.337930
v 8.068764 0.270000 -0.306088
v 8.054828 0.328658 -0.280739
v 8.044700 0.390590 -0.262316
v 8.038553 0.454737 -0.251135
v 8.148441 0.520000 -0.190346
v 8.150263 0.585263 -0.194216
v 8.155695 0.649410 -0.205762
v 8.164646 0.711342 -0.224784
v 8.176963 0.770000 -0.250958
v 8.192434 0.824381 -0.283836
v 8.210795 0.873553 -0.322855
v 8.231732 0.916677 -0.367348
v 8.254886 0.953013 -0.416553
v 8.279861 0.981940 -0.469628
v 8.306231 1.002963 -0.525666
v 8.333543 1.015722 -0.583708
v 8.361331 1.020000 -0.642760
v 8.389118 1.015722 -0.701811
v 8.416430 1.002963 -0.759853
v 8.442801 0.981940 -0.815891
v 8.467775 0.953013 -0.868966
v 8.490930 0.916677 -0.918171
v 8.511867 0.873553 -0.962664
v 8.530228 0.824381 -1.001683
v 8.545699 0.770000 -1.034561
v 8.558016 0.711342 -1.060735
v 8.566967 0.649410 -1.079757
v 8.572399 0.585263 -1.091303
v 8.574221 0.520000 -1.095173
v 8.572399 0.454737 -1.091303
v 8.566967 0.390590 -1.079757
v 8.558016 0.328658 -1.060735
v 8.545699 0.270000 -1.034561
v 8.530228 0.215619 -1.001683
v 8.511867 0.166447 -0.962664
v 8.490930 0.123323 -0.918171
v 8.467775 0.086987 -0.868966
v 8.442801 0.058060 -0.815891
v 8.416430 0.037037 -0.759853
v 8.389118 0.024278 -0.701811
v 8.361331 0.020000 -0.642760
v 8.333543 0.024278 -0.583708
v 8.306231 0.037037 -0.525666
v 8.279861 0.058060 -0.469628
v 8.254886 0.086987 -0.416553
v 8.231732 0.123323 -0.367348
v 8.210795 0.166447 -0.322855
v 8.192434 0.215619 -0.283836
v 8.176963 0.270000 -0.250958
v 8.164646 0.328658 -0.224784
v 8.155695 0.390590 -0.205762
v 8.150263 0.454737 -0.194216
v 8.263751 0.520000 -0.140447
v 8.265326 0.585263 -0.144424
v 8.270022 0.649410 -0.156288
v 8.277761 0.711342 -0.175835
v 8.288410 0.770000 -0.202730
v 8.301786 0.824381 -0.236515
v 8.317661 0.873553 -0.276610
v 8.335763 0.916677 -0.322329
v 8.355782 0.953013 -0.372891
v 8.377376 0.981940 -0.427430
v 8.400174 1.002963 -0.485013
v 8.423788 1.015722 -0.544655
v 8.447813 1.020000 -0.605335
v 8.471838 1.015722 -0.666016
v 8.495452 1.002963 -0.725657
v 8.518250 0.981940 -0.783240
v 8.539845 0.953013 -0.837780
v 8.559863 0.916677 -0.888341
v 8.577965 0.873553 -0.934061
v 8.593840 0.824381 -0.974156
v 8.607216 0.770000 -1.007940
v 8.617865 0.711342 -1.034836
v 8.625604 0.649410 -1.054383
v 8.630301 0.585263 -1.066246
v 8.631875 0.520000 -1.070224
v 8.630301 0.454737 -1.066246
v 8.625604 0.390590 -1.054383
v 8.617865 0.328658 -1.034836
v 8.607216 0.270000 -1.007940
v 8.593840 0.215619 -0.974156
v 8.577965 0.166447 -0.934061
v 8.559863 0.123323 -0.888341
v 8.539845 0.086987 -0.837780
v 8.518250 0.058060 -0.783240
v 8.495452 0.037037 -0.725657
v 8.471838 0.024278 -0.666016
v 8.447813 0.020000 -0.605335
v 8.423788 0.024278 -0.544655
v 8.400174 0.037037 -0.485013
v 8.377376 0.058060 -0.427430
v 8.355782 0.086987 -0.372891
v 8.335763 0.123323 -0.322329
v 8.317661 0.166447 -0.276610
v 8.301786 0.215619 -0.236515
v 8.288410 0.270000 -0.202730
v 8.277761 0.328658 -0.175835
v 8.270022 0.390590 -0.156288
v 8.265326 0.454737 -0.144424
v 8.381966 0.520000 -0.097887
v 8.383287 0.585263 -0.101955
v 8.387231 0.649410 -0.114090
v 8.393727 0.711342 -0.134084
v 8.402666 0.770000 -0.161596
v 8.413895 0.824381 -0.196153
v 8.427220 0.873553 -0.237166
v 8.442415 0.916677 -0.283932
v 8.459220 0.953013 -0.335651
v 8.477346 0.981940 -0.391438
v 8.496485 1.002963 -0.450339
v 8.516307 1.015722 -0.511346
v 8.536474 1.020000 -0.573415
v 8.556642 1.015722 -0.635484
v 8.576465 1.002963 -0.696491
v 8.595602 0.981940 -0.755392
v 8.613729 0.953013 -0.811179
v 8.630533 0.916677 -0.862898
v 8.645728 0.873553 -0.909665
v 8.659055 0.824381 -0.950677
v 8.670282 0.770000 -0.985235
v 8.679222 0.711342 -1.012746
v 8.685719 0.649410 -1.032740
v 8.689661 0.585263 -1.044875
v 8.690983 0.520000 -1.048944
v 8.689661 0.454737 -1.044875
v 8.685719 0.390590 -1.032740
v 8.679222 0.328658 -1.012746
v 8.670282 0.270000 -0.985235
v 8.659055 0.215619 -0.950677
v 8.645728 0.166447 -0.909665
v 8.630533 0.123323 -0.862898
v 8.613729 0.086987 -0.811179
v 8.595602 0.058060 -0.755392
v 8.576465 0.037037 -0.696491
v 8.556642 0.024278 -0.635484
v 8.536474 0.020000 -0.573415
v 8.516307 0.024278 -0.511346
v 8.496485 0.037037 -0.450339
v 8.477346 0.058060 -0.391438
v 8.459220 0.086987 -0.335651
v 8.442415 0.123323 -0.283932
v 8.427220 0.166447 -0.237166
v 8.413895 0.215619 -0.196153
v 8.402666 0.270000 -0.161596
v 8.393727 0.328658 -0.134084
v 8.387231 0.390590 -0.114090
v 8.383287 0.454737 -0.101955
v 8.502620 0.520000 -0.062834
v 8.503684 0.585263 -0.066977
v 8.506857 0.649410 -0.079335
v 8.512085 0.711342 -0.099698
v 8.519279 0.770000 -0.127716
v 8.528316 0.824381 -0.162911
v 8.539040 0.873553 -0.204679
v 8.551269 0.916677 -0.252307
v 8.564793 0.953013 -0.304979
v 8.579380 0.981940 -0.361795
v 8.594782 1.002963 -0.421781
v 8.610735 1.015722 -0.483912
v 8.626966 1.020000 -0.547125
v 8.643195 1.015722 -0.610338
v 8.659148 1.002963 -0.672469
v 8.674550 0.981940 -0.732456
v 8.689137 0.953013 -0.789271
v 8.702662 0.916677 -0.841943
v 8.714890 0.873553 -0.889571
v 8.725615 0.824381 -0.931340
v 8.734651 0.770000 -0.966534
v 8.741845 0.711342 -0.994552
v 8.747073 0.649410 -1.014915
v 8.750246 0.585263 -1.027274
v 8.751310 0.520000 -1.031417
v 8.750246 0.454737 -1.027274
v 8.747073 0.390590 -1.014915
v 8.741845 0.328658 -0.994552
v 8.734651 0.270000 -0.966534
v 8.725615 0.215619 -0.931340
v 8.714890 0.166447 -0.889571
v 8.702662 0.123323 -0.841943
v 8.689137 0.086987 -0.789271
v 8.674550 0.058060 -0.732456
v 8.659148 0.037037 -0.672469
v 8.643195 0.024278 -0.610338
v 8.626966 0.020000 -0.547125
v 8.610735 0.024278 -0.483912
v 8.594782 0.037037 -0.421781
v 8.579380 0.058060 -0.361795
v 8.564793 0.086987 -0.304979
v 8.551269 0.123323 -0.252307
v 8.539040 0.166447 -0.204679
v 8.528316 0.215619 -0.162911
v 8.519279 0.270000 -0.127716
v 8.512085 0.328658 -0.099698
v 8.506857 0.390590 -0.079335
v 8.503684 0.454737 -0.066977
v 8.625237 0.520000 -0.035426
v 8.626039 0.585263 -0.039627
v 8.628429 0.649410 -0.052161
v 8.632369 0.711342 -0.072812
v 8.637790 0.770000 -0.101226
v 8.644598 0.824381 -0.136919
v 8.652678 0.873553 -0.179278
v 8.661893 0.916677 -0.227580
v 8.672083 0.953013 -0.280997
v 8.683074 0.981940 -0.338617
v 8.694679 1.002963 -0.399452
v 8.706699 1.015722 -0.462462
v 8.718928 1.020000 -0.526569
v 8.731157 1.015722 -0.590676
v 8.743177 1.002963 -0.653687
v 8.754782 0.981940 -0.714522
v 8.765774 0.953013 -0.772141
v 8.775963 0.916677 -0.825558
v 8.785177 0.873553 -0.873860
v 8.793258 0.824381 -0.916220
v 8.800067 0.770000 -0.951912
v 8.805487 0.711342 -0.980327
v 8.809426 0.649410 -1.000978
v 8.811817 0.585263 -1.013511
v 8.812618 0.520000 -1.017713
v 8.811817 0.454737 -1.013511
v 8.809426 0.390590 -1.000978
v 8.805487 0.328658 -0.980327
v 8.800067 0.270000 -0.951912
v 8.793258 0.215619 -0.916220
v 8.785177 0.166447 -0.873860
v 8.775963 0.123323 -0.825558
v 8.765774 0.086987 -0.772141
v 8.754782 0.058060 -0.714522
v 8.743177 0.037037 -0.653687
v 8.731157 0.024278 -0.590676
v 8.718928 0.020000 -0.526569
v 8.706699 0.024278 -0.462462
v 8.694679 0.037037 -0.399452
v 8.683074 0.058060 -0.338617
v 8.672083 0.086987 -0.280997
v 8.661893 0.123323 -0.227580
v 8.652678 0.166447 -0.179278
v 8.644598 0.215619 -0.136919
v 8.637790 0.270000 -0.101226
v 8.632369 0.328658 -0.072812
v 8.628429 0.390590 -0.052161
v 8.626039 0.454737 -0.039627
v 8.749333 0.520000 -0.015771
v 8.749869 0.585263 -0.020014
v 8.751469 0.649410 -0.032673
v 8.754104 0.711342 -0.053531
v 8.757730 0.770000 -0.082230
v 8.762283 0.824381 -0.118279
v 8.767688 0.873553 -0.161062
v 8.773851 0.916677 -0.209847
v 8.780667 0.953013 -0.263799
v 8.788019 0.981940 -0.321995
v 8.795781 1.002963 -0.383439
v 8.803821 1.015722 -0.447079
v 8.812000 1.020000 -0.511828
v 8.820180 1.015722 -0.576576
v 8.828219 1.002963 -0.640217
v 8.835981 0.981940 -0.701661
v 8.843333 0.953013 -0.759857
v 8.850149 0.916677 -0.813808
v 8.856312 0.873553 -0.862593
v 8.861717 0.824381 -0.905377
v 8.866271 0.770000 -0.941426
v 8.869897 0.711342 -0.970125
v 8.872532 0.649410 -0.990983
v 8.874130 0.585263 -1.003641
v 8.874667 0.520000 -1.007885
v 8.874130 0.454737 -1.003641
v 8.872532 0.390590 -0.990983
v 8.869897 0.328658 -0.970125
v 8.866271 0.270000 -0.941426
v 8.861717 0.215619 -0.905377
v 8.856312 0.166447 -0.862593
v 8.850149 0.123323 -0.813808
v 8.843333 0.086987 -0.759857
v 8.835981 0.058060 -0.701661
v 8.828219 0.037037 -0.640217
v 8.820180 0.024278 -0.576576
v 8.812000 0.020000 -0.511828
v 8.803821 0.024278 -0.447079
v 8.795781 0.037037 -0.383439
v 8.788019 0.058060 -0.321995
v 8.780667 0.086987 -0.263799
v 8.773851 0.123323 -0.209847
v 8.767688 0.166447 -0.161062
v 8.762283 0.215619 -0.118279
v 8.757730 0.270000 -0.082230
v 8.754104 0.328658 -0.053531
v 8.751469 0.390590 -0.032673
v 8.749869 0.454737 -0.020014
v 8.874419 0.520000 -0.003947
v 8.874687 0.585263 -0.008216
v 8.875489 0.649410 -0.020950
v 8.876809 0.711342 -0.041932
v 8.878625 0.770000 -0.070802
v 8.880907 0.824381 -0.107066
v 8.883615 0.873553 -0.150104
v 8.886703 0.916677 -0.199180
v 8.890117 0.953013 -0.253453
v 8.893800 0.981940 -0.311996
v 8.897689 1.002963 -0.373806
v 8.901716 1.015722 -0.437826
v 8.905814 1.020000 -0.502960
v 8.909912 1.015722 -0.568094
v 8.913940 1.002963 -0.632114
v 8.917829 0.981940 -0.693924
v 8.921512 0.953013 -0.752467
v 8.924927 0.916677 -0.806740
v 8.928014 0.873553 -0.855816
v 8.930722 0.824381 -0.898854
v 8.933003 0.770000 -0.935118
v 8.934820 0.711342 -0.963988
v 8.936140 0.649410 -0.984970
v 8.936941 0.585263 -0.997704
v 8.937209 0.520000 -1.001973
v 8.936941 0.454737 -0.997704
v 8.936140 0.390590 -0.984970
v 8.934820 0.328658 -0.963988
v 8.933003 0.270000 -0.935118
v 8.930722 0.215619 -0.898854
v 8.928014 0.166447 -0.855816
v 8.924927 0.123323 -0.806740
v 8.921512 0.086987 -0.752467
v 8.917829 0.058060 -0.693924
v 8.913940 0.037037 -0.632114
v 8.909912 0.024278 -0.568094
v 8.905814 0.020000 -0.502960
v 8.901716 0.024278 -0.437826
v 8.897689 0.037037 -0.373806
v 8.893800 0.058060 -0.311996
v 8.890117 0.086987 -0.253453
v 8.886703 0.123323 -0.199180
v 8.883615 0.166447 -0.150104
v 8.880907 0.215619 -0.107066
v 8.878625 0.270000 -0.070802
v 8.876809 0.328658 -0.041932
v 8.875489 0.390590 -0.020950
v 8.874687 0.454737 -0.008216
v 9.000000 0.520000 0.000000
v 9.000000 0.585263 -0.004278
v 9.000000 0.649410 -0.017037
v 9.000000 0.711342 -0.038060
v 9.000000 0.770000 -0.066987
v 9.000000 0.824381 -0.103323
v 9.000000 0.873553 -0.146447
v 9.000000 0.916677 -0.195619
v 9.000000 0.953013 -0.250000
v 9.000000 0.981940 -0.308658
v 9.000000 1.002963 -0.370590
v 9.000000 1.015722 -0.434737
v 9.000000 1.020000 -0.500000
v 9.000000 1.015722 -0.565263
v 9.000000 1.002963 -0.629410
v 9.000000 0.981940 -0.691342
v 9.000000 0.953013 -0.750000
v 9.000000 0.916677 -0.804381
v 9.000000 0.873553 -0.853553
v 9.000000 0.824381 -0.896677
v 9.000000 0.770000 -0.933013
v 9.000000 0.711342 -0.961940
v 9.000000 0.649410 -0.982963
v 9.000000 0.585263 -0.995722
v 9.000000 0.520000 -1.000000
v 9.000000 0.454737 -0.995722
v 9.000000 0.390590 -0.982963
v 9.000000 0.328658 -0.961940
v 9.000000 0.270000 -0.933013
v 9.000000 0.215619 -0.896677
v 9.000000 0.166447 -0.853553
v 9.000000 0.123323 -0.804381
v 9.000000 0.086987 -0.750000
v 9.000000 0.058060 -0.691342
v 9.000000 0.037037 -0.629410
v 9.000000 0.024278 -0.565263
v 9.000000 0.020000 -0.500000
v 9.000000 0.024278 -0.434737
v 9.000000 0.037037 -0.370590
v 9.000000 0.058060 -0.308658
v 9.000000 0.086987 -0.250000
v 9.000000 0.123323 -0.195619
v 9.000000 0.166447 -0.146447
v 9.000000 0.215619 -0.103323
v 9.000000 0.270000 -0.066987
v 9.000000 0.328658 -0.038060
v 9.000000 0.390590 -0.017037
v 9.000000 0.454737 -0.004278
v 9.125581 0.520000 -0.003947
v 9.125313 0.585263 -0.008216
v 9.124512 0.649410 -0.020950
v 9.123192 0.711342 -0.041932
v 9.121375 0.770000 -0.070802
v 9.119094 0.824381 -0.107066
v 9.116385 0.873553 -0.150104
v 9.113298 0.916677 -0.199180
v 9.109883 0.953013 -0.253453
v 9.106200 0.981940 -0.311996
v 9.102312 1.002963 -0.373806
v 9.098284 1.015722 -0.437826
v 9.094186 1.020000 -0.502960
v 9.090088 1.015722 -0.568094
v 9.086061 1.002963 -0.632114
v 9.082171 0.981940 -0.693924
v 9.078488 0.953013 -0.752467
v 9.075073 0.916677 -0.806740
v 9.071986 0.873553 -0.855816
v 9.069279 0.824381 -0.898854
v 9.066997 0.770000 -0.935118
v 9.065181 0.711342 -0.963988
v 9.063860 0.649410 -0.984970
v 9.063059 0.585263 -0.997704
v 9.062791 0.520000 -1.001973
v 9.063059 0.454737 -0.997704
v 9.063860 0.390590 -0.984970
v 9.065181 0.328658 -0.963988
v 9.066997 0.270000 -0.935118
v 9.069279 0.215619 -0.898854
v 9.071986 0.166447 -0.855816
v 9.075073 0.123323 -0.806740
v 9.078488 0.086987 -0.752467
v 9.082171 0.058060 -0.693924
v 9.086061 0.037037 -0.632114
v 9.090088 0.024278 -0.568094
v 9.094186 0.020000 -0.502960
v 9.098284 0.024278 -0.437826
v 9.102312 0.037037 -0.373806
v 9.106200 0.058060 -0.311996
v 9.109883 0.086987 -0.253453
v 9.113298 0.123323 -0.199180
v 9.116385 0.166447 -0.150104
v 9.119094 0.215619 -0.107066
v 9.121375 0.270000 -0.070802
v 9.123192 0.328658 -0.041932
v 9.124512 0.390590 -0.020950
v 9.125313 0.454737 -0.008216
v 9.250667 0.520000 -0.015771
v 9.250131 0.585263 -0.020015
v 9.248531 0.649410 -0.032673
v 9.245896 0.711342 -0.053531
v 9.242271 0.770000 -0.082230
v 9.237717 0.824381 -0.118279
v 9.232312 0.873553 -0.161062
v 9.226149 0.916677 -0.209847
v 9.219334 0.953013 -0.263799
v 9.211982 0.981940 -0.321995
v 9.204220 1.002963 -0.383439
v 9.196179 1.015722 -0.447079
v 9.188000 1.020000 -0.511828
v 9.179820 1.015722 -0.576577
v 9.171781 1.002963 -0.640217
v 9.164019 0.981940 -0.701661
v 9.156667 0.953013 -0.759857
v 9.149851 0.916677 -0.813809
v 9.143688 0.873553 -0.862594
v 9.138283 0.824381 -0.905377
v 9.133729 0.770000 -0.941426
v 9.130103 0.711342 -0.970125
v 9.127469 0.649410 -0.990983
v 9.125870 0.585263 -1.003641
v 9.125334 0.520000 -1.007885
v 9.125870 0.454737 -1.003641
v 9.127469 0.390590 -0.990983
v 9.130103 0.328658 -0.970125
v 9.133729 0.270000 -0.941426
v 9.138283 0.215619 -0.905377
v 9.143688 0.166447 -0.862594
v 9.149851 0.123323 -0.813809
v 9.156667 0.086987 -0.759857
v 9.164019 0.058060 -0.701661
v 9.171781 0.037037 -0.640217
v 9.179820 0.024278 -0.576577
v 9.188000 0.020000 -0.511828
v 9.196179 0.024278 -0.447079
v 9.204220 0.037037 -0.383439
v 9.211982 0.058060 -0.321995
v 9.219334 0.086987 -0.263799
v 9.226149 0.123323 -0.209847
v 9.232312 0.166447 -0.161062
v 9.237717 0.215619 -0.118279
v 9.242271 0.270000 -0.082230
v 9.245896 0.328658 -0.053531
v 9.248531 0.390590 -0.032673
v 9.250131 0.454737 -0.020015
v 9.374763 0.520000 -0.035426
v 9.373961 0.585263 -0.039627
v 9.371571 0.649410 -0.052161
v 9.367631 0.711342 -0.072812
v 9.362211 0.770000 -0.101226
v 9.355402 0.824381 -0.136919
v 9.347322 0.873553 -0.179278
v 9.338107 0.916677 -0.227580
v 9.327917 0.953013 -0.280997
v 9.316926 0.981940 -0.338617
v 9.305321 1.002963 -0.399452
v 9.293302 1.015722 -0.462462
v 9.281073 1.020000 -0.526569
v 9.268843 1.015722 -0.590676
v 9.256824 1.002963 -0.653687
v 9.245218 0.981940 -0.714522
v 9.234227 0.953013 -0.772141
v 9.224037 0.916677 -0.825558
v 9.214823 0.873553 -0.873860
v 9.206742 0.824381 -0.916220
v 9.199934 0.770000 -0.951912
v 9.194513 0.711342 -0.980327
v 9.190574 0.649410 -1.000978
v 9.188183 0.585263 -1.013511
v 9.187382 0.520000 -1.017713
v 9.188183 0.454737 -1.013511
v 9.190574 0.390590 -1.000978
v 9.194513 0.328658 -0.980327
v 9.199934 0.270000 -0.951912
v 9.206742 0.215619 -0.916220
v 9.214823 0.166447 -0.873860
v 9.224037 0.123323 -0.825558
v 9.234227 0.086987 -0.772141
v 9.245218 0.058060 -0.714522
v 9.256824 0.037037 -0.653687
v 9.268843 0.024278 -0.590676
v 9.281073 0.020000 -0.526569
v 9.293302 0.024278 -0.462462
v 9.305321 0.037037 -0.399452
v 9.316926 0.058060 -0.338617
v 9.327917 0.086987 -0.280997
v 9.338107 0.123323 -0.227580
v 9.347322 0.166447 -0.179278
v 9.355402 0.215619 -0.136919
v 9.362211 0.270000 -0.101226
v 9.367631 0.328658 -0.072812
v 9.371571 0.390590 -0.052161
v 9.373961 0.454737 -0.039627
v 9.497380 0.520000 -0.062834
v 9.496316 0.585263 -0.066977
v 9.493143 0.649410 -0.079336
v 9.487915 0.711342 -0.099698
v 9.480721 0.770000 -0.127717
v 9.471684 0.824381 -0.162911
v 9.460960 0.873553 -0.204679
v 9.448731 0.916677 -0.252307
v 9.435207 0.953013 -0.304980
v 9.420620 0.981940 -0.361795
v 9.405218 1.002963 -0.421781
v 9.389265 1.015722 -0.483913
v 9.373035 1.020000 -0.547125
v 9.356805 1.015722 -0.610338
v 9.340852 1.002963 -0.672469
v 9.325450 0.981940 -0.732456
v 9.310863 0.953013 -0.789271
v 9.297338 0.916677 -0.841943
v 9.285110 0.873553 -0.889571
v 9.274385 0.824381 -0.931340
v 9.265349 0.770000 -0.966534
v 9.258155 0.711342 -0.994552
v 9.252927 0.649410 -1.014915
v 9.249754 0.585263 -1.027274
v 9.248690 0.520000 -1.031417
v 9.249754 0.454737 -1.027274
v 9.252927 0.390590 -1.014915
v 9.258155 0.328658 -0.994552
v 9.265349 0.270000 -0.966534
v 9.274385 0.215619 -0.931340
v 9.285110 0.166447 -0.889571
v 9.297338 0.123323 -0.841943
v 9.310863 0.086987 -0.789271
v 9.325450 0.058060 -0.732456
v 9.340852 0.037037 -0.672469
v 9.356805 0.024278 -0.610338
v 9.373035 0.020000 -0.547125
v 9.389265 0.024278 -0.483913
v 9.405218 0.037037 -0.421781
v 9.420620 0.058060 -0.361795
v 9.435207 0.086987 -0.304980
v 9.448731 0.123323 -0.252307
v 9.460960 0.166447 -0.204679
v 9.471684 0.215619 -0.162911
v 9.480721 0.270000 -0.127717
v 9.487915 0.328658 -0.099698
v 9.493143 0.390590 -0.079336
v 9.496316 0.454737 -0.066977
v 9.618034 0.520000 -0.097887
v 9.616713 0.585263 -0.101955
v 9.612770 0.649410 -0.114090
v 9.606273 0.711342 -0.134084
v 9.597334 0.770000 -0.161596
v 9.586105 0.824381 -0.196153
v 9.572780 0.873553 -0.237166
v 9.557585 0.916677 -0.283932
v 9.540780 0.953013 -0.335651
v 9.522654 0.981940 -0.391438
v 9.503515 1.002963 -0.450339
v 9.483693 1.015722 -0.511346
v 9.463526 1.020000 -0.573415
v 9.443358 1.015722 -0.635484
v 9.423536 1.002963 -0.696491
v 9.404398 0.981940 -0.755392
v 9.386271 0.953013 -0.811179
v 9.369467 0.916677 -0.862898
v 9.354272 0.873553 -0.909665
v 9.340946 0.824381 -0.950677
v 9.329718 0.770000 -0.985235
v 9.320779 0.711342 -1.012746
v 9.314281 0.649410 -1.032740
v 9.310339 0.585263 -1.044875
v 9.309017 0.520000 -1.048944
v 9.310339 0.454737 -1.044875
v 9.314281 0.390590 -1.032740
v 9.320779 0.328658 -1.012746
v 9.329718 0.270000 -0.985235
v 9.340946 0.215619 -0.950677
v 9.354272 0.166447 -0.909665
v 9.369467 0.123323 -0.862898
v 9.386271 0.086987 -0.811179
v 9.404398 0.058060 -0.755392
v 9.423536 0.037037 -0.696491
v 9.443358 0.024278 -0.635484
v 9.463526 0.020000 -0.573415
v 9.483693 0.024278 -0.511346
v 9.503515 0.037037 -0.450339
v 9.522654 0.058060 -0.391438
v 9.540780 0.086987 -0.335651
v 9.557585 0.123323 -0.283932
v 9.572780 0.166447 -0.237166
v 9.586105 0.215619 -0.196153
v 9.597334 0.270000 -0.161596
v 9.606273 0.328658 -0.134084
v 9.612770 0.390590 -0.114090
v 9.616713 0.454737 -0.101955
v 9.736250 0.520000 -0.140447
v 9.734674 0.585263 -0.144424
v 9.729978 0.649410 -0.156288
v 9.722239 0.711342 -0.175835
v 9.711590 0.770000 -0.202730
v 9.698214 0.824381 -0.236515
v 9.682339 0.873553 -0.276610
v 9.664237 0.916677 -0.322329
v 9.644218 0.953013 -0.372891
v 9.622624 0.981940 -0.427430
v 9.599826 1.002963 -0.485013
v 9.576212 1.015722 -0.544655
v 9.552187 1.020000 -0.605335
v 9.528162 1.015722 -0.666016
v 9.504548 1.002963 -0.725657
v 9.481750 0.981940 -0.783240
v 9.460155 0.953013 -0.837780
v 9.440137 0.916677 -0.888341
v 9.422035 0.873553 -0.934061
v 9.406160 0.824381 -0.974156
v 9.392784 0.770000 -1.007940
v 9.382135 0.711342 -1.034836
v 9.374396 0.649410 -1.054383
v 9.369699 0.585263 -1.066246
v 9.368125 0.520000 -1.070224
v 9.369699 0.454737 -1.066246
v 9.374396 0.390590 -1.054383
v 9.382135 0.328658 -1.034836
v 9.392784 0.270000 -1.007940
v 9.406160 0.215619 -0.974156
v 9.422035 0.166447 -0.934061
v 9.440137 0.123323 -0.888341
v 9.460155 0.086987 -0.837780
v 9.481750 0.058060 -0.783240
v 9.504548 0.037037 -0.725657
v 9.528162 0.024278 -0.666016
v 9.552187 0.020000 -0.605335
v 9.576212 0.024278 -0.544655
v 9.599826 0.037037 -0.485013
v 9.622624 0.058060 -0.427430
v 9.644218 0.086987 -0.372891
v 9.664237 0.123323 -0.322329
v 9.682339 0.166447 -0.276610
v 9.698214 0.215619 -0.236515
v 9.711590 0.270000 -0.202730
v 9.722239 0.328658 -0.175835
v 9.729978 0.390590 -0.156288
v 9.734674 0.454737 -0.144424
v 9.851559 0.520000 -0.190346
v 9.849738 0.585263 -0.194217
v 9.844305 0.649410 -0.205762
v 9.835354 0.711342 -0.224784
v 9.823037 0.770000 -0.250958
v 9.807566 0.824381 -0.283836
v 9.789206 0.873553 -0.322855
v 9.768269 0.916677 -0.367348
v 9.745114 0.953013 -0.416553
v 9.720139 0.981940 -0.469628
v 9.693769 1.002963 -0.525666
v 9.666457 1.015722 -0.583708
v 9.638669 1.020000 -0.642760
v 9.610882 1.015722 -0.701811
v 9.583570 1.002963 -0.759853
v 9.557199 0.981940 -0.815891
v 9.532225 0.953013 -0.868966
v 9.509070 0.916677 -0.918171
v 9.488133 0.873553 -0.962664
v 9.469772 0.824381 -1.001683
v 9.454301 0.770000 -1.034561
v 9.441985 0.711342 -1.060735
v 9.433034 0.649410 -1.079757
v 9.427601 0.585263 -1.091303
v 9.425779 0.520000 -1.095173
v 9.427601 0.454737 -1.091303
v 9.433034 0.390590 -1.079757
v 9.441985 0.328658 -1.060735
v 9.454301 0.270000 -1.034561
v 9.469772 0.215619 -1.001683
v 9.488133 0.166447 -0.962664
v 9.509070 0.123323 -0.918171
v 9.532225 0.086987 -0.868966
v 9.557199 0.058060 -0.815891
v 9.583570 0.037037 -0.759853
v 9.610882 0.024278 -0.701811
v 9.638669 0.020000 -0.642760
v 9.666457 0.024278 -0.583708
v 9.693769 0.037037 -0.525666
v 9.720139 0.058060 -0.469628
v 9.745114 0.086987 -0.416553
v 9.768269 0.123323 -0.367348
v 9.789206 0.166447 -0.322855
v 9.807566 0.215619 -0.283836
v 9.823037 0.270000 -0.250958
v 9.835354 0.328658 -0.224784
v 9.844305 0.390590 -0.205762
v 9.849738 0.454737 -0.194217
v 9.963508 0.520000 -0.247387
v 9.961447 0.585263 -0.251135
v 9.955300 0.649410 -0.262317
v 9.945172 0.711342 -0.280739
v 9.931236 0.770000 -0.306088
v 9.913732 0.824381 -0.337930
v 9.892957 0.873553 -0.375719
v 9.869267 0.916677 -0.418809
v 9.843069 0.953013 -0.466464
v 9.814811 0.981940 -0.517866
v 9.784974 1.002963 -0.572138
v 9.754071 1.015722 -0.628350
v 9.722631 1.020000 -0.685540
v 9.691190 1.015722 -0.742731
v 9.660287 1.002963 -0.798943
v 9.630451 0.981940 -0.853214
v 9.602192 0.953013 -0.904617
v 9.575994 0.916677 -0.952271
v 9.552305 0.873553 -0.995361
v 9.531530 0.824381 -1.033151
v 9.514026 0.770000 -1.064992
v 9.500090 0.711342 -1.090341
v 9.489962 0.649410 -1.108764
v 9.483814 0.585263 -1.119945
v 9.481754 0.520000 -1.123693
v 9.483814 0.454737 -1.119945
v 9.489962 0.390590 -1.108764
v 9.500090 0.328658 -1.090341
v 9.514026 0.270000 -1.064992
v 9.531530 0.215619 -1.033151
v 9.552305 0.166447 -0.995361
v 9.575994 0.123323 -0.952271
v 9.602192 0.086987 -0.904617
v 9.630451 0.058060 -0.853214
v 9.660287 0.037037 -0.798943
v 9.691190 0.024278 -0.742731
v 9.722631 0.020000 -0.685540
v 9.754071 0.024278 -0.628350
v 9.784974 0.037037 -0.572138
v 9.814811 0.058060 -0.517866
v 9.843069 0.086987 -0.466464
v 9.869267 0.123323 -0.418809
v 9.892957 0.166447 -0.375719
v 9.913732 0.215619 -0.337930
v 9.931236 0.270000 -0.306088
v 9.945172 0.328658 -0.280739
v 9.955300 0.390590 -0.262317
v 9.961447 0.454737 -0.251135
v 10.071652 0.520000 -0.311343
v 10.069361 0.585263 -0.314955
v 10.062524 0.649410 -0.325728
v 10.051259 0.711342 -0.343479
v 10.035759 0.770000 -0.367903
v 10.016289 0.824381 -0.398582
v 9.993182 0.873553 -0.434992
v 9.966835 0.916677 -0.476510
v 9.937696 0.953013 -0.522426
v 9.906265 0.981940 -0.571952
v 9.873080 1.002963 -0.624243
v 9.838709 1.015722 -0.678404
v 9.803740 1.020000 -0.733508
v 9.768769 1.015722 -0.788611
v 9.734398 1.002963 -0.842772
v 9.701214 0.981940 -0.895063
v 9.669783 0.953013 -0.944590
v 9.640644 0.916677 -0.990505
v 9.614296 0.873553 -1.032023
v 9.591189 0.824381 -1.068433
v 9.571720 0.770000 -1.099113
v 9.556220 0.711342 -1.123536
v 9.544955 0.649410 -1.141287
v 9.538118 0.585263 -1.152060
v 9.535827 0.520000 -1.155672
v 9.538118 0.454737 -1.152060
v 9.544955 0.390590 -1.141287
v 9.556220 0.328658 -1.123536
v 9.571720 0.270000 -1.099113
v 9.591189 0.215619 -1.068433
v 9.614296 0.166447 -1.032023
v 9.640644 0.123323 -0.990505
v 9.669783 0.086987 -0.944590
v 9.701214 0.058060 -0.895063
v 9.734398 0.037037 -0.842772
v 9.768769 0.024278 -0.788611
v 9.803740 0.020000 -0.733508
v 9.838709 0.024278 -0.678404
v 9.873080 0.037037 -0.624243
v 9.906265 0.058060 -0.571952
v 9.937696 0.086987 -0.522426
v 9.966835 0.123323 -0.476510
v 9.993182 0.166447 -0.434992
v 10.016289 0.215619 -0.398582
v 10.035759 0.270000 -0.367903
v 10.051259 0.328658 -0.343479
v 10.062524 0.390590 -0.325728
v 10.069361 0.454737 -0.314955
v 10.175570 0.520000 -0.381965
v 10.173056 0.585263 -0.385426
v 10.165556 0.649410 -0.395748
v 10.153198 0.711342 -0.412757
v 10.136195 0.770000 -0.436159
v 10.114838 0.824381 -0.465556
v 10.089491 0.873553 -0.500443
v 10.060587 0.916677 -0.540225
v 10.028624 0.953013 -0.584220
v 9.994144 0.981940 -0.631675
v 9.957742 1.002963 -0.681779
v 9.920038 1.015722 -0.733675
v 9.881678 1.020000 -0.786474
v 9.843316 1.015722 -0.839273
v 9.805613 1.002963 -0.891168
v 9.769209 0.981940 -0.941273
v 9.734731 0.953013 -0.988728
v 9.702766 0.916677 -1.032723
v 9.673863 0.873553 -1.072505
v 9.648517 0.824381 -1.107392
v 9.627159 0.770000 -1.136789
v 9.610156 0.711342 -1.160191
v 9.597799 0.649410 -1.177199
v 9.590299 0.585263 -1.187522
v 9.587785 0.520000 -1.190983
v 9.590299 0.454737 -1.187522
v 9.597799 0.390590 -1.177199
v 9.610156 0.328658 -1.160191
v 9.627159 0.270000 -1.136789
v 9.648517 0.215619 -1.107392
v 9.673863 0.166447 -1.072505
v 9.702766 0.123323 -1.032723
v 9.734731 0.086987 -0.988728
v 9.769209 0.058060 -0.941273
v 9.805613 0.037037 -0.891168
v 9.843316 0.024278 -0.839273
v 9.881678 0.020000 -0.786474
v 9.920038 0.024278 -0.733675
v 9.957742 0.037037 -0.681779
v 9.994144 0.058060 -0.631675
v 10.028624 0.086987 -0.584220
v 10.060587 0.123323 -0.540225
v 10.089491 0.166447 -0.500443
v 10.114838 0.215619 -0.465556
v 10.136195 0.270000 -0.436159
v 10.153198 0.328658 -0.412757
v 10.165556 0.390590 -0.395748
v 10.173056 0.454737 -0.385426
v 10.274847 0.520000 -0.458973
v 10.272120 0.585263 -0.462269
v 10.263988 0.649410 -0.472100
v 10.250587 0.711342 -0.488299
v 10.232148 0.770000 -0.510587
v 10.208986 0.824381 -0.538585
v 10.181499 0.873553 -0.571812
v 10.150155 0.916677 -0.609700
v 10.115491 0.953013 -0.651601
v 10.078101 0.981940 -0.696798
v 10.038624 1.002963 -0.744518
v 9.997736 1.015722 -0.793943
v 9.956135 1.020000 -0.844230
v 9.914535 1.015722 -0.894516
v 9.873647 1.002963 -0.943941
v 9.834169 0.981940 -0.991661
v 9.796780 0.953013 -1.036858
v 9.762115 0.916677 -1.078759
v 9.730772 0.873553 -1.116647
v 9.703284 0.824381 -1.149874
v 9.680122 0.770000 -1.177872
v 9.661684 0.711342 -1.200161
v 9.648283 0.649410 -1.216359
v 9.640150 0.585263 -1.226190
v 9.637424 0.520000 -1.229486
v 9.640150 0.454737 -1.226190
v 9.648283 0.390590 -1.216359
v 9.661684 0.328658 -1.200161
v 9.680122 0.270000 -1.177872
v 9.703284 0.215619 -1.149874
v 9.730772 0.166447 -1.116647
v 9.762115 0.123323 -1.078759
v 9.796780 0.086987 -1.036858
v 9.834169 0.058060 -0.991661
v 9.873647 0.037037 -0.943941
v 9.914535 0.024278 -0.894516
v 9.956135 0.020000 -0.844230
v 9.997736 0.024278 -0.793943
v 10.038624 0.037037 -0.744518
v 10.078101 0.058060 -0.696798
v 10.115491 0.086987 -0.651601
v 10.150155 0.123323 -0.609700
v 10.181499 0.166447 -0.571812
v 10.208986 0.215619 -0.538585
v 10.232148 0.270000 -0.510587
v 10.250587 0.328658 -0.488299
v 10.263988 0.390590 -0.472100
v 10.272120 0.454737 -0.462269
v 10.369093 0.520000 -0.542062
v 10.366165 0.585263 -0.545180
v 10.357430 0.649410 -0.554481
v 10.343040 0.711342 -0.569807
v 10.323237 0.770000 -0.590894
v 10.298364 0.824381 -0.617381
v 10.268844 0.873553 -0.648817
v 10.235183 0.916677 -0.684662
v 10.197957 0.953013 -0.724304
v 10.157803 0.981940 -0.767064
v 10.115407 1.002963 -0.812211
v 10.071496 1.015722 -0.858972
v 10.026820 1.020000 -0.906546
v 9.982144 1.015722 -0.954121
v 9.938233 1.002963 -1.000882
v 9.895838 0.981940 -1.046029
v 9.855683 0.953013 -1.088789
v 9.818458 0.916677 -1.128431
v 9.784796 0.873553 -1.164276
v 9.755277 0.824381 -1.195711
v 9.730403 0.770000 -1.222199
v 9.710601 0.711342 -1.243286
v 9.696209 0.649410 -1.258611
v 9.687475 0.585263 -1.267913
v 9.684546 0.520000 -1.271031
v 9.687475 0.454737 -1.267913
v 9.696209 0.390590 -1.258611
v 9.710601 0.328658 -1.243286
v 9.730403 0.270000 -1.222199
v 9.755277 0.215619 -1.195711
v 9.784796 0.166447 -1.164276
v 9.818458 0.123323 -1.128431
v 9.855683 0.086987 -1.088789
v 9.895838 0.058060 -1.046029
v 9.938233 0.037037 -1.000882
v 9.982144 0.024278 -0.954121
v 10.026820 0.020000 -0.906546
v 10.071496 0.024278 -0.858972
v 10.115407 0.037037 -0.812211
v 10.157803 0.058060 -0.767064
v 10.197957 0.086987 -0.724304
v 10.235183 0.123323 -0.684662
v 10.268844 0.166447 -0.648817
v 10.298364 0.215619 -0.617381
v 10.323237 0.270000 -0.590894
v 10.343040 0.328658 -0.569807
v 10.357430 0.390590 -0.554481
v 10.366165 0.454737 -0.545180
v 10.457936 0.520000 -0.630905
v 10.454819 0.585263 -0.633833
v 10.445517 0.649410 -0.642568
v 10.430192 0.711342 -0.656959
v 10.409105 0.770000 -0.676761
v 10.382617 0.824381 -0.701635
v 10.351182 0.873553 -0.731155
v 10.315336 0.916677 -0.764816
v 10.275695 0.953013 -0.802042
v 10.232935 0.981940 -0.842196
v 10.187788 1.002963 -0.884592
v 10.141027 1.015722 -0.928503
v 10.093452 1.020000 -0.973179
v 10.045877 1.015722 -1.017854
v 9.999117 1.002963 -1.061766
v 9.953970 0.981940 -1.104161
v 9.911210 0.953013 -1.144316
v 9.871569 0.916677 -1.181542
v 9.835723 0.873553 -1.215203
v 9.804288 0.824381 -1.244723
v 9.777800 0.770000 -1.269597
v 9.756713 0.711342 -1.289398
v 9.741387 0.649410 -1.303790
v 9.732086 0.585263 -1.312524
v 9.728969 0.520000 -1.315453
v 9.732086 0.454737 -1.312524
v 9.741387 0.390590 -1.303790
v 9.756713 0.328658 -1.289398
v 9.777800 0.270000 -1.269597
v 9.804288 0.215619 -1.244723
v 9.835723 0.166447 -1.215203
v 9.871569 0.123323 -1.181542
v 9.911210 0.086987 -1.144316
v 9.953970 0.058060 -1.104161
v 9.999117 0.037037 -1.061766
v 10.045877 0.024278 -1.017854
v 10.093452 0.020000 -0.973179
v 10.141027 0.024278 -0.928503
v 10.187788 0.037037 -0.884592
v 10.232935 0.058060 -0.842196
v 10.275695 0.086987 -0.802042
v 10.315336 0.123323 -0.764816
v 10.351182 0.166447 -0.731155
v 10.382617 0.215619 -0.701635
v 10.409105 0.270000 -0.676761
v 10.430192 0.328658 -0.656959
v 10.445517 0.390590 -0.642568
v 10.454819 0.454737 -0.633833
v 10.541026 0.520000 -0.725151
v 10.537730 0.585263 -0.727878
v 10.527899 0.649410 -0.736011
v 10.511700 0.711342 -0.749412
v 10.489411 0.770000 -0.767851
v 10.461414 0.824381 -0.791012
v 10.428186 0.873553 -0.818500
v 10.390299 0.916677 -0.849844
v 10.348397 0.953013 -0.884507
v 10.303201 0.981940 -0.921898
v 10.255481 1.002963 -0.961375
v 10.206056 1.015722 -1.002263
v 10.155769 1.020000 -1.043863
v 10.105483 1.015722 -1.085464
v 10.056058 1.002963 -1.126352
v 10.008338 0.981940 -1.165829
v 9.963141 0.953013 -1.203219
v 9.921240 0.916677 -1.237883
v 9.883352 0.873553 -1.269227
v 9.850125 0.824381 -1.296715
v 9.822127 0.770000 -1.319876
v 9.799839 0.711342 -1.338315
v 9.783640 0.649410 -1.351716
v 9.773808 0.585263 -1.359849
v 9.770513 0.520000 -1.362576
v 9.773808 0.454737 -1.359849
v 9.783640 0.390590 -1.351716
v 9.799839 0.328658 -1.338315
v 9.822127 0.270000 -1.319876
v 9.850125 0.215619 -1.296715
v 9.883352 0.166447 -1.269227
v 9.921240 0.123323 -1.237883
v 9.963141 0.086987 -1.203219
v 10.008338 0.058060 -1.165829
v 10.056058 0.037037 -1.126352
v 10.105483 0.024278 -1.085464
v 10.155769 0.020000 -1.043863
v 10.206056 0.024278 -1.002263
v 10.255481 0.037037 -0.961375
v 10.303201 0.058060 -0.921898
v 10.348397 0.086987 -0.884507
v 10.390299 0.123323 -0.849844
v 10.428186 0.166447 -0.818500
v 10.461414 0.215619 -0.791012
v 10.489411 0.270000 -0.767851
v 10.511700 0.328658 -0.749412
v 10.527899 0.390590 -0.736011
v 10.537730 0.454737 -0.727878
v 10.618033 0.520000 -0.824429
v 10.614573 0.585263 -0.826943
v 10.604250 0.649410 -0.834443
v 10.587242 0.711342 -0.846800
v 10.563840 0.770000 -0.863803
v 10.534443 0.824381 -0.885161
v 10.499556 0.873553 -0.910508
v 10.459774 0.916677 -0.939411
v 10.415779 0.953013 -0.971375
v 10.368323 0.981940 -1.005854
v 10.318219 1.002963 -1.042256
v 10.266324 1.015722 -1.079961
v 10.213525 1.020000 -1.118322
v 10.160727 1.015722 -1.156682
v 10.108830 1.002963 -1.194387
v 10.058726 0.981940 -1.230789
v 10.011271 0.953013 -1.265268
v 9.967276 0.916677 -1.297232
v 9.927494 0.873553 -1.326135
v 9.892607 0.824381 -1.351482
v 9.863211 0.770000 -1.372840
v 9.839808 0.711342 -1.389843
v 9.822800 0.649410 -1.402200
v 9.812477 0.585263 -1.409700
v 9.809017 0.520000 -1.412214
v 9.812477 0.454737 -1.409700
v 9.822800 0.390590 -1.402200
v 9.839808 0.328658 -1.389843
v 9.863211 0.270000 -1.372840
v 9.892607 0.215619 -1.351482
v 9.927494 0.166447 -1.326135
v 9.967276 0.123323 -1.297232
v 10.011271 0.086987 -1.265268
v 10.058726 0.058060 -1.230789
v 10.108830 0.037037 -1.194387
v 10.160727 0.024278 -1.156682
v 10.213525 0.020000 -1.118322
v 10.266324 0.024278 -1.079961
v 10.318219 0.037037 -1.042256
v 10.368323 0.058060 -1.005854
v 10.415779 0.086987 -0.971375
v 10.459774 0.123323 -0.939411
v 10.499556 0.166447 -0.910508
v 10.534443 0.215619 -0.885161
v 10.563840 0.270000 -0.863803
v 10.587242 0.328658 -0.846800
v 10.604250 0.390590 -0.834443
v 10.614573 0.454737 -0.826943
v 10.688656 0.520000 -0.928346
v 10.685043 0.585263 -0.930638
v 10.674271 0.649410 -0.937474
v 10.656520 0.711342 -0.948739
v 10.632096 0.770000 -0.964239
v 10.601417 0.824381 -0.983709
v 10.565006 0.873553 -1.006816
v 10.523489 0.916677 -1.033164
v 10.477573 0.953013 -1.062302
v 10.428047 0.981940 -1.093733
v 10.375755 1.002963 -1.126918
v 10.321595 1.015722 -1.161289
v 10.266492 1.020000 -1.196259
v 10.211388 1.015722 -1.231229
v 10.157228 1.002963 -1.265600
v 10.104937 0.981940 -1.298785
v 10.055409 0.953013 -1.330216
v 10.009495 0.916677 -1.359355
v 9.967977 0.873553 -1.385703
v 9.931566 0.824381 -1.408809
v 9.900887 0.770000 -1.428279
v 9.876463 0.711342 -1.443779
v 9.858712 0.649410 -1.455044
v 9.847939 0.585263 -1.461881
v 9.844328 0.520000 -1.464173
v 9.847939 0.454737 -1.461881
v 9.858712 0.390590 -1.455044
v 9.876463 0.328658 -1.443779
v 9.900887 0.270000 -1.428279
v 9.931566 0.215619 -1.408809
v 9.967977 0.166447 -1.385703
v 10.009495 0.123323 -1.359355
v 10.055409 0.086987 -1.330216
v 10.104937 0.058060 -1.298785
v 10.157228 0.037037 -1.265600
v 10.211388 0.024278 -1.231229
v 10.266492 0.020000 -1.196259
v 10.321595 0.024278 -1.161289
v 10.375755 0.037037 -1.126918
v 10.428047 0.058060 -1.093733
v 10.477573 0.086987 -1.062302
v 10.523489 0.123323 -1.033164
v 10.565006 0.166447 -1.006816
v 10.601417 0.215619 -0.983709
v 10.632096 0.270000 -0.964239
v 10.656520 0.328658 -0.948739
v 10.674271 0.390590 -0.937474
v 10.685043 0.454737 -0.930638
v 10.752613 0.520000 -1.036492
v 10.748864 0.585263 -1.038553
v 10.737683 0.649410 -1.044700
v 10.719260 0.711342 -1.054827
v 10.693912 0.770000 -1.068763
v 10.662070 0.824381 -1.086268
v 10.624281 0.873553 -1.107043
v 10.581190 0.916677 -1.130732
v 10.533536 0.953013 -1.156930
v 10.482134 0.981940 -1.185189
v 10.427862 1.002963 -1.215025
v 10.371651 1.015722 -1.245928
v 10.314460 1.020000 -1.277369
v 10.257269 1.015722 -1.308810
v 10.201057 1.002963 -1.339713
v 10.146786 0.981940 -1.369549
v 10.095383 0.953013 -1.397807
v 10.047729 0.916677 -1.424006
v 10.004639 0.873553 -1.447695
v 9.966849 0.824381 -1.468470
v 9.935008 0.770000 -1.485975
v 9.909658 0.711342 -1.499910
v 9.891236 0.649410 -1.510038
v 9.880054 0.585263 -1.516185
v 9.876307 0.520000 -1.518246
v 9.880054 0.454737 -1.516185
v 9.891236 0.390590 -1.510038
v 9.909658 0.328658 -1.499910
v 9.935008 0.270000 -1.485975
v 9.966849 0.215619 -1.468470
v 10.004639 0.166447 -1.447695
v 10.047729 0.123323 -1.424006
v 10.095383 0.086987 -1.397807
v 10.146786 0.058060 -1.369549
v 10.201057 0.037037 -1.339713
v 10.257269 0.024278 -1.308810
v 10.314460 0.020000 -1.277369
v 10.371651 0.024278 -1.245928
v 10.427862 0.037037 -1.215025
v 10.482134 0.058060 -1.185189
v 10.533536 0.086987 -1.156930
v 10.581190 0.123323 -1.130732
v 10.624281 0.166447 -1.107043
v 10.662070 0.215619 -1.086268
v 10.693912 0.270000 -1.068763
v 10.719260 0.328658 -1.054827
v 10.737683 0.390590 -1.044700
v 10.748864 0.454737 -1.038553
v 10.809654 0.520000 -1.148441
v 10.805783 0.585263 -1.150262
v 10.794238 0.649410 -1.155695
v 10.775216 0.711342 -1.164646
v 10.749042 0.770000 -1.176962
v 10.716164 0.824381 -1.192434
v 10.677145 0.873553 -1.210795
v 10.632652 0.916677 -1.231731
v 10.583447 0.953013 -1.254886
v 10.530372 0.981940 -1.279861
v 10.474334 1.002963 -1.306231
v 10.416292 1.015722 -1.333543
v 10.357241 1.020000 -1.361331
v 10.298188 1.015722 -1.389118
v 10.240147 1.002963 -1.416430
v 10.184109 0.981940 -1.442800
v 10.131034 0.953013 -1.467775
v 10.081828 0.916677 -1.490930
v 10.037335 0.873553 -1.511866
v 9.998317 0.824381 -1.530227
v 9.965439 0.770000 -1.545699
v 9.939264 0.711342 -1.558015
v 9.920242 0.649410 -1.566966
v 9.908697 0.585263 -1.572399
v 9.904827 0.520000 -1.574220
v 9.908697 0.454737 -1.572399
v 9.920242 0.390590 -1.566966
v 9.939264 0.328658 -1.558015
v 9.965439 0.270000 -1.545699
v 9.998317 0.215619 -1.530227
v 10.037335 0.166447 -1.511866
v 10.081828 0.123323 -1.490930
v 10.131034 0.086987 -1.467775
v 10.184109 0.058060 -1.442800
v 10.240147 0.037037 -1.416430
v 10.298188 0.024278 -1.389118
v 10.357241 0.020000 -1.361331
v 10.416292 0.024278 -1.333543
v 10.474334 0.037037 -1.306231
v 10.530372 0.058060 -1.279861
v 10.583447 0.086987 -1.254886
v 10.632652 0.123323 -1.231731
v 10.677145 0.166447 -1.210795
v 10.716164 0.215619 -1.192434
v 10.749042 0.270000 -1.176962
v 10.775216 0.328658 -1.164646
v 10.794238 0.390590 -1.155695
v 10.805783 0.454737 -1.150262
v 10.859552 0.520000 -1.263750
v 10.855576 0.585263 -1.265325
v 10.843712 0.649410 -1.270022
v 10.824165 0.711342 -1.277761
v 10.797270 0.770000 -1.288410
v 10.763485 0.824381 -1.301786
v 10.723391 0.873553 -1.317661
v 10.677670 0.916677 -1.335763
v 10.627109 0.953013 -1.355781
v 10.572570 0.981940 -1.377375
v 10.514986 1.002963 -1.400174
v 10.455345 1.015722 -1.423788
v 10.394665 1.020000 -1.447813
v 10.333984 1.015722 -1.471838
v 10.274343 1.002963 -1.495451
v 10.216760 0.981940 -1.518250
v 10.162220 0.953013 -1.539844
v 10.111658 0.916677 -1.559863
v 10.065939 0.873553 -1.577964
v 10.025844 0.824381 -1.593839
v 9.992060 0.770000 -1.607215
v 9.965164 0.711342 -1.617864
v 9.945617 0.649410 -1.625603
v 9.933754 0.585263 -1.630300
v 9.929776 0.520000 -1.631875
v 9.933754 0.454737 -1.630300
v 9.945617 0.390590 -1.625603
v 9.965164 0.328658 -1.617864
v 9.992060 0.270000 -1.607215
v 10.025844 0.215619 -1.593839
v 10.065939 0.166447 -1.577964
v 10.111658 0.123323 -1.559863
v 10.162220 0.086987 -1.539844
v 10.216760 0.058060 -1.518250
v 10.274343 0.037037 -1.495451
v 10.333984 0.024278 -1.471838
v 10.394665 0.020000 -1.447813
v 10.455345 0.024278 -1.423788
v 10.514986 0.037037 -1.400174
v 10.572570 0.058060 -1.377375
v 10.627109 0.086987 -1.355781
v 10.677670 0.123323 -1.335763
v 10.723391 0.166447 -1.317661
v 10.763485 0.215619 -1.301786
v 10.797270 0.270000 -1.288410
v 10.824165 0.328658 -1.277761
v 10.843712 0.390590 -1.270022
v 10.855576 0.454737 -1.265325
v 10.902113 0.520000 -1.381965
v 10.898045 0.585263 -1.383287
v 10.885910 0.649410 -1.387230
v 10.865915 0.711342 -1.393727
v 10.838404 0.770000 -1.402666
v 10.803846 0.824381 -1.413894
v 10.762834 0.873553 -1.427220
v 10.716068 0.916677 -1.442415
v 10.664349 0.953013 -1.459220
v 10.608562 0.981940 -1.477346
v 10.549661 1.002963 -1.496484
v 10.488653 1.015722 -1.516307
v 10.426584 1.020000 -1.536474
v 10.364515 1.015722 -1.556641
v 10.303509 1.002963 -1.576464
v 10.244608 0.981940 -1.595602
v 10.188821 0.953013 -1.613728
v 10.137101 0.916677 -1.630533
v 10.090336 0.873553 -1.645728
v 10.049323 0.824381 -1.659054
v 10.014765 0.770000 -1.670282
v 9.987254 0.711342 -1.679221
v 9.967259 0.649410 -1.685718
v 9.955125 0.585263 -1.689661
v 9.951056 0.520000 -1.690983
v 9.955125 0.454737 -1.689661
v 9.967259 0.390590 -1.685718
v 9.987254 0.328658 -1.679221
v 10.014765 0.270000 -1.670282
v 10.049323 0.215619 -1.659054
v 10.090336 0.166447 -1.645728
v 10.137101 0.123323 -1.630533
v 10.188821 0.086987 -1.613728
v 10.244608 0.058060 -1.595602
v 10.303509 0.037037 -1.576464
v 10.364515 0.024278 -1.556641
v 10.426584 0.020000 -1.536474
v 10.488653 0.024278 -1.516307
v 10.549661 0.037037 -1.496484
v 10.608562 0.058060 -1.477346
v 10.664349 0.086987 -1.459220
v 10.716068 0.123323 -1.442415
v 10.762834 0.166447 -1.427220
v 10.803846 0.215619 -1.413894
v 10.838404 0.270000 -1.402666
v 10.865915 0.328658 -1.393727
v 10.885910 0.390590 -1.387230
v 10.898045 0.454737 -1.383287
v 10.937166 0.520000 -1.502620
v 10.933022 0.585263 -1.503683
v 10.920664 0.649410 -1.506856
v 10.900302 0.711342 -1.512085
v 10.872283 0.770000 -1.519279
v 10.837089 0.824381 -1.528315
v 10.795321 0.873553 -1.539039
v 10.747692 0.916677 -1.551268
v 10.695021 0.953013 -1.564792
v 10.638205 0.981940 -1.579380
v 10.578218 1.002963 -1.594782
v 10.516088 1.015722 -1.610734
v 10.452874 1.020000 -1.626965
v 10.389662 1.015722 -1.643195
v 10.327531 1.002963 -1.659148
v 10.267544 0.981940 -1.674549
v 10.210729 0.953013 -1.689137
v 10.158056 0.916677 -1.702661
v 10.110429 0.873553 -1.714890
v 10.068661 0.824381 -1.725614
v 10.033465 0.770000 -1.734651
v 10.005447 0.711342 -1.741845
v 9.985085 0.649410 -1.747073
v 9.972726 0.585263 -1.750246
v 9.968583 0.520000 -1.751310
v 9.972726 0.454737 -1.750246
v 9.985085 0.390590 -1.747073
v 10.005447 0.328658 -1.741845
v 10.033465 0.270000 -1.734651
v 10.068661 0.215619 -1.725614
v 10.110429 0.166447 -1.714890
v 10.158056 0.123323 -1.702661
v 10.210729 0.086987 -1.689137
v 10.267544 0.058060 -1.674549
v 10.327531 0.037037 -1.659148
v 10.389662 0.024278 -1.643195
v 10.452874 0.020000 -1.626965
v 10.516088 0.024278 -1.610734
v 10.578218 0.037037 -1.594782
v 10.638205 0.058060 -1.579380
v 10.695021 0.086987 -1.564792
v 10.747692 0.123323 -1.551268
v 10.795321 0.166447 -1.539039
v 10.837089 0.215619 -1.528315
v 10.872283 0.270000 -1.519279
v 10.900302 0.328658 -1.512085
v 10.920664 0.390590 -1.506856
v 10.933022 0.454737 -1.503683
v 10.964575 0.520000 -1.625237
v 10.960373 0.585263 -1.626038
v 10.947839 0.649410 -1.628429
v 10.927188 0.711342 -1.632369
v 10.898773 0.770000 -1.637789
v 10.863081 0.824381 -1.644598
v 10.820722 0.873553 -1.652678
v 10.772420 0.916677 -1.661892
v 10.719003 0.953013 -1.672082
v 10.661384 0.981940 -1.683074
v 10.600548 1.002963 -1.694679
v 10.537538 1.015722 -1.706698
v 10.473431 1.020000 -1.718928
v 10.409324 1.015722 -1.731157
v 10.346313 1.002963 -1.743176
v 10.285479 0.981940 -1.754781
v 10.227859 0.953013 -1.765773
v 10.174441 0.916677 -1.775963
v 10.126140 0.873553 -1.785177
v 10.083780 0.824381 -1.793257
v 10.048088 0.770000 -1.800066
v 10.019673 0.711342 -1.805487
v 9.999022 0.649410 -1.809426
v 9.986489 0.585263 -1.811817
v 9.982287 0.520000 -1.812618
v 9.986489 0.454737 -1.811817
v 9.999022 0.390590 -1.809426
v 10.019673 0.328658 -1.805487
v 10.048088 0.270000 -1.800066
v 10.083780 0.215619 -1.793257
v 10.126140 0.166447 -1.785177
v 10.174441 0.123323 -1.775963
v 10.227859 0.086987 -1.765773
v 10.285479 0.058060 -1.754781
v 10.346313 0.037037 -1.743176
v 10.409324 0.024278 -1.731157
v 10.473431 0.020000 -1.718928
v 10.537538 0.024278 -1.706698
v 10.600548 0.037037 -1.694679
v 10.661384 0.058060 -1.683074
v 10.719003 0.086987 -1.672082
v 10.772420 0.123323 -1.661892
v 10.820722 0.166447 -1.652678
v 10.863081 0.215619 -1.644598
v 10.898773 0.270000 -1.637789
v 10.927188 0.328658 -1.632369
v 10.947839 0.390590 -1.628429
v 10.960373 0.454737 -1.626038
v 10.984229 0.520000 -1.749333
v 10.979985 0.585263 -1.749869
v 10.967327 0.649410 -1.751468
v 10.946469 0.711342 -1.754103
v 10.917770 0.770000 -1.757729
v 10.881721 0.824381 -1.762283
v 10.838938 0.873553 -1.767688
v 10.790153 0.916677 -1.773851
v 10.736200 0.953013 -1.780666
v 10.678005 0.981940 -1.788018
v 10.616561 1.002963 -1.795780
v 10.552920 1.015722 -1.803820
v 10.488173 1.020000 -1.812000
v 10.423424 1.015722 -1.820179
v 10.359783 1.002963 -1.828219
v 10.298339 0.981940 -1.835981
v 10.240143 0.953013 -1.843333
v 10.186192 0.916677 -1.850149
v 10.137406 0.873553 -1.856312
v 10.094624 0.824381 -1.861717
v 10.058574 0.770000 -1.866271
v 10.029875 0.711342 -1.869896
v 10.009017 0.649410 -1.872531
v 9.996359 0.585263 -1.874130
v 9.992115 0.520000 -1.874666
v 9.996359 0.454737 -1.874130
v 10.009017 0.390590 -1.872531
v 10.029875 0.328658 -1.869896
v 10.058574 0.270000 -1.866271
v 10.094624 0.215619 -1.861717
v 10.137406 0.166447 -1.856312
v 10.186192 0.123323 -1.850149
v 10.240143 0.086987 -1.843333
v 10.298339 0.058060 -1.835981
v 10.359783 0.037037 -1.828219
v 10.423424 0.024278 -1.820179
v 10.488173 0.020000 -1.812000
v 10.552920 0.024278 -1.803820
v 10.616561 0.037037 -1.795780
v 10.678005 0.058060 -1.788018
v 10.736200 0.086987 -1.780666
v 10.790153 0.123323 -1.773851
v 10.838938 0.166447 -1.767688
v 10.881721 0.215619 -1.762283
v 10.917770 0.270000 -1.757729
v 10.946469 0.328658 -1.754103
v 10.967327 0.390590 -1.751468
v 10.979985 0.454737 -1.749869
v 10.996054 0.520000 -1.874418
v 10.991784 0.585263 -1.874687
v 10.979050 0.649410 -1.875488
v 10.958069 0.711342 -1.876808
v 10.929198 0.770000 -1.878625
v 10.892934 0.824381 -1.880906
v 10.849895 0.873553 -1.883614
v 10.800820 0.916677 -1.886702
v 10.746547 0.953013 -1.890116
v 10.688004 0.981940 -1.893799
v 10.626194 1.002963 -1.897688
v 10.562175 1.015722 -1.901716
v 10.497040 1.020000 -1.905814
v 10.431906 1.015722 -1.909912
v 10.367886 1.002963 -1.913940
v 10.306076 0.981940 -1.917828
v 10.247534 0.953013 -1.921512
v 10.193260 0.916677 -1.924926
v 10.144184 0.873553 -1.928014
v 10.101147 0.824381 -1.930722
v 10.064882 0.770000 -1.933003
v 10.036012 0.711342 -1.934819
v 10.015030 0.649410 -1.936139
v 10.002295 0.585263 -1.936941
v 9.998027 0.520000 -1.937209
v 10.002295 0.454737 -1.936941
v 10.015030 0.390590 -1.936139
v 10.036012 0.328658 -1.934819
v 10.064882 0.270000 -1.933003
v 10.101147 0.215619 -1.930722
v 10.144184 0.166447 -1.928014
v 10.193260 0.123323 -1.924926
v 10.247534 0.086987 -1.921512
v 10.306076 0.058060 -1.917828
v 10.367886 0.037037 -1.913940
v 10.431906 0.024278 -1.909912
v 10.497040 0.020000 -1.905814
v 10.562175 0.024278 -1.901716
v 10.626194 0.037037 -1.897688
v 10.688004 0.058060 -1.893799
v 10.746547 0.086987 -1.890116
v 10.800820 0.123323 -1.886702
v 10.849895 0.166447 -1.883614
v 10.892934 0.215619 -1.880906
v 10.929198 0.270000 -1.878625
v 10.958069 0.328658 -1.876808
v 10.979050 0.390590 -1.875488
v 10.991784 0.454737 -1.874687
vn 1.0000 -0.0000 -0.0000
vn 0.9915 0.1304 -0.0000
vn 0.9660 0.2585 -0.0000
vn 0.9241 0.3822 -0.0000
vn 0.8664 0.4994 -0.0000
vn 0.7938 0.6081 -0.0000
vn 0.7078 0.7065 -0.0000
vn 0.6096 0.7927 -0.0000
vn 0.5010 0.8655 -0.0000
vn 0.3838 0.9234 -0.0000
vn 0.2600 0.9656 -0.0000
vn 0.1318 0.9913 -0.0000
vn 0.0013 1.0000 -0.0000
vn -0.1292 0.9916 -0.0000
vn -0.2576 0.9663 -0.0000
vn -0.3816 0.9243 -0.0000
vn -0.4990 0.8666 -0.0000
vn -0.6079 0.7940 -0.0000
vn -0.7065 0.7078 -0.0000
vn -0.7929 0.6094 -0.0000
vn -0.8657 0.5006 -0.0000
vn -0.9237 0.3831 -0.0000
vn -0.9658 0.2591 -0.0000
vn -0.9914 0.1307 -0.0000
vn -1.0000 -0.0000 -0.0000
vn -0.9914 -0.1307 -0.0000
vn -0.9658 -0.2591 -0.0000
vn -0.9237 -0.3831 -0.0000
vn -0.8657 -0.5006 -0.0000
vn -0.7929 -0.6094 -0.0000
vn -0.7065 -0.7078 -0.0000
vn -0.6079 -0.7940 -0.0000
vn -0.4990 -0.8666 -0.0000
vn -0.3816 -0.9243 -0.0000
vn -0.2576 -0.9663 -0.0000
vn -0.1292 -0.9916 -0.0000
vn 0.0013 -1.0000 -0.0000
vn 0.1318 -0.9913 -0.0000
vn 0.2600 -0.9656 -0.0000
vn 0.3838 -0.9234 -0.0000
vn 0.5010 -0.8655 -0.0000
vn 0.6096 -0.7927 -0.0000
vn 0.7078 -0.7065 -0.0000
vn 0.7938 -0.6081 -0.0000
vn 0.8664 -0.4994 -0.0000
vn 0.9241 -0.3822 -0.0000
vn 0.9660 -0.2585 -0.0000
vn 0.9915 -0.1304 -0.0000
vn 0.9980 -0.0000 -0.0628
vn 0.9895 0.1304 -0.0623
vn 0.9641 0.2585 -0.0607
vn 0.9222 0.3822 -0.0580
vn 0.8646 0.4994 -0.0544
vn 0.7923 0.6081 -0.0498
vn 0.7064 0.7065 -0.0444
vn 0.6084 0.7927 -0.0383
vn 0.5000 0.8655 -0.0315
vn 0.3830 0.9234 -0.0241
vn 0.2595 0.9656 -0.0163
vn 0.1316 0.9913 -0.0083
vn 0.0013 1.0000 -0.0001
vn -0.1290 0.9916 0.0081
vn -0.2571 0.9663 0.0162
vn -0.3808 0.9243 0.0240
vn -0.4980 0.8666 0.0313
vn -0.6067 0.7940 0.0382
vn -0.7051 0.7078 0.0444
vn -0.7913 0.6094 0.0498
vn -0.8640 0.5006 0.0544
vn -0.9219 0.3831 0.0580
vn -0.9639 0.2591 0.0606
vn -0.9895 0.1307 0.0623
vn -0.9980 -0.0000 0.0628
vn -0.9895 -0.1307 0.0623
vn -0.9639 -0.2591 0.0606
vn -0.9219 -0.3831 0.0580
vn -0.8640 -0.5006 0.0544
vn -0.7913 -0.6094 0.0498
vn -0.7051 -0.7078 0.0444
vn -0.6067 -0.7940 0.0382
vn -0.4980 -0.8666 0.0313
vn -0.3808 -0.9243 0.0240
vn -0.2571 -0.9663 0.0162
vn -0.1290 -0.9916 0.0081
vn 0.0013 -1.0000 -0.0001
vn 0.1316 -0.9913 -0.0083
vn 0.2595 -0.9656 -0.0163
vn 0.3830 -0.9234 -0.0241
vn 0.5000 -0.8655 -0.0315
vn 0.6084 -0.7927 -0.0383
vn 0.7064 -0.7065 -0.0444
vn 0.7923 -0.6081 -0.0498
vn 0.8646 -0.4994 -0.0544
vn 0.9222 -0.3822 -0.0580
vn 0.9641 -0.2585 -0.0607
vn 0.9895 -0.1304 -0.0623
vn 0.9921 -0.0000 -0.1253
vn 0.9836 0.1304 -0.1243
vn 0.9584 0.2585 -0.1211
vn 0.9168 0.3822 -0.1158
vn 0.8595 0.4994 -0.1086
vn 0.7876 0.6081 -0.0995
vn 0.7022 0.7065 -0.0887
vn 0.6048 0.7927 -0.0764
vn 0.4970 0.8655 -0.0628
vn 0.3808 0.9234 -0.0481
vn 0.2580 0.9656 -0.0326
vn 0.1308 0.9913 -0.0165
vn 0.0013 1.0000 -0.0002
vn -0.1282 0.9916 0.0162
vn -0.2556 0.9663 0.0323
vn -0.3786 0.9243 0.0478
vn -0.4951 0.8666 0.0625
vn -0.6031 0.7940 0.0762
vn -0.7009 0.7078 0.0885
vn -0.7866 0.6094 0.0994
vn -0.8589 0.5006 0.1085
vn -0.9164 0.3831 0.1158
vn -0.9582 0.2591 0.1211
vn -0.9836 0.1307 0.1243
vn -0.9921 -0.0000 0.1253
vn -0.9836 -0.1307 0.1243
vn -0.9582 -0.2591 0.1211
vn -0.9164 -0.3831 0.1158
vn -0.8589 -0.5006 0.1085
vn -0.7866 -0.6094 0.0994
vn -0.7009 -0.7078 0.0885
vn -0.6031 -0.7940 0.0762
vn -0.4951 -0.8666 0.0625
vn -0.3786 -0.9243 0.0478
vn -0.2556 -0.9663 0.0323
vn -0.1282 -0.9916 0.0162
vn 0.0013 -1.0000 -0.0002
vn 0.1308 -0.9913 -0.0165
vn 0.2580 -0.9656 -0.0326
vn 0.3808 -0.9234 -0.0481
vn 0.4970 -0.8655 -0.0628
vn 0.6048 -0.7927 -0.0764
vn 0.7022 -0.7065 -0.0887
vn 0.7876 -0.6081 -0.0995
vn 0.8595 -0.4994 -0.1086
vn 0.9168 -0.3822 -0.1158
vn 0.9584 -0.2585 -0.1211
vn 0.9836 -0.1304 -0.1243
vn 0.9823 -0.0000 -0.1874
vn 0.9739 0.1304 -0.1858
vn 0.9489 0.2585 -0.1810
vn 0.9077 0.3822 -0.1732
vn 0.8510 0.4994 -0.1623
vn 0.7798 0.6081 -0.1488
vn 0.6952 0.7065 -0.1326
vn 0.5988 0.7927 -0.1142
vn 0.4921 0.8655 -0.0939
vn 0.3770 0.9234 -0.0719
vn 0.2554 0.9656 -0.0487
vn 0.1295 0.9913 -0.0247
vn -0.1270 0.9916 0.0242
vn -0.2530 0.9663 0.0483
vn -0.3748 0.9243 0.0715
vn -0.4902 0.8666 0.0935
vn -0.5972 0.7940 0.1139
vn -0.6939 0.7078 0.1324
vn -0.7788 0.6094 0.1486
vn -0.8504 0.5006 0.1622
vn -0.9073 0.3831 0.1731
vn -0.9487 0.2591 0.1810
vn -0.9739 0.1307 0.1858
vn -0.9823 -0.0000 0.1874
vn -0.9739 -0.1307 0.1858
vn -0.9487 -0.2591 0.1810
vn -0.9073 -0.3831 0.1731
vn -0.8504 -0.5006 0.1622
vn -0.7788 -0.6094 0.1486
vn -0.6939 -0.7078 0.1324
vn -0.5972 -0.7940 0.1139
vn -0.4902 -0.8666 0.0935
vn -0.3748 -0.9243 0.0715
vn -0.2530 -0.9663 0.0483
vn -0.1270 -0.9916 0.0242
vn 0.1295 -0.9913 -0.0247
vn 0.2554 -0.9656 -0.0487
vn 0.3770 -0.9234 -0.0719
vn 0.4921 -0.8655 -0.0939
vn 0.5988 -0.7927 -0.1142
vn 0.6952 -0.7065 -0.1326
vn 0.7798 -0.6081 -0.1488
vn 0.8510 -0.4994 -0.1623
vn 0.9077 -0.3822 -0.1732
vn 0.9489 -0.2585 -0.1810
vn 0.9739 -0.1304 -0.1858
vn 0.9686 -0.0000 -0.2487
vn 0.9603 0.1304 -0.2466
vn 0.9357 0.2585 -0.2402
vn 0.8950 0.3822 -0.2298
vn 0.8391 0.4994 -0.2155
vn 0.7689 0.6081 -0.1974
vn 0.6855 0.7065 -0.1760
vn 0.5904 0.7927 -0.1516
vn 0.4852 0.8655 -0.1246
vn 0.3717 0.9234 -0.0954
vn 0.2519 0.9656 -0.0647
vn 0.1277 0.9913 -0.0328
vn 0.0013 1.0000 -0.0003
vn -0.1252 0.9916 0.0321
vn -0.2495 0.9663 0.0641
vn -0.3696 0.9243 0.0949
vn -0.4833 0.8666 0.1241
vn -0.5888 0.7940 0.1512
vn -0.6843 0.7078 0.1757
vn -0.7680 0.6094 0.1972
vn -0.8385 0.5006 0.2153
vn -0.8947 0.3831 0.2297
vn -0.9355 0.2591 0.2402
vn -0.9603 0.1307 0.2466
vn -0.9686 -0.0000 0.2487
vn -0.9603 -0.1307 0.2466
vn -0.9355 -0.2591 0.2402
vn -0.8947 -0.3831 0.2297
vn -0.8385 -0.5006 0.2153
vn -0.7680 -0.6094 0.1972
vn -0.6843 -0.7078 0.1757
vn -0.5888 -0.7940 0.1512
vn -0.4833 -0.8666 0.1241
vn -0.3696 -0.9243 0.0949
vn -0.2495 -0.9663 0.0641
vn -0.1252 -0.9916 0.0321
vn 0.0013 -1.0000 -0.0003
vn 0.1277 -0.9913 -0.0328
vn 0.2519 -0.9656 -0.0647
vn 0.3717 -0.9234 -0.0954
vn 0.4852 -0.8655 -0.1246
vn 0.5904 -0.7927 -0.1516
vn 0.6855 -0.7065 -0.1760
vn 0.7689 -0.6081 -0.1974
vn 0.8391 -0.4994 -0.2155
vn 0.8950 -0.3822 -0.2298
vn 0.9357 -0.2585 -0.2402
vn 0.9603 -0.1304 -0.2466
vn 0.9511 -0.0000 -0.3090
vn 0.9429 0.1304 -0.3064
vn 0.9187 0.2585 -0.2985
vn 0.8788 0.3822 -0.2856
vn 0.8239 0.4994 -0.2677
vn 0.7550 0.6081 -0.2453
vn 0.6731 0.7065 -0.2187
vn 0.5797 0.7927 -0.1884
vn 0.4765 0.8655 -0.1548
vn 0.3650 0.9234 -0.1186
vn 0.2473 0.9656 -0.0804
vn 0.1254 0.9913 -0.0407
vn 0.0012 1.0000 -0.0004
vn -0.1229 0.9916 0.0399
vn -0.2450 0.9663 0.0796
vn -0.3629 0.9243 0.1179
vn -0.4746 0.8666 0.1542
vn -0.5782 0.7940 0.1879
vn -0.6719 0.7078 0.2183
vn -0.7541 0.6094 0.2450
vn -0.8233 0.5006 0.2675
vn -0.8785 0.3831 0.2854
vn -0.9186 0.2591 0.2985
vn -0.9429 0.1307 0.3064
vn -0.9511 -0.0000 0.3090
vn -0.9429 -0.1307 0.3064
vn -0.9186 -0.2591 0.2985
vn -0.8785 -0.3831 0.2854
vn -0.8233 -0.5006 0.2675
vn -0.7541 -0.6094 0.2450
vn -0.6719 -0.7078 0.2183
vn -0.5782 -0.7940 0.1879
vn -0.4746 -0.8666 0.1542
vn -0.3629 -0.9243 0.1179
vn -0.2450 -0.9663 0.0796
vn -0.1229 -0.9916 0.0399
vn 0.0012 -1.0000 -0.0004
vn 0.1254 -0.9913 -0.0407
vn 0.2473 -0.9656 -0.0804
vn 0.3650 -0.9234 -0.1186
vn 0.4765 -0.8655 -0.1548
vn 0.5797 -0.7927 -0.1884
vn 0.6731 -0.7065 -0.2187
vn 0.7550 -0.6081 -0.2453
vn 0.8239 -0.4994 -0.2677
vn 0.8788 -0.3822 -0.2856
vn 0.9187 -0.2585 -0.2985
vn 0.9429 -0.1304 -0.3064
vn 0.9298 -0.0000 -0.3681
vn 0.9218 0.1304 -0.3650
vn 0.8982 0.2585 -0.3556
vn 0.8592 0.3822 -0.3402
vn 0.8055 0.4994 -0.3189
vn 0.7381 0.6081 -0.2922
vn 0.6581 0.7065 -0.2605
vn 0.5668 0.7927 -0.2244
vn 0.4658 0.8655 -0.1844
vn 0.3568 0.9234 -0.1413
vn 0.2418 0.9656 -0.0957
vn 0.1226 0.9913 -0.0485
vn 0.0012 1.0000 -0.0005
vn -0.1202 0.9916 0.0476
vn -0.2395 0.9663 0.0948
vn -0.3548 0.9243 0.1405
vn -0.4640 0.8666 0.1837
vn -0.5652 0.7940 0.2238
vn -0.6568 0.7078 0.2601
vn -0.7372 0.6094 0.2919
vn -0.8049 0.5006 0.3187
vn -0.8588 0.3831 0.3400
vn -0.8980 0.2591 0.3555
vn -0.9218 0.1307 0.3650
vn -0.9298 -0.0000 0.3681
vn -0.9218 -0.1307 0.3650
vn -0.8980 -0.2591 0.3555
vn -0.8588 -0.3831 0.3400
vn -0.8049 -0.5006 0.3187
vn -0.7372 -0.6094 0.2919
vn -0.6568 -0.7078 0.2601
vn -0.5652 -0.7940 0.2238
vn -0.4640 -0.8666 0.1837
vn -0.3548 -0.9243 0.1405
vn -0.2395 -0.9663 0.0948
vn -0.1202 -0.9916 0.0476
vn 0.0012 -1.0000 -0.0005
vn 0.1226 -0.9913 -0.0485
vn 0.2418 -0.9656 -0.0957
vn 0.3568 -0.9234 -0.1413
vn 0.4658 -0.8655 -0.1844
vn 0.5668 -0.7927 -0.2244
vn 0.6581 -0.7065 -0.2605
vn 0.7381 -0.6081 -0.2922
vn 0.8055 -0.4994 -0.3189
vn 0.8592 -0.3822 -0.3402
vn 0.8982 -0.2585 -0.3556
vn 0.9218 -0.1304 -0.3650
vn 0.9048 -0.0000 -0.4258
vn 0.8971 0.1304 -0.4221
vn 0.8741 0.2585 -0.4113
vn 0.8361 0.3822 -0.3934
vn 0.7839 0.4994 -0.3689
vn 0.7183 0.6081 -0.3380
vn 0.6404 0.7065 -0.3013
vn 0.5516 0.7927 -0.2595
vn 0.4533 0.8655 -0.2133
vn 0.3473 0.9234 -0.1634
vn 0.2353 0.9656 -0.1107
vn 0.1193 0.9913 -0.0561
vn 0.0012 1.0000 -0.0006
vn -0.1169 0.9916 0.0550
vn -0.2331 0.9663 0.1097
vn -0.3453 0.9243 0.1625
vn -0.4515 0.8666 0.2125
vn -0.5501 0.7940 0.2588
vn -0.6392 0.7078 0.3008
vn -0.7174 0.6094 0.3376
vn -0.7833 0.5006 0.3686
vn -0.8358 0.3831 0.3933
vn -0.8739 0.2591 0.4112
vn -0.8971 0.1307 0.4221
vn -0.9048 -0.0000 0.4258
vn -0.8971 -0.1307 0.4221
vn -0.8739 -0.2591 0.4112
vn -0.8358 -0.3831 0.3933
vn -0.7833 -0.5006 0.3686
vn -0.7174 -0.6094 0.3376
vn -0.6392 -0.7078 0.3008
vn -0.5501 -0.7940 0.2588
vn -0.4515 -0.8666 0.2125
vn -0.3453 -0.9243 0.1625
vn -0.2331 -0.9663 0.1097
vn -0.1169 -0.9916 0.0550
vn 0.0012 -1.0000 -0.0006
vn 0.1193 -0.9913 -0.0561
vn 0.2353 -0.9656 -0.1107
vn 0.3473 -0.9234 -0.1634
vn 0.4533 -0.8655 -0.2133
vn 0.5516 -0.7927 -0.2595
vn 0.6404 -0.7065 -0.3013
vn 0.7183 -0.6081 -0.3380
vn 0.7839 -0.4994 -0.3689
vn 0.8361 -0.3822 -0.3934
vn 0.8741 -0.2585 -0.4113
vn 0.8971 -0.1304 -0.4221
vn 0.8763 -0.0000 -0.4818
vn 0.8688 0.1304 -0.4776
vn 0.8465 0.2585 -0.4654
vn 0.8098 0.3822 -0.4452
vn 0.7592 0.4994 -0.4174
vn 0.6956 0.6081 -0.3824
vn 0.6202 0.7065 -0.3410
vn 0.5342 0.7927 -0.2937
vn 0.4390 0.8655 -0.2413
vn 0.3363 0.9234 -0.1849
vn 0.2279 0.9656 -0.1253
vn 0.1155 0.9913 -0.0635
vn 0.0011 1.0000 -0.0006
vn -0.1133 0.9916 0.0623
vn -0.2257 0.9663 0.1241
vn -0.3344 0.9243 0.1838
vn -0.4373 0.8666 0.2404
vn -0.5327 0.7940 0.2929
vn -0.6191 0.7078 0.3403
vn -0.6948 0.6094 0.3820
vn -0.7586 0.5006 0.4171
vn -0.8094 0.3831 0.4450
vn -0.8464 0.2591 0.4653
vn -0.8688 0.1307 0.4776
vn -0.8763 -0.0000 0.4818
vn -0.8688 -0.1307 0.4776
vn -0.8464 -0.2591 0.4653
vn -0.8094 -0.3831 0.4450
vn -0.7586 -0.5006 0.4171
vn -0.6948 -0.6094 0.3820
vn -0.6191 -0.7078 0.3403
vn -0.5327 -0.7940 0.2929
vn -0.4373 -0.8666 0.2404
vn -0.3344 -0.9243 0.1838
vn -0.2257 -0.9663 0.1241
vn -0.1133 -0.9916 0.0623
vn 0.0011 -1.0000 -0.0006
vn 0.1155 -0.9913 -0.0635
vn 0.2279 -0.9656 -0.1253
vn 0.3363 -0.9234 -0.1849
vn 0.4390 -0.8655 -0.2413
vn 0.5342 -0.7927 -0.2937
vn 0.6202 -0.7065 -0.3410
vn 0.6956 -0.6081 -0.3824
vn 0.7592 -0.4994 -0.4174
vn 0.8098 -0.3822 -0.4452
vn 0.8465 -0.2585 -0.4654
vn 0.8688 -0.1304 -0.4776
vn 0.8443 -0.0000 -0.5358
vn 0.8371 0.1304 -0.5313
vn 0.8156 0.2585 -0.5176
vn 0.7802 0.3822 -0.4951
vn 0.7315 0.4994 -0.4642
vn 0.6703 0.6081 -0.4254
vn 0.5976 0.7065 -0.3792
vn 0.5147 0.7927 -0.3266
vn 0.4230 0.8655 -0.2684
vn 0.3241 0.9234 -0.2056
vn 0.2196 0.9656 -0.1393
vn 0.1113 0.9913 -0.0706
vn 0.0011 1.0000 -0.0007
vn -0.1091 0.9916 0.0693
vn -0.2175 0.9663 0.1380
vn -0.3222 0.9243 0.2045
vn -0.4213 0.8666 0.2674
vn -0.5133 0.7940 0.3257
vn -0.5965 0.7078 0.3785
vn -0.6694 0.6094 0.4248
vn -0.7309 0.5006 0.4639
vn -0.7799 0.3831 0.4949
vn -0.8155 0.2591 0.5175
vn -0.8371 0.1307 0.5312
vn -0.8443 -0.0000 0.5358
vn -0.8371 -0.1307 0.5312
vn -0.8155 -0.2591 0.5175
vn -0.7799 -0.3831 0.4949
vn -0.7309 -0.5006 0.4639
vn -0.6694 -0.6094 0.4248
vn -0.5965 -0.7078 0.3785
vn -0.5133 -0.7940 0.3257
vn -0.4213 -0.8666 0.2674
vn -0.3222 -0.9243 0.2045
vn -0.2175 -0.9663 0.1380
vn -0.1091 -0.9916 0.0693
vn 0.0011 -1.0000 -0.0007
vn 0.1113 -0.9913 -0.0706
vn 0.2196 -0.9656 -0.1393
vn 0.3241 -0.9234 -0.2056
vn 0.4230 -0.8655 -0.2684
vn 0.5147 -0.7927 -0.3266
vn 0.5976 -0.7065 -0.3792
vn 0.6703 -0.6081 -0.4254
vn 0.7315 -0.4994 -0.4642
vn 0.7802 -0.3822 -0.4951
vn 0.8156 -0.2585 -0.5176
vn 0.8371 -0.1304 -0.5313
vn 0.8090 -0.0000 -0.5878
vn 0.8021 0.1304 -0.5828
vn 0.7815 0.2585 -0.5678
vn 0.7476 0.3822 -0.5432
vn 0.7009 0.4994 -0.5092
vn 0.6422 0.6081 -0.4666
vn 0.5726 0.7065 -0.4160
vn 0.4932 0.7927 -0.3583
vn 0.4053 0.8655 -0.2945
vn 0.3105 0.9234 -0.2256
vn 0.2104 0.9656 -0.1528
vn 0.1066 0.9913 -0.0775
vn 0.0011 1.0000 -0.0008
vn -0.1046 0.9916 0.0760
vn -0.2084 0.9663 0.1514
vn -0.3087 0.9243 0.2243
vn -0.4037 0.8666 0.2933
vn -0.4918 0.7940 0.3573
vn -0.5715 0.7078 0.4152
vn -0.6414 0.6094 0.4660
vn -0.7004 0.5006 0.5088
vn -0.7473 0.3831 0.5429
vn -0.7814 0.2591 0.5677
vn -0.8021 0.1307 0.5827
vn -0.8090 -0.0000 0.5878
vn -0.8021 -0.1307 0.5827
vn -0.7814 -0.2591 0.5677
vn -0.7473 -0.3831 0.5429
vn -0.7004 -0.5006 0.5088
vn -0.6414 -0.6094 0.4660
vn -0.5715 -0.7078 0.4152
vn -0.4918 -0.7940 0.3573
vn -0.4037 -0.8666 0.2933
vn -0.3087 -0.9243 0.2243
vn -0.2084 -0.9663 0.1514
vn -0.1046 -0.9916 0.0760
vn 0.0011 -1.0000 -0.0008
vn 0.1066 -0.9913 -0.0775
vn 0.2104 -0.9656 -0.1528
vn 0.3105 -0.9234 -0.2256
vn 0.4053 -0.8655 -0.2945
vn 0.4932 -0.7927 -0.3583
vn 0.5726 -0.7065 -0.4160
vn 0.6422 -0.6081 -0.4666
vn 0.7009 -0.4994 -0.5092
vn 0.7476 -0.3822 -0.5432
vn 0.7815 -0.2585 -0.5678
vn 0.8021 -0.1304 -0.5828
vn 0.7705 -0.0000 -0.6374
vn 0.7639 0.1304 -0.6320
vn 0.7443 0.2585 -0.6158
vn 0.7120 0.3822 -0.5890
vn 0.6675 0.4994 -0.5522
vn 0.6117 0.6081 -0.5060
vn 0.5453 0.7065 -0.4511
vn 0.4697 0.7927 -0.3886
vn 0.3860 0.8655 -0.3193
vn 0.2957 0.9234 -0.2446
vn 0.2004 0.9656 -0.1658
vn 0.1016 0.9913 -0.0840
vn 0.0010 1.0000 -0.0008
vn -0.0996 0.9916 0.0824
vn -0.1985 0.9663 0.1642
vn -0.2940 0.9243 0.2432
vn -0.3845 0.8666 0.3181
vn -0.4684 0.7940 0.3875
vn -0.5443 0.7078 0.4503
vn -0.6109 0.6094 0.5054
vn -0.6670 0.5006 0.5518
vn -0.7117 0.3831 0.5888
vn -0.7442 0.2591 0.6156
vn -0.7639 0.1307 0.6320
vn -0.7705 -0.0000 0.6374
vn -0.7639 -0.1307 0.6320
vn -0.7442 -0.2591 0.6156
vn -0.7117 -0.3831 0.5888
vn -0.6670 -0.5006 0.5518
vn -0.6109 -0.6094 0.5054
vn -0.5443 -0.7078 0.4503
vn -0.4684 -0.7940 0.3875
vn -0.3845 -0.8666 0.3181
vn -0.2940 -0.9243 0.2432
vn -0.1985 -0.9663 0.1642
vn -0.0996 -0.9916 0.0824
vn 0.0010 -1.0000 -0.0008
vn 0.1016 -0.9913 -0.0840
vn 0.2004 -0.9656 -0.1658
vn 0.2957 -0.9234 -0.2446
vn 0.3860 -0.8655 -0.3193
vn 0.4697 -0.7927 -0.3886
vn 0.5453 -0.7065 -0.4511
vn 0.6117 -0.6081 -0.5060
vn 0.6675 -0.4994 -0.5522
vn 0.7120 -0.3822 -0.5890
vn 0.7443 -0.2585 -0.6158
vn 0.7639 -0.1304 -0.6320
vn 0.7290 -0.0000 -0.6845
vn 0.7227 0.1304 -0.6787
vn 0.7042 0.2585 -0.6613
vn 0.6736 0.3822 -0.6326
vn 0.6315 0.4994 -0.5931
vn 0.5787 0.6081 -0.5434
vn 0.5159 0.7065 -0.4845
vn 0.4444 0.7927 -0.4173
vn 0.3652 0.8655 -0.3429
vn 0.2798 0.9234 -0.2627
vn 0.1896 0.9656 -0.1780
vn 0.0961 0.9913 -0.0902
vn 0.0010 1.0000 -0.0009
vn -0.0942 0.9916 0.0885
vn -0.1878 0.9663 0.1763
vn -0.2781 0.9243 0.2612
vn -0.3638 0.8666 0.3416
vn -0.4432 0.7940 0.4162
vn -0.5150 0.7078 0.4836
vn -0.5780 0.6094 0.5428
vn -0.6311 0.5006 0.5926
vn -0.6733 0.3831 0.6323
vn -0.7041 0.2591 0.6612
vn -0.7227 0.1307 0.6787
vn -0.7290 -0.0000 0.6845
vn -0.7227 -0.1307 0.6787
vn -0.7041 -0.2591 0.6612
vn -0.6733 -0.3831 0.6323
vn -0.6311 -0.5006 0.5926
vn -0.5780 -0.6094 0.5428
vn -0.5150 -0.7078 0.4836
vn -0.4432 -0.7940 0.4162
vn -0.3638 -0.8666 0.3416
vn -0.2781 -0.9243 0.2612
vn -0.1878 -0.9663 0.1763
vn -0.0942 -0.9916 0.0885
vn 0.0010 -1.0000 -0.0009
vn 0.0961 -0.9913 -0.0902
vn 0.1896 -0.9656 -0.1780
vn 0.2798 -0.9234 -0.2627
vn 0.3652 -0.8655 -0.3429
vn 0.4444 -0.7927 -0.4173
vn 0.5159 -0.7065 -0.4845
vn 0.5787 -0.6081 -0.5434
vn 0.6315 -0.4994 -0.5931
vn 0.6736 -0.3822 -0.6326
vn 0.7042 -0.2585 -0.6613
vn 0.7227 -0.1304 -0.6787
vn 0.6845 -0.0000 -0.7290
vn 0.6787 0.1304 -0.7227
vn 0.6613 0.2585 -0.7042
vn 0.6326 0.3822 -0.6736
vn 0.5931 0.4994 -0.6315
vn 0.5434 0.6081 -0.5787
vn 0.4845 0.7065 -0.5159
vn 0.4173 0.7927 -0.4444
vn 0.3429 0.8655 -0.3652
vn 0.2627 0.9234 -0.2798
vn 0.1780 0.9656 -0.1896
vn 0.0902 0.9913 -0.0961
vn 0.0009 1.0000 -0.0010
vn -0.0885 0.9916 0.0942
vn -0.1763 0.9663 0.1878
vn -0.2612 0.9243 0.2782
vn -0.3416 0.8666 0.3638
vn -0.4162 0.7940 0.4432
vn -0.4836 0.7078 0.5150
vn -0.5428 0.6094 0.5780
vn -0.5926 0.5006 0.6311
vn -0.6323 0.3831 0.6733
vn -0.6612 0.2591 0.7041
vn -0.6787 0.1307 0.7227
vn -0.6845 -0.0000 0.7290
vn -0.6787 -0.1307 0.7227
vn -0.6612 -0.2591 0.7041
vn -0.6323 -0.3831 0.6733
vn -0.5926 -0.5006 0.6311
vn -0.5428 -0.6094 0.5780
vn -0.4836 -0.7078 0.5150
vn -0.4162 -0.7940 0.4432
vn -0.3416 -0.8666 0.3638
vn -0.2612 -0.9243 0.2781
vn -0.1763 -0.9663 0.1878
vn -0.0885 -0.9916 0.0942
vn 0.0009 -1.0000 -0.0010
vn 0.0902 -0.9913 -0.0961
vn 0.1780 -0.9656 -0.1896
vn 0.2627 -0.9234 -0.2798
vn 0.3429 -0.8655 -0.3652
vn 0.4173 -0.7927 -0.4444
vn 0.4845 -0.7065 -0.5159
vn 0.5434 -0.6081 -0.5787
vn 0.5931 -0.4994 -0.6315
vn 0.6326 -0.3822 -0.6736
vn 0.6613 -0.2585 -0.7042
vn 0.6787 -0.1304 -0.7227
vn 0.6374 -0.0000 -0.7705
vn 0.6320 0.1304 -0.7639
vn 0.6158 0.2585 -0.7443
vn 0.5890 0.3822 -0.7120
vn 0.5522 0.4994 -0.6675
vn 0.5060 0.6081 -0.6117
vn 0.4511 0.7065 -0.5453
vn 0.3886 0.7927 -0.4697
vn 0.3193 0.8655 -0.3860
vn 0.2446 0.9234 -0.2957
vn 0.1658 0.9656 -0.2004
vn 0.0840 0.9913 -0.1016
vn 0.0008 1.0000 -0.0010
vn -0.0824 0.9916 0.0996
vn -0.1642 0.9663 0.1985
vn -0.2432 0.9243 0.2940
vn -0.3181 0.8666 0.3845
vn -0.3875 0.7940 0.4684
vn -0.4503 0.7078 0.5443
vn -0.5054 0.6094 0.6109
vn -0.5518 0.5006 0.6670
vn -0.5888 0.3831 0.7117
vn -0.6156 0.2591 0.7442
vn -0.6320 0.1307 0.7639
vn -0.6374 -0.0000 0.7705
vn -0.6320 -0.1307 0.7639
vn -0.6156 -0.2591 0.7442
vn -0.5888 -0.3831 0.7117
vn -0.5518 -0.5006 0.6670
vn -0.5054 -0.6094 0.6109
vn -0.4503 -0.7078 0.5443
vn -0.3875 -0.7940 0.4684
vn -0.3181 -0.8666 0.3845
vn -0.2432 -0.9243 0.2940
vn -0.1642 -0.9663 0.1985
vn -0.0824 -0.9916 0.0996
vn 0.0008 -1.0000 -0.0010
vn 0.0840 -0.9913 -0.1016
vn 0.1658 -0.9656 -0.2004
vn 0.2446 -0.9234 -0.2957
vn 0.3193 -0.8655 -0.3860
vn 0.3886 -0.7927 -0.4697
vn 0.4511 -0.7065 -0.5453
vn 0.5060 -0.6081 -0.6117
vn 0.5522 -0.4994 -0.6675
vn 0.5890 -0.3822 -0.7120
vn 0.6158 -0.2585 -0.7443
vn 0.6320 -0.1304 -0.7639
vn 0.5878 -0.0000 -0.8090
vn 0.5828 0.1304 -0.8021
vn 0.5678 0.2585 -0.7815
vn 0.5432 0.3822 -0.7476
vn 0.5092 0.4994 -0.7009
vn 0.4666 0.6081 -0.6422
vn 0.4160 0.7065 -0.5726
vn 0.3583 0.7927 -0.4932
vn 0.2945 0.8655 -0.4053
vn 0.2256 0.9234 -0.3105
vn 0.1528 0.9656 -0.2104
vn 0.0775 0.9913 -0.1066
vn 0.0008 1.0000 -0.0011
vn -0.0760 0.9916 0.1046
vn -0.1514 0.9663 0.2084
vn -0.2243 0.9243 0.3087
vn -0.2933 0.8666 0.4037
vn -0.3573 0.7940 0.4918
vn -0.4152 0.7078 0.5715
vn -0.4660 0.6094 0.6414
vn -0.5088 0.5006 0.7004
vn -0.5429 0.3831 0.7473
vn -0.5677 0.2591 0.7814
vn -0.5827 0.1307 0.8021
vn -0.5878 -0.0000 0.8090
vn -0.5827 -0.1307 0.8021
vn -0.5677 -0.2591 0.7814
vn -0.5429 -0.3831 0.7473
vn -0.5088 -0.5006 0.7004
vn -0.4660 -0.6094 0.6414
vn -0.4152 -0.7078 0.5715
vn -0.3573 -0.7940 0.4918
vn -0.2933 -0.8666 0.4037
vn -0.2243 -0.9243 0.3087
vn -0.1514 -0.9663 0.2084
vn -0.0760 -0.9916 0.1046
vn 0.0008 -1.0000 -0.0011
vn 0.0775 -0.9913 -0.1066
vn 0.1528 -0.9656 -0.2104
vn 0.2256 -0.9234 -0.3105
vn 0.2945 -0.8655 -0.4053
vn 0.3583 -0.7927 -0.4932
vn 0.4160 -0.7065 -0.5726
vn 0.4666 -0.6081 -0.6422
vn 0.5092 -0.4994 -0.7009
vn 0.5432 -0.3822 -0.7476
vn 0.5678 -0.2585 -0.7815
vn 0.5828 -0.1304 -0.8021
vn 0.5358 -0.0000 -0.8443
vn 0.5313 0.1304 -0.8371
vn 0.5176 0.2585 -0.8156
vn 0.4951 0.3822 -0.7802
vn 0.4642 0.4994 -0.7315
vn 0.4254 0.6081 -0.6703
vn 0.3792 0.7065 -0.5976
vn 0.3266 0.7927 -0.5147
vn 0.2684 0.8655 -0.4230
vn 0.2056 0.9234 -0.3241
vn 0.1393 0.9656 -0.2196
vn 0.0706 0.9913 -0.1113
vn 0.0007 1.0000 -0.0011
vn -0.0693 0.9916 0.1091
vn -0.1380 0.9663 0.2175
vn -0.2045 0.9243 0.3222
vn -0.2674 0.8666 0.4213
vn -0.3257 0.7940 0.5133
vn -0.3785 0.7078 0.5965
vn -0.4248 0.6094 0.6694
vn -0.4639 0.5006 0.7309
vn -0.4949 0.3831 0.7799
vn -0.5175 0.2591 0.8155
vn -0.5312 0.1307 0.8371
vn -0.5358 -0.0000 0.8443
vn -0.5312 -0.1307 0.8371
vn -0.5175 -0.2591 0.8155
vn -0.4949 -0.3831 0.7799
vn -0.4639 -0.5006 0.7309
vn -0.4248 -0.6094 0.6694
vn -0.3785 -0.7078 0.5965
vn -0.3257 -0.7940 0.5133
vn -0.2674 -0.8666 0.4213
vn -0.2045 -0.9243 0.3222
vn -0.1380 -0.9663 0.2175
vn -0.0693 -0.9916 0.1091
vn 0.0007 -1.0000 -0.0011
vn 0.0706 -0.9913 -0.1113
vn 0.1393 -0.9656 -0.2196
vn 0.2056 -0.9234 -0.3241
vn 0.2684 -0.8655 -0.4230
vn 0.3266 -0.7927 -0.5147
vn 0.3792 -0.7065 -0.5976
vn 0.4254 -0.6081 -0.6703
vn 0.4642 -0.4994 -0.7315
vn 0.4951 -0.3822 -0.7802
vn 0.5176 -0.2585 -0.8156
vn 0.5313 -0.1304 -0.8371
vn 0.4818 -0.0000 -0.8763
vn 0.4776 0.1304 -0.8688
vn 0.4654 0.2585 -0.8465
vn 0.4452 0.3822 -0.8098
vn 0.4174 0.4994 -0.7592
vn 0.3824 0.6081 -0.6956
vn 0.3410 0.7065 -0.6202
vn 0.2937 0.7927 -0.5342
vn 0.2413 0.8655 -0.4390
vn 0.1849 0.9234 -0.3363
vn 0.1253 0.9656 -0.2279
vn 0.0635 0.9913 -0.1155
vn 0.0006 1.0000 -0.0011
vn -0.0623 0.9916 0.1133
vn -0.1241 0.9663 0.2257
vn -0.1838 0.9243 0.3344
vn -0.2404 0.8666 0.4373
vn -0.2929 0.7940 0.5327
vn -0.3403 0.7078 0.6191
vn -0.3820 0.6094 0.6948
vn -0.4171 0.5006 0.7586
vn -0.4450 0.3831 0.8094
vn -0.4653 0.2591 0.8464
vn -0.4776 0.1307 0.8688
vn -0.4818 -0.0000 0.8763
vn -0.4776 -0.1307 0.8688
vn -0.4653 -0.2591 0.8464
vn -0.4450 -0.3831 0.8094
vn -0.4171 -0.5006 0.7586
vn -0.3820 -0.6094 0.6948
vn -0.3403 -0.7078 0.6191
vn -0.2929 -0.7940 0.5327
vn -0.2404 -0.8666 0.4373
vn -0.1838 -0.9243 0.3344
vn -0.1241 -0.9663 0.2257
vn -0.0623 -0.9916 0.1133
vn 0.0006 -1.0000 -0.0011
vn 0.0635 -0.9913 -0.1155
vn 0.1253 -0.9656 -0.2279
vn 0.1849 -0.9234 -0.3363
vn 0.2413 -0.8655 -0.4390
vn 0.2937 -0.7927 -0.5342
vn 0.3410 -0.7065 -0.6202
vn 0.3824 -0.6081 -0.6956
vn 0.4174 -0.4994 -0.7592
vn 0.4452 -0.3822 -0.8098
vn 0.4654 -0.2585 -0.8465
vn 0.4776 -0.1304 -0.8688
vn 0.4258 -0.0000 -0.9048
vn 0.4221 0.1304 -0.8971
vn 0.4113 0.2585 -0.8741
vn 0.3935 0.3822 -0.8361
vn 0.3689 0.4994 -0.7839
vn 0.3380 0.6081 -0.7183
vn 0.3013 0.7065 -0.6404
vn 0.2595 0.7927 -0.5516
vn 0.2133 0.8655 -0.4533
vn 0.1634 0.9234 -0.3473
vn 0.1107 0.9656 -0.2353
vn 0.0561 0.9913 -0.1193
vn 0.0006 1.0000 -0.0012
vn -0.0550 0.9916 0.1169
vn -0.1097 0.9663 0.2331
vn -0.1625 0.9243 0.3453
vn -0.2125 0.8666 0.4515
vn -0.2588 0.7940 0.5501
vn -0.3008 0.7078 0.6392
vn -0.3376 0.6094 0.7174
vn -0.3686 0.5006 0.7833
vn -0.3933 0.3831 0.8358
vn -0.4112 0.2591 0.8739
vn -0.4221 0.1307 0.8971
vn -0.4258 -0.0000 0.9048
vn -0.4221 -0.1307 0.8971
vn -0.4112 -0.2591 0.8739
vn -0.3933 -0.3831 0.8358
vn -0.3686 -0.5006 0.7833
vn -0.3376 -0.6094 0.7174
vn -0.3008 -0.7078 0.6392
vn -0.2588 -0.7940 0.5501
vn -0.2125 -0.8666 0.4515
vn -0.1625 -0.9243 0.3453
vn -0.1097 -0.9663 0.2331
vn -0.0550 -0.9916 0.1169
vn 0.0006 -1.0000 -0.0012
vn 0.0561 -0.9913 -0.1193
vn 0.1107 -0.9656 -0.2353
vn 0.1634 -0.9234 -0.3473
vn 0.2133 -0.8655 -0.4533
vn 0.2595 -0.7927 -0.5516
vn 0.3013 -0.7065 -0.6404
vn 0.3380 -0.6081 -0.7183
vn 0.3689 -0.4994 -0.7839
vn 0.3934 -0.3822 -0.8361
vn 0.4113 -0.2585 -0.8741
vn 0.4221 -0.1304 -0.8971
vn 0.3681 -0.0000 -0.9298
vn 0.3650 0.1304 -0.9218
vn 0.3556 0.2585 -0.8982
vn 0.3402 0.3822 -0.8592
vn 0.3189 0.4994 -0.8055
vn 0.2922 0.6081 -0.7381
vn 0.2605 0.7065 -0.6581
vn 0.2244 0.7927 -0.5668
vn 0.1844 0.8655 -0.4658
vn 0.1413 0.9234 -0.3568
vn 0.0957 0.9656 -0.2418
vn 0.0485 0.9913 -0.1226
vn 0.0005 1.0000 -0.0012
vn -0.0476 0.9916 0.1202
vn -0.0948 0.9663 0.2395
vn -0.1405 0.9243 0.3548
vn -0.1837 0.8666 0.4640
vn -0.2238 0.7940 0.5652
vn -0.2601 0.7078 0.6568
vn -0.2919 0.6094 0.7372
vn -0.3187 0.5006 0.8049
vn -0.3400 0.3831 0.8588
vn -0.3555 0.2591 0.8980
vn -0.3650 0.1307 0.9218
vn -0.3681 -0.0000 0.9298
vn -0.3650 -0.1307 0.9218
vn -0.3555 -0.2591 0.8980
vn -0.3400 -0.3831 0.8588
vn -0.3187 -0.5006 0.8049
vn -0.2919 -0.6094 0.7372
vn -0.2601 -0.7078 0.6568
vn -0.2238 -0.7940 0.5652
vn -0.1837 -0.8666 0.4640
vn -0.1405 -0.9243 0.3548
vn -0.0948 -0.9663 0.2395
vn -0.0476 -0.9916 0.1202
vn 0.0005 -1.0000 -0.0012
vn 0.0485 -0.9913 -0.1226
vn 0.0957 -0.9656 -0.2418
vn 0.1413 -0.9234 -0.3568
vn 0.1844 -0.8655 -0.4658
vn 0.2244 -0.7927 -0.5668
vn 0.2605 -0.7065 -0.6581
vn 0.2922 -0.6081 -0.7381
vn 0.3189 -0.4994 -0.8055
vn 0.3402 -0.3822 -0.8592
vn 0.3556 -0.2585 -0.8982
vn 0.3650 -0.1304 -0.9218
vn 0.3090 -0.0000 -0.9511
vn 0.3064 0.1304 -0.9429
vn 0.2985 0.2585 -0.9187
vn 0.2856 0.3822 -0.8788
vn 0.2677 0.4994 -0.8239
vn 0.2453 0.6081 -0.7550
vn 0.2187 0.7065 -0.6731
vn 0.1884 0.7927 -0.5797
vn 0.1548 0.8655 -0.4765
vn 0.1186 0.9234 -0.3650
vn 0.0804 0.9656 -0.2473
vn 0.0407 0.9913 -0.1254
vn 0.0004 1.0000 -0.0012
vn -0.0399 0.9916 0.1229
vn -0.0796 0.9663 0.2450
vn -0.1179 0.9243 0.3629
vn -0.1542 0.8666 0.4746
vn -0.1879 0.7940 0.5782
vn -0.2183 0.7078 0.6719
vn -0.2450 0.6094 0.7541
vn -0.2675 0.5006 0.8233
vn -0.2854 0.3831 0.8785
vn -0.2985 0.2591 0.9186
vn -0.3064 0.1307 0.9429
vn -0.3090 -0.0000 0.9511
vn -0.3064 -0.1307 0.9429
vn -0.2985 -0.2591 0.9186
vn -0.2854 -0.3831 0.8785
vn -0.2675 -0.5006 0.8233
vn -0.2450 -0.6094 0.7541
vn -0.2183 -0.7078 0.6719
vn -0.1879 -0.7940 0.5782
vn -0.1542 -0.8666 0.4746
vn -0.1179 -0.9243 0.3629
vn -0.0796 -0.9663 0.2450
vn -0.0399 -0.9916 0.1229
vn 0.0004 -1.0000 -0.0012
vn 0.0407 -0.9913 -0.1254
vn 0.0804 -0.9656 -0.2473
vn 0.1186 -0.9234 -0.3650
vn 0.1548 -0.8655 -0.4765
vn 0.1884 -0.7927 -0.5797
vn 0.2187 -0.7065 -0.6731
vn 0.2453 -0.6081 -0.7550
vn 0.2677 -0.4994 -0.8239
vn 0.2856 -0.3822 -0.8788
vn 0.2985 -0.2585 -0.9187
vn 0.3064 -0.1304 -0.9429
vn 0.2487 -0.0000 -0.9686
vn 0.2466 0.1304 -0.9603
vn 0.2402 0.2585 -0.9357
vn 0.2298 0.3822 -0.8950
vn 0.2155 0.4994 -0.8391
vn 0.1974 0.6081 -0.7689
vn 0.1760 0.7065 -0.6855
vn 0.1516 0.7927 -0.5904
vn 0.1246 0.8655 -0.4852
vn 0.0954 0.9234 -0.3717
vn 0.0647 0.9656 -0.2519
vn 0.0328 0.9913 -0.1277
vn 0.0003 1.0000 -0.0013
vn -0.0321 0.9916 0.1252
vn -0.0641 0.9663 0.2495
vn -0.0949 0.9243 0.3696
vn -0.1241 0.8666 0.4833
vn -0.1512 0.7940 0.5888
vn -0.1757 0.7078 0.6843
vn -0.1972 0.6094 0.7680
vn -0.2153 0.5006 0.8385
vn -0.2297 0.3831 0.8947
vn -0.2402 0.2591 0.9355
vn -0.2466 0.1307 0.9603
vn -0.2487 -0.0000 0.9686
vn -0.2466 -0.1307 0.9603
vn -0.2402 -0.2591 0.9355
vn -0.2297 -0.3831 0.8947
vn -0.2153 -0.5006 0.8385
vn -0.1972 -0.6094 0.7680
vn -0.1757 -0.7078 0.6843
vn -0.1512 -0.7940 0.5888
vn -0.1241 -0.8666 0.4833
vn -0.0949 -0.9243 0.3696
vn -0.0641 -0.9663 0.2495
vn -0.0321 -0.9916 0.1252
vn 0.0003 -1.0000 -0.0013
vn 0.0328 -0.9913 -0.1277
vn 0.0647 -0.9656 -0.2519
vn 0.0954 -0.9234 -0.3717
vn 0.1246 -0.8655 -0.4852
vn 0.1516 -0.7927 -0.5904
vn 0.1760 -0.7065 -0.6855
vn 0.1974 -0.6081 -0.7689
vn 0.2155 -0.4994 -0.8391
vn 0.2298 -0.3822 -0.8950
vn 0.2402 -0.2585 -0.9357
vn 0.2466 -0.1304 -0.9603
vn 0.1874 -0.0000 -0.9823
vn 0.1858 0.1304 -0.9739
vn 0.1810 0.2585 -0.9489
vn 0.1732 0.3822 -0.9077
vn 0.1623 0.4994 -0.8510
vn 0.1488 0.6081 -0.7798
vn 0.1326 0.7065 -0.6952
vn 0.1142 0.7927 -0.5988
vn 0.0939 0.8655 -0.4921
vn 0.0719 0.9234 -0.3770
vn 0.0487 0.9656 -0.2554
vn 0.0247 0.9913 -0.1295
vn 0.0002 1.0000 -0.0013
vn -0.0242 0.9916 0.1270
vn -0.0483 0.9663 0.2530
vn -0.0715 0.9243 0.3748
vn -0.0935 0.8666 0.4902
vn -0.1139 0.7940 0.5972
vn -0.1324 0.7078 0.6939
vn -0.1486 0.6094 0.7788
vn -0.1622 0.5006 0.8504
vn -0.1731 0.3831 0.9073
vn -0.1810 0.2591 0.9487
vn -0.1858 0.1307 0.9739
vn -0.1874 -0.0000 0.9823
vn -0.1858 -0.1307 0.9739
vn -0.1810 -0.2591 0.9487
vn -0.1731 -0.3831 0.9073
vn -0.1622 -0.5006 0.8504
vn -0.1486 -0.6094 0.7788
vn -0.1324 -0.7078 0.6939
vn -0.1139 -0.7940 0.5972
vn -0.0935 -0.8666 0.4902
vn -0.0715 -0.9243 0.3748
vn -0.0483 -0.9663 0.2530
vn -0.0242 -0.9916 0.1270
vn 0.0002 -1.0000 -0.0013
vn 0.0247 -0.9913 -0.1295
vn 0.0487 -0.9656 -0.2554
vn 0.0719 -0.9234 -0.3770
vn 0.0939 -0.8655 -0.4921
vn 0.1142 -0.7927 -0.5988
vn 0.1326 -0.7065 -0.6952
vn 0.1488 -0.6081 -0.7798
vn 0.1623 -0.4994 -0.8510
vn 0.1732 -0.3822 -0.9077
vn 0.1810 -0.2585 -0.9489
vn 0.1858 -0.1304 -0.9739
vn 0.1253 -0.0000 -0.9921
vn 0.1243 0.1304 -0.9836
vn 0.1211 0.2585 -0.9584
vn 0.1158 0.3822 -0.9168
vn 0.1086 0.4994 -0.8595
vn 0.0995 0.6081 -0.7876
vn 0.0887 0.7065 -0.7022
vn 0.0764 0.7927 -0.6048
vn 0.0628 0.8655 -0.4970
vn 0.0481 0.9234 -0.3808
vn 0.0326 0.9656 -0.2580
vn 0.0165 0.9913 -0.1308
vn -0.0162 0.9916 0.1282
vn -0.0323 0.9663 0.2556
vn -0.0478 0.9243 0.3786
vn -0.0625 0.8666 0.4951
vn -0.0762 0.7940 0.6031
vn -0.0885 0.7078 0.7009
vn -0.0994 0.6094 0.7866
vn -0.1085 0.5006 0.8589
vn -0.1158 0.3831 0.9164
vn -0.1211 0.2591 0.9582
vn -0.1243 0.1307 0.9836
vn -0.1253 -0.0000 0.9921
vn -0.1243 -0.1307 0.9836
vn -0.1211 -0.2591 0.9582
vn -0.1158 -0.3831 0.9164
vn -0.1085 -0.5006 0.8589
vn -0.0994 -0.6094 0.7866
vn -0.0885 -0.7078 0.7009
vn -0.0762 -0.7940 0.6031
vn -0.0625 -0.8666 0.4951
vn -0.0478 -0.9243 0.3786
vn -0.0323 -0.9663 0.2556
vn -0.0162 -0.9916 0.1282
vn 0.0165 -0.9913 -0.1308
vn 0.0326 -0.9656 -0.2580
vn 0.0481 -0.9234 -0.3808
vn 0.0628 -0.8655 -0.4970
vn 0.0764 -0.7927 -0.6048
vn 0.0887 -0.7065 -0.7022
vn 0.0995 -0.6081 -0.7876
vn 0.1086 -0.4994 -0.8595
vn 0.1158 -0.3822 -0.9168
vn 0.1211 -0.2585 -0.9584
vn 0.1243 -0.1304 -0.9836
vn 0.0628 -0.0000 -0.9980
vn 0.0623 0.1304 -0.9895
vn 0.0607 0.2585 -0.9641
vn 0.0580 0.3822 -0.9222
vn 0.0544 0.4994 -0.8646
vn 0.0498 0.6081 -0.7923
vn 0.0444 0.7065 -0.7064
vn 0.0383 0.7927 -0.6084
vn 0.0315 0.8655 -0.5000
vn 0.0241 0.9234 -0.3830
vn 0.0163 0.9656 -0.2595
vn 0.0083 0.9913 -0.1316
vn 0.0001 1.0000 -0.0013
vn -0.0081 0.9916 0.1290
vn -0.0162 0.9663 0.2571
vn -0.0240 0.9243 0.3808
vn -0.0313 0.8666 0.4980
vn -0.0382 0.7940 0.6067
vn -0.0444 0.7078 0.7051
vn -0.0498 0.6094 0.7913
vn -0.0544 0.5006 0.8640
vn -0.0580 0.3831 0.9219
vn -0.0606 0.2591 0.9639
vn -0.0623 0.1307 0.9895
vn -0.0628 -0.0000 0.9980
vn -0.0623 -0.1307 0.9895
vn -0.0606 -0.2591 0.9639
vn -0.0580 -0.3831 0.9219
vn -0.0544 -0.5006 0.8640
vn -0.0498 -0.6094 0.7913
vn -0.0444 -0.7078 0.7051
vn -0.0382 -0.7940 0.6067
vn -0.0313 -0.8666 0.4980
vn -0.0240 -0.9243 0.3808
vn -0.0162 -0.9663 0.2571
vn -0.0081 -0.9916 0.1290
vn 0.0001 -1.0000 -0.0013
vn 0.0083 -0.9913 -0.1316
vn 0.0163 -0.9656 -0.2595
vn 0.0241 -0.9234 -0.3830
vn 0.0315 -0.8655 -0.5000
vn 0.0383 -0.7927 -0.6084
vn 0.0444 -0.7065 -0.7064
vn 0.0498 -0.6081 -0.7923
vn 0.0544 -0.4994 -0.8646
vn 0.0580 -0.3822 -0.9222
vn 0.0607 -0.2585 -0.9641
vn 0.0623 -0.1304 -0.9895
vn -0.0000 -0.0000 -1.0000
vn -0.0000 0.1304 -0.9915
vn -0.0000 0.2585 -0.9660
vn -0.0000 0.3822 -0.9241
vn -0.0000 0.4994 -0.8664
vn -0.0000 0.6081 -0.7938
vn -0.0000 0.7065 -0.7078
vn -0.0000 0.7927 -0.6096
vn -0.0000 0.8655 -0.5010
vn -0.0000 0.9234 -0.3838
vn -0.0000 0.9656 -0.2600
vn -0.0000 0.9913 -0.1318
vn -0.0000 1.0000 -0.0013
vn -0.0000 0.9916 0.1292
vn -0.0000 0.9663 0.2576
vn -0.0000 0.9243 0.3816
vn -0.0000 0.8666 0.4990
vn -0.0000 0.7940 0.6079
vn -0.0000 0.7078 0.7065
vn -0.0000 0.6094 0.7929
vn -0.0000 0.5006 0.8657
vn -0.0000 0.3831 0.9237
vn -0.0000 0.2591 0.9658
vn -0.0000 0.1307 0.9914
vn -0.0000 -0.0000 1.0000
vn -0.0000 -0.1307 0.9914
vn -0.0000 -0.2591 0.9658
vn -0.0000 -0.3831 0.9237
vn -0.0000 -0.5006 0.8657
vn -0.0000 -0.6094 0.7929
vn -0.0000 -0.7078 0.7065
vn -0.0000 -0.7940 0.6079
vn -0.0000 -0.8666 0.4990
vn -0.0000 -0.9243 0.3816
vn -0.0000 -0.9663 0.2576
vn -0.0000 -0.9916 0.1292
vn -0.0000 -1.0000 -0.0013
vn -0.0000 -0.9913 -0.1318
vn -0.0000 -0.9656 -0.2600
vn -0.0000 -0.9234 -0.3838
vn -0.0000 -0.8655 -0.5010
vn -0.0000 -0.7927 -0.6096
vn -0.0000 -0.7065 -0.7078
vn -0.0000 -0.6081 -0.7938
vn -0.0000 -0.4994 -0.8664
vn -0.0000 -0.3822 -0.9241
vn -0.0000 -0.2585 -0.9660
vn -0.0000 -0.1304 -0.9915
vn -0.0628 -0.0000 -0.9980
vn -0.0623 0.1304 -0.9895
vn -0.0607 0.2585 -0.9641
vn -0.0580 0.3822 -0.9222
vn -0.0544 0.4994 -0.8646
vn -0.0498 0.6081 -0.7923
vn -0.0444 0.7065 -0.7064
vn -0.0383 0.7927 -0.6084
vn -0.0315 0.8655 -0.5000
vn -0.0241 0.9234 -0.3830
vn -0.0163 0.9656 -0.2595
vn -0.0083 0.9913 -0.1316
vn -0.0001 1.0000 -0.0013
vn 0.0081 0.9916 0.1290
vn 0.0162 0.9663 0.2571
vn 0.0240 0.9243 0.3808
vn 0.0313 0.8666 0.4980
vn 0.0382 0.7940 0.6067
vn 0.0444 0.7078 0.7051
vn 0.0498 0.6094 0.7913
vn 0.0544 0.5006 0.8640
vn 0.0580 0.3831 0.9219
vn 0.0606 0.2591 0.9639
vn 0.0623 0.1307 0.9895
vn 0.0628 -0.0000 0.9980
vn 0.0623 -0.1307 0.9895
vn 0.0606 -0.2591 0.9639
vn 0.0580 -0.3831 0.9219
vn 0.0544 -0.5006 0.8640
vn 0.0498 -0.6094 0.7913
vn 0.0444 -0.7078 0.7051
vn 0.0382 -0.7940 0.6067
vn 0.0313 -0.8666 0.4980
vn 0.0240 -0.9243 0.3808
vn 0.0162 -0.9663 0.2571
vn 0.0081 -0.9916 0.1290
vn -0.0001 -1.0000 -0.0013
vn -0.0083 -0.9913 -0.1316
vn -0.0163 -0.9656 -0.2595
vn -0.0241 -0.9234 -0.3830
vn -0.0315 -0.8655 -0.5000
vn -0.0383 -0.7927 -0.6084
vn -0.0444 -0.7065 -0.7064
vn -0.0498 -0.6081 -0.7923
vn -0.0544 -0.4994 -0.8646
vn -0.0580 -0.3822 -0.9222
vn -0.0607 -0.2585 -0.9641
vn -0.0623 -0.1304 -0.9895
vn -0.1253 -0.0000 -0.9921
vn -0.1243 0.1304 -0.9836
vn -0.1211 0.2585 -0.9584
vn -0.1158 0.3822 -0.9168
vn -0.1086 0.4994 -0.8595
vn -0.0995 0.6081 -0.7876
vn -0.0887 0.7065 -0.7022
vn -0.0764 0.7927 -0.6048
vn -0.0628 0.8655 -0.4970
vn -0.0481 0.9234 -0.3808
vn -0.0326 0.9656 -0.2580
vn -0.0165 0.9913 -0.1308
vn -0.0002 1.0000 -0.0013
vn 0.0162 0.9916 0.1282
vn 0.0323 0.9663 0.2556
vn 0.0478 0.9243 0.3786
vn 0.0625 0.8666 0.4951
vn 0.0762 0.7940 0.6031
vn 0.0885 0.7078 0.7009
vn 0.0994 0.6094 0.7866
vn 0.1085 0.5006 0.8589
vn 0.1158 0.3831 0.9164
vn 0.1211 0.2591 0.9582
vn 0.1243 0.1307 0.9836
vn 0.1253 -0.0000 0.9921
vn 0.1243 -0.1307 0.9836
vn 0.1211 -0.2591 0.9582
vn 0.1158 -0.3831 0.9164
vn 0.1085 -0.5006 0.8589
vn 0.0994 -0.6094 0.7866
vn 0.0885 -0.7078 0.7009
vn 0.0762 -0.7940 0.6031
vn 0.0625 -0.8666 0.4951
vn 0.0478 -0.9243 0.3786
vn 0.0323 -0.9663 0.2556
vn 0.0162 -0.9916 0.1282
vn -0.0002 -1.0000 -0.0013
vn -0.0165 -0.9913 -0.1308
vn -0.0326 -0.9656 -0.2580
vn -0.0481 -0.9234 -0.3808
vn -0.0628 -0.8655 -0.4970
vn -0.0764 -0.7927 -0.6048
vn -0.0887 -0.7065 -0.7022
vn -0.0995 -0.6081 -0.7876
vn -0.1086 -0.4994 -0.8595
vn -0.1158 -0.3822 -0.9168
vn -0.1211 -0.2585 -0.9584
vn -0.1243 -0.1304 -0.9836
vn -0.1874 -0.0000 -0.9823
vn -0.1858 0.1304 -0.9739
vn -0.1810 0.2585 -0.9489
vn -0.1732 0.3822 -0.9077
vn -0.1623 0.4994 -0.8510
vn -0.1488 0.6081 -0.7798
vn -0.1326 0.7065 -0.6952
vn -0.1142 0.7927 -0.5988
vn -0.0939 0.8655 -0.4921
vn -0.0719 0.9234 -0.3770
vn -0.0487 0.9656 -0.2554
vn -0.0247 0.9913 -0.1295
vn 0.0242 0.9916 0.1270
vn 0.0483 0.9663 0.2530
vn 0.0715 0.9243 0.3748
vn 0.0935 0.8666 0.4902
vn 0.1139 0.7940 0.5972
vn 0.1324 0.7078 0.6939
vn 0.1486 0.6094 0.7788
vn 0.1622 0.5006 0.8504
vn 0.1731 0.3831 0.9073
vn 0.1810 0.2591 0.9487
vn 0.1858 0.1307 0.9739
vn 0.1874 -0.0000 0.9823
vn 0.1858 -0.1307 0.9739
vn 0.1810 -0.2591 0.9487
vn 0.1731 -0.3831 0.9073
vn 0.1622 -0.5006 0.8504
vn 0.1486 -0.6094 0.7788
vn 0.1324 -0.7078 0.6939
vn 0.1139 -0.7940 0.5972
vn 0.0935 -0.8666 0.4902
vn 0.0715 -0.9243 0.3748
vn 0.0483 -0.9663 0.2530
vn 0.0242 -0.9916 0.1270
vn -0.0247 -0.9913 -0.1295
vn -0.0487 -0.9656 -0.2554
vn -0.0719 -0.9234 -0.3770
vn -0.0939 -0.8655 -0.4921
vn -0.1142 -0.7927 -0.5988
vn -0.1326 -0.7065 -0.6952
vn -0.1487 -0.6081 -0.7798
vn -0.1623 -0.4994 -0.8510
vn -0.1732 -0.3822 -0.9077
vn -0.1810 -0.2585 -0.9489
vn -0.1858 -0.1304 -0.9739
vn -0.2487 -0.0000 -0.9686
vn -0.2466 0.1304 -0.9603
vn -0.2402 0.2585 -0.9357
vn -0.2298 0.3822 -0.8950
vn -0.2155 0.4994 -0.8391
vn -0.1974 0.6081 -0.7689
vn -0.1760 0.7065 -0.6855
vn -0.1516 0.7927 -0.5904
vn -0.1246 0.8655 -0.4852
vn -0.0954 0.9234 -0.3717
vn -0.0647 0.9656 -0.2519
vn -0.0328 0.9913 -0.1277
vn -0.0003 1.0000 -0.0013
vn 0.0321 0.9916 0.1252
vn 0.0641 0.9663 0.2495
vn 0.0949 0.9243 0.3696
vn 0.1241 0.8666 0.4833
vn 0.1512 0.7940 0.5888
vn 0.1757 0.7078 0.6843
vn 0.1972 0.6094 0.7680
vn 0.2153 0.5006 0.8385
vn 0.2297 0.3831 0.8947
vn 0.2402 0.2591 0.9355
vn 0.2466 0.1307 0.9603
vn 0.2487 -0.0000 0.9686
vn 0.2466 -0.1307 0.9603
vn 0.2402 -0.2591 0.9355
vn 0.2297 -0.3831 0.8947
vn 0.2153 -0.5006 0.8385
vn 0.1972 -0.6094 0.7680
vn 0.1757 -0.7078 0.6843
vn 0.1512 -0.7940 0.5888
vn 0.1241 -0.8666 0.4833
vn 0.0949 -0.9243 0.3696
vn 0.0641 -0.9663 0.2495
vn 0.0321 -0.9916 0.1252
vn -0.0003 -1.0000 -0.0013
vn -0.0328 -0.9913 -0.1277
vn -0.0647 -0.9656 -0.2519
vn -0.0954 -0.9234 -0.3717
vn -0.1246 -0.8655 -0.4852
vn -0.1516 -0.7927 -0.5904
vn -0.1760 -0.7065 -0.6855
vn -0.1974 -0.6081 -0.7689
vn -0.2155 -0.4994 -0.8391
vn -0.2298 -0.3822 -0.8950
vn -0.2402 -0.2585 -0.9357
vn -0.2466 -0.1304 -0.9603
vn -0.3090 -0.0000 -0.9511
vn -0.3064 0.1304 -0.9429
vn -0.2985 0.2585 -0.9187
vn -0.2856 0.3822 -0.8788
vn -0.2677 0.4994 -0.8239
vn -0.2453 0.6081 -0.7550
vn -0.2187 0.7065 -0.6731
vn -0.1884 0.7927 -0.5797
vn -0.1548 0.8655 -0.4765
vn -0.1186 0.9234 -0.3650
vn -0.0804 0.9656 -0.2473
vn -0.0407 0.9913 -0.1254
vn -0.0004 1.0000 -0.0012
vn 0.0399 0.9916 0.1229
vn 0.0796 0.9663 0.2450
vn 0.1179 0.9243 0.3629
vn 0.1542 0.8666 0.4746
vn 0.1879 0.7940 0.5782
vn 0.2183 0.7078 0.6719
vn 0.2450 0.6094 0.7541
vn 0.2675 0.5006 0.8233
vn 0.2854 0.3831 0.8785
vn 0.2985 0.2591 0.9186
vn 0.3064 0.1307 0.9429
vn 0.3090 -0.0000 0.9511
vn 0.3064 -0.1307 0.9429
vn 0.2985 -0.2591 0.9186
vn 0.2854 -0.3831 0.8785
vn 0.2675 -0.5006 0.8233
vn 0.2450 -0.6094 0.7541
vn 0.2183 -0.7078 0.6719
vn 0.1879 -0.7940 0.5782
vn 0.1542 -0.8666 0.4746
vn 0.1179 -0.9243 0.3629
vn 0.0796 -0.9663 0.2450
vn 0.0399 -0.9916 0.1229
vn -0.0004 -1.0000 -0.0012
vn -0.0407 -0.9913 -0.1254
vn -0.0804 -0.9656 -0.2473
vn -0.1186 -0.9234 -0.3650
vn -0.1548 -0.8655 -0.4765
vn -0.1884 -0.7927 -0.5797
vn -0.2187 -0.7065 -0.6731
vn -0.2453 -0.6081 -0.7550
vn -0.2677 -0.4994 -0.8239
vn -0.2856 -0.3822 -0.8788
vn -0.2985 -0.2585 -0.9187
vn -0.3064 -0.1304 -0.9429
vn -0.3681 -0.0000 -0.9298
vn -0.3650 0.1304 -0.9218
vn -0.3556 0.2585 -0.8982
vn -0.3402 0.3822 -0.8592
vn -0.3189 0.4994 -0.8055
vn -0.2922 0.6081 -0.7381
vn -0.2605 0.7065 -0.6581
vn -0.2244 0.7927 -0.5668
vn -0.1844 0.8655 -0.4658
vn -0.1413 0.9234 -0.3568
vn -0.0957 0.9656 -0.2418
vn -0.0485 0.9913 -0.1226
vn -0.0005 1.0000 -0.0012
vn 0.0476 0.9916 0.1202
vn 0.0948 0.9663 0.2395
vn 0.1405 0.9243 0.3548
vn 0.1837 0.8666 0.4640
vn 0.2238 0.7940 0.5652
vn 0.2601 0.7078 0.6568
vn 0.2919 0.6094 0.7372
vn 0.3187 0.5006 0.8049
vn 0.3400 0.3831 0.8588
vn 0.3555 0.2591 0.8980
vn 0.3650 0.1307 0.9218
vn 0.3681 -0.0000 0.9298
vn 0.3650 -0.1307 0.9218
vn 0.3555 -0.2591 0.8980
vn 0.3400 -0.3831 0.8588
vn 0.3187 -0.5006 0.8049
vn 0.2919 -0.6094 0.7372
vn 0.2601 -0.7078 0.6568
vn 0.2238 -0.7940 0.5652
vn 0.1837 -0.8666 0.4640
vn 0.1405 -0.9243 0.3548
vn 0.0948 -0.9663 0.2395
vn 0.0476 -0.9916 0.1202
vn -0.0005 -1.0000 -0.0012
vn -0.0485 -0.9913 -0.1226
vn -0.0957 -0.9656 -0.2418
vn -0.1413 -0.9234 -0.3568
vn -0.1844 -0.8655 -0.4658
vn -0.2244 -0.7927 -0.5668
vn -0.2605 -0.7065 -0.6581
vn -0.2922 -0.6081 -0.7381
vn -0.3189 -0.4994 -0.8055
vn -0.3402 -0.3822 -0.8592
vn -0.3556 -0.2585 -0.8982
vn -0.3650 -0.1304 -0.9218
vn -0.4258 -0.0000 -0.9048
vn -0.4221 0.1304 -0.8971
vn -0.4113 0.2585 -0.8741
vn -0.3934 0.3822 -0.8361
vn -0.3689 0.4994 -0.7839
vn -0.3380 0.6081 -0.7183
vn -0.3013 0.7065 -0.6404
vn -0.2595 0.7927 -0.5516
vn -0.2133 0.8655 -0.4533
vn -0.1634 0.9234 -0.3473
vn -0.1107 0.9656 -0.2353
vn -0.0561 0.9913 -0.1193
vn -0.0006 1.0000 -0.0012
vn 0.0550 0.9916 0.1169
vn 0.1097 0.9663 0.2331
vn 0.1625 0.9243 0.3453
vn 0.2125 0.8666 0.4515
vn 0.2588 0.7940 0.5501
vn 0.3008 0.7078 0.6392
vn 0.3376 0.6094 0.7174
vn 0.3686 0.5006 0.7833
vn 0.3933 0.3831 0.8358
vn 0.4112 0.2591 0.8739
vn 0.4221 0.1307 0.8971
vn 0.4258 -0.0000 0.9048
vn 0.4221 -0.1307 0.8971
vn 0.4112 -0.2591 0.8739
vn 0.3933 -0.3831 0.8358
vn 0.3686 -0.5006 0.7833
vn 0.3376 -0.6094 0.7174
vn 0.3008 -0.7078 0.6392
vn 0.2588 -0.7940 0.5501
vn 0.2125 -0.8666 0.4515
vn 0.1625 -0.9243 0.3453
vn 0.1097 -0.9663 0.2331
vn 0.0550 -0.9916 0.1169
vn -0.0006 -1.0000 -0.0012
vn -0.0561 -0.9913 -0.1193
vn -0.1107 -0.9656 -0.2353
vn -0.1634 -0.9234 -0.3473
vn -0.2133 -0.8655 -0.4533
vn -0.2595 -0.7927 -0.5516
vn -0.3013 -0.7065 -0.6404
vn -0.3380 -0.6081 -0.7183
vn -0.3689 -0.4994 -0.7839
vn -0.3934 -0.3822 -0.8361
vn -0.4113 -0.2585 -0.8741
vn -0.4221 -0.1304 -0.8971
vn -0.4818 -0.0000 -0.8763
vn -0.4776 0.1304 -0.8688
vn -0.4654 0.2585 -0.8465
vn -0.4452 0.3822 -0.8098
vn -0.4174 0.4994 -0.7592
vn -0.3824 0.6081 -0.6956
vn -0.3410 0.7065 -0.6202
vn -0.2937 0.7927 -0.5342
vn -0.2413 0.8655 -0.4390
vn -0.1849 0.9234 -0.3363
vn -0.1253 0.9656 -0.2279
vn -0.0635 0.9913 -0.1155
vn -0.0006 1.0000 -0.0011
vn 0.0623 0.9916 0.1133
vn 0.1241 0.9663 0.2257
vn 0.1838 0.9243 0.3344
vn 0.2404 0.8666 0.4373
vn 0.2929 0.7940 0.5327
vn 0.3403 0.7078 0.6191
vn 0.3820 0.6094 0.6948
vn 0.4171 0.5006 0.7586
vn 0.4450 0.3831 0.8094
vn 0.4653 0.2591 0.8464
vn 0.4776 0.1307 0.8688
vn 0.4818 -0.0000 0.8763
vn 0.4776 -0.1307 0.8688
vn 0.4653 -0.2591 0.8464
vn 0.4450 -0.3831 0.8094
vn 0.4171 -0.5006 0.7586
vn 0.3820 -0.6094 0.6948
vn 0.3403 -0.7078 0.6191
vn 0.2929 -0.7940 0.5327
vn 0.2404 -0.8666 0.4373
vn 0.1838 -0.9243 0.3344
vn 0.1241 -0.9663 0.2257
vn 0.0623 -0.9916 0.1133
vn -0.0006 -1.0000 -0.0011
vn -0.0635 -0.9913 -0.1155
vn -0.1253 -0.9656 -0.2279
vn -0.1849 -0.9234 -0.3363
vn -0.2413 -0.8655 -0.4390
vn -0.2937 -0.7927 -0.5342
vn -0.3410 -0.7065 -0.6202
vn -0.3824 -0.6081 -0.6956
vn -0.4174 -0.4994 -0.7592
vn -0.4452 -0.3822 -0.8098
vn -0.4654 -0.2585 -0.8465
vn -0.4776 -0.1304 -0.8688
vn -0.5358 -0.0000 -0.8443
vn -0.5313 0.1304 -0.8371
vn -0.5176 0.2585 -0.8156
vn -0.4951 0.3822 -0.7802
vn -0.4642 0.4994 -0.7315
vn -0.4254 0.6081 -0.6703
vn -0.3792 0.7065 -0.5976
vn -0.3266 0.7927 -0.5147
vn -0.2684 0.8655 -0.4230
vn -0.2056 0.9234 -0.3241
vn -0.1393 0.9656 -0.2196
vn -0.0706 0.9913 -0.1113
vn -0.0007 1.0000 -0.0011
vn 0.0693 0.9916 0.1091
vn 0.1380 0.9663 0.2175
vn 0.2045 0.9243 0.3222
vn 0.2674 0.8666 0.4213
vn 0.3257 0.7940 0.5133
vn 0.3785 0.7078 0.5965
vn 0.4248 0.6094 0.6694
vn 0.4639 0.5006 0.7309
vn 0.4949 0.3831 0.7799
vn 0.5175 0.2591 0.8155
vn 0.5312 0.1307 0.8371
vn 0.5358 -0.0000 0.8443
vn 0.5312 -0.1307 0.8371
vn 0.5175 -0.2591 0.8155
vn 0.4949 -0.3831 0.7799
vn 0.4639 -0.5006 0.7309
vn 0.4248 -0.6094 0.6694
vn 0.3785 -0.7078 0.5965
vn 0.3257 -0.7940 0.5133
vn 0.2674 -0.8666 0.4213
vn 0.2045 -0.9243 0.3222
vn 0.1380 -0.9663 0.2175
vn 0.0693 -0.9916 0.1091
vn -0.0007 -1.0000 -0.0011
vn -0.0706 -0.9913 -0.1113
vn -0.1393 -0.9656 -0.2196
vn -0.2056 -0.9234 -0.3241
vn -0.2684 -0.8655 -0.4230
vn -0.3266 -0.7927 -0.5147
vn -0.3792 -0.7065 -0.5976
vn -0.4254 -0.6081 -0.6703
vn -0.4642 -0.4994 -0.7315
vn -0.4951 -0.3822 -0.7802
vn -0.5176 -0.2585 -0.8156
vn -0.5313 -0.1304 -0.8371
vn -0.5878 -0.0000 -0.8090
vn -0.5828 0.1304 -0.8021
vn -0.5678 0.2585 -0.7815
vn -0.5432 0.3822 -0.7476
vn -0.5092 0.4994 -0.7009
vn -0.4666 0.6081 -0.6422
vn -0.4160 0.7065 -0.5726
vn -0.3583 0.7927 -0.4932
vn -0.2945 0.8655 -0.4053
vn -0.2256 0.9234 -0.3105
vn -0.1528 0.9656 -0.2104
vn -0.0775 0.9913 -0.1066
vn -0.0008 1.0000 -0.0011
vn 0.0760 0.9916 0.1046
vn 0.1514 0.9663 0.2084
vn 0.2243 0.9243 0.3087
vn 0.2933 0.8666 0.4037
vn 0.3573 0.7940 0.4918
vn 0.4152 0.7078 0.5715
vn 0.4660 0.6094 0.6414
vn 0.5088 0.5006 0.7004
vn 0.5429 0.3831 0.7473
vn 0.5677 0.2591 0.7814
vn 0.5827 0.1307 0.8021
vn 0.5878 -0.0000 0.8090
vn 0.5827 -0.1307 0.8021
vn 0.5677 -0.2591 0.7814
vn 0.5429 -0.3831 0.7473
vn 0.5088 -0.5006 0.7004
vn 0.4660 -0.6094 0.6414
vn 0.4152 -0.7078 0.5715
vn 0.3573 -0.7940 0.4918
vn 0.2933 -0.8666 0.4037
vn 0.2243 -0.9243 0.3087
vn 0.1514 -0.9663 0.2084
vn 0.0760 -0.9916 0.1046
vn -0.0008 -1.0000 -0.0011
vn -0.0775 -0.9913 -0.1066
vn -0.1528 -0.9656 -0.2104
vn -0.2256 -0.9234 -0.3105
vn -0.2945 -0.8655 -0.4053
vn -0.3583 -0.7927 -0.4932
vn -0.4160 -0.7065 -0.5726
vn -0.4666 -0.6081 -0.6422
vn -0.5092 -0.4994 -0.7009
vn -0.5432 -0.3822 -0.7476
vn -0.5678 -0.2585 -0.7815
vn -0.5828 -0.1304 -0.8021
vn -0.6374 -0.0000 -0.7705
vn -0.6320 0.1304 -0.7639
vn -0.6158 0.2585 -0.7443
vn -0.5890 0.3822 -0.7120
vn -0.5522 0.4994 -0.6675
vn -0.5060 0.6081 -0.6117
vn -0.4511 0.7065 -0.5453
vn -0.3886 0.7927 -0.4697
vn -0.3193 0.8655 -0.3860
vn -0.2446 0.9234 -0.2957
vn -0.1658 0.9656 -0.2004
vn -0.0840 0.9913 -0.1016
vn -0.0008 1.0000 -0.0010
vn 0.0824 0.9916 0.0996
vn 0.1642 0.9663 0.1985
vn 0.2432 0.9243 0.2940
vn 0.3181 0.8666 0.3845
vn 0.3875 0.7940 0.4684
vn 0.4503 0.7078 0.5443
vn 0.5054 0.6094 0.6109
vn 0.5518 0.5006 0.6670
vn 0.5888 0.3831 0.7117
vn 0.6156 0.2591 0.7442
vn 0.6320 0.1307 0.7639
vn 0.6374 -0.0000 0.7705
vn 0.6320 -0.1307 0.7639
vn 0.6156 -0.2591 0.7442
vn 0.5888 -0.3831 0.7117
vn 0.5518 -0.5006 0.6670
vn 0.5054 -0.6094 0.6109
vn 0.4503 -0.7078 0.5443
vn 0.3875 -0.7940 0.4684
vn 0.3181 -0.8666 0.3845
vn 0.2432 -0.9243 0.2940
vn 0.1642 -0.9663 0.1985
vn 0.0824 -0.9916 0.0996
vn -0.0008 -1.0000 -0.0010
vn -0.0840 -0.9913 -0.1016
vn -0.1658 -0.9656 -0.2004
vn -0.2446 -0.9234 -0.2957
vn -0.3193 -0.8655 -0.3860
vn -0.3886 -0.7927 -0.4697
vn -0.4511 -0.7065 -0.5453
vn -0.5060 -0.6081 -0.6117
vn -0.5522 -0.4994 -0.6675
vn -0.5890 -0.3822 -0.7120
vn -0.6158 -0.2585 -0.7443
vn -0.6320 -0.1304 -0.7639
vn -0.6845 -0.0000 -0.7290
vn -0.6787 0.1304 -0.7227
vn -0.6613 0.2585 -0.7042
vn -0.6326 0.3822 -0.6736
vn -0.5931 0.4994 -0.6315
vn -0.5434 0.6081 -0.5787
vn -0.4845 0.7065 -0.5159
vn -0.4173 0.7927 -0.4444
vn -0.3429 0.8655 -0.3652
vn -0.2627 0.9234 -0.2798
vn -0.1780 0.9656 -0.1896
vn -0.0902 0.9913 -0.0961
vn -0.0009 1.0000 -0.0010
vn 0.0885 0.9916 0.0942
vn 0.1763 0.9663 0.1878
vn 0.2612 0.9243 0.2782
vn 0.3416 0.8666 0.3638
vn 0.4162 0.7940 0.4432
vn 0.4836 0.7078 0.5150
vn 0.5428 0.6094 0.5780
vn 0.5926 0.5006 0.6311
vn 0.6323 0.3831 0.6733
vn 0.6612 0.2591 0.7041
vn 0.6787 0.1307 0.7227
vn 0.6845 -0.0000 0.7290
vn 0.6787 -0.1307 0.7227
vn 0.6612 -0.2591 0.7041
vn 0.6323 -0.3831 0.6733
vn 0.5926 -0.5006 0.6311
vn 0.5428 -0.6094 0.5780
vn 0.4836 -0.7078 0.5150
vn 0.4162 -0.7940 0.4432
vn 0.3416 -0.8666 0.3638
vn 0.2612 -0.9243 0.2782
vn 0.1763 -0.9663 0.1878
vn 0.0885 -0.9916 0.0942
vn -0.0009 -1.0000 -0.0010
vn -0.0902 -0.9913 -0.0961
vn -0.1780 -0.9656 -0.1896
vn -0.2627 -0.9234 -0.2798
vn -0.3429 -0.8655 -0.3652
vn -0.4173 -0.7927 -0.4444
vn -0.4845 -0.7065 -0.5159
vn -0.5434 -0.6081 -0.5787
vn -0.5931 -0.4994 -0.6315
vn -0.6326 -0.3822 -0.6736
vn -0.6613 -0.2585 -0.7042
vn -0.6787 -0.1304 -0.7227
vn -0.7290 -0.0000 -0.6845
vn -0.7227 0.1304 -0.6787
vn -0.7042 0.2585 -0.6613
vn -0.6736 0.3822 -0.6326
vn -0.6315 0.4994 -0.5931
vn -0.5787 0.6081 -0.5434
vn -0.5159 0.7065 -0.4845
vn -0.4444 0.7927 -0.4173
vn -0.3652 0.8655 -0.3429
vn -0.2798 0.9234 -0.2627
vn -0.1896 0.9656 -0.1780
vn -0.0961 0.9913 -0.0902
vn -0.0010 1.0000 -0.0009
vn 0.0942 0.9916 0.0885
vn 0.1878 0.9663 0.1763
vn 0.2781 0.9243 0.2612
vn 0.3638 0.8666 0.3416
vn 0.4432 0.7940 0.4162
vn 0.5150 0.7078 0.4836
vn 0.5780 0.6094 0.5428
vn 0.6311 0.5006 0.5926
vn 0.6733 0.3831 0.6323
vn 0.7041 0.2591 0.6612
vn 0.7227 0.1307 0.6787
vn 0.7290 -0.0000 0.6845
vn 0.7227 -0.1307 0.6787
vn 0.7041 -0.2591 0.6612
vn 0.6733 -0.3831 0.6323
vn 0.6311 -0.5006 0.5926
vn 0.5780 -0.6094 0.5428
vn 0.5150 -0.7078 0.4836
vn 0.4432 -0.7940 0.4162
vn 0.3638 -0.8666 0.3416
vn 0.2781 -0.9243 0.2612
vn 0.1878 -0.9663 0.1763
vn 0.0942 -0.9916 0.0885
vn -0.0010 -1.0000 -0.0009
vn -0.0961 -0.9913 -0.0902
vn -0.1896 -0.9656 -0.1780
vn -0.2798 -0.9234 -0.2627
vn -0.3652 -0.8655 -0.3429
vn -0.4444 -0.7927 -0.4173
vn -0.5159 -0.7065 -0.4845
vn -0.5787 -0.6081 -0.5434
vn -0.6315 -0.4994 -0.5931
vn -0.6736 -0.3822 -0.6326
vn -0.7042 -0.2585 -0.6613
vn -0.7227 -0.1304 -0.6787
vn -0.7705 -0.0000 -0.6374
vn -0.7639 0.1304 -0.6320
vn -0.7443 0.2585 -0.6158
vn -0.7120 0.3822 -0.5890
vn -0.6675 0.4994 -0.5522
vn -0.6117 0.6081 -0.5060
vn -0.5453 0.7065 -0.4511
vn -0.4697 0.7927 -0.3886
vn -0.3860 0.8655 -0.3193
vn -0.2957 0.9234 -0.2446
vn -0.2004 0.9656 -0.1658
vn -0.1016 0.9913 -0.0840
vn -0.0010 1.0000 -0.0008
vn 0.0996 0.9916 0.0824
vn 0.1985 0.9663 0.1642
vn 0.2940 0.9243 0.2432
vn 0.3845 0.8666 0.3181
vn 0.4684 0.7940 0.3875
vn 0.5443 0.7078 0.4503
vn 0.6109 0.6094 0.5054
vn 0.6670 0.5006 0.5518
vn 0.7117 0.3831 0.5888
vn 0.7442 0.2591 0.6156
vn 0.7639 0.1307 0.6320
vn 0.7705 -0.0000 0.6374
vn 0.7639 -0.1307 0.6320
vn 0.7442 -0.2591 0.6156
vn 0.7117 -0.3831 0.5888
vn 0.6670 -0.5006 0.5518
vn 0.6109 -0.6094 0.5054
vn 0.5443 -0.7078 0.4503
vn 0.4684 -0.7940 0.3875
vn 0.3845 -0.8666 0.3181
vn 0.2940 -0.9243 0.2432
vn 0.1985 -0.9663 0.1642
vn 0.0996 -0.9916 0.0824
vn -0.0010 -1.0000 -0.0008
vn -0.1016 -0.9913 -0.0840
vn -0.2004 -0.9656 -0.1658
vn -0.2957 -0.9234 -0.2446
vn -0.3860 -0.8655 -0.3193
vn -0.4697 -0.7927 -0.3886
vn -0.5453 -0.7065 -0.4511
vn -0.6117 -0.6081 -0.5060
vn -0.6675 -0.4994 -0.5522
vn -0.7120 -0.3822 -0.5890
vn -0.7443 -0.2585 -0.6158
vn -0.7639 -0.1304 -0.6320
vn -0.8090 -0.0000 -0.5878
vn -0.8021 0.1304 -0.5828
vn -0.7815 0.2585 -0.5678
vn -0.7476 0.3822 -0.5432
vn -0.7009 0.4994 -0.5092
vn -0.6422 0.6081 -0.4666
vn -0.5726 0.7065 -0.4160
vn -0.4932 0.7927 -0.3583
vn -0.4053 0.8655 -0.2945
vn -0.3105 0.9234 -0.2256
vn -0.2104 0.9656 -0.1528
vn -0.1066 0.9913 -0.0775
vn -0.0011 1.0000 -0.0008
vn 0.1046 0.9916 0.0760
vn 0.2084 0.9663 0.1514
vn 0.3087 0.9243 0.2243
vn 0.4037 0.8666 0.2933
vn 0.4918 0.7940 0.3573
vn 0.5715 0.7078 0.4152
vn 0.6414 0.6094 0.4660
vn 0.7004 0.5006 0.5088
vn 0.7473 0.3831 0.5429
vn 0.7814 0.2591 0.5677
vn 0.8021 0.1307 0.5827
vn 0.8090 -0.0000 0.5878
vn 0.8021 -0.1307 0.5827
vn 0.7814 -0.2591 0.5677
vn 0.7473 -0.3831 0.5429
vn 0.7004 -0.5006 0.5088
vn 0.6414 -0.6094 0.4660
vn 0.5715 -0.7078 0.4152
vn 0.4918 -0.7940 0.3573
vn 0.4037 -0.8666 0.2933
vn 0.3087 -0.9243 0.2243
vn 0.2084 -0.9663 0.1514
vn 0.1046 -0.9916 0.0760
vn -0.0011 -1.0000 -0.0008
vn -0.1066 -0.9913 -0.0775
vn -0.2104 -0.9656 -0.1528
vn -0.3105 -0.9234 -0.2256
vn -0.4053 -0.8655 -0.2945
vn -0.4932 -0.7927 -0.3583
vn -0.5726 -0.7065 -0.4160
vn -0.6422 -0.6081 -0.4666
vn -0.7009 -0.4994 -0.5092
vn -0.7476 -0.3822 -0.5432
vn -0.7815 -0.2585 -0.5678
vn -0.8021 -0.1304 -0.5828
vn -0.8443 -0.0000 -0.5358
vn -0.8371 0.1304 -0.5313
vn -0.8156 0.2585 -0.5176
vn -0.7802 0.3822 -0.4951
vn -0.7315 0.4994 -0.4642
vn -0.6703 0.6081 -0.4254
vn -0.5976 0.7065 -0.3792
vn -0.5147 0.7927 -0.3266
vn -0.4230 0.8655 -0.2684
vn -0.3241 0.9234 -0.2056
vn -0.2196 0.9656 -0.1393
vn -0.1113 0.9913 -0.0706
vn -0.0011 1.0000 -0.0007
vn 0.1091 0.9916 0.0693
vn 0.2175 0.9663 0.1380
vn 0.3222 0.9243 0.2045
vn 0.4213 0.8666 0.2674
vn 0.5133 0.7940 0.3257
vn 0.5965 0.7078 0.3785
vn 0.6694 0.6094 0.4248
vn 0.7309 0.5006 0.4639
vn 0.7799 0.3831 0.4949
vn 0.8155 0.2591 0.5175
vn 0.8371 0.1307 0.5312
vn 0.8443 -0.0000 0.5358
vn 0.8371 -0.1307 0.5312
vn 0.8155 -0.2591 0.5175
vn 0.7799 -0.3831 0.4949
vn 0.7309 -0.5006 0.4639
vn 0.6694 -0.6094 0.4248
vn 0.5965 -0.7078 0.3785
vn 0.5133 -0.7940 0.3257
vn 0.4213 -0.8666 0.2674
vn 0.3222 -0.9243 0.2045
vn 0.2175 -0.9663 0.1380
vn 0.1091 -0.9916 0.0693
vn -0.0011 -1.0000 -0.0007
vn -0.1113 -0.9913 -0.0706
vn -0.2196 -0.9656 -0.1393
vn -0.3241 -0.9234 -0.2056
vn -0.4230 -0.8655 -0.2684
vn -0.5147 -0.7927 -0.3266
vn -0.5976 -0.7065 -0.3792
vn -0.6703 -0.6081 -0.4254
vn -0.7315 -0.4994 -0.4642
vn -0.7802 -0.3822 -0.4951
vn -0.8156 -0.2585 -0.5176
vn -0.8371 -0.1304 -0.5313
vn -0.8763 -0.0000 -0.4818
vn -0.8688 0.1304 -0.4776
vn -0.8465 0.2585 -0.4654
vn -0.8098 0.3822 -0.4452
vn -0.7592 0.4994 -0.4174
vn -0.6956 0.6081 -0.3824
vn -0.6202 0.7065 -0.3410
vn -0.5342 0.7927 -0.2937
vn -0.4390 0.8655 -0.2413
vn -0.3363 0.9234 -0.1849
vn -0.2279 0.9656 -0.1253
vn -0.1155 0.9913 -0.0635
vn -0.0011 1.0000 -0.0006
vn 0.1133 0.9916 0.0623
vn 0.2257 0.9663 0.1241
vn 0.3344 0.9243 0.1838
vn 0.4373 0.8666 0.2404
vn 0.5327 0.7940 0.2929
vn 0.6191 0.7078 0.3403
vn 0.6948 0.6094 0.3820
vn 0.7586 0.5006 0.4171
vn 0.8094 0.3831 0.4450
vn 0.8464 0.2591 0.4653
vn 0.8688 0.1307 0.4776
vn 0.8763 -0.0000 0.4818
vn 0.8688 -0.1307 0.4776
vn 0.8464 -0.2591 0.4653
vn 0.8094 -0.3831 0.4450
vn 0.7586 -0.5006 0.4171
vn 0.6948 -0.6094 0.3820
vn 0.6191 -0.7078 0.3403
vn 0.5327 -0.7940 0.2929
vn 0.4373 -0.8666 0.2404
vn 0.3344 -0.9243 0.1838
vn 0.2257 -0.9663 0.1241
vn 0.1133 -0.9916 0.0623
vn -0.0011 -1.0000 -0.0006
vn -0.1155 -0.9913 -0.0635
vn -0.2279 -0.9656 -0.1253
vn -0.3363 -0.9234 -0.1849
vn -0.4390 -0.8655 -0.2413
vn -0.5342 -0.7927 -0.2937
vn -0.6202 -0.7065 -0.3410
vn -0.6956 -0.6081 -0.3824
vn -0.7592 -0.4994 -0.4174
vn -0.8098 -0.3822 -0.4452
vn -0.8465 -0.2585 -0.4654
vn -0.8688 -0.1304 -0.4776
vn -0.9048 -0.0000 -0.4258
vn -0.8971 0.1304 -0.4221
vn -0.8741 0.2585 -0.4113
vn -0.8361 0.3822 -0.3935
vn -0.7839 0.4994 -0.3689
vn -0.7183 0.6081 -0.3380
vn -0.6404 0.7065 -0.3013
vn -0.5516 0.7927 -0.2595
vn -0.4533 0.8655 -0.2133
vn -0.3473 0.9234 -0.1634
vn -0.2353 0.9656 -0.1107
vn -0.1193 0.9913 -0.0561
vn -0.0012 1.0000 -0.0006
vn 0.1169 0.9916 0.0550
vn 0.2331 0.9663 0.1097
vn 0.3453 0.9243 0.1625
vn 0.4515 0.8666 0.2125
vn 0.5501 0.7940 0.2588
vn 0.6392 0.7078 0.3008
vn 0.7174 0.6094 0.3376
vn 0.7833 0.5006 0.3686
vn 0.8358 0.3831 0.3933
vn 0.8739 0.2591 0.4112
vn 0.8971 0.1307 0.4221
vn 0.9048 -0.0000 0.4258
vn 0.8971 -0.1307 0.4221
vn 0.8739 -0.2591 0.4112
vn 0.8358 -0.3831 0.3933
vn 0.7833 -0.5006 0.3686
vn 0.7174 -0.6094 0.3376
vn 0.6392 -0.7078 0.3008
vn 0.5501 -0.7940 0.2588
vn 0.4515 -0.8666 0.2125
vn 0.3453 -0.9243 0.1625
vn 0.2331 -0.9663 0.1097
vn 0.1169 -0.9916 0.0550
vn -0.0012 -1.0000 -0.0006
vn -0.1193 -0.9913 -0.0561
vn -0.2353 -0.9656 -0.1107
vn -0.3473 -0.9234 -0.1634
vn -0.4533 -0.8655 -0.2133
vn -0.5516 -0.7927 -0.2595
vn -0.6404 -0.7065 -0.3013
vn -0.7183 -0.6081 -0.3380
vn -0.7839 -0.4994 -0.3689
vn -0.8361 -0.3822 -0.3935
vn -0.8741 -0.2585 -0.4113
vn -0.8971 -0.1304 -0.4221
vn -0.9298 -0.0000 -0.3681
vn -0.9218 0.1304 -0.3650
vn -0.8982 0.2585 -0.3556
vn -0.8592 0.3822 -0.3402
vn -0.8055 0.4994 -0.3189
vn -0.7381 0.6081 -0.2922
vn -0.6581 0.7065 -0.2605
vn -0.5668 0.7927 -0.2244
vn -0.4658 0.8655 -0.1844
vn -0.3568 0.9234 -0.1413
vn -0.2418 0.9656 -0.0957
vn -0.1226 0.9913 -0.0485
vn -0.0012 1.0000 -0.0005
vn 0.1202 0.9916 0.0476
vn 0.2395 0.9663 0.0948
vn 0.3548 0.9243 0.1405
vn 0.4640 0.8666 0.1837
vn 0.5652 0.7940 0.2238
vn 0.6568 0.7078 0.2601
vn 0.7372 0.6094 0.2919
vn 0.8049 0.5006 0.3187
vn 0.8588 0.3831 0.3400
vn 0.8980 0.2591 0.3555
vn 0.9218 0.1307 0.3650
vn 0.9298 -0.0000 0.3681
vn 0.9218 -0.1307 0.3650
vn 0.8980 -0.2591 0.3555
vn 0.8588 -0.3831 0.3400
vn 0.8049 -0.5006 0.3187
vn 0.7372 -0.6094 0.2919
vn 0.6568 -0.7078 0.2601
vn 0.5652 -0.7940 0.2238
vn 0.4640 -0.8666 0.1837
vn 0.3548 -0.9243 0.1405
vn 0.2395 -0.9663 0.0948
vn 0.1202 -0.9916 0.0476
vn -0.0012 -1.0000 -0.0005
vn -0.1226 -0.9913 -0.0485
vn -0.2418 -0.9656 -0.0957
vn -0.3568 -0.9234 -0.1413
vn -0.4658 -0.8655 -0.1844
vn -0.5668 -0.7927 -0.2244
vn -0.6581 -0.7065 -0.2605
vn -0.7381 -0.6081 -0.2922
vn -0.8055 -0.4994 -0.3189
vn -0.8592 -0.3822 -0.3402
vn -0.8982 -0.2585 -0.3556
vn -0.9218 -0.1304 -0.3650
vn -0.9511 -0.0000 -0.3090
vn -0.9429 0.1304 -0.3064
vn -0.9187 0.2585 -0.2985
vn -0.8788 0.3822 -0.2856
vn -0.8239 0.4994 -0.2677
vn -0.7550 0.6081 -0.2453
vn -0.6731 0.7065 -0.2187
vn -0.5797 0.7927 -0.1884
vn -0.4765 0.8655 -0.1548
vn -0.3650 0.9234 -0.1186
vn -0.2473 0.9656 -0.0804
vn -0.1254 0.9913 -0.0407
vn -0.0012 1.0000 -0.0004
vn 0.1229 0.9916 0.0399
vn 0.2450 0.9663 0.0796
vn 0.3629 0.9243 0.1179
vn 0.4746 0.8666 0.1542
vn 0.5782 0.7940 0.1879
vn 0.6719 0.7078 0.2183
vn 0.7541 0.6094 0.2450
vn 0.8233 0.5006 0.2675
vn 0.8785 0.3831 0.2854
vn 0.9186 0.2591 0.2985
vn 0.9429 0.1307 0.3064
vn 0.9511 -0.0000 0.3090
vn 0.9429 -0.1307 0.3064
vn 0.9186 -0.2591 0.2985
vn 0.8785 -0.3831 0.2854
vn 0.8233 -0.5006 0.2675
vn 0.7541 -0.6094 0.2450
vn 0.6719 -0.7078 0.2183
vn 0.5782 -0.7940 0.1879
vn 0.4746 -0.8666 0.1542
vn 0.3629 -0.9243 0.1179
vn 0.2450 -0.9663 0.0796
vn 0.1229 -0.9916 0.0399
vn -0.0012 -1.0000 -0.0004
vn -0.1254 -0.9913 -0.0407
vn -0.2473 -0.9656 -0.0804
vn -0.3650 -0.9234 -0.1186
vn -0.4765 -0.8655 -0.1548
vn -0.5797 -0.7927 -0.1884
vn -0.6731 -0.7065 -0.2187
vn -0.7550 -0.6081 -0.2453
vn -0.8239 -0.4994 -0.2677
vn -0.8788 -0.3822 -0.2856
vn -0.9187 -0.2585 -0.2985
vn -0.9429 -0.1304 -0.3064
vn -0.9686 -0.0000 -0.2487
vn -0.9603 0.1304 -0.2466
vn -0.9357 0.2585 -0.2402
vn -0.8950 0.3822 -0.2298
vn -0.8391 0.4994 -0.2155
vn -0.7689 0.6081 -0.1974
vn -0.6855 0.7065 -0.1760
vn -0.5904 0.7927 -0.1516
vn -0.4852 0.8655 -0.1246
vn -0.3717 0.9234 -0.0954
vn -0.2519 0.9656 -0.0647
vn -0.1277 0.9913 -0.0328
vn -0.0013 1.0000 -0.0003
vn 0.1252 0.9916 0.0321
vn 0.2495 0.9663 0.0641
vn 0.3696 0.9243 0.0949
vn 0.4833 0.8666 0.1241
vn 0.5888 0.7940 0.1512
vn 0.6843 0.7078 0.1757
vn 0.7680 0.6094 0.1972
vn 0.8385 0.5006 0.2153
vn 0.8947 0.3831 0.2297
vn 0.9355 0.2591 0.2402
vn 0.9603 0.1307 0.2466
vn 0.9686 -0.0000 0.2487
vn 0.9603 -0.1307 0.2466
vn 0.9355 -0.2591 0.2402
vn 0.8947 -0.3831 0.2297
vn 0.8385 -0.5006 0.2153
vn 0.7680 -0.6094 0.1972
vn 0.6843 -0.7078 0.1757
vn 0.5888 -0.7940 0.1512
vn 0.4833 -0.8666 0.1241
vn 0.3696 -0.9243 0.0949
vn 0.2495 -0.9663 0.0641
vn 0.1252 -0.9916 0.0321
vn -0.0013 -1.0000 -0.0003
vn -0.1277 -0.9913 -0.0328
vn -0.2519 -0.9656 -0.0647
vn -0.3717 -0.9234 -0.0954
vn -0.4852 -0.8655 -0.1246
vn -0.5904 -0.7927 -0.1516
vn -0.6855 -0.7065 -0.1760
vn -0.7689 -0.6081 -0.1974
vn -0.8391 -0.4994 -0.2155
vn -0.8950 -0.3822 -0.2298
vn -0.9357 -0.2585 -0.2402
vn -0.9603 -0.1304 -0.2466
vn -0.9823 -0.0000 -0.1874
vn -0.9739 0.1304 -0.1858
vn -0.9489 0.2585 -0.1810
vn -0.9077 0.3822 -0.1732
vn -0.8510 0.4994 -0.1623
vn -0.7798 0.6081 -0.1488
vn -0.6952 0.7065 -0.1326
vn -0.5988 0.7927 -0.1142
vn -0.4921 0.8655 -0.0939
vn -0.3770 0.9234 -0.0719
vn -0.2554 0.9656 -0.0487
vn -0.1295 0.9913 -0.0247
vn -0.0013 1.0000 -0.0002
vn 0.1270 0.9916 0.0242
vn 0.2530 0.9663 0.0483
vn 0.3748 0.9243 0.0715
vn 0.4902 0.8666 0.0935
vn 0.5972 0.7940 0.1139
vn 0.6939 0.7078 0.1324
vn 0.7788 0.6094 0.1486
vn 0.8504 0.5006 0.1622
vn 0.9073 0.3831 0.1731
vn 0.9487 0.2591 0.1810
vn 0.9739 0.1307 0.1858
vn 0.9823 -0.0000 0.1874
vn 0.9739 -0.1307 0.1858
vn 0.9487 -0.2591 0.1810
vn 0.9073 -0.3831 0.1731
vn 0.8504 -0.5006 0.1622
vn 0.7788 -0.6094 0.1486
vn 0.6939 -0.7078 0.1324
vn 0.5972 -0.7940 0.1139
vn 0.4902 -0.8666 0.0935
vn 0.3748 -0.9243 0.0715
vn 0.2530 -0.9663 0.0483
vn 0.1270 -0.9916 0.0242
vn -0.0013 -1.0000 -0.0002
vn -0.1295 -0.9913 -0.0247
vn -0.2554 -0.9656 -0.0487
vn -0.3770 -0.9234 -0.0719
vn -0.4921 -0.8655 -0.0939
vn -0.5988 -0.7927 -0.1142
vn -0.6952 -0.7065 -0.1326
vn -0.7798 -0.6081 -0.1488
vn -0.8510 -0.4994 -0.1623
vn -0.9077 -0.3822 -0.1732
vn -0.9489 -0.2585 -0.1810
vn -0.9739 -0.1304 -0.1858
vn -0.9921 -0.0000 -0.1253
vn -0.9836 0.1304 -0.1243
vn -0.9584 0.2585 -0.1211
vn -0.9168 0.3822 -0.1158
vn -0.8595 0.4994 -0.1086
vn -0.7876 0.6081 -0.0995
vn -0.7022 0.7065 -0.0887
vn -0.6048 0.7927 -0.0764
vn -0.4970 0.8655 -0.0628
vn -0.3808 0.9234 -0.0481
vn -0.2580 0.9656 -0.0326
vn -0.1308 0.9913 -0.0165
vn 0.1282 0.9916 0.0162
vn 0.2556 0.9663 0.0323
vn 0.3786 0.9243 0.0478
vn 0.4951 0.8666 0.0625
vn 0.6031 0.7940 0.0762
vn 0.7009 0.7078 0.0885
vn 0.7866 0.6094 0.0994
vn 0.8589 0.5006 0.1085
vn 0.9164 0.3831 0.1158
vn 0.9582 0.2591 0.1211
vn 0.9836 0.1307 0.1243
vn 0.9921 -0.0000 0.1253
vn 0.9836 -0.1307 0.1243
vn 0.9582 -0.2591 0.1211
vn 0.9164 -0.3831 0.1158
vn 0.8589 -0.5006 0.1085
vn 0.7866 -0.6094 0.0994
vn 0.7009 -0.7078 0.0885
vn 0.6031 -0.7940 0.0762
vn 0.4951 -0.8666 0.0625
vn 0.3786 -0.9243 0.0478
vn 0.2556 -0.9663 0.0323
vn 0.1282 -0.9916 0.0162
vn -0.1308 -0.9913 -0.0165
vn -0.2580 -0.9656 -0.0326
vn -0.3808 -0.9234 -0.0481
vn -0.4970 -0.8655 -0.0628
vn -0.6048 -0.7927 -0.0764
vn -0.7022 -0.7065 -0.0887
vn -0.7876 -0.6081 -0.0995
vn -0.8595 -0.4994 -0.1086
vn -0.9168 -0.3822 -0.1158
vn -0.9584 -0.2585 -0.1211
vn -0.9836 -0.1304 -0.1243
vn -0.9980 -0.0000 -0.0628
vn -0.9895 0.1304 -0.0623
vn -0.9641 0.2585 -0.0607
vn -0.9222 0.3822 -0.0580
vn -0.8646 0.4994 -0.0544
vn -0.7923 0.6081 -0.0498
vn -0.7064 0.7065 -0.0444
vn -0.6084 0.7927 -0.0383
vn -0.5000 0.8655 -0.0315
vn -0.3830 0.9234 -0.0241
vn -0.2595 0.9656 -0.0163
vn -0.1315 0.9913 -0.0083
vn -0.0013 1.0000 -0.0001
vn 0.1290 0.9916 0.0081
vn 0.2571 0.9663 0.0162
vn 0.3808 0.9243 0.0240
vn 0.4980 0.8666 0.0313
vn 0.6067 0.7940 0.0382
vn 0.7051 0.7078 0.0444
vn 0.7913 0.6094 0.0498
vn 0.8640 0.5006 0.0544
vn 0.9219 0.3831 0.0580
vn 0.9639 0.2591 0.0606
vn 0.9895 0.1307 0.0623
vn 0.9980 -0.0000 0.0628
vn 0.9895 -0.1307 0.0623
vn 0.9639 -0.2591 0.0606
vn 0.9219 -0.3831 0.0580
vn 0.8640 -0.5006 0.0544
vn 0.7913 -0.6094 0.0498
vn 0.7051 -0.7078 0.0444
vn 0.6067 -0.7940 0.0382
vn 0.4980 -0.8666 0.0313
vn 0.3808 -0.9243 0.0240
vn 0.2571 -0.9663 0.0162
vn 0.1290 -0.9916 0.0081
vn -0.0013 -1.0000 -0.0001
vn -0.1315 -0.9913 -0.0083
vn -0.2595 -0.9656 -0.0163
vn -0.3830 -0.9234 -0.0241
vn -0.5000 -0.8655 -0.0315
vn -0.6084 -0.7927 -0.0383
vn -0.7064 -0.7065 -0.0444
vn -0.7923 -0.6081 -0.0498
vn -0.8646 -0.4994 -0.0544
vn -0.9222 -0.3822 -0.0580
vn -0.9641 -0.2585 -0.0607
vn -0.9895 -0.1304 -0.0623
vn -0.9915 0.1304 -0.0000
vn -0.9660 0.2585 -0.0000
vn -0.9241 0.3822 -0.0000
vn -0.8664 0.4994 -0.0000
vn -0.7938 0.6081 -0.0000
vn -0.7078 0.7065 -0.0000
vn -0.6096 0.7927 -0.0000
vn -0.5010 0.8655 -0.0000
vn -0.3838 0.9234 -0.0000
vn -0.2600 0.9656 -0.0000
vn -0.1318 0.9913 -0.0000
vn -0.0013 1.0000 -0.0000
vn 0.1292 0.9916 -0.0000
vn 0.2576 0.9663 -0.0000
vn 0.3816 0.9243 -0.0000
vn 0.4990 0.8666 -0.0000
vn 0.6079 0.7940 -0.0000
vn 0.7065 0.7078 -0.0000
vn 0.7929 0.6094 -0.0000
vn 0.8657 0.5006 -0.0000
vn 0.9237 0.3831 -0.0000
vn 0.9658 0.2591 -0.0000
vn 0.9914 0.1307 -0.0000
vn 0.9914 -0.1307 -0.0000
vn 0.9658 -0.2591 -0.0000
vn 0.9237 -0.3831 -0.0000
vn 0.8657 -0.5006 -0.0000
vn 0.7929 -0.6094 -0.0000
vn 0.7065 -0.7078 -0.0000
vn 0.6079 -0.7940 -0.0000
vn 0.4990 -0.8666 -0.0000
vn 0.3816 -0.9243 -0.0000
vn 0.2576 -0.9663 -0.0000
vn 0.1292 -0.9916 -0.0000
vn -0.0013 -1.0000 -0.0000
vn -0.1318 -0.9913 -0.0000
vn -0.2600 -0.9656 -0.0000
vn -0.3838 -0.9234 -0.0000
vn -0.5010 -0.8655 -0.0000
vn -0.6096 -0.7927 -0.0000
vn -0.7078 -0.7065 -0.0000
vn -0.7938 -0.6081 -0.0000
vn -0.8664 -0.4994 -0.0000
vn -0.9241 -0.3822 -0.0000
vn -0.9660 -0.2585 -0.0000
vn -0.9915 -0.1304 -0.0000
vn -0.9895 0.1304 0.0623
vn -0.9641 0.2585 0.0607
vn -0.9222 0.3822 0.0580
vn -0.8646 0.4994 0.0544
vn -0.7923 0.6081 0.0498
vn -0.7064 0.7065 0.0444
vn -0.6084 0.7927 0.0383
vn -0.5000 0.8655 0.0315
vn -0.3830 0.9234 0.0241
vn -0.2595 0.9656 0.0163
vn -0.1316 0.9913 0.0083
vn -0.0013 1.0000 0.0001
vn 0.1290 0.9916 -0.0081
vn 0.2571 0.9663 -0.0162
vn 0.3808 0.9243 -0.0240
vn 0.4980 0.8666 -0.0313
vn 0.6067 0.7940 -0.0382
vn 0.7051 0.7078 -0.0444
vn 0.7913 0.6094 -0.0498
vn 0.8640 0.5006 -0.0544
vn 0.9219 0.3831 -0.0580
vn 0.9639 0.2591 -0.0606
vn 0.9895 0.1307 -0.0623
vn 0.9895 -0.1307 -0.0623
vn 0.9639 -0.2591 -0.0606
vn 0.9219 -0.3831 -0.0580
vn 0.8640 -0.5006 -0.0544
vn 0.7913 -0.6094 -0.0498
vn 0.7051 -0.7078 -0.0444
vn 0.6067 -0.7940 -0.0382
vn 0.4980 -0.8666 -0.0313
vn 0.3808 -0.9243 -0.0240
vn 0.2571 -0.9663 -0.0162
vn 0.1290 -0.9916 -0.0081
vn -0.0013 -1.0000 0.0001
vn -0.1316 -0.9913 0.0083
vn -0.2595 -0.9656 0.0163
vn -0.3830 -0.9234 0.0241
vn -0.5000 -0.8655 0.0315
vn -0.6084 -0.7927 0.0383
vn -0.7064 -0.7065 0.0444
vn -0.7923 -0.6081 0.0498
vn -0.8646 -0.4994 0.0544
vn -0.9222 -0.3822 0.0580
vn -0.9641 -0.2585 0.0607
vn -0.9895 -0.1304 0.0623
vn -0.9836 0.1304 0.1243
vn -0.9584 0.2585 0.1211
vn -0.9168 0.3822 0.1158
vn -0.8595 0.4994 0.1086
vn -0.7876 0.6081 0.0995
vn -0.7022 0.7065 0.0887
vn -0.6048 0.7927 0.0764
vn -0.4970 0.8655 0.0628
vn -0.3808 0.9234 0.0481
vn -0.2580 0.9656 0.0326
vn -0.1308 0.9913 0.0165
vn -0.0013 1.0000 0.0002
vn 0.1282 0.9916 -0.0162
vn 0.2556 0.9663 -0.0323
vn 0.3786 0.9243 -0.0478
vn 0.4951 0.8666 -0.0625
vn 0.6031 0.7940 -0.0762
vn 0.7009 0.7078 -0.0885
vn 0.7866 0.6094 -0.0994
vn 0.8589 0.5006 -0.1085
vn 0.9164 0.3831 -0.1158
vn 0.9582 0.2591 -0.1211
vn 0.9836 0.1307 -0.1243
vn 0.9836 -0.1307 -0.1243
vn 0.9582 -0.2591 -0.1211
vn 0.9164 -0.3831 -0.1158
vn 0.8589 -0.5006 -0.1085
vn 0.7866 -0.6094 -0.0994
vn 0.7009 -0.7078 -0.0885
vn 0.6031 -0.7940 -0.0762
vn 0.4951 -0.8666 -0.0625
vn 0.3786 -0.9243 -0.0478
vn 0.2556 -0.9663 -0.0323
vn 0.1282 -0.9916 -0.0162
vn -0.0013 -1.0000 0.0002
vn -0.1308 -0.9913 0.0165
vn -0.2580 -0.9656 0.0326
vn -0.3808 -0.9234 0.0481
vn -0.4970 -0.8655 0.0628
vn -0.6048 -0.7927 0.0764
vn -0.7022 -0.7065 0.0887
vn -0.7876 -0.6081 0.0995
vn -0.8595 -0.4994 0.1086
vn -0.9168 -0.3822 0.1158
vn -0.9584 -0.2585 0.1211
vn -0.9836 -0.1304 0.1243
vn -0.9739 0.1304 0.1858
vn -0.9489 0.2585 0.1810
vn -0.9077 0.3822 0.1732
vn -0.8510 0.4994 0.1623
vn -0.7798 0.6081 0.1487
vn -0.6952 0.7065 0.1326
vn -0.5988 0.7927 0.1142
vn -0.4921 0.8655 0.0939
vn -0.3770 0.9234 0.0719
vn -0.2554 0.9656 0.0487
vn -0.1295 0.9913 0.0247
vn 0.1270 0.9916 -0.0242
vn 0.2530 0.9663 -0.0483
vn 0.3748 0.9243 -0.0715
vn 0.4902 0.8666 -0.0935
vn 0.5972 0.7940 -0.1139
vn 0.6939 0.7078 -0.1324
vn 0.7788 0.6094 -0.1486
vn 0.8504 0.5006 -0.1622
vn 0.9073 0.3831 -0.1731
vn 0.9487 0.2591 -0.1810
vn 0.9739 0.1307 -0.1858
vn 0.9739 -0.1307 -0.1858
vn 0.9487 -0.2591 -0.1810
vn 0.9073 -0.3831 -0.1731
vn 0.8504 -0.5006 -0.1622
vn 0.7788 -0.6094 -0.1486
vn 0.6939 -0.7078 -0.1324
vn 0.5972 -0.7940 -0.1139
vn 0.4902 -0.8666 -0.0935
vn 0.3748 -0.9243 -0.0715
vn 0.2530 -0.9663 -0.0483
vn 0.1270 -0.9916 -0.0242
vn -0.1295 -0.9913 0.0247
vn -0.2554 -0.9656 0.0487
vn -0.3770 -0.9234 0.0719
vn -0.4921 -0.8655 0.0939
vn -0.5988 -0.7927 0.1142
vn -0.6952 -0.7065 0.1326
vn -0.7798 -0.6081 0.1487
vn -0.8510 -0.4994 0.1623
vn -0.9077 -0.3822 0.1732
vn -0.9489 -0.2585 0.1810
vn -0.9739 -0.1304 0.1858
vn -0.9603 0.1304 0.2466
vn -0.9357 0.2585 0.2402
vn -0.8950 0.3822 0.2298
vn -0.8391 0.4994 0.2155
vn -0.7689 0.6081 0.1974
vn -0.6855 0.7065 0.1760
vn -0.5904 0.7927 0.1516
vn -0.4852 0.8655 0.1246
vn -0.3717 0.9234 0.0954
vn -0.2519 0.9656 0.0647
vn -0.1277 0.9913 0.0328
vn -0.0013 1.0000 0.0003
vn 0.1252 0.9916 -0.0321
vn 0.2495 0.9663 -0.0641
vn 0.3696 0.9243 -0.0949
vn 0.4833 0.8666 -0.1241
vn 0.5888 0.7940 -0.1512
vn 0.6843 0.7078 -0.1757
vn 0.7680 0.6094 -0.1972
vn 0.8385 0.5006 -0.2153
vn 0.8947 0.3831 -0.2297
vn 0.9355 0.2591 -0.2402
vn 0.9603 0.1307 -0.2466
vn 0.9603 -0.1307 -0.2466
vn 0.9355 -0.2591 -0.2402
vn 0.8947 -0.3831 -0.2297
vn 0.8385 -0.5006 -0.2153
vn 0.7680 -0.6094 -0.1972
vn 0.6843 -0.7078 -0.1757
vn 0.5888 -0.7940 -0.1512
vn 0.4833 -0.8666 -0.1241
vn 0.3696 -0.9243 -0.0949
vn 0.2495 -0.9663 -0.0641
vn 0.1252 -0.9916 -0.0321
vn -0.0013 -1.0000 0.0003
vn -0.1277 -0.9913 0.0328
vn -0.2519 -0.9656 0.0647
vn -0.3717 -0.9234 0.0954
vn -0.4852 -0.8655 0.1246
vn -0.5904 -0.7927 0.1516
vn -0.6855 -0.7065 0.1760
vn -0.7689 -0.6081 0.1974
vn -0.8391 -0.4994 0.2155
vn -0.8950 -0.3822 0.2298
vn -0.9357 -0.2585 0.2402
vn -0.9603 -0.1304 0.2466
vn -0.9429 0.1304 0.3064
vn -0.9187 0.2585 0.2985
vn -0.8788 0.3822 0.2856
vn -0.8239 0.4994 0.2677
vn -0.7550 0.6081 0.2453
vn -0.6731 0.7065 0.2187
vn -0.5797 0.7927 0.1884
vn -0.4765 0.8655 0.1548
vn -0.3650 0.9234 0.1186
vn -0.2473 0.9656 0.0804
vn -0.1254 0.9913 0.0407
vn -0.0012 1.0000 0.0004
vn 0.1229 0.9916 -0.0399
vn 0.2450 0.9663 -0.0796
vn 0.3629 0.9243 -0.1179
vn 0.4746 0.8666 -0.1542
vn 0.5782 0.7940 -0.1879
vn 0.6719 0.7078 -0.2183
vn 0.7541 0.6094 -0.2450
vn 0.8233 0.5006 -0.2675
vn 0.8785 0.3831 -0.2854
vn 0.9186 0.2591 -0.2985
vn 0.9429 0.1307 -0.3064
vn 0.9429 -0.1307 -0.3064
vn 0.9186 -0.2591 -0.2985
vn 0.8785 -0.3831 -0.2854
vn 0.8233 -0.5006 -0.2675
vn 0.7541 -0.6094 -0.2450
vn 0.6719 -0.7078 -0.2183
vn 0.5782 -0.7940 -0.1879
vn 0.4746 -0.8666 -0.1542
vn 0.3629 -0.9243 -0.1179
vn 0.2450 -0.9663 -0.0796
vn 0.1229 -0.9916 -0.0399
vn -0.0012 -1.0000 0.0004
vn -0.1254 -0.9913 0.0407
vn -0.2473 -0.9656 0.0804
vn -0.3650 -0.9234 0.1186
vn -0.4765 -0.8655 0.1548
vn -0.5797 -0.7927 0.1884
vn -0.6731 -0.7065 0.2187
vn -0.7550 -0.6081 0.2453
vn -0.8239 -0.4994 0.2677
vn -0.8788 -0.3822 0.2856
vn -0.9187 -0.2585 0.2985
vn -0.9429 -0.1304 0.3064
vn -0.9218 0.1304 0.3650
vn -0.8982 0.2585 0.3556
vn -0.8592 0.3822 0.3402
vn -0.8055 0.4994 0.3189
vn -0.7381 0.6081 0.2922
vn -0.6581 0.7065 0.2605
vn -0.5668 0.7927 0.2244
vn -0.4658 0.8655 0.1844
vn -0.3568 0.9234 0.1413
vn -0.2418 0.9656 0.0957
vn -0.1226 0.9913 0.0485
vn -0.0012 1.0000 0.0005
vn 0.1202 0.9916 -0.0476
vn 0.2395 0.9663 -0.0948
vn 0.3548 0.9243 -0.1405
vn 0.4640 0.8666 -0.1837
vn 0.5652 0.7940 -0.2238
vn 0.6568 0.7078 -0.2601
vn 0.7372 0.6094 -0.2919
vn 0.8049 0.5006 -0.3187
vn 0.8588 0.3831 -0.3400
vn 0.8980 0.2591 -0.3555
vn 0.9218 0.1307 -0.3650
vn 0.9218 -0.1307 -0.3650
vn 0.8980 -0.2591 -0.3555
vn 0.8588 -0.3831 -0.3400
vn 0.8049 -0.5006 -0.3187
vn 0.7372 -0.6094 -0.2919
vn 0.6568 -0.7078 -0.2601
vn 0.5652 -0.7940 -0.2238
vn 0.4640 -0.8666 -0.1837
vn 0.3548 -0.9243 -0.1405
vn 0.2395 -0.9663 -0.0948
vn 0.1202 -0.9916 -0.0476
vn -0.0012 -1.0000 0.0005
vn -0.1226 -0.9913 0.0485
vn -0.2418 -0.9656 0.0957
vn -0.3568 -0.9234 0.1413
vn -0.4658 -0.8655 0.1844
vn -0.5668 -0.7927 0.2244
vn -0.6581 -0.7065 0.2605
vn -0.7381 -0.6081 0.2922
vn -0.8055 -0.4994 0.3189
vn -0.8592 -0.3822 0.3402
vn -0.8982 -0.2585 0.3556
vn -0.9218 -0.1304 0.3650
vn -0.8971 0.1304 0.4221
vn -0.8741 0.2585 0.4113
vn -0.8361 0.3822 0.3935
vn -0.7839 0.4994 0.3689
vn -0.7183 0.6081 0.3380
vn -0.6404 0.7065 0.3013
vn -0.5516 0.7927 0.2595
vn -0.4533 0.8655 0.2133
vn -0.3473 0.9234 0.1634
vn -0.2353 0.9656 0.1107
vn -0.1193 0.9913 0.0561
vn -0.0012 1.0000 0.0006
vn 0.1169 0.9916 -0.0550
vn 0.2331 0.9663 -0.1097
vn 0.3453 0.9243 -0.1625
vn 0.4515 0.8666 -0.2125
vn 0.5501 0.7940 -0.2588
vn 0.6392 0.7078 -0.3008
vn 0.7174 0.6094 -0.3376
vn 0.7833 0.5006 -0.3686
vn 0.8358 0.3831 -0.3933
vn 0.8739 0.2591 -0.4112
vn 0.8971 0.1307 -0.4221
vn 0.8971 -0.1307 -0.4221
vn 0.8739 -0.2591 -0.4112
vn 0.8358 -0.3831 -0.3933
vn 0.7833 -0.5006 -0.3686
vn 0.7174 -0.6094 -0.3376
vn 0.6392 -0.7078 -0.3008
vn 0.5501 -0.7940 -0.2588
vn 0.4515 -0.8666 -0.2125
vn 0.3453 -0.9243 -0.1625
vn 0.2331 -0.9663 -0.1097
vn 0.1169 -0.9916 -0.0550
vn -0.0012 -1.0000 0.0006
vn -0.1193 -0.9913 0.0561
vn -0.2353 -0.9656 0.1107
vn -0.3473 -0.9234 0.1634
vn -0.4533 -0.8655 0.2133
vn -0.5516 -0.7927 0.2595
vn -0.6404 -0.7065 0.3013
vn -0.7183 -0.6081 0.3380
vn -0.7839 -0.4994 0.3689
vn -0.8361 -0.3822 0.3934
vn -0.8741 -0.2585 0.4113
vn -0.8971 -0.1304 0.4221
vn -0.8688 0.1304 0.4776
vn -0.8465 0.2585 0.4654
vn -0.8098 0.3822 0.4452
vn -0.7592 0.4994 0.4174
vn -0.6956 0.6081 0.3824
vn -0.6202 0.7065 0.3410
vn -0.5342 0.7927 0.2937
vn -0.4390 0.8655 0.2413
vn -0.3363 0.9234 0.1849
vn -0.2279 0.9656 0.1253
vn -0.1155 0.9913 0.0635
vn -0.0011 1.0000 0.0006
vn 0.1133 0.9916 -0.0623
vn 0.2257 0.9663 -0.1241
vn 0.3344 0.9243 -0.1838
vn 0.4373 0.8666 -0.2404
vn 0.5327 0.7940 -0.2929
vn 0.6191 0.7078 -0.3403
vn 0.6948 0.6094 -0.3820
vn 0.7586 0.5006 -0.4171
vn 0.8094 0.3831 -0.4450
vn 0.8464 0.2591 -0.4653
vn 0.8688 0.1307 -0.4776
vn 0.8688 -0.1307 -0.4776
vn 0.8464 -0.2591 -0.4653
vn 0.8094 -0.3831 -0.4450
vn 0.7586 -0.5006 -0.4171
vn 0.6948 -0.6094 -0.3820
vn 0.6191 -0.7078 -0.3403
vn 0.5327 -0.7940 -0.2929
vn 0.4373 -0.8666 -0.2404
vn 0.3344 -0.9243 -0.1838
vn 0.2257 -0.9663 -0.1241
vn 0.1133 -0.9916 -0.0623
vn -0.0011 -1.0000 0.0006
vn -0.1155 -0.9913 0.0635
vn -0.2279 -0.9656 0.1253
vn -0.3363 -0.9234 0.1849
vn -0.4390 -0.8655 0.2413
vn -0.5342 -0.7927 0.2937
vn -0.6202 -0.7065 0.3410
vn -0.6956 -0.6081 0.3824
vn -0.7592 -0.4994 0.4174
vn -0.8098 -0.3822 0.4452
vn -0.8465 -0.2585 0.4654
vn -0.8688 -0.1304 0.4776
vn -0.8371 0.1304 0.5313
vn -0.8156 0.2585 0.5176
vn -0.7802 0.3822 0.4951
vn -0.7315 0.4994 0.4642
vn -0.6703 0.6081 0.4254
vn -0.5976 0.7065 0.3792
vn -0.5147 0.7927 0.3266
vn -0.4230 0.8655 0.2684
vn -0.3241 0.9234 0.2056
vn -0.2196 0.9656 0.1393
vn -0.1113 0.9913 0.0706
vn -0.0011 1.0000 0.0007
vn 0.1091 0.9916 -0.0693
vn 0.2175 0.9663 -0.1380
vn 0.3222 0.9243 -0.2045
vn 0.4213 0.8666 -0.2674
vn 0.5133 0.7940 -0.3257
vn 0.5965 0.7078 -0.3785
vn 0.6694 0.6094 -0.4248
vn 0.7309 0.5006 -0.4639
vn 0.7799 0.3831 -0.4949
vn 0.8155 0.2591 -0.5175
vn 0.8371 0.1307 -0.5312
vn 0.8371 -0.1307 -0.5312
vn 0.8155 -0.2591 -0.5175
vn 0.7799 -0.3831 -0.4949
vn 0.7309 -0.5006 -0.4639
vn 0.6694 -0.6094 -0.4248
vn 0.5965 -0.7078 -0.3785
vn 0.5133 -0.7940 -0.3257
vn 0.4213 -0.8666 -0.2674
vn 0.3222 -0.9243 -0.2045
vn 0.2175 -0.9663 -0.1380
vn 0.1091 -0.9916 -0.0693
vn -0.0011 -1.0000 0.0007
vn -0.1113 -0.9913 0.0706
vn -0.2196 -0.9656 0.1393
vn -0.3241 -0.9234 0.2056
vn -0.4230 -0.8655 0.2684
vn -0.5147 -0.7927 0.3266
vn -0.5976 -0.7065 0.3792
vn -0.6703 -0.6081 0.4254
vn -0.7315 -0.4994 0.4642
vn -0.7802 -0.3822 0.4951
vn -0.8156 -0.2585 0.5176
vn -0.8371 -0.1304 0.5313
vn -0.8021 0.1304 0.5828
vn -0.7815 0.2585 0.5678
vn -0.7476 0.3822 0.5432
vn -0.7009 0.4994 0.5092
vn -0.6422 0.6081 0.4666
vn -0.5726 0.7065 0.4160
vn -0.4932 0.7927 0.3583
vn -0.4053 0.8655 0.2945
vn -0.3105 0.9234 0.2256
vn -0.2104 0.9656 0.1528
vn -0.1066 0.9913 0.0775
vn -0.0011 1.0000 0.0008
vn 0.1046 0.9916 -0.0760
vn 0.2084 0.9663 -0.1514
vn 0.3087 0.9243 -0.2243
vn 0.4037 0.8666 -0.2933
vn 0.4918 0.7940 -0.3573
vn 0.5715 0.7078 -0.4152
vn 0.6414 0.6094 -0.4660
vn 0.7004 0.5006 -0.5088
vn 0.7473 0.3831 -0.5429
vn 0.7814 0.2591 -0.5677
vn 0.8021 0.1307 -0.5827
vn 0.8021 -0.1307 -0.5827
vn 0.7814 -0.2591 -0.5677
vn 0.7473 -0.3831 -0.5429
vn 0.7004 -0.5006 -0.5088
vn 0.6414 -0.6094 -0.4660
vn 0.5715 -0.7078 -0.4152
vn 0.4918 -0.7940 -0.3573
vn 0.4037 -0.8666 -0.2933
vn 0.3087 -0.9243 -0.2243
vn 0.2084 -0.9663 -0.1514
vn 0.1046 -0.9916 -0.0760
vn -0.0011 -1.0000 0.0008
vn -0.1066 -0.9913 0.0775
vn -0.2104 -0.9656 0.1528
vn -0.3105 -0.9234 0.2256
vn -0.4053 -0.8655 0.2945
vn -0.4932 -0.7927 0.3583
vn -0.5726 -0.7065 0.4160
vn -0.6422 -0.6081 0.4666
vn -0.7009 -0.4994 0.5092
vn -0.7476 -0.3822 0.5432
vn -0.7815 -0.2585 0.5678
vn -0.8021 -0.1304 0.5828
vn -0.7639 0.1304 0.6320
vn -0.7443 0.2585 0.6158
vn -0.7120 0.3822 0.5890
vn -0.6675 0.4994 0.5522
vn -0.6117 0.6081 0.5060
vn -0.5453 0.7065 0.4511
vn -0.4697 0.7927 0.3886
vn -0.3860 0.8655 0.3193
vn -0.2957 0.9234 0.2446
vn -0.2004 0.9656 0.1658
vn -0.1016 0.9913 0.0840
vn -0.0010 1.0000 0.0008
vn 0.0996 0.9916 -0.0824
vn 0.1985 0.9663 -0.1642
vn 0.2940 0.9243 -0.2432
vn 0.3845 0.8666 -0.3181
vn 0.4684 0.7940 -0.3875
vn 0.5443 0.7078 -0.4503
vn 0.6109 0.6094 -0.5054
vn 0.6670 0.5006 -0.5518
vn 0.7117 0.3831 -0.5888
vn 0.7442 0.2591 -0.6156
vn 0.7639 0.1307 -0.6320
vn 0.7639 -0.1307 -0.6320
vn 0.7442 -0.2591 -0.6156
vn 0.7117 -0.3831 -0.5888
vn 0.6670 -0.5006 -0.5518
vn 0.6109 -0.6094 -0.5054
vn 0.5443 -0.7078 -0.4503
vn 0.4684 -0.7940 -0.3875
vn 0.3845 -0.8666 -0.3181
vn 0.2940 -0.9243 -0.2432
vn 0.1985 -0.9663 -0.1642
vn 0.0996 -0.9916 -0.0824
vn -0.0010 -1.0000 0.0008
vn -0.1016 -0.9913 0.0840
vn -0.2004 -0.9656 0.1658
vn -0.2957 -0.9234 0.2446
vn -0.3860 -0.8655 0.3193
vn -0.4697 -0.7927 0.3886
vn -0.5453 -0.7065 0.4511
vn -0.6117 -0.6081 0.5060
vn -0.6675 -0.4994 0.5522
vn -0.7120 -0.3822 0.5890
vn -0.7443 -0.2585 0.6158
vn -0.7639 -0.1304 0.6320
vn -0.7227 0.1304 0.6787
vn -0.7042 0.2585 0.6613
vn -0.6736 0.3822 0.6326
vn -0.6315 0.4994 0.5931
vn -0.5787 0.6081 0.5434
vn -0.5159 0.7065 0.4845
vn -0.4444 0.7927 0.4173
vn -0.3652 0.8655 0.3429
vn -0.2798 0.9234 0.2627
vn -0.1896 0.9656 0.1780
vn -0.0961 0.9913 0.0902
vn -0.0010 1.0000 0.0009
vn 0.0942 0.9916 -0.0885
vn 0.1878 0.9663 -0.1763
vn 0.2781 0.9243 -0.2612
vn 0.3638 0.8666 -0.3416
vn 0.4432 0.7940 -0.4162
vn 0.5150 0.7078 -0.4836
vn 0.5780 0.6094 -0.5428
vn 0.6311 0.5006 -0.5926
vn 0.6733 0.3831 -0.6323
vn 0.7041 0.2591 -0.6612
vn 0.7227 0.1307 -0.6787
vn 0.7227 -0.1307 -0.6787
vn 0.7041 -0.2591 -0.6612
vn 0.6733 -0.3831 -0.6323
vn 0.6311 -0.5006 -0.5926
vn 0.5780 -0.6094 -0.5428
vn 0.5150 -0.7078 -0.4836
vn 0.4432 -0.7940 -0.4162
vn 0.3638 -0.8666 -0.3416
vn 0.2781 -0.9243 -0.2612
vn 0.1878 -0.9663 -0.1763
vn 0.0942 -0.9916 -0.0885
vn -0.0010 -1.0000 0.0009
vn -0.0961 -0.9913 0.0902
vn -0.1896 -0.9656 0.1780
vn -0.2798 -0.9234 0.2627
vn -0.3652 -0.8655 0.3429
vn -0.4444 -0.7927 0.4173
vn -0.5159 -0.7065 0.4845
vn -0.5787 -0.6081 0.5434
vn -0.6315 -0.4994 0.5931
vn -0.6736 -0.3822 0.6326
vn -0.7042 -0.2585 0.6613
vn -0.7227 -0.1304 0.6787
vn -0.6787 0.1304 0.7227
vn -0.6613 0.2585 0.7042
vn -0.6326 0.3822 0.6736
vn -0.5931 0.4994 0.6315
vn -0.5434 0.6081 0.5787
vn -0.4845 0.7065 0.5159
vn -0.4173 0.7927 0.4444
vn -0.3429 0.8655 0.3652
vn -0.2627 0.9234 0.2798
vn -0.1780 0.9656 0.1896
vn -0.0902 0.9913 0.0961
vn -0.0009 1.0000 0.0010
vn 0.0885 0.9916 -0.0942
vn 0.1763 0.9663 -0.1878
vn 0.2612 0.9243 -0.2782
vn 0.3416 0.8666 -0.3638
vn 0.4162 0.7940 -0.4432
vn 0.4836 0.7078 -0.5150
vn 0.5428 0.6094 -0.5780
vn 0.5926 0.5006 -0.6311
vn 0.6323 0.3831 -0.6733
vn 0.6612 0.2591 -0.7041
vn 0.6787 0.1307 -0.7227
vn 0.6787 -0.1307 -0.7227
vn 0.6612 -0.2591 -0.7041
vn 0.6323 -0.3831 -0.6733
vn 0.5926 -0.5006 -0.6311
vn 0.5428 -0.6094 -0.5780
vn 0.4836 -0.7078 -0.5150
vn 0.4162 -0.7940 -0.4432
vn 0.3416 -0.8666 -0.3638
vn 0.2612 -0.9243 -0.2782
vn 0.1763 -0.9663 -0.1878
vn 0.0885 -0.9916 -0.0942
vn -0.0009 -1.0000 0.0010
vn -0.0902 -0.9913 0.0961
vn -0.1780 -0.9656 0.1896
vn -0.2627 -0.9234 0.2798
vn -0.3429 -0.8655 0.3652
vn -0.4173 -0.7927 0.4444
vn -0.4845 -0.7065 0.5159
vn -0.5434 -0.6081 0.5787
vn -0.5931 -0.4994 0.6315
vn -0.6326 -0.3822 0.6736
vn -0.6613 -0.2585 0.7042
vn -0.6787 -0.1304 0.7227
vn -0.6320 0.1304 0.7639
vn -0.6158 0.2585 0.7443
vn -0.5890 0.3822 0.7120
vn -0.5522 0.4994 0.6675
vn -0.5060 0.6081 0.6117
vn -0.4511 0.7065 0.5453
vn -0.3886 0.7927 0.4697
vn -0.3193 0.8655 0.3860
vn -0.2446 0.9234 0.2957
vn -0.1658 0.9656 0.2004
vn -0.0840 0.9913 0.1016
vn -0.0008 1.0000 0.0010
vn 0.0824 0.9916 -0.0996
vn 0.1642 0.9663 -0.1985
vn 0.2432 0.9243 -0.2940
vn 0.3181 0.8666 -0.3845
vn 0.3875 0.7940 -0.4684
vn 0.4503 0.7078 -0.5443
vn 0.5054 0.6094 -0.6109
vn 0.5518 0.5006 -0.6670
vn 0.5888 0.3831 -0.7117
vn 0.6156 0.2591 -0.7442
vn 0.6320 0.1307 -0.7639
vn 0.6320 -0.1307 -0.7639
vn 0.6156 -0.2591 -0.7442
vn 0.5888 -0.3831 -0.7117
vn 0.5518 -0.5006 -0.6670
vn 0.5054 -0.6094 -0.6109
vn 0.4503 -0.7078 -0.5443
vn 0.3875 -0.7940 -0.4684
vn 0.3181 -0.8666 -0.3845
vn 0.2432 -0.9243 -0.2940
vn 0.1642 -0.9663 -0.1985
vn 0.0824 -0.9916 -0.0996
vn -0.0008 -1.0000 0.0010
vn -0.0840 -0.9913 0.1016
vn -0.1658 -0.9656 0.2004
vn -0.2446 -0.9234 0.2957
vn -0.3193 -0.8655 0.3860
vn -0.3886 -0.7927 0.4697
vn -0.4511 -0.7065 0.5453
vn -0.5060 -0.6081 0.6117
vn -0.5522 -0.4994 0.6675
vn -0.5890 -0.3822 0.7120
vn -0.6158 -0.2585 0.7443
vn -0.6320 -0.1304 0.7639
vn -0.5828 0.1304 0.8021
vn -0.5678 0.2585 0.7815
vn -0.5432 0.3822 0.7476
vn -0.5092 0.4994 0.7009
vn -0.4666 0.6081 0.6422
vn -0.4160 0.7065 0.5726
vn -0.3583 0.7927 0.4932
vn -0.2945 0.8655 0.4053
vn -0.2256 0.9234 0.3105
vn -0.1528 0.9656 0.2104
vn -0.0775 0.9913 0.1066
vn -0.0008 1.0000 0.0011
vn 0.0760 0.9916 -0.1046
vn 0.1514 0.9663 -0.2084
vn 0.2243 0.9243 -0.3087
vn 0.2933 0.8666 -0.4037
vn 0.3573 0.7940 -0.4918
vn 0.4152 0.7078 -0.5715
vn 0.4660 0.6094 -0.6414
vn 0.5088 0.5006 -0.7004
vn 0.5429 0.3831 -0.7473
vn 0.5677 0.2591 -0.7814
vn 0.5827 0.1307 -0.8021
vn 0.5827 -0.1307 -0.8021
vn 0.5677 -0.2591 -0.7814
vn 0.5429 -0.3831 -0.7473
vn 0.5088 -0.5006 -0.7004
vn 0.4660 -0.6094 -0.6414
vn 0.4152 -0.7078 -0.5715
vn 0.3573 -0.7940 -0.4918
vn 0.2933 -0.8666 -0.4037
vn 0.2243 -0.9243 -0.3087
vn 0.1514 -0.9663 -0.2084
vn 0.0760 -0.9916 -0.1046
vn -0.0008 -1.0000 0.0011
vn -0.0775 -0.9913 0.1066
vn -0.1528 -0.9656 0.2104
vn -0.2256 -0.9234 0.3105
vn -0.2945 -0.8655 0.4053
vn -0.3583 -0.7927 0.4932
vn -0.4160 -0.7065 0.5726
vn -0.4666 -0.6081 0.6422
vn -0.5092 -0.4994 0.7009
vn -0.5432 -0.3822 0.7476
vn -0.5678 -0.2585 0.7815
vn -0.5828 -0.1304 0.8021
vn -0.5313 0.1304 0.8371
vn -0.5176 0.2585 0.8156
vn -0.4951 0.3822 0.7802
vn -0.4642 0.4994 0.7315
vn -0.4254 0.6081 0.6703
vn -0.3792 0.7065 0.5976
vn -0.3266 0.7927 0.5147
vn -0.2684 0.8655 0.4230
vn -0.2056 0.9234 0.3241
vn -0.1393 0.9656 0.2196
vn -0.0706 0.9913 0.1113
vn -0.0007 1.0000 0.0011
vn 0.0693 0.9916 -0.1091
vn 0.1380 0.9663 -0.2175
vn 0.2045 0.9243 -0.3222
vn 0.2674 0.8666 -0.4213
vn 0.3257 0.7940 -0.5133
vn 0.3785 0.7078 -0.5965
vn 0.4248 0.6094 -0.6694
vn 0.4639 0.5006 -0.7309
vn 0.4949 0.3831 -0.7799
vn 0.5175 0.2591 -0.8155
vn 0.5312 0.1307 -0.8371
vn 0.5312 -0.1307 -0.8371
vn 0.5175 -0.2591 -0.8155
vn 0.4949 -0.3831 -0.7799
vn 0.4639 -0.5006 -0.7309
vn 0.4248 -0.6094 -0.6694
vn 0.3785 -0.7078 -0.5965
vn 0.3257 -0.7940 -0.5133
vn 0.2674 -0.8666 -0.4213
vn 0.2045 -0.9243 -0.3222
vn 0.1380 -0.9663 -0.2175
vn 0.0693 -0.9916 -0.1091
vn -0.0007 -1.0000 0.0011
vn -0.0706 -0.9913 0.1113
vn -0.1393 -0.9656 0.2196
vn -0.2056 -0.9234 0.3241
vn -0.2684 -0.8655 0.4230
vn -0.3266 -0.7927 0.5147
vn -0.3792 -0.7065 0.5976
vn -0.4254 -0.6081 0.6703
vn -0.4642 -0.4994 0.7315
vn -0.4951 -0.3822 0.7802
vn -0.5176 -0.2585 0.8156
vn -0.5313 -0.1304 0.8371
vn -0.4776 0.1304 0.8688
vn -0.4654 0.2585 0.8465
vn -0.4452 0.3822 0.8098
vn -0.4174 0.4994 0.7592
vn -0.3824 0.6081 0.6956
vn -0.3410 0.7065 0.6202
vn -0.2937 0.7927 0.5342
vn -0.2413 0.8655 0.4390
vn -0.1849 0.9234 0.3363
vn -0.1253 0.9656 0.2279
vn -0.0635 0.9913 0.1155
vn -0.0006 1.0000 0.0011
vn 0.0623 0.9916 -0.1133
vn 0.1241 0.9663 -0.2257
vn 0.1838 0.9243 -0.3344
vn 0.2404 0.8666 -0.4373
vn 0.2929 0.7940 -0.5327
vn 0.3403 0.7078 -0.6191
vn 0.3820 0.6094 -0.6948
vn 0.4171 0.5006 -0.7586
vn 0.4450 0.3831 -0.8094
vn 0.4653 0.2591 -0.8464
vn 0.4776 0.1307 -0.8688
vn 0.4776 -0.1307 -0.8688
vn 0.4653 -0.2591 -0.8464
vn 0.4450 -0.3831 -0.8094
vn 0.4171 -0.5006 -0.7586
vn 0.3820 -0.6094 -0.6948
vn 0.3403 -0.7078 -0.6191
vn 0.2929 -0.7940 -0.5327
vn 0.2404 -0.8666 -0.4373
vn 0.1838 -0.9243 -0.3344
vn 0.1241 -0.9663 -0.2257
vn 0.0623 -0.9916 -0.1133
vn -0.0006 -1.0000 0.0011
vn -0.0635 -0.9913 0.1155
vn -0.1253 -0.9656 0.2279
vn -0.1849 -0.9234 0.3363
vn -0.2413 -0.8655 0.4390
vn -0.2937 -0.7927 0.5342
vn -0.3410 -0.7065 0.6202
vn -0.3824 -0.6081 0.6956
vn -0.4174 -0.4994 0.7592
vn -0.4452 -0.3822 0.8098
vn -0.4654 -0.2585 0.8465
vn -0.4776 -0.1304 0.8688
vn -0.4221 0.1304 0.8971
vn -0.4113 0.2585 0.8741
vn -0.3934 0.3822 0.8361
vn -0.3689 0.4994 0.7839
vn -0.3380 0.6081 0.7183
vn -0.3013 0.7065 0.6404
vn -0.2595 0.7927 0.5516
vn -0.2133 0.8655 0.4533
vn -0.1634 0.9234 0.3473
vn -0.1107 0.9656 0.2353
vn -0.0561 0.9913 0.1193
vn -0.0006 1.0000 0.0012
vn 0.0550 0.9916 -0.1169
vn 0.1097 0.9663 -0.2331
vn 0.1625 0.9243 -0.3453
vn 0.2125 0.8666 -0.4515
vn 0.2588 0.7940 -0.5501
vn 0.3008 0.7078 -0.6392
vn 0.3376 0.6094 -0.7174
vn 0.3686 0.5006 -0.7833
vn 0.3933 0.3831 -0.8358
vn 0.4112 0.2591 -0.8739
vn 0.4221 0.1307 -0.8971
vn 0.4221 -0.1307 -0.8971
vn 0.4112 -0.2591 -0.8739
vn 0.3933 -0.3831 -0.8358
vn 0.3686 -0.5006 -0.7833
vn 0.3376 -0.6094 -0.7174
vn 0.3008 -0.7078 -0.6392
vn 0.2588 -0.7940 -0.5501
vn 0.2125 -0.8666 -0.4515
vn 0.1625 -0.9243 -0.3453
vn 0.1097 -0.9663 -0.2331
vn 0.0550 -0.9916 -0.1169
vn -0.0006 -1.0000 0.0012
vn -0.0561 -0.9913 0.1193
vn -0.1107 -0.9656 0.2353
vn -0.1634 -0.9234 0.3473
vn -0.2133 -0.8655 0.4533
vn -0.2595 -0.7927 0.5516
vn -0.3013 -0.7065 0.6404
vn -0.3380 -0.6081 0.7183
vn -0.3689 -0.4994 0.7839
vn -0.3934 -0.3822 0.8361
vn -0.4113 -0.2585 0.8741
vn -0.4221 -0.1304 0.8971
vn -0.3650 0.1304 0.9218
vn -0.3556 0.2585 0.8982
vn -0.3402 0.3822 0.8592
vn -0.3189 0.4994 0.8055
vn -0.2922 0.6081 0.7381
vn -0.2605 0.7065 0.6581
vn -0.2244 0.7927 0.5668
vn -0.1844 0.8655 0.4658
vn -0.1413 0.9234 0.3568
vn -0.0957 0.9656 0.2418
vn -0.0485 0.9913 0.1226
vn -0.0005 1.0000 0.0012
vn 0.0476 0.9916 -0.1202
vn 0.0948 0.9663 -0.2395
vn 0.1405 0.9243 -0.3548
vn 0.1837 0.8666 -0.4640
vn 0.2238 0.7940 -0.5652
vn 0.2601 0.7078 -0.6568
vn 0.2919 0.6094 -0.7372
vn 0.3187 0.5006 -0.8049
vn 0.3400 0.3831 -0.8588
vn 0.3555 0.2591 -0.8980
vn 0.3650 0.1307 -0.9218
vn 0.3650 -0.1307 -0.9218
vn 0.3555 -0.2591 -0.8980
vn 0.3400 -0.3831 -0.8588
vn 0.3187 -0.5006 -0.8049
vn 0.2919 -0.6094 -0.7372
vn 0.2601 -0.7078 -0.6568
vn 0.2238 -0.7940 -0.5652
vn 0.1837 -0.8666 -0.4640
vn 0.1405 -0.9243 -0.3548
vn 0.0948 -0.9663 -0.2395
vn 0.0476 -0.9916 -0.1202
vn -0.0005 -1.0000 0.0012
vn -0.0485 -0.9913 0.1226
vn -0.0957 -0.9656 0.2418
vn -0.1413 -0.9234 0.3568
vn -0.1844 -0.8655 0.4658
vn -0.2244 -0.7927 0.5668
vn -0.2605 -0.7065 0.6581
vn -0.2922 -0.6081 0.7381
vn -0.3189 -0.4994 0.8055
vn -0.3402 -0.3822 0.8592
vn -0.3556 -0.2585 0.8982
vn -0.3650 -0.1304 0.9218
vn -0.3064 0.1304 0.9429
vn -0.2985 0.2585 0.9187
vn -0.2856 0.3822 0.8788
vn -0.2677 0.4994 0.8239
vn -0.2453 0.6081 0.7550
vn -0.2187 0.7065 0.6731
vn -0.1884 0.7927 0.5797
vn -0.1548 0.8655 0.4765
vn -0.1186 0.9234 0.3650
vn -0.0804 0.9656 0.2473
vn -0.0407 0.9913 0.1254
vn -0.0004 1.0000 0.0012
vn 0.0399 0.9916 -0.1229
vn 0.0796 0.9663 -0.2450
vn 0.1179 0.9243 -0.3629
vn 0.1542 0.8666 -0.4746
vn 0.1879 0.7940 -0.5782
vn 0.2183 0.7078 -0.6719
vn 0.2450 0.6094 -0.7541
vn 0.2675 0.5006 -0.8233
vn 0.2854 0.3831 -0.8785
vn 0.2985 0.2591 -0.9186
vn 0.3064 0.1307 -0.9429
vn 0.3064 -0.1307 -0.9429
vn 0.2985 -0.2591 -0.9186
vn 0.2854 -0.3831 -0.8785
vn 0.2675 -0.5006 -0.8233
vn 0.2450 -0.6094 -0.7541
vn 0.2183 -0.7078 -0.6719
vn 0.1879 -0.7940 -0.5782
vn 0.1542 -0.8666 -0.4746
vn 0.1179 -0.9243 -0.3629
vn 0.0796 -0.9663 -0.2450
vn 0.0399 -0.9916 -0.1229
vn -0.0004 -1.0000 0.0012
vn -0.0407 -0.9913 0.1254
vn -0.0804 -0.9656 0.2473
vn -0.1186 -0.9234 0.3650
vn -0.1548 -0.8655 0.4765
vn -0.1884 -0.7927 0.5797
vn -0.2187 -0.7065 0.6731
vn -0.2453 -0.6081 0.7550
vn -0.2677 -0.4994 0.8239
vn -0.2856 -0.3822 0.8788
vn -0.2985 -0.2585 0.9187
vn -0.3064 -0.1304 0.9429
vn -0.2466 0.1304 0.9603
vn -0.2402 0.2585 0.9357
vn -0.2298 0.3822 0.8950
vn -0.2155 0.4994 0.8391
vn -0.1974 0.6081 0.7689
vn -0.1760 0.7065 0.6855
vn -0.1516 0.7927 0.5904
vn -0.1246 0.8655 0.4852
vn -0.0954 0.9234 0.3717
vn -0.0647 0.9656 0.2519
vn -0.0328 0.9913 0.1277
vn -0.0003 1.0000 0.0013
vn 0.0321 0.9916 -0.1252
vn 0.0641 0.9663 -0.2495
vn 0.0949 0.9243 -0.3696
vn 0.1241 0.8666 -0.4833
vn 0.1512 0.7940 -0.5888
vn 0.1757 0.7078 -0.6843
vn 0.1972 0.6094 -0.7680
vn 0.2153 0.5006 -0.8385
vn 0.2297 0.3831 -0.8947
vn 0.2402 0.2591 -0.9355
vn 0.2466 0.1307 -0.9603
vn 0.2466 -0.1307 -0.9603
vn 0.2402 -0.2591 -0.9355
vn 0.2297 -0.3831 -0.8947
vn 0.2153 -0.5006 -0.8385
vn 0.1972 -0.6094 -0.7680
vn 0.1757 -0.7078 -0.6843
vn 0.1512 -0.7940 -0.5888
vn 0.1241 -0.8666 -0.4833
vn 0.0949 -0.9243 -0.3696
vn 0.0641 -0.9663 -0.2495
vn 0.0321 -0.9916 -0.1252
vn -0.0003 -1.0000 0.0013
vn -0.0328 -0.9913 0.1277
vn -0.0647 -0.9656 0.2519
vn -0.0954 -0.9234 0.3717
vn -0.1246 -0.8655 0.4852
vn -0.1516 -0.7927 0.5904
vn -0.1760 -0.7065 0.6855
vn -0.1974 -0.6081 0.7689
vn -0.2155 -0.4994 0.8391
vn -0.2298 -0.3822 0.8950
vn -0.2402 -0.2585 0.9357
vn -0.2466 -0.1304 0.9603
vn -0.1858 0.1304 0.9739
vn -0.1810 0.2585 0.9489
vn -0.1732 0.3822 0.9077
vn -0.1623 0.4994 0.8510
vn -0.1487 0.6081 0.7798
vn -0.1326 0.7065 0.6952
vn -0.1142 0.7927 0.5988
vn -0.0939 0.8655 0.4921
vn -0.0719 0.9234 0.3770
vn -0.0487 0.9656 0.2554
vn -0.0247 0.9913 0.1295
vn -0.0002 1.0000 0.0013
vn 0.0242 0.9916 -0.1270
vn 0.0483 0.9663 -0.2530
vn 0.0715 0.9243 -0.3748
vn 0.0935 0.8666 -0.4902
vn 0.1139 0.7940 -0.5972
vn 0.1324 0.7078 -0.6939
vn 0.1486 0.6094 -0.7788
vn 0.1622 0.5006 -0.8504
vn 0.1731 0.3831 -0.9073
vn 0.1810 0.2591 -0.9487
vn 0.1858 0.1307 -0.9739
vn 0.1858 -0.1307 -0.9739
vn 0.1810 -0.2591 -0.9487
vn 0.1731 -0.3831 -0.9073
vn 0.1622 -0.5006 -0.8504
vn 0.1486 -0.6094 -0.7788
vn 0.1324 -0.7078 -0.6939
vn 0.1139 -0.7940 -0.5972
vn 0.0935 -0.8666 -0.4902
vn 0.0715 -0.9243 -0.3748
vn 0.0483 -0.9663 -0.2530
vn 0.0242 -0.9916 -0.1270
vn -0.0002 -1.0000 0.0013
vn -0.0247 -0.9913 0.1295
vn -0.0487 -0.9656 0.2554
vn -0.0719 -0.9234 0.3770
vn -0.0939 -0.8655 0.4921
vn -0.1142 -0.7927 0.5988
vn -0.1326 -0.7065 0.6952
vn -0.1488 -0.6081 0.7798
vn -0.1623 -0.4994 0.8510
vn -0.1732 -0.3822 0.9077
vn -0.1810 -0.2585 0.9489
vn -0.1858 -0.1304 0.9739
vn -0.1243 0.1304 0.9836
vn -0.1211 0.2585 0.9584
vn -0.1158 0.3822 0.9168
vn -0.1086 0.4994 0.8595
vn -0.0995 0.6081 0.7876
vn -0.0887 0.7065 0.7022
vn -0.0764 0.7927 0.6048
vn -0.0628 0.8655 0.4970
vn -0.0481 0.9234 0.3808
vn -0.0326 0.9656 0.2580
vn -0.0165 0.9913 0.1308
vn 0.0162 0.9916 -0.1282
vn 0.0323 0.9663 -0.2556
vn 0.0478 0.9243 -0.3786
vn 0.0625 0.8666 -0.4951
vn 0.0762 0.7940 -0.6031
vn 0.0885 0.7078 -0.7009
vn 0.0994 0.6094 -0.7866
vn 0.1085 0.5006 -0.8589
vn 0.1158 0.3831 -0.9164
vn 0.1211 0.2591 -0.9582
vn 0.1243 0.1307 -0.9836
vn 0.1243 -0.1307 -0.9836
vn 0.1211 -0.2591 -0.9582
vn 0.1158 -0.3831 -0.9164
vn 0.1085 -0.5006 -0.8589
vn 0.0994 -0.6094 -0.7866
vn 0.0885 -0.7078 -0.7009
vn 0.0762 -0.7940 -0.6031
vn 0.0625 -0.8666 -0.4951
vn 0.0478 -0.9243 -0.3786
vn 0.0323 -0.9663 -0.2556
vn 0.0162 -0.9916 -0.1282
vn -0.0165 -0.9913 0.1308
vn -0.0326 -0.9656 0.2580
vn -0.0481 -0.9234 0.3808
vn -0.0628 -0.8655 0.4970
vn -0.0764 -0.7927 0.6048
vn -0.0887 -0.7065 0.7022
vn -0.0995 -0.6081 0.7876
vn -0.1086 -0.4994 0.8595
vn -0.1158 -0.3822 0.9168
vn -0.1211 -0.2585 0.9584
vn -0.1243 -0.1304 0.9836
vn -0.0623 0.1304 0.9895
vn -0.0607 0.2585 0.9641
vn -0.0580 0.3822 0.9222
vn -0.0544 0.4994 0.8646
vn -0.0498 0.6081 0.7923
vn -0.0444 0.7065 0.7064
vn -0.0383 0.7927 0.6084
vn -0.0315 0.8655 0.5000
vn -0.0241 0.9234 0.3830
vn -0.0163 0.9656 0.2595
vn -0.0083 0.9913 0.1316
vn -0.0001 1.0000 0.0013
vn 0.0081 0.9916 -0.1290
vn 0.0162 0.9663 -0.2571
vn 0.0240 0.9243 -0.3808
vn 0.0313 0.8666 -0.4980
vn 0.0382 0.7940 -0.6067
vn 0.0444 0.7078 -0.7051
vn 0.0498 0.6094 -0.7913
vn 0.0544 0.5006 -0.8640
vn 0.0580 0.3831 -0.9219
vn 0.0606 0.2591 -0.9639
vn 0.0623 0.1307 -0.9895
vn 0.0623 -0.1307 -0.9895
vn 0.0606 -0.2591 -0.9639
vn 0.0580 -0.3831 -0.9219
vn 0.0544 -0.5006 -0.8640
vn 0.0498 -0.6094 -0.7913
vn 0.0444 -0.7078 -0.7051
vn 0.0382 -0.7940 -0.6067
vn 0.0313 -0.8666 -0.4980
vn 0.0240 -0.9243 -0.3808
vn 0.0162 -0.9663 -0.2571
vn 0.0081 -0.9916 -0.1290
vn -0.0001 -1.0000 0.0013
vn -0.0083 -0.9913 0.1316
vn -0.0163 -0.9656 0.2595
vn -0.0241 -0.9234 0.3830
vn -0.0315 -0.8655 0.5000
vn -0.0383 -0.7927 0.6084
vn -0.0444 -0.7065 0.7064
vn -0.0498 -0.6081 0.7923
vn -0.0544 -0.4994 0.8646
vn -0.0580 -0.3822 0.9222
vn -0.0607 -0.2585 0.9641
vn -0.0623 -0.1304 0.9895
vn -0.0000 0.1304 0.9915
vn -0.0000 0.2585 0.9660
vn -0.0000 0.3822 0.9241
vn -0.0000 0.4994 0.8664
vn -0.0000 0.6081 0.7938
vn -0.0000 0.7065 0.7078
vn -0.0000 0.7927 0.6096
vn -0.0000 0.8655 0.5010
vn -0.0000 0.9234 0.3838
vn -0.0000 0.9656 0.2600
vn -0.0000 0.9913 0.1318
vn -0.0000 1.0000 0.0013
vn -0.0000 0.9916 -0.1292
vn -0.0000 0.9663 -0.2576
vn -0.0000 0.9243 -0.3816
vn -0.0000 0.8666 -0.4990
vn -0.0000 0.7940 -0.6079
vn -0.0000 0.7078 -0.7065
vn -0.0000 0.6094 -0.7929
vn -0.0000 0.5006 -0.8657
vn -0.0000 0.3831 -0.9237
vn -0.0000 0.2591 -0.9658
vn -0.0000 0.1307 -0.9914
vn -0.0000 -0.1307 -0.9914
vn -0.0000 -0.2591 -0.9658
vn -0.0000 -0.3831 -0.9237
vn -0.0000 -0.5006 -0.8657
vn -0.0000 -0.6094 -0.7929
vn -0.0000 -0.7078 -0.7065
vn -0.0000 -0.7940 -0.6079
vn -0.0000 -0.8666 -0.4990
vn -0.0000 -0.9243 -0.3816
vn -0.0000 -0.9663 -0.2576
vn -0.0000 -0.9916 -0.1292
vn -0.0000 -1.0000 0.0013
vn -0.0000 -0.9913 0.1318
vn -0.0000 -0.9656 0.2600
vn -0.0000 -0.9234 0.3838
vn -0.0000 -0.8655 0.5010
vn -0.0000 -0.7927 0.6096
vn -0.0000 -0.7065 0.7078
vn -0.0000 -0.6081 0.7938
vn -0.0000 -0.4994 0.8664
vn -0.0000 -0.3822 0.9241
vn -0.0000 -0.2585 0.9660
vn -0.0000 -0.1304 0.9915
vn 0.0623 0.1304 0.9895
vn 0.0607 0.2585 0.9641
vn 0.0580 0.3822 0.9222
vn 0.0544 0.4994 0.8646
vn 0.0498 0.6081 0.7923
vn 0.0444 0.7065 0.7064
vn 0.0383 0.7927 0.6084
vn 0.0315 0.8655 0.5000
vn 0.0241 0.9234 0.3830
vn 0.0163 0.9656 0.2595
vn 0.0083 0.9913 0.1316
vn 0.0001 1.0000 0.0013
vn -0.0081 0.9916 -0.1290
vn -0.0162 0.9663 -0.2571
vn -0.0240 0.9243 -0.3808
vn -0.0313 0.8666 -0.4980
vn -0.0382 0.7940 -0.6067
vn -0.0444 0.7078 -0.7051
vn -0.0498 0.6094 -0.7913
vn -0.0544 0.5006 -0.8640
vn -0.0580 0.3831 -0.9219
vn -0.0606 0.2591 -0.9639
vn -0.0623 0.1307 -0.9895
vn -0.0623 -0.1307 -0.9895
vn -0.0606 -0.2591 -0.9639
vn -0.0580 -0.3831 -0.9219
vn -0.0544 -0.5006 -0.8640
vn -0.0498 -0.6094 -0.7913
vn -0.0444 -0.7078 -0.7051
vn -0.0382 -0.7940 -0.6067
vn -0.0313 -0.8666 -0.4980
vn -0.0240 -0.9243 -0.3808
vn -0.0162 -0.9663 -0.2571
vn -0.0081 -0.9916 -0.1290
vn 0.0001 -1.0000 0.0013
vn 0.0083 -0.9913 0.1316
vn 0.0163 -0.9656 0.2595
vn 0.0241 -0.9234 0.3830
vn 0.0315 -0.8655 0.5000
vn 0.0383 -0.7927 0.6084
vn 0.0444 -0.7065 0.7064
vn 0.0498 -0.6081 0.7923
vn 0.0544 -0.4994 0.8646
vn 0.0580 -0.3822 0.9222
vn 0.0607 -0.2585 0.9641
vn 0.0623 -0.1304 0.9895
vn 0.1243 0.1304 0.9836
vn 0.1211 0.2585 0.9584
vn 0.1158 0.3822 0.9168
vn 0.1086 0.4994 0.8595
vn 0.0995 0.6081 0.7876
vn 0.0887 0.7065 0.7022
vn 0.0764 0.7927 0.6048
vn 0.0628 0.8655 0.4970
vn 0.0481 0.9234 0.3808
vn 0.0326 0.9656 0.2580
vn 0.0165 0.9913 0.1308
vn 0.0002 1.0000 0.0013
vn -0.0162 0.9916 -0.1282
vn -0.0323 0.9663 -0.2556
vn -0.0478 0.9243 -0.3786
vn -0.0625 0.8666 -0.4951
vn -0.0762 0.7940 -0.6031
vn -0.0885 0.7078 -0.7009
vn -0.0994 0.6094 -0.7866
vn -0.1085 0.5006 -0.8589
vn -0.1158 0.3831 -0.9164
vn -0.1211 0.2591 -0.9582
vn -0.1243 0.1307 -0.9836
vn -0.1243 -0.1307 -0.9836
vn -0.1211 -0.2591 -0.9582
vn -0.1158 -0.3831 -0.9164
vn -0.1085 -0.5006 -0.8589
vn -0.0994 -0.6094 -0.7866
vn -0.0885 -0.7078 -0.7009
vn -0.0762 -0.7940 -0.6031
vn -0.0625 -0.8666 -0.4951
vn -0.0478 -0.9243 -0.3786
vn -0.0323 -0.9663 -0.2556
vn -0.0162 -0.9916 -0.1282
vn 0.0002 -1.0000 0.0013
vn 0.0165 -0.9913 0.1308
vn 0.0326 -0.9656 0.2580
vn 0.0481 -0.9234 0.3808
vn 0.0628 -0.8655 0.4970
vn 0.0764 -0.7927 0.6048
vn 0.0887 -0.7065 0.7022
vn 0.0995 -0.6081 0.7876
vn 0.1086 -0.4994 0.8595
vn 0.1158 -0.3822 0.9168
vn 0.1211 -0.2585 0.9584
vn 0.1243 -0.1304 0.9836
vn 0.1858 0.1304 0.9739
vn 0.1810 0.2585 0.9489
vn 0.1732 0.3822 0.9077
vn 0.1623 0.4994 0.8510
vn 0.1488 0.6081 0.7798
vn 0.1326 0.7065 0.6952
vn 0.1142 0.7927 0.5988
vn 0.0939 0.8655 0.4921
vn 0.0719 0.9234 0.3770
vn 0.0487 0.9656 0.2554
vn 0.0247 0.9913 0.1295
vn -0.0242 0.9916 -0.1270
vn -0.0483 0.9663 -0.2530
vn -0.0715 0.9243 -0.3748
vn -0.0935 0.8666 -0.4902
vn -0.1139 0.7940 -0.5972
vn -0.1324 0.7078 -0.6939
vn -0.1486 0.6094 -0.7788
vn -0.1622 0.5006 -0.8504
vn -0.1731 0.3831 -0.9073
vn -0.1810 0.2591 -0.9487
vn -0.1858 0.1307 -0.9739
vn -0.1858 -0.1307 -0.9739
vn -0.1810 -0.2591 -0.9487
vn -0.1731 -0.3831 -0.9073
vn -0.1622 -0.5006 -0.8504
vn -0.1486 -0.6094 -0.7788
vn -0.1324 -0.7078 -0.6939
vn -0.1139 -0.7940 -0.5972
vn -0.0935 -0.8666 -0.4902
vn -0.0715 -0.9243 -0.3748
vn -0.0483 -0.9663 -0.2530
vn -0.0242 -0.9916 -0.1270
vn 0.0247 -0.9913 0.1295
vn 0.0487 -0.9656 0.2554
vn 0.0719 -0.9234 0.3770
vn 0.0939 -0.8655 0.4921
vn 0.1142 -0.7927 0.5988
vn 0.1326 -0.7065 0.6952
vn 0.1488 -0.6081 0.7798
vn 0.1623 -0.4994 0.8510
vn 0.1732 -0.3822 0.9077
vn 0.1810 -0.2585 0.9489
vn 0.1858 -0.1304 0.9739
vn 0.2466 0.1304 0.9603
vn 0.2402 0.2585 0.9357
vn 0.2298 0.3822 0.8950
vn 0.2155 0.4994 0.8391
vn 0.1974 0.6081 0.7689
vn 0.1760 0.7065 0.6855
vn 0.1516 0.7927 0.5904
vn 0.1246 0.8655 0.4852
vn 0.0954 0.9234 0.3717
vn 0.0647 0.9656 0.2519
vn 0.0328 0.9913 0.1277
vn 0.0003 1.0000 0.0013
vn -0.0321 0.9916 -0.1252
vn -0.0641 0.9663 -0.2495
vn -0.0949 0.9243 -0.3696
vn -0.1241 0.8666 -0.4833
vn -0.1512 0.7940 -0.5888
vn -0.1757 0.7078 -0.6843
vn -0.1972 0.6094 -0.7680
vn -0.2153 0.5006 -0.8385
vn -0.2297 0.3831 -0.8947
vn -0.2402 0.2591 -0.9355
vn -0.2466 0.1307 -0.9603
vn -0.2466 -0.1307 -0.9603
vn -0.2402 -0.2591 -0.9355
vn -0.2297 -0.3831 -0.8947
vn -0.2153 -0.5006 -0.8385
vn -0.1972 -0.6094 -0.7680
vn -0.1757 -0.7078 -0.6843
vn -0.1512 -0.7940 -0.5888
vn -0.1241 -0.8666 -0.4833
vn -0.0949 -0.9243 -0.3696
vn -0.0641 -0.9663 -0.2495
vn -0.0321 -0.9916 -0.1252
vn 0.0003 -1.0000 0.0013
vn 0.0328 -0.9913 0.1277
vn 0.0647 -0.9656 0.2519
vn 0.0954 -0.9234 0.3717
vn 0.1246 -0.8655 0.4852
vn 0.1516 -0.7927 0.5904
vn 0.1760 -0.7065 0.6855
vn 0.1974 -0.6081 0.7689
vn 0.2155 -0.4994 0.8391
vn 0.2298 -0.3822 0.8950
vn 0.2402 -0.2585 0.9357
vn 0.2466 -0.1304 0.9603
vn 0.3064 0.1304 0.9429
vn 0.2985 0.2585 0.9187
vn 0.2856 0.3822 0.8788
vn 0.2677 0.4994 0.8239
vn 0.2453 0.6081 0.7550
vn 0.2187 0.7065 0.6731
vn 0.1884 0.7927 0.5797
vn 0.1548 0.8655 0.4765
vn 0.1186 0.9234 0.3650
vn 0.0804 0.9656 0.2473
vn 0.0407 0.9913 0.1254
vn 0.0004 1.0000 0.0012
vn -0.0399 0.9916 -0.1229
vn -0.0796 0.9663 -0.2450
vn -0.1179 0.9243 -0.3629
vn -0.1542 0.8666 -0.4746
vn -0.1879 0.7940 -0.5782
vn -0.2183 0.7078 -0.6719
vn -0.2450 0.6094 -0.7541
vn -0.2675 0.5006 -0.8233
vn -0.2854 0.3831 -0.8785
vn -0.2985 0.2591 -0.9186
vn -0.3064 0.1307 -0.9429
vn -0.3064 -0.1307 -0.9429
vn -0.2985 -0.2591 -0.9186
vn -0.2854 -0.3831 -0.8785
vn -0.2675 -0.5006 -0.8233
vn -0.2450 -0.6094 -0.7541
vn -0.2183 -0.7078 -0.6719
vn -0.1879 -0.7940 -0.5782
vn -0.1542 -0.8666 -0.4746
vn -0.1179 -0.9243 -0.3629
vn -0.0796 -0.9663 -0.2450
vn -0.0399 -0.9916 -0.1229
vn 0.0004 -1.0000 0.0012
vn 0.0407 -0.9913 0.1254
vn 0.0804 -0.9656 0.2473
vn 0.1186 -0.9234 0.3650
vn 0.1548 -0.8655 0.4765
vn 0.1884 -0.7927 0.5797
vn 0.2187 -0.7065 0.6731
vn 0.2453 -0.6081 0.7550
vn 0.2677 -0.4994 0.8239
vn 0.2856 -0.3822 0.8788
vn 0.2985 -0.2585 0.9187
vn 0.3064 -0.1304 0.9429
vn 0.3650 0.1304 0.9218
vn 0.3556 0.2585 0.8982
vn 0.3402 0.3822 0.8592
vn 0.3189 0.4994 0.8055
vn 0.2922 0.6081 0.7381
vn 0.2605 0.7065 0.6581
vn 0.2244 0.7927 0.5668
vn 0.1844 0.8655 0.4658
vn 0.1413 0.9234 0.3568
vn 0.0957 0.9656 0.2418
vn 0.0485 0.9913 0.1226
vn 0.0005 1.0000 0.0012
vn -0.0476 0.9916 -0.1202
vn -0.0948 0.9663 -0.2395
vn -0.1405 0.9243 -0.3548
vn -0.1837 0.8666 -0.4640
vn -0.2238 0.7940 -0.5652
vn -0.2601 0.7078 -0.6568
vn -0.2919 0.6094 -0.7372
vn -0.3187 0.5006 -0.8049
vn -0.3400 0.3831 -0.8588
vn -0.3555 0.2591 -0.8980
vn -0.3650 0.1307 -0.9218
vn -0.3650 -0.1307 -0.9218
vn -0.3555 -0.2591 -0.8980
vn -0.3400 -0.3831 -0.8588
vn -0.3187 -0.5006 -0.8049
vn -0.2919 -0.6094 -0.7372
vn -0.2601 -0.7078 -0.6568
vn -0.2238 -0.7940 -0.5652
vn -0.1837 -0.8666 -0.4640
vn -0.1405 -0.9243 -0.3548
vn -0.0948 -0.9663 -0.2395
vn -0.0476 -0.9916 -0.1202
vn 0.0005 -1.0000 0.0012
vn 0.0485 -0.9913 0.1226
vn 0.0957 -0.9656 0.2418
vn 0.1413 -0.9234 0.3568
vn 0.1844 -0.8655 0.4658
vn 0.2244 -0.7927 0.5668
vn 0.2605 -0.7065 0.6581
vn 0.2922 -0.6081 0.7381
vn 0.3189 -0.4994 0.8055
vn 0.3402 -0.3822 0.8592
vn 0.3556 -0.2585 0.8982
vn 0.3650 -0.1304 0.9218
vn 0.4221 0.1304 0.8971
vn 0.4113 0.2585 0.8741
vn 0.3935 0.3822 0.8361
vn 0.3689 0.4994 0.7839
vn 0.3380 0.6081 0.7183
vn 0.3013 0.7065 0.6404
vn 0.2595 0.7927 0.5516
vn 0.2133 0.8655 0.4533
vn 0.1634 0.9234 0.3473
vn 0.1107 0.9656 0.2353
vn 0.0561 0.9913 0.1193
vn 0.0006 1.0000 0.0012
vn -0.0550 0.9916 -0.1169
vn -0.1097 0.9663 -0.2331
vn -0.1625 0.9243 -0.3453
vn -0.2125 0.8666 -0.4515
vn -0.2588 0.7940 -0.5501
vn -0.3008 0.7078 -0.6392
vn -0.3376 0.6094 -0.7174
vn -0.3686 0.5006 -0.7833
vn -0.3933 0.3831 -0.8358
vn -0.4112 0.2591 -0.8739
vn -0.4221 0.1307 -0.8971
vn -0.4221 -0.1307 -0.8971
vn -0.4112 -0.2591 -0.8739
vn -0.3933 -0.3831 -0.8358
vn -0.3686 -0.5006 -0.7833
vn -0.3376 -0.6094 -0.7174
vn -0.3008 -0.7078 -0.6392
vn -0.2588 -0.7940 -0.5501
vn -0.2125 -0.8666 -0.4515
vn -0.1625 -0.9243 -0.3453
vn -0.1097 -0.9663 -0.2331
vn -0.0550 -0.9916 -0.1169
vn 0.0006 -1.0000 0.0012
vn 0.0561 -0.9913 0.1193
vn 0.1107 -0.9656 0.2353
vn 0.1634 -0.9234 0.3473
vn 0.2133 -0.8655 0.4533
vn 0.2595 -0.7927 0.5516
vn 0.3013 -0.7065 0.6404
vn 0.3380 -0.6081 0.7183
vn 0.3689 -0.4994 0.7839
vn 0.3934 -0.3822 0.8361
vn 0.4113 -0.2585 0.8741
vn 0.4221 -0.1304 0.8971
vn 0.4776 0.1304 0.8688
vn 0.4654 0.2585 0.8465
vn 0.4452 0.3822 0.8098
vn 0.4174 0.4994 0.7592
vn 0.3824 0.6081 0.6956
vn 0.3410 0.7065 0.6202
vn 0.2937 0.7927 0.5342
vn 0.2413 0.8655 0.4390
vn 0.1849 0.9234 0.3363
vn 0.1253 0.9656 0.2279
vn 0.0635 0.9913 0.1155
vn 0.0006 1.0000 0.0011
vn -0.0623 0.9916 -0.1133
vn -0.1241 0.9663 -0.2257
vn -0.1838 0.9243 -0.3344
vn -0.2404 0.8666 -0.4373
vn -0.2929 0.7940 -0.5327
vn -0.3403 0.7078 -0.6191
vn -0.3820 0.6094 -0.6948
vn -0.4171 0.5006 -0.7586
vn -0.4450 0.3831 -0.8094
vn -0.4653 0.2591 -0.8464
vn -0.4776 0.1307 -0.8688
vn -0.4776 -0.1307 -0.8688
vn -0.4653 -0.2591 -0.8464
vn -0.4450 -0.3831 -0.8094
vn -0.4171 -0.5006 -0.7586
vn -0.3820 -0.6094 -0.6948
vn -0.3403 -0.7078 -0.6191
vn -0.2929 -0.7940 -0.5327
vn -0.2404 -0.8666 -0.4373
vn -0.1838 -0.9243 -0.3344
vn -0.1241 -0.9663 -0.2257
vn -0.0623 -0.9916 -0.1133
vn 0.0006 -1.0000 0.0011
vn 0.0635 -0.9913 0.1155
vn 0.1253 -0.9656 0.2279
vn 0.1849 -0.9234 0.3363
vn 0.2413 -0.8655 0.4390
vn 0.2937 -0.7927 0.5342
vn 0.3410 -0.7065 0.6202
vn 0.3824 -0.6081 0.6956
vn 0.4174 -0.4994 0.7592
vn 0.4452 -0.3822 0.8098
vn 0.4654 -0.2585 0.8465
vn 0.4776 -0.1304 0.8688
vn 0.5313 0.1304 0.8371
vn 0.5176 0.2585 0.8156
vn 0.4951 0.3822 0.7802
vn 0.4642 0.4994 0.7315
vn 0.4254 0.6081 0.6703
vn 0.3792 0.7065 0.5976
vn 0.3266 0.7927 0.5147
vn 0.2684 0.8655 0.4230
vn 0.2056 0.9234 0.3241
vn 0.1393 0.9656 0.2196
vn 0.0706 0.9913 0.1113
vn 0.0007 1.0000 0.0011
vn -0.0693 0.9916 -0.1091
vn -0.1380 0.9663 -0.2175
vn -0.2045 0.9243 -0.3222
vn -0.2674 0.8666 -0.4213
vn -0.3257 0.7940 -0.5133
vn -0.3785 0.7078 -0.5965
vn -0.4248 0.6094 -0.6694
vn -0.4639 0.5006 -0.7309
vn -0.4949 0.3831 -0.7799
vn -0.5175 0.2591 -0.8155
vn -0.5312 0.1307 -0.8371
vn -0.5312 -0.1307 -0.8371
vn -0.5175 -0.2591 -0.8155
vn -0.4949 -0.3831 -0.7799
vn -0.4639 -0.5006 -0.7309
vn -0.4248 -0.6094 -0.6694
vn -0.3785 -0.7078 -0.5965
vn -0.3257 -0.7940 -0.5133
vn -0.2674 -0.8666 -0.4213
vn -0.2045 -0.9243 -0.3222
vn -0.1380 -0.9663 -0.2175
vn -0.0693 -0.9916 -0.1091
vn 0.0007 -1.0000 0.0011
vn 0.0706 -0.9913 0.1113
vn 0.1393 -0.9656 0.2196
vn 0.2056 -0.9234 0.3241
vn 0.2684 -0.8655 0.4230
vn 0.3266 -0.7927 0.5147
vn 0.3792 -0.7065 0.5976
vn 0.4254 -0.6081 0.6703
vn 0.4642 -0.4994 0.7315
vn 0.4951 -0.3822 0.7802
vn 0.5176 -0.2585 0.8156
vn 0.5313 -0.1304 0.8371
vn 0.5828 0.1304 0.8021
vn 0.5678 0.2585 0.7815
vn 0.5432 0.3822 0.7476
vn 0.5092 0.4994 0.7009
vn 0.4666 0.6081 0.6422
vn 0.4160 0.7065 0.5726
vn 0.3583 0.7927 0.4932
vn 0.2945 0.8655 0.4053
vn 0.2256 0.9234 0.3105
vn 0.1528 0.9656 0.2104
vn 0.0775 0.9913 0.1066
vn 0.0008 1.0000 0.0011
vn -0.0760 0.9916 -0.1046
vn -0.1514 0.9663 -0.2084
vn -0.2243 0.9243 -0.3087
vn -0.2933 0.8666 -0.4037
vn -0.3573 0.7940 -0.4918
vn -0.4152 0.7078 -0.5715
vn -0.4660 0.6094 -0.6414
vn -0.5088 0.5006 -0.7004
vn -0.5429 0.3831 -0.7473
vn -0.5677 0.2591 -0.7814
vn -0.5827 0.1307 -0.8021
vn -0.5827 -0.1307 -0.8021
vn -0.5677 -0.2591 -0.7814
vn -0.5429 -0.3831 -0.7473
vn -0.5088 -0.5006 -0.7004
vn -0.4660 -0.6094 -0.6414
vn -0.4152 -0.7078 -0.5715
vn -0.3573 -0.7940 -0.4918
vn -0.2933 -0.8666 -0.4037
vn -0.2243 -0.9243 -0.3087
vn -0.1514 -0.9663 -0.2084
vn -0.0760 -0.9916 -0.1046
vn 0.0008 -1.0000 0.0011
vn 0.0775 -0.9913 0.1066
vn 0.1528 -0.9656 0.2104
vn 0.2256 -0.9234 0.3105
vn 0.2945 -0.8655 0.4053
vn 0.3583 -0.7927 0.4932
vn 0.4160 -0.7065 0.5726
vn 0.4666 -0.6081 0.6422
vn 0.5092 -0.4994 0.7009
vn 0.5432 -0.3822 0.7476
vn 0.5678 -0.2585 0.7815
vn 0.5828 -0.1304 0.8021
vn 0.6320 0.1304 0.7639
vn 0.6158 0.2585 0.7443
vn 0.5890 0.3822 0.7120
vn 0.5522 0.4994 0.6675
vn 0.5060 0.6081 0.6117
vn 0.4511 0.7065 0.5453
vn 0.3886 0.7927 0.4697
vn 0.3193 0.8655 0.3860
vn 0.2446 0.9234 0.2957
vn 0.1658 0.9656 0.2004
vn 0.0840 0.9913 0.1016
vn 0.0008 1.0000 0.0010
vn -0.0824 0.9916 -0.0996
vn -0.1642 0.9663 -0.1985
vn -0.2432 0.9243 -0.2940
vn -0.3181 0.8666 -0.3845
vn -0.3875 0.7940 -0.4684
vn -0.4503 0.7078 -0.5443
vn -0.5054 0.6094 -0.6109
vn -0.5518 0.5006 -0.6670
vn -0.5888 0.3831 -0.7117
vn -0.6156 0.2591 -0.7442
vn -0.6320 0.1307 -0.7639
vn -0.6320 -0.1307 -0.7639
vn -0.6156 -0.2591 -0.7442
vn -0.5888 -0.3831 -0.7117
vn -0.5518 -0.5006 -0.6670
vn -0.5054 -0.6094 -0.6109
vn -0.4503 -0.7078 -0.5443
vn -0.3875 -0.7940 -0.4684
vn -0.3181 -0.8666 -0.3845
vn -0.2432 -0.9243 -0.2940
vn -0.1642 -0.9663 -0.1985
vn -0.0824 -0.9916 -0.0996
vn 0.0008 -1.0000 0.0010
vn 0.0840 -0.9913 0.1016
vn 0.1658 -0.9656 0.2004
vn 0.2446 -0.9234 0.2957
vn 0.3193 -0.8655 0.3860
vn 0.3886 -0.7927 0.4697
vn 0.4511 -0.7065 0.5453
vn 0.5060 -0.6081 0.6117
vn 0.5522 -0.4994 0.6675
vn 0.5890 -0.3822 0.7120
vn 0.6158 -0.2585 0.7443
vn 0.6320 -0.1304 0.7639
vn 0.6787 0.1304 0.7227
vn 0.6613 0.2585 0.7042
vn 0.6326 0.3822 0.6736
vn 0.5931 0.4994 0.6315
vn 0.5434 0.6081 0.5787
vn 0.4845 0.7065 0.5159
vn 0.4173 0.7927 0.4444
vn 0.3429 0.8655 0.3652
vn 0.2627 0.9234 0.2798
vn 0.1780 0.9656 0.1896
vn 0.0902 0.9913 0.0961
vn 0.0009 1.0000 0.0010
vn -0.0885 0.9916 -0.0942
vn -0.1763 0.9663 -0.1878
vn -0.2612 0.9243 -0.2781
vn -0.3416 0.8666 -0.3638
vn -0.4162 0.7940 -0.4432
vn -0.4836 0.7078 -0.5150
vn -0.5428 0.6094 -0.5780
vn -0.5926 0.5006 -0.6311
vn -0.6323 0.3831 -0.6733
vn -0.6612 0.2591 -0.7041
vn -0.6787 0.1307 -0.7227
vn -0.6787 -0.1307 -0.7227
vn -0.6612 -0.2591 -0.7041
vn -0.6323 -0.3831 -0.6733
vn -0.5926 -0.5006 -0.6311
vn -0.5428 -0.6094 -0.5780
vn -0.4836 -0.7078 -0.5150
vn -0.4162 -0.7940 -0.4432
vn -0.3416 -0.8666 -0.3638
vn -0.2612 -0.9243 -0.2782
vn -0.1763 -0.9663 -0.1878
vn -0.0885 -0.9916 -0.0942
vn 0.0009 -1.0000 0.0010
vn 0.0902 -0.9913 0.0961
vn 0.1780 -0.9656 0.1896
vn 0.2627 -0.9234 0.2798
vn 0.3429 -0.8655 0.3652
vn 0.4173 -0.7927 0.4444
vn 0.4845 -0.7065 0.5159
vn 0.5434 -0.6081 0.5787
vn 0.5931 -0.4994 0.6315
vn 0.6326 -0.3822 0.6736
vn 0.6613 -0.2585 0.7042
vn 0.6787 -0.1304 0.7227
vn 0.7227 0.1304 0.6787
vn 0.7042 0.2585 0.6613
vn 0.6736 0.3822 0.6326
vn 0.6315 0.4994 0.5931
vn 0.5787 0.6081 0.5434
vn 0.5159 0.7065 0.4845
vn 0.4444 0.7927 0.4173
vn 0.3652 0.8655 0.3429
vn 0.2798 0.9234 0.2627
vn 0.1896 0.9656 0.1780
vn 0.0961 0.9913 0.0902
vn 0.0010 1.0000 0.0009
vn -0.0942 0.9916 -0.0885
vn -0.1878 0.9663 -0.1763
vn -0.2782 0.9243 -0.2612
vn -0.3638 0.8666 -0.3416
vn -0.4432 0.7940 -0.4162
vn -0.5150 0.7078 -0.4836
vn -0.5780 0.6094 -0.5428
vn -0.6311 0.5006 -0.5926
vn -0.6733 0.3831 -0.6323
vn -0.7041 0.2591 -0.6612
vn -0.7227 0.1307 -0.6787
vn -0.7227 -0.1307 -0.6787
vn -0.7041 -0.2591 -0.6612
vn -0.6733 -0.3831 -0.6323
vn -0.6311 -0.5006 -0.5926
vn -0.5780 -0.6094 -0.5428
vn -0.5150 -0.7078 -0.4836
vn -0.4432 -0.7940 -0.4162
vn -0.3638 -0.8666 -0.3416
vn -0.2782 -0.9243 -0.2612
vn -0.1878 -0.9663 -0.1763
vn -0.0942 -0.9916 -0.0885
vn 0.0010 -1.0000 0.0009
vn 0.0961 -0.9913 0.0902
vn 0.1896 -0.9656 0.1780
vn 0.2798 -0.9234 0.2627
vn 0.3652 -0.8655 0.3429
vn 0.4444 -0.7927 0.4173
vn 0.5159 -0.7065 0.4845
vn 0.5787 -0.6081 0.5434
vn 0.6315 -0.4994 0.5931
vn 0.6736 -0.3822 0.6326
vn 0.7042 -0.2585 0.6613
vn 0.7227 -0.1304 0.6787
vn 0.7639 0.1304 0.6320
vn 0.7443 0.2585 0.6158
vn 0.7120 0.3822 0.5890
vn 0.6675 0.4994 0.5522
vn 0.6117 0.6081 0.5060
vn 0.5453 0.7065 0.4511
vn 0.4697 0.7927 0.3886
vn 0.3860 0.8655 0.3193
vn 0.2957 0.9234 0.2446
vn 0.2004 0.9656 0.1658
vn 0.1016 0.9913 0.0840
vn 0.0010 1.0000 0.0008
vn -0.0996 0.9916 -0.0824
vn -0.1985 0.9663 -0.1642
vn -0.2940 0.9243 -0.2432
vn -0.3845 0.8666 -0.3181
vn -0.4684 0.7940 -0.3875
vn -0.5443 0.7078 -0.4503
vn -0.6109 0.6094 -0.5054
vn -0.6670 0.5006 -0.5518
vn -0.7117 0.3831 -0.5888
vn -0.7442 0.2591 -0.6156
vn -0.7639 0.1307 -0.6320
vn -0.7639 -0.1307 -0.6320
vn -0.7442 -0.2591 -0.6156
vn -0.7117 -0.3831 -0.5888
vn -0.6670 -0.5006 -0.5518
vn -0.6109 -0.6094 -0.5054
vn -0.5443 -0.7078 -0.4503
vn -0.4684 -0.7940 -0.3875
vn -0.3845 -0.8666 -0.3181
vn -0.2940 -0.9243 -0.2432
vn -0.1985 -0.9663 -0.1642
vn -0.0996 -0.9916 -0.0824
vn 0.0010 -1.0000 0.0008
vn 0.1016 -0.9913 0.0840
vn 0.2004 -0.9656 0.1658
vn 0.2957 -0.9234 0.2446
vn 0.3860 -0.8655 0.3193
vn 0.4697 -0.7927 0.3886
vn 0.5453 -0.7065 0.4511
vn 0.6117 -0.6081 0.5060
vn 0.6675 -0.4994 0.5522
vn 0.7120 -0.3822 0.5890
vn 0.7443 -0.2585 0.6158
vn 0.7639 -0.1304 0.6320
vn 0.8021 0.1304 0.5828
vn 0.7815 0.2585 0.5678
vn 0.7476 0.3822 0.5432
vn 0.7009 0.4994 0.5092
vn 0.6422 0.6081 0.4666
vn 0.5726 0.7065 0.4160
vn 0.4932 0.7927 0.3583
vn 0.4053 0.8655 0.2945
vn 0.3105 0.9234 0.2256
vn 0.2104 0.9656 0.1528
vn 0.1066 0.9913 0.0775
vn 0.0011 1.0000 0.0008
vn -0.1046 0.9916 -0.0760
vn -0.2084 0.9663 -0.1514
vn -0.3087 0.9243 -0.2243
vn -0.4037 0.8666 -0.2933
vn -0.4918 0.7940 -0.3573
vn -0.5715 0.7078 -0.4152
vn -0.6414 0.6094 -0.4660
vn -0.7004 0.5006 -0.5088
vn -0.7473 0.3831 -0.5429
vn -0.7814 0.2591 -0.5677
vn -0.8021 0.1307 -0.5827
vn -0.8021 -0.1307 -0.5827
vn -0.7814 -0.2591 -0.5677
vn -0.7473 -0.3831 -0.5429
vn -0.7004 -0.5006 -0.5088
vn -0.6414 -0.6094 -0.4660
vn -0.5715 -0.7078 -0.4152
vn -0.4918 -0.7940 -0.3573
vn -0.4037 -0.8666 -0.2933
vn -0.3087 -0.9243 -0.2243
vn -0.2084 -0.9663 -0.1514
vn -0.1046 -0.9916 -0.0760
vn 0.0011 -1.0000 0.0008
vn 0.1066 -0.9913 0.0775
vn 0.2104 -0.9656 0.1528
vn 0.3105 -0.9234 0.2256
vn 0.4053 -0.8655 0.2945
vn 0.4932 -0.7927 0.3583
vn 0.5726 -0.7065 0.4160
vn 0.6422 -0.6081 0.4666
vn 0.7009 -0.4994 0.5092
vn 0.7476 -0.3822 0.5432
vn 0.7815 -0.2585 0.5678
vn 0.8021 -0.1304 0.5828
vn 0.8371 0.1304 0.5313
vn 0.8156 0.2585 0.5176
vn 0.7802 0.3822 0.4951
vn 0.7315 0.4994 0.4642
vn 0.6703 0.6081 0.4254
vn 0.5976 0.7065 0.3792
vn 0.5147 0.7927 0.3266
vn 0.4230 0.8655 0.2684
vn 0.3241 0.9234 0.2056
vn 0.2196 0.9656 0.1393
vn 0.1113 0.9913 0.0706
vn 0.0011 1.0000 0.0007
vn -0.1091 0.9916 -0.0693
vn -0.2175 0.9663 -0.1380
vn -0.3222 0.9243 -0.2045
vn -0.4213 0.8666 -0.2674
vn -0.5133 0.7940 -0.3257
vn -0.5965 0.7078 -0.3785
vn -0.6694 0.6094 -0.4248
vn -0.7309 0.5006 -0.4639
vn -0.7799 0.3831 -0.4949
vn -0.8155 0.2591 -0.5175
vn -0.8371 0.1307 -0.5312
vn -0.8371 -0.1307 -0.5312
vn -0.8155 -0.2591 -0.5175
vn -0.7799 -0.3831 -0.4949
vn -0.7309 -0.5006 -0.4639
vn -0.6694 -0.6094 -0.4248
vn -0.5965 -0.7078 -0.3785
vn -0.5133 -0.7940 -0.3257
vn -0.4213 -0.8666 -0.2674
vn -0.3222 -0.9243 -0.2045
vn -0.2175 -0.9663 -0.1380
vn -0.1091 -0.9916 -0.0693
vn 0.0011 -1.0000 0.0007
vn 0.1113 -0.9913 0.0706
vn 0.2196 -0.9656 0.1393
vn 0.3241 -0.9234 0.2056
vn 0.4230 -0.8655 0.2684
vn 0.5147 -0.7927 0.3266
vn 0.5976 -0.7065 0.3792
vn 0.6703 -0.6081 0.4254
vn 0.7315 -0.4994 0.4642
vn 0.7802 -0.3822 0.4951
vn 0.8156 -0.2585 0.5176
vn 0.8371 -0.1304 0.5313
vn 0.8688 0.1304 0.4776
vn 0.8465 0.2585 0.4654
vn 0.8098 0.3822 0.4452
vn 0.7592 0.4994 0.4174
vn 0.6956 0.6081 0.3824
vn 0.6202 0.7065 0.3410
vn 0.5342 0.7927 0.2937
vn 0.4390 0.8655 0.2413
vn 0.3363 0.9234 0.1849
vn 0.2279 0.9656 0.1253
vn 0.1155 0.9913 0.0635
vn 0.0011 1.0000 0.0006
vn -0.1133 0.9916 -0.0623
vn -0.2257 0.9663 -0.1241
vn -0.3344 0.9243 -0.1838
vn -0.4373 0.8666 -0.2404
vn -0.5327 0.7940 -0.2929
vn -0.6191 0.7078 -0.3403
vn -0.6948 0.6094 -0.3820
vn -0.7586 0.5006 -0.4171
vn -0.8094 0.3831 -0.4450
vn -0.8464 0.2591 -0.4653
vn -0.8688 0.1307 -0.4776
vn -0.8688 -0.1307 -0.4776
vn -0.8464 -0.2591 -0.4653
vn -0.8094 -0.3831 -0.4450
vn -0.7586 -0.5006 -0.4171
vn -0.6948 -0.6094 -0.3820
vn -0.6191 -0.7078 -0.3403
vn -0.5327 -0.7940 -0.2929
vn -0.4373 -0.8666 -0.2404
vn -0.3344 -0.9243 -0.1838
vn -0.2257 -0.9663 -0.1241
vn -0.1133 -0.9916 -0.0623
vn 0.0011 -1.0000 0.0006
vn 0.1155 -0.9913 0.0635
vn 0.2279 -0.9656 0.1253
vn 0.3363 -0.9234 0.1849
vn 0.4390 -0.8655 0.2413
vn 0.5342 -0.7927 0.2937
vn 0.6202 -0.7065 0.3410
vn 0.6956 -0.6081 0.3824
vn 0.7592 -0.4994 0.4174
vn 0.8098 -0.3822 0.4452
vn 0.8465 -0.2585 0.4654
vn 0.8688 -0.1304 0.4776
vn 0.8971 0.1304 0.4221
vn 0.8741 0.2585 0.4113
vn 0.8361 0.3822 0.3935
vn 0.7839 0.4994 0.3689
vn 0.7183 0.6081 0.3380
vn 0.6404 0.7065 0.3013
vn 0.5516 0.7927 0.2595
vn 0.4533 0.8655 0.2133
vn 0.3473 0.9234 0.1634
vn 0.2353 0.9656 0.1107
vn 0.1193 0.9913 0.0561
vn 0.0012 1.0000 0.0006
vn -0.1169 0.9916 -0.0550
vn -0.2331 0.9663 -0.1097
vn -0.3453 0.9243 -0.1625
vn -0.4515 0.8666 -0.2125
vn -0.5501 0.7940 -0.2588
vn -0.6392 0.7078 -0.3008
vn -0.7174 0.6094 -0.3376
vn -0.7833 0.5006 -0.3686
vn -0.8358 0.3831 -0.3933
vn -0.8739 0.2591 -0.4112
vn -0.8971 0.1307 -0.4221
vn -0.8971 -0.1307 -0.4221
vn -0.8739 -0.2591 -0.4112
vn -0.8358 -0.3831 -0.3933
vn -0.7833 -0.5006 -0.3686
vn -0.7174 -0.6094 -0.3376
vn -0.6392 -0.7078 -0.3008
vn -0.5501 -0.7940 -0.2588
vn -0.4515 -0.8666 -0.2125
vn -0.3453 -0.9243 -0.1625
vn -0.2331 -0.9663 -0.1097
vn -0.1169 -0.9916 -0.0550
vn 0.0012 -1.0000 0.0006
vn 0.1193 -0.9913 0.0561
vn 0.2353 -0.9656 0.1107
vn 0.3473 -0.9234 0.1634
vn 0.4533 -0.8655 0.2133
vn 0.5516 -0.7927 0.2595
vn 0.6404 -0.7065 0.3013
vn 0.7183 -0.6081 0.3380
vn 0.7839 -0.4994 0.3689
vn 0.8361 -0.3822 0.3935
vn 0.8741 -0.2585 0.4113
vn 0.8971 -0.1304 0.4221
vn 0.9218 0.1304 0.3650
vn 0.8982 0.2585 0.3556
vn 0.8592 0.3822 0.3402
vn 0.8055 0.4994 0.3189
vn 0.7381 0.6081 0.2922
vn 0.6581 0.7065 0.2605
vn 0.5668 0.7927 0.2244
vn 0.4658 0.8655 0.1844
vn 0.3568 0.9234 0.1413
vn 0.2418 0.9656 0.0957
vn 0.1226 0.9913 0.0485
vn 0.0012 1.0000 0.0005
vn -0.1202 0.9916 -0.0476
vn -0.2395 0.9663 -0.0948
vn -0.3548 0.9243 -0.1405
vn -0.4640 0.8666 -0.1837
vn -0.5652 0.7940 -0.2238
vn -0.6568 0.7078 -0.2601
vn -0.7372 0.6094 -0.2919
vn -0.8049 0.5006 -0.3187
vn -0.8588 0.3831 -0.3400
vn -0.8980 0.2591 -0.3555
vn -0.9218 0.1307 -0.3650
vn -0.9218 -0.1307 -0.3650
vn -0.8980 -0.2591 -0.3555
vn -0.8588 -0.3831 -0.3400
vn -0.8049 -0.5006 -0.3187
vn -0.7372 -0.6094 -0.2919
vn -0.6568 -0.7078 -0.2601
vn -0.5652 -0.7940 -0.2238
vn -0.4640 -0.8666 -0.1837
vn -0.3548 -0.9243 -0.1405
vn -0.2395 -0.9663 -0.0948
vn -0.1202 -0.9916 -0.0476
vn 0.0012 -1.0000 0.0005
vn 0.1226 -0.9913 0.0485
vn 0.2418 -0.9656 0.0957
vn 0.3568 -0.9234 0.1413
vn 0.4658 -0.8655 0.1844
vn 0.5668 -0.7927 0.2244
vn 0.6581 -0.7065 0.2605
vn 0.7381 -0.6081 0.2922
vn 0.8055 -0.4994 0.3189
vn 0.8592 -0.3822 0.3402
vn 0.8982 -0.2585 0.3556
vn 0.9218 -0.1304 0.3650
vn 0.9429 0.1304 0.3064
vn 0.9187 0.2585 0.2985
vn 0.8788 0.3822 0.2856
vn 0.8239 0.4994 0.2677
vn 0.7550 0.6081 0.2453
vn 0.6731 0.7065 0.2187
vn 0.5797 0.7927 0.1884
vn 0.4765 0.8655 0.1548
vn 0.3650 0.9234 0.1186
vn 0.2473 0.9656 0.0804
vn 0.1254 0.9913 0.0407
vn 0.0012 1.0000 0.0004
vn -0.1229 0.9916 -0.0399
vn -0.2450 0.9663 -0.0796
vn -0.3629 0.9243 -0.1179
vn -0.4746 0.8666 -0.1542
vn -0.5782 0.7940 -0.1879
vn -0.6719 0.7078 -0.2183
vn -0.7541 0.6094 -0.2450
vn -0.8233 0.5006 -0.2675
vn -0.8785 0.3831 -0.2854
vn -0.9186 0.2591 -0.2985
vn -0.9429 0.1307 -0.3064
vn -0.9429 -0.1307 -0.3064
vn -0.9186 -0.2591 -0.2985
vn -0.8785 -0.3831 -0.2854
vn -0.8233 -0.5006 -0.2675
vn -0.7541 -0.6094 -0.2450
vn -0.6719 -0.7078 -0.2183
vn -0.5782 -0.7940 -0.1879
vn -0.4746 -0.8666 -0.1542
vn -0.3629 -0.9243 -0.1179
vn -0.2450 -0.9663 -0.0796
vn -0.1229 -0.9916 -0.0399
vn 0.0012 -1.0000 0.0004
vn 0.1254 -0.9913 0.0407
vn 0.2473 -0.9656 0.0804
vn 0.3650 -0.9234 0.1186
vn 0.4765 -0.8655 0.1548
vn 0.5797 -0.7927 0.1884
vn 0.6731 -0.7065 0.2187
vn 0.7550 -0.6081 0.2453
vn 0.8239 -0.4994 0.2677
vn 0.8788 -0.3822 0.2856
vn 0.9187 -0.2585 0.2985
vn 0.9429 -0.1304 0.3064
vn 0.9603 0.1304 0.2466
vn 0.9357 0.2585 0.2402
vn 0.8950 0.3822 0.2298
vn 0.8391 0.4994 0.2155
vn 0.7689 0.6081 0.1974
vn 0.6855 0.7065 0.1760
vn 0.5904 0.7927 0.1516
vn 0.4852 0.8655 0.1246
vn 0.3717 0.9234 0.0954
vn 0.2519 0.9656 0.0647
vn 0.1277 0.9913 0.0328
vn 0.0013 1.0000 0.0003
vn -0.1252 0.9916 -0.0321
vn -0.2495 0.9663 -0.0641
vn -0.3696 0.9243 -0.0949
vn -0.4833 0.8666 -0.1241
vn -0.5888 0.7940 -0.1512
vn -0.6843 0.7078 -0.1757
vn -0.7680 0.6094 -0.1972
vn -0.8385 0.5006 -0.2153
vn -0.8947 0.3831 -0.2297
vn -0.9355 0.2591 -0.2402
vn -0.9603 0.1307 -0.2466
vn -0.9603 -0.1307 -0.2466
vn -0.9355 -0.2591 -0.2402
vn -0.8947 -0.3831 -0.2297
vn -0.8385 -0.5006 -0.2153
vn -0.7680 -0.6094 -0.1972
vn -0.6843 -0.7078 -0.1757
vn -0.5888 -0.7940 -0.1512
vn -0.4833 -0.8666 -0.1241
vn -0.3696 -0.9243 -0.0949
vn -0.2495 -0.9663 -0.0641
vn -0.1252 -0.9916 -0.0321
vn 0.0013 -1.0000 0.0003
vn 0.1277 -0.9913 0.0328
vn 0.2519 -0.9656 0.0647
vn 0.3717 -0.9234 0.0954
vn 0.4852 -0.8655 0.1246
vn 0.5904 -0.7927 0.1516
vn 0.6855 -0.7065 0.1760
vn 0.7689 -0.6081 0.1974
vn 0.8391 -0.4994 0.2155
vn 0.8950 -0.3822 0.2298
vn 0.9357 -0.2585 0.2402
vn 0.9603 -0.1304 0.2466
vn 0.9739 0.1304 0.1858
vn 0.9489 0.2585 0.1810
vn 0.9077 0.3822 0.1732
vn 0.8510 0.4994 0.1623
vn 0.7798 0.6081 0.1488
vn 0.6952 0.7065 0.1326
vn 0.5988 0.7927 0.1142
vn 0.4921 0.8655 0.0939
vn 0.3770 0.9234 0.0719
vn 0.2554 0.9656 0.0487
vn 0.1295 0.9913 0.0247
vn 0.0013 1.0000 0.0002
vn -0.1270 0.9916 -0.0242
vn -0.2530 0.9663 -0.0483
vn -0.3748 0.9243 -0.0715
vn -0.4902 0.8666 -0.0935
vn -0.5972 0.7940 -0.1139
vn -0.6939 0.7078 -0.1324
vn -0.7788 0.6094 -0.1486
vn -0.8504 0.5006 -0.1622
vn -0.9073 0.3831 -0.1731
vn -0.9487 0.2591 -0.1810
vn -0.9739 0.1307 -0.1858
vn -0.9739 -0.1307 -0.1858
vn -0.9487 -0.2591 -0.1810
vn -0.9073 -0.3831 -0.1731
vn -0.8504 -0.5006 -0.1622
vn -0.7788 -0.6094 -0.1486
vn -0.6939 -0.7078 -0.1324
vn -0.5972 -0.7940 -0.1139
vn -0.4902 -0.8666 -0.0935
vn -0.3748 -0.9243 -0.0715
vn -0.2530 -0.9663 -0.0483
vn -0.1270 -0.9916 -0.0242
vn 0.0013 -1.0000 0.0002
vn 0.1295 -0.9913 0.0247
vn 0.2554 -0.9656 0.0487
vn 0.3770 -0.9234 0.0719
vn 0.4921 -0.8655 0.0939
vn 0.5988 -0.7927 0.1142
vn 0.6952 -0.7065 0.1326
vn 0.7798 -0.6081 0.1488
vn 0.8510 -0.4994 0.1623
vn 0.9077 -0.3822 0.1732
vn 0.9489 -0.2585 0.1810
vn 0.9739 -0.1304 0.1858
vn 0.9836 0.1304 0.1243
vn 0.9584 0.2585 0.1211
vn 0.9168 0.3822 0.1158
vn 0.8595 0.4994 0.1086
vn 0.7876 0.6081 0.0995
vn 0.7022 0.7065 0.0887
vn 0.6048 0.7927 0.0764
vn 0.4970 0.8655 0.0628
vn 0.3808 0.9234 0.0481
vn 0.2580 0.9656 0.0326
vn 0.1308 0.9913 0.0165
vn -0.1282 0.9916 -0.0162
vn -0.2556 0.9663 -0.0323
vn -0.3786 0.9243 -0.0478
vn -0.4951 0.8666 -0.0625
vn -0.6031 0.7940 -0.0762
vn -0.7009 0.7078 -0.0885
vn -0.7866 0.6094 -0.0994
vn -0.8589 0.5006 -0.1085
vn -0.9164 0.3831 -0.1158
vn -0.9582 0.2591 -0.1211
vn -0.9836 0.1307 -0.1243
vn -0.9836 -0.1307 -0.1243
vn -0.9582 -0.2591 -0.1211
vn -0.9164 -0.3831 -0.1158
vn -0.8589 -0.5006 -0.1085
vn -0.7866 -0.6094 -0.0994
vn -0.7009 -0.7078 -0.0885
vn -0.6031 -0.7940 -0.0762
vn -0.4951 -0.8666 -0.0625
vn -0.3786 -0.9243 -0.0478
vn -0.2556 -0.9663 -0.0323
vn -0.1282 -0.9916 -0.0162
vn 0.1308 -0.9913 0.0165
vn 0.2580 -0.9656 0.0326
vn 0.3808 -0.9234 0.0481
vn 0.4970 -0.8655 0.0628
vn 0.6048 -0.7927 0.0764
vn 0.7022 -0.7065 0.0887
vn 0.7876 -0.6081 0.0995
vn 0.8595 -0.4994 0.1086
vn 0.9168 -0.3822 0.1158
vn 0.9584 -0.2585 0.1211
vn 0.9836 -0.1304 0.1243
vn 0.9895 0.1304 0.0623
vn 0.9641 0.2585 0.0607
vn 0.9222 0.3822 0.0580
vn 0.8646 0.4994 0.0544
vn 0.7923 0.6081 0.0498
vn 0.7064 0.7065 0.0444
vn 0.6084 0.7927 0.0383
vn 0.5000 0.8655 0.0315
vn 0.3830 0.9234 0.0241
vn 0.2595 0.9656 0.0163
vn 0.1316 0.9913 0.0083
vn 0.0013 1.0000 0.0001
vn -0.1290 0.9916 -0.0081
vn -0.2571 0.9663 -0.0162
vn -0.3808 0.9243 -0.0240
vn -0.4980 0.8666 -0.0313
vn -0.6067 0.7940 -0.0382
vn -0.7051 0.7078 -0.0444
vn -0.7913 0.6094 -0.0498
vn -0.8640 0.5006 -0.0544
vn -0.9219 0.3831 -0.0580
vn -0.9639 0.2591 -0.0606
vn -0.9895 0.1307 -0.0623
vn -0.9895 -0.1307 -0.0623
vn -0.9639 -0.2591 -0.0606
vn -0.9219 -0.3831 -0.0580
vn -0.8640 -0.5006 -0.0544
vn -0.7913 -0.6094 -0.0498
vn -0.7051 -0.7078 -0.0444
vn -0.6067 -0.7940 -0.0382
vn -0.4980 -0.8666 -0.0313
vn -0.3808 -0.9243 -0.0240
vn -0.2571 -0.9663 -0.0162
vn -0.1290 -0.9916 -0.0081
vn 0.0013 -1.0000 0.0001
vn 0.1316 -0.9913 0.0083
vn 0.2595 -0.9656 0.0163
vn 0.3830 -0.9234 0.0241
vn 0.5000 -0.8655 0.0315
vn 0.6084 -0.7927 0.0383
vn 0.7064 -0.7065 0.0444
vn 0.7923 -0.6081 0.0498
vn 0.8646 -0.4994 0.0544
vn 0.9222 -0.3822 0.0580
vn 0.9641 -0.2585 0.0607
vn 0.9895 -0.1304 0.0623
vt 0.520000 0.500000
vt 0.510000 0.520833
vt 0.510000 0.500000
vt 0.520000 0.520833
vt 0.510000 0.541667
vt 0.520000 0.541667
vt 0.510000 0.562500
vt 0.520000 0.562500
vt 0.510000 0.583333
vt 0.520000 0.583333
vt 0.510000 0.604167
vt 0.520000 0.604167
vt 0.510000 0.625000
vt 0.520000 0.625000
vt 0.510000 0.645833
vt 0.520000 0.645833
vt 0.510000 0.666667
vt 0.520000 0.666667
vt 0.510000 0.687500
vt 0.520000 0.687500
vt 0.510000 0.708333
vt 0.520000 0.708333
vt 0.510000 0.729167
vt 0.520000 0.729167
vt 0.510000 0.750000
vt 0.520000 0.770833
vt 0.510000 0.770833
vt 0.520000 0.791667
vt 0.510000 0.791667
vt 0.510000 0.812500
vt 0.520000 0.833333
vt 0.510000 0.833333
vt 0.520000 0.854167
vt 0.510000 0.854167
vt 0.520000 0.875000
vt 0.510000 0.875000
vt 0.520000 0.895833
vt 0.510000 0.895833
vt 0.510000 0.916667
vt 0.520000 0.916667
vt 0.510000 0.937500
vt 0.520000 0.937500
vt 0.510000 0.958333
vt 0.520000 0.958333
vt 0.510000 0.979167
vt 0.520000 0.979167
vt 0.510000 1.000000
vt 0.520000 0.000000
vt 0.510000 0.020833
vt 0.510000 0.000000
vt 0.520000 0.020833
vt 0.510000 0.041667
vt 0.520000 0.062500
vt 0.510000 0.062500
vt 0.510000 0.083333
vt 0.520000 0.104167
vt 0.510000 0.104167
vt 0.510000 0.125000
vt 0.520000 0.125000
vt 0.510000 0.145833
vt 0.520000 0.145833
vt 0.510000 0.166667
vt 0.520000 0.166667
vt 0.510000 0.187500
vt 0.520000 0.208333
vt 0.510000 0.208333
vt 0.510000 0.229167
vt 0.520000 0.229167
vt 0.510000 0.250000
vt 0.520000 0.250000
vt 0.510000 0.270833
vt 0.520000 0.270833
vt 0.510000 0.291667
vt 0.520000 0.291667
vt 0.510000 0.312500
vt 0.520000 0.333333
vt 0.510000 0.333333
vt 0.520000 0.354167
vt 0.510000 0.354167
vt 0.510000 0.375000
vt 0.520000 0.395833
vt 0.510000 0.395833
vt 0.510000 0.416667
vt 0.520000 0.416667
vt 0.510000 0.437500
vt 0.520000 0.458333
vt 0.510000 0.458333
vt 0.520000 0.479167
vt 0.510000 0.479167
vt 0.530000 0.500000
vt 0.530000 0.541667
vt 0.530000 0.583333
vt 0.530000 0.604167
vt 0.530000 0.645833
vt 0.530000 0.666667
vt 0.530000 0.687500
vt 0.530000 0.708333
vt 0.530000 0.729167
vt 0.530000 0.750000
vt 0.520000 0.750000
vt 0.530000 0.770833
vt 0.530000 0.812500
vt 0.520000 0.812500
vt 0.530000 0.854167
vt 0.530000 0.875000
vt 0.530000 0.916667
vt 0.530000 0.937500
vt 0.530000 0.958333
vt 0.530000 1.000000
vt 0.520000 1.000000
vt 0.530000 0.000000
vt 0.530000 0.020833
vt 0.520000 0.041667
vt 0.530000 0.041667
vt 0.530000 0.062500
vt 0.520000 0.083333
vt 0.530000 0.083333
vt 0.530000 0.104167
vt 0.530000 0.125000
vt 0.530000 0.145833
vt 0.530000 0.166667
vt 0.520000 0.187500
vt 0.530000 0.187500
vt 0.530000 0.229167
vt 0.530000 0.250000
vt 0.530000 0.270833
vt 0.530000 0.291667
vt 0.520000 0.312500
vt 0.530000 0.312500
vt 0.530000 0.333333
vt 0.530000 0.354167
vt 0.520000 0.375000
vt 0.530000 0.395833
vt 0.530000 0.416667
vt 0.520000 0.437500
vt 0.530000 0.437500
vt 0.530000 0.458333
vt 0.530000 0.479167
vt 0.540000 0.500000
vt 0.530000 0.520833
vt 0.540000 0.520833
vt 0.540000 0.541667
vt 0.530000 0.562500
vt 0.540000 0.562500
vt 0.540000 0.583333
vt 0.540000 0.604167
vt 0.530000 0.625000
vt 0.540000 0.625000
vt 0.540000 0.645833
vt 0.540000 0.666667
vt 0.540000 0.687500
vt 0.540000 0.729167
vt 0.540000 0.750000
vt 0.540000 0.770833
vt 0.530000 0.791667
vt 0.540000 0.812500
vt 0.530000 0.833333
vt 0.540000 0.833333
vt 0.540000 0.854167
vt 0.540000 0.875000
vt 0.530000 0.895833
vt 0.540000 0.895833
vt 0.540000 0.916667
vt 0.540000 0.937500
vt 0.540000 0.958333
vt 0.530000 0.979167
vt 0.540000 0.979167
vt 0.540000 0.000000
vt 0.540000 0.041667
vt 0.540000 0.062500
vt 0.540000 0.083333
vt 0.540000 0.104167
vt 0.540000 0.125000
vt 0.540000 0.145833
vt 0.540000 0.166667
vt 0.540000 0.187500
vt 0.530000 0.208333
vt 0.540000 0.229167
vt 0.540000 0.250000
vt 0.540000 0.270833
vt 0.540000 0.312500
vt 0.540000 0.333333
vt 0.540000 0.354167
vt 0.540000 0.375000
vt 0.530000 0.375000
vt 0.540000 0.395833
vt 0.540000 0.416667
vt 0.540000 0.437500
vt 0.540000 0.458333
vt 0.540000 0.479167
vt 0.550000 0.500000
vt 0.550000 0.520833
vt 0.550000 0.562500
vt 0.550000 0.583333
vt 0.550000 0.625000
vt 0.550000 0.645833
vt 0.550000 0.666667
vt 0.550000 0.708333
vt 0.540000 0.708333
vt 0.550000 0.729167
vt 0.550000 0.770833
vt 0.540000 0.791667
vt 0.550000 0.791667
vt 0.550000 0.812500
vt 0.550000 0.854167
vt 0.550000 0.875000
vt 0.550000 0.895833
vt 0.550000 0.916667
vt 0.550000 0.937500
vt 0.550000 0.958333
vt 0.550000 0.979167
vt 0.540000 1.000000
vt 0.550000 0.000000
vt 0.540000 0.020833
vt 0.550000 0.020833
vt 0.550000 0.041667
vt 0.550000 0.062500
vt 0.550000 0.083333
vt 0.550000 0.104167
vt 0.550000 0.125000
vt 0.550000 0.145833
vt 0.550000 0.187500
vt 0.550000 0.208333
vt 0.540000 0.208333
vt 0.550000 0.229167
vt 0.550000 0.270833
vt 0.550000 0.291667
vt 0.540000 0.291667
vt 0.550000 0.333333
vt 0.550000 0.354167
vt 0.550000 0.375000
vt 0.550000 0.395833
vt 0.550000 0.416667
vt 0.550000 0.437500
vt 0.550000 0.479167
vt 0.560000 0.500000
vt 0.560000 0.541667
vt 0.550000 0.541667
vt 0.560000 0.562500
vt 0.560000 0.583333
vt 0.550000 0.604167
vt 0.560000 0.625000
vt 0.560000 0.645833
vt 0.560000 0.666667
vt 0.560000 0.687500
vt 0.550000 0.687500
vt 0.560000 0.729167
vt 0.560000 0.750000
vt 0.550000 0.750000
vt 0.560000 0.770833
vt 0.560000 0.791667
vt 0.560000 0.812500
vt 0.550000 0.833333
vt 0.560000 0.854167
vt 0.560000 0.875000
vt 0.560000 0.916667
vt 0.560000 0.958333
vt 0.560000 0.979167
vt 0.550000 1.000000
vt 0.560000 0.020833
vt 0.560000 0.041667
vt 0.560000 0.083333
vt 0.560000 0.125000
vt 0.560000 0.166667
vt 0.550000 0.166667
vt 0.560000 0.187500
vt 0.560000 0.208333
vt 0.560000 0.229167
vt 0.550000 0.250000
vt 0.560000 0.250000
vt 0.560000 0.270833
vt 0.560000 0.312500
vt 0.550000 0.312500
vt 0.560000 0.333333
vt 0.560000 0.354167
vt 0.560000 0.375000
vt 0.560000 0.416667
vt 0.560000 0.437500
vt 0.550000 0.458333
vt 0.560000 0.458333
vt 0.570000 0.500000
vt 0.560000 0.520833
vt 0.570000 0.520833
vt 0.570000 0.541667
vt 0.570000 0.562500
vt 0.570000 0.583333
vt 0.560000 0.604167
vt 0.570000 0.604167
vt 0.570000 0.645833
vt 0.570000 0.687500
vt 0.560000 0.708333
vt 0.570000 0.708333
vt 0.570000 0.750000
vt 0.570000 0.770833
vt 0.570000 0.791667
vt 0.570000 0.833333
vt 0.560000 0.833333
vt 0.570000 0.854167
vt 0.570000 0.895833
vt 0.560000 0.895833
vt 0.570000 0.916667
vt 0.560000 0.937500
vt 0.570000 0.958333
vt 0.570000 0.979167
vt 0.560000 1.000000
vt 0.560000 0.000000
vt 0.570000 0.020833
vt 0.570000 0.041667
vt 0.560000 0.062500
vt 0.570000 0.062500
vt 0.570000 0.083333
vt 0.560000 0.104167
vt 0.570000 0.104167
vt 0.570000 0.145833
vt 0.560000 0.145833
vt 0.570000 0.166667
vt 0.570000 0.187500
vt 0.570000 0.229167
vt 0.570000 0.250000
vt 0.570000 0.270833
vt 0.560000 0.291667
vt 0.570000 0.291667
vt 0.570000 0.312500
vt 0.570000 0.333333
vt 0.570000 0.354167
vt 0.570000 0.395833
vt 0.560000 0.395833
vt 0.570000 0.416667
vt 0.570000 0.437500
vt 0.570000 0.458333
vt 0.560000 0.479167
vt 0.570000 0.479167
vt 0.580000 0.500000
vt 0.580000 0.520833
vt 0.580000 0.562500
vt 0.580000 0.583333
vt 0.580000 0.625000
vt 0.570000 0.625000
vt 0.580000 0.666667
vt 0.570000 0.666667
vt 0.580000 0.687500
vt 0.580000 0.729167
vt 0.570000 0.729167
vt 0.580000 0.750000
vt 0.580000 0.770833
vt 0.580000 0.791667
vt 0.570000 0.812500
vt 0.580000 0.812500
vt 0.580000 0.833333
vt 0.580000 0.854167
vt 0.570000 0.875000
vt 0.580000 0.895833
vt 0.580000 0.916667
vt 0.570000 0.937500
vt 0.580000 0.958333
vt 0.580000 0.979167
vt 0.570000 1.000000
vt 0.580000 0.000000
vt 0.570000 0.000000
vt 0.580000 0.020833
vt 0.580000 0.041667
vt 0.580000 0.083333
vt 0.580000 0.104167
vt 0.570000 0.125000
vt 0.580000 0.145833
vt 0.580000 0.187500
vt 0.580000 0.208333
vt 0.570000 0.208333
vt 0.580000 0.229167
vt 0.580000 0.250000
vt 0.580000 0.270833
vt 0.580000 0.291667
vt 0.580000 0.333333
vt 0.580000 0.354167
vt 0.570000 0.375000
vt 0.580000 0.375000
vt 0.580000 0.395833
vt 0.580000 0.416667
vt 0.580000 0.437500
vt 0.580000 0.479167
vt 0.590000 0.520833
vt 0.590000 0.541667
vt 0.580000 0.541667
vt 0.590000 0.583333
vt 0.590000 0.604167
vt 0.580000 0.604167
vt 0.590000 0.625000
vt 0.590000 0.645833
vt 0.580000 0.645833
vt 0.590000 0.666667
vt 0.590000 0.687500
vt 0.580000 0.708333
vt 0.590000 0.708333
vt 0.590000 0.750000
vt 0.590000 0.770833
vt 0.590000 0.791667
vt 0.590000 0.812500
vt 0.590000 0.833333
vt 0.590000 0.854167
vt 0.580000 0.875000
vt 0.590000 0.875000
vt 0.590000 0.916667
vt 0.590000 0.937500
vt 0.580000 0.937500
vt 0.590000 0.958333
vt 0.590000 0.979167
vt 0.580000 1.000000
vt 0.590000 0.000000
vt 0.590000 0.020833
vt 0.590000 0.041667
vt 0.580000 0.062500
vt 0.590000 0.062500
vt 0.590000 0.083333
vt 0.590000 0.104167
vt 0.580000 0.125000
vt 0.590000 0.125000
vt 0.590000 0.145833
vt 0.580000 0.166667
vt 0.590000 0.166667
vt 0.590000 0.187500
vt 0.590000 0.208333
vt 0.590000 0.229167
vt 0.590000 0.250000
vt 0.590000 0.270833
vt 0.590000 0.291667
vt 0.580000 0.312500
vt 0.590000 0.312500
vt 0.590000 0.333333
vt 0.590000 0.354167
vt 0.590000 0.375000
vt 0.590000 0.395833
vt 0.590000 0.416667
vt 0.590000 0.458333
vt 0.580000 0.458333
vt 0.590000 0.479167
vt 0.600000 0.500000
vt 0.590000 0.500000
vt 0.600000 0.520833
vt 0.600000 0.541667
vt 0.590000 0.562500
vt 0.600000 0.562500
vt 0.600000 0.604167
vt 0.600000 0.625000
vt 0.600000 0.645833
vt 0.600000 0.666667
vt 0.600000 0.708333
vt 0.600000 0.729167
vt 0.590000 0.729167
vt 0.600000 0.750000
vt 0.600000 0.770833
vt 0.600000 0.791667
vt 0.600000 0.833333
vt 0.600000 0.875000
vt 0.590000 0.895833
vt 0.600000 0.895833
vt 0.600000 0.916667
vt 0.600000 0.958333
vt 0.600000 0.979167
vt 0.590000 1.000000
vt 0.600000 0.000000
vt 0.600000 0.020833
vt 0.600000 0.041667
vt 0.600000 0.062500
vt 0.600000 0.083333
vt 0.600000 0.125000
vt 0.600000 0.166667
vt 0.600000 0.187500
vt 0.600000 0.229167
vt 0.600000 0.250000
vt 0.600000 0.270833
vt 0.600000 0.291667
vt 0.600000 0.333333
vt 0.600000 0.354167
vt 0.600000 0.395833
vt 0.600000 0.437500
vt 0.590000 0.437500
vt 0.600000 0.458333
vt 0.610000 0.500000
vt 0.610000 0.541667
vt 0.610000 0.562500
vt 0.600000 0.583333
vt 0.610000 0.583333
vt 0.610000 0.604167
vt 0.610000 0.645833
vt 0.610000 0.666667
vt 0.600000 0.687500
vt 0.610000 0.687500
vt 0.610000 0.729167
vt 0.610000 0.770833
vt 0.610000 0.812500
vt 0.600000 0.812500
vt 0.610000 0.833333
vt 0.600000 0.854167
vt 0.610000 0.875000
vt 0.610000 0.916667
vt 0.600000 0.937500
vt 0.610000 0.937500
vt 0.610000 0.958333
vt 0.610000 0.979167
vt 0.600000 1.000000
vt 0.610000 0.000000
vt 0.610000 0.020833
vt 0.610000 0.062500
vt 0.610000 0.083333
vt 0.600000 0.104167
vt 0.610000 0.125000
vt 0.600000 0.145833
vt 0.610000 0.145833
vt 0.610000 0.166667
vt 0.610000 0.187500
vt 0.600000 0.208333
vt 0.610000 0.229167
vt 0.610000 0.250000
vt 0.610000 0.291667
vt 0.600000 0.312500
vt 0.610000 0.333333
vt 0.610000 0.354167
vt 0.600000 0.375000
vt 0.610000 0.375000
vt 0.610000 0.416667
vt 0.600000 0.416667
vt 0.610000 0.437500
vt 0.610000 0.458333
vt 0.600000 0.479167
vt 0.620000 0.520833
vt 0.610000 0.520833
vt 0.620000 0.541667
vt 0.620000 0.562500
vt 0.620000 0.583333
vt 0.620000 0.625000
vt 0.610000 0.625000
vt 0.620000 0.666667
vt 0.620000 0.687500
vt 0.610000 0.708333
vt 0.620000 0.729167
vt 0.610000 0.750000
vt 0.620000 0.770833
vt 0.610000 0.791667
vt 0.620000 0.812500
vt 0.620000 0.833333
vt 0.610000 0.854167
vt 0.620000 0.875000
vt 0.620000 0.895833
vt 0.610000 0.895833
vt 0.620000 0.916667
vt 0.620000 0.958333
vt 0.620000 0.979167
vt 0.610000 1.000000
vt 0.620000 0.020833
vt 0.620000 0.041667
vt 0.610000 0.041667
vt 0.620000 0.083333
vt 0.610000 0.104167
vt 0.620000 0.104167
vt 0.620000 0.125000
vt 0.620000 0.166667
vt 0.620000 0.187500
vt 0.610000 0.208333
vt 0.620000 0.229167
vt 0.620000 0.250000
vt 0.610000 0.270833
vt 0.620000 0.270833
vt 0.620000 0.312500
vt 0.610000 0.312500
vt 0.620000 0.333333
vt 0.620000 0.354167
vt 0.620000 0.375000
vt 0.610000 0.395833
vt 0.620000 0.416667
vt 0.620000 0.437500
vt 0.620000 0.458333
vt 0.610000 0.479167
vt 0.620000 0.479167
vt 0.630000 0.500000
vt 0.620000 0.500000
vt 0.630000 0.520833
vt 0.630000 0.562500
vt 0.630000 0.604167
vt 0.620000 0.604167
vt 0.630000 0.625000
vt 0.620000 0.645833
vt 0.630000 0.666667
vt 0.630000 0.708333
vt 0.620000 0.708333
vt 0.630000 0.729167
vt 0.620000 0.750000
vt 0.630000 0.750000
vt 0.630000 0.770833
vt 0.620000 0.791667
vt 0.630000 0.812500
vt 0.630000 0.833333
vt 0.620000 0.854167
vt 0.630000 0.854167
vt 0.630000 0.875000
vt 0.630000 0.895833
vt 0.630000 0.916667
vt 0.620000 0.937500
vt 0.630000 0.937500
vt 0.630000 0.958333
vt 0.630000 0.979167
vt 0.620000 1.000000
vt 0.620000 0.000000
vt 0.630000 0.020833
vt 0.630000 0.041667
vt 0.630000 0.062500
vt 0.620000 0.062500
vt 0.630000 0.104167
vt 0.630000 0.125000
vt 0.620000 0.145833
vt 0.630000 0.166667
vt 0.630000 0.187500
vt 0.620000 0.208333
vt 0.630000 0.229167
vt 0.630000 0.250000
vt 0.630000 0.270833
vt 0.630000 0.291667
vt 0.620000 0.291667
vt 0.630000 0.333333
vt 0.630000 0.354167
vt 0.630000 0.375000
vt 0.620000 0.395833
vt 0.630000 0.395833
vt 0.630000 0.437500
vt 0.630000 0.479167
vt 0.640000 0.520833
vt 0.630000 0.541667
vt 0.640000 0.562500
vt 0.630000 0.583333
vt 0.640000 0.604167
vt 0.640000 0.625000
vt 0.630000 0.645833
vt 0.640000 0.666667
vt 0.630000 0.687500
vt 0.640000 0.708333
vt 0.640000 0.750000
vt 0.640000 0.770833
vt 0.630000 0.791667
vt 0.640000 0.791667
vt 0.640000 0.812500
vt 0.640000 0.833333
vt 0.640000 0.854167
vt 0.640000 0.875000
vt 0.640000 0.895833
vt 0.640000 0.916667
vt 0.640000 0.937500
vt 0.640000 0.958333
vt 0.640000 0.979167
vt 0.630000 1.000000
vt 0.630000 0.000000
vt 0.640000 0.020833
vt 0.640000 0.041667
vt 0.640000 0.083333
vt 0.630000 0.083333
vt 0.640000 0.104167
vt 0.640000 0.145833
vt 0.630000 0.145833
vt 0.640000 0.187500
vt 0.630000 0.208333
vt 0.640000 0.229167
vt 0.640000 0.250000
vt 0.640000 0.291667
vt 0.630000 0.312500
vt 0.640000 0.333333
vt 0.640000 0.375000
vt 0.640000 0.395833
vt 0.630000 0.416667
vt 0.640000 0.437500
vt 0.630000 0.458333
vt 0.640000 0.479167
vt 0.650000 0.500000
vt 0.640000 0.500000
vt 0.650000 0.520833
vt 0.640000 0.541667
vt 0.650000 0.541667
vt 0.650000 0.562500
vt 0.640000 0.583333
vt 0.650000 0.583333
vt 0.650000 0.604167
vt 0.650000 0.625000
vt 0.640000 0.645833
vt 0.650000 0.666667
vt 0.640000 0.687500
vt 0.650000 0.687500
vt 0.650000 0.708333
vt 0.640000 0.729167
vt 0.650000 0.729167
vt 0.650000 0.750000
vt 0.650000 0.791667
vt 0.650000 0.812500
vt 0.650000 0.854167
vt 0.650000 0.875000
vt 0.650000 0.895833
vt 0.650000 0.916667
vt 0.650000 0.937500
vt 0.650000 0.958333
vt 0.650000 0.979167
vt 0.640000 1.000000
vt 0.650000 0.000000
vt 0.640000 0.000000
vt 0.650000 0.041667
vt 0.640000 0.062500
vt 0.650000 0.083333
vt 0.650000 0.104167
vt 0.650000 0.125000
vt 0.640000 0.125000
vt 0.650000 0.145833
vt 0.640000 0.166667
vt 0.650000 0.187500
vt 0.650000 0.208333
vt 0.640000 0.208333
vt 0.650000 0.250000
vt 0.650000 0.270833
vt 0.640000 0.270833
vt 0.650000 0.291667
vt 0.650000 0.312500
vt 0.640000 0.312500
vt 0.650000 0.354167
vt 0.640000 0.354167
vt 0.650000 0.375000
vt 0.650000 0.395833
vt 0.640000 0.416667
vt 0.650000 0.437500
vt 0.650000 0.458333
vt 0.640000 0.458333
vt 0.660000 0.500000
vt 0.660000 0.520833
vt 0.660000 0.541667
vt 0.660000 0.583333
vt 0.660000 0.604167
vt 0.660000 0.645833
vt 0.650000 0.645833
vt 0.660000 0.666667
vt 0.660000 0.708333
vt 0.660000 0.750000
vt 0.650000 0.770833
vt 0.660000 0.791667
vt 0.660000 0.812500
vt 0.650000 0.833333
vt 0.660000 0.833333
vt 0.660000 0.875000
vt 0.660000 0.895833
vt 0.660000 0.916667
vt 0.660000 0.937500
vt 0.660000 0.958333
vt 0.660000 1.000000
vt 0.650000 1.000000
vt 0.660000 0.000000
vt 0.650000 0.020833
vt 0.660000 0.020833
vt 0.660000 0.041667
vt 0.650000 0.062500
vt 0.660000 0.062500
vt 0.660000 0.104167
vt 0.660000 0.125000
vt 0.660000 0.145833
vt 0.660000 0.166667
vt 0.650000 0.166667
vt 0.660000 0.208333
vt 0.650000 0.229167
vt 0.660000 0.229167
vt 0.660000 0.250000
vt 0.660000 0.291667
vt 0.660000 0.333333
vt 0.650000 0.333333
vt 0.660000 0.354167
vt 0.660000 0.395833
vt 0.650000 0.416667
vt 0.660000 0.416667
vt 0.660000 0.437500
vt 0.660000 0.479167
vt 0.650000 0.479167
vt 0.670000 0.520833
vt 0.670000 0.562500
vt 0.660000 0.562500
vt 0.670000 0.604167
vt 0.670000 0.625000
vt 0.660000 0.625000
vt 0.670000 0.645833
vt 0.670000 0.666667
vt 0.660000 0.687500
vt 0.670000 0.687500
vt 0.670000 0.708333
vt 0.660000 0.729167
vt 0.670000 0.750000
vt 0.670000 0.770833
vt 0.660000 0.770833
vt 0.670000 0.791667
vt 0.670000 0.812500
vt 0.670000 0.833333
vt 0.660000 0.854167
vt 0.670000 0.875000
vt 0.670000 0.895833
vt 0.670000 0.937500
vt 0.670000 0.958333
vt 0.660000 0.979167
vt 0.670000 0.979167
vt 0.670000 0.000000
vt 0.670000 0.020833
vt 0.670000 0.062500
vt 0.660000 0.083333
vt 0.670000 0.104167
vt 0.670000 0.125000
vt 0.670000 0.166667
vt 0.660000 0.187500
vt 0.670000 0.187500
vt 0.670000 0.208333
vt 0.670000 0.229167
vt 0.670000 0.250000
vt 0.660000 0.270833
vt 0.670000 0.291667
vt 0.660000 0.312500
vt 0.670000 0.312500
vt 0.670000 0.333333
vt 0.670000 0.354167
vt 0.660000 0.375000
vt 0.670000 0.375000
vt 0.670000 0.395833
vt 0.670000 0.416667
vt 0.670000 0.437500
vt 0.660000 0.458333
vt 0.670000 0.479167
vt 0.680000 0.500000
vt 0.670000 0.500000
vt 0.680000 0.520833
vt 0.670000 0.541667
vt 0.680000 0.562500
vt 0.670000 0.583333
vt 0.680000 0.583333
vt 0.680000 0.604167
vt 0.680000 0.625000
vt 0.680000 0.645833
vt 0.680000 0.666667
vt 0.680000 0.708333
vt 0.670000 0.729167
vt 0.680000 0.729167
vt 0.680000 0.750000
vt 0.680000 0.770833
vt 0.680000 0.812500
vt 0.680000 0.854167
vt 0.670000 0.854167
vt 0.680000 0.895833
vt 0.670000 0.916667
vt 0.680000 0.937500
vt 0.680000 0.979167
vt 0.670000 1.000000
vt 0.680000 0.000000
vt 0.680000 0.020833
vt 0.670000 0.041667
vt 0.680000 0.062500
vt 0.670000 0.083333
vt 0.680000 0.104167
vt 0.680000 0.145833
vt 0.670000 0.145833
vt 0.680000 0.187500
vt 0.680000 0.229167
vt 0.680000 0.270833
vt 0.670000 0.270833
vt 0.680000 0.291667
vt 0.680000 0.312500
vt 0.680000 0.354167
vt 0.680000 0.375000
vt 0.680000 0.416667
vt 0.680000 0.437500
vt 0.670000 0.458333
vt 0.680000 0.458333
vt 0.690000 0.500000
vt 0.690000 0.541667
vt 0.680000 0.541667
vt 0.690000 0.562500
vt 0.690000 0.604167
vt 0.690000 0.625000
vt 0.690000 0.645833
vt 0.690000 0.666667
vt 0.680000 0.687500
vt 0.690000 0.687500
vt 0.690000 0.708333
vt 0.690000 0.750000
vt 0.690000 0.770833
vt 0.680000 0.791667
vt 0.690000 0.791667
vt 0.690000 0.812500
vt 0.680000 0.833333
vt 0.690000 0.854167
vt 0.680000 0.875000
vt 0.690000 0.895833
vt 0.690000 0.916667
vt 0.680000 0.916667
vt 0.690000 0.937500
vt 0.680000 0.958333
vt 0.690000 0.958333
vt 0.690000 1.000000
vt 0.680000 1.000000
vt 0.690000 0.020833
vt 0.690000 0.041667
vt 0.680000 0.041667
vt 0.690000 0.062500
vt 0.680000 0.083333
vt 0.690000 0.083333
vt 0.690000 0.104167
vt 0.680000 0.125000
vt 0.690000 0.145833
vt 0.680000 0.166667
vt 0.690000 0.187500
vt 0.690000 0.208333
vt 0.680000 0.208333
vt 0.690000 0.229167
vt 0.680000 0.250000
vt 0.690000 0.250000
vt 0.690000 0.291667
vt 0.690000 0.312500
vt 0.680000 0.333333
vt 0.690000 0.333333
vt 0.690000 0.354167
vt 0.690000 0.375000
vt 0.680000 0.395833
vt 0.690000 0.395833
vt 0.690000 0.437500
vt 0.690000 0.458333
vt 0.680000 0.479167
vt 0.690000 0.479167
vt 0.700000 0.500000
vt 0.690000 0.520833
vt 0.700000 0.520833
vt 0.700000 0.562500
vt 0.690000 0.583333
vt 0.700000 0.604167
vt 0.700000 0.625000
vt 0.700000 0.666667
vt 0.700000 0.687500
vt 0.700000 0.708333
vt 0.700000 0.729167
vt 0.690000 0.729167
vt 0.700000 0.750000
vt 0.700000 0.791667
vt 0.700000 0.812500
vt 0.690000 0.833333
vt 0.700000 0.833333
vt 0.700000 0.854167
vt 0.690000 0.875000
vt 0.700000 0.875000
vt 0.700000 0.895833
vt 0.700000 0.916667
vt 0.700000 0.958333
vt 0.690000 0.979167
vt 0.700000 0.979167
vt 0.700000 0.000000
vt 0.690000 0.000000
vt 0.700000 0.041667
vt 0.700000 0.062500
vt 0.700000 0.083333
vt 0.700000 0.104167
vt 0.690000 0.125000
vt 0.700000 0.145833
vt 0.690000 0.166667
vt 0.700000 0.187500
vt 0.700000 0.208333
vt 0.700000 0.229167
vt 0.700000 0.270833
vt 0.690000 0.270833
vt 0.700000 0.291667
vt 0.700000 0.312500
vt 0.700000 0.333333
vt 0.700000 0.354167
vt 0.700000 0.375000
vt 0.700000 0.395833
vt 0.690000 0.416667
vt 0.700000 0.437500
vt 0.700000 0.479167
vt 0.710000 0.500000
vt 0.710000 0.520833
vt 0.700000 0.541667
vt 0.710000 0.562500
vt 0.700000 0.583333
vt 0.710000 0.604167
vt 0.710000 0.625000
vt 0.700000 0.645833
vt 0.710000 0.645833
vt 0.710000 0.666667
vt 0.710000 0.687500
vt 0.710000 0.729167
vt 0.710000 0.750000
vt 0.700000 0.770833
vt 0.710000 0.791667
vt 0.710000 0.812500
vt 0.710000 0.833333
vt 0.710000 0.854167
vt 0.710000 0.895833
vt 0.710000 0.916667
vt 0.700000 0.937500
vt 0.710000 0.937500
vt 0.710000 0.958333
vt 0.710000 0.979167
vt 0.700000 1.000000
vt 0.710000 0.000000
vt 0.700000 0.020833
vt 0.710000 0.020833
vt 0.710000 0.062500
vt 0.710000 0.104167
vt 0.700000 0.125000
vt 0.710000 0.145833
vt 0.700000 0.166667
vt 0.710000 0.166667
vt 0.710000 0.187500
vt 0.710000 0.208333
vt 0.710000 0.250000
vt 0.700000 0.250000
vt 0.710000 0.270833
vt 0.710000 0.312500
vt 0.710000 0.333333
vt 0.710000 0.354167
vt 0.710000 0.375000
vt 0.710000 0.395833
vt 0.700000 0.416667
vt 0.710000 0.416667
vt 0.710000 0.437500
vt 0.700000 0.458333
vt 0.710000 0.458333
vt 0.710000 0.479167
vt 0.720000 0.520833
vt 0.710000 0.541667
vt 0.720000 0.541667
vt 0.720000 0.562500
vt 0.710000 0.583333
vt 0.720000 0.583333
vt 0.720000 0.604167
vt 0.720000 0.625000
vt 0.720000 0.645833
vt 0.720000 0.687500
vt 0.710000 0.708333
vt 0.720000 0.729167
vt 0.720000 0.750000
vt 0.710000 0.770833
vt 0.720000 0.791667
vt 0.720000 0.812500
vt 0.720000 0.833333
vt 0.720000 0.854167
vt 0.710000 0.875000
vt 0.720000 0.875000
vt 0.720000 0.895833
vt 0.720000 0.916667
vt 0.720000 0.937500
vt 0.720000 0.958333
vt 0.720000 0.979167
vt 0.710000 1.000000
vt 0.720000 0.020833
vt 0.720000 0.041667
vt 0.710000 0.041667
vt 0.720000 0.062500
vt 0.710000 0.083333
vt 0.720000 0.104167
vt 0.710000 0.125000
vt 0.720000 0.145833
vt 0.720000 0.187500
vt 0.720000 0.208333
vt 0.720000 0.229167
vt 0.710000 0.229167
vt 0.720000 0.270833
vt 0.710000 0.291667
vt 0.720000 0.291667
vt 0.720000 0.312500
vt 0.720000 0.354167
vt 0.720000 0.375000
vt 0.720000 0.395833
vt 0.720000 0.416667
vt 0.720000 0.437500
vt 0.720000 0.479167
vt 0.730000 0.500000
vt 0.720000 0.500000
vt 0.730000 0.520833
vt 0.730000 0.541667
vt 0.730000 0.583333
vt 0.730000 0.604167
vt 0.730000 0.645833
vt 0.730000 0.666667
vt 0.720000 0.666667
vt 0.730000 0.687500
vt 0.720000 0.708333
vt 0.730000 0.708333
vt 0.730000 0.729167
vt 0.730000 0.750000
vt 0.720000 0.770833
vt 0.730000 0.770833
vt 0.730000 0.812500
vt 0.730000 0.833333
vt 0.730000 0.875000
vt 0.730000 0.895833
vt 0.730000 0.916667
vt 0.730000 0.958333
vt 0.730000 0.979167
vt 0.720000 1.000000
vt 0.730000 0.000000
vt 0.720000 0.000000
vt 0.730000 0.020833
vt 0.730000 0.062500
vt 0.720000 0.083333
vt 0.730000 0.104167
vt 0.730000 0.125000
vt 0.720000 0.125000
vt 0.730000 0.166667
vt 0.720000 0.166667
vt 0.730000 0.187500
vt 0.730000 0.208333
vt 0.730000 0.250000
vt 0.720000 0.250000
vt 0.730000 0.270833
vt 0.730000 0.312500
vt 0.730000 0.333333
vt 0.720000 0.333333
vt 0.730000 0.354167
vt 0.730000 0.395833
vt 0.730000 0.416667
vt 0.730000 0.458333
vt 0.720000 0.458333
vt 0.740000 0.500000
vt 0.740000 0.520833
vt 0.740000 0.541667
vt 0.730000 0.562500
vt 0.740000 0.562500
vt 0.740000 0.583333
vt 0.740000 0.604167
vt 0.730000 0.625000
vt 0.740000 0.625000
vt 0.740000 0.666667
vt 0.740000 0.687500
vt 0.740000 0.708333
vt 0.740000 0.729167
vt 0.740000 0.750000
vt 0.740000 0.770833
vt 0.730000 0.791667
vt 0.740000 0.812500
vt 0.740000 0.833333
vt 0.730000 0.854167
vt 0.740000 0.854167
vt 0.740000 0.875000
vt 0.740000 0.895833
vt 0.740000 0.916667
vt 0.730000 0.937500
vt 0.740000 0.937500
vt 0.740000 0.958333
vt 0.740000 0.979167
vt 0.730000 1.000000
vt 0.740000 0.000000
vt 0.740000 0.041667
vt 0.730000 0.041667
vt 0.740000 0.062500
vt 0.730000 0.083333
vt 0.740000 0.104167
vt 0.740000 0.125000
vt 0.740000 0.145833
vt 0.730000 0.145833
vt 0.740000 0.166667
vt 0.740000 0.187500
vt 0.740000 0.208333
vt 0.730000 0.229167
vt 0.740000 0.250000
vt 0.740000 0.270833
vt 0.740000 0.291667
vt 0.730000 0.291667
vt 0.740000 0.312500
vt 0.740000 0.333333
vt 0.740000 0.375000
vt 0.730000 0.375000
vt 0.740000 0.395833
vt 0.740000 0.416667
vt 0.730000 0.437500
vt 0.740000 0.437500
vt 0.740000 0.458333
vt 0.730000 0.479167
vt 0.740000 0.479167
vt 0.750000 0.520833
vt 0.750000 0.541667
vt 0.750000 0.562500
vt 0.750000 0.604167
vt 0.750000 0.645833
vt 0.740000 0.645833
vt 0.750000 0.666667
vt 0.750000 0.708333
vt 0.750000 0.729167
vt 0.750000 0.770833
vt 0.750000 0.791667
vt 0.740000 0.791667
vt 0.750000 0.833333
vt 0.750000 0.854167
vt 0.750000 0.875000
vt 0.750000 0.895833
vt 0.750000 0.916667
vt 0.750000 0.937500
vt 0.750000 0.979167
vt 0.750000 1.000000
vt 0.740000 1.000000
vt 0.750000 0.000000
vt 0.740000 0.020833
vt 0.750000 0.020833
vt 0.750000 0.041667
vt 0.750000 0.062500
vt 0.740000 0.083333
vt 0.750000 0.083333
vt 0.750000 0.104167
vt 0.750000 0.125000
vt 0.750000 0.145833
vt 0.750000 0.166667
vt 0.750000 0.187500
vt 0.750000 0.208333
vt 0.740000 0.229167
vt 0.750000 0.229167
vt 0.750000 0.270833
vt 0.750000 0.291667
vt 0.750000 0.312500
vt 0.750000 0.333333
vt 0.740000 0.354167
vt 0.750000 0.354167
vt 0.750000 0.395833
vt 0.750000 0.437500
vt 0.750000 0.458333
vt 0.750000 0.479167
vt 0.760000 0.500000
vt 0.750000 0.500000
vt 0.760000 0.520833
vt 0.760000 0.541667
vt 0.760000 0.562500
vt 0.750000 0.583333
vt 0.760000 0.583333
vt 0.760000 0.625000
vt 0.750000 0.625000
vt 0.760000 0.666667
vt 0.760000 0.687500
vt 0.750000 0.687500
vt 0.760000 0.729167
vt 0.750000 0.750000
vt 0.760000 0.750000
vt 0.760000 0.770833
vt 0.760000 0.812500
vt 0.750000 0.812500
vt 0.760000 0.833333
vt 0.760000 0.854167
vt 0.760000 0.875000
vt 0.760000 0.895833
vt 0.760000 0.916667
vt 0.760000 0.937500
vt 0.750000 0.958333
vt 0.760000 0.958333
vt 0.760000 0.979167
vt 0.760000 0.000000
vt 0.760000 0.020833
vt 0.760000 0.041667
vt 0.760000 0.062500
vt 0.760000 0.083333
vt 0.760000 0.125000
vt 0.760000 0.166667
vt 0.760000 0.187500
vt 0.760000 0.229167
vt 0.760000 0.250000
vt 0.750000 0.250000
vt 0.760000 0.270833
vt 0.760000 0.312500
vt 0.760000 0.333333
vt 0.760000 0.354167
vt 0.750000 0.375000
vt 0.760000 0.375000
vt 0.760000 0.395833
vt 0.750000 0.416667
vt 0.760000 0.416667
vt 0.760000 0.437500
vt 0.760000 0.458333
vt 0.760000 0.479167
vt 0.770000 0.500000
vt 0.770000 0.520833
vt 0.770000 0.541667
vt 0.770000 0.562500
vt 0.770000 0.583333
vt 0.760000 0.604167
vt 0.770000 0.604167
vt 0.770000 0.625000
vt 0.760000 0.645833
vt 0.770000 0.645833
vt 0.770000 0.666667
vt 0.770000 0.687500
vt 0.760000 0.708333
vt 0.770000 0.708333
vt 0.770000 0.729167
vt 0.770000 0.770833
vt 0.770000 0.791667
vt 0.760000 0.791667
vt 0.770000 0.812500
vt 0.770000 0.854167
vt 0.770000 0.895833
vt 0.770000 0.916667
vt 0.770000 0.937500
vt 0.770000 0.958333
vt 0.770000 0.979167
vt 0.760000 1.000000
vt 0.770000 0.000000
vt 0.770000 0.041667
vt 0.770000 0.062500
vt 0.770000 0.083333
vt 0.760000 0.104167
vt 0.770000 0.104167
vt 0.770000 0.125000
vt 0.760000 0.145833
vt 0.770000 0.145833
vt 0.770000 0.166667
vt 0.770000 0.208333
vt 0.760000 0.208333
vt 0.770000 0.229167
vt 0.770000 0.250000
vt 0.770000 0.291667
vt 0.760000 0.291667
vt 0.770000 0.312500
vt 0.770000 0.333333
vt 0.770000 0.354167
vt 0.770000 0.395833
vt 0.770000 0.416667
vt 0.770000 0.458333
vt 0.770000 0.479167
vt 0.780000 0.500000
vt 0.780000 0.541667
vt 0.780000 0.583333
vt 0.780000 0.604167
vt 0.780000 0.645833
vt 0.780000 0.666667
vt 0.780000 0.687500
vt 0.780000 0.708333
vt 0.780000 0.729167
vt 0.780000 0.750000
vt 0.770000 0.750000
vt 0.780000 0.770833
vt 0.780000 0.812500
vt 0.780000 0.833333
vt 0.770000 0.833333
vt 0.780000 0.854167
vt 0.780000 0.875000
vt 0.770000 0.875000
vt 0.780000 0.916667
vt 0.780000 0.937500
vt 0.780000 0.958333
vt 0.780000 0.979167
vt 0.770000 1.000000
vt 0.780000 0.000000
vt 0.770000 0.020833
vt 0.780000 0.020833
vt 0.780000 0.041667
vt 0.780000 0.062500
vt 0.780000 0.083333
vt 0.780000 0.125000
vt 0.780000 0.145833
vt 0.780000 0.166667
vt 0.770000 0.187500
vt 0.780000 0.187500
vt 0.780000 0.229167
vt 0.780000 0.250000
vt 0.770000 0.270833
vt 0.780000 0.270833
vt 0.780000 0.291667
vt 0.780000 0.312500
vt 0.780000 0.333333
vt 0.780000 0.354167
vt 0.770000 0.375000
vt 0.780000 0.375000
vt 0.780000 0.395833
vt 0.780000 0.416667
vt 0.770000 0.437500
vt 0.780000 0.437500
vt 0.780000 0.458333
vt 0.780000 0.479167
vt 0.790000 0.500000
vt 0.780000 0.520833
vt 0.790000 0.520833
vt 0.790000 0.541667
vt 0.780000 0.562500
vt 0.790000 0.562500
vt 0.790000 0.583333
vt 0.790000 0.604167
vt 0.780000 0.625000
vt 0.790000 0.625000
vt 0.790000 0.645833
vt 0.790000 0.666667
vt 0.790000 0.687500
vt 0.790000 0.708333
vt 0.790000 0.750000
vt 0.790000 0.770833
vt 0.780000 0.791667
vt 0.790000 0.791667
vt 0.790000 0.812500
vt 0.790000 0.833333
vt 0.790000 0.854167
vt 0.790000 0.875000
vt 0.780000 0.895833
vt 0.790000 0.895833
vt 0.790000 0.916667
vt 0.790000 0.937500
vt 0.790000 0.958333
vt 0.790000 0.979167
vt 0.780000 1.000000
vt 0.790000 0.000000
vt 0.790000 0.041667
vt 0.790000 0.062500
vt 0.790000 0.083333
vt 0.780000 0.104167
vt 0.790000 0.125000
vt 0.790000 0.145833
vt 0.790000 0.166667
vt 0.790000 0.187500
vt 0.780000 0.208333
vt 0.790000 0.229167
vt 0.790000 0.250000
vt 0.790000 0.291667
vt 0.790000 0.312500
vt 0.790000 0.333333
vt 0.790000 0.354167
vt 0.790000 0.375000
vt 0.790000 0.416667
vt 0.790000 0.437500
vt 0.790000 0.458333
vt 0.790000 0.479167
vt 0.800000 0.500000
vt 0.800000 0.520833
vt 0.800000 0.562500
vt 0.800000 0.583333
vt 0.800000 0.604167
vt 0.800000 0.625000
vt 0.800000 0.645833
vt 0.800000 0.666667
vt 0.800000 0.687500
vt 0.800000 0.708333
vt 0.800000 0.729167
vt 0.790000 0.729167
vt 0.800000 0.750000
vt 0.800000 0.791667
vt 0.800000 0.812500
vt 0.800000 0.833333
vt 0.800000 0.854167
vt 0.800000 0.875000
vt 0.800000 0.895833
vt 0.800000 0.916667
vt 0.800000 0.958333
vt 0.800000 0.979167
vt 0.790000 1.000000
vt 0.800000 0.000000
vt 0.790000 0.020833
vt 0.800000 0.020833
vt 0.800000 0.041667
vt 0.800000 0.083333
vt 0.790000 0.104167
vt 0.800000 0.104167
vt 0.800000 0.125000
vt 0.800000 0.145833
vt 0.800000 0.166667
vt 0.800000 0.187500
vt 0.790000 0.208333
vt 0.800000 0.208333
vt 0.800000 0.229167
vt 0.800000 0.250000
vt 0.790000 0.270833
vt 0.800000 0.270833
vt 0.800000 0.291667
vt 0.800000 0.312500
vt 0.800000 0.333333
vt 0.800000 0.354167
vt 0.800000 0.375000
vt 0.790000 0.395833
vt 0.800000 0.395833
vt 0.800000 0.416667
vt 0.800000 0.437500
vt 0.800000 0.458333
vt 0.810000 0.500000
vt 0.810000 0.520833
vt 0.800000 0.541667
vt 0.810000 0.541667
vt 0.810000 0.562500
vt 0.810000 0.583333
vt 0.810000 0.604167
vt 0.810000 0.625000
vt 0.810000 0.645833
vt 0.810000 0.666667
vt 0.810000 0.687500
vt 0.810000 0.708333
vt 0.810000 0.729167
vt 0.810000 0.750000
vt 0.800000 0.770833
vt 0.810000 0.770833
vt 0.810000 0.791667
vt 0.810000 0.812500
vt 0.810000 0.833333
vt 0.810000 0.875000
vt 0.810000 0.895833
vt 0.810000 0.916667
vt 0.800000 0.937500
vt 0.810000 0.937500
vt 0.810000 0.958333
vt 0.810000 0.979167
vt 0.800000 1.000000
vt 0.810000 0.020833
vt 0.810000 0.062500
vt 0.800000 0.062500
vt 0.810000 0.083333
vt 0.810000 0.104167
vt 0.810000 0.125000
vt 0.810000 0.166667
vt 0.810000 0.187500
vt 0.810000 0.208333
vt 0.810000 0.229167
vt 0.810000 0.250000
vt 0.810000 0.270833
vt 0.810000 0.291667
vt 0.810000 0.312500
vt 0.810000 0.333333
vt 0.810000 0.354167
vt 0.810000 0.375000
vt 0.810000 0.395833
vt 0.810000 0.416667
vt 0.810000 0.458333
vt 0.800000 0.479167
vt 0.810000 0.479167
vt 0.820000 0.500000
vt 0.820000 0.541667
vt 0.820000 0.583333
vt 0.820000 0.604167
vt 0.820000 0.625000
vt 0.820000 0.645833
vt 0.820000 0.666667
vt 0.820000 0.708333
vt 0.820000 0.729167
vt 0.820000 0.750000
vt 0.820000 0.770833
vt 0.820000 0.812500
vt 0.820000 0.854167
vt 0.810000 0.854167
vt 0.820000 0.875000
vt 0.820000 0.916667
vt 0.820000 0.958333
vt 0.820000 1.000000
vt 0.810000 1.000000
vt 0.820000 0.000000
vt 0.810000 0.000000
vt 0.820000 0.041667
vt 0.810000 0.041667
vt 0.820000 0.062500
vt 0.820000 0.104167
vt 0.820000 0.125000
vt 0.820000 0.145833
vt 0.810000 0.145833
vt 0.820000 0.187500
vt 0.820000 0.208333
vt 0.820000 0.229167
vt 0.820000 0.250000
vt 0.820000 0.270833
vt 0.820000 0.291667
vt 0.820000 0.312500
vt 0.820000 0.354167
vt 0.820000 0.375000
vt 0.820000 0.416667
vt 0.810000 0.437500
vt 0.820000 0.458333
vt 0.820000 0.479167
vt 0.830000 0.500000
vt 0.820000 0.520833
vt 0.830000 0.520833
vt 0.830000 0.562500
vt 0.820000 0.562500
vt 0.830000 0.583333
vt 0.830000 0.604167
vt 0.830000 0.625000
vt 0.830000 0.666667
vt 0.820000 0.687500
vt 0.830000 0.687500
vt 0.830000 0.708333
vt 0.830000 0.729167
vt 0.830000 0.770833
vt 0.820000 0.791667
vt 0.830000 0.812500
vt 0.830000 0.833333
vt 0.820000 0.833333
vt 0.830000 0.854167
vt 0.830000 0.875000
vt 0.820000 0.895833
vt 0.830000 0.916667
vt 0.830000 0.937500
vt 0.820000 0.937500
vt 0.830000 0.979167
vt 0.820000 0.979167
vt 0.830000 0.000000
vt 0.820000 0.020833
vt 0.830000 0.020833
vt 0.830000 0.041667
vt 0.830000 0.062500
vt 0.820000 0.083333
vt 0.830000 0.083333
vt 0.830000 0.125000
vt 0.830000 0.145833
vt 0.820000 0.166667
vt 0.830000 0.166667
vt 0.830000 0.187500
vt 0.830000 0.229167
vt 0.830000 0.270833
vt 0.830000 0.291667
vt 0.830000 0.333333
vt 0.820000 0.333333
vt 0.830000 0.354167
vt 0.830000 0.375000
vt 0.820000 0.395833
vt 0.830000 0.395833
vt 0.830000 0.416667
vt 0.820000 0.437500
vt 0.830000 0.458333
vt 0.830000 0.479167
vt 0.840000 0.500000
vt 0.840000 0.541667
vt 0.830000 0.541667
vt 0.840000 0.562500
vt 0.840000 0.604167
vt 0.840000 0.645833
vt 0.830000 0.645833
vt 0.840000 0.666667
vt 0.840000 0.687500
vt 0.840000 0.708333
vt 0.840000 0.729167
vt 0.830000 0.750000
vt 0.840000 0.770833
vt 0.830000 0.791667
vt 0.840000 0.812500
vt 0.840000 0.854167
vt 0.840000 0.875000
vt 0.830000 0.895833
vt 0.840000 0.895833
vt 0.840000 0.916667
vt 0.840000 0.937500
vt 0.830000 0.958333
vt 0.840000 0.958333
vt 0.840000 1.000000
vt 0.830000 1.000000
vt 0.840000 0.000000
vt 0.840000 0.041667
vt 0.840000 0.083333
vt 0.840000 0.104167
vt 0.830000 0.104167
vt 0.840000 0.125000
vt 0.840000 0.145833
vt 0.840000 0.166667
vt 0.840000 0.187500
vt 0.830000 0.208333
vt 0.840000 0.229167
vt 0.830000 0.250000
vt 0.840000 0.250000
vt 0.840000 0.291667
vt 0.840000 0.312500
vt 0.830000 0.312500
vt 0.840000 0.333333
vt 0.840000 0.354167
vt 0.840000 0.395833
vt 0.840000 0.416667
vt 0.830000 0.437500
vt 0.840000 0.437500
vt 0.840000 0.458333
vt 0.850000 0.500000
vt 0.840000 0.520833
vt 0.850000 0.541667
vt 0.850000 0.583333
vt 0.840000 0.583333
vt 0.850000 0.625000
vt 0.840000 0.625000
vt 0.850000 0.666667
vt 0.850000 0.708333
vt 0.850000 0.729167
vt 0.850000 0.750000
vt 0.840000 0.750000
vt 0.850000 0.770833
vt 0.850000 0.791667
vt 0.840000 0.791667
vt 0.850000 0.812500
vt 0.840000 0.833333
vt 0.850000 0.854167
vt 0.850000 0.875000
vt 0.850000 0.895833
vt 0.850000 0.916667
vt 0.850000 0.937500
vt 0.850000 0.958333
vt 0.840000 0.979167
vt 0.850000 0.979167
vt 0.850000 0.020833
vt 0.840000 0.020833
vt 0.850000 0.041667
vt 0.840000 0.062500
vt 0.850000 0.062500
vt 0.850000 0.083333
vt 0.850000 0.104167
vt 0.850000 0.125000
vt 0.850000 0.145833
vt 0.850000 0.187500
vt 0.840000 0.208333
vt 0.850000 0.208333
vt 0.850000 0.229167
vt 0.850000 0.250000
vt 0.840000 0.270833
vt 0.850000 0.270833
vt 0.850000 0.291667
vt 0.850000 0.333333
vt 0.850000 0.354167
vt 0.840000 0.375000
vt 0.850000 0.375000
vt 0.850000 0.416667
vt 0.850000 0.437500
vt 0.850000 0.458333
vt 0.840000 0.479167
vt 0.860000 0.500000
vt 0.850000 0.520833
vt 0.860000 0.541667
vt 0.860000 0.562500
vt 0.850000 0.562500
vt 0.860000 0.604167
vt 0.850000 0.604167
vt 0.860000 0.625000
vt 0.850000 0.645833
vt 0.860000 0.645833
vt 0.860000 0.666667
vt 0.850000 0.687500
vt 0.860000 0.708333
vt 0.860000 0.729167
vt 0.860000 0.770833
vt 0.860000 0.791667
vt 0.860000 0.833333
vt 0.850000 0.833333
vt 0.860000 0.854167
vt 0.860000 0.875000
vt 0.860000 0.895833
vt 0.860000 0.916667
vt 0.860000 0.958333
vt 0.860000 0.979167
vt 0.850000 1.000000
vt 0.850000 0.000000
vt 0.860000 0.020833
vt 0.860000 0.041667
vt 0.860000 0.062500
vt 0.860000 0.104167
vt 0.860000 0.145833
vt 0.850000 0.166667
vt 0.860000 0.166667
vt 0.860000 0.208333
vt 0.860000 0.229167
vt 0.860000 0.250000
vt 0.860000 0.270833
vt 0.860000 0.291667
vt 0.850000 0.312500
vt 0.860000 0.333333
vt 0.860000 0.354167
vt 0.860000 0.375000
vt 0.850000 0.395833
vt 0.860000 0.395833
vt 0.860000 0.437500
vt 0.860000 0.458333
vt 0.850000 0.479167
vt 0.870000 0.520833
vt 0.860000 0.520833
vt 0.870000 0.541667
vt 0.870000 0.562500
vt 0.860000 0.583333
vt 0.870000 0.583333
vt 0.870000 0.604167
vt 0.870000 0.625000
vt 0.870000 0.645833
vt 0.870000 0.666667
vt 0.860000 0.687500
vt 0.870000 0.708333
vt 0.870000 0.750000
vt 0.860000 0.750000
vt 0.870000 0.791667
vt 0.860000 0.812500
vt 0.870000 0.812500
vt 0.870000 0.833333
vt 0.870000 0.854167
vt 0.870000 0.875000
vt 0.870000 0.895833
vt 0.870000 0.937500
vt 0.860000 0.937500
vt 0.870000 0.979167
vt 0.870000 1.000000
vt 0.860000 1.000000
vt 0.870000 0.000000
vt 0.860000 0.000000
vt 0.870000 0.020833
vt 0.870000 0.041667
vt 0.870000 0.062500
vt 0.860000 0.083333
vt 0.870000 0.083333
vt 0.870000 0.125000
vt 0.860000 0.125000
vt 0.870000 0.166667
vt 0.860000 0.187500
vt 0.870000 0.208333
vt 0.870000 0.250000
vt 0.870000 0.291667
vt 0.860000 0.312500
vt 0.870000 0.333333
vt 0.870000 0.354167
vt 0.870000 0.395833
vt 0.860000 0.416667
vt 0.870000 0.437500
vt 0.870000 0.458333
vt 0.860000 0.479167
vt 0.870000 0.479167
vt 0.870000 0.500000
vt 0.880000 0.520833
vt 0.880000 0.541667
vt 0.880000 0.562500
vt 0.880000 0.583333
vt 0.880000 0.625000
vt 0.880000 0.666667
vt 0.870000 0.687500
vt 0.880000 0.708333
vt 0.870000 0.729167
vt 0.880000 0.750000
vt 0.870000 0.770833
vt 0.880000 0.770833
vt 0.880000 0.791667
vt 0.880000 0.812500
vt 0.880000 0.833333
vt 0.880000 0.875000
vt 0.880000 0.895833
vt 0.870000 0.916667
vt 0.880000 0.916667
vt 0.880000 0.937500
vt 0.870000 0.958333
vt 0.880000 0.979167
vt 0.880000 0.020833
vt 0.880000 0.062500
vt 0.880000 0.083333
vt 0.880000 0.104167
vt 0.870000 0.104167
vt 0.880000 0.145833
vt 0.870000 0.145833
vt 0.880000 0.187500
vt 0.870000 0.187500
vt 0.880000 0.208333
vt 0.870000 0.229167
vt 0.880000 0.250000
vt 0.870000 0.270833
vt 0.880000 0.291667
vt 0.870000 0.312500
vt 0.880000 0.333333
vt 0.880000 0.375000
vt 0.870000 0.375000
vt 0.880000 0.416667
vt 0.870000 0.416667
vt 0.880000 0.437500
vt 0.880000 0.479167
vt 0.890000 0.500000
vt 0.880000 0.500000
vt 0.890000 0.520833
vt 0.890000 0.541667
vt 0.890000 0.562500
vt 0.890000 0.604167
vt 0.880000 0.604167
vt 0.890000 0.625000
vt 0.880000 0.645833
vt 0.890000 0.666667
vt 0.890000 0.687500
vt 0.880000 0.687500
vt 0.890000 0.708333
vt 0.880000 0.729167
vt 0.890000 0.750000
vt 0.890000 0.770833
vt 0.890000 0.812500
vt 0.890000 0.833333
vt 0.880000 0.854167
vt 0.890000 0.854167
vt 0.890000 0.895833
vt 0.890000 0.916667
vt 0.890000 0.958333
vt 0.880000 0.958333
vt 0.890000 0.979167
vt 0.880000 1.000000
vt 0.890000 0.000000
vt 0.880000 0.000000
vt 0.890000 0.020833
vt 0.880000 0.041667
vt 0.890000 0.041667
vt 0.890000 0.083333
vt 0.890000 0.104167
vt 0.880000 0.125000
vt 0.890000 0.125000
vt 0.890000 0.166667
vt 0.880000 0.166667
vt 0.890000 0.187500
vt 0.890000 0.229167
vt 0.880000 0.229167
vt 0.890000 0.250000
vt 0.880000 0.270833
vt 0.890000 0.270833
vt 0.890000 0.291667
vt 0.880000 0.312500
vt 0.890000 0.312500
vt 0.890000 0.333333
vt 0.880000 0.354167
vt 0.890000 0.375000
vt 0.880000 0.395833
vt 0.890000 0.395833
vt 0.890000 0.416667
vt 0.890000 0.458333
vt 0.880000 0.458333
vt 0.900000 0.520833
vt 0.900000 0.541667
vt 0.900000 0.562500
vt 0.890000 0.583333
vt 0.900000 0.583333
vt 0.900000 0.625000
vt 0.890000 0.645833
vt 0.900000 0.666667
vt 0.900000 0.708333
vt 0.890000 0.729167
vt 0.900000 0.729167
vt 0.900000 0.750000
vt 0.900000 0.770833
vt 0.890000 0.791667
vt 0.900000 0.791667
vt 0.900000 0.812500
vt 0.900000 0.833333
vt 0.900000 0.854167
vt 0.890000 0.875000
vt 0.900000 0.875000
vt 0.900000 0.895833
vt 0.900000 0.916667
vt 0.890000 0.937500
vt 0.900000 0.937500
vt 0.900000 0.958333
vt 0.900000 0.979167
vt 0.890000 1.000000
vt 0.900000 0.000000
vt 0.900000 0.020833
vt 0.900000 0.041667
vt 0.890000 0.062500
vt 0.900000 0.083333
vt 0.900000 0.104167
vt 0.900000 0.125000
vt 0.900000 0.145833
vt 0.890000 0.145833
vt 0.900000 0.187500
vt 0.900000 0.208333
vt 0.890000 0.208333
vt 0.900000 0.229167
vt 0.900000 0.250000
vt 0.900000 0.270833
vt 0.900000 0.291667
vt 0.900000 0.333333
vt 0.890000 0.354167
vt 0.900000 0.375000
vt 0.900000 0.416667
vt 0.890000 0.437500
vt 0.900000 0.458333
vt 0.890000 0.479167
vt 0.900000 0.479167
vt 0.910000 0.500000
vt 0.900000 0.500000
vt 0.910000 0.520833
vt 0.910000 0.562500
vt 0.910000 0.583333
vt 0.910000 0.604167
vt 0.900000 0.604167
vt 0.910000 0.625000
vt 0.900000 0.645833
vt 0.910000 0.666667
vt 0.900000 0.687500
vt 0.910000 0.687500
vt 0.910000 0.729167
vt 0.910000 0.750000
vt 0.910000 0.791667
vt 0.910000 0.833333
vt 0.910000 0.875000
vt 0.910000 0.895833
vt 0.910000 0.916667
vt 0.910000 0.937500
vt 0.910000 0.979167
vt 0.910000 1.000000
vt 0.900000 1.000000
vt 0.910000 0.000000
vt 0.910000 0.020833
vt 0.910000 0.062500
vt 0.900000 0.062500
vt 0.910000 0.083333
vt 0.910000 0.125000
vt 0.910000 0.145833
vt 0.900000 0.166667
vt 0.910000 0.166667
vt 0.910000 0.187500
vt 0.910000 0.208333
vt 0.910000 0.229167
vt 0.910000 0.250000
vt 0.910000 0.270833
vt 0.910000 0.291667
vt 0.900000 0.312500
vt 0.910000 0.312500
vt 0.910000 0.333333
vt 0.900000 0.354167
vt 0.910000 0.375000
vt 0.900000 0.395833
vt 0.910000 0.395833
vt 0.910000 0.416667
vt 0.900000 0.437500
vt 0.910000 0.437500
vt 0.910000 0.479167
vt 0.920000 0.520833
vt 0.910000 0.541667
vt 0.920000 0.562500
vt 0.920000 0.583333
vt 0.920000 0.604167
vt 0.920000 0.625000
vt 0.910000 0.645833
vt 0.920000 0.666667
vt 0.920000 0.687500
vt 0.910000 0.708333
vt 0.920000 0.708333
vt 0.920000 0.729167
vt 0.920000 0.750000
vt 0.910000 0.770833
vt 0.920000 0.770833
vt 0.920000 0.791667
vt 0.910000 0.812500
vt 0.920000 0.833333
vt 0.910000 0.854167
vt 0.920000 0.854167
vt 0.920000 0.895833
vt 0.920000 0.916667
vt 0.920000 0.937500
vt 0.910000 0.958333
vt 0.920000 0.979167
vt 0.920000 0.000000
vt 0.920000 0.020833
vt 0.910000 0.041667
vt 0.920000 0.062500
vt 0.920000 0.083333
vt 0.910000 0.104167
vt 0.920000 0.104167
vt 0.920000 0.145833
vt 0.920000 0.166667
vt 0.920000 0.208333
vt 0.920000 0.229167
vt 0.920000 0.250000
vt 0.920000 0.270833
vt 0.920000 0.291667
vt 0.920000 0.312500
vt 0.920000 0.333333
vt 0.910000 0.354167
vt 0.920000 0.375000
vt 0.920000 0.395833
vt 0.920000 0.437500
vt 0.910000 0.458333
vt 0.920000 0.479167
vt 0.930000 0.500000
vt 0.920000 0.500000
vt 0.930000 0.520833
vt 0.920000 0.541667
vt 0.930000 0.541667
vt 0.930000 0.583333
vt 0.930000 0.604167
vt 0.930000 0.625000
vt 0.920000 0.645833
vt 0.930000 0.666667
vt 0.930000 0.687500
vt 0.930000 0.708333
vt 0.930000 0.750000
vt 0.930000 0.770833
vt 0.930000 0.791667
vt 0.930000 0.812500
vt 0.920000 0.812500
vt 0.930000 0.833333
vt 0.930000 0.854167
vt 0.920000 0.875000
vt 0.930000 0.895833
vt 0.930000 0.916667
vt 0.930000 0.937500
vt 0.930000 0.958333
vt 0.920000 0.958333
vt 0.930000 0.979167
vt 0.930000 1.000000
vt 0.920000 1.000000
vt 0.930000 0.000000
vt 0.930000 0.041667
vt 0.920000 0.041667
vt 0.930000 0.062500
vt 0.930000 0.083333
vt 0.930000 0.104167
vt 0.920000 0.125000
vt 0.930000 0.145833
vt 0.930000 0.166667
vt 0.920000 0.187500
vt 0.930000 0.187500
vt 0.930000 0.229167
vt 0.930000 0.250000
vt 0.930000 0.291667
vt 0.930000 0.312500
vt 0.930000 0.333333
vt 0.920000 0.354167
vt 0.930000 0.375000
vt 0.930000 0.416667
vt 0.920000 0.416667
vt 0.930000 0.437500
vt 0.920000 0.458333
vt 0.930000 0.479167
vt 0.940000 0.520833
vt 0.940000 0.541667
vt 0.930000 0.562500
vt 0.940000 0.562500
vt 0.940000 0.583333
vt 0.940000 0.625000
vt 0.930000 0.645833
vt 0.940000 0.645833
vt 0.940000 0.666667
vt 0.940000 0.687500
vt 0.940000 0.708333
vt 0.930000 0.729167
vt 0.940000 0.729167
vt 0.940000 0.750000
vt 0.940000 0.770833
vt 0.940000 0.791667
vt 0.940000 0.812500
vt 0.940000 0.854167
vt 0.930000 0.875000
vt 0.940000 0.875000
vt 0.940000 0.895833
vt 0.940000 0.916667
vt 0.940000 0.937500
vt 0.940000 0.958333
vt 0.940000 0.979167
vt 0.940000 0.000000
vt 0.930000 0.020833
vt 0.940000 0.041667
vt 0.940000 0.062500
vt 0.940000 0.083333
vt 0.940000 0.104167
vt 0.930000 0.125000
vt 0.940000 0.145833
vt 0.940000 0.187500
vt 0.940000 0.208333
vt 0.930000 0.208333
vt 0.940000 0.250000
vt 0.940000 0.270833
vt 0.930000 0.270833
vt 0.940000 0.291667
vt 0.940000 0.312500
vt 0.940000 0.354167
vt 0.930000 0.354167
vt 0.940000 0.375000
vt 0.940000 0.395833
vt 0.930000 0.395833
vt 0.940000 0.416667
vt 0.940000 0.458333
vt 0.930000 0.458333
vt 0.940000 0.479167
vt 0.950000 0.500000
vt 0.940000 0.500000
vt 0.950000 0.520833
vt 0.950000 0.541667
vt 0.950000 0.583333
vt 0.950000 0.604167
vt 0.940000 0.604167
vt 0.950000 0.625000
vt 0.950000 0.666667
vt 0.950000 0.687500
vt 0.950000 0.729167
vt 0.950000 0.750000
vt 0.950000 0.791667
vt 0.950000 0.833333
vt 0.940000 0.833333
vt 0.950000 0.875000
vt 0.950000 0.895833
vt 0.950000 0.916667
vt 0.950000 0.937500
vt 0.950000 0.979167
vt 0.940000 1.000000
vt 0.950000 0.020833
vt 0.940000 0.020833
vt 0.950000 0.062500
vt 0.950000 0.104167
vt 0.940000 0.125000
vt 0.950000 0.125000
vt 0.950000 0.145833
vt 0.940000 0.166667
vt 0.950000 0.166667
vt 0.950000 0.187500
vt 0.950000 0.208333
vt 0.940000 0.229167
vt 0.950000 0.229167
vt 0.950000 0.250000
vt 0.950000 0.270833
vt 0.950000 0.291667
vt 0.950000 0.333333
vt 0.940000 0.333333
vt 0.950000 0.375000
vt 0.950000 0.395833
vt 0.950000 0.416667
vt 0.940000 0.437500
vt 0.950000 0.437500
vt 0.950000 0.479167
vt 0.960000 0.500000
vt 0.960000 0.520833
vt 0.960000 0.541667
vt 0.950000 0.562500
vt 0.960000 0.562500
vt 0.960000 0.604167
vt 0.960000 0.625000
vt 0.950000 0.645833
vt 0.960000 0.645833
vt 0.960000 0.666667
vt 0.960000 0.687500
vt 0.950000 0.708333
vt 0.960000 0.708333
vt 0.960000 0.729167
vt 0.960000 0.750000
vt 0.950000 0.770833
vt 0.960000 0.770833
vt 0.960000 0.791667
vt 0.950000 0.812500
vt 0.960000 0.812500
vt 0.960000 0.833333
vt 0.950000 0.854167
vt 0.960000 0.854167
vt 0.960000 0.875000
vt 0.960000 0.895833
vt 0.960000 0.916667
vt 0.960000 0.937500
vt 0.950000 0.958333
vt 0.960000 0.979167
vt 0.950000 1.000000
vt 0.950000 0.000000
vt 0.960000 0.020833
vt 0.950000 0.041667
vt 0.960000 0.062500
vt 0.960000 0.083333
vt 0.950000 0.083333
vt 0.960000 0.104167
vt 0.960000 0.125000
vt 0.960000 0.145833
vt 0.960000 0.187500
vt 0.960000 0.208333
vt 0.960000 0.250000
vt 0.960000 0.270833
vt 0.960000 0.291667
vt 0.960000 0.312500
vt 0.950000 0.312500
vt 0.960000 0.333333
vt 0.950000 0.354167
vt 0.960000 0.375000
vt 0.960000 0.395833
vt 0.960000 0.416667
vt 0.960000 0.437500
vt 0.950000 0.458333
vt 0.960000 0.479167
vt 0.970000 0.500000
vt 0.970000 0.520833
vt 0.970000 0.562500
vt 0.970000 0.583333
vt 0.960000 0.583333
vt 0.970000 0.604167
vt 0.970000 0.625000
vt 0.970000 0.666667
vt 0.970000 0.687500
vt 0.970000 0.708333
vt 0.970000 0.729167
vt 0.970000 0.750000
vt 0.970000 0.770833
vt 0.970000 0.791667
vt 0.970000 0.812500
vt 0.970000 0.833333
vt 0.970000 0.854167
vt 0.970000 0.875000
vt 0.970000 0.916667
vt 0.970000 0.958333
vt 0.960000 0.958333
vt 0.970000 1.000000
vt 0.960000 1.000000
vt 0.970000 0.000000
vt 0.960000 0.000000
vt 0.970000 0.041667
vt 0.960000 0.041667
vt 0.970000 0.062500
vt 0.970000 0.083333
vt 0.970000 0.104167
vt 0.970000 0.145833
vt 0.960000 0.166667
vt 0.970000 0.166667
vt 0.970000 0.187500
vt 0.970000 0.208333
vt 0.960000 0.229167
vt 0.970000 0.229167
vt 0.970000 0.250000
vt 0.970000 0.270833
vt 0.970000 0.291667
vt 0.970000 0.333333
vt 0.960000 0.354167
vt 0.970000 0.354167
vt 0.970000 0.375000
vt 0.970000 0.395833
vt 0.970000 0.416667
vt 0.970000 0.437500
vt 0.960000 0.458333
vt 0.970000 0.458333
vt 0.970000 0.479167
vt 0.980000 0.520833
vt 0.970000 0.541667
vt 0.980000 0.541667
vt 0.980000 0.562500
vt 0.980000 0.583333
vt 0.980000 0.604167
vt 0.980000 0.625000
vt 0.970000 0.645833
vt 0.980000 0.645833
vt 0.980000 0.666667
vt 0.980000 0.687500
vt 0.980000 0.708333
vt 0.980000 0.750000
vt 0.980000 0.770833
vt 0.980000 0.791667
vt 0.980000 0.812500
vt 0.980000 0.833333
vt 0.980000 0.854167
vt 0.980000 0.895833
vt 0.970000 0.895833
vt 0.980000 0.916667
vt 0.970000 0.937500
vt 0.980000 0.937500
vt 0.980000 0.958333
vt 0.970000 0.979167
vt 0.980000 0.979167
vt 0.980000 0.000000
vt 0.970000 0.020833
vt 0.980000 0.041667
vt 0.980000 0.062500
vt 0.980000 0.104167
vt 0.970000 0.125000
vt 0.980000 0.125000
vt 0.980000 0.166667
vt 0.980000 0.187500
vt 0.980000 0.208333
vt 0.980000 0.229167
vt 0.980000 0.250000
vt 0.980000 0.291667
vt 0.980000 0.312500
vt 0.970000 0.312500
vt 0.980000 0.333333
vt 0.980000 0.354167
vt 0.980000 0.375000
vt 0.980000 0.395833
vt 0.980000 0.416667
vt 0.980000 0.437500
vt 0.980000 0.458333
vt 0.980000 0.479167
vt 0.990000 0.500000
vt 0.980000 0.500000
vt 0.990000 0.520833
vt 0.990000 0.562500
vt 0.990000 0.583333
vt 0.990000 0.604167
vt 0.990000 0.625000
vt 0.990000 0.645833
vt 0.990000 0.666667
vt 0.990000 0.687500
vt 0.990000 0.708333
vt 0.990000 0.729167
vt 0.980000 0.729167
vt 0.990000 0.770833
vt 0.990000 0.791667
vt 0.990000 0.812500
vt 0.990000 0.854167
vt 0.990000 0.875000
vt 0.980000 0.875000
vt 0.990000 0.916667
vt 0.990000 0.937500
vt 0.990000 0.958333
vt 0.990000 0.979167
vt 0.990000 1.000000
vt 0.980000 1.000000
vt 0.990000 0.000000
vt 0.980000 0.020833
vt 0.990000 0.020833
vt 0.990000 0.041667
vt 0.990000 0.062500
vt 0.980000 0.083333
vt 0.990000 0.083333
vt 0.990000 0.104167
vt 0.990000 0.125000
vt 0.980000 0.145833
vt 0.990000 0.145833
vt 0.990000 0.166667
vt 0.990000 0.208333
vt 0.990000 0.229167
vt 0.990000 0.250000
vt 0.980000 0.270833
vt 0.990000 0.270833
vt 0.990000 0.291667
vt 0.990000 0.312500
vt 0.990000 0.333333
vt 0.990000 0.354167
vt 0.990000 0.375000
vt 0.990000 0.395833
vt 0.990000 0.416667
vt 0.990000 0.437500
vt 0.990000 0.458333
vt 0.990000 0.479167
vt 1.000000 0.500000
vt 1.000000 0.520833
vt 0.990000 0.541667
vt 1.000000 0.541667
vt 1.000000 0.562500
vt 1.000000 0.583333
vt 1.000000 0.604167
vt 1.000000 0.625000
vt 1.000000 0.645833
vt 1.000000 0.666667
vt 1.000000 0.687500
vt 1.000000 0.708333
vt 1.000000 0.729167
vt 0.990000 0.750000
vt 1.000000 0.750000
vt 1.000000 0.791667
vt 1.000000 0.812500
vt 0.990000 0.833333
vt 1.000000 0.833333
vt 1.000000 0.854167
vt 1.000000 0.875000
vt 0.990000 0.895833
vt 1.000000 0.895833
vt 1.000000 0.916667
vt 1.000000 0.937500
vt 1.000000 0.958333
vt 1.000000 0.979167
vt 1.000000 0.020833
vt 1.000000 0.041667
vt 1.000000 0.083333
vt 1.000000 0.104167
vt 1.000000 0.125000
vt 1.000000 0.166667
vt 1.000000 0.187500
vt 0.990000 0.187500
vt 1.000000 0.208333
vt 1.000000 0.250000
vt 1.000000 0.270833
vt 1.000000 0.291667
vt 1.000000 0.312500
vt 1.000000 0.333333
vt 1.000000 0.354167
vt 1.000000 0.375000
vt 1.000000 0.416667
vt 1.000000 0.437500
vt 1.000000 0.458333
vt 1.000000 0.479167
vt 0.010000 0.500000
vt 0.000000 0.520833
vt 0.000000 0.500000
vt 0.010000 0.541667
vt 0.000000 0.541667
vt 0.000000 0.562500
vt 0.010000 0.562500
vt 0.000000 0.583333
vt 0.010000 0.583333
vt 0.000000 0.604167
vt 0.010000 0.625000
vt 0.000000 0.625000
vt 0.000000 0.645833
vt 0.010000 0.666667
vt 0.000000 0.666667
vt 0.010000 0.687500
vt 0.000000 0.687500
vt 0.010000 0.708333
vt 0.000000 0.708333
vt 0.010000 0.729167
vt 0.000000 0.729167
vt 0.010000 0.750000
vt 0.000000 0.750000
vt 0.000000 0.770833
vt 0.010000 0.770833
vt 0.000000 0.791667
vt 0.010000 0.812500
vt 0.000000 0.812500
vt 0.000000 0.833333
vt 0.010000 0.833333
vt 0.000000 0.854167
vt 0.010000 0.854167
vt 0.000000 0.875000
vt 0.010000 0.875000
vt 0.000000 0.895833
vt 0.010000 0.916667
vt 0.000000 0.916667
vt 0.000000 0.937500
vt 0.010000 0.958333
vt 0.000000 0.958333
vt 0.000000 0.979167
vt 0.010000 0.979167
vt 0.000000 1.000000
vt 0.010000 0.000000
vt 0.000000 0.020833
vt 0.000000 0.000000
vt 0.010000 0.020833
vt 0.000000 0.041667
vt 0.010000 0.041667
vt 0.000000 0.062500
vt 0.010000 0.083333
vt 0.000000 0.083333
vt 0.000000 0.104167
vt 0.010000 0.104167
vt 0.000000 0.125000
vt 0.010000 0.125000
vt 0.000000 0.145833
vt 0.010000 0.166667
vt 0.000000 0.166667
vt 0.010000 0.187500
vt 0.000000 0.187500
vt 0.000000 0.208333
vt 0.010000 0.229167
vt 0.000000 0.229167
vt 0.000000 0.250000
vt 0.010000 0.250000
vt 0.000000 0.270833
vt 0.010000 0.270833
vt 0.000000 0.291667
vt 0.010000 0.291667
vt 0.000000 0.312500
vt 0.010000 0.312500
vt 0.000000 0.333333
vt 0.010000 0.333333
vt 0.000000 0.354167
vt 0.010000 0.354167
vt 0.000000 0.375000
vt 0.010000 0.375000
vt 0.000000 0.395833
vt 0.010000 0.395833
vt 0.000000 0.416667
vt 0.010000 0.416667
vt 0.000000 0.437500
vt 0.010000 0.437500
vt 0.000000 0.458333
vt 0.010000 0.458333
vt 0.000000 0.479167
vt 0.020000 0.500000
vt 0.010000 0.520833
vt 0.020000 0.520833
vt 0.020000 0.541667
vt 0.020000 0.583333
vt 0.010000 0.604167
vt 0.020000 0.604167
vt 0.020000 0.625000
vt 0.010000 0.645833
vt 0.020000 0.645833
vt 0.020000 0.666667
vt 0.020000 0.687500
vt 0.020000 0.708333
vt 0.020000 0.729167
vt 0.020000 0.770833
vt 0.020000 0.791667
vt 0.010000 0.791667
vt 0.020000 0.833333
vt 0.020000 0.854167
vt 0.020000 0.875000
vt 0.010000 0.895833
vt 0.020000 0.895833
vt 0.020000 0.916667
vt 0.010000 0.937500
vt 0.020000 0.937500
vt 0.020000 0.958333
vt 0.020000 0.979167
vt 0.010000 1.000000
vt 0.020000 0.000000
vt 0.020000 0.020833
vt 0.020000 0.062500
vt 0.010000 0.062500
vt 0.020000 0.083333
vt 0.020000 0.104167
vt 0.020000 0.125000
vt 0.010000 0.145833
vt 0.020000 0.145833
vt 0.020000 0.166667
vt 0.020000 0.208333
vt 0.010000 0.208333
vt 0.020000 0.229167
vt 0.020000 0.270833
vt 0.020000 0.291667
vt 0.020000 0.312500
vt 0.020000 0.333333
vt 0.020000 0.354167
vt 0.020000 0.395833
vt 0.020000 0.416667
vt 0.020000 0.437500
vt 0.020000 0.479167
vt 0.010000 0.479167
vt 0.030000 0.520833
vt 0.030000 0.562500
vt 0.020000 0.562500
vt 0.030000 0.583333
vt 0.030000 0.604167
vt 0.030000 0.625000
vt 0.030000 0.666667
vt 0.030000 0.687500
vt 0.030000 0.708333
vt 0.030000 0.729167
vt 0.030000 0.750000
vt 0.020000 0.750000
vt 0.030000 0.770833
vt 0.030000 0.791667
vt 0.020000 0.812500
vt 0.030000 0.812500
vt 0.030000 0.854167
vt 0.030000 0.875000
vt 0.030000 0.895833
vt 0.030000 0.916667
vt 0.030000 0.958333
vt 0.030000 1.000000
vt 0.020000 1.000000
vt 0.030000 0.000000
vt 0.030000 0.020833
vt 0.020000 0.041667
vt 0.030000 0.041667
vt 0.030000 0.062500
vt 0.030000 0.083333
vt 0.030000 0.125000
vt 0.030000 0.145833
vt 0.030000 0.187500
vt 0.020000 0.187500
vt 0.030000 0.208333
vt 0.030000 0.229167
vt 0.020000 0.250000
vt 0.030000 0.250000
vt 0.030000 0.270833
vt 0.030000 0.291667
vt 0.030000 0.312500
vt 0.030000 0.333333
vt 0.030000 0.375000
vt 0.020000 0.375000
vt 0.030000 0.395833
vt 0.030000 0.416667
vt 0.030000 0.437500
vt 0.020000 0.458333
vt 0.030000 0.479167
vt 0.040000 0.500000
vt 0.030000 0.500000
vt 0.040000 0.520833
vt 0.030000 0.541667
vt 0.040000 0.541667
vt 0.040000 0.562500
vt 0.040000 0.583333
vt 0.040000 0.625000
vt 0.030000 0.645833
vt 0.040000 0.645833
vt 0.040000 0.666667
vt 0.040000 0.687500
vt 0.040000 0.708333
vt 0.040000 0.729167
vt 0.040000 0.750000
vt 0.040000 0.791667
vt 0.040000 0.812500
vt 0.030000 0.833333
vt 0.040000 0.833333
vt 0.040000 0.854167
vt 0.040000 0.895833
vt 0.040000 0.916667
vt 0.030000 0.937500
vt 0.040000 0.958333
vt 0.030000 0.979167
vt 0.040000 1.000000
vt 0.040000 0.000000
vt 0.040000 0.020833
vt 0.040000 0.041667
vt 0.040000 0.083333
vt 0.040000 0.104167
vt 0.030000 0.104167
vt 0.040000 0.125000
vt 0.040000 0.145833
vt 0.040000 0.166667
vt 0.030000 0.166667
vt 0.040000 0.208333
vt 0.040000 0.250000
vt 0.040000 0.270833
vt 0.040000 0.291667
vt 0.040000 0.312500
vt 0.040000 0.333333
vt 0.030000 0.354167
vt 0.040000 0.375000
vt 0.040000 0.416667
vt 0.040000 0.437500
vt 0.040000 0.458333
vt 0.030000 0.458333
vt 0.050000 0.500000
vt 0.050000 0.520833
vt 0.050000 0.541667
vt 0.050000 0.583333
vt 0.040000 0.604167
vt 0.050000 0.604167
vt 0.050000 0.645833
vt 0.050000 0.687500
vt 0.050000 0.729167
vt 0.050000 0.750000
vt 0.050000 0.770833
vt 0.040000 0.770833
vt 0.050000 0.791667
vt 0.050000 0.812500
vt 0.050000 0.833333
vt 0.050000 0.854167
vt 0.050000 0.875000
vt 0.040000 0.875000
vt 0.050000 0.895833
vt 0.050000 0.916667
vt 0.040000 0.937500
vt 0.050000 0.937500
vt 0.050000 0.958333
vt 0.040000 0.979167
vt 0.050000 1.000000
vt 0.050000 0.000000
vt 0.050000 0.041667
vt 0.040000 0.062500
vt 0.050000 0.062500
vt 0.050000 0.083333
vt 0.050000 0.104167
vt 0.050000 0.125000
vt 0.050000 0.145833
vt 0.050000 0.166667
vt 0.040000 0.187500
vt 0.050000 0.187500
vt 0.050000 0.208333
vt 0.040000 0.229167
vt 0.050000 0.229167
vt 0.050000 0.250000
vt 0.050000 0.270833
vt 0.050000 0.312500
vt 0.050000 0.354167
vt 0.040000 0.354167
vt 0.050000 0.395833
vt 0.040000 0.395833
vt 0.050000 0.416667
vt 0.050000 0.458333
vt 0.050000 0.479167
vt 0.040000 0.479167
vt 0.060000 0.500000
vt 0.060000 0.541667
vt 0.050000 0.562500
vt 0.060000 0.583333
vt 0.060000 0.625000
vt 0.050000 0.625000
vt 0.060000 0.645833
vt 0.050000 0.666667
vt 0.060000 0.687500
vt 0.050000 0.708333
vt 0.060000 0.729167
vt 0.060000 0.750000
vt 0.060000 0.770833
vt 0.060000 0.791667
vt 0.060000 0.812500
vt 0.060000 0.833333
vt 0.060000 0.875000
vt 0.060000 0.895833
vt 0.060000 0.916667
vt 0.060000 0.958333
vt 0.050000 0.979167
vt 0.060000 1.000000
vt 0.060000 0.000000
vt 0.050000 0.020833
vt 0.060000 0.020833
vt 0.060000 0.041667
vt 0.060000 0.083333
vt 0.060000 0.104167
vt 0.060000 0.125000
vt 0.060000 0.145833
vt 0.060000 0.166667
vt 0.060000 0.208333
vt 0.060000 0.229167
vt 0.060000 0.250000
vt 0.060000 0.291667
vt 0.050000 0.291667
vt 0.060000 0.312500
vt 0.050000 0.333333
vt 0.060000 0.333333
vt 0.060000 0.354167
vt 0.050000 0.375000
vt 0.060000 0.375000
vt 0.060000 0.416667
vt 0.050000 0.437500
vt 0.060000 0.458333
vt 0.060000 0.479167
vt 0.070000 0.500000
vt 0.060000 0.520833
vt 0.070000 0.520833
vt 0.070000 0.541667
vt 0.060000 0.562500
vt 0.070000 0.562500
vt 0.070000 0.583333
vt 0.060000 0.604167
vt 0.070000 0.604167
vt 0.070000 0.625000
vt 0.070000 0.645833
vt 0.060000 0.666667
vt 0.070000 0.666667
vt 0.070000 0.687500
vt 0.060000 0.708333
vt 0.070000 0.708333
vt 0.070000 0.729167
vt 0.070000 0.750000
vt 0.070000 0.770833
vt 0.070000 0.791667
vt 0.070000 0.812500
vt 0.070000 0.833333
vt 0.060000 0.854167
vt 0.070000 0.875000
vt 0.070000 0.895833
vt 0.070000 0.916667
vt 0.060000 0.937500
vt 0.070000 0.937500
vt 0.070000 0.958333
vt 0.060000 0.979167
vt 0.070000 0.979167
vt 0.070000 0.020833
vt 0.070000 0.041667
vt 0.060000 0.062500
vt 0.070000 0.083333
vt 0.070000 0.104167
vt 0.070000 0.125000
vt 0.070000 0.166667
vt 0.070000 0.187500
vt 0.060000 0.187500
vt 0.070000 0.208333
vt 0.070000 0.229167
vt 0.070000 0.250000
vt 0.070000 0.270833
vt 0.060000 0.270833
vt 0.070000 0.291667
vt 0.070000 0.312500
vt 0.070000 0.333333
vt 0.070000 0.375000
vt 0.070000 0.395833
vt 0.060000 0.395833
vt 0.070000 0.416667
vt 0.070000 0.437500
vt 0.060000 0.437500
vt 0.070000 0.458333
vt 0.070000 0.479167
vt 0.080000 0.500000
vt 0.080000 0.520833
vt 0.080000 0.562500
vt 0.080000 0.583333
vt 0.080000 0.625000
vt 0.080000 0.645833
vt 0.080000 0.666667
vt 0.080000 0.708333
vt 0.080000 0.729167
vt 0.080000 0.750000
vt 0.080000 0.770833
vt 0.080000 0.791667
vt 0.080000 0.812500
vt 0.080000 0.854167
vt 0.070000 0.854167
vt 0.080000 0.875000
vt 0.080000 0.895833
vt 0.080000 0.916667
vt 0.080000 0.958333
vt 0.080000 0.979167
vt 0.070000 1.000000
vt 0.080000 0.000000
vt 0.070000 0.000000
vt 0.080000 0.020833
vt 0.080000 0.041667
vt 0.070000 0.062500
vt 0.080000 0.062500
vt 0.080000 0.083333
vt 0.080000 0.104167
vt 0.080000 0.125000
vt 0.070000 0.145833
vt 0.080000 0.145833
vt 0.080000 0.187500
vt 0.080000 0.208333
vt 0.080000 0.229167
vt 0.080000 0.250000
vt 0.080000 0.270833
vt 0.080000 0.291667
vt 0.080000 0.312500
vt 0.080000 0.333333
vt 0.070000 0.354167
vt 0.080000 0.354167
vt 0.080000 0.375000
vt 0.080000 0.395833
vt 0.080000 0.416667
vt 0.080000 0.437500
vt 0.080000 0.479167
vt 0.090000 0.520833
vt 0.080000 0.541667
vt 0.090000 0.541667
vt 0.090000 0.562500
vt 0.090000 0.583333
vt 0.080000 0.604167
vt 0.090000 0.604167
vt 0.090000 0.625000
vt 0.090000 0.645833
vt 0.090000 0.666667
vt 0.080000 0.687500
vt 0.090000 0.687500
vt 0.090000 0.708333
vt 0.090000 0.729167
vt 0.090000 0.750000
vt 0.090000 0.770833
vt 0.090000 0.791667
vt 0.090000 0.812500
vt 0.080000 0.833333
vt 0.090000 0.833333
vt 0.090000 0.854167
vt 0.090000 0.875000
vt 0.090000 0.895833
vt 0.090000 0.916667
vt 0.080000 0.937500
vt 0.090000 0.958333
vt 0.090000 0.979167
vt 0.080000 1.000000
vt 0.090000 0.000000
vt 0.090000 0.020833
vt 0.090000 0.041667
vt 0.090000 0.083333
vt 0.090000 0.104167
vt 0.090000 0.125000
vt 0.090000 0.145833
vt 0.090000 0.166667
vt 0.080000 0.166667
vt 0.090000 0.187500
vt 0.090000 0.208333
vt 0.090000 0.229167
vt 0.090000 0.250000
vt 0.090000 0.270833
vt 0.090000 0.291667
vt 0.090000 0.312500
vt 0.090000 0.333333
vt 0.090000 0.354167
vt 0.090000 0.375000
vt 0.090000 0.395833
vt 0.090000 0.416667
vt 0.090000 0.437500
vt 0.080000 0.458333
vt 0.090000 0.479167
vt 0.100000 0.500000
vt 0.090000 0.500000
vt 0.100000 0.520833
vt 0.100000 0.541667
vt 0.100000 0.583333
vt 0.100000 0.625000
vt 0.100000 0.666667
vt 0.100000 0.687500
vt 0.100000 0.729167
vt 0.100000 0.750000
vt 0.100000 0.770833
vt 0.100000 0.791667
vt 0.100000 0.833333
vt 0.100000 0.854167
vt 0.100000 0.875000
vt 0.100000 0.895833
vt 0.100000 0.916667
vt 0.090000 0.937500
vt 0.100000 0.958333
vt 0.100000 0.979167
vt 0.090000 1.000000
vt 0.100000 0.000000
vt 0.100000 0.020833
vt 0.100000 0.041667
vt 0.090000 0.062500
vt 0.100000 0.062500
vt 0.100000 0.083333
vt 0.100000 0.125000
vt 0.100000 0.145833
vt 0.100000 0.166667
vt 0.100000 0.187500
vt 0.100000 0.208333
vt 0.100000 0.229167
vt 0.100000 0.250000
vt 0.100000 0.270833
vt 0.100000 0.291667
vt 0.100000 0.312500
vt 0.100000 0.333333
vt 0.100000 0.375000
vt 0.100000 0.416667
vt 0.100000 0.437500
vt 0.090000 0.458333
vt 0.100000 0.458333
vt 0.110000 0.500000
vt 0.110000 0.520833
vt 0.110000 0.541667
vt 0.100000 0.562500
vt 0.110000 0.583333
vt 0.100000 0.604167
vt 0.110000 0.625000
vt 0.110000 0.645833
vt 0.100000 0.645833
vt 0.110000 0.666667
vt 0.110000 0.687500
vt 0.100000 0.708333
vt 0.110000 0.729167
vt 0.110000 0.770833
vt 0.110000 0.791667
vt 0.110000 0.812500
vt 0.100000 0.812500
vt 0.110000 0.833333
vt 0.110000 0.875000
vt 0.110000 0.895833
vt 0.110000 0.916667
vt 0.100000 0.937500
vt 0.110000 0.958333
vt 0.110000 0.979167
vt 0.100000 1.000000
vt 0.110000 0.000000
vt 0.110000 0.041667
vt 0.110000 0.083333
vt 0.100000 0.104167
vt 0.110000 0.125000
vt 0.110000 0.145833
vt 0.110000 0.187500
vt 0.110000 0.208333
vt 0.110000 0.229167
vt 0.110000 0.250000
vt 0.110000 0.291667
vt 0.110000 0.333333
vt 0.110000 0.354167
vt 0.100000 0.354167
vt 0.110000 0.375000
vt 0.100000 0.395833
vt 0.110000 0.416667
vt 0.110000 0.458333
vt 0.100000 0.479167
vt 0.120000 0.500000
vt 0.120000 0.541667
vt 0.110000 0.562500
vt 0.120000 0.562500
vt 0.120000 0.583333
vt 0.110000 0.604167
vt 0.120000 0.604167
vt 0.120000 0.645833
vt 0.120000 0.687500
vt 0.110000 0.708333
vt 0.120000 0.708333
vt 0.120000 0.729167
vt 0.110000 0.750000
vt 0.120000 0.770833
vt 0.120000 0.812500
vt 0.120000 0.833333
vt 0.110000 0.854167
vt 0.120000 0.854167
vt 0.120000 0.895833
vt 0.120000 0.916667
vt 0.110000 0.937500
vt 0.120000 0.958333
vt 0.120000 0.979167
vt 0.110000 1.000000
vt 0.120000 0.020833
vt 0.110000 0.020833
vt 0.120000 0.041667
vt 0.110000 0.062500
vt 0.120000 0.062500
vt 0.120000 0.083333
vt 0.110000 0.104167
vt 0.120000 0.104167
vt 0.120000 0.145833
vt 0.110000 0.166667
vt 0.120000 0.187500
vt 0.120000 0.229167
vt 0.120000 0.250000
vt 0.110000 0.270833
vt 0.120000 0.291667
vt 0.110000 0.312500
vt 0.120000 0.312500
vt 0.120000 0.354167
vt 0.120000 0.395833
vt 0.110000 0.395833
vt 0.120000 0.416667
vt 0.120000 0.437500
vt 0.110000 0.437500
vt 0.120000 0.458333
vt 0.110000 0.479167
vt 0.120000 0.479167
vt 0.130000 0.500000
vt 0.120000 0.520833
vt 0.130000 0.520833
vt 0.130000 0.541667
vt 0.130000 0.562500
vt 0.130000 0.604167
vt 0.120000 0.625000
vt 0.130000 0.645833
vt 0.120000 0.666667
vt 0.130000 0.687500
vt 0.130000 0.729167
vt 0.130000 0.750000
vt 0.120000 0.750000
vt 0.130000 0.770833
vt 0.130000 0.791667
vt 0.120000 0.791667
vt 0.130000 0.812500
vt 0.130000 0.833333
vt 0.130000 0.854167
vt 0.130000 0.875000
vt 0.120000 0.875000
vt 0.130000 0.895833
vt 0.130000 0.916667
vt 0.130000 0.937500
vt 0.120000 0.937500
vt 0.130000 0.958333
vt 0.130000 0.979167
vt 0.120000 1.000000
vt 0.130000 0.000000
vt 0.120000 0.000000
vt 0.130000 0.020833
vt 0.130000 0.041667
vt 0.130000 0.062500
vt 0.130000 0.083333
vt 0.130000 0.104167
vt 0.120000 0.125000
vt 0.130000 0.125000
vt 0.130000 0.145833
vt 0.120000 0.166667
vt 0.130000 0.166667
vt 0.130000 0.187500
vt 0.120000 0.208333
vt 0.130000 0.208333
vt 0.130000 0.229167
vt 0.130000 0.250000
vt 0.120000 0.270833
vt 0.130000 0.270833
vt 0.130000 0.312500
vt 0.120000 0.333333
vt 0.130000 0.354167
vt 0.120000 0.375000
vt 0.130000 0.395833
vt 0.130000 0.416667
vt 0.130000 0.437500
vt 0.130000 0.479167
vt 0.140000 0.520833
vt 0.140000 0.562500
vt 0.130000 0.583333
vt 0.140000 0.583333
vt 0.140000 0.625000
vt 0.130000 0.625000
vt 0.140000 0.645833
vt 0.130000 0.666667
vt 0.140000 0.666667
vt 0.140000 0.687500
vt 0.130000 0.708333
vt 0.140000 0.708333
vt 0.140000 0.729167
vt 0.140000 0.750000
vt 0.140000 0.791667
vt 0.140000 0.833333
vt 0.140000 0.854167
vt 0.140000 0.875000
vt 0.140000 0.916667
vt 0.140000 0.937500
vt 0.140000 0.958333
vt 0.140000 0.979167
vt 0.130000 1.000000
vt 0.140000 0.000000
vt 0.140000 0.020833
vt 0.140000 0.062500
vt 0.140000 0.083333
vt 0.140000 0.125000
vt 0.140000 0.145833
vt 0.140000 0.166667
vt 0.140000 0.208333
vt 0.140000 0.229167
vt 0.140000 0.270833
vt 0.130000 0.291667
vt 0.140000 0.312500
vt 0.140000 0.333333
vt 0.130000 0.333333
vt 0.140000 0.354167
vt 0.130000 0.375000
vt 0.140000 0.375000
vt 0.140000 0.416667
vt 0.140000 0.437500
vt 0.130000 0.458333
vt 0.140000 0.479167
vt 0.150000 0.500000
vt 0.140000 0.500000
vt 0.150000 0.520833
vt 0.140000 0.541667
vt 0.150000 0.541667
vt 0.150000 0.562500
vt 0.150000 0.604167
vt 0.140000 0.604167
vt 0.150000 0.645833
vt 0.150000 0.687500
vt 0.150000 0.729167
vt 0.150000 0.770833
vt 0.140000 0.770833
vt 0.150000 0.791667
vt 0.140000 0.812500
vt 0.150000 0.833333
vt 0.150000 0.875000
vt 0.140000 0.895833
vt 0.150000 0.895833
vt 0.150000 0.937500
vt 0.150000 0.958333
vt 0.150000 0.979167
vt 0.140000 1.000000
vt 0.150000 0.020833
vt 0.150000 0.041667
vt 0.140000 0.041667
vt 0.150000 0.062500
vt 0.150000 0.083333
vt 0.140000 0.104167
vt 0.150000 0.104167
vt 0.150000 0.125000
vt 0.150000 0.145833
vt 0.150000 0.166667
vt 0.140000 0.187500
vt 0.150000 0.187500
vt 0.150000 0.208333
vt 0.150000 0.229167
vt 0.140000 0.250000
vt 0.150000 0.270833
vt 0.140000 0.291667
vt 0.150000 0.312500
vt 0.150000 0.354167
vt 0.150000 0.395833
vt 0.140000 0.395833
vt 0.150000 0.416667
vt 0.150000 0.437500
vt 0.140000 0.458333
vt 0.150000 0.458333
vt 0.160000 0.500000
vt 0.160000 0.520833
vt 0.160000 0.541667
vt 0.160000 0.583333
vt 0.150000 0.583333
vt 0.160000 0.625000
vt 0.150000 0.625000
vt 0.160000 0.645833
vt 0.150000 0.666667
vt 0.160000 0.687500
vt 0.150000 0.708333
vt 0.160000 0.729167
vt 0.150000 0.750000
vt 0.160000 0.770833
vt 0.160000 0.812500
vt 0.150000 0.812500
vt 0.160000 0.854167
vt 0.150000 0.854167
vt 0.160000 0.895833
vt 0.150000 0.916667
vt 0.160000 0.916667
vt 0.160000 0.937500
vt 0.160000 0.958333
vt 0.160000 0.979167
vt 0.150000 1.000000
vt 0.150000 0.000000
vt 0.160000 0.020833
vt 0.160000 0.041667
vt 0.160000 0.083333
vt 0.160000 0.104167
vt 0.160000 0.125000
vt 0.160000 0.145833
vt 0.160000 0.166667
vt 0.160000 0.187500
vt 0.160000 0.229167
vt 0.150000 0.250000
vt 0.160000 0.270833
vt 0.150000 0.291667
vt 0.160000 0.312500
vt 0.150000 0.333333
vt 0.160000 0.333333
vt 0.160000 0.354167
vt 0.150000 0.375000
vt 0.160000 0.375000
vt 0.160000 0.395833
vt 0.160000 0.416667
vt 0.160000 0.437500
vt 0.160000 0.479167
vt 0.150000 0.479167
vt 0.170000 0.520833
vt 0.170000 0.541667
vt 0.160000 0.562500
vt 0.170000 0.583333
vt 0.160000 0.604167
vt 0.170000 0.625000
vt 0.170000 0.645833
vt 0.170000 0.666667
vt 0.160000 0.666667
vt 0.170000 0.687500
vt 0.160000 0.708333
vt 0.170000 0.729167
vt 0.160000 0.750000
vt 0.170000 0.750000
vt 0.170000 0.791667
vt 0.160000 0.791667
vt 0.170000 0.812500
vt 0.160000 0.833333
vt 0.170000 0.833333
vt 0.170000 0.875000
vt 0.160000 0.875000
vt 0.170000 0.916667
vt 0.170000 0.937500
vt 0.170000 0.958333
vt 0.170000 1.000000
vt 0.160000 1.000000
vt 0.170000 0.000000
vt 0.160000 0.000000
vt 0.170000 0.041667
vt 0.170000 0.062500
vt 0.160000 0.062500
vt 0.170000 0.083333
vt 0.170000 0.104167
vt 0.170000 0.145833
vt 0.170000 0.166667
vt 0.170000 0.187500
vt 0.160000 0.208333
vt 0.170000 0.208333
vt 0.170000 0.229167
vt 0.160000 0.250000
vt 0.170000 0.250000
vt 0.170000 0.270833
vt 0.160000 0.291667
vt 0.170000 0.312500
vt 0.170000 0.333333
vt 0.170000 0.354167
vt 0.170000 0.375000
vt 0.170000 0.416667
vt 0.170000 0.458333
vt 0.160000 0.458333
vt 0.170000 0.479167
vt 0.180000 0.500000
vt 0.170000 0.500000
vt 0.180000 0.520833
vt 0.180000 0.541667
vt 0.170000 0.562500
vt 0.180000 0.583333
vt 0.180000 0.604167
vt 0.170000 0.604167
vt 0.180000 0.625000
vt 0.180000 0.645833
vt 0.180000 0.687500
vt 0.170000 0.708333
vt 0.180000 0.708333
vt 0.180000 0.750000
vt 0.170000 0.770833
vt 0.180000 0.770833
vt 0.180000 0.791667
vt 0.180000 0.833333
vt 0.170000 0.854167
vt 0.180000 0.854167
vt 0.180000 0.875000
vt 0.170000 0.895833
vt 0.180000 0.895833
vt 0.180000 0.937500
vt 0.180000 0.958333
vt 0.170000 0.979167
vt 0.180000 1.000000
vt 0.180000 0.000000
vt 0.170000 0.020833
vt 0.180000 0.020833
vt 0.180000 0.062500
vt 0.180000 0.083333
vt 0.180000 0.104167
vt 0.170000 0.125000
vt 0.180000 0.145833
vt 0.180000 0.166667
vt 0.180000 0.187500
vt 0.180000 0.229167
vt 0.180000 0.250000
vt 0.180000 0.291667
vt 0.170000 0.291667
vt 0.180000 0.312500
vt 0.180000 0.354167
vt 0.180000 0.395833
vt 0.170000 0.395833
vt 0.180000 0.416667
vt 0.170000 0.437500
vt 0.180000 0.437500
vt 0.180000 0.479167
vt 0.190000 0.520833
vt 0.190000 0.541667
vt 0.180000 0.562500
vt 0.190000 0.583333
vt 0.190000 0.625000
vt 0.190000 0.645833
vt 0.180000 0.666667
vt 0.190000 0.666667
vt 0.190000 0.687500
vt 0.190000 0.729167
vt 0.180000 0.729167
vt 0.190000 0.750000
vt 0.190000 0.791667
vt 0.180000 0.812500
vt 0.190000 0.833333
vt 0.190000 0.854167
vt 0.190000 0.875000
vt 0.190000 0.916667
vt 0.180000 0.916667
vt 0.190000 0.937500
vt 0.190000 0.979167
vt 0.180000 0.979167
vt 0.190000 0.020833
vt 0.180000 0.041667
vt 0.190000 0.041667
vt 0.190000 0.062500
vt 0.190000 0.083333
vt 0.190000 0.104167
vt 0.180000 0.125000
vt 0.190000 0.125000
vt 0.190000 0.145833
vt 0.190000 0.166667
vt 0.190000 0.208333
vt 0.180000 0.208333
vt 0.190000 0.250000
vt 0.180000 0.270833
vt 0.190000 0.270833
vt 0.190000 0.291667
vt 0.190000 0.312500
vt 0.180000 0.333333
vt 0.190000 0.354167
vt 0.180000 0.375000
vt 0.190000 0.375000
vt 0.190000 0.416667
vt 0.190000 0.437500
vt 0.180000 0.458333
vt 0.190000 0.479167
vt 0.200000 0.500000
vt 0.190000 0.500000
vt 0.200000 0.541667
vt 0.200000 0.562500
vt 0.190000 0.562500
vt 0.200000 0.583333
vt 0.190000 0.604167
vt 0.200000 0.625000
vt 0.200000 0.645833
vt 0.200000 0.687500
vt 0.190000 0.708333
vt 0.200000 0.729167
vt 0.200000 0.750000
vt 0.190000 0.770833
vt 0.200000 0.791667
vt 0.190000 0.812500
vt 0.200000 0.812500
vt 0.200000 0.833333
vt 0.200000 0.854167
vt 0.200000 0.895833
vt 0.190000 0.895833
vt 0.200000 0.916667
vt 0.200000 0.958333
vt 0.190000 0.958333
vt 0.200000 0.979167
vt 0.190000 1.000000
vt 0.200000 0.000000
vt 0.190000 0.000000
vt 0.200000 0.041667
vt 0.200000 0.062500
vt 0.200000 0.104167
vt 0.200000 0.145833
vt 0.200000 0.166667
vt 0.200000 0.187500
vt 0.190000 0.187500
vt 0.200000 0.208333
vt 0.190000 0.229167
vt 0.200000 0.250000
vt 0.200000 0.270833
vt 0.200000 0.291667
vt 0.200000 0.312500
vt 0.190000 0.333333
vt 0.200000 0.354167
vt 0.200000 0.375000
vt 0.190000 0.395833
vt 0.200000 0.395833
vt 0.200000 0.437500
vt 0.190000 0.458333
vt 0.200000 0.458333
vt 0.200000 0.479167
vt 0.210000 0.500000
vt 0.200000 0.520833
vt 0.210000 0.520833
vt 0.210000 0.562500
vt 0.210000 0.604167
vt 0.200000 0.604167
vt 0.210000 0.625000
vt 0.210000 0.666667
vt 0.200000 0.666667
vt 0.210000 0.687500
vt 0.200000 0.708333
vt 0.210000 0.708333
vt 0.210000 0.729167
vt 0.210000 0.750000
vt 0.200000 0.770833
vt 0.210000 0.791667
vt 0.210000 0.833333
vt 0.210000 0.875000
vt 0.200000 0.875000
vt 0.210000 0.895833
vt 0.210000 0.916667
vt 0.200000 0.937500
vt 0.210000 0.937500
vt 0.210000 0.958333
vt 0.210000 0.979167
vt 0.200000 1.000000
vt 0.210000 0.020833
vt 0.200000 0.020833
vt 0.210000 0.041667
vt 0.210000 0.062500
vt 0.200000 0.083333
vt 0.210000 0.104167
vt 0.200000 0.125000
vt 0.210000 0.125000
vt 0.210000 0.166667
vt 0.210000 0.208333
vt 0.200000 0.229167
vt 0.210000 0.229167
vt 0.210000 0.250000
vt 0.210000 0.291667
vt 0.210000 0.333333
vt 0.200000 0.333333
vt 0.210000 0.354167
vt 0.210000 0.375000
vt 0.210000 0.395833
vt 0.200000 0.416667
vt 0.210000 0.437500
vt 0.210000 0.479167
vt 0.220000 0.500000
vt 0.220000 0.520833
vt 0.210000 0.541667
vt 0.220000 0.541667
vt 0.220000 0.562500
vt 0.210000 0.583333
vt 0.220000 0.604167
vt 0.220000 0.625000
vt 0.210000 0.645833
vt 0.220000 0.666667
vt 0.220000 0.687500
vt 0.220000 0.708333
vt 0.220000 0.729167
vt 0.220000 0.750000
vt 0.220000 0.770833
vt 0.210000 0.770833
vt 0.220000 0.791667
vt 0.220000 0.812500
vt 0.210000 0.812500
vt 0.220000 0.833333
vt 0.220000 0.854167
vt 0.210000 0.854167
vt 0.220000 0.875000
vt 0.220000 0.895833
vt 0.220000 0.916667
vt 0.220000 0.958333
vt 0.220000 1.000000
vt 0.210000 1.000000
vt 0.220000 0.000000
vt 0.210000 0.000000
vt 0.220000 0.020833
vt 0.220000 0.041667
vt 0.220000 0.062500
vt 0.210000 0.083333
vt 0.220000 0.083333
vt 0.220000 0.125000
vt 0.220000 0.145833
vt 0.210000 0.145833
vt 0.220000 0.166667
vt 0.210000 0.187500
vt 0.220000 0.187500
vt 0.220000 0.208333
vt 0.220000 0.229167
vt 0.220000 0.250000
vt 0.210000 0.270833
vt 0.220000 0.270833
vt 0.220000 0.291667
vt 0.210000 0.312500
vt 0.220000 0.312500
vt 0.220000 0.333333
vt 0.220000 0.354167
vt 0.220000 0.375000
vt 0.220000 0.395833
vt 0.210000 0.416667
vt 0.220000 0.416667
vt 0.220000 0.437500
vt 0.210000 0.458333
vt 0.220000 0.479167
vt 0.230000 0.520833
vt 0.230000 0.541667
vt 0.230000 0.562500
vt 0.220000 0.583333
vt 0.230000 0.583333
vt 0.230000 0.604167
vt 0.230000 0.645833
vt 0.220000 0.645833
vt 0.230000 0.666667
vt 0.230000 0.687500
vt 0.230000 0.708333
vt 0.230000 0.750000
vt 0.230000 0.770833
vt 0.230000 0.791667
vt 0.230000 0.812500
vt 0.230000 0.833333
vt 0.230000 0.854167
vt 0.230000 0.875000
vt 0.230000 0.895833
vt 0.230000 0.937500
vt 0.220000 0.937500
vt 0.230000 0.958333
vt 0.220000 0.979167
vt 0.230000 0.979167
vt 0.230000 0.020833
vt 0.230000 0.041667
vt 0.230000 0.062500
vt 0.230000 0.083333
vt 0.220000 0.104167
vt 0.230000 0.125000
vt 0.230000 0.166667
vt 0.230000 0.187500
vt 0.230000 0.208333
vt 0.230000 0.229167
vt 0.230000 0.250000
vt 0.230000 0.291667
vt 0.230000 0.312500
vt 0.230000 0.333333
vt 0.230000 0.354167
vt 0.230000 0.375000
vt 0.230000 0.395833
vt 0.230000 0.416667
vt 0.230000 0.437500
vt 0.230000 0.458333
vt 0.220000 0.458333
vt 0.230000 0.479167
vt 0.240000 0.500000
vt 0.230000 0.500000
vt 0.240000 0.520833
vt 0.240000 0.562500
vt 0.240000 0.604167
vt 0.230000 0.625000
vt 0.240000 0.645833
vt 0.240000 0.666667
vt 0.240000 0.687500
vt 0.240000 0.708333
vt 0.240000 0.729167
vt 0.230000 0.729167
vt 0.240000 0.770833
vt 0.240000 0.791667
vt 0.240000 0.812500
vt 0.240000 0.833333
vt 0.240000 0.854167
vt 0.240000 0.875000
vt 0.240000 0.895833
vt 0.240000 0.916667
vt 0.230000 0.916667
vt 0.240000 0.937500
vt 0.240000 0.958333
vt 0.240000 0.979167
vt 0.230000 1.000000
vt 0.240000 0.000000
vt 0.230000 0.000000
vt 0.240000 0.020833
vt 0.240000 0.041667
vt 0.240000 0.062500
vt 0.240000 0.083333
vt 0.230000 0.104167
vt 0.240000 0.104167
vt 0.240000 0.125000
vt 0.230000 0.145833
vt 0.240000 0.145833
vt 0.240000 0.166667
vt 0.240000 0.187500
vt 0.240000 0.208333
vt 0.240000 0.229167
vt 0.240000 0.270833
vt 0.230000 0.270833
vt 0.240000 0.291667
vt 0.240000 0.312500
vt 0.240000 0.333333
vt 0.240000 0.354167
vt 0.240000 0.375000
vt 0.240000 0.395833
vt 0.240000 0.416667
vt 0.240000 0.437500
vt 0.240000 0.458333
vt 0.240000 0.479167
vt 0.250000 0.500000
vt 0.250000 0.520833
vt 0.240000 0.541667
vt 0.250000 0.541667
vt 0.250000 0.562500
vt 0.240000 0.583333
vt 0.250000 0.583333
vt 0.250000 0.604167
vt 0.240000 0.625000
vt 0.250000 0.625000
vt 0.250000 0.645833
vt 0.250000 0.666667
vt 0.250000 0.687500
vt 0.250000 0.708333
vt 0.250000 0.729167
vt 0.240000 0.750000
vt 0.250000 0.750000
vt 0.250000 0.791667
vt 0.250000 0.812500
vt 0.250000 0.833333
vt 0.250000 0.854167
vt 0.250000 0.895833
vt 0.250000 0.916667
vt 0.250000 0.937500
vt 0.250000 0.958333
vt 0.250000 0.979167
vt 0.240000 1.000000
vt 0.250000 0.020833
vt 0.250000 0.041667
vt 0.250000 0.083333
vt 0.250000 0.104167
vt 0.250000 0.145833
vt 0.250000 0.187500
vt 0.250000 0.208333
vt 0.250000 0.250000
vt 0.240000 0.250000
vt 0.250000 0.270833
vt 0.250000 0.291667
vt 0.250000 0.312500
vt 0.250000 0.333333
vt 0.250000 0.354167
vt 0.250000 0.375000
vt 0.250000 0.395833
vt 0.250000 0.437500
vt 0.250000 0.479167
vt 0.260000 0.500000
vt 0.260000 0.520833
vt 0.260000 0.541667
vt 0.260000 0.562500
vt 0.260000 0.583333
vt 0.260000 0.625000
vt 0.260000 0.666667
vt 0.260000 0.687500
vt 0.260000 0.708333
vt 0.260000 0.729167
vt 0.260000 0.750000
vt 0.250000 0.770833
vt 0.260000 0.770833
vt 0.260000 0.791667
vt 0.260000 0.812500
vt 0.260000 0.833333
vt 0.260000 0.854167
vt 0.250000 0.875000
vt 0.260000 0.875000
vt 0.260000 0.916667
vt 0.260000 0.958333
vt 0.260000 0.979167
vt 0.250000 1.000000
vt 0.260000 0.000000
vt 0.250000 0.000000
vt 0.260000 0.020833
vt 0.260000 0.041667
vt 0.250000 0.062500
vt 0.260000 0.062500
vt 0.260000 0.083333
vt 0.260000 0.125000
vt 0.250000 0.125000
vt 0.260000 0.145833
vt 0.250000 0.166667
vt 0.260000 0.166667
vt 0.260000 0.187500
vt 0.260000 0.229167
vt 0.250000 0.229167
vt 0.260000 0.250000
vt 0.260000 0.270833
vt 0.260000 0.291667
vt 0.260000 0.312500
vt 0.260000 0.333333
vt 0.260000 0.375000
vt 0.260000 0.395833
vt 0.250000 0.416667
vt 0.260000 0.416667
vt 0.260000 0.458333
vt 0.250000 0.458333
vt 0.260000 0.479167
vt 0.270000 0.500000
vt 0.270000 0.520833
vt 0.270000 0.541667
vt 0.270000 0.562500
vt 0.270000 0.583333
vt 0.260000 0.604167
vt 0.270000 0.604167
vt 0.270000 0.625000
vt 0.260000 0.645833
vt 0.270000 0.645833
vt 0.270000 0.666667
vt 0.270000 0.708333
vt 0.270000 0.750000
vt 0.270000 0.770833
vt 0.270000 0.791667
vt 0.270000 0.833333
vt 0.270000 0.854167
vt 0.270000 0.895833
vt 0.260000 0.895833
vt 0.270000 0.916667
vt 0.260000 0.937500
vt 0.270000 0.937500
vt 0.270000 0.958333
vt 0.270000 0.979167
vt 0.260000 1.000000
vt 0.270000 0.000000
vt 0.270000 0.020833
vt 0.270000 0.041667
vt 0.270000 0.062500
vt 0.270000 0.104167
vt 0.260000 0.104167
vt 0.270000 0.125000
vt 0.270000 0.145833
vt 0.270000 0.166667
vt 0.270000 0.208333
vt 0.260000 0.208333
vt 0.270000 0.229167
vt 0.270000 0.250000
vt 0.270000 0.291667
vt 0.270000 0.333333
vt 0.270000 0.354167
vt 0.260000 0.354167
vt 0.270000 0.395833
vt 0.270000 0.416667
vt 0.260000 0.437500
vt 0.270000 0.437500
vt 0.270000 0.479167
vt 0.280000 0.500000
vt 0.280000 0.541667
vt 0.280000 0.583333
vt 0.280000 0.625000
vt 0.280000 0.645833
vt 0.280000 0.666667
vt 0.270000 0.687500
vt 0.280000 0.687500
vt 0.280000 0.708333
vt 0.270000 0.729167
vt 0.280000 0.750000
vt 0.280000 0.770833
vt 0.280000 0.791667
vt 0.270000 0.812500
vt 0.280000 0.812500
vt 0.280000 0.833333
vt 0.280000 0.854167
vt 0.270000 0.875000
vt 0.280000 0.875000
vt 0.280000 0.895833
vt 0.280000 0.916667
vt 0.280000 0.937500
vt 0.280000 0.958333
vt 0.280000 0.979167
vt 0.270000 1.000000
vt 0.280000 0.020833
vt 0.280000 0.041667
vt 0.280000 0.083333
vt 0.270000 0.083333
vt 0.280000 0.104167
vt 0.280000 0.125000
vt 0.280000 0.145833
vt 0.280000 0.166667
vt 0.280000 0.187500
vt 0.270000 0.187500
vt 0.280000 0.229167
vt 0.280000 0.250000
vt 0.270000 0.270833
vt 0.280000 0.270833
vt 0.280000 0.312500
vt 0.270000 0.312500
vt 0.280000 0.333333
vt 0.280000 0.375000
vt 0.270000 0.375000
vt 0.280000 0.416667
vt 0.280000 0.437500
vt 0.270000 0.458333
vt 0.280000 0.458333
vt 0.280000 0.479167
vt 0.290000 0.500000
vt 0.280000 0.520833
vt 0.290000 0.541667
vt 0.280000 0.562500
vt 0.290000 0.562500
vt 0.290000 0.583333
vt 0.280000 0.604167
vt 0.290000 0.625000
vt 0.290000 0.645833
vt 0.290000 0.666667
vt 0.290000 0.708333
vt 0.290000 0.729167
vt 0.280000 0.729167
vt 0.290000 0.750000
vt 0.290000 0.770833
vt 0.290000 0.812500
vt 0.290000 0.854167
vt 0.290000 0.875000
vt 0.290000 0.895833
vt 0.290000 0.916667
vt 0.290000 0.958333
vt 0.290000 0.979167
vt 0.280000 1.000000
vt 0.280000 0.000000
vt 0.290000 0.020833
vt 0.290000 0.041667
vt 0.280000 0.062500
vt 0.290000 0.083333
vt 0.290000 0.104167
vt 0.290000 0.125000
vt 0.290000 0.145833
vt 0.290000 0.187500
vt 0.280000 0.208333
vt 0.290000 0.208333
vt 0.290000 0.229167
vt 0.290000 0.250000
vt 0.290000 0.270833
vt 0.280000 0.291667
vt 0.290000 0.291667
vt 0.290000 0.333333
vt 0.290000 0.354167
vt 0.280000 0.354167
vt 0.290000 0.375000
vt 0.280000 0.395833
vt 0.290000 0.395833
vt 0.290000 0.416667
vt 0.290000 0.437500
vt 0.290000 0.458333
vt 0.290000 0.479167
vt 0.300000 0.500000
vt 0.290000 0.520833
vt 0.300000 0.520833
vt 0.300000 0.562500
vt 0.300000 0.583333
vt 0.290000 0.604167
vt 0.300000 0.625000
vt 0.300000 0.645833
vt 0.300000 0.666667
vt 0.290000 0.687500
vt 0.300000 0.708333
vt 0.300000 0.750000
vt 0.300000 0.770833
vt 0.290000 0.791667
vt 0.300000 0.791667
vt 0.300000 0.833333
vt 0.290000 0.833333
vt 0.300000 0.854167
vt 0.300000 0.895833
vt 0.300000 0.916667
vt 0.290000 0.937500
vt 0.300000 0.937500
vt 0.300000 0.958333
vt 0.300000 0.979167
vt 0.290000 1.000000
vt 0.300000 0.000000
vt 0.290000 0.000000
vt 0.300000 0.041667
vt 0.300000 0.062500
vt 0.290000 0.062500
vt 0.300000 0.083333
vt 0.300000 0.104167
vt 0.300000 0.125000
vt 0.300000 0.145833
vt 0.290000 0.166667
vt 0.300000 0.166667
vt 0.300000 0.208333
vt 0.300000 0.229167
vt 0.300000 0.250000
vt 0.300000 0.291667
vt 0.290000 0.312500
vt 0.300000 0.312500
vt 0.300000 0.354167
vt 0.300000 0.375000
vt 0.300000 0.416667
vt 0.300000 0.437500
vt 0.300000 0.458333
vt 0.310000 0.500000
vt 0.310000 0.541667
vt 0.300000 0.541667
vt 0.310000 0.562500
vt 0.310000 0.604167
vt 0.300000 0.604167
vt 0.310000 0.625000
vt 0.310000 0.645833
vt 0.310000 0.666667
vt 0.300000 0.687500
vt 0.310000 0.687500
vt 0.310000 0.708333
vt 0.300000 0.729167
vt 0.310000 0.750000
vt 0.310000 0.791667
vt 0.310000 0.812500
vt 0.300000 0.812500
vt 0.310000 0.833333
vt 0.310000 0.854167
vt 0.310000 0.875000
vt 0.300000 0.875000
vt 0.310000 0.916667
vt 0.310000 0.937500
vt 0.310000 0.979167
vt 0.310000 1.000000
vt 0.300000 1.000000
vt 0.310000 0.000000
vt 0.300000 0.020833
vt 0.310000 0.020833
vt 0.310000 0.041667
vt 0.310000 0.062500
vt 0.310000 0.083333
vt 0.310000 0.125000
vt 0.310000 0.145833
vt 0.310000 0.166667
vt 0.300000 0.187500
vt 0.310000 0.208333
vt 0.310000 0.229167
vt 0.310000 0.250000
vt 0.300000 0.270833
vt 0.310000 0.291667
vt 0.310000 0.333333
vt 0.300000 0.333333
vt 0.310000 0.354167
vt 0.310000 0.375000
vt 0.300000 0.395833
vt 0.310000 0.395833
vt 0.310000 0.416667
vt 0.310000 0.437500
vt 0.310000 0.458333
vt 0.300000 0.479167
vt 0.320000 0.500000
vt 0.310000 0.520833
vt 0.320000 0.520833
vt 0.320000 0.541667
vt 0.320000 0.562500
vt 0.310000 0.583333
vt 0.320000 0.583333
vt 0.320000 0.625000
vt 0.320000 0.645833
vt 0.320000 0.666667
vt 0.320000 0.687500
vt 0.320000 0.708333
vt 0.310000 0.729167
vt 0.320000 0.729167
vt 0.320000 0.770833
vt 0.310000 0.770833
vt 0.320000 0.791667
vt 0.320000 0.812500
vt 0.320000 0.833333
vt 0.320000 0.875000
vt 0.310000 0.895833
vt 0.320000 0.916667
vt 0.320000 0.958333
vt 0.310000 0.958333
vt 0.320000 0.979167
vt 0.320000 0.000000
vt 0.320000 0.020833
vt 0.320000 0.041667
vt 0.320000 0.062500
vt 0.320000 0.083333
vt 0.310000 0.104167
vt 0.320000 0.125000
vt 0.320000 0.166667
vt 0.320000 0.187500
vt 0.310000 0.187500
vt 0.320000 0.208333
vt 0.320000 0.229167
vt 0.320000 0.250000
vt 0.310000 0.270833
vt 0.320000 0.291667
vt 0.310000 0.312500
vt 0.320000 0.312500
vt 0.320000 0.333333
vt 0.320000 0.354167
vt 0.320000 0.375000
vt 0.320000 0.416667
vt 0.320000 0.458333
vt 0.310000 0.479167
vt 0.330000 0.500000
vt 0.330000 0.541667
vt 0.330000 0.583333
vt 0.320000 0.604167
vt 0.330000 0.604167
vt 0.330000 0.625000
vt 0.330000 0.645833
vt 0.330000 0.666667
vt 0.330000 0.687500
vt 0.330000 0.708333
vt 0.330000 0.750000
vt 0.320000 0.750000
vt 0.330000 0.770833
vt 0.330000 0.791667
vt 0.330000 0.812500
vt 0.330000 0.833333
vt 0.320000 0.854167
vt 0.330000 0.875000
vt 0.320000 0.895833
vt 0.330000 0.895833
vt 0.330000 0.916667
vt 0.320000 0.937500
vt 0.330000 0.937500
vt 0.330000 0.979167
vt 0.320000 1.000000
vt 0.330000 0.000000
vt 0.330000 0.020833
vt 0.330000 0.041667
vt 0.330000 0.083333
vt 0.320000 0.104167
vt 0.330000 0.104167
vt 0.330000 0.125000
vt 0.320000 0.145833
vt 0.330000 0.145833
vt 0.330000 0.187500
vt 0.330000 0.208333
vt 0.330000 0.229167
vt 0.330000 0.250000
vt 0.320000 0.270833
vt 0.330000 0.291667
vt 0.330000 0.312500
vt 0.330000 0.333333
vt 0.330000 0.354167
vt 0.330000 0.395833
vt 0.320000 0.395833
vt 0.330000 0.416667
vt 0.320000 0.437500
vt 0.330000 0.458333
vt 0.320000 0.479167
vt 0.330000 0.479167
vt 0.340000 0.500000
vt 0.330000 0.520833
vt 0.340000 0.520833
vt 0.340000 0.541667
vt 0.330000 0.562500
vt 0.340000 0.583333
vt 0.340000 0.604167
vt 0.340000 0.625000
vt 0.340000 0.666667
vt 0.340000 0.687500
vt 0.340000 0.729167
vt 0.330000 0.729167
vt 0.340000 0.750000
vt 0.340000 0.770833
vt 0.340000 0.812500
vt 0.340000 0.833333
vt 0.330000 0.854167
vt 0.340000 0.875000
vt 0.340000 0.895833
vt 0.340000 0.916667
vt 0.340000 0.958333
vt 0.330000 0.958333
vt 0.340000 0.979167
vt 0.330000 1.000000
vt 0.340000 0.020833
vt 0.340000 0.062500
vt 0.330000 0.062500
vt 0.340000 0.083333
vt 0.340000 0.125000
vt 0.340000 0.166667
vt 0.330000 0.166667
vt 0.340000 0.187500
vt 0.340000 0.208333
vt 0.340000 0.250000
vt 0.340000 0.270833
vt 0.330000 0.270833
vt 0.340000 0.291667
vt 0.340000 0.333333
vt 0.340000 0.354167
vt 0.330000 0.375000
vt 0.340000 0.395833
vt 0.340000 0.416667
vt 0.330000 0.437500
vt 0.340000 0.458333
vt 0.340000 0.479167
vt 0.350000 0.500000
vt 0.350000 0.520833
vt 0.350000 0.541667
vt 0.340000 0.562500
vt 0.350000 0.583333
vt 0.350000 0.604167
vt 0.350000 0.645833
vt 0.340000 0.645833
vt 0.350000 0.666667
vt 0.350000 0.687500
vt 0.340000 0.708333
vt 0.350000 0.729167
vt 0.350000 0.770833
vt 0.350000 0.791667
vt 0.340000 0.791667
vt 0.350000 0.812500
vt 0.350000 0.833333
vt 0.350000 0.854167
vt 0.340000 0.854167
vt 0.350000 0.875000
vt 0.350000 0.895833
vt 0.350000 0.916667
vt 0.340000 0.937500
vt 0.350000 0.958333
vt 0.350000 0.979167
vt 0.340000 1.000000
vt 0.340000 0.000000
vt 0.350000 0.020833
vt 0.340000 0.041667
vt 0.350000 0.041667
vt 0.350000 0.062500
vt 0.350000 0.083333
vt 0.340000 0.104167
vt 0.350000 0.104167
vt 0.350000 0.125000
vt 0.340000 0.145833
vt 0.350000 0.145833
vt 0.350000 0.166667
vt 0.350000 0.187500
vt 0.350000 0.208333
vt 0.340000 0.229167
vt 0.350000 0.229167
vt 0.350000 0.250000
vt 0.350000 0.270833
vt 0.350000 0.291667
vt 0.340000 0.312500
vt 0.350000 0.312500
vt 0.350000 0.333333
vt 0.350000 0.354167
vt 0.340000 0.375000
vt 0.350000 0.375000
vt 0.350000 0.395833
vt 0.350000 0.416667
vt 0.340000 0.437500
vt 0.350000 0.458333
vt 0.350000 0.479167
vt 0.360000 0.500000
vt 0.360000 0.541667
vt 0.350000 0.562500
vt 0.360000 0.562500
vt 0.360000 0.583333
vt 0.360000 0.604167
vt 0.350000 0.625000
vt 0.360000 0.625000
vt 0.360000 0.645833
vt 0.360000 0.687500
vt 0.360000 0.708333
vt 0.350000 0.708333
vt 0.360000 0.750000
vt 0.350000 0.750000
vt 0.360000 0.770833
vt 0.360000 0.812500
vt 0.360000 0.833333
vt 0.360000 0.854167
vt 0.360000 0.875000
vt 0.360000 0.895833
vt 0.360000 0.916667
vt 0.350000 0.937500
vt 0.360000 0.937500
vt 0.360000 0.958333
vt 0.360000 0.979167
vt 0.350000 1.000000
vt 0.360000 0.000000
vt 0.350000 0.000000
vt 0.360000 0.020833
vt 0.360000 0.041667
vt 0.360000 0.062500
vt 0.360000 0.104167
vt 0.360000 0.125000
vt 0.360000 0.145833
vt 0.360000 0.187500
vt 0.360000 0.208333
vt 0.360000 0.229167
vt 0.360000 0.250000
vt 0.360000 0.291667
vt 0.360000 0.312500
vt 0.360000 0.354167
vt 0.360000 0.375000
vt 0.360000 0.395833
vt 0.360000 0.416667
vt 0.350000 0.437500
vt 0.360000 0.458333
vt 0.360000 0.479167
vt 0.370000 0.500000
vt 0.360000 0.520833
vt 0.370000 0.520833
vt 0.370000 0.541667
vt 0.370000 0.562500
vt 0.370000 0.583333
vt 0.370000 0.604167
vt 0.370000 0.625000
vt 0.370000 0.645833
vt 0.360000 0.666667
vt 0.370000 0.666667
vt 0.370000 0.687500
vt 0.370000 0.708333
vt 0.360000 0.729167
vt 0.370000 0.729167
vt 0.370000 0.770833
vt 0.360000 0.791667
vt 0.370000 0.791667
vt 0.370000 0.812500
vt 0.370000 0.833333
vt 0.370000 0.875000
vt 0.370000 0.895833
vt 0.370000 0.916667
vt 0.370000 0.937500
vt 0.370000 0.958333
vt 0.370000 0.979167
vt 0.360000 1.000000
vt 0.370000 0.020833
vt 0.370000 0.062500
vt 0.360000 0.083333
vt 0.370000 0.104167
vt 0.370000 0.125000
vt 0.370000 0.166667
vt 0.360000 0.166667
vt 0.370000 0.208333
vt 0.370000 0.229167
vt 0.370000 0.270833
vt 0.360000 0.270833
vt 0.370000 0.291667
vt 0.370000 0.312500
vt 0.370000 0.333333
vt 0.360000 0.333333
vt 0.370000 0.375000
vt 0.370000 0.395833
vt 0.370000 0.416667
vt 0.360000 0.437500
vt 0.370000 0.458333
vt 0.370000 0.479167
vt 0.380000 0.520833
vt 0.380000 0.541667
vt 0.380000 0.562500
vt 0.380000 0.604167
vt 0.380000 0.625000
vt 0.380000 0.645833
vt 0.380000 0.666667
vt 0.380000 0.687500
vt 0.380000 0.708333
vt 0.380000 0.729167
vt 0.370000 0.750000
vt 0.380000 0.770833
vt 0.380000 0.791667
vt 0.380000 0.812500
vt 0.380000 0.833333
vt 0.380000 0.854167
vt 0.370000 0.854167
vt 0.380000 0.875000
vt 0.380000 0.895833
vt 0.380000 0.937500
vt 0.380000 0.979167
vt 0.380000 1.000000
vt 0.370000 1.000000
vt 0.380000 0.000000
vt 0.370000 0.000000
vt 0.380000 0.020833
vt 0.370000 0.041667
vt 0.380000 0.062500
vt 0.370000 0.083333
vt 0.380000 0.083333
vt 0.380000 0.104167
vt 0.380000 0.125000
vt 0.370000 0.145833
vt 0.380000 0.145833
vt 0.380000 0.166667
vt 0.370000 0.187500
vt 0.380000 0.187500
vt 0.380000 0.208333
vt 0.380000 0.229167
vt 0.370000 0.250000
vt 0.380000 0.250000
vt 0.380000 0.270833
vt 0.380000 0.291667
vt 0.380000 0.312500
vt 0.380000 0.333333
vt 0.370000 0.354167
vt 0.380000 0.354167
vt 0.380000 0.375000
vt 0.380000 0.395833
vt 0.380000 0.437500
vt 0.370000 0.437500
vt 0.380000 0.458333
vt 0.380000 0.479167
vt 0.390000 0.500000
vt 0.380000 0.500000
vt 0.390000 0.520833
vt 0.390000 0.562500
vt 0.380000 0.583333
vt 0.390000 0.583333
vt 0.390000 0.604167
vt 0.390000 0.625000
vt 0.390000 0.645833
vt 0.390000 0.666667
vt 0.390000 0.687500
vt 0.390000 0.708333
vt 0.390000 0.729167
vt 0.380000 0.750000
vt 0.390000 0.750000
vt 0.390000 0.770833
vt 0.390000 0.791667
vt 0.390000 0.812500
vt 0.390000 0.833333
vt 0.390000 0.854167
vt 0.390000 0.875000
vt 0.390000 0.895833
vt 0.380000 0.916667
vt 0.390000 0.916667
vt 0.390000 0.937500
vt 0.380000 0.958333
vt 0.390000 0.979167
vt 0.390000 0.000000
vt 0.390000 0.020833
vt 0.380000 0.041667
vt 0.390000 0.062500
vt 0.390000 0.083333
vt 0.390000 0.104167
vt 0.390000 0.125000
vt 0.390000 0.166667
vt 0.390000 0.187500
vt 0.390000 0.229167
vt 0.390000 0.250000
vt 0.390000 0.270833
vt 0.390000 0.312500
vt 0.390000 0.354167
vt 0.390000 0.375000
vt 0.390000 0.395833
vt 0.390000 0.416667
vt 0.380000 0.416667
vt 0.390000 0.437500
vt 0.390000 0.458333
vt 0.390000 0.479167
vt 0.400000 0.500000
vt 0.400000 0.541667
vt 0.390000 0.541667
vt 0.400000 0.562500
vt 0.400000 0.604167
vt 0.400000 0.625000
vt 0.400000 0.645833
vt 0.400000 0.666667
vt 0.400000 0.708333
vt 0.400000 0.729167
vt 0.400000 0.770833
vt 0.400000 0.812500
vt 0.400000 0.833333
vt 0.400000 0.854167
vt 0.400000 0.895833
vt 0.400000 0.916667
vt 0.400000 0.937500
vt 0.390000 0.958333
vt 0.400000 0.958333
vt 0.400000 1.000000
vt 0.390000 1.000000
vt 0.400000 0.000000
vt 0.400000 0.041667
vt 0.390000 0.041667
vt 0.400000 0.062500
vt 0.400000 0.083333
vt 0.400000 0.104167
vt 0.400000 0.145833
vt 0.390000 0.145833
vt 0.400000 0.166667
vt 0.400000 0.187500
vt 0.390000 0.208333
vt 0.400000 0.229167
vt 0.400000 0.270833
vt 0.400000 0.291667
vt 0.390000 0.291667
vt 0.400000 0.312500
vt 0.390000 0.333333
vt 0.400000 0.333333
vt 0.400000 0.354167
vt 0.400000 0.375000
vt 0.400000 0.395833
vt 0.400000 0.437500
vt 0.400000 0.458333
vt 0.400000 0.479167
vt 0.410000 0.500000
vt 0.400000 0.520833
vt 0.410000 0.520833
vt 0.410000 0.541667
vt 0.410000 0.583333
vt 0.400000 0.583333
vt 0.410000 0.625000
vt 0.410000 0.645833
vt 0.410000 0.666667
vt 0.400000 0.687500
vt 0.410000 0.687500
vt 0.410000 0.708333
vt 0.410000 0.750000
vt 0.400000 0.750000
vt 0.410000 0.770833
vt 0.400000 0.791667
vt 0.410000 0.791667
vt 0.410000 0.833333
vt 0.410000 0.854167
vt 0.400000 0.875000
vt 0.410000 0.895833
vt 0.410000 0.916667
vt 0.410000 0.937500
vt 0.410000 0.958333
vt 0.400000 0.979167
vt 0.410000 0.979167
vt 0.410000 0.000000
vt 0.400000 0.020833
vt 0.410000 0.020833
vt 0.410000 0.041667
vt 0.410000 0.062500
vt 0.410000 0.083333
vt 0.410000 0.104167
vt 0.400000 0.125000
vt 0.410000 0.145833
vt 0.410000 0.166667
vt 0.410000 0.187500
vt 0.400000 0.208333
vt 0.410000 0.229167
vt 0.400000 0.250000
vt 0.410000 0.250000
vt 0.410000 0.291667
vt 0.410000 0.333333
vt 0.410000 0.354167
vt 0.410000 0.375000
vt 0.410000 0.395833
vt 0.410000 0.416667
vt 0.400000 0.416667
vt 0.410000 0.437500
vt 0.410000 0.479167
vt 0.420000 0.520833
vt 0.420000 0.541667
vt 0.410000 0.562500
vt 0.420000 0.583333
vt 0.410000 0.604167
vt 0.420000 0.625000
vt 0.420000 0.645833
vt 0.420000 0.666667
vt 0.420000 0.708333
vt 0.410000 0.729167
vt 0.420000 0.729167
vt 0.420000 0.770833
vt 0.420000 0.812500
vt 0.410000 0.812500
vt 0.420000 0.854167
vt 0.410000 0.875000
vt 0.420000 0.895833
vt 0.420000 0.937500
vt 0.420000 0.958333
vt 0.420000 1.000000
vt 0.410000 1.000000
vt 0.420000 0.000000
vt 0.420000 0.020833
vt 0.420000 0.062500
vt 0.420000 0.104167
vt 0.410000 0.125000
vt 0.420000 0.145833
vt 0.420000 0.187500
vt 0.410000 0.208333
vt 0.420000 0.229167
vt 0.420000 0.250000
vt 0.410000 0.270833
vt 0.420000 0.270833
vt 0.420000 0.291667
vt 0.410000 0.312500
vt 0.420000 0.333333
vt 0.420000 0.354167
vt 0.420000 0.375000
vt 0.420000 0.395833
vt 0.420000 0.416667
vt 0.420000 0.437500
vt 0.410000 0.458333
vt 0.420000 0.479167
vt 0.430000 0.500000
vt 0.420000 0.500000
vt 0.430000 0.520833
vt 0.430000 0.541667
vt 0.420000 0.562500
vt 0.430000 0.583333
vt 0.420000 0.604167
vt 0.430000 0.604167
vt 0.430000 0.625000
vt 0.430000 0.666667
vt 0.420000 0.687500
vt 0.430000 0.708333
vt 0.430000 0.750000
vt 0.420000 0.750000
vt 0.430000 0.770833
vt 0.420000 0.791667
vt 0.430000 0.812500
vt 0.420000 0.833333
vt 0.430000 0.833333
vt 0.430000 0.854167
vt 0.420000 0.875000
vt 0.430000 0.875000
vt 0.430000 0.916667
vt 0.420000 0.916667
vt 0.430000 0.937500
vt 0.430000 0.958333
vt 0.420000 0.979167
vt 0.430000 0.979167
vt 0.430000 0.000000
vt 0.430000 0.041667
vt 0.420000 0.041667
vt 0.430000 0.062500
vt 0.420000 0.083333
vt 0.430000 0.083333
vt 0.430000 0.104167
vt 0.420000 0.125000
vt 0.430000 0.145833
vt 0.430000 0.166667
vt 0.420000 0.166667
vt 0.430000 0.187500
vt 0.420000 0.208333
vt 0.430000 0.229167
vt 0.430000 0.250000
vt 0.430000 0.291667
vt 0.420000 0.312500
vt 0.430000 0.333333
vt 0.430000 0.354167
vt 0.430000 0.395833
vt 0.430000 0.416667
vt 0.430000 0.458333
vt 0.420000 0.458333
vt 0.430000 0.479167
vt 0.440000 0.500000
vt 0.440000 0.520833
vt 0.440000 0.562500
vt 0.430000 0.562500
vt 0.440000 0.583333
vt 0.440000 0.604167
vt 0.440000 0.625000
vt 0.430000 0.645833
vt 0.440000 0.666667
vt 0.440000 0.687500
vt 0.430000 0.687500
vt 0.440000 0.708333
vt 0.440000 0.729167
vt 0.430000 0.729167
vt 0.440000 0.770833
vt 0.430000 0.791667
vt 0.440000 0.812500
vt 0.440000 0.833333
vt 0.440000 0.854167
vt 0.440000 0.875000
vt 0.430000 0.895833
vt 0.440000 0.895833
vt 0.440000 0.937500
vt 0.440000 0.958333
vt 0.440000 0.979167
vt 0.430000 1.000000
vt 0.440000 0.000000
vt 0.430000 0.020833
vt 0.440000 0.020833
vt 0.440000 0.041667
vt 0.440000 0.062500
vt 0.440000 0.104167
vt 0.440000 0.125000
vt 0.430000 0.125000
vt 0.440000 0.145833
vt 0.440000 0.166667
vt 0.440000 0.187500
vt 0.430000 0.208333
vt 0.440000 0.229167
vt 0.440000 0.270833
vt 0.430000 0.270833
vt 0.440000 0.291667
vt 0.430000 0.312500
vt 0.440000 0.312500
vt 0.440000 0.333333
vt 0.440000 0.354167
vt 0.430000 0.375000
vt 0.440000 0.375000
vt 0.440000 0.395833
vt 0.440000 0.416667
vt 0.430000 0.437500
vt 0.440000 0.437500
vt 0.440000 0.479167
vt 0.450000 0.500000
vt 0.450000 0.520833
vt 0.440000 0.541667
vt 0.450000 0.562500
vt 0.450000 0.604167
vt 0.450000 0.625000
vt 0.440000 0.645833
vt 0.450000 0.645833
vt 0.450000 0.687500
vt 0.450000 0.708333
vt 0.450000 0.729167
vt 0.440000 0.750000
vt 0.450000 0.770833
vt 0.440000 0.791667
vt 0.450000 0.812500
vt 0.450000 0.833333
vt 0.450000 0.854167
vt 0.450000 0.895833
vt 0.440000 0.916667
vt 0.450000 0.937500
vt 0.450000 0.958333
vt 0.450000 0.979167
vt 0.440000 1.000000
vt 0.450000 0.020833
vt 0.450000 0.041667
vt 0.450000 0.062500
vt 0.440000 0.083333
vt 0.450000 0.083333
vt 0.450000 0.104167
vt 0.450000 0.145833
vt 0.450000 0.166667
vt 0.450000 0.187500
vt 0.440000 0.208333
vt 0.450000 0.229167
vt 0.440000 0.250000
vt 0.450000 0.270833
vt 0.450000 0.291667
vt 0.450000 0.312500
vt 0.450000 0.354167
vt 0.450000 0.375000
vt 0.450000 0.395833
vt 0.450000 0.437500
vt 0.440000 0.458333
vt 0.450000 0.458333
vt 0.460000 0.500000
vt 0.460000 0.520833
vt 0.450000 0.541667
vt 0.460000 0.541667
vt 0.460000 0.562500
vt 0.450000 0.583333
vt 0.460000 0.583333
vt 0.460000 0.625000
vt 0.460000 0.645833
vt 0.450000 0.666667
vt 0.460000 0.666667
vt 0.460000 0.687500
vt 0.460000 0.729167
vt 0.460000 0.750000
vt 0.450000 0.750000
vt 0.460000 0.770833
vt 0.450000 0.791667
vt 0.460000 0.791667
vt 0.460000 0.833333
vt 0.460000 0.875000
vt 0.450000 0.875000
vt 0.460000 0.895833
vt 0.450000 0.916667
vt 0.460000 0.916667
vt 0.460000 0.937500
vt 0.460000 0.979167
vt 0.450000 1.000000
vt 0.450000 0.000000
vt 0.460000 0.020833
vt 0.460000 0.062500
vt 0.460000 0.083333
vt 0.460000 0.125000
vt 0.450000 0.125000
vt 0.460000 0.166667
vt 0.460000 0.208333
vt 0.450000 0.208333
vt 0.460000 0.229167
vt 0.450000 0.250000
vt 0.460000 0.250000
vt 0.460000 0.270833
vt 0.460000 0.312500
vt 0.450000 0.333333
vt 0.460000 0.354167
vt 0.460000 0.375000
vt 0.460000 0.395833
vt 0.450000 0.416667
vt 0.460000 0.416667
vt 0.460000 0.437500
vt 0.460000 0.479167
vt 0.450000 0.479167
vt 0.470000 0.520833
vt 0.470000 0.541667
vt 0.470000 0.562500
vt 0.470000 0.583333
vt 0.460000 0.604167
vt 0.470000 0.604167
vt 0.470000 0.625000
vt 0.470000 0.645833
vt 0.470000 0.687500
vt 0.460000 0.708333
vt 0.470000 0.708333
vt 0.470000 0.729167
vt 0.470000 0.750000
vt 0.470000 0.770833
vt 0.470000 0.791667
vt 0.460000 0.812500
vt 0.470000 0.812500
vt 0.470000 0.833333
vt 0.460000 0.854167
vt 0.470000 0.854167
vt 0.470000 0.875000
vt 0.470000 0.895833
vt 0.470000 0.916667
vt 0.470000 0.937500
vt 0.460000 0.958333
vt 0.470000 0.979167
vt 0.460000 1.000000
vt 0.470000 0.000000
vt 0.460000 0.000000
vt 0.470000 0.020833
vt 0.460000 0.041667
vt 0.470000 0.041667
vt 0.470000 0.083333
vt 0.470000 0.104167
vt 0.460000 0.104167
vt 0.470000 0.125000
vt 0.470000 0.145833
vt 0.460000 0.145833
vt 0.470000 0.166667
vt 0.470000 0.187500
vt 0.460000 0.187500
vt 0.470000 0.208333
vt 0.470000 0.229167
vt 0.470000 0.250000
vt 0.470000 0.270833
vt 0.460000 0.291667
vt 0.470000 0.312500
vt 0.470000 0.333333
vt 0.460000 0.333333
vt 0.470000 0.354167
vt 0.470000 0.395833
vt 0.470000 0.416667
vt 0.470000 0.437500
vt 0.460000 0.458333
vt 0.470000 0.479167
vt 0.480000 0.500000
vt 0.470000 0.500000
vt 0.480000 0.520833
vt 0.480000 0.562500
vt 0.480000 0.583333
vt 0.480000 0.604167
vt 0.480000 0.645833
vt 0.470000 0.666667
vt 0.480000 0.666667
vt 0.480000 0.687500
vt 0.480000 0.708333
vt 0.480000 0.729167
vt 0.480000 0.750000
vt 0.480000 0.770833
vt 0.480000 0.812500
vt 0.480000 0.833333
vt 0.480000 0.854167
vt 0.480000 0.875000
vt 0.480000 0.895833
vt 0.480000 0.916667
vt 0.480000 0.937500
vt 0.470000 0.958333
vt 0.480000 0.958333
vt 0.480000 0.979167
vt 0.470000 1.000000
vt 0.480000 0.000000
vt 0.480000 0.020833
vt 0.480000 0.062500
vt 0.470000 0.062500
vt 0.480000 0.083333
vt 0.480000 0.104167
vt 0.480000 0.125000
vt 0.480000 0.145833
vt 0.480000 0.166667
vt 0.480000 0.187500
vt 0.480000 0.208333
vt 0.480000 0.250000
vt 0.480000 0.270833
vt 0.470000 0.291667
vt 0.480000 0.291667
vt 0.480000 0.333333
vt 0.480000 0.354167
vt 0.470000 0.375000
vt 0.480000 0.395833
vt 0.480000 0.416667
vt 0.480000 0.437500
vt 0.470000 0.458333
vt 0.480000 0.458333
vt 0.480000 0.479167
vt 0.490000 0.500000
vt 0.490000 0.520833
vt 0.480000 0.541667
vt 0.490000 0.541667
vt 0.490000 0.583333
vt 0.490000 0.604167
vt 0.480000 0.625000
vt 0.490000 0.625000
vt 0.490000 0.666667
vt 0.490000 0.687500
vt 0.490000 0.729167
vt 0.490000 0.750000
vt 0.490000 0.791667
vt 0.480000 0.791667
vt 0.490000 0.812500
vt 0.490000 0.833333
vt 0.490000 0.854167
vt 0.490000 0.875000
vt 0.490000 0.895833
vt 0.490000 0.916667
vt 0.490000 0.958333
vt 0.490000 1.000000
vt 0.480000 1.000000
vt 0.490000 0.020833
vt 0.490000 0.041667
vt 0.480000 0.041667
vt 0.490000 0.083333
vt 0.490000 0.104167
vt 0.490000 0.125000
vt 0.490000 0.145833
vt 0.490000 0.166667
vt 0.490000 0.187500
vt 0.490000 0.208333
vt 0.480000 0.229167
vt 0.490000 0.229167
vt 0.490000 0.250000
vt 0.490000 0.270833
vt 0.490000 0.312500
vt 0.480000 0.312500
vt 0.490000 0.333333
vt 0.490000 0.354167
vt 0.480000 0.375000
vt 0.490000 0.375000
vt 0.490000 0.395833
vt 0.490000 0.416667
vt 0.490000 0.437500
vt 0.490000 0.458333
vt 0.490000 0.479167
vt 0.500000 0.520833
vt 0.500000 0.541667
vt 0.490000 0.562500
vt 0.500000 0.583333
vt 0.500000 0.604167
vt 0.500000 0.645833
vt 0.490000 0.645833
vt 0.500000 0.687500
vt 0.490000 0.708333
vt 0.500000 0.708333
vt 0.500000 0.729167
vt 0.500000 0.770833
vt 0.490000 0.770833
vt 0.500000 0.791667
vt 0.500000 0.833333
vt 0.500000 0.854167
vt 0.500000 0.875000
vt 0.500000 0.895833
vt 0.500000 0.916667
vt 0.500000 0.937500
vt 0.490000 0.937500
vt 0.500000 0.979167
vt 0.490000 0.979167
vt 0.500000 0.000000
vt 0.490000 0.000000
vt 0.500000 0.020833
vt 0.500000 0.062500
vt 0.490000 0.062500
vt 0.500000 0.083333
vt 0.500000 0.104167
vt 0.500000 0.125000
vt 0.500000 0.145833
vt 0.500000 0.166667
vt 0.500000 0.208333
vt 0.500000 0.229167
vt 0.500000 0.270833
vt 0.500000 0.291667
vt 0.490000 0.291667
vt 0.500000 0.312500
vt 0.500000 0.354167
vt 0.500000 0.395833
vt 0.500000 0.416667
vt 0.500000 0.437500
vt 0.500000 0.479167
vt 0.500000 0.500000
vt 0.500000 0.562500
vt 0.500000 0.625000
vt 0.500000 0.666667
vt 0.500000 0.750000
vt 0.500000 0.812500
vt 0.500000 0.958333
vt 0.500000 1.000000
vt 0.500000 0.041667
vt 0.500000 0.187500
vt 0.500000 0.250000
vt 0.500000 0.333333
vt 0.500000 0.375000
vt 0.500000 0.458333
vt 1.000000 0.770833
vt 1.000000 1.000000
vt 1.000000 0.000000
vt 1.000000 0.062500
vt 1.000000 0.145833
vt 1.000000 0.229167
vt 1.000000 0.395833
s 1
usemtl matCorPrataPolida
f 49/1/49 2/2/2 1/3/1
f 50/4/50 3/5/3 2/2/2
f 51/6/51 4/7/4 3/5/3
f 52/8/52 5/9/5 4/7/4
f 53/10/53 6/11/6 5/9/5
f 54/12/54 7/13/7 6/11/6
f 55/14/55 8/15/8 7/13/7
f 56/16/56 9/17/9 8/15/8
f 57/18/57 10/19/10 9/17/9
f 58/20/58 11/21/11 10/19/10
f 59/22/59 12/23/12 11/21/11
f 60/24/60 13/25/13 12/23/12
f 13/25/13 62/26/62 14/27/14
f 14/27/14 63/28/63 15/29/15
f 63/28/63 16/30/16 15/29/15
f 16/30/16 65/31/65 17/32/17
f 17/32/17 66/33/66 18/34/18
f 18/34/18 67/35/67 19/36/19
f 19/36/19 68/37/68 20/38/20
f 68/37/68 21/39/21 20/38/20
f 69/40/69 22/41/22 21/39/21
f 70/42/70 23/43/23 22/41/22
f 71/44/71 24/45/24 23/43/23
f 72/46/72 25/47/25 24/45/24
f 73/48/73 26/49/26 25/50/25
f 74/51/74 27/52/27 26/49/26
f 27/52/27 76/53/76 28/54/28
f 76/53/76 29/55/29 28/54/28
f 29/55/29 78/56/78 30/57/30
f 78/56/78 31/58/31 30/57/30
f 79/59/79 32/60/32 31/58/31
f 80/61/80 33/62/33 32/60/32
f 81/63/81 34/64/34 33/62/33
f 34/64/34 83/65/83 35/66/35
f 83/65/83 36/67/36 35/66/35
f 84/68/84 37/69/37 36/67/36
f 85/70/85 38/71/38 37/69/37
f 86/72/86 39/73/39 38/71/38
f 87/74/87 40/75/40 39/73/39
f 40/75/40 89/76/89 41/77/41
f 41/77/41 90/78/90 42/79/42
f 90/78/90 43/80/43 42/79/42
f 43/80/43 92/81/92 44/82/44
f 92/81/92 45/83/45 44/82/44
f 93/84/93 46/85/46 45/83/45
f 46/85/46 95/86/95 47/87/47
f 47/87/47 96/88/96 48/89/48
f 96/88/96 1/3/1 48/89/48
f 97/90/97 50/4/50 49/1/49
f 50/4/50 99/91/99 51/6/51
f 99/91/99 52/8/52 51/6/51
f 52/8/52 101/92/101 53/10/53
f 53/10/53 102/93/102 54/12/54
f 102/93/102 55/14/55 54/12/54
f 55/14/55 104/94/104 56/16/56
f 56/16/56 105/95/105 57/18/57
f 57/18/57 106/96/106 58/20/58
f 58/20/58 107/97/107 59/22/59
f 59/22/59 108/98/108 60/24/60
f 60/24/60 109/99/109 61/100/61
f 61/100/61 110/101/110 62/26/62
f 110/101/110 63/28/63 62/26/62
f 63/28/63 112/102/112 64/103/64
f 112/102/112 65/31/65 64/103/64
f 65/31/65 114/104/114 66/33/66
f 66/33/66 115/105/115 67/35/67
f 115/105/115 68/37/68 67/35/67
f 68/37/68 117/106/117 69/40/69
f 69/40/69 118/107/118 70/42/70
f 118/107/118 71/44/71 70/42/70
f 119/108/119 72/46/72 71/44/71
f 72/46/72 121/109/121 73/110/73
f 121/111/121 74/51/74 73/48/73
f 122/112/122 75/113/75 74/51/74
f 123/114/123 76/53/76 75/113/75
f 124/115/124 77/116/77 76/53/76
f 125/117/125 78/56/78 77/116/77
f 126/118/126 79/59/79 78/56/78
f 127/119/127 80/61/80 79/59/79
f 128/120/128 81/63/81 80/61/80
f 129/121/129 82/122/82 81/63/81
f 130/123/130 83/65/83 82/122/82
f 83/65/83 132/124/132 84/68/84
f 132/124/132 85/70/85 84/68/84
f 133/125/133 86/72/86 85/70/85
f 134/126/134 87/74/87 86/72/86
f 135/127/135 88/128/88 87/74/87
f 136/129/136 89/76/89 88/128/88
f 137/130/137 90/78/90 89/76/89
f 138/131/138 91/132/91 90/78/90
f 91/132/91 140/133/140 92/81/92
f 140/133/140 93/84/93 92/81/92
f 141/134/141 94/135/94 93/84/93
f 142/136/142 95/86/95 94/135/94
f 143/137/143 96/88/96 95/86/95
f 144/138/144 49/1/49 96/88/96
f 145/139/145 98/140/98 97/90/97
f 146/141/146 99/91/99 98/140/98
f 147/142/147 100/143/100 99/91/99
f 148/144/148 101/92/101 100/143/100
f 149/145/149 102/93/102 101/92/101
f 150/146/150 103/147/103 102/93/102
f 151/148/151 104/94/104 103/147/103
f 152/149/152 105/95/105 104/94/104
f 153/150/153 106/96/106 105/95/105
f 154/151/154 107/97/107 106/96/106
f 107/97/107 156/152/156 108/98/108
f 108/98/108 157/153/109 109/99/109
f 109/99/109 158/154/157 110/101/110
f 158/154/157 111/155/111 110/101/110
f 111/155/111 160/156/159 112/102/112
f 160/156/159 113/157/113 112/102/112
f 161/158/160 114/104/114 113/157/113
f 162/159/161 115/105/115 114/104/114
f 163/160/162 116/161/116 115/105/115
f 164/162/163 117/106/117 116/161/116
f 165/163/164 118/107/118 117/106/117
f 166/164/165 119/108/119 118/107/118
f 167/165/166 120/166/120 119/108/119
f 168/167/167 121/109/121 120/166/120
f 169/168/168 122/112/122 121/111/121
f 122/112/122 171/169/170 123/114/123
f 123/114/123 172/170/171 124/115/124
f 124/115/124 173/171/172 125/117/125
f 125/117/125 174/172/173 126/118/126
f 126/118/126 175/173/174 127/119/127
f 127/119/127 176/174/175 128/120/128
f 128/120/128 177/175/176 129/121/129
f 129/121/129 178/176/177 130/123/130
f 178/176/177 131/177/131 130/123/130
f 131/177/131 180/178/179 132/124/132
f 180/178/179 133/125/133 132/124/132
f 181/179/133 134/126/134 133/125/133
f 182/180/180 135/127/135 134/126/134
f 135/127/135 184/181/182 136/129/136
f 136/129/136 185/182/183 137/130/137
f 137/130/137 186/183/184 138/131/138
f 138/131/138 187/184/185 139/185/139
f 139/185/139 188/186/186 140/133/140
f 140/133/140 189/187/187 141/134/141
f 141/134/141 190/188/188 142/136/142
f 142/136/142 191/189/189 143/137/143
f 143/137/143 192/190/190 144/138/144
f 192/190/190 97/90/97 144/138/144
f 193/191/191 146/141/146 145/139/145
f 194/192/192 147/142/147 146/141/146
f 147/142/147 196/193/194 148/144/148
f 196/193/194 149/145/149 148/144/148
f 197/194/195 150/146/150 149/145/149
f 150/146/150 199/195/197 151/148/151
f 199/195/197 152/149/152 151/148/151
f 200/196/198 153/150/153 152/149/152
f 201/197/199 154/151/154 153/150/153
f 154/151/154 203/198/201 155/199/155
f 203/198/201 156/152/156 155/199/155
f 204/200/202 157/153/109 156/152/156
f 157/153/109 206/201/204 158/154/157
f 206/201/204 159/202/158 158/154/157
f 207/203/205 160/156/159 159/202/158
f 208/204/206 161/158/160 160/156/159
f 161/158/160 210/205/208 162/159/161
f 162/159/161 211/206/209 163/160/162
f 163/160/162 212/207/210 164/162/163
f 164/162/163 213/208/211 165/163/164
f 213/208/211 166/164/165 165/163/164
f 214/209/212 167/165/166 166/164/165
f 215/210/213 168/167/167 167/165/166
f 216/211/214 169/212/168 168/167/167
f 217/213/215 170/214/169 169/168/168
f 218/215/216 171/169/170 170/214/169
f 219/216/217 172/170/171 171/169/170
f 220/217/218 173/171/172 172/170/171
f 221/218/219 174/172/173 173/171/172
f 222/219/220 175/173/174 174/172/173
f 223/220/221 176/174/175 175/173/174
f 224/221/222 177/175/176 176/174/175
f 177/175/176 226/222/224 178/176/177
f 178/176/177 227/223/225 179/224/178
f 227/223/225 180/178/179 179/224/178
f 228/225/226 181/179/133 180/178/179
f 181/179/133 230/226/228 182/180/180
f 182/180/180 231/227/229 183/228/181
f 231/227/229 184/181/182 183/228/181
f 184/181/182 233/229/231 185/182/183
f 185/182/183 234/230/232 186/183/184
f 186/183/184 235/231/233 187/184/185
f 235/231/233 188/186/186 187/184/185
f 236/232/234 189/187/187 188/186/186
f 237/233/235 190/188/188 189/187/187
f 238/234/236 191/189/189 190/188/188
f 191/189/189 240/235/238 192/190/190
f 192/190/190 193/191/191 145/139/145
f 241/236/239 194/192/192 193/191/191
f 194/192/192 243/237/241 195/238/193
f 195/238/193 244/239/242 196/193/194
f 196/193/194 245/240/243 197/194/195
f 245/240/243 198/241/196 197/194/195
f 198/241/196 247/242/245 199/195/197
f 199/195/197 248/243/246 200/196/198
f 200/196/198 249/244/247 201/197/199
f 201/197/199 250/245/248 202/246/200
f 250/245/248 203/198/201 202/246/200
f 203/198/201 252/247/250 204/200/202
f 204/200/202 253/248/251 205/249/203
f 205/249/203 254/250/252 206/201/204
f 254/250/252 207/203/205 206/201/204
f 255/251/253 208/204/206 207/203/205
f 256/252/254 209/253/207 208/204/206
f 209/253/207 258/254/256 210/205/208
f 258/254/256 211/206/209 210/205/208
f 259/255/257 212/207/210 211/206/209
f 212/207/210 261/256/259 213/208/211
f 261/256/259 214/209/212 213/208/211
f 214/209/212 263/257/261 215/210/213
f 215/210/213 264/258/262 216/211/214
f 264/258/262 217/259/215 216/211/214
f 217/213/215 266/260/264 218/215/216
f 266/260/264 219/216/217 218/215/216
f 267/261/265 220/217/218 219/216/217
f 220/217/218 269/262/267 221/218/219
f 269/262/267 222/219/220 221/218/219
f 222/219/220 271/263/269 223/220/221
f 271/263/269 224/221/222 223/220/221
f 224/221/222 273/264/271 225/265/223
f 225/265/223 274/266/272 226/222/224
f 274/266/272 227/223/225 226/222/224
f 275/267/273 228/225/226 227/223/225
f 276/268/274 229/269/227 228/225/226
f 277/270/275 230/226/228 229/269/227
f 278/271/276 231/227/229 230/226/228
f 231/227/229 280/272/278 232/273/230
f 232/273/230 281/274/279 233/229/231
f 281/274/279 234/230/232 233/229/231
f 282/275/280 235/231/233 234/230/232
f 283/276/281 236/232/234 235/231/233
f 236/232/234 285/277/283 237/233/235
f 285/277/283 238/234/236 237/233/235
f 286/278/284 239/279/237 238/234/236
f 287/280/285 240/235/238 239/279/237
f 240/235/238 241/236/239 193/191/191
f 289/281/287 242/282/240 241/236/239
f 290/283/288 243/237/241 242/282/240
f 291/284/289 244/239/242 243/237/241
f 292/285/290 245/240/243 244/239/242
f 293/286/291 246/287/244 245/240/243
f 294/288/292 247/242/245 246/287/244
f 247/242/245 296/289/294 248/243/246
f 296/289/294 249/244/247 248/243/246
f 249/244/247 298/290/296 250/245/248
f 298/290/296 251/291/249 250/245/248
f 299/292/297 252/247/250 251/291/249
f 252/247/250 301/293/299 253/248/251
f 301/293/299 254/250/252 253/248/251
f 302/294/300 255/251/253 254/250/252
f 303/295/301 256/252/254 255/251/253
f 256/252/254 305/296/303 257/297/255
f 305/296/303 258/254/256 257/297/255
f 306/298/304 259/255/257 258/254/256
f 259/255/257 308/299/306 260/300/258
f 308/299/306 261/256/259 260/300/258
f 309/301/307 262/302/260 261/256/259
f 262/302/260 311/303/309 263/257/261
f 311/303/309 264/258/262 263/257/261
f 312/304/310 265/305/263 264/258/262
f 265/306/263 314/307/312 266/260/264
f 266/260/264 315/308/313 267/261/265
f 315/308/313 268/309/266 267/261/265
f 316/310/314 269/262/267 268/309/266
f 317/311/315 270/312/268 269/262/267
f 318/313/316 271/263/269 270/312/268
f 271/263/269 320/314/318 272/315/270
f 272/315/270 321/316/319 273/264/271
f 321/316/319 274/266/272 273/264/271
f 322/317/320 275/267/273 274/266/272
f 275/267/273 324/318/322 276/268/274
f 324/318/322 277/270/275 276/268/274
f 325/319/323 278/271/276 277/270/275
f 326/320/324 279/321/277 278/271/276
f 327/322/325 280/272/278 279/321/277
f 328/323/326 281/274/279 280/272/278
f 329/324/327 282/275/280 281/274/279
f 330/325/328 283/276/281 282/275/280
f 283/276/281 332/326/330 284/327/282
f 332/326/330 285/277/283 284/327/282
f 333/328/331 286/278/284 285/277/283
f 334/329/332 287/280/285 286/278/284
f 335/330/333 288/331/286 287/280/285
f 336/332/334 241/236/239 288/331/286
f 337/333/335 290/283/288 289/281/287
f 338/334/336 291/284/289 290/283/288
f 291/284/289 340/335/338 292/285/290
f 292/285/290 341/336/339 293/286/291
f 341/336/339 294/288/292 293/286/291
f 294/288/292 343/337/341 295/338/293
f 343/337/341 296/289/294 295/338/293
f 296/289/294 345/339/343 297/340/295
f 345/339/343 298/290/296 297/340/295
f 346/341/344 299/292/297 298/290/296
f 299/292/297 348/342/346 300/343/298
f 348/342/346 301/293/299 300/343/298
f 349/344/347 302/294/300 301/293/299
f 350/345/348 303/295/301 302/294/300
f 351/346/349 304/347/302 303/295/301
f 352/348/350 305/296/303 304/347/302
f 353/349/351 306/298/304 305/296/303
f 354/350/352 307/351/305 306/298/304
f 307/351/305 356/352/354 308/299/306
f 308/299/306 357/353/355 309/301/307
f 357/353/355 310/354/308 309/301/307
f 310/354/308 359/355/357 311/303/309
f 359/355/357 312/304/310 311/303/309
f 360/356/358 313/357/311 312/304/310
f 361/358/359 314/307/312 313/359/311
f 362/360/360 315/308/313 314/307/312
f 363/361/361 316/310/314 315/308/313
f 316/310/314 365/362/363 317/311/315
f 365/362/363 318/313/316 317/311/315
f 366/363/364 319/364/317 318/313/316
f 319/364/317 368/365/366 320/314/318
f 368/365/366 321/316/319 320/314/318
f 321/316/319 370/366/368 322/317/320
f 322/317/320 371/367/369 323/368/321
f 323/368/321 372/369/370 324/318/322
f 324/318/322 373/370/371 325/319/323
f 325/319/323 374/371/372 326/320/324
f 374/371/372 327/322/325 326/320/324
f 375/372/373 328/323/326 327/322/325
f 328/323/326 377/373/375 329/324/327
f 377/373/375 330/325/328 329/324/327
f 378/374/376 331/375/329 330/325/328
f 379/376/377 332/326/330 331/375/329
f 380/377/378 333/328/331 332/326/330
f 381/378/379 334/329/332 333/328/331
f 382/379/380 335/330/333 334/329/332
f 335/330/333 384/380/382 336/332/334
f 384/380/382 289/281/287 336/332/334
f 337/333/335 386/381/384 338/334/336
f 338/334/336 387/382/385 339/383/337
f 387/382/385 340/335/338 339/383/337
f 340/335/338 389/384/387 341/336/339
f 341/336/339 390/385/388 342/386/340
f 342/386/340 391/387/389 343/337/341
f 343/337/341 392/388/390 344/389/342
f 344/389/342 393/390/391 345/339/343
f 393/390/391 346/341/344 345/339/343
f 394/391/392 347/392/345 346/341/344
f 395/393/393 348/342/346 347/392/345
f 348/342/346 397/394/395 349/344/347
f 349/344/347 398/395/396 350/345/348
f 350/345/348 399/396/397 351/346/349
f 351/346/349 400/397/398 352/348/350
f 352/348/350 401/398/399 353/349/351
f 353/349/351 402/399/400 354/350/352
f 402/399/400 355/400/353 354/350/352
f 403/401/401 356/352/354 355/400/353
f 356/352/354 405/402/403 357/353/355
f 357/353/355 406/403/404 358/404/356
f 358/404/356 407/405/405 359/355/357
f 407/405/405 360/356/358 359/355/357
f 408/406/406 361/407/359 360/356/358
f 409/408/407 362/360/360 361/358/359
f 410/409/408 363/361/361 362/360/360
f 411/410/409 364/411/362 363/361/361
f 412/412/410 365/362/363 364/411/362
f 413/413/411 366/363/364 365/362/363
f 414/414/412 367/415/365 366/363/364
f 415/416/413 368/365/366 367/415/365
f 416/417/414 369/418/367 368/365/366
f 417/419/415 370/366/368 369/418/367
f 418/420/416 371/367/369 370/366/368
f 419/421/417 372/369/370 371/367/369
f 420/422/418 373/370/371 372/369/370
f 421/423/419 374/371/372 373/370/371
f 422/424/420 375/372/373 374/371/372
f 423/425/421 376/426/374 375/372/373
f 424/427/422 377/373/375 376/426/374
f 425/428/423 378/374/376 377/373/375
f 426/429/424 379/376/377 378/374/376
f 427/430/425 380/377/378 379/376/377
f 428/431/426 381/378/379 380/377/378
f 429/432/427 382/379/380 381/378/379
f 382/379/380 431/433/429 383/434/381
f 431/433/429 384/380/382 383/434/381
f 432/435/430 337/333/335 384/380/382
f 433/436/431 386/381/384 385/437/383
f 434/438/432 387/382/385 386/381/384
f 435/439/433 388/440/386 387/382/385
f 436/441/434 389/384/387 388/440/386
f 389/384/387 438/442/436 390/385/388
f 438/442/436 391/387/389 390/385/388
f 439/443/437 392/388/390 391/387/389
f 440/444/438 393/390/391 392/388/390
f 441/445/439 394/391/392 393/390/391
f 394/391/392 443/446/441 395/393/393
f 395/393/393 444/447/442 396/448/394
f 396/448/394 445/449/443 397/394/395
f 445/449/443 398/395/396 397/394/395
f 446/450/444 399/396/397 398/395/396
f 447/451/445 400/397/398 399/396/397
f 400/397/398 449/452/447 401/398/399
f 449/452/447 402/399/400 401/398/399
f 402/399/400 451/453/449 403/401/401
f 451/453/449 404/454/402 403/401/401
f 452/455/450 405/402/403 404/454/402
f 453/456/451 406/403/404 405/402/403
f 406/403/404 455/457/453 407/405/405
f 407/405/405 456/458/454 408/406/406
f 456/458/454 409/459/407 408/406/406
f 457/460/455 410/409/408 409/408/407
f 458/461/456 411/410/409 410/409/408
f 459/462/457 412/412/410 411/410/409
f 460/463/458 413/413/411 412/412/410
f 461/464/459 414/414/412 413/413/411
f 414/414/412 463/465/461 415/416/413
f 463/465/461 416/417/414 415/416/413
f 416/417/414 465/466/463 417/419/415
f 465/466/463 418/420/416 417/419/415
f 466/467/464 419/421/417 418/420/416
f 419/421/417 468/468/466 420/422/418
f 468/468/466 421/423/419 420/422/418
f 469/469/467 422/424/420 421/423/419
f 470/470/468 423/425/421 422/424/420
f 471/471/469 424/427/422 423/425/421
f 424/427/422 473/472/471 425/428/423
f 473/472/471 426/429/424 425/428/423
f 474/473/472 427/430/425 426/429/424
f 427/430/425 476/474/474 428/431/426
f 476/474/474 429/432/427 428/431/426
f 429/432/427 478/475/476 430/476/428
f 430/476/428 479/477/477 431/433/429
f 479/477/477 432/435/430 431/433/429
f 432/435/430 433/436/431 385/437/383
f 481/478/479 434/438/432 433/436/431
f 434/438/432 483/479/481 435/439/433
f 483/479/481 436/441/434 435/439/433
f 484/480/482 437/481/435 436/441/434
f 485/482/483 438/442/436 437/481/435
f 486/483/484 439/443/437 438/442/436
f 439/443/437 488/484/486 440/444/438
f 440/444/438 489/485/487 441/445/439
f 489/485/487 442/486/440 441/445/439
f 490/487/488 443/446/441 442/486/440
f 443/446/441 492/488/490 444/447/442
f 492/488/490 445/449/443 444/447/442
f 445/449/443 494/489/492 446/450/444
f 494/489/492 447/451/445 446/450/444
f 447/451/445 496/490/494 448/491/446
f 448/491/446 497/492/495 449/452/447
f 497/492/495 450/493/448 449/452/447
f 450/493/448 499/494/497 451/453/449
f 499/494/497 452/455/450 451/453/449
f 452/455/450 501/495/499 453/456/451
f 501/495/499 454/496/452 453/456/451
f 502/497/500 455/457/453 454/496/452
f 503/498/501 456/458/454 455/457/453
f 504/499/502 457/500/455 456/458/454
f 505/501/503 458/461/456 457/460/455
f 506/502/504 459/462/457 458/461/456
f 459/462/457 508/503/506 460/463/458
f 508/503/506 461/464/459 460/463/458
f 509/504/507 462/505/460 461/464/459
f 462/505/460 511/506/509 463/465/461
f 511/506/509 464/507/462 463/465/461
f 512/508/510 465/466/463 464/507/462
f 513/509/511 466/467/464 465/466/463
f 514/510/512 467/511/465 466/467/464
f 467/511/465 516/512/514 468/468/466
f 516/512/514 469/469/467 468/468/466
f 517/513/515 470/470/468 469/469/467
f 470/470/468 519/514/517 471/471/469
f 519/514/517 472/515/470 471/471/469
f 472/515/470 521/516/519 473/472/471
f 521/516/519 474/473/472 473/472/471
f 522/517/520 475/518/473 474/473/472
f 523/519/521 476/474/474 475/518/473
f 476/474/474 525/520/523 477/521/475
f 477/521/475 526/522/524 478/475/476
f 478/475/476 527/523/525 479/477/477
f 527/523/525 480/524/478 479/477/477
f 480/524/478 481/478/479 433/436/431
f 481/478/479 530/525/528 482/526/480
f 482/526/480 531/527/529 483/479/481
f 531/527/529 484/480/482 483/479/481
f 532/528/530 485/482/483 484/480/482
f 533/529/531 486/483/484 485/482/483
f 486/483/484 535/530/533 487/531/485
f 535/530/533 488/484/486 487/531/485
f 488/484/486 537/532/535 489/485/487
f 489/485/487 538/533/536 490/487/488
f 538/533/536 491/534/489 490/487/488
f 491/534/489 540/535/538 492/488/490
f 540/535/538 493/536/491 492/488/490
f 493/536/491 542/537/540 494/489/492
f 542/537/540 495/538/493 494/489/492
f 495/538/493 544/539/542 496/490/494
f 544/539/542 497/492/495 496/490/494
f 545/540/543 498/541/496 497/492/495
f 498/541/496 547/542/545 499/494/497
f 499/494/497 548/543/546 500/544/498
f 500/544/498 549/545/547 501/495/499
f 549/545/547 502/497/500 501/495/499
f 502/497/500 551/546/549 503/498/501
f 551/546/549 504/499/502 503/498/501
f 552/547/550 505/548/503 504/499/502
f 505/501/503 554/549/552 506/502/504
f 506/502/504 555/550/553 507/551/505
f 555/550/553 508/503/506 507/551/505
f 508/503/506 557/552/555 509/504/507
f 557/552/555 510/553/508 509/504/507
f 558/554/556 511/506/509 510/553/508
f 559/555/557 512/508/510 511/506/509
f 512/508/510 561/556/559 513/509/511
f 513/509/511 562/557/560 514/510/512
f 562/557/560 515/558/513 514/510/512
f 515/558/513 564/559/562 516/512/514
f 564/559/562 517/513/515 516/512/514
f 565/560/563 518/561/516 517/513/515
f 566/562/564 519/514/517 518/561/516
f 519/514/517 568/563/566 520/564/518
f 568/563/566 521/516/519 520/564/518
f 569/565/567 522/517/520 521/516/519
f 570/566/568 523/519/521 522/517/520
f 571/567/569 524/568/522 523/519/521
f 524/568/522 573/569/571 525/520/523
f 525/520/523 574/570/572 526/522/524
f 526/522/524 575/571/573 527/523/525
f 575/571/573 528/572/526 527/523/525
f 576/573/574 481/478/479 528/572/526
f 577/574/575 530/525/528 529/575/527
f 578/576/576 531/527/529 530/525/528
f 531/527/529 580/577/578 532/528/530
f 580/577/578 533/529/531 532/528/530
f 533/529/531 582/578/580 534/579/532
f 534/579/532 583/580/581 535/530/533
f 583/580/581 536/581/534 535/530/533
f 536/581/534 585/582/583 537/532/535
f 585/582/583 538/533/536 537/532/535
f 538/533/536 587/583/585 539/584/537
f 587/583/585 540/535/538 539/584/537
f 588/585/586 541/586/539 540/535/538
f 589/587/587 542/537/540 541/586/539
f 590/588/588 543/589/541 542/537/540
f 543/589/541 592/590/590 544/539/542
f 544/539/542 593/591/591 545/540/543
f 593/591/591 546/592/544 545/540/543
f 594/593/592 547/542/545 546/592/544
f 595/594/593 548/543/546 547/542/545
f 596/595/594 549/545/547 548/543/546
f 597/596/595 550/597/548 549/545/547
f 598/598/596 551/546/549 550/597/548
f 599/599/597 552/547/550 551/546/549
f 600/600/598 553/601/551 552/547/550
f 553/602/551 602/603/600 554/549/552
f 554/549/552 603/604/601 555/550/553
f 555/550/553 604/605/602 556/606/554
f 604/605/602 557/552/555 556/606/554
f 557/552/555 606/607/604 558/554/556
f 558/554/556 607/608/605 559/555/557
f 607/608/605 560/609/558 559/555/557
f 560/609/558 609/610/607 561/556/559
f 609/610/607 562/557/560 561/556/559
f 610/611/608 563/612/561 562/557/560
f 563/612/561 612/613/610 564/559/562
f 564/559/562 613/614/611 565/560/563
f 565/560/563 614/615/612 566/562/564
f 566/562/564 615/616/613 567/617/565
f 615/616/613 568/563/566 567/617/565
f 568/563/566 617/618/615 569/565/567
f 569/565/567 618/619/616 570/566/568
f 570/566/568 619/620/617 571/567/569
f 619/620/617 572/621/570 571/567/569
f 620/622/618 573/569/571 572/621/570
f 573/569/571 622/623/620 574/570/572
f 622/623/620 575/571/573 574/570/572
f 575/571/573 624/624/622 576/573/574
f 624/624/622 529/575/527 576/573/574
f 577/574/575 626/625/624 578/576/576
f 626/625/624 579/626/577 578/576/576
f 579/626/577 628/627/626 580/577/578
f 628/627/626 581/628/579 580/577/578
f 581/628/579 630/629/628 582/578/580
f 582/578/580 631/630/629 583/580/581
f 631/630/629 584/631/582 583/580/581
f 584/631/582 633/632/631 585/582/583
f 633/632/631 586/633/584 585/582/583
f 586/633/584 635/634/633 587/583/585
f 635/634/633 588/585/586 587/583/585
f 588/585/586 637/635/635 589/587/587
f 637/635/635 590/588/588 589/587/587
f 638/636/636 591/637/589 590/588/588
f 639/638/637 592/590/590 591/637/589
f 640/639/638 593/591/591 592/590/590
f 641/640/639 594/593/592 593/591/591
f 642/641/640 595/594/593 594/593/592
f 643/642/641 596/595/594 595/594/593
f 644/643/642 597/596/595 596/595/594
f 645/644/643 598/598/596 597/596/595
f 646/645/644 599/599/597 598/598/596
f 647/646/645 600/600/598 599/599/597
f 648/647/646 601/648/599 600/600/598
f 601/649/599 650/650/648 602/603/600
f 650/650/648 603/604/601 602/603/600
f 651/651/649 604/605/602 603/604/601
f 604/605/602 653/652/651 605/653/603
f 653/652/651 606/607/604 605/653/603
f 654/654/652 607/608/605 606/607/604
f 607/608/605 656/655/654 608/656/606
f 656/655/654 609/610/607 608/656/606
f 609/610/607 658/657/656 610/611/608
f 658/657/656 611/658/609 610/611/608
f 611/658/609 660/659/658 612/613/610
f 612/613/610 661/660/659 613/614/611
f 661/660/659 614/615/612 613/614/611
f 614/615/612 663/661/661 615/616/613
f 663/661/661 616/662/614 615/616/613
f 616/662/614 665/663/663 617/618/615
f 665/663/663 618/619/616 617/618/615
f 618/619/616 667/664/665 619/620/617
f 667/664/665 620/622/618 619/620/617
f 668/665/666 621/666/619 620/622/618
f 621/666/619 670/667/668 622/623/620
f 670/667/668 623/668/621 622/623/620
f 623/668/621 672/669/670 624/624/622
f 672/669/670 577/574/575 624/624/622
f 673/670/671 626/625/624 625/671/623
f 674/672/672 627/673/625 626/625/624
f 675/674/673 628/627/626 627/673/625
f 676/675/674 629/676/627 628/627/626
f 677/677/675 630/629/628 629/676/627
f 678/678/676 631/630/629 630/629/628
f 679/679/677 632/680/630 631/630/629
f 632/680/630 681/681/679 633/632/631
f 681/681/679 634/682/632 633/632/631
f 682/683/680 635/634/633 634/682/632
f 683/684/681 636/685/634 635/634/633
f 684/686/682 637/635/635 636/685/634
f 685/687/683 638/636/636 637/635/635
f 638/636/636 687/688/685 639/638/637
f 687/688/685 640/639/638 639/638/637
f 688/689/686 641/640/639 640/639/638
f 641/640/639 690/690/688 642/641/640
f 690/690/688 643/642/641 642/641/640
f 691/691/689 644/643/642 643/642/641
f 692/692/690 645/644/643 644/643/642
f 693/693/691 646/645/644 645/644/643
f 694/694/692 647/646/645 646/645/644
f 695/695/693 648/647/646 647/646/645
f 696/696/694 649/697/647 648/647/646
f 697/698/695 650/650/648 649/699/647
f 650/650/648 699/700/697 651/651/649
f 699/700/697 652/701/650 651/651/649
f 652/701/650 701/702/699 653/652/651
f 653/652/651 702/703/700 654/654/652
f 654/654/652 703/704/701 655/705/653
f 703/704/701 656/655/654 655/705/653
f 704/706/702 657/707/655 656/655/654
f 657/707/655 706/708/704 658/657/656
f 658/657/656 707/709/705 659/710/657
f 707/709/705 660/659/658 659/710/657
f 660/659/658 709/711/707 661/660/659
f 661/660/659 710/712/708 662/713/660
f 662/713/660 711/714/709 663/661/661
f 663/661/661 712/715/710 664/716/662
f 712/715/710 665/663/663 664/716/662
f 665/663/663 714/717/712 666/718/664
f 666/718/664 715/719/713 667/664/665
f 715/719/713 668/665/666 667/664/665
f 716/720/714 669/721/667 668/665/666
f 669/721/667 718/722/716 670/667/668
f 670/667/668 719/723/717 671/724/669
f 719/723/717 672/669/670 671/724/669
f 672/669/670 673/670/671 625/671/623
f 721/725/719 674/672/672 673/670/671
f 722/726/720 675/674/673 674/672/672
f 723/727/721 676/675/674 675/674/673
f 676/675/674 725/728/723 677/677/675
f 677/677/675 726/729/724 678/678/676
f 726/729/724 679/679/677 678/678/676
f 679/679/677 728/730/726 680/731/678
f 728/730/726 681/681/679 680/731/678
f 729/732/727 682/683/680 681/681/679
f 682/683/680 731/733/729 683/684/681
f 731/733/729 684/686/682 683/684/681
f 684/686/682 733/734/731 685/687/683
f 733/734/731 686/735/684 685/687/683
f 686/735/684 735/736/733 687/688/685
f 735/736/733 688/689/686 687/688/685
f 736/737/734 689/738/687 688/689/686
f 737/739/735 690/690/688 689/738/687
f 690/690/688 739/740/737 691/691/689
f 691/691/689 740/741/738 692/692/690
f 740/741/738 693/693/691 692/692/690
f 741/742/739 694/694/692 693/693/691
f 742/743/740 695/695/693 694/694/692
f 743/744/741 696/696/694 695/695/693
f 696/696/694 745/745/743 697/746/695
f 745/747/743 698/748/696 697/698/695
f 746/749/744 699/700/697 698/748/696
f 747/750/745 700/751/698 699/700/697
f 748/752/746 701/702/699 700/751/698
f 701/702/699 750/753/748 702/703/700
f 702/703/700 751/754/749 703/704/701
f 703/704/701 752/755/750 704/706/702
f 704/706/702 753/756/751 705/757/703
f 753/756/751 706/708/704 705/757/703
f 706/708/704 755/758/753 707/709/705
f 755/758/753 708/759/706 707/709/705
f 756/760/754 709/711/707 708/759/706
f 757/761/755 710/712/708 709/711/707
f 710/712/708 759/762/757 711/714/709
f 759/762/757 712/715/710 711/714/709
f 712/715/710 761/763/759 713/764/711
f 761/763/759 714/717/712 713/764/711
f 762/765/760 715/719/713 714/717/712
f 715/719/713 764/766/762 716/720/714
f 764/766/762 717/767/715 716/720/714
f 765/768/763 718/722/716 717/767/715
f 766/769/764 719/723/717 718/722/716
f 719/723/717 768/770/766 720/771/718
f 720/771/718 721/725/719 673/670/671
f 721/725/719 770/772/768 722/726/720
f 770/772/768 723/727/721 722/726/720
f 723/727/721 772/773/770 724/774/722
f 772/773/770 725/728/723 724/774/722
f 725/728/723 774/775/772 726/729/724
f 726/729/724 775/776/773 727/777/725
f 727/777/725 776/778/774 728/730/726
f 728/730/726 777/779/775 729/732/727
f 777/779/775 730/780/728 729/732/727
f 778/781/776 731/733/729 730/780/728
f 779/782/777 732/783/730 731/733/729
f 732/783/730 781/784/779 733/734/731
f 733/734/731 782/785/780 734/786/732
f 734/786/732 783/787/781 735/736/733
f 735/736/733 784/788/782 736/737/734
f 784/788/782 737/739/735 736/737/734
f 785/789/783 738/790/736 737/739/735
f 738/790/736 787/791/785 739/740/737
f 739/740/737 788/792/786 740/741/738
f 788/792/786 741/742/739 740/741/738
f 741/742/739 790/793/788 742/743/740
f 790/793/788 743/744/741 742/743/740
f 791/794/789 744/795/742 743/744/741
f 792/796/790 745/745/743 744/795/742
f 793/797/791 746/749/744 745/747/743
f 794/798/792 747/750/745 746/749/744
f 747/750/745 796/799/794 748/752/746
f 796/799/794 749/800/747 748/752/746
f 749/800/747 798/801/796 750/753/748
f 798/801/796 751/754/749 750/753/748
f 799/802/797 752/755/750 751/754/749
f 752/755/750 801/803/799 753/756/751
f 801/803/799 754/804/752 753/756/751
f 802/805/800 755/758/753 754/804/752
f 803/806/801 756/760/754 755/758/753
f 804/807/802 757/761/755 756/760/754
f 805/808/803 758/809/756 757/761/755
f 758/809/756 807/810/805 759/762/757
f 807/810/805 760/811/758 759/762/757
f 808/812/806 761/763/759 760/811/758
f 809/813/807 762/765/760 761/763/759
f 810/814/808 763/815/761 762/765/760
f 811/816/809 764/766/762 763/815/761
f 812/817/810 765/768/763 764/766/762
f 813/818/811 766/769/764 765/768/763
f 814/819/812 767/820/765 766/769/764
f 767/820/765 816/821/814 768/770/766
f 816/821/814 721/725/719 768/770/766
f 817/822/815 770/772/768 769/823/767
f 818/824/816 771/825/769 770/772/768
f 771/825/769 820/826/818 772/773/770
f 820/826/818 773/827/771 772/773/770
f 821/828/819 774/775/772 773/827/771
f 822/829/820 775/776/773 774/775/772
f 823/830/821 776/778/774 775/776/773
f 824/831/822 777/779/775 776/778/774
f 825/832/823 778/781/776 777/779/775
f 778/781/776 827/833/825 779/782/777
f 827/833/825 780/834/778 779/782/777
f 828/835/826 781/784/779 780/834/778
f 829/836/827 782/785/780 781/784/779
f 830/837/828 783/787/781 782/785/780
f 783/787/781 832/838/830 784/788/782
f 832/838/830 785/789/783 784/788/782
f 785/789/783 834/839/832 786/840/784
f 834/839/832 787/791/785 786/840/784
f 787/791/785 836/841/834 788/792/786
f 836/841/834 789/842/787 788/792/786
f 789/842/787 838/843/836 790/793/788
f 838/843/836 791/794/789 790/793/788
f 791/794/789 840/844/838 792/796/790
f 840/844/838 793/845/791 792/796/790
f 841/846/839 794/798/792 793/797/791
f 842/847/840 795/848/793 794/798/792
f 795/848/793 844/849/842 796/799/794
f 844/849/842 797/850/795 796/799/794
f 797/850/795 846/851/844 798/801/796
f 846/851/844 799/802/797 798/801/796
f 799/802/797 848/852/846 800/853/798
f 848/852/846 801/803/799 800/853/798
f 801/803/799 850/854/848 802/805/800
f 850/854/848 803/806/801 802/805/800
f 803/806/801 852/855/850 804/807/802
f 852/855/850 805/808/803 804/807/802
f 805/808/803 854/856/852 806/857/804
f 854/856/852 807/810/805 806/857/804
f 855/858/853 808/812/806 807/810/805
f 856/859/854 809/813/807 808/812/806
f 809/813/807 858/860/856 810/814/808
f 810/814/808 859/861/857 811/816/809
f 859/861/857 812/817/810 811/816/809
f 812/817/810 861/862/859 813/818/811
f 813/818/811 862/863/860 814/819/812
f 862/863/860 815/864/813 814/819/812
f 863/865/861 816/821/814 815/864/813
f 816/821/814 817/822/815 769/823/767
f 865/866/863 818/824/816 817/822/815
f 818/824/816 867/867/865 819/868/817
f 819/868/817 868/869/866 820/826/818
f 868/869/866 821/828/819 820/826/818
f 821/828/819 870/870/868 822/829/820
f 822/829/820 871/871/869 823/830/821
f 871/871/869 824/831/822 823/830/821
f 872/872/870 825/832/823 824/831/822
f 873/873/871 826/874/824 825/832/823
f 874/875/872 827/833/825 826/874/824
f 875/876/873 828/835/826 827/833/825
f 828/835/826 877/877/875 829/836/827
f 829/836/827 878/878/876 830/837/828
f 878/878/876 831/879/829 830/837/828
f 879/880/877 832/838/830 831/879/829
f 880/881/878 833/882/831 832/838/830
f 833/882/831 882/883/880 834/839/832
f 882/883/880 835/884/833 834/839/832
f 835/884/833 884/885/882 836/841/834
f 836/841/834 885/886/883 837/887/835
f 837/887/835 886/888/884 838/843/836
f 886/888/884 839/889/837 838/843/836
f 887/890/885 840/844/838 839/889/837
f 840/844/838 889/891/887 841/892/839
f 841/846/839 890/893/888 842/847/840
f 842/847/840 891/894/889 843/895/841
f 843/895/841 892/896/890 844/849/842
f 892/896/890 845/897/843 844/849/842
f 893/898/891 846/851/844 845/897/843
f 894/899/892 847/900/845 846/851/844
f 847/900/845 896/901/894 848/852/846
f 896/901/894 849/902/847 848/852/846
f 849/902/847 898/903/896 850/854/848
f 850/854/848 899/904/897 851/905/849
f 899/904/897 852/855/850 851/905/849
f 900/906/898 853/907/851 852/855/850
f 901/908/899 854/856/852 853/907/851
f 854/856/852 903/909/901 855/858/853
f 903/909/901 856/859/854 855/858/853
f 904/910/902 857/911/855 856/859/854
f 905/912/903 858/860/856 857/911/855
f 906/913/904 859/861/857 858/860/856
f 907/914/905 860/915/858 859/861/857
f 908/916/906 861/862/859 860/915/858
f 861/862/859 910/917/908 862/863/860
f 910/917/908 863/865/861 862/863/860
f 911/918/909 864/919/862 863/865/861
f 912/920/910 817/822/815 864/919/862
f 913/921/911 866/922/864 865/866/863
f 914/923/912 867/867/865 866/922/864
f 867/867/865 916/924/914 868/869/866
f 916/924/914 869/925/867 868/869/866
f 869/925/867 918/926/916 870/870/868
f 870/870/868 919/927/917 871/871/869
f 919/927/917 872/872/870 871/871/869
f 872/872/870 921/928/919 873/873/871
f 873/873/871 922/929/920 874/875/872
f 874/875/872 923/930/921 875/876/873
f 875/876/873 924/931/922 876/932/874
f 924/931/922 877/877/875 876/932/874
f 925/933/923 878/878/876 877/877/875
f 878/878/876 927/934/925 879/880/877
f 879/880/877 928/935/926 880/881/878
f 928/935/926 881/936/879 880/881/878
f 929/937/927 882/883/880 881/936/879
f 930/938/928 883/939/881 882/883/880
f 931/940/929 884/885/882 883/939/881
f 932/941/930 885/886/883 884/885/882
f 933/942/931 886/888/884 885/886/883
f 886/888/884 935/943/933 887/890/885
f 935/943/933 888/944/886 887/890/885
f 936/945/934 889/891/887 888/944/886
f 937/946/935 890/893/888 889/947/887
f 890/893/888 939/948/937 891/894/889
f 939/948/937 892/896/890 891/894/889
f 940/949/938 893/898/891 892/896/890
f 941/950/939 894/899/892 893/898/891
f 942/951/940 895/952/893 894/899/892
f 895/952/893 944/953/942 896/901/894
f 944/953/942 897/954/895 896/901/894
f 897/954/895 946/955/944 898/903/896
f 946/955/944 899/904/897 898/903/896
f 947/956/945 900/906/898 899/904/897
f 948/957/946 901/908/899 900/906/898
f 901/908/899 950/958/948 902/959/900
f 950/958/948 903/909/901 902/959/900
f 951/960/949 904/910/902 903/909/901
f 952/961/950 905/912/903 904/910/902
f 953/962/951 906/913/904 905/912/903
f 954/963/952 907/914/905 906/913/904
f 955/964/953 908/916/906 907/914/905
f 956/965/954 909/966/907 908/916/906
f 909/966/907 958/967/956 910/917/908
f 958/967/956 911/918/909 910/917/908
f 911/918/909 960/968/958 912/920/910
f 960/968/958 865/866/863 912/920/910
f 961/969/959 914/923/912 913/921/911
f 962/970/960 915/971/913 914/923/912
f 915/971/913 964/972/962 916/924/914
f 964/972/962 917/973/915 916/924/914
f 917/973/915 966/974/964 918/926/916
f 966/974/964 919/927/917 918/926/916
f 967/975/965 920/976/918 919/927/917
f 968/977/966 921/928/919 920/976/918
f 969/978/967 922/929/920 921/928/919
f 970/979/968 923/930/921 922/929/920
f 923/930/921 972/980/970 924/931/922
f 972/980/970 925/933/923 924/931/922
f 973/981/971 926/982/924 925/933/923
f 926/982/924 975/983/973 927/934/925
f 927/934/925 976/984/974 928/935/926
f 928/935/926 977/985/975 929/937/927
f 929/937/927 978/986/976 930/938/928
f 978/986/976 931/940/929 930/938/928
f 931/940/929 980/987/978 932/941/930
f 980/987/978 933/942/931 932/941/930
f 981/988/979 934/989/932 933/942/931
f 982/990/980 935/943/933 934/989/932
f 983/991/981 936/945/934 935/943/933
f 984/992/982 937/993/935 936/945/934
f 985/994/983 938/995/936 937/946/935
f 986/996/984 939/948/937 938/995/936
f 939/948/937 988/997/986 940/949/938
f 988/997/986 941/950/939 940/949/938
f 941/950/939 990/998/988 942/951/940
f 990/998/988 943/999/941 942/951/940
f 943/999/941 992/1000/990 944/953/942
f 992/1000/990 945/1001/943 944/953/942
f 993/1002/991 946/955/944 945/1001/943
f 994/1003/992 947/956/945 946/955/944
f 995/1004/993 948/957/946 947/956/945
f 948/957/946 997/1005/995 949/1006/947
f 997/1005/995 950/958/948 949/1006/947
f 998/1007/996 951/960/949 950/958/948
f 951/960/949 1000/1008/998 952/961/950
f 952/961/950 1001/1009/999 953/962/951
f 953/962/951 1002/1010/1000 954/963/952
f 954/963/952 1003/1011/1001 955/964/953
f 955/964/953 1004/1012/1002 956/965/954
f 1004/1012/1002 957/1013/955 956/965/954
f 1005/1014/1003 958/967/956 957/1013/955
f 1006/1015/1004 959/1016/957 958/967/956
f 1007/1017/1005 960/968/958 959/1016/957
f 1008/1018/1006 913/921/911 960/968/958
f 961/969/959 1010/1019/1008 962/970/960
f 1010/1019/1008 963/1020/961 962/970/960
f 1011/1021/1009 964/972/962 963/1020/961
f 1012/1022/1010 965/1023/963 964/972/962
f 1013/1024/1011 966/974/964 965/1023/963
f 1014/1025/1012 967/975/965 966/974/964
f 1015/1026/1013 968/977/966 967/975/965
f 1016/1027/1014 969/978/967 968/977/966
f 969/978/967 1018/1028/1016 970/979/968
f 1018/1028/1016 971/1029/969 970/979/968
f 971/1029/969 1020/1030/1018 972/980/970
f 1020/1030/1018 973/981/971 972/980/970
f 1021/1031/1019 974/1032/972 973/981/971
f 974/1032/972 1023/1033/1021 975/983/973
f 975/983/973 1024/1034/1022 976/984/974
f 1024/1034/1022 977/985/975 976/984/974
f 1025/1035/1023 978/986/976 977/985/975
f 1026/1036/1024 979/1037/977 978/986/976
f 1027/1038/1025 980/987/978 979/1037/977
f 1028/1039/1026 981/988/979 980/987/978
f 1029/1040/1027 982/990/980 981/988/979
f 1030/1041/1028 983/991/981 982/990/980
f 1031/1042/1029 984/992/982 983/991/981
f 1032/1043/1030 985/1044/983 984/992/982
f 985/994/983 1034/1045/1032 986/996/984
f 986/996/984 1035/1046/1033 987/1047/985
f 1035/1046/1033 988/997/986 987/1047/985
f 1036/1048/1034 989/1049/987 988/997/986
f 989/1049/987 1038/1050/1036 990/998/988
f 1038/1050/1036 991/1051/989 990/998/988
f 991/1051/989 1040/1052/1038 992/1000/990
f 1040/1052/1038 993/1002/991 992/1000/990
f 993/1002/991 1042/1053/1040 994/1003/992
f 994/1003/992 1043/1054/1041 995/1004/993
f 995/1004/993 1044/1055/1042 996/1056/994
f 1044/1055/1042 997/1005/995 996/1056/994
f 997/1005/995 1046/1057/1044 998/1007/996
f 1046/1057/1044 999/1058/997 998/1007/996
f 1047/1059/1045 1000/1008/998 999/1058/997
f 1048/1060/1046 1001/1009/999 1000/1008/998
f 1001/1009/999 1050/1061/1048 1002/1010/1000
f 1002/1010/1000 1051/1062/1049 1003/1011/1001
f 1003/1011/1001 1052/1063/1050 1004/1012/1002
f 1004/1012/1002 1053/1064/1051 1005/1014/1003
f 1053/1064/1051 1006/1015/1004 1005/1014/1003
f 1054/1065/1052 1007/1017/1005 1006/1015/1004
f 1007/1017/1005 1056/1066/1054 1008/1018/1006
f 1056/1066/1054 961/969/959 1008/1018/1006
f 1057/1067/1055 1010/1019/1008 1009/1068/1007
f 1058/1069/1056 1011/1021/1009 1010/1019/1008
f 1059/1070/1057 1012/1022/1010 1011/1021/1009
f 1012/1022/1010 1061/1071/1059 1013/1024/1011
f 1013/1024/1011 1062/1072/1060 1014/1025/1012
f 1062/1072/1060 1015/1026/1013 1014/1025/1012
f 1015/1026/1013 1064/1073/1062 1016/1027/1014
f 1016/1027/1014 1065/1074/1063 1017/1075/1015
f 1065/1074/1063 1018/1028/1016 1017/1075/1015
f 1066/1076/1064 1019/1077/1017 1018/1028/1016
f 1067/1078/1065 1020/1030/1018 1019/1077/1017
f 1068/1079/1066 1021/1031/1019 1020/1030/1018
f 1069/1080/1067 1022/1081/1020 1021/1031/1019
f 1070/1082/1068 1023/1033/1021 1022/1081/1020
f 1023/1033/1021 1072/1083/1070 1024/1034/1022
f 1072/1083/1070 1025/1035/1023 1024/1034/1022
f 1073/1084/1071 1026/1036/1024 1025/1035/1023
f 1026/1036/1024 1075/1085/1073 1027/1038/1025
f 1075/1085/1073 1028/1039/1026 1027/1038/1025
f 1076/1086/1074 1029/1040/1027 1028/1039/1026
f 1077/1087/1075 1030/1041/1028 1029/1040/1027
f 1030/1041/1028 1079/1088/1077 1031/1042/1029
f 1031/1042/1029 1080/1089/1078 1032/1043/1030
f 1080/1089/1078 1033/1090/1031 1032/1043/1030
f 1081/1091/1079 1034/1045/1032 1033/1092/1031
f 1082/1093/1080 1035/1046/1033 1034/1045/1032
f 1035/1046/1033 1084/1094/1082 1036/1048/1034
f 1084/1094/1082 1037/1095/1035 1036/1048/1034
f 1037/1095/1035 1086/1096/1084 1038/1050/1036
f 1038/1050/1036 1087/1097/1085 1039/1098/1037
f 1087/1097/1085 1040/1052/1038 1039/1098/1037
f 1040/1052/1038 1089/1099/1087 1041/1100/1039
f 1041/1100/1039 1090/1101/1088 1042/1053/1040
f 1090/1101/1088 1043/1054/1041 1042/1053/1040
f 1091/1102/1089 1044/1055/1042 1043/1054/1041
f 1044/1055/1042 1093/1103/1091 1045/1104/1043
f 1045/1104/1043 1094/1105/1092 1046/1057/1044
f 1094/1105/1092 1047/1059/1045 1046/1057/1044
f 1047/1059/1045 1096/1106/1094 1048/1060/1046
f 1048/1060/1046 1097/1107/1095 1049/1108/1047
f 1097/1107/1095 1050/1061/1048 1049/1108/1047
f 1098/1109/1096 1051/1062/1049 1050/1061/1048
f 1051/1062/1049 1100/1110/1098 1052/1063/1050
f 1100/1110/1098 1053/1064/1051 1052/1063/1050
f 1101/1111/1099 1054/1065/1052 1053/1064/1051
f 1054/1065/1052 1103/1112/1101 1055/1113/1053
f 1103/1112/1101 1056/1066/1054 1055/1113/1053
f 1056/1066/1054 1057/1067/1055 1009/1068/1007
f 1105/1114/1103 1058/1069/1056 1057/1067/1055
f 1106/1115/1104 1059/1070/1057 1058/1069/1056
f 1107/1116/1105 1060/1117/1058 1059/1070/1057
f 1108/1118/1106 1061/1071/1059 1060/1117/1058
f 1109/1119/1107 1062/1072/1060 1061/1071/1059
f 1110/1120/1108 1063/1121/1061 1062/1072/1060
f 1111/1122/1109 1064/1073/1062 1063/1121/1061
f 1064/1073/1062 1113/1123/1111 1065/1074/1063
f 1065/1074/1063 1114/1124/1112 1066/1076/1064
f 1114/1124/1112 1067/1078/1065 1066/1076/1064
f 1115/1125/1113 1068/1079/1066 1067/1078/1065
f 1116/1126/1114 1069/1080/1067 1068/1079/1066
f 1117/1127/1067 1070/1082/1068 1069/1080/1067
f 1118/1128/1115 1071/1129/1069 1070/1082/1068
f 1071/1129/1069 1120/1130/1117 1072/1083/1070
f 1120/1130/1117 1073/1084/1071 1072/1083/1070
f 1121/1131/1118 1074/1132/1072 1073/1084/1071
f 1122/1133/1119 1075/1085/1073 1074/1132/1072
f 1123/1134/1120 1076/1086/1074 1075/1085/1073
f 1124/1135/1121 1077/1087/1075 1076/1086/1074
f 1125/1136/1122 1078/1137/1076 1077/1087/1075
f 1126/1138/1123 1079/1088/1077 1078/1137/1076
f 1127/1139/1124 1080/1089/1078 1079/1088/1077
f 1128/1140/1125 1081/1141/1079 1080/1089/1078
f 1129/1142/1126 1082/1093/1080 1081/1091/1079
f 1082/1093/1080 1131/1143/1128 1083/1144/1081
f 1083/1144/1081 1132/1145/1129 1084/1094/1082
f 1132/1145/1129 1085/1146/1083 1084/1094/1082
f 1085/1146/1083 1134/1147/1131 1086/1096/1084
f 1086/1096/1084 1135/1148/1132 1087/1097/1085
f 1087/1097/1085 1136/1149/1133 1088/1150/1086
f 1088/1150/1086 1137/1151/1134 1089/1099/1087
f 1089/1099/1087 1138/1152/1135 1090/1101/1088
f 1138/1152/1135 1091/1102/1089 1090/1101/1088
f 1139/1153/1136 1092/1154/1090 1091/1102/1089
f 1092/1154/1090 1141/1155/1091 1093/1103/1091
f 1093/1103/1091 1142/1156/1138 1094/1105/1092
f 1094/1105/1092 1143/1157/1139 1095/1158/1093
f 1095/1158/1093 1144/1159/1140 1096/1106/1094
f 1144/1159/1140 1097/1107/1095 1096/1106/1094
f 1145/1160/1141 1098/1109/1096 1097/1107/1095
f 1098/1109/1096 1147/1161/1143 1099/1162/1097
f 1099/1162/1097 1148/1163/1144 1100/1110/1098
f 1100/1110/1098 1149/1164/1145 1101/1111/1099
f 1149/1164/1145 1102/1165/1100 1101/1111/1099
f 1150/1166/1146 1103/1112/1101 1102/1165/1100
f 1151/1167/1147 1104/1168/1102 1103/1112/1101
f 1152/1169/1148 1057/1067/1055 1104/1168/1102
f 1105/1114/1103 1154/1170/1150 1106/1115/1104
f 1154/1170/1150 1107/1116/1105 1106/1115/1104
f 1155/1171/1151 1108/1118/1106 1107/1116/1105
f 1156/1172/1152 1109/1119/1107 1108/1118/1106
f 1109/1119/1107 1158/1173/1154 1110/1120/1108
f 1158/1173/1154 1111/1122/1109 1110/1120/1108
f 1111/1122/1109 1160/1174/1156 1112/1175/1110
f 1160/1174/1156 1113/1123/1111 1112/1175/1110
f 1161/1176/1157 1114/1124/1112 1113/1123/1111
f 1114/1124/1112 1163/1177/1159 1115/1125/1113
f 1163/1177/1159 1116/1126/1114 1115/1125/1113
f 1164/1178/1160 1117/1127/1067 1116/1126/1114
f 1117/1127/1067 1166/1179/1162 1118/1128/1115
f 1118/1128/1115 1167/1180/1163 1119/1181/1116
f 1167/1180/1163 1120/1130/1117 1119/1181/1116
f 1120/1130/1117 1169/1182/1165 1121/1131/1118
f 1121/1131/1118 1170/1183/1166 1122/1133/1119
f 1122/1133/1119 1171/1184/1167 1123/1134/1120
f 1123/1134/1120 1172/1185/1168 1124/1135/1121
f 1124/1135/1121 1173/1186/1169 1125/1136/1122
f 1125/1136/1122 1174/1187/1170 1126/1138/1123
f 1174/1187/1170 1127/1139/1124 1126/1138/1123
f 1127/1139/1124 1176/1188/1172 1128/1140/1125
f 1128/1140/1125 1177/1189/1173 1129/1190/1126
f 1177/1191/1173 1130/1192/1127 1129/1142/1126
f 1178/1193/1174 1131/1143/1128 1130/1192/1127
f 1179/1194/1175 1132/1145/1129 1131/1143/1128
f 1180/1195/1176 1133/1196/1130 1132/1145/1129
f 1181/1197/1177 1134/1147/1131 1133/1196/1130
f 1182/1198/1178 1135/1148/1132 1134/1147/1131
f 1183/1199/1179 1136/1149/1133 1135/1148/1132
f 1184/1200/1180 1137/1151/1134 1136/1149/1133
f 1185/1201/1181 1138/1152/1135 1137/1151/1134
f 1186/1202/1182 1139/1153/1136 1138/1152/1135
f 1187/1203/1183 1140/1204/1137 1139/1153/1136
f 1188/1205/1184 1141/1155/1091 1140/1204/1137
f 1141/1155/1091 1190/1206/1186 1142/1156/1138
f 1190/1206/1186 1143/1157/1139 1142/1156/1138
f 1191/1207/1187 1144/1159/1140 1143/1157/1139
f 1192/1208/1188 1145/1160/1141 1144/1159/1140
f 1193/1209/1189 1146/1210/1142 1145/1160/1141
f 1194/1211/1190 1147/1161/1143 1146/1210/1142
f 1147/1161/1143 1196/1212/1192 1148/1163/1144
f 1196/1212/1192 1149/1164/1145 1148/1163/1144
f 1149/1164/1145 1198/1213/1194 1150/1166/1146
f 1198/1213/1194 1151/1167/1147 1150/1166/1146
f 1199/1214/1195 1152/1169/1148 1151/1167/1147
f 1200/1215/1196 1105/1114/1103 1152/1169/1148
f 1201/1216/1197 1154/1170/1150 1153/1217/1149
f 1202/1218/1198 1155/1171/1151 1154/1170/1150
f 1203/1219/1199 1156/1172/1152 1155/1171/1151
f 1204/1220/1200 1157/1221/1153 1156/1172/1152
f 1205/1222/1201 1158/1173/1154 1157/1221/1153
f 1158/1173/1154 1207/1223/1203 1159/1224/1155
f 1207/1223/1203 1160/1174/1156 1159/1224/1155
f 1160/1174/1156 1209/1225/1205 1161/1176/1157
f 1161/1176/1157 1210/1226/1206 1162/1227/1158
f 1210/1226/1206 1163/1177/1159 1162/1227/1158
f 1163/1177/1159 1212/1228/1208 1164/1178/1160
f 1212/1228/1208 1165/1229/1161 1164/1178/1160
f 1213/1230/1209 1166/1179/1162 1165/1229/1161
f 1214/1231/1210 1167/1180/1163 1166/1179/1162
f 1167/1180/1163 1216/1232/1212 1168/1233/1164
f 1216/1232/1212 1169/1182/1165 1168/1233/1164
f 1217/1234/1213 1170/1183/1166 1169/1182/1165
f 1218/1235/1214 1171/1184/1167 1170/1183/1166
f 1219/1236/1215 1172/1185/1168 1171/1184/1167
f 1220/1237/1216 1173/1186/1169 1172/1185/1168
f 1221/1238/1217 1174/1187/1170 1173/1186/1169
f 1222/1239/1218 1175/1240/1171 1174/1187/1170
f 1223/1241/1219 1176/1188/1172 1175/1240/1171
f 1224/1242/1220 1177/1189/1173 1176/1188/1172
f 1225/1243/1221 1178/1193/1174 1177/1191/1173
f 1226/1244/1222 1179/1194/1175 1178/1193/1174
f 1227/1245/1223 1180/1195/1176 1179/1194/1175
f 1228/1246/1224 1181/1197/1177 1180/1195/1176
f 1229/1247/1225 1182/1198/1178 1181/1197/1177
f 1182/1198/1178 1231/1248/1227 1183/1199/1179
f 1231/1248/1227 1184/1200/1180 1183/1199/1179
f 1184/1200/1180 1233/1249/1229 1185/1201/1181
f 1185/1201/1181 1234/1250/1230 1186/1202/1182
f 1234/1250/1230 1187/1203/1183 1186/1202/1182
f 1187/1203/1183 1236/1251/1232 1188/1205/1184
f 1188/1205/1184 1237/1252/1233 1189/1253/1185
f 1237/1252/1233 1190/1206/1186 1189/1253/1185
f 1238/1254/1234 1191/1207/1187 1190/1206/1186
f 1191/1207/1187 1240/1255/1236 1192/1208/1188
f 1240/1255/1236 1193/1209/1189 1192/1208/1188
f 1241/1256/1237 1194/1211/1190 1193/1209/1189
f 1242/1257/1238 1195/1258/1191 1194/1211/1190
f 1243/1259/1239 1196/1212/1192 1195/1258/1191
f 1244/1260/1240 1197/1261/1193 1196/1212/1192
f 1245/1262/1241 1198/1213/1194 1197/1261/1193
f 1246/1263/1242 1199/1214/1195 1198/1213/1194
f 1247/1264/1243 1200/1215/1196 1199/1214/1195
f 1248/1265/1244 1153/1217/1149 1200/1215/1196
f 1249/1266/1245 1202/1218/1198 1201/1216/1197
f 1250/1267/1246 1203/1219/1199 1202/1218/1198
f 1251/1268/1247 1204/1220/1200 1203/1219/1199
f 1252/1269/1248 1205/1222/1201 1204/1220/1200
f 1253/1270/1249 1206/1271/1202 1205/1222/1201
f 1254/1272/1250 1207/1223/1203 1206/1271/1202
f 1255/1273/1251 1208/1274/1204 1207/1223/1203
f 1256/1275/1252 1209/1225/1205 1208/1274/1204
f 1257/1276/1253 1210/1226/1206 1209/1225/1205
f 1258/1277/1254 1211/1278/1207 1210/1226/1206
f 1259/1279/1255 1212/1228/1208 1211/1278/1207
f 1260/1280/1256 1213/1230/1209 1212/1228/1208
f 1213/1230/1209 1262/1281/1258 1214/1231/1210
f 1214/1231/1210 1263/1282/1259 1215/1283/1211
f 1263/1282/1259 1216/1232/1212 1215/1283/1211
f 1264/1284/1260 1217/1234/1213 1216/1232/1212
f 1217/1234/1213 1266/1285/1262 1218/1235/1214
f 1266/1285/1262 1219/1236/1215 1218/1235/1214
f 1219/1236/1215 1268/1286/1264 1220/1237/1216
f 1220/1237/1216 1269/1287/1265 1221/1238/1217
f 1269/1287/1265 1222/1239/1218 1221/1238/1217
f 1270/1288/1266 1223/1241/1219 1222/1239/1218
f 1271/1289/1267 1224/1242/1220 1223/1241/1219
f 1272/1290/1268 1225/1291/1221 1224/1242/1220
f 1273/1292/1269 1226/1244/1222 1225/1243/1221
f 1226/1244/1222 1275/1293/1271 1227/1245/1223
f 1227/1245/1223 1276/1294/1272 1228/1246/1224
f 1276/1294/1272 1229/1247/1225 1228/1246/1224
f 1277/1295/1273 1230/1296/1226 1229/1247/1225
f 1278/1297/1274 1231/1248/1227 1230/1296/1226
f 1279/1298/1275 1232/1299/1228 1231/1248/1227
f 1280/1300/1276 1233/1249/1229 1232/1299/1228
f 1281/1301/1277 1234/1250/1230 1233/1249/1229
f 1234/1250/1230 1283/1302/1279 1235/1303/1231
f 1283/1302/1279 1236/1251/1232 1235/1303/1231
f 1284/1304/1280 1237/1252/1233 1236/1251/1232
f 1285/1305/1281 1238/1254/1234 1237/1252/1233
f 1238/1254/1234 1287/1306/1283 1239/1307/1235
f 1239/1307/1235 1288/1308/1284 1240/1255/1236
f 1240/1255/1236 1289/1309/1285 1241/1256/1237
f 1241/1256/1237 1290/1310/1286 1242/1257/1238
f 1290/1310/1286 1243/1259/1239 1242/1257/1238
f 1243/1259/1239 1292/1311/1288 1244/1260/1240
f 1292/1311/1288 1245/1262/1241 1244/1260/1240
f 1293/1312/1289 1246/1263/1242 1245/1262/1241
f 1246/1263/1242 1295/1313/1291 1247/1264/1243
f 1247/1264/1243 1296/1314/1292 1248/1265/1244
f 1296/1314/1292 1201/1216/1197 1248/1265/1244
f 1297/1315/1293 1250/1267/1246 1249/1266/1245
f 1250/1267/1246 1299/1316/1295 1251/1268/1247
f 1299/1316/1295 1252/1269/1248 1251/1268/1247
f 1252/1269/1248 1301/1317/1297 1253/1270/1249
f 1301/1317/1297 1254/1272/1250 1253/1270/1249
f 1302/1318/1298 1255/1273/1251 1254/1272/1250
f 1255/1273/1251 1304/1319/1300 1256/1275/1252
f 1256/1275/1252 1305/1320/1301 1257/1276/1253
f 1257/1276/1253 1306/1321/1302 1258/1277/1254
f 1258/1277/1254 1307/1322/1303 1259/1279/1255
f 1259/1279/1255 1308/1323/1304 1260/1280/1256
f 1260/1280/1256 1309/1324/1305 1261/1325/1257
f 1261/1325/1257 1310/1326/1306 1262/1281/1258
f 1310/1326/1306 1263/1282/1259 1262/1281/1258
f 1263/1282/1259 1312/1327/1308 1264/1284/1260
f 1264/1284/1260 1313/1328/1309 1265/1329/1261
f 1265/1329/1261 1314/1330/1310 1266/1285/1262
f 1266/1285/1262 1315/1331/1311 1267/1332/1263
f 1315/1331/1311 1268/1286/1264 1267/1332/1263
f 1268/1286/1264 1317/1333/1313 1269/1287/1265
f 1269/1287/1265 1318/1334/1314 1270/1288/1266
f 1318/1334/1314 1271/1289/1267 1270/1288/1266
f 1319/1335/1315 1272/1290/1268 1271/1289/1267
f 1320/1336/1316 1273/1337/1269 1272/1290/1268
f 1321/1338/1317 1274/1339/1270 1273/1292/1269
f 1322/1340/1318 1275/1293/1271 1274/1339/1270
f 1323/1341/1319 1276/1294/1272 1275/1293/1271
f 1324/1342/1320 1277/1295/1273 1276/1294/1272
f 1325/1343/1321 1278/1297/1274 1277/1295/1273
f 1278/1297/1274 1327/1344/1323 1279/1298/1275
f 1327/1344/1323 1280/1300/1276 1279/1298/1275
f 1328/1345/1324 1281/1301/1277 1280/1300/1276
f 1329/1346/1325 1282/1347/1278 1281/1301/1277
f 1330/1348/1326 1283/1302/1279 1282/1347/1278
f 1283/1302/1279 1332/1349/1328 1284/1304/1280
f 1332/1349/1328 1285/1305/1281 1284/1304/1280
f 1333/1350/1329 1286/1351/1282 1285/1305/1281
f 1334/1352/1330 1287/1306/1283 1286/1351/1282
f 1335/1353/1331 1288/1308/1284 1287/1306/1283
f 1336/1354/1332 1289/1309/1285 1288/1308/1284
f 1337/1355/1333 1290/1310/1286 1289/1309/1285
f 1338/1356/1334 1291/1357/1287 1290/1310/1286
f 1339/1358/1335 1292/1311/1288 1291/1357/1287
f 1340/1359/1336 1293/1312/1289 1292/1311/1288
f 1341/1360/1337 1294/1361/1290 1293/1312/1289
f 1342/1362/1338 1295/1313/1291 1294/1361/1290
f 1343/1363/1339 1296/1314/1292 1295/1313/1291
f 1344/1364/1340 1249/1266/1245 1296/1314/1292
f 1345/1365/1341 1298/1366/1294 1297/1315/1293
f 1346/1367/1342 1299/1316/1295 1298/1366/1294
f 1347/1368/1343 1300/1369/1296 1299/1316/1295
f 1348/1370/1344 1301/1317/1297 1300/1369/1296
f 1349/1371/1345 1302/1318/1298 1301/1317/1297
f 1350/1372/1346 1303/1373/1299 1302/1318/1298
f 1351/1374/1347 1304/1319/1300 1303/1373/1299
f 1352/1375/1348 1305/1320/1301 1304/1319/1300
f 1353/1376/1349 1306/1321/1302 1305/1320/1301
f 1354/1377/1350 1307/1322/1303 1306/1321/1302
f 1355/1378/1351 1308/1323/1304 1307/1322/1303
f 1308/1323/1304 1357/1379/1305 1309/1324/1305
f 1357/1379/1305 1310/1326/1306 1309/1324/1305
f 1358/1380/1353 1311/1381/1307 1310/1326/1306
f 1359/1382/1354 1312/1327/1308 1311/1381/1307
f 1360/1383/1355 1313/1328/1309 1312/1327/1308
f 1361/1384/1356 1314/1330/1310 1313/1328/1309
f 1362/1385/1357 1315/1331/1311 1314/1330/1310
f 1363/1386/1358 1316/1387/1312 1315/1331/1311
f 1364/1388/1359 1317/1333/1313 1316/1387/1312
f 1365/1389/1360 1318/1334/1314 1317/1333/1313
f 1366/1390/1361 1319/1335/1315 1318/1334/1314
f 1367/1391/1362 1320/1336/1316 1319/1335/1315
f 1368/1392/1363 1321/1393/1317 1320/1336/1316
f 1369/1394/1364 1322/1340/1318 1321/1338/1317
f 1322/1340/1318 1371/1395/1366 1323/1341/1319
f 1323/1341/1319 1372/1396/1367 1324/1342/1320
f 1324/1342/1320 1373/1397/1368 1325/1343/1321
f 1373/1397/1368 1326/1398/1322 1325/1343/1321
f 1326/1398/1322 1375/1399/1370 1327/1344/1323
f 1327/1344/1323 1376/1400/1371 1328/1345/1324
f 1328/1345/1324 1377/1401/1372 1329/1346/1325
f 1329/1346/1325 1378/1402/1373 1330/1348/1326
f 1378/1402/1373 1331/1403/1327 1330/1348/1326
f 1331/1403/1327 1380/1404/1375 1332/1349/1328
f 1332/1349/1328 1381/1405/1329 1333/1350/1329
f 1381/1405/1329 1334/1352/1330 1333/1350/1329
f 1334/1352/1330 1383/1406/1377 1335/1353/1331
f 1335/1353/1331 1384/1407/1378 1336/1354/1332
f 1336/1354/1332 1385/1408/1379 1337/1355/1333
f 1337/1355/1333 1386/1409/1380 1338/1356/1334
f 1338/1356/1334 1387/1410/1381 1339/1358/1335
f 1387/1410/1381 1340/1359/1336 1339/1358/1335
f 1340/1359/1336 1389/1411/1383 1341/1360/1337
f 1341/1360/1337 1390/1412/1384 1342/1362/1338
f 1342/1362/1338 1391/1413/1385 1343/1363/1339
f 1343/1363/1339 1392/1414/1386 1344/1364/1340
f 1392/1414/1386 1297/1315/1293 1344/1364/1340
f 1393/1415/1387 1346/1367/1342 1345/1365/1341
f 1394/1416/1388 1347/1368/1343 1346/1367/1342
f 1347/1368/1343 1396/1417/1390 1348/1370/1344
f 1348/1370/1344 1397/1418/1391 1349/1371/1345
f 1349/1371/1345 1398/1419/1392 1350/1372/1346
f 1350/1372/1346 1399/1420/1393 1351/1374/1347
f 1351/1374/1347 1400/1421/1394 1352/1375/1348
f 1352/1375/1348 1401/1422/1395 1353/1376/1349
f 1353/1376/1349 1402/1423/1396 1354/1377/1350
f 1354/1377/1350 1403/1424/1397 1355/1378/1351
f 1355/1378/1351 1404/1425/1398 1356/1426/1352
f 1404/1425/1398 1357/1379/1305 1356/1426/1352
f 1405/1427/1399 1358/1380/1353 1357/1379/1305
f 1358/1380/1353 1407/1428/1401 1359/1382/1354
f 1359/1382/1354 1408/1429/1402 1360/1383/1355
f 1360/1383/1355 1409/1430/1403 1361/1384/1356
f 1361/1384/1356 1410/1431/1404 1362/1385/1357
f 1362/1385/1357 1411/1432/1405 1363/1386/1358
f 1363/1386/1358 1412/1433/1406 1364/1388/1359
f 1412/1433/1406 1365/1389/1360 1364/1388/1359
f 1413/1434/1407 1366/1390/1361 1365/1389/1360
f 1366/1390/1361 1415/1435/1409 1367/1391/1362
f 1367/1391/1362 1416/1436/1410 1368/1392/1363
f 1416/1436/1410 1369/1437/1364 1368/1392/1363
f 1417/1438/1411 1370/1439/1365 1369/1394/1364
f 1418/1440/1412 1371/1395/1366 1370/1439/1365
f 1419/1441/1413 1372/1396/1367 1371/1395/1366
f 1372/1396/1367 1421/1442/1415 1373/1397/1368
f 1421/1442/1415 1374/1443/1369 1373/1397/1368
f 1422/1444/1416 1375/1399/1370 1374/1443/1369
f 1423/1445/1417 1376/1400/1371 1375/1399/1370
f 1424/1446/1418 1377/1401/1372 1376/1400/1371
f 1425/1447/1419 1378/1402/1373 1377/1401/1372
f 1426/1448/1420 1379/1449/1374 1378/1402/1373
f 1427/1450/1421 1380/1404/1375 1379/1449/1374
f 1428/1451/1422 1381/1405/1329 1380/1404/1375
f 1429/1452/1423 1382/1453/1376 1381/1405/1329
f 1430/1454/1424 1383/1406/1377 1382/1453/1376
f 1431/1455/1425 1384/1407/1378 1383/1406/1377
f 1432/1456/1426 1385/1408/1379 1384/1407/1378
f 1433/1457/1427 1386/1409/1380 1385/1408/1379
f 1434/1458/1428 1387/1410/1381 1386/1409/1380
f 1435/1459/1429 1388/1460/1382 1387/1410/1381
f 1436/1461/1430 1389/1411/1383 1388/1460/1382
f 1437/1462/1431 1390/1412/1384 1389/1411/1383
f 1438/1463/1432 1391/1413/1385 1390/1412/1384
f 1439/1464/1433 1392/1414/1386 1391/1413/1385
f 1392/1414/1386 1393/1415/1387 1345/1365/1341
f 1441/1465/1435 1394/1416/1388 1393/1415/1387
f 1442/1466/1436 1395/1467/1389 1394/1416/1388
f 1443/1468/1437 1396/1417/1390 1395/1467/1389
f 1444/1469/1438 1397/1418/1391 1396/1417/1390
f 1445/1470/1439 1398/1419/1392 1397/1418/1391
f 1446/1471/1440 1399/1420/1393 1398/1419/1392
f 1447/1472/1441 1400/1421/1394 1399/1420/1393
f 1448/1473/1442 1401/1422/1395 1400/1421/1394
f 1449/1474/1443 1402/1423/1396 1401/1422/1395
f 1450/1475/1444 1403/1424/1397 1402/1423/1396
f 1451/1476/1445 1404/1425/1398 1403/1424/1397
f 1452/1477/1446 1405/1427/1399 1404/1425/1398
f 1453/1478/1447 1406/1479/1400 1405/1427/1399
f 1454/1480/1448 1407/1428/1401 1406/1479/1400
f 1455/1481/1449 1408/1429/1402 1407/1428/1401
f 1456/1482/1450 1409/1430/1403 1408/1429/1402
f 1457/1483/1451 1410/1431/1404 1409/1430/1403
f 1410/1431/1404 1459/1484/1453 1411/1432/1405
f 1411/1432/1405 1460/1485/1454 1412/1433/1406
f 1460/1485/1454 1413/1434/1407 1412/1433/1406
f 1461/1486/1455 1414/1487/1408 1413/1434/1407
f 1462/1488/1456 1415/1435/1409 1414/1487/1408
f 1463/1489/1457 1416/1436/1410 1415/1435/1409
f 1464/1490/1458 1417/1491/1411 1416/1436/1410
f 1417/1438/1411 1466/1492/1460 1418/1440/1412
f 1466/1492/1460 1419/1441/1413 1418/1440/1412
f 1419/1441/1413 1468/1493/1462 1420/1494/1414
f 1468/1493/1462 1421/1442/1415 1420/1494/1414
f 1469/1495/1463 1422/1444/1416 1421/1442/1415
f 1470/1496/1464 1423/1445/1417 1422/1444/1416
f 1471/1497/1465 1424/1446/1418 1423/1445/1417
f 1424/1446/1418 1473/1498/1467 1425/1447/1419
f 1425/1447/1419 1474/1499/1468 1426/1448/1420
f 1426/1448/1420 1475/1500/1469 1427/1450/1421
f 1427/1450/1421 1476/1501/1470 1428/1451/1422
f 1428/1451/1422 1477/1502/1471 1429/1452/1423
f 1429/1452/1423 1478/1503/1472 1430/1454/1424
f 1430/1454/1424 1479/1504/1473 1431/1455/1425
f 1431/1455/1425 1480/1505/1474 1432/1456/1426
f 1432/1456/1426 1481/1506/1475 1433/1457/1427
f 1433/1457/1427 1482/1507/1476 1434/1458/1428
f 1434/1458/1428 1483/1508/1477 1435/1459/1429
f 1435/1459/1429 1484/1509/1478 1436/1461/1430
f 1436/1461/1430 1485/1510/1479 1437/1462/1431
f 1485/1510/1479 1438/1463/1432 1437/1462/1431
f 1438/1463/1432 1487/1511/1481 1439/1464/1433
f 1487/1511/1481 1440/1512/1434 1439/1464/1433
f 1488/1513/1482 1393/1415/1387 1440/1512/1434
f 1489/1514/1483 1442/1466/1436 1441/1465/1435
f 1442/1466/1436 1491/1515/1485 1443/1468/1437
f 1491/1515/1485 1444/1469/1438 1443/1468/1437
f 1444/1469/1438 1493/1516/1487 1445/1470/1439
f 1493/1516/1487 1446/1471/1440 1445/1470/1439
f 1494/1517/1488 1447/1472/1441 1446/1471/1440
f 1495/1518/1489 1448/1473/1442 1447/1472/1441
f 1496/1519/1490 1449/1474/1443 1448/1473/1442
f 1497/1520/1491 1450/1475/1444 1449/1474/1443
f 1450/1475/1444 1499/1521/1493 1451/1476/1445
f 1451/1476/1445 1500/1522/1494 1452/1477/1446
f 1500/1522/1494 1453/1478/1447 1452/1477/1446
f 1501/1523/1495 1454/1480/1448 1453/1478/1447
f 1502/1524/1496 1455/1481/1449 1454/1480/1448
f 1455/1481/1449 1504/1525/1498 1456/1482/1450
f 1504/1525/1498 1457/1483/1451 1456/1482/1450
f 1457/1483/1451 1506/1526/1500 1458/1527/1452
f 1506/1526/1500 1459/1484/1453 1458/1527/1452
f 1507/1528/1501 1460/1485/1454 1459/1484/1453
f 1460/1485/1454 1509/1529/1503 1461/1486/1455
f 1509/1529/1503 1462/1488/1456 1461/1486/1455
f 1462/1488/1456 1511/1530/1505 1463/1489/1457
f 1511/1530/1505 1464/1490/1458 1463/1489/1457
f 1464/1490/1458 1513/1531/1507 1465/1532/1459
f 1513/1533/1507 1466/1492/1460 1465/1534/1459
f 1466/1492/1460 1515/1535/1509 1467/1536/1461
f 1515/1535/1509 1468/1493/1462 1467/1536/1461
f 1516/1537/1510 1469/1495/1463 1468/1493/1462
f 1469/1495/1463 1518/1538/1512 1470/1496/1464
f 1470/1496/1464 1519/1539/1513 1471/1497/1465
f 1471/1497/1465 1520/1540/1514 1472/1541/1466
f 1520/1540/1514 1473/1498/1467 1472/1541/1466
f 1473/1498/1467 1522/1542/1516 1474/1499/1468
f 1522/1542/1516 1475/1500/1469 1474/1499/1468
f 1523/1543/1517 1476/1501/1470 1475/1500/1469
f 1524/1544/1518 1477/1502/1471 1476/1501/1470
f 1525/1545/1519 1478/1503/1472 1477/1502/1471
f 1526/1546/1520 1479/1504/1473 1478/1503/1472
f 1527/1547/1521 1480/1505/1474 1479/1504/1473
f 1528/1548/1522 1481/1506/1475 1480/1505/1474
f 1481/1506/1475 1530/1549/1524 1482/1507/1476
f 1530/1549/1524 1483/1508/1477 1482/1507/1476
f 1531/1550/1525 1484/1509/1478 1483/1508/1477
f 1484/1509/1478 1533/1551/1527 1485/1510/1479
f 1533/1551/1527 1486/1552/1480 1485/1510/1479
f 1486/1552/1480 1535/1553/1529 1487/1511/1481
f 1535/1553/1529 1488/1513/1482 1487/1511/1481
f 1536/1554/1530 1441/1465/1435 1488/1513/1482
f 1537/1555/1531 1490/1556/1484 1489/1514/1483
f 1538/1557/1532 1491/1515/1485 1490/1556/1484
f 1491/1515/1485 1540/1558/1534 1492/1559/1486
f 1492/1559/1486 1541/1560/1535 1493/1516/1487
f 1493/1516/1487 1542/1561/1536 1494/1517/1488
f 1494/1517/1488 1543/1562/1537 1495/1518/1489
f 1543/1562/1537 1496/1519/1490 1495/1518/1489
f 1496/1519/1490 1545/1563/1539 1497/1520/1491
f 1545/1563/1539 1498/1564/1492 1497/1520/1491
f 1546/1565/1540 1499/1521/1493 1498/1564/1492
f 1547/1566/1541 1500/1522/1494 1499/1521/1493
f 1548/1567/1542 1501/1523/1495 1500/1522/1494
f 1501/1523/1495 1550/1568/1544 1502/1524/1496
f 1550/1568/1544 1503/1569/1497 1502/1524/1496
f 1503/1569/1497 1552/1570/1546 1504/1525/1498
f 1504/1525/1498 1553/1571/1547 1505/1572/1499
f 1505/1572/1499 1554/1573/1548 1506/1526/1500
f 1506/1526/1500 1555/1574/1549 1507/1528/1501
f 1555/1574/1549 1508/1575/1502 1507/1528/1501
f 1508/1575/1502 1557/1576/1551 1509/1529/1503
f 1509/1529/1503 1558/1577/1552 1510/1578/1504
f 1558/1577/1552 1511/1530/1505 1510/1578/1504
f 1511/1530/1505 1560/1579/1554 1512/1580/1506
f 1560/1579/1554 1513/1531/1507 1512/1580/1506
f 1561/1581/1555 1514/1582/1508 1513/1533/1507
f 1562/1583/1556 1515/1535/1509 1514/1582/1508
f 1563/1584/1557 1516/1537/1510 1515/1535/1509
f 1564/1585/1558 1517/1586/1511 1516/1537/1510
f 1565/1587/1559 1518/1538/1512 1517/1586/1511
f 1518/1538/1512 1567/1588/1561 1519/1539/1513
f 1567/1588/1561 1520/1540/1514 1519/1539/1513
f 1568/1589/1562 1521/1590/1515 1520/1540/1514
f 1569/1591/1563 1522/1542/1516 1521/1590/1515
f 1570/1592/1564 1523/1543/1517 1522/1542/1516
f 1523/1543/1517 1572/1593/1566 1524/1544/1518
f 1572/1593/1566 1525/1545/1519 1524/1544/1518
f 1525/1545/1519 1574/1594/1568 1526/1546/1520
f 1526/1546/1520 1575/1595/1569 1527/1547/1521
f 1575/1595/1569 1528/1548/1522 1527/1547/1521
f 1528/1548/1522 1577/1596/1571 1529/1597/1523
f 1577/1596/1571 1530/1549/1524 1529/1597/1523
f 1578/1598/1572 1531/1550/1525 1530/1549/1524
f 1579/1599/1573 1532/1600/1526 1531/1550/1525
f 1580/1601/1574 1533/1551/1527 1532/1600/1526
f 1581/1602/1575 1534/1603/1528 1533/1551/1527
f 1534/1603/1528 1583/1604/1577 1535/1553/1529
f 1535/1553/1529 1584/1605/1578 1536/1554/1530
f 1584/1605/1578 1489/1514/1483 1536/1554/1530
f 1585/1606/1579 1538/1557/1532 1537/1555/1531
f 1538/1557/1532 1587/1607/1581 1539/1608/1533
f 1539/1608/1533 1588/1609/1582 1540/1558/1534
f 1588/1609/1582 1541/1560/1535 1540/1558/1534
f 1541/1560/1535 1590/1610/1584 1542/1561/1536
f 1590/1610/1584 1543/1562/1537 1542/1561/1536
f 1543/1562/1537 1592/1611/1586 1544/1612/1538
f 1544/1612/1538 1593/1613/1587 1545/1563/1539
f 1593/1613/1587 1546/1565/1540 1545/1563/1539
f 1594/1614/1588 1547/1566/1541 1546/1565/1540
f 1595/1615/1589 1548/1567/1542 1547/1566/1541
f 1596/1616/1590 1549/1617/1543 1548/1567/1542
f 1549/1617/1543 1598/1618/1592 1550/1568/1544
f 1598/1618/1592 1551/1619/1545 1550/1568/1544
f 1551/1619/1545 1600/1620/1594 1552/1570/1546
f 1600/1620/1594 1553/1571/1547 1552/1570/1546
f 1553/1571/1547 1602/1621/1596 1554/1573/1548
f 1602/1621/1596 1555/1574/1549 1554/1573/1548
f 1603/1622/1597 1556/1623/1550 1555/1574/1549
f 1604/1624/1598 1557/1576/1551 1556/1623/1550
f 1605/1625/1599 1558/1577/1552 1557/1576/1551
f 1606/1626/1600 1559/1627/1553 1558/1577/1552
f 1607/1628/1601 1560/1579/1554 1559/1627/1553
f 1560/1579/1554 1609/1629/1603 1561/1630/1555
f 1609/1631/1603 1562/1583/1556 1561/1581/1555
f 1562/1583/1556 1611/1632/1605 1563/1584/1557
f 1611/1632/1605 1564/1585/1558 1563/1584/1557
f 1564/1585/1558 1613/1633/1607 1565/1587/1559
f 1565/1587/1559 1614/1634/1608 1566/1635/1560
f 1566/1635/1560 1615/1636/1609 1567/1588/1561
f 1567/1588/1561 1616/1637/1610 1568/1589/1562
f 1568/1589/1562 1617/1638/1611 1569/1591/1563
f 1569/1591/1563 1618/1639/1612 1570/1592/1564
f 1618/1639/1612 1571/1640/1565 1570/1592/1564
f 1571/1640/1565 1620/1641/1614 1572/1593/1566
f 1620/1641/1614 1573/1642/1567 1572/1593/1566
f 1621/1643/1615 1574/1594/1568 1573/1642/1567
f 1574/1594/1568 1623/1644/1617 1575/1595/1569
f 1575/1595/1569 1624/1645/1618 1576/1646/1570
f 1624/1645/1618 1577/1596/1571 1576/1646/1570
f 1625/1647/1619 1578/1598/1572 1577/1596/1571
f 1626/1648/1620 1579/1599/1573 1578/1598/1572
f 1579/1599/1573 1628/1649/1622 1580/1601/1574
f 1628/1649/1622 1581/1602/1575 1580/1601/1574
f 1629/1650/1623 1582/1651/1576 1581/1602/1575
f 1630/1652/1624 1583/1604/1577 1582/1651/1576
f 1631/1653/1625 1584/1605/1578 1583/1604/1577
f 1584/1605/1578 1585/1606/1579 1537/1555/1531
f 1633/1654/1627 1586/1655/1580 1585/1606/1579
f 1586/1655/1580 1635/1656/1629 1587/1607/1581
f 1635/1656/1629 1588/1609/1582 1587/1607/1581
f 1588/1609/1582 1637/1657/1631 1589/1658/1583
f 1637/1657/1631 1590/1610/1584 1589/1658/1583
f 1590/1610/1584 1639/1659/1633 1591/1660/1585
f 1639/1659/1633 1592/1611/1586 1591/1660/1585
f 1592/1611/1586 1641/1661/1635 1593/1613/1587
f 1641/1661/1635 1594/1614/1588 1593/1613/1587
f 1594/1614/1588 1643/1662/1637 1595/1615/1589
f 1595/1615/1589 1644/1663/1638 1596/1616/1590
f 1596/1616/1590 1645/1664/1639 1597/1665/1591
f 1597/1665/1591 1646/1666/1640 1598/1618/1592
f 1598/1618/1592 1647/1667/1641 1599/1668/1593
f 1599/1668/1593 1648/1669/1642 1600/1620/1594
f 1648/1669/1642 1601/1670/1595 1600/1620/1594
f 1601/1670/1595 1650/1671/1644 1602/1621/1596
f 1602/1621/1596 1651/1672/1645 1603/1622/1597
f 1651/1672/1645 1604/1624/1598 1603/1622/1597
f 1652/1673/1646 1605/1625/1599 1604/1624/1598
f 1653/1674/1647 1606/1626/1600 1605/1625/1599
f 1654/1675/1648 1607/1628/1601 1606/1626/1600
f 1655/1676/1649 1608/1677/1602 1607/1628/1601
f 1656/1678/1650 1609/1629/1603 1608/1677/1602
f 1609/1631/1603 1658/1679/1652 1610/1680/1604
f 1658/1679/1652 1611/1632/1605 1610/1680/1604
f 1659/1681/1653 1612/1682/1606 1611/1632/1605
f 1660/1683/1654 1613/1633/1607 1612/1682/1606
f 1661/1684/1655 1614/1634/1608 1613/1633/1607
f 1662/1685/1656 1615/1636/1609 1614/1634/1608
f 1663/1686/1657 1616/1637/1610 1615/1636/1609
f 1664/1687/1658 1617/1638/1611 1616/1637/1610
f 1617/1638/1611 1666/1688/1660 1618/1639/1612
f 1666/1688/1660 1619/1689/1613 1618/1639/1612
f 1667/1690/1661 1620/1641/1614 1619/1689/1613
f 1668/1691/1662 1621/1643/1615 1620/1641/1614
f 1669/1692/1663 1622/1693/1616 1621/1643/1615
f 1670/1694/1664 1623/1644/1617 1622/1693/1616
f 1671/1695/1665 1624/1645/1618 1623/1644/1617
f 1624/1645/1618 1673/1696/1667 1625/1647/1619
f 1673/1696/1667 1626/1648/1620 1625/1647/1619
f 1674/1697/1668 1627/1698/1621 1626/1648/1620
f 1675/1699/1669 1628/1649/1622 1627/1698/1621
f 1628/1649/1622 1677/1700/1671 1629/1650/1623
f 1677/1700/1671 1630/1652/1624 1629/1650/1623
f 1678/1701/1672 1631/1653/1625 1630/1652/1624
f 1679/1702/1673 1632/1703/1626 1631/1653/1625
f 1632/1703/1626 1633/1654/1627 1585/1606/1579
f 1681/1704/1675 1634/1705/1628 1633/1654/1627
f 1634/1705/1628 1683/1706/1677 1635/1656/1629
f 1635/1656/1629 1684/1707/1678 1636/1708/1630
f 1684/1707/1678 1637/1657/1631 1636/1708/1630
f 1637/1657/1631 1686/1709/1680 1638/1710/1632
f 1686/1709/1680 1639/1659/1633 1638/1710/1632
f 1687/1711/1681 1640/1712/1634 1639/1659/1633
f 1688/1713/1682 1641/1661/1635 1640/1712/1634
f 1689/1714/1683 1642/1715/1636 1641/1661/1635
f 1642/1715/1636 1691/1716/1685 1643/1662/1637
f 1643/1662/1637 1692/1717/1686 1644/1663/1638
f 1692/1717/1686 1645/1664/1639 1644/1663/1638
f 1645/1664/1639 1694/1718/1688 1646/1666/1640
f 1694/1718/1688 1647/1667/1641 1646/1666/1640
f 1695/1719/1689 1648/1669/1642 1647/1667/1641
f 1648/1669/1642 1697/1720/1691 1649/1721/1643
f 1649/1721/1643 1698/1722/1692 1650/1671/1644
f 1698/1722/1692 1651/1672/1645 1650/1671/1644
f 1699/1723/1693 1652/1673/1646 1651/1672/1645
f 1700/1724/1694 1653/1674/1647 1652/1673/1646
f 1701/1725/1695 1654/1675/1648 1653/1674/1647
f 1654/1675/1648 1703/1726/1697 1655/1676/1649
f 1703/1726/1697 1656/1678/1650 1655/1676/1649
f 1704/1727/1698 1657/1728/1651 1656/1678/1650
f 1657/1729/1651 1706/1730/1700 1658/1679/1652
f 1706/1730/1700 1659/1681/1653 1658/1679/1652
f 1707/1731/1701 1660/1683/1654 1659/1681/1653
f 1708/1732/1702 1661/1684/1655 1660/1683/1654
f 1661/1684/1655 1710/1733/1704 1662/1685/1656
f 1710/1733/1704 1663/1686/1657 1662/1685/1656
f 1663/1686/1657 1712/1734/1706 1664/1687/1658
f 1712/1734/1706 1665/1735/1659 1664/1687/1658
f 1713/1736/1707 1666/1688/1660 1665/1735/1659
f 1666/1688/1660 1715/1737/1709 1667/1690/1661
f 1667/1690/1661 1716/1738/1710 1668/1691/1662
f 1668/1691/1662 1717/1739/1711 1669/1692/1663
f 1717/1739/1711 1670/1694/1664 1669/1692/1663
f 1718/1740/1712 1671/1695/1665 1670/1694/1664
f 1719/1741/1713 1672/1742/1666 1671/1695/1665
f 1672/1742/1666 1721/1743/1715 1673/1696/1667
f 1673/1696/1667 1722/1744/1716 1674/1697/1668
f 1674/1697/1668 1723/1745/1717 1675/1699/1669
f 1723/1745/1717 1676/1746/1670 1675/1699/1669
f 1724/1747/1718 1677/1700/1671 1676/1746/1670
f 1677/1700/1671 1726/1748/1720 1678/1701/1672
f 1726/1748/1720 1679/1702/1673 1678/1701/1672
f 1727/1749/1721 1680/1750/1674 1679/1702/1673
f 1680/1750/1674 1681/1704/1675 1633/1654/1627
f 1681/1704/1675 1730/1751/1724 1682/1752/1676
f 1682/1752/1676 1731/1753/1725 1683/1706/1677
f 1731/1753/1725 1684/1707/1678 1683/1706/1677
f 1732/1754/1726 1685/1755/1679 1684/1707/1678
f 1733/1756/1727 1686/1709/1680 1685/1755/1679
f 1734/1757/1728 1687/1711/1681 1686/1709/1680
f 1735/1758/1729 1688/1713/1682 1687/1711/1681
f 1736/1759/1730 1689/1714/1683 1688/1713/1682
f 1737/1760/1731 1690/1761/1684 1689/1714/1683
f 1690/1761/1684 1739/1762/1733 1691/1716/1685
f 1739/1762/1733 1692/1717/1686 1691/1716/1685
f 1692/1717/1686 1741/1763/1735 1693/1764/1687
f 1741/1763/1735 1694/1718/1688 1693/1764/1687
f 1694/1718/1688 1743/1765/1737 1695/1719/1689
f 1743/1765/1737 1696/1766/1690 1695/1719/1689
f 1744/1767/1738 1697/1720/1691 1696/1766/1690
f 1745/1768/1739 1698/1722/1692 1697/1720/1691
f 1746/1769/1740 1699/1723/1693 1698/1722/1692
f 1747/1770/1741 1700/1724/1694 1699/1723/1693
f 1748/1771/1742 1701/1725/1695 1700/1724/1694
f 1701/1725/1695 1750/1772/1744 1702/1773/1696
f 1750/1772/1744 1703/1726/1697 1702/1773/1696
f 1703/1726/1697 1752/1774/1746 1704/1727/1698
f 1704/1727/1698 1753/1775/1747 1705/1776/1699
f 1753/1777/1747 1706/1730/1700 1705/1778/1699
f 1754/1779/1748 1707/1731/1701 1706/1730/1700
f 1755/1780/1749 1708/1732/1702 1707/1731/1701
f 1756/1781/1750 1709/1782/1703 1708/1732/1702
f 1757/1783/1751 1710/1733/1704 1709/1782/1703
f 1710/1733/1704 1759/1784/1753 1711/1785/1705
f 1759/1784/1753 1712/1734/1706 1711/1785/1705
f 1712/1734/1706 1761/1786/1755 1713/1736/1707
f 1761/1786/1755 1714/1787/1708 1713/1736/1707
f 1714/1787/1708 1763/1788/1757 1715/1737/1709
f 1763/1788/1757 1716/1738/1710 1715/1737/1709
f 1716/1738/1710 1765/1789/1759 1717/1739/1711
f 1765/1789/1759 1718/1740/1712 1717/1739/1711
f 1718/1740/1712 1767/1790/1761 1719/1741/1713
f 1767/1790/1761 1720/1791/1714 1719/1741/1713
f 1720/1791/1714 1769/1792/1763 1721/1743/1715
f 1769/1792/1763 1722/1744/1716 1721/1743/1715
f 1770/1793/1764 1723/1745/1717 1722/1744/1716
f 1723/1745/1717 1772/1794/1766 1724/1747/1718
f 1772/1794/1766 1725/1795/1719 1724/1747/1718
f 1725/1795/1719 1774/1796/1768 1726/1748/1720
f 1726/1748/1720 1775/1797/1769 1727/1749/1721
f 1775/1797/1769 1728/1798/1722 1727/1749/1721
f 1776/1799/1770 1681/1704/1675 1728/1798/1722
f 1729/1800/1723 1778/1801/1772 1730/1751/1724
f 1778/1801/1772 1731/1753/1725 1730/1751/1724
f 1779/1802/1773 1732/1754/1726 1731/1753/1725
f 1780/1803/1774 1733/1756/1727 1732/1754/1726
f 1781/1804/1775 1734/1757/1728 1733/1756/1727
f 1734/1757/1728 1783/1805/1777 1735/1758/1729
f 1783/1805/1777 1736/1759/1730 1735/1758/1729
f 1736/1759/1730 1785/1806/1779 1737/1760/1731
f 1785/1806/1779 1738/1807/1732 1737/1760/1731
f 1738/1807/1732 1787/1808/1781 1739/1762/1733
f 1787/1808/1781 1740/1809/1734 1739/1762/1733
f 1740/1809/1734 1789/1810/1783 1741/1763/1735
f 1789/1810/1783 1742/1811/1736 1741/1763/1735
f 1790/1812/1784 1743/1765/1737 1742/1811/1736
f 1791/1813/1785 1744/1767/1738 1743/1765/1737
f 1792/1814/1786 1745/1768/1739 1744/1767/1738
f 1793/1815/1787 1746/1769/1740 1745/1768/1739
f 1746/1769/1740 1795/1816/1789 1747/1770/1741
f 1795/1816/1789 1748/1771/1742 1747/1770/1741
f 1796/1817/1790 1749/1818/1743 1748/1771/1742
f 1797/1819/1791 1750/1772/1744 1749/1818/1743
f 1798/1820/1792 1751/1821/1745 1750/1772/1744
f 1751/1821/1745 1800/1822/1794 1752/1774/1746
f 1800/1822/1794 1753/1775/1747 1752/1774/1746
f 1753/1777/1747 1802/1823/1796 1754/1779/1748
f 1802/1823/1796 1755/1780/1749 1754/1779/1748
f 1755/1780/1749 1804/1824/1798 1756/1781/1750
f 1756/1781/1750 1805/1825/1799 1757/1783/1751
f 1757/1783/1751 1806/1826/1800 1758/1827/1752
f 1806/1826/1800 1759/1784/1753 1758/1827/1752
f 1759/1784/1753 1808/1828/1802 1760/1829/1754
f 1808/1828/1802 1761/1786/1755 1760/1829/1754
f 1761/1786/1755 1810/1830/1804 1762/1831/1756
f 1810/1830/1804 1763/1788/1757 1762/1831/1756
f 1811/1832/1805 1764/1833/1758 1763/1788/1757
f 1764/1833/1758 1813/1834/1807 1765/1789/1759
f 1813/1834/1807 1766/1835/1760 1765/1789/1759
f 1766/1835/1760 1815/1836/1809 1767/1790/1761
f 1815/1836/1809 1768/1837/1762 1767/1790/1761
f 1768/1837/1762 1817/1838/1811 1769/1792/1763
f 1817/1838/1811 1770/1793/1764 1769/1792/1763
f 1770/1793/1764 1819/1839/1813 1771/1840/1765
f 1819/1839/1813 1772/1794/1766 1771/1840/1765
f 1772/1794/1766 1821/1841/1815 1773/1842/1767
f 1821/1841/1815 1774/1796/1768 1773/1842/1767
f 1822/1843/1816 1775/1797/1769 1774/1796/1768
f 1775/1797/1769 1824/1844/1818 1776/1799/1770
f 1824/1844/1818 1729/1800/1723 1776/1799/1770
f 1825/1845/1819 1778/1801/1772 1777/1846/1771
f 1826/1847/1820 1779/1802/1773 1778/1801/1772
f 1827/1848/1821 1780/1803/1774 1779/1802/1773
f 1828/1849/1822 1781/1804/1775 1780/1803/1774
f 1781/1804/1775 1830/1850/1824 1782/1851/1776
f 1830/1850/1824 1783/1805/1777 1782/1851/1776
f 1831/1852/1825 1784/1853/1778 1783/1805/1777
f 1784/1853/1778 1833/1854/1827 1785/1806/1779
f 1785/1806/1779 1834/1855/1828 1786/1856/1780
f 1786/1856/1780 1835/1857/1829 1787/1808/1781
f 1835/1857/1829 1788/1858/1782 1787/1808/1781
f 1788/1858/1782 1837/1859/1831 1789/1810/1783
f 1837/1859/1831 1790/1812/1784 1789/1810/1783
f 1838/1860/1832 1791/1813/1785 1790/1812/1784
f 1791/1813/1785 1840/1861/1834 1792/1814/1786
f 1792/1814/1786 1841/1862/1835 1793/1815/1787
f 1841/1862/1835 1794/1863/1788 1793/1815/1787
f 1842/1864/1836 1795/1816/1789 1794/1863/1788
f 1795/1816/1789 1844/1865/1838 1796/1817/1790
f 1844/1865/1838 1797/1819/1791 1796/1817/1790
f 1845/1866/1839 1798/1820/1792 1797/1819/1791
f 1798/1820/1792 1847/1867/1841 1799/1868/1793
f 1847/1867/1841 1800/1822/1794 1799/1868/1793
f 1848/1869/1842 1801/1870/1795 1800/1822/1794
f 1849/1871/1843 1802/1823/1796 1801/1872/1795
f 1850/1873/1844 1803/1874/1797 1802/1823/1796
f 1851/1875/1845 1804/1824/1798 1803/1874/1797
f 1804/1824/1798 1853/1876/1847 1805/1825/1799
f 1805/1825/1799 1854/1877/1848 1806/1826/1800
f 1854/1877/1848 1807/1878/1801 1806/1826/1800
f 1855/1879/1849 1808/1828/1802 1807/1878/1801
f 1808/1828/1802 1857/1880/1851 1809/1881/1803
f 1857/1880/1851 1810/1830/1804 1809/1881/1803
f 1858/1882/1852 1811/1832/1805 1810/1830/1804
f 1811/1832/1805 1860/1883/1854 1812/1884/1806
f 1860/1883/1854 1813/1834/1807 1812/1884/1806
f 1861/1885/1855 1814/1886/1808 1813/1834/1807
f 1862/1887/1856 1815/1836/1809 1814/1886/1808
f 1863/1888/1857 1816/1889/1810 1815/1836/1809
f 1864/1890/1858 1817/1838/1811 1816/1889/1810
f 1865/1891/1859 1818/1892/1812 1817/1838/1811
f 1818/1892/1812 1867/1893/1861 1819/1839/1813
f 1867/1893/1861 1820/1894/1814 1819/1839/1813
f 1868/1895/1862 1821/1841/1815 1820/1894/1814
f 1869/1896/1863 1822/1843/1816 1821/1841/1815
f 1822/1843/1816 1871/1897/1865 1823/1898/1817
f 1871/1897/1865 1824/1844/1818 1823/1898/1817
f 1824/1844/1818 1825/1845/1819 1777/1846/1771
f 1825/1845/1819 1874/1899/1868 1826/1847/1820
f 1874/1899/1868 1827/1848/1821 1826/1847/1820
f 1875/1900/1869 1828/1849/1822 1827/1848/1821
f 1876/1901/1870 1829/1902/1823 1828/1849/1822
f 1877/1903/1871 1830/1850/1824 1829/1902/1823
f 1830/1850/1824 1879/1904/1873 1831/1852/1825
f 1879/1904/1873 1832/1905/1826 1831/1852/1825
f 1832/1905/1826 1881/1906/1875 1833/1854/1827
f 1881/1906/1875 1834/1855/1828 1833/1854/1827
f 1834/1855/1828 1883/1907/1877 1835/1857/1829
f 1883/1907/1877 1836/1908/1830 1835/1857/1829
f 1884/1909/1878 1837/1859/1831 1836/1908/1830
f 1885/1910/1879 1838/1860/1832 1837/1859/1831
f 1886/1911/1880 1839/1912/1833 1838/1860/1832
f 1887/1913/1881 1840/1861/1834 1839/1912/1833
f 1888/1914/1882 1841/1862/1835 1840/1861/1834
f 1889/1915/1883 1842/1864/1836 1841/1862/1835
f 1890/1916/1884 1843/1917/1837 1842/1864/1836
f 1891/1918/1885 1844/1865/1838 1843/1917/1837
f 1892/1919/1886 1845/1866/1839 1844/1865/1838
f 1893/1920/1887 1846/1921/1840 1845/1866/1839
f 1894/1922/1888 1847/1867/1841 1846/1921/1840
f 1895/1923/1889 1848/1869/1842 1847/1867/1841
f 1896/1924/1890 1849/1925/1843 1848/1869/1842
f 1897/1926/1891 1850/1873/1844 1849/1871/1843
f 1898/1927/1892 1851/1875/1845 1850/1873/1844
f 1899/1928/1893 1852/1929/1846 1851/1875/1845
f 1852/1929/1846 1901/1930/1895 1853/1876/1847
f 1853/1876/1847 1902/1931/1896 1854/1877/1848
f 1854/1877/1848 1903/1932/1897 1855/1879/1849
f 1855/1879/1849 1904/1933/1898 1856/1934/1850
f 1904/1933/1898 1857/1880/1851 1856/1934/1850
f 1857/1880/1851 1906/1935/1900 1858/1882/1852
f 1858/1882/1852 1907/1936/1901 1859/1937/1853
f 1859/1937/1853 1908/1938/1902 1860/1883/1854
f 1860/1883/1854 1909/1939/1903 1861/1885/1855
f 1861/1885/1855 1910/1940/1904 1862/1887/1856
f 1862/1887/1856 1911/1941/1905 1863/1888/1857
f 1911/1941/1905 1864/1890/1858 1863/1888/1857
f 1864/1890/1858 1913/1942/1907 1865/1891/1859
f 1913/1942/1907 1866/1943/1860 1865/1891/1859
f 1866/1943/1860 1915/1944/1909 1867/1893/1861
f 1915/1944/1909 1868/1895/1862 1867/1893/1861
f 1868/1895/1862 1917/1945/1911 1869/1896/1863
f 1917/1945/1911 1870/1946/1864 1869/1896/1863
f 1870/1946/1864 1919/1947/1913 1871/1897/1865
f 1919/1947/1913 1872/1948/1866 1871/1897/1865
f 1920/1949/1914 1825/1845/1819 1872/1948/1866
f 1921/1950/1915 1874/1899/1868 1873/1951/1867
f 1922/1952/1916 1875/1900/1869 1874/1899/1868
f 1875/1900/1869 1924/1953/1918 1876/1901/1870
f 1876/1901/1870 1925/1954/1919 1877/1903/1871
f 1877/1903/1871 1926/1955/1920 1878/1956/1872
f 1878/1956/1872 1927/1957/1921 1879/1904/1873
f 1927/1957/1921 1880/1958/1874 1879/1904/1873
f 1880/1958/1874 1929/1959/1923 1881/1906/1875
f 1929/1959/1923 1882/1960/1876 1881/1906/1875
f 1930/1961/1924 1883/1907/1877 1882/1960/1876
f 1883/1907/1877 1932/1962/1926 1884/1909/1878
f 1932/1962/1926 1885/1910/1879 1884/1909/1878
f 1933/1963/1927 1886/1911/1880 1885/1910/1879
f 1886/1911/1880 1935/1964/1929 1887/1913/1881
f 1935/1964/1929 1888/1914/1882 1887/1913/1881
f 1888/1914/1882 1937/1965/1931 1889/1915/1883
f 1937/1965/1931 1890/1916/1884 1889/1915/1883
f 1890/1916/1884 1939/1966/1933 1891/1918/1885
f 1939/1966/1933 1892/1919/1886 1891/1918/1885
f 1940/1967/1934 1893/1920/1887 1892/1919/1886
f 1941/1968/1935 1894/1922/1888 1893/1920/1887
f 1942/1969/1936 1895/1923/1889 1894/1922/1888
f 1895/1923/1889 1944/1970/1938 1896/1924/1890
f 1896/1924/1890 1945/1971/1939 1897/1972/1891
f 1945/1973/1939 1898/1927/1892 1897/1926/1891
f 1946/1974/1940 1899/1928/1893 1898/1927/1892
f 1899/1928/1893 1948/1975/1942 1900/1976/1894
f 1948/1975/1942 1901/1930/1895 1900/1976/1894
f 1949/1977/1943 1902/1931/1896 1901/1930/1895
f 1902/1931/1896 1951/1978/1945 1903/1932/1897
f 1951/1978/1945 1904/1933/1898 1903/1932/1897
f 1952/1979/1946 1905/1980/1899 1904/1933/1898
f 1953/1981/1947 1906/1935/1900 1905/1980/1899
f 1954/1982/1948 1907/1936/1901 1906/1935/1900
f 1955/1983/1949 1908/1938/1902 1907/1936/1901
f 1956/1984/1950 1909/1939/1903 1908/1938/1902
f 1957/1985/1951 1910/1940/1904 1909/1939/1903
f 1958/1986/1952 1911/1941/1905 1910/1940/1904
f 1959/1987/1953 1912/1988/1906 1911/1941/1905
f 1960/1989/1954 1913/1942/1907 1912/1988/1906
f 1961/1990/1955 1914/1991/1908 1913/1942/1907
f 1914/1991/1908 1963/1992/1957 1915/1944/1909
f 1963/1992/1957 1916/1993/1910 1915/1944/1909
f 1964/1994/1958 1917/1945/1911 1916/1993/1910
f 1965/1995/1959 1918/1996/1912 1917/1945/1911
f 1966/1997/1960 1919/1947/1913 1918/1996/1912
f 1919/1947/1913 1968/1998/1962 1920/1949/1914
f 1968/1998/1962 1873/1951/1867 1920/1949/1914
f 1921/1950/1915 1970/1999/1964 1922/1952/1916
f 1970/1999/1964 1923/2000/1917 1922/1952/1916
f 1923/2000/1917 1972/2001/1966 1924/1953/1918
f 1972/2001/1966 1925/1954/1919 1924/1953/1918
f 1973/2002/1967 1926/1955/1920 1925/1954/1919
f 1974/2003/1968 1927/1957/1921 1926/1955/1920
f 1975/2004/1969 1928/2005/1922 1927/1957/1921
f 1928/2005/1922 1977/2006/1971 1929/1959/1923
f 1929/1959/1923 1978/2007/1972 1930/1961/1924
f 1978/2007/1972 1931/2008/1925 1930/1961/1924
f 1979/2009/1973 1932/1962/1926 1931/2008/1925
f 1980/2010/1974 1933/1963/1927 1932/1962/1926
f 1981/2011/1975 1934/2012/1928 1933/1963/1927
f 1982/2013/1976 1935/1964/1929 1934/2012/1928
f 1983/2014/1977 1936/2015/1930 1935/1964/1929
f 1936/2015/1930 1985/2016/1979 1937/1965/1931
f 1985/2016/1979 1938/2017/1932 1937/1965/1931
f 1986/2018/1980 1939/1966/1933 1938/2017/1932
f 1939/1966/1933 1988/2019/1982 1940/1967/1934
f 1940/1967/1934 1989/2020/1983 1941/1968/1935
f 1941/1968/1935 1990/2021/1984 1942/1969/1936
f 1990/2021/1984 1943/2022/1937 1942/1969/1936
f 1943/2022/1937 1992/2023/1986 1944/1970/1938
f 1992/2023/1986 1945/1971/1939 1944/1970/1938
f 1993/2024/1987 1946/1974/1940 1945/1973/1939
f 1994/2025/1988 1947/2026/1941 1946/1974/1940
f 1947/2026/1941 1996/2027/1990 1948/1975/1942
f 1996/2027/1990 1949/1977/1943 1948/1975/1942
f 1997/2028/1991 1950/2029/1944 1949/1977/1943
f 1998/2030/1992 1951/1978/1945 1950/2029/1944
f 1951/1978/1945 2000/2031/1994 1952/1979/1946
f 2000/2031/1994 1953/1981/1947 1952/1979/1946
f 2001/2032/1995 1954/1982/1948 1953/1981/1947
f 1954/1982/1948 2003/2033/1997 1955/1983/1949
f 1955/1983/1949 2004/2034/1998 1956/1984/1950
f 2004/2034/1998 1957/1985/1951 1956/1984/1950
f 2005/2035/1999 1958/1986/1952 1957/1985/1951
f 2006/2036/2000 1959/1987/1953 1958/1986/1952
f 2007/2037/2001 1960/1989/1954 1959/1987/1953
f 2008/2038/2002 1961/1990/1955 1960/1989/1954
f 2009/2039/2003 1962/2040/1956 1961/1990/1955
f 1962/2040/1956 2011/2041/2005 1963/1992/1957
f 2011/2041/2005 1964/1994/1958 1963/1992/1957
f 2012/2042/2006 1965/1995/1959 1964/1994/1958
f 1965/1995/1959 2014/2043/2008 1966/1997/1960
f 2014/2043/2008 1967/2044/1961 1966/1997/1960
f 1967/2044/1961 2016/2045/2010 1968/1998/1962
f 2016/2045/2010 1921/1950/1915 1968/1998/1962
f 2017/2046/2011 1970/1999/1964 1969/2047/1963
f 2018/2048/2012 1971/2049/1965 1970/1999/1964
f 2019/2050/2013 1972/2001/1966 1971/2049/1965
f 1972/2001/1966 2021/2051/2015 1973/2002/1967
f 2021/2051/2015 1974/2003/1968 1973/2002/1967
f 2022/2052/2016 1975/2004/1969 1974/2003/1968
f 2023/2053/2017 1976/2054/1970 1975/2004/1969
f 1976/2054/1970 2025/2055/2019 1977/2006/1971
f 1977/2006/1971 2026/2056/2020 1978/2007/1972
f 1978/2007/1972 2027/2057/2021 1979/2009/1973
f 2027/2057/2021 1980/2010/1974 1979/2009/1973
f 1980/2010/1974 2029/2058/2023 1981/2011/1975
f 1981/2011/1975 2030/2059/2024 1982/2013/1976
f 1982/2013/1976 2031/2060/2025 1983/2014/1977
f 1983/2014/1977 2032/2061/2026 1984/2062/1978
f 1984/2062/1978 2033/2063/2027 1985/2016/1979
f 2033/2063/2027 1986/2018/1980 1985/2016/1979
f 2034/2064/2028 1987/2065/1981 1986/2018/1980
f 1987/2065/1981 2036/2066/2030 1988/2019/1982
f 1988/2019/1982 2037/2067/2031 1989/2020/1983
f 1989/2020/1983 2038/2068/2032 1990/2021/1984
f 1990/2021/1984 2039/2069/2033 1991/2070/1985
f 1991/2070/1985 2040/2071/2034 1992/2023/1986
f 1992/2023/1986 2041/2072/2035 1993/2073/1987
f 2041/2074/2035 1994/2025/1988 1993/2024/1987
f 1994/2025/1988 2043/2075/2037 1995/2076/1989
f 1995/2076/1989 2044/2077/2038 1996/2027/1990
f 2044/2077/2038 1997/2028/1991 1996/2027/1990
f 2045/2078/2039 1998/2030/1992 1997/2028/1991
f 2046/2079/2040 1999/2080/1993 1998/2030/1992
f 1999/2080/1993 2048/2081/2042 2000/2031/1994
f 2048/2081/2042 2001/2032/1995 2000/2031/1994
f 2049/2082/2043 2002/2083/1996 2001/2032/1995
f 2050/2084/2044 2003/2033/1997 2002/2083/1996
f 2003/2033/1997 2052/2085/2046 2004/2034/1998
f 2052/2085/2046 2005/2035/1999 2004/2034/1998
f 2053/2086/2047 2006/2036/2000 2005/2035/1999
f 2006/2036/2000 2055/2087/2049 2007/2037/2001
f 2055/2087/2049 2008/2038/2002 2007/2037/2001
f 2056/2088/2050 2009/2039/2003 2008/2038/2002
f 2057/2089/2051 2010/2090/2004 2009/2039/2003
f 2010/2090/2004 2059/2091/2053 2011/2041/2005
f 2059/2091/2053 2012/2042/2006 2011/2041/2005
f 2012/2042/2006 2061/2092/2055 2013/2093/2007
f 2013/2093/2007 2062/2094/2056 2014/2043/2008
f 2062/2094/2056 2015/2095/2009 2014/2043/2008
f 2015/2095/2009 2064/2096/2058 2016/2045/2010
f 2064/2096/2058 1969/2047/1963 2016/2045/2010
f 2017/2046/2011 2066/2097/2060 2018/2048/2012
f 2066/2097/2060 2019/2050/2013 2018/2048/2012
f 2067/2098/2061 2020/2099/2014 2019/2050/2013
f 2068/2100/2062 2021/2051/2015 2020/2099/2014
f 2069/2101/2063 2022/2052/2016 2021/2051/2015
f 2022/2052/2016 2071/2102/2065 2023/2053/2017
f 2071/2102/2065 2024/2103/2018 2023/2053/2017
f 2072/2104/2066 2025/2055/2019 2024/2103/2018
f 2073/2105/2067 2026/2056/2020 2025/2055/2019
f 2074/2106/2068 2027/2057/2021 2026/2056/2020
f 2075/2107/2069 2028/2108/2022 2027/2057/2021
f 2076/2109/2070 2029/2058/2023 2028/2108/2022
f 2077/2110/2071 2030/2059/2024 2029/2058/2023
f 2078/2111/2072 2031/2060/2025 2030/2059/2024
f 2079/2112/2073 2032/2061/2026 2031/2060/2025
f 2080/2113/2074 2033/2063/2027 2032/2061/2026
f 2033/2063/2027 2082/2114/2076 2034/2064/2028
f 2082/2114/2076 2035/2115/2029 2034/2064/2028
f 2083/2116/2077 2036/2066/2030 2035/2115/2029
f 2084/2117/2078 2037/2067/2031 2036/2066/2030
f 2085/2118/2079 2038/2068/2032 2037/2067/2031
f 2086/2119/2080 2039/2069/2033 2038/2068/2032
f 2087/2120/2081 2040/2071/2034 2039/2069/2033
f 2088/2121/2082 2041/2072/2035 2040/2071/2034
f 2089/2122/2083 2042/2123/2036 2041/2074/2035
f 2042/2123/2036 2091/2124/2085 2043/2075/2037
f 2043/2075/2037 2092/2125/2086 2044/2077/2038
f 2044/2077/2038 2093/2126/2087 2045/2078/2039
f 2093/2126/2087 2046/2079/2040 2045/2078/2039
f 2094/2127/2088 2047/2128/2041 2046/2079/2040
f 2047/2128/2041 2096/2129/2090 2048/2081/2042
f 2096/2129/2090 2049/2082/2043 2048/2081/2042
f 2049/2082/2043 2098/2130/2092 2050/2084/2044
f 2050/2084/2044 2099/2131/2093 2051/2132/2045
f 2099/2131/2093 2052/2085/2046 2051/2132/2045
f 2052/2085/2046 2101/2133/2095 2053/2086/2047
f 2053/2086/2047 2102/2134/2096 2054/2135/2048
f 2054/2135/2048 2103/2136/2097 2055/2087/2049
f 2103/2136/2097 2056/2088/2050 2055/2087/2049
f 2104/2137/2098 2057/2089/2051 2056/2088/2050
f 2057/2089/2051 2106/2138/2100 2058/2139/2052
f 2058/2139/2052 2107/2140/2101 2059/2091/2053
f 2059/2091/2053 2108/2141/2102 2060/2142/2054
f 2108/2141/2102 2061/2092/2055 2060/2142/2054
f 2109/2143/2103 2062/2094/2056 2061/2092/2055
f 2062/2094/2056 2111/2144/2105 2063/2145/2057
f 2063/2145/2057 2112/2146/2106 2064/2096/2058
f 2112/2146/2106 2017/2046/2011 2064/2096/2058
f 2113/2147/2107 2066/2097/2060 2065/2148/2059
f 2114/2149/2108 2067/2098/2061 2066/2097/2060
f 2115/2150/2109 2068/2100/2062 2067/2098/2061
f 2068/2100/2062 2117/2151/2111 2069/2101/2063
f 2069/2101/2063 2118/2152/2112 2070/2153/2064
f 2118/2152/2112 2071/2102/2065 2070/2153/2064
f 2119/2154/2113 2072/2104/2066 2071/2102/2065
f 2072/2104/2066 2121/2155/2115 2073/2105/2067
f 2121/2155/2115 2074/2106/2068 2073/2105/2067
f 2122/2156/2116 2075/2107/2069 2074/2106/2068
f 2075/2107/2069 2124/2157/2118 2076/2109/2070
f 2076/2109/2070 2125/2158/2119 2077/2110/2071
f 2125/2158/2119 2078/2111/2072 2077/2110/2071
f 2078/2111/2072 2127/2159/2121 2079/2112/2073
f 2127/2159/2121 2080/2113/2074 2079/2112/2073
f 2080/2113/2074 2129/2160/2123 2081/2161/2075
f 2129/2160/2123 2082/2114/2076 2081/2161/2075
f 2082/2114/2076 2131/2162/2125 2083/2116/2077
f 2083/2116/2077 2132/2163/2126 2084/2117/2078
f 2132/2163/2126 2085/2118/2079 2084/2117/2078
f 2133/2164/2127 2086/2119/2080 2085/2118/2079
f 2134/2165/2128 2087/2120/2081 2086/2119/2080
f 2087/2120/2081 2136/2166/2130 2088/2121/2082
f 2136/2166/2130 2089/2167/2083 2088/2121/2082
f 2089/2122/2083 2138/2168/2132 2090/2169/2084
f 2138/2168/2132 2091/2124/2085 2090/2169/2084
f 2091/2124/2085 2140/2170/2134 2092/2125/2086
f 2140/2170/2134 2093/2126/2087 2092/2125/2086
f 2093/2126/2087 2142/2171/2136 2094/2127/2088
f 2142/2171/2136 2095/2172/2089 2094/2127/2088
f 2143/2173/2137 2096/2129/2090 2095/2172/2089
f 2144/2174/2138 2097/2175/2091 2096/2129/2090
f 2145/2176/2139 2098/2130/2092 2097/2175/2091
f 2146/2177/2140 2099/2131/2093 2098/2130/2092
f 2147/2178/2141 2100/2179/2094 2099/2131/2093
f 2148/2180/2142 2101/2133/2095 2100/2179/2094
f 2149/2181/2143 2102/2134/2096 2101/2133/2095
f 2150/2182/2144 2103/2136/2097 2102/2134/2096
f 2151/2183/2145 2104/2137/2098 2103/2136/2097
f 2104/2137/2098 2153/2184/2147 2105/2185/2099
f 2153/2184/2147 2106/2138/2100 2105/2185/2099
f 2106/2138/2100 2155/2186/2149 2107/2140/2101
f 2107/2140/2101 2156/2187/2150 2108/2141/2102
f 2156/2187/2150 2109/2143/2103 2108/2141/2102
f 2157/2188/2151 2110/2189/2104 2109/2143/2103
f 2158/2190/2152 2111/2144/2105 2110/2189/2104
f 2111/2144/2105 2160/2191/2154 2112/2146/2106
f 2160/2191/2154 2065/2148/2059 2112/2146/2106
f 2161/2192/2155 2114/2149/2108 2113/2147/2107
f 2162/2193/2156 2115/2150/2109 2114/2149/2108
f 2163/2194/2157 2116/2195/2110 2115/2150/2109
f 2164/2196/2158 2117/2151/2111 2116/2195/2110
f 2117/2151/2111 2166/2197/2160 2118/2152/2112
f 2166/2197/2160 2119/2154/2113 2118/2152/2112
f 2167/2198/2161 2120/2199/2114 2119/2154/2113
f 2168/2200/2162 2121/2155/2115 2120/2199/2114
f 2169/2201/2163 2122/2156/2116 2121/2155/2115
f 2170/2202/2164 2123/2203/2117 2122/2156/2116
f 2171/2204/2165 2124/2157/2118 2123/2203/2117
f 2172/2205/2166 2125/2158/2119 2124/2157/2118
f 2173/2206/2167 2126/2207/2120 2125/2158/2119
f 2174/2208/2168 2127/2159/2121 2126/2207/2120
f 2175/2209/2169 2128/2210/2122 2127/2159/2121
f 2176/2211/2170 2129/2160/2123 2128/2210/2122
f 2177/2212/2171 2130/2213/2124 2129/2160/2123
f 2178/2214/2172 2131/2162/2125 2130/2213/2124
f 2179/2215/2173 2132/2163/2126 2131/2162/2125
f 2180/2216/2174 2133/2164/2127 2132/2163/2126
f 2181/2217/2175 2134/2165/2128 2133/2164/2127
f 2182/2218/2176 2135/2219/2129 2134/2165/2128
f 2135/2219/2129 2184/2220/2178 2136/2166/2130
f 2184/2220/2178 2137/2221/2131 2136/2166/2130
f 2137/2222/2131 2186/2223/2180 2138/2168/2132
f 2186/2223/2180 2139/2224/2133 2138/2168/2132
f 2139/2224/2133 2188/2225/2182 2140/2170/2134
f 2140/2170/2134 2189/2226/2183 2141/2227/2135
f 2141/2227/2135 2190/2228/2184 2142/2171/2136
f 2142/2171/2136 2191/2229/2185 2143/2173/2137
f 2143/2173/2137 2192/2230/2186 2144/2174/2138
f 2192/2230/2186 2145/2176/2139 2144/2174/2138
f 2145/2176/2139 2194/2231/2188 2146/2177/2140
f 2146/2177/2140 2195/2232/2189 2147/2178/2141
f 2195/2232/2189 2148/2180/2142 2147/2178/2141
f 2148/2180/2142 2197/2233/2191 2149/2181/2143
f 2149/2181/2143 2198/2234/2192 2150/2182/2144
f 2150/2182/2144 2199/2235/2193 2151/2183/2145
f 2151/2183/2145 2200/2236/2194 2152/2237/2146
f 2152/2237/2146 2201/2238/2195 2153/2184/2147
f 2201/2238/2195 2154/2239/2148 2153/2184/2147
f 2154/2239/2148 2203/2240/2197 2155/2186/2149
f 2155/2186/2149 2204/2241/2198 2156/2187/2150
f 2204/2241/2198 2157/2188/2151 2156/2187/2150
f 2205/2242/2199 2158/2190/2152 2157/2188/2151
f 2206/2243/2200 2159/2244/2153 2158/2190/2152
f 2159/2244/2153 2208/2245/2202 2160/2191/2154
f 2160/2191/2154 2161/2192/2155 2113/2147/2107
f 2209/2246/2203 2162/2193/2156 2161/2192/2155
f 2210/2247/2204 2163/2194/2157 2162/2193/2156
f 2163/2194/2157 2212/2248/2206 2164/2196/2158
f 2164/2196/2158 2213/2249/2207 2165/2250/2159
f 2165/2250/2159 2214/2251/2208 2166/2197/2160
f 2166/2197/2160 2215/2252/2209 2167/2198/2161
f 2215/2252/2209 2168/2200/2162 2167/2198/2161
f 2168/2200/2162 2217/2253/2211 2169/2201/2163
f 2169/2201/2163 2218/2254/2212 2170/2202/2164
f 2170/2202/2164 2219/2255/2213 2171/2204/2165
f 2171/2204/2165 2220/2256/2214 2172/2205/2166
f 2172/2205/2166 2221/2257/2215 2173/2206/2167
f 2173/2206/2167 2222/2258/2216 2174/2208/2168
f 2174/2208/2168 2223/2259/2217 2175/2209/2169
f 2175/2209/2169 2224/2260/2218 2176/2211/2170
f 2176/2211/2170 2225/2261/2219 2177/2212/2171
f 2177/2212/2171 2226/2262/2220 2178/2214/2172
f 2226/2262/2220 2179/2215/2173 2178/2214/2172
f 2227/2263/2221 2180/2216/2174 2179/2215/2173
f 2180/2216/2174 2229/2264/2223 2181/2217/2175
f 2229/2264/2223 2182/2218/2176 2181/2217/2175
f 2182/2218/2176 2231/2265/2225 2183/2266/2177
f 2231/2265/2225 2184/2220/2178 2183/2266/2177
f 2184/2220/2178 2233/2267/2227 2185/2268/2179
f 2233/2269/2227 2186/2223/2180 2185/2270/2179
f 2186/2223/2180 2235/2271/2229 2187/2272/2181
f 2235/2271/2229 2188/2225/2182 2187/2272/2181
f 2236/2273/2230 2189/2226/2183 2188/2225/2182
f 2237/2274/2231 2190/2228/2184 2189/2226/2183
f 2238/2275/2232 2191/2229/2185 2190/2228/2184
f 2191/2229/2185 2240/2276/2234 2192/2230/2186
f 2240/2276/2234 2193/2277/2187 2192/2230/2186
f 2241/2278/2235 2194/2231/2188 2193/2277/2187
f 2242/2279/2236 2195/2232/2189 2194/2231/2188
f 2243/2280/2237 2196/2281/2190 2195/2232/2189
f 2244/2282/2238 2197/2233/2191 2196/2281/2190
f 2245/2283/2239 2198/2234/2192 2197/2233/2191
f 2246/2284/2240 2199/2235/2193 2198/2234/2192
f 2247/2285/2241 2200/2236/2194 2199/2235/2193
f 2200/2236/2194 2249/2286/2243 2201/2238/2195
f 2249/2286/2243 2202/2287/2196 2201/2238/2195
f 2250/2288/2244 2203/2240/2197 2202/2287/2196
f 2251/2289/2245 2204/2241/2198 2203/2240/2197
f 2252/2290/2246 2205/2242/2199 2204/2241/2198
f 2253/2291/2247 2206/2243/2200 2205/2242/2199
f 2254/2292/2248 2207/2293/2201 2206/2243/2200
f 2255/2294/2249 2208/2245/2202 2207/2293/2201
f 2256/2295/2250 2161/2192/2155 2208/2245/2202
f 2209/2246/2203 2258/2296/2252 2210/2247/2204
f 2258/2296/2252 2211/2297/2205 2210/2247/2204
f 2259/2298/2253 2212/2248/2206 2211/2297/2205
f 2260/2299/2254 2213/2249/2207 2212/2248/2206
f 2261/2300/2255 2214/2251/2208 2213/2249/2207
f 2262/2301/2256 2215/2252/2209 2214/2251/2208
f 2263/2302/2257 2216/2303/2210 2215/2252/2209
f 2264/2304/2258 2217/2253/2211 2216/2303/2210
f 2265/2305/2259 2218/2254/2212 2217/2253/2211
f 2266/2306/2260 2219/2255/2213 2218/2254/2212
f 2267/2307/2261 2220/2256/2214 2219/2255/2213
f 2220/2256/2214 2269/2308/2263 2221/2257/2215
f 2221/2257/2215 2270/2309/2264 2222/2258/2216
f 2270/2309/2264 2223/2259/2217 2222/2258/2216
f 2271/2310/2265 2224/2260/2218 2223/2259/2217
f 2272/2311/2266 2225/2261/2219 2224/2260/2218
f 2273/2312/2267 2226/2262/2220 2225/2261/2219
f 2274/2313/2268 2227/2263/2221 2226/2262/2220
f 2227/2263/2221 2276/2314/2270 2228/2315/2222
f 2276/2314/2270 2229/2264/2223 2228/2315/2222
f 2277/2316/2271 2230/2317/2224 2229/2264/2223
f 2278/2318/2272 2231/2265/2225 2230/2317/2224
f 2279/2319/2273 2232/2320/2226 2231/2265/2225
f 2280/2321/2274 2233/2267/2227 2232/2320/2226
f 2281/2322/2275 2234/2323/2228 2233/2269/2227
f 2234/2323/2228 2283/2324/2277 2235/2271/2229
f 2235/2271/2229 2284/2325/2278 2236/2273/2230
f 2284/2325/2278 2237/2274/2231 2236/2273/2230
f 2237/2274/2231 2286/2326/2280 2238/2275/2232
f 2286/2326/2280 2239/2327/2233 2238/2275/2232
f 2287/2328/2281 2240/2276/2234 2239/2327/2233
f 2240/2276/2234 2289/2329/2283 2241/2278/2235
f 2241/2278/2235 2290/2330/2284 2242/2279/2236
f 2242/2279/2236 2291/2331/2285 2243/2280/2237
f 2243/2280/2237 2292/2332/2286 2244/2282/2238
f 2292/2332/2286 2245/2283/2239 2244/2282/2238
f 2293/2333/2287 2246/2284/2240 2245/2283/2239
f 2246/2284/2240 2295/2334/2289 2247/2285/2241
f 2247/2285/2241 2296/2335/2290 2248/2336/2242
f 2248/2336/2242 2297/2337/2291 2249/2286/2243
f 2249/2286/2243 2298/2338/2292 2250/2288/2244
f 2250/2288/2244 2299/2339/2293 2251/2289/2245
f 2251/2289/2245 2300/2340/2294 2252/2290/2246
f 2252/2290/2246 2301/2341/2295 2253/2291/2247
f 2253/2291/2247 2302/2342/2296 2254/2292/2248
f 2254/2292/2248 2303/2343/2297 2255/2294/2249
f 2303/2343/2297 2256/2295/2250 2255/2294/2249
f 2304/2344/2298 2209/2246/2203 2256/2295/2250
f 2305/2345/2299 2258/2296/2252 2257/2346/2251
f 2306/2347/2300 2259/2298/2253 2258/2296/2252
f 2259/2298/2253 2308/2348/2302 2260/2299/2254
f 2260/2299/2254 2309/2349/2303 2261/2300/2255
f 2261/2300/2255 2310/2350/2304 2262/2301/2256
f 2262/2301/2256 2311/2351/2305 2263/2302/2257
f 2263/2302/2257 2312/2352/2306 2264/2304/2258
f 2264/2304/2258 2313/2353/2307 2265/2305/2259
f 2265/2305/2259 2314/2354/2308 2266/2306/2260
f 2266/2306/2260 2315/2355/2309 2267/2307/2261
f 2267/2307/2261 2316/2356/2310 2268/2357/2262
f 2316/2356/2310 2269/2308/2263 2268/2357/2262
f 2269/2308/2263 2318/2358/2311 2270/2309/2264
f 2270/2309/2264 2319/2359/2312 2271/2310/2265
f 2319/2359/2312 2272/2311/2266 2271/2310/2265
f 2320/2360/2313 2273/2312/2267 2272/2311/2266
f 2273/2312/2267 2322/2361/2315 2274/2313/2268
f 2274/2313/2268 2323/2362/2316 2275/2363/2269
f 2323/2362/2316 2276/2314/2270 2275/2363/2269
f 2276/2314/2270 2325/2364/2318 2277/2316/2271
f 2277/2316/2271 2326/2365/2319 2278/2318/2272
f 2278/2318/2272 2327/2366/2320 2279/2319/2273
f 2279/2319/2273 2328/2367/2321 2280/2321/2274
f 2280/2321/2274 2329/2368/2322 2281/2369/2275
f 2329/2370/2322 2282/2371/2276 2281/2322/2275
f 2330/2372/2323 2283/2324/2277 2282/2371/2276
f 2331/2373/2324 2284/2325/2278 2283/2324/2277
f 2332/2374/2325 2285/2375/2279 2284/2325/2278
f 2333/2376/2326 2286/2326/2280 2285/2375/2279
f 2334/2377/2327 2287/2328/2281 2286/2326/2280
f 2335/2378/2328 2288/2379/2282 2287/2328/2281
f 2336/2380/2329 2289/2329/2283 2288/2379/2282
f 2337/2381/2330 2290/2330/2284 2289/2329/2283
f 2290/2330/2284 2339/2382/2332 2291/2331/2285
f 2339/2382/2332 2292/2332/2286 2291/2331/2285
f 2340/2383/2333 2293/2333/2287 2292/2332/2286
f 2341/2384/2287 2294/2385/2288 2293/2333/2287
f 2342/2386/2334 2295/2334/2289 2294/2385/2288
f 2343/2387/2335 2296/2335/2290 2295/2334/2289
f 2344/2388/2336 2297/2337/2291 2296/2335/2290
f 2345/2389/2337 2298/2338/2292 2297/2337/2291
f 2346/2390/2338 2299/2339/2293 2298/2338/2292
f 2347/2391/2339 2300/2340/2294 2299/2339/2293
f 2348/2392/2340 2301/2341/2295 2300/2340/2294
f 2349/2393/2341 2302/2342/2296 2301/2341/2295
f 2350/2394/2342 2303/2343/2297 2302/2342/2296
f 2351/2395/2343 2304/2344/2298 2303/2343/2297
f 2352/2396/2344 2257/2346/2251 2304/2344/2298
f 2353/2397/2345 2306/2347/2300 2305/2345/2299
f 2354/2398/2346 2307/2399/2301 2306/2347/2300
f 2355/2400/2347 2308/2348/2302 2307/2399/2301
f 2356/2401/2348 2309/2349/2303 2308/2348/2302
f 2357/2402/2349 2310/2350/2304 2309/2349/2303
f 2358/2403/2350 2311/2351/2305 2310/2350/2304
f 2359/2404/2351 2312/2352/2306 2311/2351/2305
f 2360/2405/2352 2313/2353/2307 2312/2352/2306
f 2361/2406/2353 2314/2354/2308 2313/2353/2307
f 2362/2407/2354 2315/2355/2309 2314/2354/2308
f 2363/2408/2355 2316/2356/2310 2315/2355/2309
f 2364/2409/2356 2317/2410/2263 2316/2356/2310
f 2365/2411/2357 2318/2358/2311 2317/2410/2263
f 2318/2358/2311 2367/2412/2359 2319/2359/2312
f 2367/2412/2359 2320/2360/2313 2319/2359/2312
f 2368/2413/2360 2321/2414/2314 2320/2360/2313
f 2369/2415/2361 2322/2361/2315 2321/2414/2314
f 2370/2416/2362 2323/2362/2316 2322/2361/2315
f 2371/2417/2363 2324/2418/2317 2323/2362/2316
f 2372/2419/2364 2325/2364/2318 2324/2418/2317
f 2373/2420/2365 2326/2365/2319 2325/2364/2318
f 2374/2421/2366 2327/2366/2320 2326/2365/2319
f 2375/2422/2367 2328/2367/2321 2327/2366/2320
f 2376/2423/2368 2329/2368/2322 2328/2367/2321
f 2329/2370/2322 2378/2424/2370 2330/2372/2323
f 2330/2372/2323 2379/2425/2371 2331/2373/2324
f 2379/2425/2371 2332/2374/2325 2331/2373/2324
f 2332/2374/2325 2381/2426/2373 2333/2376/2326
f 2381/2426/2373 2334/2377/2327 2333/2376/2326
f 2382/2427/2374 2335/2378/2328 2334/2377/2327
f 2383/2428/2375 2336/2380/2329 2335/2378/2328
f 2336/2380/2329 2385/2429/2377 2337/2381/2330
f 2337/2381/2330 2386/2430/2378 2338/2431/2331
f 2338/2431/2331 2387/2432/2379 2339/2382/2332
f 2387/2432/2379 2340/2383/2333 2339/2382/2332
f 2340/2383/2333 2389/2433/2381 2341/2384/2287
f 2341/2384/2287 2390/2434/2382 2342/2386/2334
f 2342/2386/2334 2391/2435/2383 2343/2387/2335
f 2343/2387/2335 2392/2436/2384 2344/2388/2336
f 2344/2388/2336 2393/2437/2385 2345/2389/2337
f 2345/2389/2337 2394/2438/2386 2346/2390/2338
f 2346/2390/2338 2395/2439/2387 2347/2391/2339
f 2395/2439/2387 2348/2392/2340 2347/2391/2339
f 2348/2392/2340 2397/2440/2389 2349/2393/2341
f 2349/2393/2341 2398/2441/2390 2350/2394/2342
f 2350/2394/2342 2399/2442/2391 2351/2395/2343
f 2351/2395/2343 2400/2443/2392 2352/2396/2344
f 2400/2443/2392 2305/2345/2299 2352/2396/2344
f 2401/2444/25 2354/2445/2346 2353/2446/2345
f 2354/2445/2346 2403/2447/2394 2355/2448/2347
f 2403/2447/2394 2356/2449/2348 2355/2448/2347
f 2404/2450/2395 2357/2451/2349 2356/2449/2348
f 2405/2452/2396 2358/2453/2350 2357/2451/2349
f 2358/2453/2350 2407/2454/2398 2359/2455/2351
f 2407/2454/2398 2360/2456/2352 2359/2455/2351
f 2360/2456/2352 2409/2457/2400 2361/2458/2353
f 2361/2458/2353 2410/2459/2401 2362/2460/2354
f 2362/2460/2354 2411/2461/2402 2363/2462/2355
f 2363/2462/2355 2412/2463/2403 2364/2464/2356
f 2364/2464/2356 2413/2465/2404 2365/2466/2357
f 2413/2465/2404 2366/2467/2358 2365/2466/2357
f 2414/2468/2405 2367/2469/2359 2366/2467/2358
f 2367/2469/2359 2416/2470/2407 2368/2471/2360
f 2416/2470/2407 2369/2472/2361 2368/2471/2360
f 2417/2473/2408 2370/2474/2362 2369/2472/2361
f 2418/2475/2409 2371/2476/2363 2370/2474/2362
f 2419/2477/2410 2372/2478/2364 2371/2476/2363
f 2372/2478/2364 2421/2479/2412 2373/2480/2365
f 2421/2479/2412 2374/2481/2366 2373/2480/2365
f 2374/2481/2366 2423/2482/2414 2375/2483/2367
f 2423/2482/2414 2376/2484/2368 2375/2483/2367
f 2424/2485/2415 2377/2486/2369 2376/2484/2368
f 2425/2487/1 2378/2488/2370 2377/2489/2369
f 2426/2490/2416 2379/2491/2371 2378/2488/2370
f 2427/2492/2417 2380/2493/2372 2379/2491/2371
f 2380/2493/2372 2429/2494/2419 2381/2495/2373
f 2429/2494/2419 2382/2496/2374 2381/2495/2373
f 2430/2497/2420 2383/2498/2375 2382/2496/2374
f 2431/2499/2421 2384/2500/2376 2383/2498/2375
f 2384/2500/2376 2433/2501/2423 2385/2502/2377
f 2385/2502/2377 2434/2503/2424 2386/2504/2378
f 2434/2503/2424 2387/2505/2379 2386/2504/2378
f 2387/2505/2379 2436/2506/2426 2388/2507/2380
f 2436/2506/2426 2389/2508/2381 2388/2507/2380
f 2437/2509/2427 2390/2510/2382 2389/2508/2381
f 2438/2511/2428 2391/2512/2383 2390/2510/2382
f 2439/2513/2429 2392/2514/2384 2391/2512/2383
f 2440/2515/2430 2393/2516/2385 2392/2514/2384
f 2441/2517/2431 2394/2518/2386 2393/2516/2385
f 2442/2519/2432 2395/2520/2387 2394/2518/2386
f 2443/2521/2433 2396/2522/2388 2395/2520/2387
f 2444/2523/2434 2397/2524/2389 2396/2522/2388
f 2445/2525/2435 2398/2526/2390 2397/2524/2389
f 2446/2527/2436 2399/2528/2391 2398/2526/2390
f 2447/2529/2437 2400/2530/2392 2399/2528/2391
f 2400/2530/2392 2401/2444/25 2353/2446/2345
f 2449/2531/73 2402/2532/2393 2401/2444/25
f 2450/2533/2439 2403/2447/2394 2402/2532/2393
f 2451/2534/2440 2404/2450/2395 2403/2447/2394
f 2404/2450/2395 2453/2535/2442 2405/2452/2396
f 2453/2535/2442 2406/2536/2397 2405/2452/2396
f 2454/2537/2443 2407/2454/2398 2406/2536/2397
f 2455/2538/2444 2408/2539/2399 2407/2454/2398
f 2456/2540/2445 2409/2457/2400 2408/2539/2399
f 2457/2541/2446 2410/2459/2401 2409/2457/2400
f 2458/2542/2447 2411/2461/2402 2410/2459/2401
f 2459/2543/2448 2412/2463/2403 2411/2461/2402
f 2460/2544/2449 2413/2465/2404 2412/2463/2403
f 2413/2465/2404 2462/2545/2451 2414/2468/2405
f 2414/2468/2405 2463/2546/2452 2415/2547/2406
f 2463/2546/2452 2416/2470/2407 2415/2547/2406
f 2416/2470/2407 2465/2548/2454 2417/2473/2408
f 2417/2473/2408 2466/2549/2455 2418/2475/2409
f 2466/2549/2455 2419/2477/2410 2418/2475/2409
f 2467/2550/2456 2420/2551/2411 2419/2477/2410
f 2468/2552/2457 2421/2479/2412 2420/2551/2411
f 2469/2553/2458 2422/2554/2413 2421/2479/2412
f 2470/2555/2459 2423/2482/2414 2422/2554/2413
f 2471/2556/2460 2424/2485/2415 2423/2482/2414
f 2472/2557/2461 2425/2558/1 2424/2485/2415
f 2473/2559/49 2426/2490/2416 2425/2487/1
f 2474/2560/2462 2427/2492/2417 2426/2490/2416
f 2427/2492/2417 2476/2561/2464 2428/2562/2418
f 2476/2561/2464 2429/2494/2419 2428/2562/2418
f 2477/2563/2465 2430/2497/2420 2429/2494/2419
f 2478/2564/2466 2431/2499/2421 2430/2497/2420
f 2479/2565/2467 2432/2566/2422 2431/2499/2421
f 2480/2567/2468 2433/2501/2423 2432/2566/2422
f 2481/2568/2469 2434/2503/2424 2433/2501/2423
f 2434/2503/2424 2483/2569/2471 2435/2570/2425
f 2483/2569/2471 2436/2506/2426 2435/2570/2425
f 2484/2571/2472 2437/2509/2427 2436/2506/2426
f 2437/2509/2427 2486/2572/2474 2438/2511/2428
f 2438/2511/2428 2487/2573/2475 2439/2513/2429
f 2439/2513/2429 2488/2574/2476 2440/2515/2430
f 2440/2515/2430 2489/2575/2477 2441/2517/2431
f 2441/2517/2431 2490/2576/2478 2442/2519/2432
f 2490/2576/2478 2443/2521/2433 2442/2519/2432
f 2443/2521/2433 2492/2577/2480 2444/2523/2434
f 2444/2523/2434 2493/2578/2481 2445/2525/2435
f 2493/2578/2481 2446/2527/2436 2445/2525/2435
f 2494/2579/2482 2447/2529/2437 2446/2527/2436
f 2447/2529/2437 2496/2580/2484 2448/2581/2438
f 2496/2580/2484 2401/2444/25 2448/2581/2438
f 2449/2531/73 2498/2582/2485 2450/2533/2439
f 2498/2582/2485 2451/2534/2440 2450/2533/2439
f 2451/2534/2440 2500/2583/2487 2452/2584/2441
f 2452/2584/2441 2501/2585/2488 2453/2535/2442
f 2453/2535/2442 2502/2586/2489 2454/2537/2443
f 2502/2586/2489 2455/2538/2444 2454/2537/2443
f 2503/2587/2490 2456/2540/2445 2455/2538/2444
f 2456/2540/2445 2505/2588/2492 2457/2541/2446
f 2457/2541/2446 2506/2589/2493 2458/2542/2447
f 2458/2542/2447 2507/2590/2494 2459/2543/2448
f 2459/2543/2448 2508/2591/2495 2460/2544/2449
f 2460/2544/2449 2509/2592/2496 2461/2593/2450
f 2461/2593/2450 2510/2594/2497 2462/2545/2451
f 2510/2594/2497 2463/2546/2452 2462/2545/2451
f 2511/2595/2498 2464/2596/2453 2463/2546/2452
f 2512/2597/2499 2465/2548/2454 2464/2596/2453
f 2465/2548/2454 2514/2598/2501 2466/2549/2455
f 2466/2549/2455 2515/2599/2502 2467/2550/2456
f 2467/2550/2456 2516/2600/2503 2468/2552/2457
f 2468/2552/2457 2517/2601/2504 2469/2553/2458
f 2517/2601/2504 2470/2555/2459 2469/2553/2458
f 2470/2555/2459 2519/2602/2506 2471/2556/2460
f 2519/2602/2506 2472/2557/2461 2471/2556/2460
f 2472/2557/2461 2521/2603/97 2473/2604/49
f 2521/2605/97 2474/2560/2462 2473/2559/49
f 2522/2606/2508 2475/2607/2463 2474/2560/2462
f 2523/2608/2509 2476/2561/2464 2475/2607/2463
f 2524/2609/2510 2477/2563/2465 2476/2561/2464
f 2525/2610/2511 2478/2564/2466 2477/2563/2465
f 2478/2564/2466 2527/2611/2513 2479/2565/2467
f 2527/2611/2513 2480/2567/2468 2479/2565/2467
f 2528/2612/2514 2481/2568/2469 2480/2567/2468
f 2481/2568/2469 2530/2613/2516 2482/2614/2470
f 2482/2614/2470 2531/2615/2517 2483/2569/2471
f 2531/2615/2517 2484/2571/2472 2483/2569/2471
f 2532/2616/2518 2485/2617/2473 2484/2571/2472
f 2533/2618/2519 2486/2572/2474 2485/2617/2473
f 2534/2619/2520 2487/2573/2475 2486/2572/2474
f 2535/2620/2521 2488/2574/2476 2487/2573/2475
f 2536/2621/2522 2489/2575/2477 2488/2574/2476
f 2537/2622/2523 2490/2576/2478 2489/2575/2477
f 2490/2576/2478 2539/2623/2525 2491/2624/2479
f 2539/2623/2525 2492/2577/2480 2491/2624/2479
f 2540/2625/2526 2493/2578/2481 2492/2577/2480
f 2541/2626/2527 2494/2579/2482 2493/2578/2481
f 2542/2627/2528 2495/2628/2483 2494/2579/2482
f 2495/2628/2483 2544/2629/2530 2496/2580/2484
f 2544/2629/2530 2449/2531/73 2496/2580/2484
f 2545/2630/168 2498/2582/2485 2497/2631/121
f 2546/2632/2531 2499/2633/2486 2498/2582/2485
f 2547/2634/2532 2500/2583/2487 2499/2633/2486
f 2548/2635/2533 2501/2585/2488 2500/2583/2487
f 2549/2636/2534 2502/2586/2489 2501/2585/2488
f 2502/2586/2489 2551/2637/2536 2503/2587/2490
f 2551/2637/2536 2504/2638/2491 2503/2587/2490
f 2552/2639/2537 2505/2588/2492 2504/2638/2491
f 2553/2640/2538 2506/2589/2493 2505/2588/2492
f 2554/2641/2539 2507/2590/2494 2506/2589/2493
f 2555/2642/2540 2508/2591/2495 2507/2590/2494
f 2556/2643/2541 2509/2592/2496 2508/2591/2495
f 2557/2644/2496 2510/2594/2497 2509/2592/2496
f 2510/2594/2497 2559/2645/2543 2511/2595/2498
f 2559/2645/2543 2512/2597/2499 2511/2595/2498
f 2560/2646/2544 2513/2647/2500 2512/2597/2499
f 2561/2648/2545 2514/2598/2501 2513/2647/2500
f 2562/2649/2546 2515/2599/2502 2514/2598/2501
f 2515/2599/2502 2564/2650/2548 2516/2600/2503
f 2564/2650/2548 2517/2601/2504 2516/2600/2503
f 2565/2651/2549 2518/2652/2505 2517/2601/2504
f 2518/2652/2505 2567/2653/2551 2519/2602/2506
f 2567/2653/2551 2520/2654/2507 2519/2602/2506
f 2520/2654/2507 2569/2655/145 2521/2603/97
f 2569/2656/145 2522/2606/2508 2521/2605/97
f 2570/2657/2553 2523/2608/2509 2522/2606/2508
f 2571/2658/2554 2524/2609/2510 2523/2608/2509
f 2524/2609/2510 2573/2659/2556 2525/2610/2511
f 2525/2610/2511 2574/2660/2557 2526/2661/2512
f 2526/2661/2512 2575/2662/2558 2527/2611/2513
f 2527/2611/2513 2576/2663/2559 2528/2612/2514
f 2528/2612/2514 2577/2664/2560 2529/2665/2515
f 2577/2664/2560 2530/2613/2516 2529/2665/2515
f 2530/2613/2516 2579/2666/2562 2531/2615/2517
f 2579/2666/2562 2532/2616/2518 2531/2615/2517
f 2532/2616/2518 2581/2667/2519 2533/2618/2519
f 2533/2618/2519 2582/2668/2564 2534/2619/2520
f 2534/2619/2520 2583/2669/2565 2535/2620/2521
f 2535/2620/2521 2584/2670/2566 2536/2621/2522
f 2584/2670/2566 2537/2622/2523 2536/2621/2522
f 2585/2671/2567 2538/2672/2524 2537/2622/2523
f 2538/2672/2524 2587/2673/2569 2539/2623/2525
f 2587/2673/2569 2540/2625/2526 2539/2623/2525
f 2540/2625/2526 2589/2674/2571 2541/2626/2527
f 2541/2626/2527 2590/2675/2572 2542/2627/2528
f 2542/2627/2528 2591/2676/2573 2543/2677/2529
f 2591/2676/2573 2544/2629/2530 2543/2677/2529
f 2544/2629/2530 2545/2630/168 2497/2631/121
f 2593/2678/215 2546/2632/2531 2545/2630/168
f 2594/2679/2575 2547/2634/2532 2546/2632/2531
f 2595/2680/2576 2548/2635/2533 2547/2634/2532
f 2548/2635/2533 2597/2681/2578 2549/2636/2534
f 2597/2681/2578 2550/2682/2535 2549/2636/2534
f 2598/2683/2579 2551/2637/2536 2550/2682/2535
f 2551/2637/2536 2600/2684/2581 2552/2639/2537
f 2600/2684/2581 2553/2640/2538 2552/2639/2537
f 2553/2640/2538 2602/2685/2583 2554/2641/2539
f 2602/2685/2583 2555/2642/2540 2554/2641/2539
f 2555/2642/2540 2604/2686/2585 2556/2643/2541
f 2556/2643/2541 2605/2687/2586 2557/2644/2496
f 2557/2644/2496 2606/2688/2587 2558/2689/2542
f 2558/2689/2542 2607/2690/2588 2559/2645/2543
f 2559/2645/2543 2608/2691/2589 2560/2646/2544
f 2560/2646/2544 2609/2692/2590 2561/2648/2545
f 2561/2648/2545 2610/2693/2591 2562/2649/2546
f 2562/2649/2546 2611/2694/2592 2563/2695/2547
f 2563/2695/2547 2612/2696/2593 2564/2650/2548
f 2564/2650/2548 2613/2697/2594 2565/2651/2549
f 2613/2697/2594 2566/2698/2550 2565/2651/2549
f 2614/2699/2595 2567/2653/2551 2566/2698/2550
f 2615/2700/2596 2568/2701/2552 2567/2653/2551
f 2568/2701/2552 2617/2702/191 2569/2655/145
f 2617/2703/191 2570/2657/2553 2569/2656/145
f 2570/2657/2553 2619/2704/2599 2571/2658/2554
f 2619/2704/2599 2572/2705/2555 2571/2658/2554
f 2620/2706/2600 2573/2659/2556 2572/2705/2555
f 2621/2707/2601 2574/2660/2557 2573/2659/2556
f 2622/2708/2602 2575/2662/2558 2574/2660/2557
f 2623/2709/2603 2576/2663/2559 2575/2662/2558
f 2624/2710/2604 2577/2664/2560 2576/2663/2559
f 2625/2711/2605 2578/2712/2561 2577/2664/2560
f 2626/2713/2606 2579/2666/2562 2578/2712/2561
f 2627/2714/2607 2580/2715/2563 2579/2666/2562
f 2628/2716/2608 2581/2667/2519 2580/2715/2563
f 2629/2717/2609 2582/2668/2564 2581/2667/2519
f 2630/2718/2610 2583/2669/2565 2582/2668/2564
f 2583/2669/2565 2632/2719/2612 2584/2670/2566
f 2632/2719/2612 2585/2671/2567 2584/2670/2566
f 2585/2671/2567 2634/2720/2614 2586/2721/2568
f 2634/2720/2614 2587/2673/2569 2586/2721/2568
f 2587/2673/2569 2636/2722/2616 2588/2723/2570
f 2636/2722/2616 2589/2674/2571 2588/2723/2570
f 2637/2724/2617 2590/2675/2572 2589/2674/2571
f 2590/2675/2572 2639/2725/2619 2591/2676/2573
f 2591/2676/2573 2640/2726/2620 2592/2727/2574
f 2592/2727/2574 2593/2678/215 2545/2630/168
f 2641/2728/263 2594/2679/2575 2593/2678/215
f 2594/2679/2575 2643/2729/2622 2595/2680/2576
f 2643/2729/2622 2596/2730/2577 2595/2680/2576
f 2596/2730/2577 2645/2731/2624 2597/2681/2578
f 2645/2731/2624 2598/2683/2579 2597/2681/2578
f 2598/2683/2579 2647/2732/2626 2599/2733/2580
f 2647/2732/2626 2600/2684/2581 2599/2733/2580
f 2648/2734/2627 2601/2735/2582 2600/2684/2581
f 2601/2735/2582 2650/2736/2629 2602/2685/2583
f 2650/2736/2629 2603/2737/2584 2602/2685/2583
f 2603/2737/2584 2652/2738/2631 2604/2686/2585
f 2652/2738/2631 2605/2687/2586 2604/2686/2585
f 2653/2739/2632 2606/2688/2587 2605/2687/2586
f 2654/2740/2633 2607/2690/2588 2606/2688/2587
f 2655/2741/2634 2608/2691/2589 2607/2690/2588
f 2656/2742/2635 2609/2692/2590 2608/2691/2589
f 2657/2743/2636 2610/2693/2591 2609/2692/2590
f 2610/2693/2591 2659/2744/2638 2611/2694/2592
f 2659/2744/2638 2612/2696/2593 2611/2694/2592
f 2660/2745/2639 2613/2697/2594 2612/2696/2593
f 2661/2746/2640 2614/2699/2595 2613/2697/2594
f 2614/2699/2595 2663/2747/2642 2615/2700/2596
f 2663/2747/2642 2616/2748/2597 2615/2700/2596
f 2616/2748/2597 2665/2749/239 2617/2702/191
f 2665/2750/239 2618/2751/2598 2617/2703/191
f 2666/2752/2644 2619/2704/2599 2618/2751/2598
f 2667/2753/2645 2620/2706/2600 2619/2704/2599
f 2620/2706/2600 2669/2754/2647 2621/2707/2601
f 2669/2754/2647 2622/2708/2602 2621/2707/2601
f 2670/2755/2648 2623/2709/2603 2622/2708/2602
f 2671/2756/2649 2624/2710/2604 2623/2709/2603
f 2672/2757/2650 2625/2711/2605 2624/2710/2604
f 2673/2758/2651 2626/2713/2606 2625/2711/2605
f 2626/2713/2606 2675/2759/2653 2627/2714/2607
f 2627/2714/2607 2676/2760/2654 2628/2716/2608
f 2628/2716/2608 2677/2761/2655 2629/2717/2609
f 2677/2761/2655 2630/2718/2610 2629/2717/2609
f 2630/2718/2610 2679/2762/2657 2631/2763/2611
f 2631/2763/2611 2680/2764/2658 2632/2719/2612
f 2680/2764/2658 2633/2765/2613 2632/2719/2612
f 2681/2766/2659 2634/2720/2614 2633/2765/2613
f 2682/2767/2660 2635/2768/2615 2634/2720/2614
f 2683/2769/2661 2636/2722/2616 2635/2768/2615
f 2636/2722/2616 2685/2770/2663 2637/2724/2617
f 2685/2770/2663 2638/2771/2618 2637/2724/2617
f 2638/2771/2618 2687/2772/2665 2639/2725/2619
f 2687/2772/2665 2640/2726/2620 2639/2725/2619
f 2688/2773/2666 2593/2678/215 2640/2726/2620
f 2689/2774/311 2642/2775/2621 2641/2728/263
f 2690/2776/2667 2643/2729/2622 2642/2775/2621
f 2691/2777/2668 2644/2778/2623 2643/2729/2622
f 2692/2779/2669 2645/2731/2624 2644/2778/2623
f 2693/2780/2670 2646/2781/2625 2645/2731/2624
f 2694/2782/2671 2647/2732/2626 2646/2781/2625
f 2695/2783/2672 2648/2734/2627 2647/2732/2626
f 2696/2784/2673 2649/2785/2628 2648/2734/2627
f 2697/2786/2674 2650/2736/2629 2649/2785/2628
f 2698/2787/2675 2651/2788/2630 2650/2736/2629
f 2699/2789/2676 2652/2738/2631 2651/2788/2630
f 2700/2790/2677 2653/2739/2632 2652/2738/2631
f 2701/2791/2678 2654/2740/2633 2653/2739/2632
f 2702/2792/2679 2655/2741/2634 2654/2740/2633
f 2703/2793/2680 2656/2742/2635 2655/2741/2634
f 2704/2794/2681 2657/2743/2636 2656/2742/2635
f 2705/2795/2682 2658/2796/2637 2657/2743/2636
f 2658/2796/2637 2707/2797/2684 2659/2744/2638
f 2659/2744/2638 2708/2798/2685 2660/2745/2639
f 2660/2745/2639 2709/2799/2686 2661/2746/2640
f 2709/2799/2686 2662/2800/2641 2661/2746/2640
f 2710/2801/2687 2663/2747/2642 2662/2800/2641
f 2711/2802/2688 2664/2803/2643 2663/2747/2642
f 2712/2804/2689 2665/2749/239 2664/2803/2643
f 2665/2750/239 2714/2805/2690 2666/2752/2644
f 2666/2752/2644 2715/2806/2691 2667/2753/2645
f 2715/2806/2691 2668/2807/2646 2667/2753/2645
f 2668/2807/2646 2717/2808/2693 2669/2754/2647
f 2717/2808/2693 2670/2755/2648 2669/2754/2647
f 2718/2809/2694 2671/2756/2649 2670/2755/2648
f 2719/2810/2695 2672/2757/2650 2671/2756/2649
f 2672/2757/2650 2721/2811/2697 2673/2758/2651
f 2673/2758/2651 2722/2812/2698 2674/2813/2652
f 2674/2813/2652 2723/2814/2699 2675/2759/2653
f 2675/2759/2653 2724/2815/2700 2676/2760/2654
f 2676/2760/2654 2725/2816/2701 2677/2761/2655
f 2677/2761/2655 2726/2817/2702 2678/2818/2656
f 2678/2818/2656 2727/2819/2703 2679/2762/2657
f 2679/2762/2657 2728/2820/2704 2680/2764/2658
f 2680/2764/2658 2729/2821/2705 2681/2766/2659
f 2729/2821/2705 2682/2767/2660 2681/2766/2659
f 2682/2767/2660 2731/2822/2707 2683/2769/2661
f 2683/2769/2661 2732/2823/2708 2684/2824/2662
f 2684/2824/2662 2733/2825/2709 2685/2770/2663
f 2685/2770/2663 2734/2826/2710 2686/2827/2664
f 2686/2827/2664 2735/2828/2711 2687/2772/2665
f 2687/2772/2665 2736/2829/2712 2688/2773/2666
f 2688/2773/2666 2689/2774/311 2641/2728/263
f 2737/2830/359 2690/2776/2667 2689/2774/311
f 2738/2831/2713 2691/2777/2668 2690/2776/2667
f 2691/2777/2668 2740/2832/2715 2692/2779/2669
f 2740/2832/2715 2693/2780/2670 2692/2779/2669
f 2741/2833/2716 2694/2782/2671 2693/2780/2670
f 2694/2782/2671 2743/2834/2718 2695/2783/2672
f 2695/2783/2672 2744/2835/2719 2696/2784/2673
f 2696/2784/2673 2745/2836/2720 2697/2786/2674
f 2745/2836/2720 2698/2787/2675 2697/2786/2674
f 2698/2787/2675 2747/2837/2722 2699/2789/2676
f 2699/2789/2676 2748/2838/2723 2700/2790/2677
f 2700/2790/2677 2749/2839/2724 2701/2791/2678
f 2701/2791/2678 2750/2840/2725 2702/2792/2679
f 2702/2792/2679 2751/2841/2726 2703/2793/2680
f 2703/2793/2680 2752/2842/2727 2704/2794/2681
f 2752/2842/2727 2705/2795/2682 2704/2794/2681
f 2705/2795/2682 2754/2843/2729 2706/2844/2683
f 2706/2844/2683 2755/2845/2730 2707/2797/2684
f 2707/2797/2684 2756/2846/2731 2708/2798/2685
f 2708/2798/2685 2757/2847/2732 2709/2799/2686
f 2757/2847/2732 2710/2801/2687 2709/2799/2686
f 2710/2801/2687 2759/2848/2734 2711/2802/2688
f 2759/2848/2734 2712/2804/2689 2711/2802/2688
f 2760/2849/2735 2713/2850/287 2712/2804/2689
f 2761/2851/335 2714/2805/2690 2713/2852/287
f 2762/2853/2736 2715/2806/2691 2714/2805/2690
f 2763/2854/2737 2716/2855/2692 2715/2806/2691
f 2764/2856/2738 2717/2808/2693 2716/2855/2692
f 2765/2857/2739 2718/2809/2694 2717/2808/2693
f 2766/2858/2740 2719/2810/2695 2718/2809/2694
f 2767/2859/2741 2720/2860/2696 2719/2810/2695
f 2768/2861/2742 2721/2811/2697 2720/2860/2696
f 2721/2811/2697 2770/2862/2744 2722/2812/2698
f 2770/2862/2744 2723/2814/2699 2722/2812/2698
f 2771/2863/2745 2724/2815/2700 2723/2814/2699
f 2772/2864/2746 2725/2816/2701 2724/2815/2700
f 2773/2865/2747 2726/2817/2702 2725/2816/2701
f 2774/2866/2748 2727/2819/2703 2726/2817/2702
f 2775/2867/2749 2728/2820/2704 2727/2819/2703
f 2776/2868/2750 2729/2821/2705 2728/2820/2704
f 2777/2869/2751 2730/2870/2706 2729/2821/2705
f 2778/2871/2752 2731/2822/2707 2730/2870/2706
f 2779/2872/2753 2732/2823/2708 2731/2822/2707
f 2780/2873/2754 2733/2825/2709 2732/2823/2708
f 2781/2874/2755 2734/2826/2710 2733/2825/2709
f 2782/2875/2756 2735/2828/2711 2734/2826/2710
f 2735/2828/2711 2784/2876/2758 2736/2829/2712
f 2736/2829/2712 2737/2830/359 2689/2774/311
f 2737/2830/359 2786/2877/2759 2738/2831/2713
f 2786/2877/2759 2739/2878/2714 2738/2831/2713
f 2787/2879/2760 2740/2832/2715 2739/2878/2714
f 2788/2880/2761 2741/2833/2716 2740/2832/2715
f 2789/2881/2762 2742/2882/2717 2741/2833/2716
f 2790/2883/2763 2743/2834/2718 2742/2882/2717
f 2791/2884/2764 2744/2835/2719 2743/2834/2718
f 2792/2885/2765 2745/2836/2720 2744/2835/2719
f 2793/2886/2766 2746/2887/2721 2745/2836/2720
f 2794/2888/2767 2747/2837/2722 2746/2887/2721
f 2795/2889/2768 2748/2838/2723 2747/2837/2722
f 2796/2890/2769 2749/2839/2724 2748/2838/2723
f 2797/2891/2770 2750/2840/2725 2749/2839/2724
f 2798/2892/2771 2751/2841/2726 2750/2840/2725
f 2799/2893/2772 2752/2842/2727 2751/2841/2726
f 2800/2894/2773 2753/2895/2728 2752/2842/2727
f 2801/2896/2774 2754/2843/2729 2753/2895/2728
f 2802/2897/2775 2755/2845/2730 2754/2843/2729
f 2803/2898/2776 2756/2846/2731 2755/2845/2730
f 2804/2899/2777 2757/2847/2732 2756/2846/2731
f 2805/2900/2778 2758/2901/2733 2757/2847/2732
f 2758/2901/2733 2807/2902/2780 2759/2848/2734
f 2807/2902/2780 2760/2849/2735 2759/2848/2734
f 2808/2903/2781 2761/2904/335 2760/2849/2735
f 2809/2905/383 2762/2853/2736 2761/2851/335
f 2810/2906/2782 2763/2854/2737 2762/2853/2736
f 2811/2907/2783 2764/2856/2738 2763/2854/2737
f 2764/2856/2738 2813/2908/2785 2765/2857/2739
f 2765/2857/2739 2814/2909/2786 2766/2858/2740
f 2766/2858/2740 2815/2910/2787 2767/2859/2741
f 2767/2859/2741 2816/2911/2788 2768/2861/2742
f 2768/2861/2742 2817/2912/2789 2769/2913/2743
f 2769/2913/2743 2818/2914/2790 2770/2862/2744
f 2770/2862/2744 2819/2915/2791 2771/2863/2745
f 2771/2863/2745 2820/2916/2792 2772/2864/2746
f 2772/2864/2746 2821/2917/2793 2773/2865/2747
f 2773/2865/2747 2822/2918/2794 2774/2866/2748
f 2774/2866/2748 2823/2919/2795 2775/2867/2749
f 2775/2867/2749 2824/2920/2796 2776/2868/2750
f 2776/2868/2750 2825/2921/2797 2777/2869/2751
f 2777/2869/2751 2826/2922/2798 2778/2871/2752
f 2778/2871/2752 2827/2923/2799 2779/2872/2753
f 2779/2872/2753 2828/2924/2800 2780/2873/2754
f 2828/2924/2800 2781/2874/2755 2780/2873/2754
f 2829/2925/2801 2782/2875/2756 2781/2874/2755
f 2830/2926/2802 2783/2927/2757 2782/2875/2756
f 2783/2927/2757 2832/2928/2804 2784/2876/2758
f 2832/2928/2804 2737/2830/359 2784/2876/2758
f 2833/2929/455 2786/2877/2759 2785/2930/407
f 2834/2931/2805 2787/2879/2760 2786/2877/2759
f 2835/2932/2806 2788/2880/2761 2787/2879/2760
f 2788/2880/2761 2837/2933/2808 2789/2881/2762
f 2837/2933/2808 2790/2883/2763 2789/2881/2762
f 2790/2883/2763 2839/2934/2810 2791/2884/2764
f 2839/2934/2810 2792/2885/2765 2791/2884/2764
f 2792/2885/2765 2841/2935/2812 2793/2886/2766
f 2793/2886/2766 2842/2936/2813 2794/2888/2767
f 2842/2936/2813 2795/2889/2768 2794/2888/2767
f 2795/2889/2768 2844/2937/2815 2796/2890/2769
f 2796/2890/2769 2845/2938/2816 2797/2891/2770
f 2797/2891/2770 2846/2939/2817 2798/2892/2771
f 2846/2939/2817 2799/2893/2772 2798/2892/2771
f 2847/2940/2818 2800/2894/2773 2799/2893/2772
f 2800/2894/2773 2849/2941/2820 2801/2896/2774
f 2801/2896/2774 2850/2942/2821 2802/2897/2775
f 2802/2897/2775 2851/2943/2822 2803/2898/2776
f 2803/2898/2776 2852/2944/2823 2804/2899/2777
f 2804/2899/2777 2853/2945/2824 2805/2900/2778
f 2853/2945/2824 2806/2946/2779 2805/2900/2778
f 2806/2946/2779 2855/2947/2826 2807/2902/2780
f 2855/2947/2826 2808/2903/2781 2807/2902/2780
f 2856/2948/2827 2809/2949/383 2808/2903/2781
f 2857/2950/431 2810/2906/2782 2809/2905/383
f 2858/2951/2828 2811/2907/2783 2810/2906/2782
f 2859/2952/2829 2812/2953/2784 2811/2907/2783
f 2860/2954/2830 2813/2908/2785 2812/2953/2784
f 2861/2955/2831 2814/2909/2786 2813/2908/2785
f 2814/2909/2786 2863/2956/2833 2815/2910/2787
f 2815/2910/2787 2864/2957/2834 2816/2911/2788
f 2864/2957/2834 2817/2912/2789 2816/2911/2788
f 2865/2958/2835 2818/2914/2790 2817/2912/2789
f 2866/2959/2836 2819/2915/2791 2818/2914/2790
f 2867/2960/2837 2820/2916/2792 2819/2915/2791
f 2868/2961/2838 2821/2917/2793 2820/2916/2792
f 2869/2962/2839 2822/2918/2794 2821/2917/2793
f 2870/2963/2840 2823/2919/2795 2822/2918/2794
f 2871/2964/2841 2824/2920/2796 2823/2919/2795
f 2872/2965/2842 2825/2921/2797 2824/2920/2796
f 2873/2966/2843 2826/2922/2798 2825/2921/2797
f 2826/2922/2798 2875/2967/2845 2827/2923/2799
f 2875/2967/2845 2828/2924/2800 2827/2923/2799
f 2828/2924/2800 2877/2968/2847 2829/2925/2801
f 2877/2968/2847 2830/2926/2802 2829/2925/2801
f 2878/2969/2848 2831/2970/2803 2830/2926/2802
f 2879/2971/2849 2832/2928/2804 2831/2970/2803
f 2832/2928/2804 2833/2929/455 2785/2930/407
f 2881/2972/503 2834/2931/2805 2833/2929/455
f 2882/2973/2851 2835/2932/2806 2834/2931/2805
f 2883/2974/2852 2836/2975/2807 2835/2932/2806
f 2836/2975/2807 2885/2976/2854 2837/2933/2808
f 2885/2976/2854 2838/2977/2809 2837/2933/2808
f 2838/2977/2809 2887/2978/2856 2839/2934/2810
f 2839/2934/2810 2888/2979/2857 2840/2980/2811
f 2888/2979/2857 2841/2935/2812 2840/2980/2811
f 2889/2981/2858 2842/2936/2813 2841/2935/2812
f 2890/2982/2859 2843/2983/2814 2842/2936/2813
f 2843/2983/2814 2892/2984/2861 2844/2937/2815
f 2892/2984/2861 2845/2938/2816 2844/2937/2815
f 2845/2938/2816 2894/2985/2863 2846/2939/2817
f 2846/2939/2817 2895/2986/2864 2847/2940/2818
f 2847/2940/2818 2896/2987/2865 2848/2988/2819
f 2896/2987/2865 2849/2941/2820 2848/2988/2819
f 2897/2989/2866 2850/2942/2821 2849/2941/2820
f 2850/2942/2821 2899/2990/2868 2851/2943/2822
f 2899/2990/2868 2852/2944/2823 2851/2943/2822
f 2900/2991/2869 2853/2945/2824 2852/2944/2823
f 2901/2992/2870 2854/2993/2825 2853/2945/2824
f 2854/2993/2825 2903/2994/2872 2855/2947/2826
f 2903/2994/2872 2856/2948/2827 2855/2947/2826
f 2904/2995/2873 2857/2996/431 2856/2948/2827
f 2905/2997/479 2858/2951/2828 2857/2950/431
f 2858/2951/2828 2907/2998/2875 2859/2952/2829
f 2907/2998/2875 2860/2954/2830 2859/2952/2829
f 2860/2954/2830 2909/2999/2877 2861/2955/2831
f 2909/2999/2877 2862/3000/2832 2861/2955/2831
f 2862/3000/2832 2911/3001/2879 2863/2956/2833
f 2911/3001/2879 2864/2957/2834 2863/2956/2833
f 2912/3002/2880 2865/2958/2835 2864/2957/2834
f 2865/2958/2835 2914/3003/2882 2866/2959/2836
f 2914/3003/2882 2867/2960/2837 2866/2959/2836
f 2915/3004/2883 2868/2961/2838 2867/2960/2837
f 2916/3005/2884 2869/2962/2839 2868/2961/2838
f 2917/3006/2885 2870/2963/2840 2869/2962/2839
f 2870/2963/2840 2919/3007/2887 2871/2964/2841
f 2919/3007/2887 2872/2965/2842 2871/2964/2841
f 2872/2965/2842 2921/3008/2889 2873/2966/2843
f 2873/2966/2843 2922/3009/2890 2874/3010/2844
f 2922/3009/2890 2875/2967/2845 2874/3010/2844
f 2923/3011/2891 2876/3012/2846 2875/2967/2845
f 2876/3012/2846 2925/3013/2893 2877/2968/2847
f 2925/3013/2893 2878/2969/2848 2877/2968/2847
f 2878/2969/2848 2927/3014/2895 2879/2971/2849
f 2927/3014/2895 2880/3015/2850 2879/2971/2849
f 2880/3015/2850 2881/2972/503 2833/2929/455
f 2929/3016/551 2882/2973/2851 2881/2972/503
f 2882/2973/2851 2931/3017/2898 2883/2974/2852
f 2931/3017/2898 2884/3018/2853 2883/2974/2852
f 2932/3019/2899 2885/2976/2854 2884/3018/2853
f 2933/3020/2900 2886/3021/2855 2885/2976/2854
f 2934/3022/2901 2887/2978/2856 2886/3021/2855
f 2887/2978/2856 2936/3023/2903 2888/2979/2857
f 2936/3023/2903 2889/2981/2858 2888/2979/2857
f 2889/2981/2858 2938/3024/2905 2890/2982/2859
f 2938/3024/2905 2891/3025/2860 2890/2982/2859
f 2939/3026/2906 2892/2984/2861 2891/3025/2860
f 2940/3027/2907 2893/3028/2862 2892/2984/2861
f 2893/3028/2862 2942/3029/2909 2894/2985/2863
f 2942/3029/2909 2895/2986/2864 2894/2985/2863
f 2895/2986/2864 2944/3030/2911 2896/2987/2865
f 2944/3030/2911 2897/2989/2866 2896/2987/2865
f 2945/3031/2912 2898/3032/2867 2897/2989/2866
f 2946/3033/2913 2899/2990/2868 2898/3032/2867
f 2899/2990/2868 2948/3034/2915 2900/2991/2869
f 2900/2991/2869 2949/3035/2916 2901/2992/2870
f 2949/3035/2916 2902/3036/2871 2901/2992/2870
f 2902/3036/2871 2951/3037/2918 2903/2994/2872
f 2951/3037/2918 2904/2995/2873 2903/2994/2872
f 2952/3038/2919 2905/3039/479 2904/2995/2873
f 2905/2997/479 2954/3040/2920 2906/3041/2874
f 2906/3041/2874 2955/3042/2921 2907/2998/2875
f 2955/3042/2921 2908/3043/2876 2907/2998/2875
f 2956/3044/2922 2909/2999/2877 2908/3043/2876
f 2957/3045/2923 2910/3046/2878 2909/2999/2877
f 2958/3047/2924 2911/3001/2879 2910/3046/2878
f 2911/3001/2879 2960/3048/2926 2912/3002/2880
f 2960/3048/2926 2913/3049/2881 2912/3002/2880
f 2913/3049/2881 2962/3050/2928 2914/3003/2882
f 2962/3050/2928 2915/3004/2883 2914/3003/2882
f 2915/3004/2883 2964/3051/2930 2916/3005/2884
f 2916/3005/2884 2965/3052/2931 2917/3006/2885
f 2965/3052/2931 2918/3053/2886 2917/3006/2885
f 2918/3053/2886 2967/3054/2933 2919/3007/2887
f 2967/3054/2933 2920/3055/2888 2919/3007/2887
f 2968/3056/2934 2921/3008/2889 2920/3055/2888
f 2921/3008/2889 2970/3057/2936 2922/3009/2890
f 2970/3057/2936 2923/3011/2891 2922/3009/2890
f 2923/3011/2891 2972/3058/2938 2924/3059/2892
f 2924/3059/2892 2973/3060/2939 2925/3013/2893
f 2925/3013/2893 2974/3061/2940 2926/3062/2894
f 2974/3061/2940 2927/3014/2895 2926/3062/2894
f 2975/3063/2941 2928/3064/2896 2927/3014/2895
f 2976/3065/2942 2881/2972/503 2928/3064/2896
f 2977/3066/599 2930/3067/2897 2929/3016/551
f 2978/3068/2943 2931/3017/2898 2930/3067/2897
f 2979/3069/2944 2932/3019/2899 2931/3017/2898
f 2980/3070/2945 2933/3020/2900 2932/3019/2899
f 2933/3020/2900 2982/3071/2947 2934/3022/2901
f 2982/3071/2947 2935/3072/2902 2934/3022/2901
f 2935/3072/2902 2984/3073/2949 2936/3023/2903
f 2984/3073/2949 2937/3074/2904 2936/3023/2903
f 2937/3074/2904 2986/3075/2951 2938/3024/2905
f 2986/3075/2951 2939/3026/2906 2938/3024/2905
f 2939/3026/2906 2988/3076/2953 2940/3027/2907
f 2940/3027/2907 2989/3077/2954 2941/3078/2908
f 2941/3078/2908 2990/3079/2955 2942/3029/2909
f 2942/3029/2909 2991/3080/2956 2943/3081/2910
f 2943/3081/2910 2992/3082/2957 2944/3030/2911
f 2944/3030/2911 2993/3083/2958 2945/3031/2912
f 2945/3031/2912 2994/3084/2959 2946/3033/2913
f 2946/3033/2913 2995/3085/2960 2947/3086/2914
f 2947/3086/2914 2996/3087/2961 2948/3034/2915
f 2948/3034/2915 2997/3088/2962 2949/3035/2916
f 2949/3035/2916 2998/3089/2963 2950/3090/2917
f 2998/3089/2963 2951/3037/2918 2950/3090/2917
f 2999/3091/2964 2952/3038/2919 2951/3037/2918
f 3000/3092/2965 2953/3093/527 2952/3038/2919
f 3001/3094/575 2954/3040/2920 2953/3095/527
f 3002/3096/2966 2955/3042/2921 2954/3040/2920
f 3003/3097/2967 2956/3044/2922 2955/3042/2921
f 3004/3098/2968 2957/3045/2923 2956/3044/2922
f 3005/3099/2969 2958/3047/2924 2957/3045/2923
f 3006/3100/2970 2959/3101/2925 2958/3047/2924
f 3007/3102/2971 2960/3048/2926 2959/3101/2925
f 3008/3103/2972 2961/3104/2927 2960/3048/2926
f 3009/3105/2973 2962/3050/2928 2961/3104/2927
f 3010/3106/2974 2963/3107/2929 2962/3050/2928
f 3011/3108/2975 2964/3051/2930 2963/3107/2929
f 3012/3109/2976 2965/3052/2931 2964/3051/2930
f 3013/3110/2977 2966/3111/2932 2965/3052/2931
f 3014/3112/2978 2967/3054/2933 2966/3111/2932
f 2967/3054/2933 3016/3113/2980 2968/3056/2934
f 3016/3113/2980 2969/3114/2935 2968/3056/2934
f 2969/3114/2935 3018/3115/2982 2970/3057/2936
f 3018/3115/2982 2971/3116/2937 2970/3057/2936
f 2971/3116/2937 3020/3117/2984 2972/3058/2938
f 3020/3117/2984 2973/3060/2939 2972/3058/2938
f 3021/3118/2985 2974/3061/2940 2973/3060/2939
f 3022/3119/2986 2975/3063/2941 2974/3061/2940
f 2975/3063/2941 3024/3120/2988 2976/3065/2942
f 2976/3065/2942 2977/3066/599 2929/3016/551
f 2977/3066/599 3026/3121/2989 2978/3068/2943
f 3026/3121/2989 2979/3069/2944 2978/3068/2943
f 2979/3069/2944 3028/3122/2991 2980/3070/2945
f 3028/3122/2991 2981/3123/2946 2980/3070/2945
f 3029/3124/2992 2982/3071/2947 2981/3123/2946
f 2982/3071/2947 3031/3125/2994 2983/3126/2948
f 2983/3126/2948 3032/3127/2995 2984/3073/2949
f 3032/3127/2995 2985/3128/2950 2984/3073/2949
f 3033/3129/2996 2986/3075/2951 2985/3128/2950
f 3034/3130/2997 2987/3131/2952 2986/3075/2951
f 3035/3132/2998 2988/3076/2953 2987/3131/2952
f 3036/3133/2999 2989/3077/2954 2988/3076/2953
f 3037/3134/3000 2990/3079/2955 2989/3077/2954
f 2990/3079/2955 3039/3135/3002 2991/3080/2956
f 3039/3135/3002 2992/3082/2957 2991/3080/2956
f 2992/3082/2957 3041/3136/3004 2993/3083/2958
f 2993/3083/2958 3042/3137/3005 2994/3084/2959
f 3042/3137/3005 2995/3085/2960 2994/3084/2959
f 3043/3138/3006 2996/3087/2961 2995/3085/2960
f 2996/3087/2961 3045/3139/3008 2997/3088/2962
f 2997/3088/2962 3046/3140/3009 2998/3089/2963
f 3046/3140/3009 2999/3091/2964 2998/3089/2963
f 3047/3141/3010 3000/3092/2965 2999/3091/2964
f 3048/3142/3011 3001/3143/575 3000/3092/2965
f 3049/3144/623 3002/3096/2966 3001/3094/575
f 3050/3145/3012 3003/3097/2967 3002/3096/2966
f 3003/3097/2967 3052/3146/3014 3004/3098/2968
f 3052/3146/3014 3005/3099/2969 3004/3098/2968
f 3053/3147/3015 3006/3100/2970 3005/3099/2969
f 3006/3100/2970 3055/3148/3017 3007/3102/2971
f 3055/3148/3017 3008/3103/2972 3007/3102/2971
f 3056/3149/3018 3009/3105/2973 3008/3103/2972
f 3057/3150/3019 3010/3106/2974 3009/3105/2973
f 3010/3106/2974 3059/3151/3021 3011/3108/2975
f 3059/3151/3021 3012/3109/2976 3011/3108/2975
f 3060/3152/3022 3013/3110/2977 3012/3109/2976
f 3013/3110/2977 3062/3153/3024 3014/3112/2978
f 3062/3153/3024 3015/3154/2979 3014/3112/2978
f 3015/3154/2979 3064/3155/3026 3016/3113/2980
f 3016/3113/2980 3065/3156/3027 3017/3157/2981
f 3017/3157/2981 3066/3158/3028 3018/3115/2982
f 3066/3158/3028 3019/3159/2983 3018/3115/2982
f 3067/3160/3029 3020/3117/2984 3019/3159/2983
f 3020/3117/2984 3069/3161/3031 3021/3118/2985
f 3069/3161/3031 3022/3119/2986 3021/3118/2985
f 3070/3162/3032 3023/3163/2987 3022/3119/2986
f 3023/3163/2987 3072/3164/3034 3024/3120/2988
f 3072/3164/3034 2977/3066/599 3024/3120/2988
f 3073/3165/695 3026/3121/2989 3025/3166/647
f 3074/3167/3035 3027/3168/2990 3026/3121/2989
f 3075/3169/3036 3028/3122/2991 3027/3168/2990
f 3076/3170/3037 3029/3124/2992 3028/3122/2991
f 3029/3124/2992 3078/3171/3039 3030/3172/2993
f 3078/3171/3039 3031/3125/2994 3030/3172/2993
f 3031/3125/2994 3080/3173/3041 3032/3127/2995
f 3080/3173/3041 3033/3129/2996 3032/3127/2995
f 3033/3129/2996 3082/3174/3043 3034/3130/2997
f 3082/3174/3043 3035/3132/2998 3034/3130/2997
f 3035/3132/2998 3084/3175/3045 3036/3133/2999
f 3084/3175/3045 3037/3134/3000 3036/3133/2999
f 3037/3134/3000 3086/3176/3047 3038/3177/3001
f 3086/3176/3047 3039/3135/3002 3038/3177/3001
f 3087/3178/3048 3040/3179/3003 3039/3135/3002
f 3040/3179/3003 3089/3180/3050 3041/3136/3004
f 3089/3180/3050 3042/3137/3005 3041/3136/3004
f 3042/3137/3005 3091/3181/3052 3043/3138/3006
f 3091/3181/3052 3044/3182/3007 3043/3138/3006
f 3092/3183/3053 3045/3139/3008 3044/3182/3007
f 3045/3139/3008 3094/3184/3055 3046/3140/3009
f 3046/3140/3009 3095/3185/3056 3047/3141/3010
f 3095/3185/3056 3048/3142/3011 3047/3141/3010
f 3096/3186/3057 3049/3187/623 3048/3142/3011
f 3049/3144/623 3098/3188/3058 3050/3145/3012
f 3050/3145/3012 3099/3189/3059 3051/3190/3013
f 3099/3189/3059 3052/3146/3014 3051/3190/3013
f 3100/3191/3060 3053/3147/3015 3052/3146/3014
f 3101/3192/3061 3054/3193/3016 3053/3147/3015
f 3102/3194/3062 3055/3148/3017 3054/3193/3016
f 3103/3195/3063 3056/3149/3018 3055/3148/3017
f 3104/3196/3064 3057/3150/3019 3056/3149/3018
f 3105/3197/3065 3058/3198/3020 3057/3150/3019
f 3106/3199/3066 3059/3151/3021 3058/3198/3020
f 3107/3200/3067 3060/3152/3022 3059/3151/3021
f 3108/3201/3068 3061/3202/3023 3060/3152/3022
f 3061/3202/3023 3110/3203/3070 3062/3153/3024
f 3110/3203/3070 3063/3204/3025 3062/3153/3024
f 3063/3204/3025 3112/3205/3072 3064/3155/3026
f 3112/3205/3072 3065/3156/3027 3064/3155/3026
f 3065/3156/3027 3114/3206/3074 3066/3158/3028
f 3114/3206/3074 3067/3160/3029 3066/3158/3028
f 3067/3160/3029 3116/3207/3076 3068/3208/3030
f 3116/3207/3076 3069/3161/3031 3068/3208/3030
f 3117/3209/3077 3070/3162/3032 3069/3161/3031
f 3118/3210/3078 3071/3211/3033 3070/3162/3032
f 3119/3212/3079 3072/3164/3034 3071/3211/3033
f 3072/3164/3034 3073/3165/695 3025/3166/647
f 3121/3213/743 3074/3167/3035 3073/3165/695
f 3122/3214/3081 3075/3169/3036 3074/3167/3035
f 3123/3215/3082 3076/3170/3037 3075/3169/3036
f 3076/3170/3037 3125/3216/3084 3077/3217/3038
f 3125/3216/3084 3078/3171/3039 3077/3217/3038
f 3078/3171/3039 3127/3218/3086 3079/3219/3040
f 3127/3218/3086 3080/3173/3041 3079/3219/3040
f 3128/3220/3087 3081/3221/3042 3080/3173/3041
f 3081/3221/3042 3130/3222/3089 3082/3174/3043
f 3130/3222/3089 3083/3223/3044 3082/3174/3043
f 3083/3223/3044 3132/3224/3091 3084/3175/3045
f 3132/3224/3091 3085/3225/3046 3084/3175/3045
f 3085/3225/3046 3134/3226/3093 3086/3176/3047
f 3134/3226/3093 3087/3178/3048 3086/3176/3047
f 3087/3178/3048 3136/3227/3095 3088/3228/3049
f 3136/3227/3095 3089/3180/3050 3088/3228/3049
f 3089/3180/3050 3138/3229/3097 3090/3230/3051
f 3138/3229/3097 3091/3181/3052 3090/3230/3051
f 3091/3181/3052 3140/3231/3099 3092/3183/3053
f 3140/3231/3099 3093/3232/3054 3092/3183/3053
f 3141/3233/3100 3094/3184/3055 3093/3232/3054
f 3142/3234/3101 3095/3185/3056 3094/3184/3055
f 3143/3235/3102 3096/3186/3057 3095/3185/3056
f 3144/3236/3103 3097/3237/671 3096/3186/3057
f 3097/3238/671 3146/3239/3104 3098/3188/3058
f 3098/3188/3058 3147/3240/3105 3099/3189/3059
f 3147/3240/3105 3100/3191/3060 3099/3189/3059
f 3100/3191/3060 3149/3241/3107 3101/3192/3061
f 3149/3241/3107 3102/3194/3062 3101/3192/3061
f 3150/3242/3108 3103/3195/3063 3102/3194/3062
f 3151/3243/3109 3104/3196/3064 3103/3195/3063
f 3152/3244/3110 3105/3197/3065 3104/3196/3064
f 3153/3245/3111 3106/3199/3066 3105/3197/3065
f 3154/3246/3112 3107/3200/3067 3106/3199/3066
f 3107/3200/3067 3156/3247/3114 3108/3201/3068
f 3156/3247/3114 3109/3248/3069 3108/3201/3068
f 3109/3248/3069 3158/3249/3116 3110/3203/3070
f 3158/3249/3116 3111/3250/3071 3110/3203/3070
f 3111/3250/3071 3160/3251/3118 3112/3205/3072
f 3160/3251/3118 3113/3252/3073 3112/3205/3072
f 3161/3253/3119 3114/3206/3074 3113/3252/3073
f 3162/3254/3120 3115/3255/3075 3114/3206/3074
f 3163/3256/3121 3116/3207/3076 3115/3255/3075
f 3164/3257/3122 3117/3209/3077 3116/3207/3076
f 3165/3258/3123 3118/3210/3078 3117/3209/3077
f 3166/3259/3124 3119/3212/3079 3118/3210/3078
f 3119/3212/3079 3168/3260/3126 3120/3261/3080
f 3120/3261/3080 3121/3213/743 3073/3165/695
f 3121/3213/743 3170/3262/3127 3122/3214/3081
f 3170/3262/3127 3123/3215/3082 3122/3214/3081
f 3171/3263/3128 3124/3264/3083 3123/3215/3082
f 3124/3264/3083 3173/3265/3130 3125/3216/3084
f 3173/3265/3130 3126/3266/3085 3125/3216/3084
f 3126/3266/3085 3175/3267/3132 3127/3218/3086
f 3127/3218/3086 3176/3268/3133 3128/3220/3087
f 3128/3220/3087 3177/3269/3134 3129/3270/3088
f 3129/3270/3088 3178/3271/3135 3130/3222/3089
f 3178/3271/3135 3131/3272/3090 3130/3222/3089
f 3131/3272/3090 3180/3273/3137 3132/3224/3091
f 3180/3273/3137 3133/3274/3092 3132/3224/3091
f 3181/3275/3138 3134/3226/3093 3133/3274/3092
f 3134/3226/3093 3183/3276/3140 3135/3277/3094
f 3135/3277/3094 3184/3278/3141 3136/3227/3095
f 3184/3278/3141 3137/3279/3096 3136/3227/3095
f 3185/3280/3142 3138/3229/3097 3137/3279/3096
f 3138/3229/3097 3187/3281/3144 3139/3282/3098
f 3187/3281/3144 3140/3231/3099 3139/3282/3098
f 3140/3231/3099 3189/3283/3146 3141/3233/3100
f 3141/3233/3100 3190/3284/3147 3142/3234/3101
f 3190/3284/3147 3143/3235/3102 3142/3234/3101
f 3191/3285/3148 3144/3236/3103 3143/3235/3102
f 3144/3236/3103 3193/3286/767 3145/3287/719
f 3193/3288/767 3146/3239/3104 3145/3289/719
f 3146/3239/3104 3195/3290/3151 3147/3240/3105
f 3147/3240/3105 3196/3291/3152 3148/3292/3106
f 3148/3292/3106 3197/3293/3153 3149/3241/3107
f 3197/3293/3153 3150/3242/3108 3149/3241/3107
f 3198/3294/3154 3151/3243/3109 3150/3242/3108
f 3151/3243/3109 3200/3295/3156 3152/3244/3110
f 3152/3244/3110 3201/3296/3157 3153/3245/3111
f 3153/3245/3111 3202/3297/3158 3154/3246/3112
f 3202/3297/3158 3155/3298/3113 3154/3246/3112
f 3203/3299/3159 3156/3247/3114 3155/3298/3113
f 3204/3300/3160 3157/3301/3115 3156/3247/3114
f 3205/3302/3161 3158/3249/3116 3157/3301/3115
f 3206/3303/3162 3159/3304/3117 3158/3249/3116
f 3159/3304/3117 3208/3305/3164 3160/3251/3118
f 3208/3305/3164 3161/3253/3119 3160/3251/3118
f 3209/3306/3165 3162/3254/3120 3161/3253/3119
f 3210/3307/3166 3163/3256/3121 3162/3254/3120
f 3211/3308/3167 3164/3257/3122 3163/3256/3121
f 3164/3257/3122 3213/3309/3169 3165/3258/3123
f 3213/3309/3169 3166/3259/3124 3165/3258/3123
f 3166/3259/3124 3215/3310/3171 3167/3311/3125
f 3167/3311/3125 3216/3312/3172 3168/3260/3126
f 3216/3312/3172 3121/3213/743 3168/3260/3126
f 3217/3313/839 3170/3262/3127 3169/3314/791
f 3218/3315/3173 3171/3263/3128 3170/3262/3127
f 3219/3316/3174 3172/3317/3129 3171/3263/3128
f 3172/3317/3129 3221/3318/3176 3173/3265/3130
f 3173/3265/3130 3222/3319/3177 3174/3320/3131
f 3222/3319/3177 3175/3267/3132 3174/3320/3131
f 3223/3321/3178 3176/3268/3133 3175/3267/3132
f 3224/3322/3179 3177/3269/3134 3176/3268/3133
f 3177/3269/3134 3226/3323/3181 3178/3271/3135
f 3226/3323/3181 3179/3324/3136 3178/3271/3135
f 3227/3325/3182 3180/3273/3137 3179/3324/3136
f 3180/3273/3137 3229/3326/3184 3181/3275/3138
f 3229/3326/3184 3182/3327/3139 3181/3275/3138
f 3230/3328/3185 3183/3276/3140 3182/3327/3139
f 3231/3329/3186 3184/3278/3141 3183/3276/3140
f 3184/3278/3141 3233/3330/3188 3185/3280/3142
f 3233/3330/3188 3186/3331/3143 3185/3280/3142
f 3234/3332/3189 3187/3281/3144 3186/3331/3143
f 3235/3333/3190 3188/3334/3145 3187/3281/3144
f 3236/3335/3191 3189/3283/3146 3188/3334/3145
f 3189/3283/3146 3238/3336/3193 3190/3284/3147
f 3238/3336/3193 3191/3285/3148 3190/3284/3147
f 3239/3337/3194 3192/3338/3149 3191/3285/3148
f 3192/3338/3149 3241/3339/815 3193/3286/767
f 3241/3340/815 3194/3341/3150 3193/3288/767
f 3242/3342/3196 3195/3290/3151 3194/3341/3150
f 3195/3290/3151 3244/3343/3198 3196/3291/3152
f 3244/3343/3198 3197/3293/3153 3196/3291/3152
f 3245/3344/3199 3198/3294/3154 3197/3293/3153
f 3246/3345/3200 3199/3346/3155 3198/3294/3154
f 3199/3346/3155 3248/3347/3202 3200/3295/3156
f 3200/3295/3156 3249/3348/3203 3201/3296/3157
f 3249/3348/3203 3202/3297/3158 3201/3296/3157
f 3250/3349/3204 3203/3299/3159 3202/3297/3158
f 3203/3299/3159 3252/3350/3206 3204/3300/3160
f 3204/3300/3160 3253/3351/3207 3205/3302/3161
f 3253/3351/3207 3206/3303/3162 3205/3302/3161
f 3206/3303/3162 3255/3352/3209 3207/3353/3163
f 3207/3353/3163 3256/3354/3210 3208/3305/3164
f 3256/3354/3210 3209/3306/3165 3208/3305/3164
f 3209/3306/3165 3258/3355/3212 3210/3307/3166
f 3258/3355/3212 3211/3308/3167 3210/3307/3166
f 3211/3308/3167 3260/3356/3214 3212/3357/3168
f 3260/3356/3214 3213/3309/3169 3212/3357/3168
f 3261/3358/3215 3214/3359/3170 3213/3309/3169
f 3262/3360/3216 3215/3310/3171 3214/3359/3170
f 3215/3310/3171 3264/3361/3218 3216/3312/3172
f 3264/3361/3218 3169/3314/791 3216/3312/3172
f 3217/3313/839 3266/3362/3219 3218/3315/3173
f 3266/3362/3219 3219/3316/3174 3218/3315/3173
f 3267/3363/3220 3220/3364/3175 3219/3316/3174
f 3220/3364/3175 3269/3365/3222 3221/3318/3176
f 3269/3365/3222 3222/3319/3177 3221/3318/3176
f 3222/3319/3177 3271/3366/3224 3223/3321/3178
f 3271/3366/3224 3224/3322/3179 3223/3321/3178
f 3272/3367/3225 3225/3368/3180 3224/3322/3179
f 3273/3369/3226 3226/3323/3181 3225/3368/3180
f 3274/3370/3227 3227/3325/3182 3226/3323/3181
f 3227/3325/3182 3276/3371/3229 3228/3372/3183
f 3276/3371/3229 3229/3326/3184 3228/3372/3183
f 3277/3373/3230 3230/3328/3185 3229/3326/3184
f 3230/3328/3185 3279/3374/3232 3231/3329/3186
f 3279/3374/3232 3232/3375/3187 3231/3329/3186
f 3232/3375/3187 3281/3376/3234 3233/3330/3188
f 3233/3330/3188 3282/3377/3235 3234/3332/3189
f 3234/3332/3189 3283/3378/3236 3235/3333/3190
f 3283/3378/3236 3236/3335/3191 3235/3333/3190
f 3236/3335/3191 3285/3379/3238 3237/3380/3192
f 3237/3380/3192 3286/3381/3239 3238/3336/3193
f 3286/3381/3239 3239/3337/3194 3238/3336/3193
f 3239/3337/3194 3288/3382/3241 3240/3383/3195
f 3288/3382/3241 3241/3339/815 3240/3383/3195
f 3241/3340/815 3290/3384/3242 3242/3342/3196
f 3290/3384/3242 3243/3385/3197 3242/3342/3196
f 3291/3386/3243 3244/3343/3198 3243/3385/3197
f 3292/3387/3244 3245/3344/3199 3244/3343/3198
f 3293/3388/3245 3246/3345/3200 3245/3344/3199
f 3294/3389/3246 3247/3390/3201 3246/3345/3200
f 3295/3391/3247 3248/3347/3202 3247/3390/3201
f 3296/3392/3248 3249/3348/3203 3248/3347/3202
f 3297/3393/3249 3250/3349/3204 3249/3348/3203
f 3250/3349/3204 3299/3394/3251 3251/3395/3205
f 3299/3394/3251 3252/3350/3206 3251/3395/3205
f 3252/3350/3206 3301/3396/3253 3253/3351/3207
f 3301/3396/3253 3254/3397/3208 3253/3351/3207
f 3302/3398/3254 3255/3352/3209 3254/3397/3208
f 3303/3399/3255 3256/3354/3210 3255/3352/3209
f 3304/3400/3256 3257/3401/3211 3256/3354/3210
f 3257/3401/3211 3306/3402/3258 3258/3355/3212
f 3306/3402/3258 3259/3403/3213 3258/3355/3212
f 3307/3404/3259 3260/3356/3214 3259/3403/3213
f 3260/3356/3214 3309/3405/3261 3261/3358/3215
f 3309/3405/3261 3262/3360/3216 3261/3358/3215
f 3310/3406/3262 3263/3407/3217 3262/3360/3216
f 3263/3407/3217 3312/3408/3264 3264/3361/3218
f 3312/3408/3264 3217/3313/839 3264/3361/3218
f 3313/3409/935 3266/3362/3219 3265/3410/887
f 3266/3362/3219 3315/3411/3266 3267/3363/3220
f 3267/3363/3220 3316/3412/3267 3268/3413/3221
f 3316/3412/3267 3269/3365/3222 3268/3413/3221
f 3317/3414/3268 3270/3415/3223 3269/3365/3222
f 3270/3415/3223 3319/3416/3270 3271/3366/3224
f 3319/3416/3270 3272/3367/3225 3271/3366/3224
f 3320/3417/3271 3273/3369/3226 3272/3367/3225
f 3273/3369/3226 3322/3418/3273 3274/3370/3227
f 3322/3418/3273 3275/3419/3228 3274/3370/3227
f 3275/3419/3228 3324/3420/3275 3276/3371/3229
f 3276/3371/3229 3325/3421/3276 3277/3373/3230
f 3325/3421/3276 3278/3422/3231 3277/3373/3230
f 3278/3422/3231 3327/3423/3278 3279/3374/3232
f 3327/3423/3278 3280/3424/3233 3279/3374/3232
f 3328/3425/3279 3281/3376/3234 3280/3424/3233
f 3329/3426/3280 3282/3377/3235 3281/3376/3234
f 3330/3427/3281 3283/3378/3236 3282/3377/3235
f 3283/3378/3236 3332/3428/3283 3284/3429/3237
f 3332/3428/3283 3285/3379/3238 3284/3429/3237
f 3333/3430/3284 3286/3381/3239 3285/3379/3238
f 3286/3381/3239 3335/3431/3286 3287/3432/3240
f 3335/3431/3286 3288/3382/3241 3287/3432/3240
f 3336/3433/3287 3289/3434/863 3288/3382/3241
f 3337/3435/911 3290/3384/3242 3289/3436/863
f 3290/3384/3242 3339/3437/3289 3291/3386/3243
f 3339/3437/3289 3292/3387/3244 3291/3386/3243
f 3340/3438/3290 3293/3388/3245 3292/3387/3244
f 3293/3388/3245 3342/3439/3292 3294/3389/3246
f 3342/3439/3292 3295/3391/3247 3294/3389/3246
f 3295/3391/3247 3344/3440/3294 3296/3392/3248
f 3296/3392/3248 3345/3441/3295 3297/3393/3249
f 3297/3393/3249 3346/3442/3296 3298/3443/3250
f 3298/3443/3250 3347/3444/3297 3299/3394/3251
f 3347/3444/3297 3300/3445/3252 3299/3394/3251
f 3300/3445/3252 3349/3446/3299 3301/3396/3253
f 3349/3446/3299 3302/3398/3254 3301/3396/3253
f 3350/3447/3300 3303/3399/3255 3302/3398/3254
f 3351/3448/3301 3304/3400/3256 3303/3399/3255
f 3352/3449/3302 3305/3450/3257 3304/3400/3256
f 3305/3450/3257 3354/3451/3304 3306/3402/3258
f 3354/3451/3304 3307/3404/3259 3306/3402/3258
f 3355/3452/3305 3308/3453/3260 3307/3404/3259
f 3356/3454/3306 3309/3405/3261 3308/3453/3260
f 3309/3405/3261 3358/3455/3308 3310/3406/3262
f 3358/3455/3308 3311/3456/3263 3310/3406/3262
f 3359/3457/3309 3312/3408/3264 3311/3456/3263
f 3360/3458/3310 3265/3410/887 3312/3408/3264
f 3361/3459/983 3314/3460/3265 3313/3409/935
f 3362/3461/3311 3315/3411/3266 3314/3460/3265
f 3315/3411/3266 3364/3462/3313 3316/3412/3267
f 3364/3462/3313 3317/3414/3268 3316/3412/3267
f 3317/3414/3268 3366/3463/3315 3318/3464/3269
f 3366/3463/3315 3319/3416/3270 3318/3464/3269
f 3367/3465/3316 3320/3417/3271 3319/3416/3270
f 3320/3417/3271 3369/3466/3318 3321/3467/3272
f 3369/3466/3318 3322/3418/3273 3321/3467/3272
f 3370/3468/3319 3323/3469/3274 3322/3418/3273
f 3371/3470/3320 3324/3420/3275 3323/3469/3274
f 3372/3471/3321 3325/3421/3276 3324/3420/3275
f 3373/3472/3322 3326/3473/3277 3325/3421/3276
f 3326/3473/3277 3375/3474/3324 3327/3423/3278
f 3375/3474/3324 3328/3425/3279 3327/3423/3278
f 3328/3425/3279 3377/3475/3326 3329/3426/3280
f 3377/3475/3326 3330/3427/3281 3329/3426/3280
f 3330/3427/3281 3379/3476/3328 3331/3477/3282
f 3331/3477/3282 3380/3478/3329 3332/3428/3283
f 3332/3428/3283 3381/3479/3330 3333/3430/3284
f 3381/3479/3330 3334/3480/3285 3333/3430/3284
f 3382/3481/3331 3335/3431/3286 3334/3480/3285
f 3383/3482/3332 3336/3433/3287 3335/3431/3286
f 3384/3483/3333 3337/3484/911 3336/3433/3287
f 3337/3435/911 3386/3485/3334 3338/3486/3288
f 3338/3486/3288 3387/3487/3335 3339/3437/3289
f 3339/3437/3289 3388/3488/3336 3340/3438/3290
f 3388/3488/3336 3341/3489/3291 3340/3438/3290
f 3341/3489/3291 3390/3490/3338 3342/3439/3292
f 3390/3490/3338 3343/3491/3293 3342/3439/3292
f 3391/3492/3339 3344/3440/3294 3343/3491/3293
f 3344/3440/3294 3393/3493/3341 3345/3441/3295
f 3393/3493/3341 3346/3442/3296 3345/3441/3295
f 3346/3442/3296 3395/3494/3343 3347/3444/3297
f 3395/3494/3343 3348/3495/3298 3347/3444/3297
f 3396/3496/3344 3349/3446/3299 3348/3495/3298
f 3397/3497/3345 3350/3447/3300 3349/3446/3299
f 3350/3447/3300 3399/3498/3347 3351/3448/3301
f 3399/3498/3347 3352/3449/3302 3351/3448/3301
f 3352/3449/3302 3401/3499/3349 3353/3500/3303
f 3401/3499/3349 3354/3451/3304 3353/3500/3303
f 3402/3501/3350 3355/3452/3305 3354/3451/3304
f 3403/3502/3351 3356/3454/3306 3355/3452/3305
f 3404/3503/3352 3357/3504/3307 3356/3454/3306
f 3357/3504/3307 3406/3505/3354 3358/3455/3308
f 3406/3505/3354 3359/3457/3309 3358/3455/3308
f 3359/3457/3309 3408/3506/3356 3360/3458/3310
f 3408/3506/3356 3313/3409/935 3360/3458/3310
f 3409/3507/1031 3362/3461/3311 3361/3459/983
f 3410/3508/3357 3363/3509/3312 3362/3461/3311
f 3411/3510/3358 3364/3462/3313 3363/3509/3312
f 3412/3511/3359 3365/3512/3314 3364/3462/3313
f 3365/3512/3314 3414/3513/3361 3366/3463/3315
f 3366/3463/3315 3415/3514/3362 3367/3465/3316
f 3415/3514/3362 3368/3515/3317 3367/3465/3316
f 3368/3515/3317 3417/3516/3364 3369/3466/3318
f 3369/3466/3318 3418/3517/3365 3370/3468/3319
f 3370/3468/3319 3419/3518/3366 3371/3470/3320
f 3371/3470/3320 3420/3519/3367 3372/3471/3321
f 3372/3471/3321 3421/3520/3368 3373/3472/3322
f 3373/3472/3322 3422/3521/3369 3374/3522/3323
f 3374/3522/3323 3423/3523/3370 3375/3474/3324
f 3375/3474/3324 3424/3524/3371 3376/3525/3325
f 3376/3525/3325 3425/3526/3372 3377/3475/3326
f 3377/3475/3326 3426/3527/3373 3378/3528/3327
f 3426/3527/3373 3379/3476/3328 3378/3528/3327
f 3427/3529/3374 3380/3478/3329 3379/3476/3328
f 3428/3530/3375 3381/3479/3330 3380/3478/3329
f 3429/3531/3376 3382/3481/3331 3381/3479/3330
f 3382/3481/3331 3431/3532/3378 3383/3482/3332
f 3431/3532/3378 3384/3483/3333 3383/3482/3332
f 3384/3483/3333 3433/3533/1007 3385/3534/959
f 3433/3535/1007 3386/3485/3334 3385/3536/959
f 3434/3537/3380 3387/3487/3335 3386/3485/3334
f 3435/3538/3381 3388/3488/3336 3387/3487/3335
f 3436/3539/3382 3389/3540/3337 3388/3488/3336
f 3437/3541/3383 3390/3490/3338 3389/3540/3337
f 3390/3490/3338 3439/3542/3385 3391/3492/3339
f 3391/3492/3339 3440/3543/3386 3392/3544/3340
f 3440/3543/3386 3393/3493/3341 3392/3544/3340
f 3441/3545/3387 3394/3546/3342 3393/3493/3341
f 3442/3547/3388 3395/3494/3343 3394/3546/3342
f 3443/3548/3389 3396/3496/3344 3395/3494/3343
f 3444/3549/3390 3397/3497/3345 3396/3496/3344
f 3445/3550/3391 3398/3551/3346 3397/3497/3345
f 3446/3552/3392 3399/3498/3347 3398/3551/3346
f 3447/3553/3393 3400/3554/3348 3399/3498/3347
f 3448/3555/3394 3401/3499/3349 3400/3554/3348
f 3449/3556/3395 3402/3501/3350 3401/3499/3349
f 3450/3557/3396 3403/3502/3351 3402/3501/3350
f 3451/3558/3397 3404/3503/3352 3403/3502/3351
f 3452/3559/3398 3405/3560/3353 3404/3503/3352
f 3453/3561/3399 3406/3505/3354 3405/3560/3353
f 3454/3562/3400 3407/3563/3355 3406/3505/3354
f 3407/3563/3355 3456/3564/3402 3408/3506/3356
f 3408/3506/3356 3409/3507/1031 3361/3459/983
f 3409/3507/1031 3458/3565/3403 3410/3508/3357
f 3458/3565/3403 3411/3510/3358 3410/3508/3357
f 3459/3566/3404 3412/3511/3359 3411/3510/3358
f 3460/3567/3405 3413/3568/3360 3412/3511/3359
f 3461/3569/3406 3414/3513/3361 3413/3568/3360
f 3462/3570/3407 3415/3514/3362 3414/3513/3361
f 3415/3514/3362 3464/3571/3409 3416/3572/3363
f 3464/3571/3409 3417/3516/3364 3416/3572/3363
f 3465/3573/3410 3418/3517/3365 3417/3516/3364
f 3466/3574/3411 3419/3518/3366 3418/3517/3365
f 3467/3575/3412 3420/3519/3367 3419/3518/3366
f 3420/3519/3367 3469/3576/3414 3421/3520/3368
f 3469/3576/3414 3422/3521/3369 3421/3520/3368
f 3470/3577/3415 3423/3523/3370 3422/3521/3369
f 3471/3578/3416 3424/3524/3371 3423/3523/3370
f 3472/3579/3417 3425/3526/3372 3424/3524/3371
f 3473/3580/3418 3426/3527/3373 3425/3526/3372
f 3474/3581/3419 3427/3529/3374 3426/3527/3373
f 3475/3582/3420 3428/3530/3375 3427/3529/3374
f 3476/3583/3421 3429/3531/3376 3428/3530/3375
f 3429/3531/3376 3478/3584/3423 3430/3585/3377
f 3478/3584/3423 3431/3532/3378 3430/3585/3377
f 3479/3586/3424 3432/3587/3379 3431/3532/3378
f 3480/3588/3425 3433/3533/1007 3432/3587/3379
f 3433/3535/1007 3482/3589/3426 3434/3537/3380
f 3434/3537/3380 3483/3590/3427 3435/3538/3381
f 3435/3538/3381 3484/3591/3428 3436/3539/3382
f 3484/3591/3428 3437/3541/3383 3436/3539/3382
f 3485/3592/3429 3438/3593/3384 3437/3541/3383
f 3438/3593/3384 3487/3594/3431 3439/3542/3385
f 3487/3594/3431 3440/3543/3386 3439/3542/3385
f 3440/3543/3386 3489/3595/3433 3441/3545/3387
f 3441/3545/3387 3490/3596/3434 3442/3547/3388
f 3442/3547/3388 3491/3597/3435 3443/3548/3389
f 3443/3548/3389 3492/3598/3436 3444/3549/3390
f 3492/3598/3436 3445/3550/3391 3444/3549/3390
f 3493/3599/3437 3446/3552/3392 3445/3550/3391
f 3446/3552/3392 3495/3600/3439 3447/3553/3393
f 3447/3553/3393 3496/3601/3440 3448/3555/3394
f 3448/3555/3394 3497/3602/3441 3449/3556/3395
f 3449/3556/3395 3498/3603/3442 3450/3557/3396
f 3450/3557/3396 3499/3604/3443 3451/3558/3397
f 3451/3558/3397 3500/3605/3444 3452/3559/3398
f 3452/3559/3398 3501/3606/3445 3453/3561/3399
f 3453/3561/3399 3502/3607/3446 3454/3562/3400
f 3454/3562/3400 3503/3608/3447 3455/3609/3401
f 3503/3608/3447 3456/3564/3402 3455/3609/3401
f 3504/3610/3448 3409/3507/1031 3456/3564/3402
f 3505/3611/1126 3458/3565/3403 3457/3612/1079
f 3506/3613/3449 3459/3566/3404 3458/3565/3403
f 3459/3566/3404 3508/3614/3451 3460/3567/3405
f 3508/3614/3451 3461/3569/3406 3460/3567/3405
f 3461/3569/3406 3510/3615/3453 3462/3570/3407
f 3510/3615/3453 3463/3616/3408 3462/3570/3407
f 3463/3616/3408 3512/3617/3455 3464/3571/3409
f 3464/3571/3409 3513/3618/3456 3465/3573/3410
f 3465/3573/3410 3514/3619/3457 3466/3574/3411
f 3466/3574/3411 3515/3620/3458 3467/3575/3412
f 3467/3575/3412 3516/3621/3459 3468/3622/3413
f 3516/3621/3459 3469/3576/3414 3468/3622/3413
f 3469/3576/3414 3518/3623/3460 3470/3577/3415
f 3470/3577/3415 3519/3624/3461 3471/3578/3416
f 3471/3578/3416 3520/3625/3462 3472/3579/3417
f 3472/3579/3417 3521/3626/3463 3473/3580/3418
f 3473/3580/3418 3522/3627/3464 3474/3581/3419
f 3474/3581/3419 3523/3628/3465 3475/3582/3420
f 3475/3582/3420 3524/3629/3466 3476/3583/3421
f 3476/3583/3421 3525/3630/3467 3477/3631/3422
f 3477/3631/3422 3526/3632/3468 3478/3584/3423
f 3478/3584/3423 3527/3633/3469 3479/3586/3424
f 3479/3586/3424 3528/3634/3470 3480/3588/3425
f 3528/3634/3470 3481/3635/1055 3480/3588/3425
f 3529/3636/1103 3482/3589/3426 3481/3637/1055
f 3530/3638/3471 3483/3590/3427 3482/3589/3426
f 3531/3639/3472 3484/3591/3428 3483/3590/3427
f 3532/3640/3473 3485/3592/3429 3484/3591/3428
f 3533/3641/3474 3486/3642/3430 3485/3592/3429
f 3534/3643/3475 3487/3594/3431 3486/3642/3430
f 3535/3644/3476 3488/3645/3432 3487/3594/3431
f 3536/3646/3477 3489/3595/3433 3488/3645/3432
f 3537/3647/3478 3490/3596/3434 3489/3595/3433
f 3538/3648/3479 3491/3597/3435 3490/3596/3434
f 3539/3649/3480 3492/3598/3436 3491/3597/3435
f 3540/3650/3481 3493/3599/3437 3492/3598/3436
f 3493/3599/3437 3542/3651/3482 3494/3652/3438
f 3542/3651/3482 3495/3600/3439 3494/3652/3438
f 3543/3653/3483 3496/3601/3440 3495/3600/3439
f 3544/3654/3484 3497/3602/3441 3496/3601/3440
f 3545/3655/3485 3498/3603/3442 3497/3602/3441
f 3546/3656/3486 3499/3604/3443 3498/3603/3442
f 3547/3657/3487 3500/3605/3444 3499/3604/3443
f 3548/3658/3488 3501/3606/3445 3500/3605/3444
f 3549/3659/3489 3502/3607/3446 3501/3606/3445
f 3550/3660/3490 3503/3608/3447 3502/3607/3446
f 3551/3661/3491 3504/3610/3448 3503/3608/3447
f 3552/3662/3492 3457/3612/1079 3504/3610/3448
f 3553/3663/1173 3506/3613/3449 3505/3611/1126
f 3554/3664/3493 3507/3665/3450 3506/3613/3449
f 3555/3666/3494 3508/3614/3451 3507/3665/3450
f 3556/3667/3495 3509/3668/3452 3508/3614/3451
f 3557/3669/3496 3510/3615/3453 3509/3668/3452
f 3558/3670/3497 3511/3671/3454 3510/3615/3453
f 3559/3672/3498 3512/3617/3455 3511/3671/3454
f 3560/3673/3499 3513/3618/3456 3512/3617/3455
f 3561/3674/3500 3514/3619/3457 3513/3618/3456
f 3562/3675/3501 3515/3620/3458 3514/3619/3457
f 3563/3676/3502 3516/3621/3459 3515/3620/3458
f 3564/3677/3503 3517/3678/3414 3516/3621/3459
f 3565/3679/3504 3518/3623/3460 3517/3678/3414
f 3518/3623/3460 3567/3680/3506 3519/3624/3461
f 3567/3680/3506 3520/3625/3462 3519/3624/3461
f 3568/3681/3507 3521/3626/3463 3520/3625/3462
f 3569/3682/3508 3522/3627/3464 3521/3626/3463
f 3570/3683/3509 3523/3628/3465 3522/3627/3464
f 3523/3628/3465 3572/3684/3511 3524/3629/3466
f 3572/3684/3511 3525/3630/3467 3524/3629/3466
f 3573/3685/3512 3526/3632/3468 3525/3630/3467
f 3574/3686/3513 3527/3633/3469 3526/3632/3468
f 3575/3687/3514 3528/3634/3470 3527/3633/3469
f 3576/3688/3515 3529/3689/1103 3528/3634/3470
f 3529/3636/1103 3578/3690/3516 3530/3638/3471
f 3578/3690/3516 3531/3639/3472 3530/3638/3471
f 3579/3691/3517 3532/3640/3473 3531/3639/3472
f 3532/3640/3473 3581/3692/3519 3533/3641/3474
f 3533/3641/3474 3582/3693/3520 3534/3643/3475
f 3582/3693/3520 3535/3644/3476 3534/3643/3475
f 3535/3644/3476 3584/3694/3522 3536/3646/3477
f 3584/3694/3522 3537/3647/3478 3536/3646/3477
f 3537/3647/3478 3586/3695/3524 3538/3648/3479
f 3538/3648/3479 3587/3696/3525 3539/3649/3480
f 3587/3696/3525 3540/3650/3481 3539/3649/3480
f 3540/3650/3481 3589/3697/3527 3541/3698/3437
f 3541/3698/3437 3590/3699/3528 3542/3651/3482
f 3542/3651/3482 3591/3700/3529 3543/3653/3483
f 3543/3653/3483 3592/3701/3530 3544/3654/3484
f 3544/3654/3484 3593/3702/3531 3545/3655/3485
f 3545/3655/3485 3594/3703/3532 3546/3656/3486
f 3546/3656/3486 3595/3704/3533 3547/3657/3487
f 3595/3704/3533 3548/3658/3488 3547/3657/3487
f 3596/3705/3534 3549/3659/3489 3548/3658/3488
f 3549/3659/3489 3598/3706/3536 3550/3660/3490
f 3598/3706/3536 3551/3661/3491 3550/3660/3490
f 3551/3661/3491 3600/3707/3538 3552/3662/3492
f 3600/3707/3538 3505/3611/1126 3552/3662/3492
f 3601/3708/1221 3554/3664/3493 3553/3663/1173
f 3602/3709/3539 3555/3666/3494 3554/3664/3493
f 3603/3710/3540 3556/3667/3495 3555/3666/3494
f 3604/3711/3541 3557/3669/3496 3556/3667/3495
f 3605/3712/3542 3558/3670/3497 3557/3669/3496
f 3558/3670/3497 3607/3713/3544 3559/3672/3498
f 3607/3713/3544 3560/3673/3499 3559/3672/3498
f 3560/3673/3499 3609/3714/3546 3561/3674/3500
f 3561/3674/3500 3610/3715/3547 3562/3675/3501
f 3562/3675/3501 3611/3716/3548 3563/3676/3502
f 3563/3676/3502 3612/3717/3549 3564/3677/3503
f 3612/3717/3549 3565/3679/3504 3564/3677/3503
f 3613/3718/3550 3566/3719/3505 3565/3679/3504
f 3614/3720/3551 3567/3680/3506 3566/3719/3505
f 3615/3721/3552 3568/3681/3507 3567/3680/3506
f 3616/3722/3553 3569/3682/3508 3568/3681/3507
f 3617/3723/3554 3570/3683/3509 3569/3682/3508
f 3618/3724/3555 3571/3725/3510 3570/3683/3509
f 3619/3726/3556 3572/3684/3511 3571/3725/3510
f 3572/3684/3511 3621/3727/3558 3573/3685/3512
f 3621/3727/3558 3574/3686/3513 3573/3685/3512
f 3574/3686/3513 3623/3728/3560 3575/3687/3514
f 3575/3687/3514 3624/3729/3561 3576/3688/3515
f 3624/3729/3561 3577/3730/1149 3576/3688/3515
f 3625/3731/1197 3578/3690/3516 3577/3732/1149
f 3626/3733/3562 3579/3691/3517 3578/3690/3516
f 3627/3734/3563 3580/3735/3518 3579/3691/3517
f 3628/3736/3564 3581/3692/3519 3580/3735/3518
f 3629/3737/3565 3582/3693/3520 3581/3692/3519
f 3582/3693/3520 3631/3738/3567 3583/3739/3521
f 3583/3739/3521 3632/3740/3568 3584/3694/3522
f 3632/3740/3568 3585/3741/3523 3584/3694/3522
f 3633/3742/3569 3586/3695/3524 3585/3741/3523
f 3634/3743/3570 3587/3696/3525 3586/3695/3524
f 3587/3696/3525 3636/3744/3572 3588/3745/3526
f 3588/3745/3526 3637/3746/3573 3589/3697/3527
f 3637/3746/3573 3590/3699/3528 3589/3697/3527
f 3638/3747/3574 3591/3700/3529 3590/3699/3528
f 3639/3748/3575 3592/3701/3530 3591/3700/3529
f 3640/3749/3576 3593/3702/3531 3592/3701/3530
f 3641/3750/3577 3594/3703/3532 3593/3702/3531
f 3594/3703/3532 3643/3751/3579 3595/3704/3533
f 3643/3751/3579 3596/3705/3534 3595/3704/3533
f 3644/3752/3580 3597/3753/3535 3596/3705/3534
f 3645/3754/3581 3598/3706/3536 3597/3753/3535
f 3598/3706/3536 3647/3755/3583 3599/3756/3537
f 3647/3755/3583 3600/3707/3538 3599/3756/3537
f 3648/3757/3584 3553/3663/1173 3600/3707/3538
f 3649/3758/1269 3602/3709/3539 3601/3708/1221
f 3650/3759/3585 3603/3710/3540 3602/3709/3539
f 3651/3760/3586 3604/3711/3541 3603/3710/3540
f 3652/3761/3587 3605/3712/3542 3604/3711/3541
f 3653/3762/3588 3606/3763/3543 3605/3712/3542
f 3654/3764/3589 3607/3713/3544 3606/3763/3543
f 3655/3765/3590 3608/3766/3545 3607/3713/3544
f 3656/3767/3591 3609/3714/3546 3608/3766/3545
f 3657/3768/3592 3610/3715/3547 3609/3714/3546
f 3610/3715/3547 3659/3769/3594 3611/3716/3548
f 3659/3769/3594 3612/3717/3549 3611/3716/3548
f 3612/3717/3549 3661/3770/3596 3613/3718/3550
f 3613/3718/3550 3662/3771/3597 3614/3720/3551
f 3614/3720/3551 3663/3772/3598 3615/3721/3552
f 3663/3772/3598 3616/3722/3553 3615/3721/3552
f 3616/3722/3553 3665/3773/3600 3617/3723/3554
f 3617/3723/3554 3666/3774/3601 3618/3724/3555
f 3666/3774/3601 3619/3726/3556 3618/3724/3555
f 3619/3726/3556 3668/3775/3603 3620/3776/3557
f 3668/3775/3603 3621/3727/3558 3620/3776/3557
f 3669/3777/3604 3622/3778/3559 3621/3727/3558
f 3670/3779/3605 3623/3728/3560 3622/3778/3559
f 3671/3780/3606 3624/3729/3561 3623/3728/3560
f 3672/3781/3607 3625/3782/1197 3624/3729/3561
f 3673/3783/1245 3626/3733/3562 3625/3731/1197
f 3674/3784/3608 3627/3734/3563 3626/3733/3562
f 3675/3785/3609 3628/3736/3564 3627/3734/3563
f 3676/3786/3610 3629/3737/3565 3628/3736/3564
f 3629/3737/3565 3678/3787/3612 3630/3788/3566
f 3678/3787/3612 3631/3738/3567 3630/3788/3566
f 3679/3789/3613 3632/3740/3568 3631/3738/3567
f 3680/3790/3614 3633/3742/3569 3632/3740/3568
f 3681/3791/3615 3634/3743/3570 3633/3742/3569
f 3634/3743/3570 3683/3792/3617 3635/3793/3571
f 3683/3792/3617 3636/3744/3572 3635/3793/3571
f 3684/3794/3618 3637/3746/3573 3636/3744/3572
f 3685/3795/3619 3638/3747/3574 3637/3746/3573
f 3638/3747/3574 3687/3796/3621 3639/3748/3575
f 3687/3796/3621 3640/3749/3576 3639/3748/3575
f 3640/3749/3576 3689/3797/3623 3641/3750/3577
f 3641/3750/3577 3690/3798/3624 3642/3799/3578
f 3690/3798/3624 3643/3751/3579 3642/3799/3578
f 3643/3751/3579 3692/3800/3626 3644/3752/3580
f 3692/3800/3626 3645/3754/3581 3644/3752/3580
f 3693/3801/3627 3646/3802/3582 3645/3754/3581
f 3694/3803/3628 3647/3755/3583 3646/3802/3582
f 3647/3755/3583 3696/3804/3630 3648/3757/3584
f 3696/3804/3630 3601/3708/1221 3648/3757/3584
f 3697/3805/1317 3650/3759/3585 3649/3758/1269
f 3650/3759/3585 3699/3806/3632 3651/3760/3586
f 3699/3806/3632 3652/3761/3587 3651/3760/3586
f 3652/3761/3587 3701/3807/3634 3653/3762/3588
f 3701/3807/3634 3654/3764/3589 3653/3762/3588
f 3654/3764/3589 3703/3808/3636 3655/3765/3590
f 3703/3808/3636 3656/3767/3591 3655/3765/3590
f 3704/3809/3637 3657/3768/3592 3656/3767/3591
f 3705/3810/3638 3658/3811/3593 3657/3768/3592
f 3706/3812/3639 3659/3769/3594 3658/3811/3593
f 3707/3813/3640 3660/3814/3595 3659/3769/3594
f 3660/3814/3595 3709/3815/3642 3661/3770/3596
f 3709/3815/3642 3662/3771/3597 3661/3770/3596
f 3710/3816/3643 3663/3772/3598 3662/3771/3597
f 3711/3817/3644 3664/3818/3599 3663/3772/3598
f 3712/3819/3645 3665/3773/3600 3664/3818/3599
f 3713/3820/3646 3666/3774/3601 3665/3773/3600
f 3714/3821/3647 3667/3822/3602 3666/3774/3601
f 3715/3823/3648 3668/3775/3603 3667/3822/3602
f 3716/3824/3649 3669/3777/3604 3668/3775/3603
f 3717/3825/3650 3670/3779/3605 3669/3777/3604
f 3718/3826/3651 3671/3780/3606 3670/3779/3605
f 3719/3827/3652 3672/3781/3607 3671/3780/3606
f 3720/3828/3653 3673/3829/1245 3672/3781/3607
f 3673/3783/1245 3722/3830/3654 3674/3784/3608
f 3674/3784/3608 3723/3831/3655 3675/3785/3609
f 3723/3831/3655 3676/3786/3610 3675/3785/3609
f 3676/3786/3610 3725/3832/3657 3677/3833/3611
f 3677/3833/3611 3726/3834/3658 3678/3787/3612
f 3678/3787/3612 3727/3835/3659 3679/3789/3613
f 3679/3789/3613 3728/3836/3660 3680/3790/3614
f 3680/3790/3614 3729/3837/3661 3681/3791/3615
f 3681/3791/3615 3730/3838/3662 3682/3839/3616
f 3730/3838/3662 3683/3792/3617 3682/3839/3616
f 3683/3792/3617 3732/3840/3664 3684/3794/3618
f 3684/3794/3618 3733/3841/3665 3685/3795/3619
f 3733/3841/3665 3686/3842/3620 3685/3795/3619
f 3734/3843/3666 3687/3796/3621 3686/3842/3620
f 3687/3796/3621 3736/3844/3668 3688/3845/3622
f 3736/3844/3668 3689/3797/3623 3688/3845/3622
f 3737/3846/3669 3690/3798/3624 3689/3797/3623
f 3690/3798/3624 3739/3847/3671 3691/3848/3625
f 3739/3847/3671 3692/3800/3626 3691/3848/3625
f 3692/3800/3626 3741/3849/3673 3693/3801/3627
f 3741/3849/3673 3694/3803/3628 3693/3801/3627
f 3742/3850/3674 3695/3851/3629 3694/3803/3628
f 3743/3852/3675 3696/3804/3630 3695/3851/3629
f 3744/3853/3676 3649/3758/1269 3696/3804/3630
f 3745/3854/1364 3698/3855/3631 3697/3805/1317
f 3698/3855/3631 3747/3856/3678 3699/3806/3632
f 3747/3856/3678 3700/3857/3633 3699/3806/3632
f 3748/3858/3679 3701/3807/3634 3700/3857/3633
f 3749/3859/3680 3702/3860/3635 3701/3807/3634
f 3702/3860/3635 3751/3861/3682 3703/3808/3636
f 3703/3808/3636 3752/3862/3683 3704/3809/3637
f 3752/3862/3683 3705/3810/3638 3704/3809/3637
f 3753/3863/3684 3706/3812/3639 3705/3810/3638
f 3706/3812/3639 3755/3864/3686 3707/3813/3640
f 3707/3813/3640 3756/3865/3687 3708/3866/3641
f 3708/3866/3641 3757/3867/3642 3709/3815/3642
f 3709/3815/3642 3758/3868/3688 3710/3816/3643
f 3758/3868/3688 3711/3817/3644 3710/3816/3643
f 3711/3817/3644 3760/3869/3690 3712/3819/3645
f 3760/3869/3690 3713/3820/3646 3712/3819/3645
f 3713/3820/3646 3762/3870/3692 3714/3821/3647
f 3714/3821/3647 3763/3871/3693 3715/3823/3648
f 3715/3823/3648 3764/3872/3694 3716/3824/3649
f 3716/3824/3649 3765/3873/3695 3717/3825/3650
f 3765/3873/3695 3718/3826/3651 3717/3825/3650
f 3718/3826/3651 3767/3874/3697 3719/3827/3652
f 3719/3827/3652 3768/3875/3698 3720/3828/3653
f 3768/3875/3698 3721/3876/1293 3720/3828/3653
f 3721/3877/1293 3770/3878/3699 3722/3830/3654
f 3770/3878/3699 3723/3831/3655 3722/3830/3654
f 3771/3879/3700 3724/3880/3656 3723/3831/3655
f 3724/3880/3656 3773/3881/3702 3725/3832/3657
f 3773/3881/3702 3726/3834/3658 3725/3832/3657
f 3774/3882/3703 3727/3835/3659 3726/3834/3658
f 3775/3883/3704 3728/3836/3660 3727/3835/3659
f 3776/3884/3705 3729/3837/3661 3728/3836/3660
f 3729/3837/3661 3778/3885/3707 3730/3838/3662
f 3778/3885/3707 3731/3886/3663 3730/3838/3662
f 3779/3887/3708 3732/3840/3664 3731/3886/3663
f 3780/3888/3709 3733/3841/3665 3732/3840/3664
f 3781/3889/3665 3734/3843/3666 3733/3841/3665
f 3782/3890/3710 3735/3891/3667 3734/3843/3666
f 3783/3892/3711 3736/3844/3668 3735/3891/3667
f 3736/3844/3668 3785/3893/3713 3737/3846/3669
f 3737/3846/3669 3786/3894/3714 3738/3895/3670
f 3786/3894/3714 3739/3847/3671 3738/3895/3670
f 3787/3896/3715 3740/3897/3672 3739/3847/3671
f 3788/3898/3716 3741/3849/3673 3740/3897/3672
f 3789/3899/3717 3742/3850/3674 3741/3849/3673
f 3790/3900/3718 3743/3852/3675 3742/3850/3674
f 3791/3901/3719 3744/3853/3676 3743/3852/3675
f 3792/3902/3720 3697/3805/1317 3744/3853/3676
f 3793/3903/1411 3746/3904/3677 3745/3854/1364
f 3794/3905/3721 3747/3856/3678 3746/3904/3677
f 3747/3856/3678 3796/3906/3723 3748/3858/3679
f 3796/3906/3723 3749/3859/3680 3748/3858/3679
f 3797/3907/3724 3750/3908/3681 3749/3859/3680
f 3750/3908/3681 3799/3909/3726 3751/3861/3682
f 3799/3909/3726 3752/3862/3683 3751/3861/3682
f 3800/3910/3727 3753/3863/3684 3752/3862/3683
f 3801/3911/3728 3754/3912/3685 3753/3863/3684
f 3754/3912/3685 3803/3913/3730 3755/3864/3686
f 3803/3913/3730 3756/3865/3687 3755/3864/3686
f 3756/3865/3687 3805/3914/3732 3757/3867/3642
f 3757/3867/3642 3806/3915/3733 3758/3868/3688
f 3806/3915/3733 3759/3916/3689 3758/3868/3688
f 3807/3917/3734 3760/3869/3690 3759/3916/3689
f 3760/3869/3690 3809/3918/3736 3761/3919/3691
f 3761/3919/3691 3810/3920/3737 3762/3870/3692
f 3810/3920/3737 3763/3871/3693 3762/3870/3692
f 3763/3871/3693 3812/3921/3739 3764/3872/3694
f 3764/3872/3694 3813/3922/3740 3765/3873/3695
f 3813/3922/3740 3766/3923/3696 3765/3873/3695
f 3814/3924/3741 3767/3874/3697 3766/3923/3696
f 3815/3925/3742 3768/3875/3698 3767/3874/3697
f 3816/3926/3743 3769/3927/1341 3768/3875/3698
f 3817/3928/1387 3770/3878/3699 3769/3929/1341
f 3770/3878/3699 3819/3930/3745 3771/3879/3700
f 3771/3879/3700 3820/3931/3746 3772/3932/3701
f 3820/3931/3746 3773/3881/3702 3772/3932/3701
f 3821/3933/3747 3774/3882/3703 3773/3881/3702
f 3822/3934/3748 3775/3883/3704 3774/3882/3703
f 3823/3935/3749 3776/3884/3705 3775/3883/3704
f 3824/3936/3750 3777/3937/3706 3776/3884/3705
f 3825/3938/3751 3778/3885/3707 3777/3937/3706
f 3778/3885/3707 3827/3939/3753 3779/3887/3708
f 3827/3939/3753 3780/3888/3709 3779/3887/3708
f 3828/3940/3754 3781/3889/3665 3780/3888/3709
f 3829/3941/3755 3782/3890/3710 3781/3889/3665
f 3782/3890/3710 3831/3942/3757 3783/3892/3711
f 3831/3942/3757 3784/3943/3712 3783/3892/3711
f 3832/3944/3758 3785/3893/3713 3784/3943/3712
f 3785/3893/3713 3834/3945/3760 3786/3894/3714
f 3786/3894/3714 3835/3946/3761 3787/3896/3715
f 3835/3946/3761 3788/3898/3716 3787/3896/3715
f 3788/3898/3716 3837/3947/3763 3789/3899/3717
f 3837/3947/3763 3790/3900/3718 3789/3899/3717
f 3838/3948/3764 3791/3901/3719 3790/3900/3718
f 3839/3949/3765 3792/3902/3720 3791/3901/3719
f 3792/3902/3720 3793/3903/1411 3745/3854/1364
f 3841/3950/1459 3794/3905/3721 3793/3903/1411
f 3794/3905/3721 3843/3951/3768 3795/3952/3722
f 3795/3952/3722 3844/3953/3769 3796/3906/3723
f 3844/3953/3769 3797/3907/3724 3796/3906/3723
f 3797/3907/3724 3846/3954/3771 3798/3955/3725
f 3798/3955/3725 3847/3956/3772 3799/3909/3726
f 3799/3909/3726 3848/3957/3773 3800/3910/3727
f 3800/3910/3727 3849/3958/3774 3801/3911/3728
f 3849/3958/3774 3802/3959/3729 3801/3911/3728
f 3850/3960/3775 3803/3913/3730 3802/3959/3729
f 3851/3961/3776 3804/3962/3731 3803/3913/3730
f 3804/3962/3731 3853/3963/3778 3805/3914/3732
f 3853/3963/3778 3806/3915/3733 3805/3914/3732
f 3806/3915/3733 3855/3964/3780 3807/3917/3734
f 3807/3917/3734 3856/3965/3781 3808/3966/3735
f 3808/3966/3735 3857/3967/3782 3809/3918/3736
f 3809/3918/3736 3858/3968/3783 3810/3920/3737
f 3810/3920/3737 3859/3969/3784 3811/3970/3738
f 3859/3969/3784 3812/3921/3739 3811/3970/3738
f 3812/3921/3739 3861/3971/3786 3813/3922/3740
f 3861/3971/3786 3814/3924/3741 3813/3922/3740
f 3862/3972/3787 3815/3925/3742 3814/3924/3741
f 3815/3925/3742 3864/3973/3789 3816/3926/3743
f 3816/3926/3743 3865/3974/1435 3817/3975/1387
f 3865/3976/1435 3818/3977/3744 3817/3928/1387
f 3866/3978/3790 3819/3930/3745 3818/3977/3744
f 3867/3979/3791 3820/3931/3746 3819/3930/3745
f 3868/3980/3792 3821/3933/3747 3820/3931/3746
f 3869/3981/3793 3822/3934/3748 3821/3933/3747
f 3822/3934/3748 3871/3982/3795 3823/3935/3749
f 3871/3982/3795 3824/3936/3750 3823/3935/3749
f 3872/3983/3796 3825/3938/3751 3824/3936/3750
f 3873/3984/3797 3826/3985/3752 3825/3938/3751
f 3826/3985/3752 3875/3986/3799 3827/3939/3753
f 3875/3986/3799 3828/3940/3754 3827/3939/3753
f 3876/3987/3800 3829/3941/3755 3828/3940/3754
f 3877/3988/3801 3830/3989/3756 3829/3941/3755
f 3830/3989/3756 3879/3990/3803 3831/3942/3757
f 3879/3990/3803 3832/3944/3758 3831/3942/3757
f 3832/3944/3758 3881/3991/3805 3833/3992/3759
f 3881/3991/3805 3834/3945/3760 3833/3992/3759
f 3882/3993/3806 3835/3946/3761 3834/3945/3760
f 3883/3994/3807 3836/3995/3762 3835/3946/3761
f 3884/3996/3808 3837/3947/3763 3836/3995/3762
f 3885/3997/3809 3838/3948/3764 3837/3947/3763
f 3886/3998/3810 3839/3949/3765 3838/3948/3764
f 3887/3999/3811 3840/4000/3766 3839/3949/3765
f 3840/4000/3766 3841/3950/1459 3793/3903/1411
f 3889/4001/1507 3842/4002/3767 3841/3950/1459
f 3890/4003/3813 3843/3951/3768 3842/4002/3767
f 3891/4004/3814 3844/3953/3769 3843/3951/3768
f 3892/4005/3815 3845/4006/3770 3844/3953/3769
f 3893/4007/3816 3846/3954/3771 3845/4006/3770
f 3846/3954/3771 3895/4008/3818 3847/3956/3772
f 3847/3956/3772 3896/4009/3819 3848/3957/3773
f 3848/3957/3773 3897/4010/3820 3849/3958/3774
f 3849/3958/3774 3898/4011/3821 3850/3960/3775
f 3850/3960/3775 3899/4012/3822 3851/3961/3776
f 3899/4012/3822 3852/4013/3777 3851/3961/3776
f 3900/4014/3823 3853/3963/3778 3852/4013/3777
f 3853/3963/3778 3902/4015/3825 3854/4016/3779
f 3902/4015/3825 3855/3964/3780 3854/4016/3779
f 3903/4017/3826 3856/3965/3781 3855/3964/3780
f 3904/4018/3827 3857/3967/3782 3856/3965/3781
f 3905/4019/3828 3858/3968/3783 3857/3967/3782
f 3858/3968/3783 3907/4020/3830 3859/3969/3784
f 3907/4020/3830 3860/4021/3785 3859/3969/3784
f 3860/4021/3785 3909/4022/3832 3861/3971/3786
f 3909/4022/3832 3862/3972/3787 3861/3971/3786
f 3862/3972/3787 3911/4023/3834 3863/4024/3788
f 3911/4023/3834 3864/3973/3789 3863/4024/3788
f 3912/4025/3835 3865/3974/1435 3864/3973/3789
f 3913/4026/1483 3866/3978/3790 3865/3976/1435
f 3914/4027/3836 3867/3979/3791 3866/3978/3790
f 3915/4028/3837 3868/3980/3792 3867/3979/3791
f 3916/4029/3838 3869/3981/3793 3868/3980/3792
f 3917/4030/3839 3870/4031/3794 3869/3981/3793
f 3870/4031/3794 3919/4032/3841 3871/3982/3795
f 3919/4032/3841 3872/3983/3796 3871/3982/3795
f 3872/3983/3796 3921/4033/3843 3873/3984/3797
f 3873/3984/3797 3922/4034/3844 3874/4035/3798
f 3874/4035/3798 3923/4036/3845 3875/3986/3799
f 3875/3986/3799 3924/4037/3846 3876/3987/3800
f 3924/4037/3846 3877/3988/3801 3876/3987/3800
f 3925/4038/3847 3878/4039/3802 3877/3988/3801
f 3878/4039/3802 3927/4040/3849 3879/3990/3803
f 3927/4040/3849 3880/4041/3804 3879/3990/3803
f 3928/4042/3850 3881/3991/3805 3880/4041/3804
f 3929/4043/3851 3882/3993/3806 3881/3991/3805
f 3930/4044/3852 3883/3994/3807 3882/3993/3806
f 3931/4045/3853 3884/3996/3808 3883/3994/3807
f 3884/3996/3808 3933/4046/3855 3885/3997/3809
f 3933/4046/3855 3886/3998/3810 3885/3997/3809
f 3886/3998/3810 3935/4047/3857 3887/3999/3811
f 3935/4047/3857 3888/4048/3812 3887/3999/3811
f 3888/4048/3812 3889/4001/1507 3841/3950/1459
f 3937/4049/1555 3890/4003/3813 3889/4001/1507
f 3890/4003/3813 3939/4050/3860 3891/4004/3814
f 3939/4050/3860 3892/4005/3815 3891/4004/3814
f 3892/4005/3815 3941/4051/3862 3893/4007/3816
f 3941/4051/3862 3894/4052/3817 3893/4007/3816
f 3942/4053/3863 3895/4008/3818 3894/4052/3817
f 3943/4054/3864 3896/4009/3819 3895/4008/3818
f 3944/4055/3865 3897/4010/3820 3896/4009/3819
f 3945/4056/3866 3898/4011/3821 3897/4010/3820
f 3946/4057/3867 3899/4012/3822 3898/4011/3821
f 3947/4058/3868 3900/4014/3823 3899/4012/3822
f 3900/4014/3823 3949/4059/3870 3901/4060/3824
f 3949/4059/3870 3902/4015/3825 3901/4060/3824
f 3950/4061/3871 3903/4017/3826 3902/4015/3825
f 3951/4062/3872 3904/4018/3827 3903/4017/3826
f 3952/4063/3873 3905/4019/3828 3904/4018/3827
f 3953/4064/3874 3906/4065/3829 3905/4019/3828
f 3906/4065/3829 3955/4066/3876 3907/4020/3830
f 3955/4066/3876 3908/4067/3831 3907/4020/3830
f 3956/4068/3877 3909/4022/3832 3908/4067/3831
f 3957/4069/3878 3910/4070/3833 3909/4022/3832
f 3958/4071/3879 3911/4023/3834 3910/4070/3833
f 3911/4023/3834 3960/4072/3881 3912/4025/3835
f 3960/4072/3881 3913/4073/1483 3912/4025/3835
f 3961/4074/1531 3914/4027/3836 3913/4026/1483
f 3962/4075/3882 3915/4028/3837 3914/4027/3836
f 3963/4076/3883 3916/4029/3838 3915/4028/3837
f 3916/4029/3838 3965/4077/3885 3917/4030/3839
f 3965/4077/3885 3918/4078/3840 3917/4030/3839
f 3966/4079/3886 3919/4032/3841 3918/4078/3840
f 3967/4080/3887 3920/4081/3842 3919/4032/3841
f 3968/4082/3888 3921/4033/3843 3920/4081/3842
f 3921/4033/3843 3970/4083/3890 3922/4034/3844
f 3922/4034/3844 3971/4084/3891 3923/4036/3845
f 3923/4036/3845 3972/4085/3892 3924/4037/3846
f 3972/4085/3892 3925/4038/3847 3924/4037/3846
f 3973/4086/3893 3926/4087/3848 3925/4038/3847
f 3926/4087/3848 3975/4088/3895 3927/4040/3849
f 3927/4040/3849 3976/4089/3896 3928/4042/3850
f 3928/4042/3850 3977/4090/3897 3929/4043/3851
f 3977/4090/3897 3930/4044/3852 3929/4043/3851
f 3978/4091/3898 3931/4045/3853 3930/4044/3852
f 3931/4045/3853 3980/4092/3900 3932/4093/3854
f 3932/4093/3854 3981/4094/3901 3933/4046/3855
f 3981/4094/3901 3934/4095/3856 3933/4046/3855
f 3934/4095/3856 3983/4096/3903 3935/4047/3857
f 3983/4096/3903 3936/4097/3858 3935/4047/3857
f 3984/4098/3904 3889/4001/1507 3936/4097/3858
f 3985/4099/1603 3938/4100/3859 3937/4049/1555
f 3986/4101/3905 3939/4050/3860 3938/4100/3859
f 3987/4102/3906 3940/4103/3861 3939/4050/3860
f 3940/4103/3861 3989/4104/3908 3941/4051/3862
f 3989/4104/3908 3942/4053/3863 3941/4051/3862
f 3990/4105/3909 3943/4054/3864 3942/4053/3863
f 3991/4106/3910 3944/4055/3865 3943/4054/3864
f 3944/4055/3865 3993/4107/3912 3945/4056/3866
f 3993/4107/3912 3946/4057/3867 3945/4056/3866
f 3994/4108/3913 3947/4058/3868 3946/4057/3867
f 3947/4058/3868 3996/4109/3915 3948/4110/3869
f 3996/4109/3915 3949/4059/3870 3948/4110/3869
f 3997/4111/3916 3950/4061/3871 3949/4059/3870
f 3998/4112/3917 3951/4062/3872 3950/4061/3871
f 3951/4062/3872 4000/4113/3919 3952/4063/3873
f 3952/4063/3873 4001/4114/3920 3953/4064/3874
f 4001/4114/3920 3954/4115/3875 3953/4064/3874
f 3954/4115/3875 4003/4116/3922 3955/4066/3876
f 4003/4116/3922 3956/4068/3877 3955/4066/3876
f 4004/4117/3923 3957/4069/3878 3956/4068/3877
f 4005/4118/3924 3958/4071/3879 3957/4069/3878
f 3958/4071/3879 4007/4119/3926 3959/4120/3880
f 3959/4120/3880 4008/4121/3927 3960/4072/3881
f 4008/4121/3927 3961/4122/1531 3960/4072/3881
f 3961/4074/1531 4010/4123/3928 3962/4075/3882
f 4010/4123/3928 3963/4076/3883 3962/4075/3882
f 3963/4076/3883 4012/4124/3930 3964/4125/3884
f 3964/4125/3884 4013/4126/3931 3965/4077/3885
f 4013/4126/3931 3966/4079/3886 3965/4077/3885
f 3966/4079/3886 4015/4127/3933 3967/4080/3887
f 4015/4127/3933 3968/4082/3888 3967/4080/3887
f 3968/4082/3888 4017/4128/3935 3969/4129/3889
f 4017/4128/3935 3970/4083/3890 3969/4129/3889
f 4018/4130/3936 3971/4084/3891 3970/4083/3890
f 4019/4131/3937 3972/4085/3892 3971/4084/3891
f 3972/4085/3892 4021/4132/3939 3973/4086/3893
f 3973/4086/3893 4022/4133/3940 3974/4134/3894
f 4022/4133/3940 3975/4088/3895 3974/4134/3894
f 4023/4135/3941 3976/4089/3896 3975/4088/3895
f 3976/4089/3896 4025/4136/3943 3977/4090/3897
f 4025/4136/3943 3978/4091/3898 3977/4090/3897
f 4026/4137/3944 3979/4138/3899 3978/4091/3898
f 3979/4138/3899 4028/4139/3946 3980/4092/3900
f 3980/4092/3900 4029/4140/3947 3981/4094/3901
f 4029/4140/3947 3982/4141/3902 3981/4094/3901
f 3982/4141/3902 4031/4142/3949 3983/4096/3903
f 3983/4096/3903 4032/4143/3950 3984/4098/3904
f 4032/4143/3950 3937/4049/1555 3984/4098/3904
f 4033/4144/1651 3986/4101/3905 3985/4099/1603
f 4034/4145/3951 3987/4102/3906 3986/4101/3905
f 4035/4146/3952 3988/4147/3907 3987/4102/3906
f 3988/4147/3907 4037/4148/3954 3989/4104/3908
f 3989/4104/3908 4038/4149/3955 3990/4105/3909
f 4038/4149/3955 3991/4106/3910 3990/4105/3909
f 3991/4106/3910 4040/4150/3957 3992/4151/3911
f 3992/4151/3911 4041/4152/3958 3993/4107/3912
f 4041/4152/3958 3994/4108/3913 3993/4107/3912
f 4042/4153/3959 3995/4154/3914 3994/4108/3913
f 3995/4154/3914 4044/4155/3961 3996/4109/3915
f 4044/4155/3961 3997/4111/3916 3996/4109/3915
f 3997/4111/3916 4046/4156/3963 3998/4112/3917
f 3998/4112/3917 4047/4157/3964 3999/4158/3918
f 3999/4158/3918 4048/4159/3965 4000/4113/3919
f 4000/4113/3919 4049/4160/3966 4001/4114/3920
f 4001/4114/3920 4050/4161/3967 4002/4162/3921
f 4002/4162/3921 4051/4163/3968 4003/4116/3922
f 4003/4116/3922 4052/4164/3969 4004/4117/3923
f 4004/4117/3923 4053/4165/3970 4005/4118/3924
f 4053/4165/3970 4006/4166/3925 4005/4118/3924
f 4006/4166/3925 4055/4167/3972 4007/4119/3926
f 4055/4167/3972 4008/4121/3927 4007/4119/3926
f 4056/4168/3973 4009/4169/1579 4008/4121/3927
f 4009/4170/1579 4058/4171/3974 4010/4123/3928
f 4058/4171/3974 4011/4172/3929 4010/4123/3928
f 4059/4173/3975 4012/4124/3930 4011/4172/3929
f 4060/4174/3976 4013/4126/3931 4012/4124/3930
f 4061/4175/3977 4014/4176/3932 4013/4126/3931
f 4062/4177/3978 4015/4127/3933 4014/4176/3932
f 4063/4178/3979 4016/4179/3934 4015/4127/3933
f 4064/4180/3980 4017/4128/3935 4016/4179/3934
f 4065/4181/3981 4018/4130/3936 4017/4128/3935
f 4066/4182/3982 4019/4131/3937 4018/4130/3936
f 4067/4183/3983 4020/4184/3938 4019/4131/3937
f 4068/4185/3984 4021/4132/3939 4020/4184/3938
f 4069/4186/3985 4022/4133/3940 4021/4132/3939
f 4070/4187/3986 4023/4135/3941 4022/4133/3940
f 4071/4188/3987 4024/4189/3942 4023/4135/3941
f 4072/4190/3988 4025/4136/3943 4024/4189/3942
f 4073/4191/3989 4026/4137/3944 4025/4136/3943
f 4074/4192/3990 4027/4193/3945 4026/4137/3944
f 4075/4194/3991 4028/4139/3946 4027/4193/3945
f 4076/4195/3992 4029/4140/3947 4028/4139/3946
f 4077/4196/3993 4030/4197/3948 4029/4140/3947
f 4030/4197/3948 4079/4198/3995 4031/4142/3949
f 4079/4198/3995 4032/4143/3950 4031/4142/3949
f 4080/4199/3996 3985/4099/1603 4032/4143/3950
f 4081/4200/1699 4034/4145/3951 4033/4144/1651
f 4034/4145/3951 4083/4201/3998 4035/4146/3952
f 4083/4201/3998 4036/4202/3953 4035/4146/3952
f 4084/4203/3999 4037/4148/3954 4036/4202/3953
f 4085/4204/4000 4038/4149/3955 4037/4148/3954
f 4086/4205/4001 4039/4206/3956 4038/4149/3955
f 4087/4207/4002 4040/4150/3957 4039/4206/3956
f 4088/4208/4003 4041/4152/3958 4040/4150/3957
f 4041/4152/3958 4090/4209/4005 4042/4153/3959
f 4042/4153/3959 4091/4210/4006 4043/4211/3960
f 4091/4210/4006 4044/4155/3961 4043/4211/3960
f 4044/4155/3961 4093/4212/4008 4045/4213/3962
f 4045/4213/3962 4094/4214/4009 4046/4156/3963
f 4094/4214/4009 4047/4157/3964 4046/4156/3963
f 4047/4157/3964 4096/4215/4011 4048/4159/3965
f 4096/4215/4011 4049/4160/3966 4048/4159/3965
f 4097/4216/4012 4050/4161/3967 4049/4160/3966
f 4098/4217/4013 4051/4163/3968 4050/4161/3967
f 4099/4218/4014 4052/4164/3969 4051/4163/3968
f 4100/4219/4015 4053/4165/3970 4052/4164/3969
f 4101/4220/4016 4054/4221/3971 4053/4165/3970
f 4102/4222/4017 4055/4167/3972 4054/4221/3971
f 4103/4223/4018 4056/4168/3973 4055/4167/3972
f 4104/4224/4019 4057/4225/1627 4056/4168/3973
f 4105/4226/1675 4058/4171/3974 4057/4227/1627
f 4106/4228/4020 4059/4173/3975 4058/4171/3974
f 4107/4229/4021 4060/4174/3976 4059/4173/3975
f 4108/4230/4022 4061/4175/3977 4060/4174/3976
f 4061/4175/3977 4110/4231/4024 4062/4177/3978
f 4062/4177/3978 4111/4232/4025 4063/4178/3979
f 4063/4178/3979 4112/4233/4026 4064/4180/3980
f 4112/4233/4026 4065/4181/3981 4064/4180/3980
f 4065/4181/3981 4114/4234/4028 4066/4182/3982
f 4114/4234/4028 4067/4183/3983 4066/4182/3982
f 4115/4235/4029 4068/4185/3984 4067/4183/3983
f 4116/4236/4030 4069/4186/3985 4068/4185/3984
f 4117/4237/4031 4070/4187/3986 4069/4186/3985
f 4070/4187/3986 4119/4238/4033 4071/4188/3987
f 4119/4238/4033 4072/4190/3988 4071/4188/3987
f 4120/4239/4034 4073/4191/3989 4072/4190/3988
f 4073/4191/3989 4122/4240/4036 4074/4192/3990
f 4122/4240/4036 4075/4194/3991 4074/4192/3990
f 4123/4241/4037 4076/4195/3992 4075/4194/3991
f 4124/4242/4038 4077/4196/3993 4076/4195/3992
f 4125/4243/4039 4078/4244/3994 4077/4196/3993
f 4078/4244/3994 4127/4245/4041 4079/4198/3995
f 4127/4245/4041 4080/4199/3996 4079/4198/3995
f 4128/4246/4042 4033/4144/1651 4080/4199/3996
f 4129/4247/1747 4082/4248/3997 4081/4200/1699
f 4130/4249/4043 4083/4201/3998 4082/4248/3997
f 4131/4250/4044 4084/4203/3999 4083/4201/3998
f 4132/4251/4045 4085/4204/4000 4084/4203/3999
f 4133/4252/4046 4086/4205/4001 4085/4204/4000
f 4134/4253/4047 4087/4207/4002 4086/4205/4001
f 4135/4254/4048 4088/4208/4003 4087/4207/4002
f 4136/4255/4049 4089/4256/4004 4088/4208/4003
f 4137/4257/4050 4090/4209/4005 4089/4256/4004
f 4138/4258/4051 4091/4210/4006 4090/4209/4005
f 4139/4259/4052 4092/4260/4007 4091/4210/4006
f 4140/4261/4053 4093/4212/4008 4092/4260/4007
f 4093/4212/4008 4142/4262/4055 4094/4214/4009
f 4142/4262/4055 4095/4263/4010 4094/4214/4009
f 4143/4264/4056 4096/4215/4011 4095/4263/4010
f 4144/4265/4057 4097/4216/4012 4096/4215/4011
f 4145/4266/4058 4098/4217/4013 4097/4216/4012
f 4098/4217/4013 4147/4267/4060 4099/4218/4014
f 4147/4267/4060 4100/4219/4015 4099/4218/4014
f 4148/4268/4061 4101/4220/4016 4100/4219/4015
f 4149/4269/4062 4102/4222/4017 4101/4220/4016
f 4150/4270/4063 4103/4223/4018 4102/4222/4017
f 4151/4271/4064 4104/4224/4019 4103/4223/4018
f 4152/4272/4065 4105/4273/1675 4104/4224/4019
f 4105/4226/1675 4154/4274/4066 4106/4228/4020
f 4154/4274/4066 4107/4229/4021 4106/4228/4020
f 4107/4229/4021 4156/4275/4068 4108/4230/4022
f 4156/4275/4068 4109/4276/4023 4108/4230/4022
f 4109/4276/4023 4158/4277/4070 4110/4231/4024
f 4110/4231/4024 4159/4278/4071 4111/4232/4025
f 4159/4278/4071 4112/4233/4026 4111/4232/4025
f 4112/4233/4026 4161/4279/4073 4113/4280/4027
f 4161/4279/4073 4114/4234/4028 4113/4280/4027
f 4114/4234/4028 4163/4281/4075 4115/4235/4029
f 4115/4235/4029 4164/4282/4076 4116/4236/4030
f 4164/4282/4076 4117/4237/4031 4116/4236/4030
f 4117/4237/4031 4166/4283/4078 4118/4284/4032
f 4118/4284/4032 4167/4285/4079 4119/4238/4033
f 4119/4238/4033 4168/4286/4080 4120/4239/4034
f 4120/4239/4034 4169/4287/4081 4121/4288/4035
f 4169/4287/4081 4122/4240/4036 4121/4288/4035
f 4122/4240/4036 4171/4289/4083 4123/4241/4037
f 4123/4241/4037 4172/4290/4084 4124/4242/4038
f 4124/4242/4038 4173/4291/4085 4125/4243/4039
f 4173/4291/4085 4126/4292/4040 4125/4243/4039
f 4126/4292/4040 4175/4293/4087 4127/4245/4041
f 4127/4245/4041 4176/4294/4088 4128/4246/4042
f 4128/4246/4042 4129/4247/1747 4081/4200/1699
f 4129/4247/1747 4178/4295/4089 4130/4249/4043
f 4130/4249/4043 4179/4296/4090 4131/4250/4044
f 4131/4250/4044 4180/4297/4091 4132/4251/4045
f 4180/4297/4091 4133/4252/4046 4132/4251/4045
f 4133/4252/4046 4182/4298/4093 4134/4253/4047
f 4134/4253/4047 4183/4299/4094 4135/4254/4048
f 4135/4254/4048 4184/4300/4095 4136/4255/4049
f 4136/4255/4049 4185/4301/4096 4137/4257/4050
f 4137/4257/4050 4186/4302/4097 4138/4258/4051
f 4138/4258/4051 4187/4303/4098 4139/4259/4052
f 4139/4259/4052 4188/4304/4099 4140/4261/4053
f 4188/4304/4099 4141/4305/4054 4140/4261/4053
f 4141/4305/4054 4190/4306/4101 4142/4262/4055
f 4142/4262/4055 4191/4307/4102 4143/4264/4056
f 4143/4264/4056 4192/4308/4103 4144/4265/4057
f 4144/4265/4057 4193/4309/4104 4145/4266/4058
f 4145/4266/4058 4194/4310/4105 4146/4311/4059
f 4146/4311/4059 4195/4312/4106 4147/4267/4060
f 4147/4267/4060 4196/4313/4107 4148/4268/4061
f 4196/4313/4107 4149/4269/4062 4148/4268/4061
f 4149/4269/4062 4198/4314/4109 4150/4270/4063
f 4198/4314/4109 4151/4271/4064 4150/4270/4063
f 4151/4271/4064 4200/4315/4111 4152/4272/4065
f 4152/4272/4065 4201/4316/1771 4153/4317/1723
f 4201/4318/1771 4154/4274/4066 4153/4319/1723
f 4202/4320/4112 4155/4321/4067 4154/4274/4066
f 4155/4321/4067 4204/4322/4114 4156/4275/4068
f 4204/4322/4114 4157/4323/4069 4156/4275/4068
f 4205/4324/4115 4158/4277/4070 4157/4323/4069
f 4206/4325/4116 4159/4278/4071 4158/4277/4070
f 4207/4326/4117 4160/4327/4072 4159/4278/4071
f 4208/4328/4118 4161/4279/4073 4160/4327/4072
f 4209/4329/4119 4162/4330/4074 4161/4279/4073
f 4210/4331/4120 4163/4281/4075 4162/4330/4074
f 4211/4332/4121 4164/4282/4076 4163/4281/4075
f 4212/4333/4122 4165/4334/4077 4164/4282/4076
f 4213/4335/4123 4166/4283/4078 4165/4334/4077
f 4214/4336/4124 4167/4285/4079 4166/4283/4078
f 4215/4337/4125 4168/4286/4080 4167/4285/4079
f 4216/4338/4126 4169/4287/4081 4168/4286/4080
f 4217/4339/4127 4170/4340/4082 4169/4287/4081
f 4218/4341/4128 4171/4289/4083 4170/4340/4082
f 4219/4342/4129 4172/4290/4084 4171/4289/4083
f 4220/4343/4130 4173/4291/4085 4172/4290/4084
f 4173/4291/4085 4222/4344/4132 4174/4345/4086
f 4222/4344/4132 4175/4293/4087 4174/4345/4086
f 4223/4346/4133 4176/4294/4088 4175/4293/4087
f 4224/4347/4134 4129/4247/1747 4176/4294/4088
f 4225/4348/1843 4178/4295/4089 4177/4349/1795
f 4226/4350/4135 4179/4296/4090 4178/4295/4089
f 4179/4296/4090 4228/4351/4137 4180/4297/4091
f 4228/4351/4137 4181/4352/4092 4180/4297/4091
f 4229/4353/4138 4182/4298/4093 4181/4352/4092
f 4230/4354/4139 4183/4299/4094 4182/4298/4093
f 4231/4355/4140 4184/4300/4095 4183/4299/4094
f 4232/4356/4141 4185/4301/4096 4184/4300/4095
f 4233/4357/4142 4186/4302/4097 4185/4301/4096
f 4234/4358/4143 4187/4303/4098 4186/4302/4097
f 4235/4359/4144 4188/4304/4099 4187/4303/4098
f 4236/4360/4145 4189/4361/4100 4188/4304/4099
f 4237/4362/4146 4190/4306/4101 4189/4361/4100
f 4238/4363/4147 4191/4307/4102 4190/4306/4101
f 4239/4364/4148 4192/4308/4103 4191/4307/4102
f 4240/4365/4149 4193/4309/4104 4192/4308/4103
f 4241/4366/4150 4194/4310/4105 4193/4309/4104
f 4242/4367/4151 4195/4312/4106 4194/4310/4105
f 4243/4368/4152 4196/4313/4107 4195/4312/4106
f 4244/4369/4153 4197/4370/4108 4196/4313/4107
f 4245/4371/4154 4198/4314/4109 4197/4370/4108
f 4246/4372/4155 4199/4373/4110 4198/4314/4109
f 4199/4373/4110 4248/4374/4157 4200/4315/4111
f 4248/4374/4157 4201/4316/1771 4200/4315/4111
f 4249/4375/1819 4202/4320/4112 4201/4318/1771
f 4250/4376/4158 4203/4377/4113 4202/4320/4112
f 4203/4377/4113 4252/4378/4160 4204/4322/4114
f 4204/4322/4114 4253/4379/4161 4205/4324/4115
f 4205/4324/4115 4254/4380/4162 4206/4325/4116
f 4206/4325/4116 4255/4381/4163 4207/4326/4117
f 4255/4381/4163 4208/4328/4118 4207/4326/4117
f 4208/4328/4118 4257/4382/4165 4209/4329/4119
f 4209/4329/4119 4258/4383/4166 4210/4331/4120
f 4258/4383/4166 4211/4332/4121 4210/4331/4120
f 4211/4332/4121 4260/4384/4168 4212/4333/4122
f 4212/4333/4122 4261/4385/4169 4213/4335/4123
f 4261/4385/4169 4214/4336/4124 4213/4335/4123
f 4262/4386/4170 4215/4337/4125 4214/4336/4124
f 4215/4337/4125 4264/4387/4172 4216/4338/4126
f 4264/4387/4172 4217/4339/4127 4216/4338/4126
f 4217/4339/4127 4266/4388/4174 4218/4341/4128
f 4218/4341/4128 4267/4389/4175 4219/4342/4129
f 4219/4342/4129 4268/4390/4176 4220/4343/4130
f 4220/4343/4130 4269/4391/4177 4221/4392/4131
f 4221/4392/4131 4270/4393/4178 4222/4344/4132
f 4270/4393/4178 4223/4346/4133 4222/4344/4132
f 4271/4394/4179 4224/4347/4134 4223/4346/4133
f 4272/4395/4180 4177/4349/1795 4224/4347/4134
f 4273/4396/1891 4226/4350/4135 4225/4348/1843
f 4226/4350/4135 4275/4397/4182 4227/4398/4136
f 4275/4397/4182 4228/4351/4137 4227/4398/4136
f 4276/4399/4183 4229/4353/4138 4228/4351/4137
f 4229/4353/4138 4278/4400/4185 4230/4354/4139
f 4230/4354/4139 4279/4401/4186 4231/4355/4140
f 4231/4355/4140 4280/4402/4187 4232/4356/4141
f 4232/4356/4141 4281/4403/4188 4233/4357/4142
f 4281/4403/4188 4234/4358/4143 4233/4357/4142
f 4234/4358/4143 4283/4404/4190 4235/4359/4144
f 4283/4404/4190 4236/4360/4145 4235/4359/4144
f 4284/4405/4191 4237/4362/4146 4236/4360/4145
f 4237/4362/4146 4286/4406/4193 4238/4363/4147
f 4286/4406/4193 4239/4364/4148 4238/4363/4147
f 4239/4364/4148 4288/4407/4195 4240/4365/4149
f 4240/4365/4149 4289/4408/4196 4241/4366/4150
f 4241/4366/4150 4290/4409/4197 4242/4367/4151
f 4290/4409/4197 4243/4368/4152 4242/4367/4151
f 4243/4368/4152 4292/4410/4199 4244/4369/4153
f 4244/4369/4153 4293/4411/4200 4245/4371/4154
f 4245/4371/4154 4294/4412/4201 4246/4372/4155
f 4294/4412/4201 4247/4413/4156 4246/4372/4155
f 4295/4414/4202 4248/4374/4157 4247/4413/4156
f 4248/4374/4157 4297/4415/1867 4249/4416/1819
f 4297/4417/1867 4250/4376/4158 4249/4375/1819
f 4250/4376/4158 4299/4418/4205 4251/4419/4159
f 4299/4418/4205 4252/4378/4160 4251/4419/4159
f 4300/4420/4206 4253/4379/4161 4252/4378/4160
f 4301/4421/4207 4254/4380/4162 4253/4379/4161
f 4302/4422/4208 4255/4381/4163 4254/4380/4162
f 4255/4381/4163 4304/4423/4210 4256/4424/4164
f 4304/4423/4210 4257/4382/4165 4256/4424/4164
f 4305/4425/4211 4258/4383/4166 4257/4382/4165
f 4306/4426/4212 4259/4427/4167 4258/4383/4166
f 4259/4427/4167 4308/4428/4214 4260/4384/4168
f 4308/4428/4214 4261/4385/4169 4260/4384/4168
f 4261/4385/4169 4310/4429/4216 4262/4386/4170
f 4262/4386/4170 4311/4430/4217 4263/4431/4171
f 4311/4430/4217 4264/4387/4172 4263/4431/4171
f 4312/4432/4218 4265/4433/4173 4264/4387/4172
f 4313/4434/4219 4266/4388/4174 4265/4433/4173
f 4314/4435/4220 4267/4389/4175 4266/4388/4174
f 4315/4436/4221 4268/4390/4176 4267/4389/4175
f 4316/4437/4222 4269/4391/4177 4268/4390/4176
f 4269/4391/4177 4318/4438/4224 4270/4393/4178
f 4270/4393/4178 4319/4439/4225 4271/4394/4179
f 4319/4439/4225 4272/4395/4180 4271/4394/4179
f 4320/4440/4226 4225/4348/1843 4272/4395/4180
f 4321/4441/1939 4274/4442/4181 4273/4396/1891
f 4322/4443/4227 4275/4397/4182 4274/4442/4181
f 4323/4444/4228 4276/4399/4183 4275/4397/4182
f 4276/4399/4183 4325/4445/4230 4277/4446/4184
f 4325/4445/4230 4278/4400/4185 4277/4446/4184
f 4278/4400/4185 4327/4447/4232 4279/4401/4186
f 4279/4401/4186 4328/4448/4233 4280/4402/4187
f 4328/4448/4233 4281/4403/4188 4280/4402/4187
f 4329/4449/4234 4282/4450/4189 4281/4403/4188
f 4330/4451/4235 4283/4404/4190 4282/4450/4189
f 4331/4452/4236 4284/4405/4191 4283/4404/4190
f 4284/4405/4191 4333/4453/4238 4285/4454/4192
f 4285/4454/4192 4334/4455/4239 4286/4406/4193
f 4334/4455/4239 4287/4456/4194 4286/4406/4193
f 4335/4457/4240 4288/4407/4195 4287/4456/4194
f 4288/4407/4195 4337/4458/4242 4289/4408/4196
f 4337/4458/4242 4290/4409/4197 4289/4408/4196
f 4338/4459/4243 4291/4460/4198 4290/4409/4197
f 4291/4460/4198 4340/4461/4245 4292/4410/4199
f 4292/4410/4199 4341/4462/4246 4293/4411/4200
f 4293/4411/4200 4342/4463/4247 4294/4412/4201
f 4294/4412/4201 4343/4464/4248 4295/4414/4202
f 4343/4464/4248 4296/4465/4203 4295/4414/4202
f 4344/4466/4249 4297/4415/1867 4296/4465/4203
f 4345/4467/1915 4298/4468/4204 4297/4417/1867
f 4346/4469/4250 4299/4418/4205 4298/4468/4204
f 4347/4470/4251 4300/4420/4206 4299/4418/4205
f 4348/4471/4252 4301/4421/4207 4300/4420/4206
f 4349/4472/4253 4302/4422/4208 4301/4421/4207
f 4350/4473/4254 4303/4474/4209 4302/4422/4208
f 4303/4474/4209 4352/4475/4256 4304/4423/4210
f 4352/4475/4256 4305/4425/4211 4304/4423/4210
f 4353/4476/4257 4306/4426/4212 4305/4425/4211
f 4354/4477/4258 4307/4478/4213 4306/4426/4212
f 4307/4478/4213 4356/4479/4260 4308/4428/4214
f 4356/4479/4260 4309/4480/4215 4308/4428/4214
f 4357/4481/4261 4310/4429/4216 4309/4480/4215
f 4310/4429/4216 4359/4482/4263 4311/4430/4217
f 4359/4482/4263 4312/4432/4218 4311/4430/4217
f 4312/4432/4218 4361/4483/4265 4313/4434/4219
f 4313/4434/4219 4362/4484/4266 4314/4435/4220
f 4314/4435/4220 4363/4485/4267 4315/4436/4221
f 4315/4436/4221 4364/4486/4268 4316/4437/4222
f 4316/4437/4222 4365/4487/4269 4317/4488/4223
f 4365/4487/4269 4318/4438/4224 4317/4488/4223
f 4366/4489/4270 4319/4439/4225 4318/4438/4224
f 4319/4439/4225 4368/4490/4272 4320/4440/4226
f 4320/4440/4226 4321/4441/1939 4273/4396/1891
f 4321/4441/1939 4370/4491/4273 4322/4443/4227
f 4370/4491/4273 4323/4444/4228 4322/4443/4227
f 4371/4492/4274 4324/4493/4229 4323/4444/4228
f 4324/4493/4229 4373/4494/4276 4325/4445/4230
f 4373/4494/4276 4326/4495/4231 4325/4445/4230
f 4326/4495/4231 4375/4496/4278 4327/4447/4232
f 4327/4447/4232 4376/4497/4279 4328/4448/4233
f 4376/4497/4279 4329/4449/4234 4328/4448/4233
f 4377/4498/4280 4330/4451/4235 4329/4449/4234
f 4330/4451/4235 4379/4499/4282 4331/4452/4236
f 4379/4499/4282 4332/4500/4237 4331/4452/4236
f 4380/4501/4283 4333/4453/4238 4332/4500/4237
f 4333/4453/4238 4382/4502/4285 4334/4455/4239
f 4382/4502/4285 4335/4457/4240 4334/4455/4239
f 4335/4457/4240 4384/4503/4287 4336/4504/4241
f 4384/4503/4287 4337/4458/4242 4336/4504/4241
f 4337/4458/4242 4386/4505/4289 4338/4459/4243
f 4386/4505/4289 4339/4506/4244 4338/4459/4243
f 4339/4506/4244 4388/4507/4291 4340/4461/4245
f 4388/4507/4291 4341/4462/4246 4340/4461/4245
f 4341/4462/4246 4390/4508/4293 4342/4463/4247
f 4390/4508/4293 4343/4464/4248 4342/4463/4247
f 4391/4509/4294 4344/4466/4249 4343/4464/4248
f 4344/4466/4249 4393/4510/1963 4345/4511/1915
f 4393/4512/1963 4346/4469/4250 4345/4467/1915
f 4394/4513/4296 4347/4470/4251 4346/4469/4250
f 4347/4470/4251 4396/4514/4298 4348/4471/4252
f 4396/4514/4298 4349/4472/4253 4348/4471/4252
f 4349/4472/4253 4398/4515/4300 4350/4473/4254
f 4398/4515/4300 4351/4516/4255 4350/4473/4254
f 4351/4516/4255 4400/4517/4302 4352/4475/4256
f 4400/4517/4302 4353/4476/4257 4352/4475/4256
f 4353/4476/4257 4402/4518/4304 4354/4477/4258
f 4402/4518/4304 4355/4519/4259 4354/4477/4258
f 4355/4519/4259 4404/4520/4306 4356/4479/4260
f 4404/4520/4306 4357/4481/4261 4356/4479/4260
f 4405/4521/4307 4358/4522/4262 4357/4481/4261
f 4406/4523/4308 4359/4482/4263 4358/4522/4262
f 4407/4524/4309 4360/4525/4264 4359/4482/4263
f 4360/4525/4264 4409/4526/4311 4361/4483/4265
f 4361/4483/4265 4410/4527/4312 4362/4484/4266
f 4410/4527/4312 4363/4485/4267 4362/4484/4266
f 4411/4528/4313 4364/4486/4268 4363/4485/4267
f 4412/4529/4314 4365/4487/4269 4364/4486/4268
f 4413/4530/4315 4366/4489/4270 4365/4487/4269
f 4414/4531/4316 4367/4532/4271 4366/4489/4270
f 4367/4532/4271 4416/4533/4318 4368/4490/4272
f 4416/4533/4318 4321/4441/1939 4368/4490/4272
f 4417/4534/2035 4370/4491/4273 4369/4535/1987
f 4418/4536/4319 4371/4492/4274 4370/4491/4273
f 4419/4537/4320 4372/4538/4275 4371/4492/4274
f 4372/4538/4275 4421/4539/4322 4373/4494/4276
f 4421/4539/4322 4374/4540/4277 4373/4494/4276
f 4422/4541/4323 4375/4496/4278 4374/4540/4277
f 4423/4542/4324 4376/4497/4279 4375/4496/4278
f 4376/4497/4279 4425/4543/4326 4377/4498/4280
f 4425/4543/4326 4378/4544/4281 4377/4498/4280
f 4378/4544/4281 4427/4545/4328 4379/4499/4282
f 4427/4545/4328 4380/4501/4283 4379/4499/4282
f 4380/4501/4283 4429/4546/4330 4381/4547/4284
f 4381/4547/4284 4430/4548/4331 4382/4502/4285
f 4430/4548/4331 4383/4549/4286 4382/4502/4285
f 4383/4549/4286 4432/4550/4333 4384/4503/4287
f 4432/4550/4333 4385/4551/4288 4384/4503/4287
f 4433/4552/4334 4386/4505/4289 4385/4551/4288
f 4434/4553/4335 4387/4554/4290 4386/4505/4289
f 4435/4555/4336 4388/4507/4291 4387/4554/4290
f 4388/4507/4291 4437/4556/4338 4389/4557/4292
f 4389/4557/4292 4438/4558/4339 4390/4508/4293
f 4438/4558/4339 4391/4509/4294 4390/4508/4293
f 4439/4559/4340 4392/4560/4295 4391/4509/4294
f 4440/4561/4341 4393/4510/1963 4392/4560/4295
f 4441/4562/2011 4394/4513/4296 4393/4512/1963
f 4394/4513/4296 4443/4563/4343 4395/4564/4297
f 4443/4563/4343 4396/4514/4298 4395/4564/4297
f 4444/4565/4344 4397/4566/4299 4396/4514/4298
f 4445/4567/4345 4398/4515/4300 4397/4566/4299
f 4446/4568/4346 4399/4569/4301 4398/4515/4300
f 4399/4569/4301 4448/4570/4348 4400/4517/4302
f 4400/4517/4302 4449/4571/4349 4401/4572/4303
f 4401/4572/4303 4450/4573/4350 4402/4518/4304
f 4450/4573/4350 4403/4574/4305 4402/4518/4304
f 4403/4574/4305 4452/4575/4352 4404/4520/4306
f 4452/4575/4352 4405/4521/4307 4404/4520/4306
f 4453/4576/4353 4406/4523/4308 4405/4521/4307
f 4406/4523/4308 4455/4577/4355 4407/4524/4309
f 4455/4577/4355 4408/4578/4310 4407/4524/4309
f 4408/4578/4310 4457/4579/4357 4409/4526/4311
f 4457/4579/4357 4410/4527/4312 4409/4526/4311
f 4458/4580/4358 4411/4528/4313 4410/4527/4312
f 4411/4528/4313 4460/4581/4360 4412/4529/4314
f 4460/4581/4360 4413/4530/4315 4412/4529/4314
f 4461/4582/4361 4414/4531/4316 4413/4530/4315
f 4414/4531/4316 4463/4583/4363 4415/4584/4317
f 4463/4583/4363 4416/4533/4318 4415/4584/4317
f 4464/4585/4364 4369/4535/1987 4416/4533/4318
f 4465/4586/2083 4418/4536/4319 4417/4534/2035
f 4466/4587/4365 4419/4537/4320 4418/4536/4319
f 4419/4537/4320 4468/4588/4367 4420/4589/4321
f 4468/4588/4367 4421/4539/4322 4420/4589/4321
f 4469/4590/4368 4422/4541/4323 4421/4539/4322
f 4470/4591/4369 4423/4542/4324 4422/4541/4323
f 4471/4592/4370 4424/4593/4325 4423/4542/4324
f 4424/4593/4325 4473/4594/4372 4425/4543/4326
f 4425/4543/4326 4474/4595/4373 4426/4596/4327
f 4426/4596/4327 4475/4597/4374 4427/4545/4328
f 4427/4545/4328 4476/4598/4375 4428/4599/4329
f 4476/4598/4375 4429/4546/4330 4428/4599/4329
f 4429/4546/4330 4478/4600/4377 4430/4548/4331
f 4478/4600/4377 4431/4601/4332 4430/4548/4331
f 4431/4601/4332 4480/4602/4379 4432/4550/4333
f 4432/4550/4333 4481/4603/4380 4433/4552/4334
f 4481/4603/4380 4434/4553/4335 4433/4552/4334
f 4482/4604/4381 4435/4555/4336 4434/4553/4335
f 4483/4605/4382 4436/4606/4337 4435/4555/4336
f 4484/4607/4383 4437/4556/4338 4436/4606/4337
f 4437/4556/4338 4486/4608/4385 4438/4558/4339
f 4438/4558/4339 4487/4609/4386 4439/4559/4340
f 4487/4609/4386 4440/4561/4341 4439/4559/4340
f 4488/4610/4387 4441/4611/2011 4440/4561/4341
f 4489/4612/2059 4442/4613/4342 4441/4562/2011
f 4490/4614/4388 4443/4563/4343 4442/4613/4342
f 4491/4615/4389 4444/4565/4344 4443/4563/4343
f 4492/4616/4390 4445/4567/4345 4444/4565/4344
f 4445/4567/4345 4494/4617/4392 4446/4568/4346
f 4446/4568/4346 4495/4618/4393 4447/4619/4347
f 4447/4619/4347 4496/4620/4394 4448/4570/4348
f 4448/4570/4348 4497/4621/4395 4449/4571/4349
f 4497/4621/4395 4450/4573/4350 4449/4571/4349
f 4498/4622/4396 4451/4623/4351 4450/4573/4350
f 4451/4623/4351 4500/4624/4398 4452/4575/4352
f 4500/4624/4398 4453/4576/4353 4452/4575/4352
f 4453/4576/4353 4502/4625/4400 4454/4626/4354
f 4502/4625/4400 4455/4577/4355 4454/4626/4354
f 4503/4627/4401 4456/4628/4356 4455/4577/4355
f 4504/4629/4402 4457/4579/4357 4456/4628/4356
f 4505/4630/4403 4458/4580/4358 4457/4579/4357
f 4506/4631/4404 4459/4632/4359 4458/4580/4358
f 4507/4633/4405 4460/4581/4360 4459/4632/4359
f 4508/4634/4406 4461/4582/4361 4460/4581/4360
f 4509/4635/4407 4462/4636/4362 4461/4582/4361
f 4510/4637/4408 4463/4583/4363 4462/4636/4362
f 4463/4583/4363 4512/4638/4410 4464/4585/4364
f 4512/4638/4410 4417/4534/2035 4464/4585/4364
f 4513/4639/2131 4466/4587/4365 4465/4586/2083
f 4514/4640/4411 4467/4641/4366 4466/4587/4365
f 4467/4641/4366 4516/4642/4413 4468/4588/4367
f 4516/4642/4413 4469/4590/4368 4468/4588/4367
f 4469/4590/4368 4518/4643/4415 4470/4591/4369
f 4470/4591/4369 4519/4644/4416 4471/4592/4370
f 4519/4644/4416 4472/4645/4371 4471/4592/4370
f 4520/4646/4417 4473/4594/4372 4472/4645/4371
f 4473/4594/4372 4522/4647/4419 4474/4595/4373
f 4474/4595/4373 4523/4648/4420 4475/4597/4374
f 4475/4597/4374 4524/4649/4421 4476/4598/4375
f 4524/4649/4421 4477/4650/4376 4476/4598/4375
f 4477/4650/4376 4526/4651/4423 4478/4600/4377
f 4526/4651/4423 4479/4652/4378 4478/4600/4377
f 4479/4652/4378 4528/4653/4425 4480/4602/4379
f 4480/4602/4379 4529/4654/4426 4481/4603/4380
f 4481/4603/4380 4530/4655/4427 4482/4604/4381
f 4530/4655/4427 4483/4605/4382 4482/4604/4381
f 4483/4605/4382 4532/4656/4429 4484/4607/4383
f 4532/4656/4429 4485/4657/4384 4484/4607/4383
f 4485/4657/4384 4534/4658/4431 4486/4608/4385
f 4534/4658/4431 4487/4609/4386 4486/4608/4385
f 4535/4659/4432 4488/4610/4387 4487/4609/4386
f 4536/4660/4433 4489/4661/2059 4488/4610/4387
f 4489/4612/2059 4538/4662/4434 4490/4614/4388
f 4538/4662/4434 4491/4615/4389 4490/4614/4388
f 4539/4663/4435 4492/4616/4390 4491/4615/4389
f 4540/4664/4436 4493/4665/4391 4492/4616/4390
f 4541/4666/4437 4494/4617/4392 4493/4665/4391
f 4542/4667/4438 4495/4618/4393 4494/4617/4392
f 4495/4618/4393 4544/4668/4440 4496/4620/4394
f 4544/4668/4440 4497/4621/4395 4496/4620/4394
f 4545/4669/4441 4498/4622/4396 4497/4621/4395
f 4546/4670/4442 4499/4671/4397 4498/4622/4396
f 4499/4671/4397 4548/4672/4444 4500/4624/4398
f 4548/4672/4444 4501/4673/4399 4500/4624/4398
f 4501/4673/4399 4550/4674/4446 4502/4625/4400
f 4550/4674/4446 4503/4627/4401 4502/4625/4400
f 4551/4675/4447 4504/4629/4402 4503/4627/4401
f 4552/4676/4448 4505/4630/4403 4504/4629/4402
f 4505/4630/4403 4554/4677/4450 4506/4631/4404
f 4506/4631/4404 4555/4678/4451 4507/4633/4405
f 4555/4678/4451 4508/4634/4406 4507/4633/4405
f 4556/4679/4452 4509/4635/4407 4508/4634/4406
f 4509/4635/4407 4558/4680/4454 4510/4637/4408
f 4558/4680/4454 4511/4681/4409 4510/4637/4408
f 4559/4682/4455 4512/4638/4410 4511/4681/4409
f 4512/4638/4410 4513/4639/2131 4465/4586/2083
f 4561/4683/2179 4514/4640/4411 4513/4639/2131
f 4562/4684/4457 4515/4685/4412 4514/4640/4411
f 4563/4686/4458 4516/4642/4413 4515/4685/4412
f 4564/4687/4459 4517/4688/4414 4516/4642/4413
f 4565/4689/4460 4518/4643/4415 4517/4688/4414
f 4518/4643/4415 4567/4690/4462 4519/4644/4416
f 4567/4690/4462 4520/4646/4417 4519/4644/4416
f 4568/4691/4463 4521/4692/4418 4520/4646/4417
f 4569/4693/4464 4522/4647/4419 4521/4692/4418
f 4570/4694/4465 4523/4648/4420 4522/4647/4419
f 4523/4648/4420 4572/4695/4467 4524/4649/4421
f 4524/4649/4421 4573/4696/4468 4525/4697/4422
f 4525/4697/4422 4574/4698/4469 4526/4651/4423
f 4574/4698/4469 4527/4699/4424 4526/4651/4423
f 4575/4700/4470 4528/4653/4425 4527/4699/4424
f 4528/4653/4425 4577/4701/4472 4529/4654/4426
f 4577/4701/4472 4530/4655/4427 4529/4654/4426
f 4530/4655/4427 4579/4702/4474 4531/4703/4428
f 4579/4702/4474 4532/4656/4429 4531/4703/4428
f 4580/4704/4475 4533/4705/4430 4532/4656/4429
f 4581/4706/4476 4534/4658/4431 4533/4705/4430
f 4582/4707/4477 4535/4659/4432 4534/4658/4431
f 4535/4659/4432 4584/4708/4479 4536/4660/4433
f 4584/4708/4479 4537/4709/2107 4536/4660/4433
f 4537/4710/2107 4586/4711/4480 4538/4662/4434
f 4586/4711/4480 4539/4663/4435 4538/4662/4434
f 4539/4663/4435 4588/4712/4482 4540/4664/4436
f 4588/4712/4482 4541/4666/4437 4540/4664/4436
f 4589/4713/4483 4542/4667/4438 4541/4666/4437
f 4542/4667/4438 4591/4714/4485 4543/4715/4439
f 4591/4714/4485 4544/4668/4440 4543/4715/4439
f 4544/4668/4440 4593/4716/4487 4545/4669/4441
f 4593/4716/4487 4546/4670/4442 4545/4669/4441
f 4546/4670/4442 4595/4717/4489 4547/4718/4443
f 4547/4718/4443 4596/4719/4490 4548/4672/4444
f 4596/4719/4490 4549/4720/4445 4548/4672/4444
f 4597/4721/4491 4550/4674/4446 4549/4720/4445
f 4598/4722/4492 4551/4675/4447 4550/4674/4446
f 4551/4675/4447 4600/4723/4494 4552/4676/4448
f 4600/4723/4494 4553/4724/4449 4552/4676/4448
f 4553/4724/4449 4602/4725/4496 4554/4677/4450
f 4554/4677/4450 4603/4726/4497 4555/4678/4451
f 4555/4678/4451 4604/4727/4498 4556/4679/4452
f 4604/4727/4498 4557/4728/4453 4556/4679/4452
f 4605/4729/4499 4558/4680/4454 4557/4728/4453
f 4606/4730/4500 4559/4682/4455 4558/4680/4454
f 4559/4682/4455 4608/4731/4502 4560/4732/4456
f 4608/4731/4502 4513/4639/2131 4560/4732/4456
f 4561/4683/2179 4610/4733/4503 4562/4684/4457
f 4610/4733/4503 4563/4686/4458 4562/4684/4457
f 4611/4734/4504 4564/4687/4459 4563/4686/4458
f 4612/4735/4505 4565/4689/4460 4564/4687/4459
f 4613/4736/4506 4566/4737/4461 4565/4689/4460
f 4614/4738/4507 4567/4690/4462 4566/4737/4461
f 4615/4739/4508 4568/4691/4463 4567/4690/4462
f 4616/4740/4509 4569/4693/4464 4568/4691/4463
f 4569/4693/4464 4618/4741/4511 4570/4694/4465
f 4618/4741/4511 4571/4742/4466 4570/4694/4465
f 4619/4743/4512 4572/4695/4467 4571/4742/4466
f 4620/4744/4513 4573/4696/4468 4572/4695/4467
f 4621/4745/4514 4574/4698/4469 4573/4696/4468
f 4622/4746/4515 4575/4700/4470 4574/4698/4469
f 4623/4747/4516 4576/4748/4471 4575/4700/4470
f 4624/4749/4517 4577/4701/4472 4576/4748/4471
f 4625/4750/4518 4578/4751/4473 4577/4701/4472
f 4626/4752/4519 4579/4702/4474 4578/4751/4473
f 4627/4753/4520 4580/4704/4475 4579/4702/4474
f 4628/4754/4521 4581/4706/4476 4580/4704/4475
f 4629/4755/4522 4582/4707/4477 4581/4706/4476
f 4630/4756/4523 4583/4757/4478 4582/4707/4477
f 4583/4757/4478 4632/4758/4525 4584/4708/4479
f 4632/4758/4525 4585/4759/2155 4584/4708/4479
f 4633/4760/2203 4586/4711/4480 4585/4761/2155
f 4634/4762/4526 4587/4763/4481 4586/4711/4480
f 4635/4764/4527 4588/4712/4482 4587/4763/4481
f 4588/4712/4482 4637/4765/4529 4589/4713/4483
f 4589/4713/4483 4638/4766/4530 4590/4767/4484
f 4590/4767/4484 4639/4768/4531 4591/4714/4485
f 4591/4714/4485 4640/4769/4532 4592/4770/4486
f 4592/4770/4486 4641/4771/4533 4593/4716/4487
f 4593/4716/4487 4642/4772/4534 4594/4773/4488
f 4594/4773/4488 4643/4774/4535 4595/4717/4489
f 4595/4717/4489 4644/4775/4536 4596/4719/4490
f 4596/4719/4490 4645/4776/4537 4597/4721/4491
f 4597/4721/4491 4646/4777/4538 4598/4722/4492
f 4646/4777/4538 4599/4778/4493 4598/4722/4492
f 4599/4778/4493 4648/4779/4540 4600/4723/4494
f 4600/4723/4494 4649/4780/4541 4601/4781/4495
f 4649/4780/4541 4602/4725/4496 4601/4781/4495
f 4650/4782/4542 4603/4726/4497 4602/4725/4496
f 4603/4726/4497 4652/4783/4544 4604/4727/4498
f 4604/4727/4498 4653/4784/4545 4605/4729/4499
f 4605/4729/4499 4654/4785/4546 4606/4730/4500
f 4654/4785/4546 4607/4786/4501 4606/4730/4500
f 4607/4786/4501 4656/4787/4548 4608/4731/4502
f 4656/4787/4548 4561/4683/2179 4608/4731/4502
f 4657/4788/2275 4610/4733/4503 4609/4789/2227
f 4658/4790/4549 4611/4734/4504 4610/4733/4503
f 4611/4734/4504 4660/4791/4551 4612/4735/4505
f 4660/4791/4551 4613/4736/4506 4612/4735/4505
f 4661/4792/4552 4614/4738/4507 4613/4736/4506
f 4662/4793/4553 4615/4739/4508 4614/4738/4507
f 4615/4739/4508 4664/4794/4555 4616/4740/4509
f 4664/4794/4555 4617/4795/4510 4616/4740/4509
f 4665/4796/4556 4618/4741/4511 4617/4795/4510
f 4666/4797/4557 4619/4743/4512 4618/4741/4511
f 4667/4798/4558 4620/4744/4513 4619/4743/4512
f 4668/4799/4559 4621/4745/4514 4620/4744/4513
f 4669/4800/4560 4622/4746/4515 4621/4745/4514
f 4670/4801/4561 4623/4747/4516 4622/4746/4515
f 4623/4747/4516 4672/4802/4563 4624/4749/4517
f 4624/4749/4517 4673/4803/4564 4625/4750/4518
f 4625/4750/4518 4674/4804/4565 4626/4752/4519
f 4626/4752/4519 4675/4805/4566 4627/4753/4520
f 4627/4753/4520 4676/4806/4567 4628/4754/4521
f 4628/4754/4521 4677/4807/4568 4629/4755/4522
f 4677/4807/4568 4630/4756/4523 4629/4755/4522
f 4678/4808/4569 4631/4809/4524 4630/4756/4523
f 4679/4810/4570 4632/4758/4525 4631/4809/4524
f 4680/4811/4571 4633/4812/2203 4632/4758/4525
f 4681/4813/2251 4634/4762/4526 4633/4760/2203
f 4682/4814/4572 4635/4764/4527 4634/4762/4526
f 4635/4764/4527 4684/4815/4574 4636/4816/4528
f 4636/4816/4528 4685/4817/4575 4637/4765/4529
f 4685/4817/4575 4638/4766/4530 4637/4765/4529
f 4686/4818/4576 4639/4768/4531 4638/4766/4530
f 4687/4819/4577 4640/4769/4532 4639/4768/4531
f 4688/4820/4578 4641/4771/4533 4640/4769/4532
f 4689/4821/4579 4642/4772/4534 4641/4771/4533
f 4690/4822/4580 4643/4774/4535 4642/4772/4534
f 4691/4823/4581 4644/4775/4536 4643/4774/4535
f 4644/4775/4536 4693/4824/4583 4645/4776/4537
f 4645/4776/4537 4694/4825/4584 4646/4777/4538
f 4694/4825/4584 4647/4826/4539 4646/4777/4538
f 4695/4827/4585 4648/4779/4540 4647/4826/4539
f 4648/4779/4540 4697/4828/4587 4649/4780/4541
f 4649/4780/4541 4698/4829/4588 4650/4782/4542
f 4698/4829/4588 4651/4830/4543 4650/4782/4542
f 4651/4830/4543 4700/4831/4590 4652/4783/4544
f 4652/4783/4544 4701/4832/4591 4653/4784/4545
f 4653/4784/4545 4702/4833/4592 4654/4785/4546
f 4702/4833/4592 4655/4834/4547 4654/4785/4546
f 4703/4835/4593 4656/4787/4548 4655/4834/4547
f 4704/4836/4594 4609/4789/2227 4656/4787/4548
f 4705/4837/2322 4658/4790/4549 4657/4788/2275
f 4706/4838/4595 4659/4839/4550 4658/4790/4549
f 4707/4840/4596 4660/4791/4551 4659/4839/4550
f 4660/4791/4551 4709/4841/4598 4661/4792/4552
f 4661/4792/4552 4710/4842/4599 4662/4793/4553
f 4710/4842/4599 4663/4843/4554 4662/4793/4553
f 4711/4844/4600 4664/4794/4555 4663/4843/4554
f 4664/4794/4555 4713/4845/4602 4665/4796/4556
f 4665/4796/4556 4714/4846/4603 4666/4797/4557
f 4714/4846/4603 4667/4798/4558 4666/4797/4557
f 4667/4798/4558 4716/4847/4605 4668/4799/4559
f 4668/4799/4559 4717/4848/4560 4669/4800/4560
f 4717/4848/4560 4670/4801/4561 4669/4800/4560
f 4670/4801/4561 4719/4849/4607 4671/4850/4562
f 4671/4850/4562 4720/4851/4608 4672/4802/4563
f 4720/4851/4608 4673/4803/4564 4672/4802/4563
f 4721/4852/4609 4674/4804/4565 4673/4803/4564
f 4722/4853/4610 4675/4805/4566 4674/4804/4565
f 4723/4854/4611 4676/4806/4567 4675/4805/4566
f 4724/4855/4612 4677/4807/4568 4676/4806/4567
f 4725/4856/4613 4678/4808/4569 4677/4807/4568
f 4678/4808/4569 4727/4857/4615 4679/4810/4570
f 4727/4857/4615 4680/4811/4571 4679/4810/4570
f 4680/4811/4571 4729/4858/2299 4681/4859/2251
f 4681/4813/2251 4730/4860/4617 4682/4814/4572
f 4682/4814/4572 4731/4861/4618 4683/4862/4573
f 4731/4861/4618 4684/4815/4574 4683/4862/4573
f 4684/4815/4574 4733/4863/4620 4685/4817/4575
f 4685/4817/4575 4734/4864/4621 4686/4818/4576
f 4686/4818/4576 4735/4865/4622 4687/4819/4577
f 4687/4819/4577 4736/4866/4623 4688/4820/4578
f 4688/4820/4578 4737/4867/4624 4689/4821/4579
f 4689/4821/4579 4738/4868/4625 4690/4822/4580
f 4738/4868/4625 4691/4823/4581 4690/4822/4580
f 4739/4869/4626 4692/4870/4582 4691/4823/4581
f 4740/4871/4627 4693/4824/4583 4692/4870/4582
f 4741/4872/4583 4694/4825/4584 4693/4824/4583
f 4742/4873/4628 4695/4827/4585 4694/4825/4584
f 4695/4827/4585 4744/4874/4630 4696/4875/4586
f 4744/4874/4630 4697/4828/4587 4696/4875/4586
f 4745/4876/4631 4698/4829/4588 4697/4828/4587
f 4746/4877/4632 4699/4878/4589 4698/4829/4588
f 4747/4879/4633 4700/4831/4590 4699/4878/4589
f 4748/4880/4634 4701/4832/4591 4700/4831/4590
f 4749/4881/4635 4702/4833/4592 4701/4832/4591
f 4750/4882/4636 4703/4835/4593 4702/4833/4592
f 4751/4883/4637 4704/4836/4594 4703/4835/4593
f 4752/4884/4638 4657/4788/2275 4704/4836/4594
f 4705/4837/2322 4754/4885/4639 4706/4838/4595
f 4754/4885/4639 4707/4840/4596 4706/4838/4595
f 4755/4886/4640 4708/4887/4597 4707/4840/4596
f 4708/4887/4597 4757/4888/4642 4709/4841/4598
f 4757/4888/4642 4710/4842/4599 4709/4841/4598
f 4758/4889/4643 4711/4844/4600 4710/4842/4599
f 4711/4844/4600 4760/4890/4645 4712/4891/4601
f 4760/4890/4645 4713/4845/4602 4712/4891/4601
f 4713/4845/4602 4762/4892/4647 4714/4846/4603
f 4762/4892/4647 4715/4893/4604 4714/4846/4603
f 4763/4894/4648 4716/4847/4605 4715/4893/4604
f 4764/4895/4649 4717/4848/4560 4716/4847/4605
f 4717/4848/4560 4766/4896/4651 4718/4897/4606
f 4718/4897/4606 4767/4898/4652 4719/4849/4607
f 4767/4898/4652 4720/4851/4608 4719/4849/4607
f 4720/4851/4608 4769/4899/4654 4721/4852/4609
f 4721/4852/4609 4770/4900/4655 4722/4853/4610
f 4722/4853/4610 4771/4901/4656 4723/4854/4611
f 4723/4854/4611 4772/4902/4657 4724/4855/4612
f 4724/4855/4612 4773/4903/4658 4725/4856/4613
f 4725/4856/4613 4774/4904/4659 4726/4905/4614
f 4774/4904/4659 4727/4857/4615 4726/4905/4614
f 4727/4857/4615 4776/4906/4661 4728/4907/4616
f 4776/4906/4661 4729/4858/2299 4728/4907/4616
f 4777/4908/2345 4730/4860/4617 4729/4909/2299
f 4778/4910/4662 4731/4861/4618 4730/4860/4617
f 4731/4861/4618 4780/4911/4664 4732/4912/4619
f 4780/4911/4664 4733/4863/4620 4732/4912/4619
f 4781/4913/4665 4734/4864/4621 4733/4863/4620
f 4782/4914/4666 4735/4865/4622 4734/4864/4621
f 4783/4915/4667 4736/4866/4623 4735/4865/4622
f 4784/4916/4668 4737/4867/4624 4736/4866/4623
f 4785/4917/4669 4738/4868/4625 4737/4867/4624
f 4738/4868/4625 4787/4918/4671 4739/4869/4626
f 4787/4918/4671 4740/4871/4627 4739/4869/4626
f 4788/4919/4672 4741/4872/4583 4740/4871/4627
f 4741/4872/4583 4790/4920/4674 4742/4873/4628
f 4742/4873/4628 4791/4921/4675 4743/4922/4629
f 4791/4921/4675 4744/4874/4630 4743/4922/4629
f 4792/4923/4676 4745/4876/4631 4744/4874/4630
f 4745/4876/4631 4794/4924/4678 4746/4877/4632
f 4794/4924/4678 4747/4879/4633 4746/4877/4632
f 4747/4879/4633 4796/4925/4680 4748/4880/4634
f 4748/4880/4634 4797/4926/4681 4749/4881/4635
f 4797/4926/4681 4750/4882/4636 4749/4881/4635
f 4798/4927/4682 4751/4883/4637 4750/4882/4636
f 4751/4883/4637 4800/4928/4684 4752/4884/4638
f 4800/4928/4684 4705/4837/2322 4752/4884/4638
f 1/3/1 4754/4885/4639 4753/4929/2369
f 2/2/2 4755/4886/4640 4754/4885/4639
f 3/5/3 4756/4930/4641 4755/4886/4640
f 4/7/4 4757/4888/4642 4756/4930/4641
f 5/9/5 4758/4889/4643 4757/4888/4642
f 6/11/6 4759/4931/4644 4758/4889/4643
f 7/13/7 4760/4890/4645 4759/4931/4644
f 8/15/8 4761/4932/4646 4760/4890/4645
f 9/17/9 4762/4892/4647 4761/4932/4646
f 10/19/10 4763/4894/4648 4762/4892/4647
f 4763/4894/4648 12/23/12 4764/4895/4649
f 4764/4895/4649 13/25/13 4765/4933/4650
f 13/25/13 4766/4896/4651 4765/4933/4650
f 14/27/14 4767/4898/4652 4766/4896/4651
f 15/29/15 4768/4934/4653 4767/4898/4652
f 16/30/16 4769/4899/4654 4768/4934/4653
f 17/32/17 4770/4900/4655 4769/4899/4654
f 18/34/18 4771/4901/4656 4770/4900/4655
f 19/36/19 4772/4902/4657 4771/4901/4656
f 20/38/20 4773/4903/4658 4772/4902/4657
f 21/39/21 4774/4904/4659 4773/4903/4658
f 4774/4904/4659 23/43/23 4775/4935/4660
f 4775/4935/4660 24/45/24 4776/4906/4661
f 24/45/24 4777/4936/2345 4776/4906/4661
f 25/50/25 4778/4910/4662 4777/4908/2345
f 26/49/26 4779/4937/4663 4778/4910/4662
f 27/52/27 4780/4911/4664 4779/4937/4663
f 4780/4911/4664 29/55/29 4781/4913/4665
f 4781/4913/4665 30/57/30 4782/4914/4666
f 30/57/30 4783/4915/4667 4782/4914/4666
f 31/58/31 4784/4916/4668 4783/4915/4667
f 4784/4916/4668 33/62/33 4785/4917/4669
f 4785/4917/4669 34/64/34 4786/4938/4670
f 4786/4938/4670 35/66/35 4787/4918/4671
f 4787/4918/4671 36/67/36 4788/4919/4672
f 4788/4919/4672 37/69/37 4789/4939/4673
f 37/69/37 4790/4920/4674 4789/4939/4673
f 38/71/38 4791/4921/4675 4790/4920/4674
f 39/73/39 4792/4923/4676 4791/4921/4675
f 40/75/40 4793/4940/4677 4792/4923/4676
f 41/77/41 4794/4924/4678 4793/4940/4677
f 42/79/42 4795/4941/4679 4794/4924/4678
f 43/80/43 4796/4925/4680 4795/4941/4679
f 4796/4925/4680 45/83/45 4797/4926/4681
f 45/83/45 4798/4927/4682 4797/4926/4681
f 46/85/46 4799/4942/4683 4798/4927/4682
f 4799/4942/4683 48/89/48 4800/4928/4684
f 48/89/48 4753/4929/2369 4800/4928/4684
f 49/1/49 50/4/50 2/2/2
f 50/4/50 51/6/51 3/5/3
f 51/6/51 52/8/52 4/7/4
f 52/8/52 53/10/53 5/9/5
f 53/10/53 54/12/54 6/11/6
f 54/12/54 55/14/55 7/13/7
f 55/14/55 56/16/56 8/15/8
f 56/16/56 57/18/57 9/17/9
f 57/18/57 58/20/58 10/19/10
f 58/20/58 59/22/59 11/21/11
f 59/22/59 60/24/60 12/23/12
f 60/24/60 61/100/61 13/25/13
f 13/25/13 61/100/61 62/26/62
f 14/27/14 62/26/62 63/28/63
f 63/28/63 64/103/64 16/30/16
f 16/30/16 64/103/64 65/31/65
f 17/32/17 65/31/65 66/33/66
f 18/34/18 66/33/66 67/35/67
f 19/36/19 67/35/67 68/37/68
f 68/37/68 69/40/69 21/39/21
f 69/40/69 70/42/70 22/41/22
f 70/42/70 71/44/71 23/43/23
f 71/44/71 72/46/72 24/45/24
f 72/46/72 73/110/73 25/47/25
f 73/48/73 74/51/74 26/49/26
f 74/51/74 75/113/75 27/52/27
f 27/52/27 75/113/75 76/53/76
f 76/53/76 77/116/77 29/55/29
f 29/55/29 77/116/77 78/56/78
f 78/56/78 79/59/79 31/58/31
f 79/59/79 80/61/80 32/60/32
f 80/61/80 81/63/81 33/62/33
f 81/63/81 82/122/82 34/64/34
f 34/64/34 82/122/82 83/65/83
f 83/65/83 84/68/84 36/67/36
f 84/68/84 85/70/85 37/69/37
f 85/70/85 86/72/86 38/71/38
f 86/72/86 87/74/87 39/73/39
f 87/74/87 88/128/88 40/75/40
f 40/75/40 88/128/88 89/76/89
f 41/77/41 89/76/89 90/78/90
f 90/78/90 91/132/91 43/80/43
f 43/80/43 91/132/91 92/81/92
f 92/81/92 93/84/93 45/83/45
f 93/84/93 94/135/94 46/85/46
f 46/85/46 94/135/94 95/86/95
f 47/87/47 95/86/95 96/88/96
f 96/88/96 49/1/49 1/3/1
f 97/90/97 98/140/98 50/4/50
f 50/4/50 98/140/98 99/91/99
f 99/91/99 100/143/100 52/8/52
f 52/8/52 100/143/100 101/92/101
f 53/10/53 101/92/101 102/93/102
f 102/93/102 103/147/103 55/14/55
f 55/14/55 103/147/103 104/94/104
f 56/16/56 104/94/104 105/95/105
f 57/18/57 105/95/105 106/96/106
f 58/20/58 106/96/106 107/97/107
f 59/22/59 107/97/107 108/98/108
f 60/24/60 108/98/108 109/99/109
f 61/100/61 109/99/109 110/101/110
f 110/101/110 111/155/111 63/28/63
f 63/28/63 111/155/111 112/102/112
f 112/102/112 113/157/113 65/31/65
f 65/31/65 113/157/113 114/104/114
f 66/33/66 114/104/114 115/105/115
f 115/105/115 116/161/116 68/37/68
f 68/37/68 116/161/116 117/106/117
f 69/40/69 117/106/117 118/107/118
f 118/107/118 119/108/119 71/44/71
f 119/108/119 120/166/120 72/46/72
f 72/46/72 120/166/120 121/109/121
f 121/111/121 122/112/122 74/51/74
f 122/112/122 123/114/123 75/113/75
f 123/114/123 124/115/124 76/53/76
f 124/115/124 125/117/125 77/116/77
f 125/117/125 126/118/126 78/56/78
f 126/118/126 127/119/127 79/59/79
f 127/119/127 128/120/128 80/61/80
f 128/120/128 129/121/129 81/63/81
f 129/121/129 130/123/130 82/122/82
f 130/123/130 131/177/131 83/65/83
f 83/65/83 131/177/131 132/124/132
f 132/124/132 133/125/133 85/70/85
f 133/125/133 134/126/134 86/72/86
f 134/126/134 135/127/135 87/74/87
f 135/127/135 136/129/136 88/128/88
f 136/129/136 137/130/137 89/76/89
f 137/130/137 138/131/138 90/78/90
f 138/131/138 139/185/139 91/132/91
f 91/132/91 139/185/139 140/133/140
f 140/133/140 141/134/141 93/84/93
f 141/134/141 142/136/142 94/135/94
f 142/136/142 143/137/143 95/86/95
f 143/137/143 144/138/144 96/88/96
f 144/138/144 97/90/97 49/1/49
f 145/139/145 146/141/146 98/140/98
f 146/141/146 147/142/147 99/91/99
f 147/142/147 148/144/148 100/143/100
f 148/144/148 149/145/149 101/92/101
f 149/145/149 150/146/150 102/93/102
f 150/146/150 151/148/151 103/147/103
f 151/148/151 152/149/152 104/94/104
f 152/149/152 153/150/153 105/95/105
f 153/150/153 154/151/154 106/96/106
f 154/151/154 155/199/155 107/97/107
f 107/97/107 155/199/155 156/152/156
f 108/98/108 156/152/156 157/153/109
f 109/99/109 157/153/109 158/154/157
f 158/154/157 159/202/158 111/155/111
f 111/155/111 159/202/158 160/156/159
f 160/156/159 161/158/160 113/157/113
f 161/158/160 162/159/161 114/104/114
f 162/159/161 163/160/162 115/105/115
f 163/160/162 164/162/163 116/161/116
f 164/162/163 165/163/164 117/106/117
f 165/163/164 166/164/165 118/107/118
f 166/164/165 167/165/166 119/108/119
f 167/165/166 168/167/167 120/166/120
f 168/167/167 169/212/168 121/109/121
f 169/168/168 170/214/169 122/112/122
f 122/112/122 170/214/169 171/169/170
f 123/114/123 171/169/170 172/170/171
f 124/115/124 172/170/171 173/171/172
f 125/117/125 173/171/172 174/172/173
f 126/118/126 174/172/173 175/173/174
f 127/119/127 175/173/174 176/174/175
f 128/120/128 176/174/175 177/175/176
f 129/121/129 177/175/176 178/176/177
f 178/176/177 179/224/178 131/177/131
f 131/177/131 179/224/178 180/178/179
f 180/178/179 181/179/133 133/125/133
f 181/179/133 182/180/180 134/126/134
f 182/180/180 183/228/181 135/127/135
f 135/127/135 183/228/181 184/181/182
f 136/129/136 184/181/182 185/182/183
f 137/130/137 185/182/183 186/183/184
f 138/131/138 186/183/184 187/184/185
f 139/185/139 187/184/185 188/186/186
f 140/133/140 188/186/186 189/187/187
f 141/134/141 189/187/187 190/188/188
f 142/136/142 190/188/188 191/189/189
f 143/137/143 191/189/189 192/190/190
f 192/190/190 145/139/145 97/90/97
f 193/191/191 194/192/192 146/141/146
f 194/192/192 195/238/193 147/142/147
f 147/142/147 195/238/193 196/193/194
f 196/193/194 197/194/195 149/145/149
f 197/194/195 198/241/196 150/146/150
f 150/146/150 198/241/196 199/195/197
f 199/195/197 200/196/198 152/149/152
f 200/196/198 201/197/199 153/150/153
f 201/197/199 202/246/200 154/151/154
f 154/151/154 202/246/200 203/198/201
f 203/198/201 204/200/202 156/152/156
f 204/200/202 205/249/203 157/153/109
f 157/153/109 205/249/203 206/201/204
f 206/201/204 207/203/205 159/202/158
f 207/203/205 208/204/206 160/156/159
f 208/204/206 209/253/207 161/158/160
f 161/158/160 209/253/207 210/205/208
f 162/159/161 210/205/208 211/206/209
f 163/160/162 211/206/209 212/207/210
f 164/162/163 212/207/210 213/208/211
f 213/208/211 214/209/212 166/164/165
f 214/209/212 215/210/213 167/165/166
f 215/210/213 216/211/214 168/167/167
f 216/211/214 217/259/215 169/212/168
f 217/213/215 218/215/216 170/214/169
f 218/215/216 219/216/217 171/169/170
f 219/216/217 220/217/218 172/170/171
f 220/217/218 221/218/219 173/171/172
f 221/218/219 222/219/220 174/172/173
f 222/219/220 223/220/221 175/173/174
f 223/220/221 224/221/222 176/174/175
f 224/221/222 225/265/223 177/175/176
f 177/175/176 225/265/223 226/222/224
f 178/176/177 226/222/224 227/223/225
f 227/223/225 228/225/226 180/178/179
f 228/225/226 229/269/227 181/179/133
f 181/179/133 229/269/227 230/226/228
f 182/180/180 230/226/228 231/227/229
f 231/227/229 232/273/230 184/181/182
f 184/181/182 232/273/230 233/229/231
f 185/182/183 233/229/231 234/230/232
f 186/183/184 234/230/232 235/231/233
f 235/231/233 236/232/234 188/186/186
f 236/232/234 237/233/235 189/187/187
f 237/233/235 238/234/236 190/188/188
f 238/234/236 239/279/237 191/189/189
f 191/189/189 239/279/237 240/235/238
f 192/190/190 240/235/238 193/191/191
f 241/236/239 242/282/240 194/192/192
f 194/192/192 242/282/240 243/237/241
f 195/238/193 243/237/241 244/239/242
f 196/193/194 244/239/242 245/240/243
f 245/240/243 246/287/244 198/241/196
f 198/241/196 246/287/244 247/242/245
f 199/195/197 247/242/245 248/243/246
f 200/196/198 248/243/246 249/244/247
f 201/197/199 249/244/247 250/245/248
f 250/245/248 251/291/249 203/198/201
f 203/198/201 251/291/249 252/247/250
f 204/200/202 252/247/250 253/248/251
f 205/249/203 253/248/251 254/250/252
f 254/250/252 255/251/253 207/203/205
f 255/251/253 256/252/254 208/204/206
f 256/252/254 257/297/255 209/253/207
f 209/253/207 257/297/255 258/254/256
f 258/254/256 259/255/257 211/206/209
f 259/255/257 260/300/258 212/207/210
f 212/207/210 260/300/258 261/256/259
f 261/256/259 262/302/260 214/209/212
f 214/209/212 262/302/260 263/257/261
f 215/210/213 263/257/261 264/258/262
f 264/258/262 265/305/263 217/259/215
f 217/213/215 265/306/263 266/260/264
f 266/260/264 267/261/265 219/216/217
f 267/261/265 268/309/266 220/217/218
f 220/217/218 268/309/266 269/262/267
f 269/262/267 270/312/268 222/219/220
f 222/219/220 270/312/268 271/263/269
f 271/263/269 272/315/270 224/221/222
f 224/221/222 272/315/270 273/264/271
f 225/265/223 273/264/271 274/266/272
f 274/266/272 275/267/273 227/223/225
f 275/267/273 276/268/274 228/225/226
f 276/268/274 277/270/275 229/269/227
f 277/270/275 278/271/276 230/226/228
f 278/271/276 279/321/277 231/227/229
f 231/227/229 279/321/277 280/272/278
f 232/273/230 280/272/278 281/274/279
f 281/274/279 282/275/280 234/230/232
f 282/275/280 283/276/281 235/231/233
f 283/276/281 284/327/282 236/232/234
f 236/232/234 284/327/282 285/277/283
f 285/277/283 286/278/284 238/234/236
f 286/278/284 287/280/285 239/279/237
f 287/280/285 288/331/286 240/235/238
f 240/235/238 288/331/286 241/236/239
f 289/281/287 290/283/288 242/282/240
f 290/283/288 291/284/289 243/237/241
f 291/284/289 292/285/290 244/239/242
f 292/285/290 293/286/291 245/240/243
f 293/286/291 294/288/292 246/287/244
f 294/288/292 295/338/293 247/242/245
f 247/242/245 295/338/293 296/289/294
f 296/289/294 297/340/295 249/244/247
f 249/244/247 297/340/295 298/290/296
f 298/290/296 299/292/297 251/291/249
f 299/292/297 300/343/298 252/247/250
f 252/247/250 300/343/298 301/293/299
f 301/293/299 302/294/300 254/250/252
f 302/294/300 303/295/301 255/251/253
f 303/295/301 304/347/302 256/252/254
f 256/252/254 304/347/302 305/296/303
f 305/296/303 306/298/304 258/254/256
f 306/298/304 307/351/305 259/255/257
f 259/255/257 307/351/305 308/299/306
f 308/299/306 309/301/307 261/256/259
f 309/301/307 310/354/308 262/302/260
f 262/302/260 310/354/308 311/303/309
f 311/303/309 312/304/310 264/258/262
f 312/304/310 313/357/311 265/305/263
f 265/306/263 313/359/311 314/307/312
f 266/260/264 314/307/312 315/308/313
f 315/308/313 316/310/314 268/309/266
f 316/310/314 317/311/315 269/262/267
f 317/311/315 318/313/316 270/312/268
f 318/313/316 319/364/317 271/263/269
f 271/263/269 319/364/317 320/314/318
f 272/315/270 320/314/318 321/316/319
f 321/316/319 322/317/320 274/266/272
f 322/317/320 323/368/321 275/267/273
f 275/267/273 323/368/321 324/318/322
f 324/318/322 325/319/323 277/270/275
f 325/319/323 326/320/324 278/271/276
f 326/320/324 327/322/325 279/321/277
f 327/322/325 328/323/326 280/272/278
f 328/323/326 329/324/327 281/274/279
f 329/324/327 330/325/328 282/275/280
f 330/325/328 331/375/329 283/276/281
f 283/276/281 331/375/329 332/326/330
f 332/326/330 333/328/331 285/277/283
f 333/328/331 334/329/332 286/278/284
f 334/329/332 335/330/333 287/280/285
f 335/330/333 336/332/334 288/331/286
f 336/332/334 289/281/287 241/236/239
f 337/333/335 338/334/336 290/283/288
f 338/334/336 339/383/337 291/284/289
f 291/284/289 339/383/337 340/335/338
f 292/285/290 340/335/338 341/336/339
f 341/336/339 342/386/340 294/288/292
f 294/288/292 342/386/340 343/337/341
f 343/337/341 344/389/342 296/289/294
f 296/289/294 344/389/342 345/339/343
f 345/339/343 346/341/344 298/290/296
f 346/341/344 347/392/345 299/292/297
f 299/292/297 347/392/345 348/342/346
f 348/342/346 349/344/347 301/293/299
f 349/344/347 350/345/348 302/294/300
f 350/345/348 351/346/349 303/295/301
f 351/346/349 352/348/350 304/347/302
f 352/348/350 353/349/351 305/296/303
f 353/349/351 354/350/352 306/298/304
f 354/350/352 355/400/353 307/351/305
f 307/351/305 355/400/353 356/352/354
f 308/299/306 356/352/354 357/353/355
f 357/353/355 358/404/356 310/354/308
f 310/354/308 358/404/356 359/355/357
f 359/355/357 360/356/358 312/304/310
f 360/356/358 361/407/359 313/357/311
f 361/358/359 362/360/360 314/307/312
f 362/360/360 363/361/361 315/308/313
f 363/361/361 364/411/362 316/310/314
f 316/310/314 364/411/362 365/362/363
f 365/362/363 366/363/364 318/313/316
f 366/363/364 367/415/365 319/364/317
f 319/364/317 367/415/365 368/365/366
f 368/365/366 369/418/367 321/316/319
f 321/316/319 369/418/367 370/366/368
f 322/317/320 370/366/368 371/367/369
f 323/368/321 371/367/369 372/369/370
f 324/318/322 372/369/370 373/370/371
f 325/319/323 373/370/371 374/371/372
f 374/371/372 375/372/373 327/322/325
f 375/372/373 376/426/374 328/323/326
f 328/323/326 376/426/374 377/373/375
f 377/373/375 378/374/376 330/325/328
f 378/374/376 379/376/377 331/375/329
f 379/376/377 380/377/378 332/326/330
f 380/377/378 381/378/379 333/328/331
f 381/378/379 382/379/380 334/329/332
f 382/379/380 383/434/381 335/330/333
f 335/330/333 383/434/381 384/380/382
f 384/380/382 337/333/335 289/281/287
f 337/333/335 385/437/383 386/381/384
f 338/334/336 386/381/384 387/382/385
f 387/382/385 388/440/386 340/335/338
f 340/335/338 388/440/386 389/384/387
f 341/336/339 389/384/387 390/385/388
f 342/386/340 390/385/388 391/387/389
f 343/337/341 391/387/389 392/388/390
f 344/389/342 392/388/390 393/390/391
f 393/390/391 394/391/392 346/341/344
f 394/391/392 395/393/393 347/392/345
f 395/393/393 396/448/394 348/342/346
f 348/342/346 396/448/394 397/394/395
f 349/344/347 397/394/395 398/395/396
f 350/345/348 398/395/396 399/396/397
f 351/346/349 399/396/397 400/397/398
f 352/348/350 400/397/398 401/398/399
f 353/349/351 401/398/399 402/399/400
f 402/399/400 403/401/401 355/400/353
f 403/401/401 404/454/402 356/352/354
f 356/352/354 404/454/402 405/402/403
f 357/353/355 405/402/403 406/403/404
f 358/404/356 406/403/404 407/405/405
f 407/405/405 408/406/406 360/356/358
f 408/406/406 409/459/407 361/407/359
f 409/408/407 410/409/408 362/360/360
f 410/409/408 411/410/409 363/361/361
f 411/410/409 412/412/410 364/411/362
f 412/412/410 413/413/411 365/362/363
f 413/413/411 414/414/412 366/363/364
f 414/414/412 415/416/413 367/415/365
f 415/416/413 416/417/414 368/365/366
f 416/417/414 417/419/415 369/418/367
f 417/419/415 418/420/416 370/366/368
f 418/420/416 419/421/417 371/367/369
f 419/421/417 420/422/418 372/369/370
f 420/422/418 421/423/419 373/370/371
f 421/423/419 422/424/420 374/371/372
f 422/424/420 423/425/421 375/372/373
f 423/425/421 424/427/422 376/426/374
f 424/427/422 425/428/423 377/373/375
f 425/428/423 426/429/424 378/374/376
f 426/429/424 427/430/425 379/376/377
f 427/430/425 428/431/426 380/377/378
f 428/431/426 429/432/427 381/378/379
f 429/432/427 430/476/428 382/379/380
f 382/379/380 430/476/428 431/433/429
f 431/433/429 432/435/430 384/380/382
f 432/435/430 385/437/383 337/333/335
f 433/436/431 434/438/432 386/381/384
f 434/438/432 435/439/433 387/382/385
f 435/439/433 436/441/434 388/440/386
f 436/441/434 437/481/435 389/384/387
f 389/384/387 437/481/435 438/442/436
f 438/442/436 439/443/437 391/387/389
f 439/443/437 440/444/438 392/388/390
f 440/444/438 441/445/439 393/390/391
f 441/445/439 442/486/440 394/391/392
f 394/391/392 442/486/440 443/446/441
f 395/393/393 443/446/441 444/447/442
f 396/448/394 444/447/442 445/449/443
f 445/449/443 446/450/444 398/395/396
f 446/450/444 447/451/445 399/396/397
f 447/451/445 448/491/446 400/397/398
f 400/397/398 448/491/446 449/452/447
f 449/452/447 450/493/448 402/399/400
f 402/399/400 450/493/448 451/453/449
f 451/453/449 452/455/450 404/454/402
f 452/455/450 453/456/451 405/402/403
f 453/456/451 454/496/452 406/403/404
f 406/403/404 454/496/452 455/457/453
f 407/405/405 455/457/453 456/458/454
f 456/458/454 457/500/455 409/459/407
f 457/460/455 458/461/456 410/409/408
f 458/461/456 459/462/457 411/410/409
f 459/462/457 460/463/458 412/412/410
f 460/463/458 461/464/459 413/413/411
f 461/464/459 462/505/460 414/414/412
f 414/414/412 462/505/460 463/465/461
f 463/465/461 464/507/462 416/417/414
f 416/417/414 464/507/462 465/466/463
f 465/466/463 466/467/464 418/420/416
f 466/467/464 467/511/465 419/421/417
f 419/421/417 467/511/465 468/468/466
f 468/468/466 469/469/467 421/423/419
f 469/469/467 470/470/468 422/424/420
f 470/470/468 471/471/469 423/425/421
f 471/471/469 472/515/470 424/427/422
f 424/427/422 472/515/470 473/472/471
f 473/472/471 474/473/472 426/429/424
f 474/473/472 475/518/473 427/430/425
f 427/430/425 475/518/473 476/474/474
f 476/474/474 477/521/475 429/432/427
f 429/432/427 477/521/475 478/475/476
f 430/476/428 478/475/476 479/477/477
f 479/477/477 480/524/478 432/435/430
f 432/435/430 480/524/478 433/436/431
f 481/478/479 482/526/480 434/438/432
f 434/438/432 482/526/480 483/479/481
f 483/479/481 484/480/482 436/441/434
f 484/480/482 485/482/483 437/481/435
f 485/482/483 486/483/484 438/442/436
f 486/483/484 487/531/485 439/443/437
f 439/443/437 487/531/485 488/484/486
f 440/444/438 488/484/486 489/485/487
f 489/485/487 490/487/488 442/486/440
f 490/487/488 491/534/489 443/446/441
f 443/446/441 491/534/489 492/488/490
f 492/488/490 493/536/491 445/449/443
f 445/449/443 493/536/491 494/489/492
f 494/489/492 495/538/493 447/451/445
f 447/451/445 495/538/493 496/490/494
f 448/491/446 496/490/494 497/492/495
f 497/492/495 498/541/496 450/493/448
f 450/493/448 498/541/496 499/494/497
f 499/494/497 500/544/498 452/455/450
f 452/455/450 500/544/498 501/495/499
f 501/495/499 502/497/500 454/496/452
f 502/497/500 503/498/501 455/457/453
f 503/498/501 504/499/502 456/458/454
f 504/499/502 505/548/503 457/500/455
f 505/501/503 506/502/504 458/461/456
f 506/502/504 507/551/505 459/462/457
f 459/462/457 507/551/505 508/503/506
f 508/503/506 509/504/507 461/464/459
f 509/504/507 510/553/508 462/505/460
f 462/505/460 510/553/508 511/506/509
f 511/506/509 512/508/510 464/507/462
f 512/508/510 513/509/511 465/466/463
f 513/509/511 514/510/512 466/467/464
f 514/510/512 515/558/513 467/511/465
f 467/511/465 515/558/513 516/512/514
f 516/512/514 517/513/515 469/469/467
f 517/513/515 518/561/516 470/470/468
f 470/470/468 518/561/516 519/514/517
f 519/514/517 520/564/518 472/515/470
f 472/515/470 520/564/518 521/516/519
f 521/516/519 522/517/520 474/473/472
f 522/517/520 523/519/521 475/518/473
f 523/519/521 524/568/522 476/474/474
f 476/474/474 524/568/522 525/520/523
f 477/521/475 525/520/523 526/522/524
f 478/475/476 526/522/524 527/523/525
f 527/523/525 528/572/526 480/524/478
f 480/524/478 528/572/526 481/478/479
f 481/478/479 529/575/527 530/525/528
f 482/526/480 530/525/528 531/527/529
f 531/527/529 532/528/530 484/480/482
f 532/528/530 533/529/531 485/482/483
f 533/529/531 534/579/532 486/483/484
f 486/483/484 534/579/532 535/530/533
f 535/530/533 536/581/534 488/484/486
f 488/484/486 536/581/534 537/532/535
f 489/485/487 537/532/535 538/533/536
f 538/533/536 539/584/537 491/534/489
f 491/534/489 539/584/537 540/535/538
f 540/535/538 541/586/539 493/536/491
f 493/536/491 541/586/539 542/537/540
f 542/537/540 543/589/541 495/538/493
f 495/538/493 543/589/541 544/539/542
f 544/539/542 545/540/543 497/492/495
f 545/540/543 546/592/544 498/541/496
f 498/541/496 546/592/544 547/542/545
f 499/494/497 547/542/545 548/543/546
f 500/544/498 548/543/546 549/545/547
f 549/545/547 550/597/548 502/497/500
f 502/497/500 550/597/548 551/546/549
f 551/546/549 552/547/550 504/499/502
f 552/547/550 553/601/551 505/548/503
f 505/501/503 553/602/551 554/549/552
f 506/502/504 554/549/552 555/550/553
f 555/550/553 556/606/554 508/503/506
f 508/503/506 556/606/554 557/552/555
f 557/552/555 558/554/556 510/553/508
f 558/554/556 559/555/557 511/506/509
f 559/555/557 560/609/558 512/508/510
f 512/508/510 560/609/558 561/556/559
f 513/509/511 561/556/559 562/557/560
f 562/557/560 563/612/561 515/558/513
f 515/558/513 563/612/561 564/559/562
f 564/559/562 565/560/563 517/513/515
f 565/560/563 566/562/564 518/561/516
f 566/562/564 567/617/565 519/514/517
f 519/514/517 567/617/565 568/563/566
f 568/563/566 569/565/567 521/516/519
f 569/565/567 570/566/568 522/517/520
f 570/566/568 571/567/569 523/519/521
f 571/567/569 572/621/570 524/568/522
f 524/568/522 572/621/570 573/569/571
f 525/520/523 573/569/571 574/570/572
f 526/522/524 574/570/572 575/571/573
f 575/571/573 576/573/574 528/572/526
f 576/573/574 529/575/527 481/478/479
f 577/574/575 578/576/576 530/525/528
f 578/576/576 579/626/577 531/527/529
f 531/527/529 579/626/577 580/577/578
f 580/577/578 581/628/579 533/529/531
f 533/529/531 581/628/579 582/578/580
f 534/579/532 582/578/580 583/580/581
f 583/580/581 584/631/582 536/581/534
f 536/581/534 584/631/582 585/582/583
f 585/582/583 586/633/584 538/533/536
f 538/533/536 586/633/584 587/583/585
f 587/583/585 588/585/586 540/535/538
f 588/585/586 589/587/587 541/586/539
f 589/587/587 590/588/588 542/537/540
f 590/588/588 591/637/589 543/589/541
f 543/589/541 591/637/589 592/590/590
f 544/539/542 592/590/590 593/591/591
f 593/591/591 594/593/592 546/592/544
f 594/593/592 595/594/593 547/542/545
f 595/594/593 596/595/594 548/543/546
f 596/595/594 597/596/595 549/545/547
f 597/596/595 598/598/596 550/597/548
f 598/598/596 599/599/597 551/546/549
f 599/599/597 600/600/598 552/547/550
f 600/600/598 601/648/599 553/601/551
f 553/602/551 601/649/599 602/603/600
f 554/549/552 602/603/600 603/604/601
f 555/550/553 603/604/601 604/605/602
f 604/605/602 605/653/603 557/552/555
f 557/552/555 605/653/603 606/607/604
f 558/554/556 606/607/604 607/608/605
f 607/608/605 608/656/606 560/609/558
f 560/609/558 608/656/606 609/610/607
f 609/610/607 610/611/608 562/557/560
f 610/611/608 611/658/609 563/612/561
f 563/612/561 611/658/609 612/613/610
f 564/559/562 612/613/610 613/614/611
f 565/560/563 613/614/611 614/615/612
f 566/562/564 614/615/612 615/616/613
f 615/616/613 616/662/614 568/563/566
f 568/563/566 616/662/614 617/618/615
f 569/565/567 617/618/615 618/619/616
f 570/566/568 618/619/616 619/620/617
f 619/620/617 620/622/618 572/621/570
f 620/622/618 621/666/619 573/569/571
f 573/569/571 621/666/619 622/623/620
f 622/623/620 623/668/621 575/571/573
f 575/571/573 623/668/621 624/624/622
f 624/624/622 577/574/575 529/575/527
f 577/574/575 625/671/623 626/625/624
f 626/625/624 627/673/625 579/626/577
f 579/626/577 627/673/625 628/627/626
f 628/627/626 629/676/627 581/628/579
f 581/628/579 629/676/627 630/629/628
f 582/578/580 630/629/628 631/630/629
f 631/630/629 632/680/630 584/631/582
f 584/631/582 632/680/630 633/632/631
f 633/632/631 634/682/632 586/633/584
f 586/633/584 634/682/632 635/634/633
f 635/634/633 636/685/634 588/585/586
f 588/585/586 636/685/634 637/635/635
f 637/635/635 638/636/636 590/588/588
f 638/636/636 639/638/637 591/637/589
f 639/638/637 640/639/638 592/590/590
f 640/639/638 641/640/639 593/591/591
f 641/640/639 642/641/640 594/593/592
f 642/641/640 643/642/641 595/594/593
f 643/642/641 644/643/642 596/595/594
f 644/643/642 645/644/643 597/596/595
f 645/644/643 646/645/644 598/598/596
f 646/645/644 647/646/645 599/599/597
f 647/646/645 648/647/646 600/600/598
f 648/647/646 649/697/647 601/648/599
f 601/649/599 649/699/647 650/650/648
f 650/650/648 651/651/649 603/604/601
f 651/651/649 652/701/650 604/605/602
f 604/605/602 652/701/650 653/652/651
f 653/652/651 654/654/652 606/607/604
f 654/654/652 655/705/653 607/608/605
f 607/608/605 655/705/653 656/655/654
f 656/655/654 657/707/655 609/610/607
f 609/610/607 657/707/655 658/657/656
f 658/657/656 659/710/657 611/658/609
f 611/658/609 659/710/657 660/659/658
f 612/613/610 660/659/658 661/660/659
f 661/660/659 662/713/660 614/615/612
f 614/615/612 662/713/660 663/661/661
f 663/661/661 664/716/662 616/662/614
f 616/662/614 664/716/662 665/663/663
f 665/663/663 666/718/664 618/619/616
f 618/619/616 666/718/664 667/664/665
f 667/664/665 668/665/666 620/622/618
f 668/665/666 669/721/667 621/666/619
f 621/666/619 669/721/667 670/667/668
f 670/667/668 671/724/669 623/668/621
f 623/668/621 671/724/669 672/669/670
f 672/669/670 625/671/623 577/574/575
f 673/670/671 674/672/672 626/625/624
f 674/672/672 675/674/673 627/673/625
f 675/674/673 676/675/674 628/627/626
f 676/675/674 677/677/675 629/676/627
f 677/677/675 678/678/676 630/629/628
f 678/678/676 679/679/677 631/630/629
f 679/679/677 680/731/678 632/680/630
f 632/680/630 680/731/678 681/681/679
f 681/681/679 682/683/680 634/682/632
f 682/683/680 683/684/681 635/634/633
f 683/684/681 684/686/682 636/685/634
f 684/686/682 685/687/683 637/635/635
f 685/687/683 686/735/684 638/636/636
f 638/636/636 686/735/684 687/688/685
f 687/688/685 688/689/686 640/639/638
f 688/689/686 689/738/687 641/640/639
f 641/640/639 689/738/687 690/690/688
f 690/690/688 691/691/689 643/642/641
f 691/691/689 692/692/690 644/643/642
f 692/692/690 693/693/691 645/644/643
f 693/693/691 694/694/692 646/645/644
f 694/694/692 695/695/693 647/646/645
f 695/695/693 696/696/694 648/647/646
f 696/696/694 697/746/695 649/697/647
f 697/698/695 698/748/696 650/650/648
f 650/650/648 698/748/696 699/700/697
f 699/700/697 700/751/698 652/701/650
f 652/701/650 700/751/698 701/702/699
f 653/652/651 701/702/699 702/703/700
f 654/654/652 702/703/700 703/704/701
f 703/704/701 704/706/702 656/655/654
f 704/706/702 705/757/703 657/707/655
f 657/707/655 705/757/703 706/708/704
f 658/657/656 706/708/704 707/709/705
f 707/709/705 708/759/706 660/659/658
f 660/659/658 708/759/706 709/711/707
f 661/660/659 709/711/707 710/712/708
f 662/713/660 710/712/708 711/714/709
f 663/661/661 711/714/709 712/715/710
f 712/715/710 713/764/711 665/663/663
f 665/663/663 713/764/711 714/717/712
f 666/718/664 714/717/712 715/719/713
f 715/719/713 716/720/714 668/665/666
f 716/720/714 717/767/715 669/721/667
f 669/721/667 717/767/715 718/722/716
f 670/667/668 718/722/716 719/723/717
f 719/723/717 720/771/718 672/669/670
f 672/669/670 720/771/718 673/670/671
f 721/725/719 722/726/720 674/672/672
f 722/726/720 723/727/721 675/674/673
f 723/727/721 724/774/722 676/675/674
f 676/675/674 724/774/722 725/728/723
f 677/677/675 725/728/723 726/729/724
f 726/729/724 727/777/725 679/679/677
f 679/679/677 727/777/725 728/730/726
f 728/730/726 729/732/727 681/681/679
f 729/732/727 730/780/728 682/683/680
f 682/683/680 730/780/728 731/733/729
f 731/733/729 732/783/730 684/686/682
f 684/686/682 732/783/730 733/734/731
f 733/734/731 734/786/732 686/735/684
f 686/735/684 734/786/732 735/736/733
f 735/736/733 736/737/734 688/689/686
f 736/737/734 737/739/735 689/738/687
f 737/739/735 738/790/736 690/690/688
f 690/690/688 738/790/736 739/740/737
f 691/691/689 739/740/737 740/741/738
f 740/741/738 741/742/739 693/693/691
f 741/742/739 742/743/740 694/694/692
f 742/743/740 743/744/741 695/695/693
f 743/744/741 744/795/742 696/696/694
f 696/696/694 744/795/742 745/745/743
f 745/747/743 746/749/744 698/748/696
f 746/749/744 747/750/745 699/700/697
f 747/750/745 748/752/746 700/751/698
f 748/752/746 749/800/747 701/702/699
f 701/702/699 749/800/747 750/753/748
f 702/703/700 750/753/748 751/754/749
f 703/704/701 751/754/749 752/755/750
f 704/706/702 752/755/750 753/756/751
f 753/756/751 754/804/752 706/708/704
f 706/708/704 754/804/752 755/758/753
f 755/758/753 756/760/754 708/759/706
f 756/760/754 757/761/755 709/711/707
f 757/761/755 758/809/756 710/712/708
f 710/712/708 758/809/756 759/762/757
f 759/762/757 760/811/758 712/715/710
f 712/715/710 760/811/758 761/763/759
f 761/763/759 762/765/760 714/717/712
f 762/765/760 763/815/761 715/719/713
f 715/719/713 763/815/761 764/766/762
f 764/766/762 765/768/763 717/767/715
f 765/768/763 766/769/764 718/722/716
f 766/769/764 767/820/765 719/723/717
f 719/723/717 767/820/765 768/770/766
f 720/771/718 768/770/766 721/725/719
f 721/725/719 769/823/767 770/772/768
f 770/772/768 771/825/769 723/727/721
f 723/727/721 771/825/769 772/773/770
f 772/773/770 773/827/771 725/728/723
f 725/728/723 773/827/771 774/775/772
f 726/729/724 774/775/772 775/776/773
f 727/777/725 775/776/773 776/778/774
f 728/730/726 776/778/774 777/779/775
f 777/779/775 778/781/776 730/780/728
f 778/781/776 779/782/777 731/733/729
f 779/782/777 780/834/778 732/783/730
f 732/783/730 780/834/778 781/784/779
f 733/734/731 781/784/779 782/785/780
f 734/786/732 782/785/780 783/787/781
f 735/736/733 783/787/781 784/788/782
f 784/788/782 785/789/783 737/739/735
f 785/789/783 786/840/784 738/790/736
f 738/790/736 786/840/784 787/791/785
f 739/740/737 787/791/785 788/792/786
f 788/792/786 789/842/787 741/742/739
f 741/742/739 789/842/787 790/793/788
f 790/793/788 791/794/789 743/744/741
f 791/794/789 792/796/790 744/795/742
f 792/796/790 793/845/791 745/745/743
f 793/797/791 794/798/792 746/749/744
f 794/798/792 795/848/793 747/750/745
f 747/750/745 795/848/793 796/799/794
f 796/799/794 797/850/795 749/800/747
f 749/800/747 797/850/795 798/801/796
f 798/801/796 799/802/797 751/754/749
f 799/802/797 800/853/798 752/755/750
f 752/755/750 800/853/798 801/803/799
f 801/803/799 802/805/800 754/804/752
f 802/805/800 803/806/801 755/758/753
f 803/806/801 804/807/802 756/760/754
f 804/807/802 805/808/803 757/761/755
f 805/808/803 806/857/804 758/809/756
f 758/809/756 806/857/804 807/810/805
f 807/810/805 808/812/806 760/811/758
f 808/812/806 809/813/807 761/763/759
f 809/813/807 810/814/808 762/765/760
f 810/814/808 811/816/809 763/815/761
f 811/816/809 812/817/810 764/766/762
f 812/817/810 813/818/811 765/768/763
f 813/818/811 814/819/812 766/769/764
f 814/819/812 815/864/813 767/820/765
f 767/820/765 815/864/813 816/821/814
f 816/821/814 769/823/767 721/725/719
f 817/822/815 818/824/816 770/772/768
f 818/824/816 819/868/817 771/825/769
f 771/825/769 819/868/817 820/826/818
f 820/826/818 821/828/819 773/827/771
f 821/828/819 822/829/820 774/775/772
f 822/829/820 823/830/821 775/776/773
f 823/830/821 824/831/822 776/778/774
f 824/831/822 825/832/823 777/779/775
f 825/832/823 826/874/824 778/781/776
f 778/781/776 826/874/824 827/833/825
f 827/833/825 828/835/826 780/834/778
f 828/835/826 829/836/827 781/784/779
f 829/836/827 830/837/828 782/785/780
f 830/837/828 831/879/829 783/787/781
f 783/787/781 831/879/829 832/838/830
f 832/838/830 833/882/831 785/789/783
f 785/789/783 833/882/831 834/839/832
f 834/839/832 835/884/833 787/791/785
f 787/791/785 835/884/833 836/841/834
f 836/841/834 837/887/835 789/842/787
f 789/842/787 837/887/835 838/843/836
f 838/843/836 839/889/837 791/794/789
f 791/794/789 839/889/837 840/844/838
f 840/844/838 841/892/839 793/845/791
f 841/846/839 842/847/840 794/798/792
f 842/847/840 843/895/841 795/848/793
f 795/848/793 843/895/841 844/849/842
f 844/849/842 845/897/843 797/850/795
f 797/850/795 845/897/843 846/851/844
f 846/851/844 847/900/845 799/802/797
f 799/802/797 847/900/845 848/852/846
f 848/852/846 849/902/847 801/803/799
f 801/803/799 849/902/847 850/854/848
f 850/854/848 851/905/849 803/806/801
f 803/806/801 851/905/849 852/855/850
f 852/855/850 853/907/851 805/808/803
f 805/808/803 853/907/851 854/856/852
f 854/856/852 855/858/853 807/810/805
f 855/858/853 856/859/854 808/812/806
f 856/859/854 857/911/855 809/813/807
f 809/813/807 857/911/855 858/860/856
f 810/814/808 858/860/856 859/861/857
f 859/861/857 860/915/858 812/817/810
f 812/817/810 860/915/858 861/862/859
f 813/818/811 861/862/859 862/863/860
f 862/863/860 863/865/861 815/864/813
f 863/865/861 864/919/862 816/821/814
f 816/821/814 864/919/862 817/822/815
f 865/866/863 866/922/864 818/824/816
f 818/824/816 866/922/864 867/867/865
f 819/868/817 867/867/865 868/869/866
f 868/869/866 869/925/867 821/828/819
f 821/828/819 869/925/867 870/870/868
f 822/829/820 870/870/868 871/871/869
f 871/871/869 872/872/870 824/831/822
f 872/872/870 873/873/871 825/832/823
f 873/873/871 874/875/872 826/874/824
f 874/875/872 875/876/873 827/833/825
f 875/876/873 876/932/874 828/835/826
f 828/835/826 876/932/874 877/877/875
f 829/836/827 877/877/875 878/878/876
f 878/878/876 879/880/877 831/879/829
f 879/880/877 880/881/878 832/838/830
f 880/881/878 881/936/879 833/882/831
f 833/882/831 881/936/879 882/883/880
f 882/883/880 883/939/881 835/884/833
f 835/884/833 883/939/881 884/885/882
f 836/841/834 884/885/882 885/886/883
f 837/887/835 885/886/883 886/888/884
f 886/888/884 887/890/885 839/889/837
f 887/890/885 888/944/886 840/844/838
f 840/844/838 888/944/886 889/891/887
f 841/846/839 889/947/887 890/893/888
f 842/847/840 890/893/888 891/894/889
f 843/895/841 891/894/889 892/896/890
f 892/896/890 893/898/891 845/897/843
f 893/898/891 894/899/892 846/851/844
f 894/899/892 895/952/893 847/900/845
f 847/900/845 895/952/893 896/901/894
f 896/901/894 897/954/895 849/902/847
f 849/902/847 897/954/895 898/903/896
f 850/854/848 898/903/896 899/904/897
f 899/904/897 900/906/898 852/855/850
f 900/906/898 901/908/899 853/907/851
f 901/908/899 902/959/900 854/856/852
f 854/856/852 902/959/900 903/909/901
f 903/909/901 904/910/902 856/859/854
f 904/910/902 905/912/903 857/911/855
f 905/912/903 906/913/904 858/860/856
f 906/913/904 907/914/905 859/861/857
f 907/914/905 908/916/906 860/915/858
f 908/916/906 909/966/907 861/862/859
f 861/862/859 909/966/907 910/917/908
f 910/917/908 911/918/909 863/865/861
f 911/918/909 912/920/910 864/919/862
f 912/920/910 865/866/863 817/822/815
f 913/921/911 914/923/912 866/922/864
f 914/923/912 915/971/913 867/867/865
f 867/867/865 915/971/913 916/924/914
f 916/924/914 917/973/915 869/925/867
f 869/925/867 917/973/915 918/926/916
f 870/870/868 918/926/916 919/927/917
f 919/927/917 920/976/918 872/872/870
f 872/872/870 920/976/918 921/928/919
f 873/873/871 921/928/919 922/929/920
f 874/875/872 922/929/920 923/930/921
f 875/876/873 923/930/921 924/931/922
f 924/931/922 925/933/923 877/877/875
f 925/933/923 926/982/924 878/878/876
f 878/878/876 926/982/924 927/934/925
f 879/880/877 927/934/925 928/935/926
f 928/935/926 929/937/927 881/936/879
f 929/937/927 930/938/928 882/883/880
f 930/938/928 931/940/929 883/939/881
f 931/940/929 932/941/930 884/885/882
f 932/941/930 933/942/931 885/886/883
f 933/942/931 934/989/932 886/888/884
f 886/888/884 934/989/932 935/943/933
f 935/943/933 936/945/934 888/944/886
f 936/945/934 937/993/935 889/891/887
f 937/946/935 938/995/936 890/893/888
f 890/893/888 938/995/936 939/948/937
f 939/948/937 940/949/938 892/896/890
f 940/949/938 941/950/939 893/898/891
f 941/950/939 942/951/940 894/899/892
f 942/951/940 943/999/941 895/952/893
f 895/952/893 943/999/941 944/953/942
f 944/953/942 945/1001/943 897/954/895
f 897/954/895 945/1001/943 946/955/944
f 946/955/944 947/956/945 899/904/897
f 947/956/945 948/957/946 900/906/898
f 948/957/946 949/1006/947 901/908/899
f 901/908/899 949/1006/947 950/958/948
f 950/958/948 951/960/949 903/909/901
f 951/960/949 952/961/950 904/910/902
f 952/961/950 953/962/951 905/912/903
f 953/962/951 954/963/952 906/913/904
f 954/963/952 955/964/953 907/914/905
f 955/964/953 956/965/954 908/916/906
f 956/965/954 957/1013/955 909/966/907
f 909/966/907 957/1013/955 958/967/956
f 958/967/956 959/1016/957 911/918/909
f 911/918/909 959/1016/957 960/968/958
f 960/968/958 913/921/911 865/866/863
f 961/969/959 962/970/960 914/923/912
f 962/970/960 963/1020/961 915/971/913
f 915/971/913 963/1020/961 964/972/962
f 964/972/962 965/1023/963 917/973/915
f 917/973/915 965/1023/963 966/974/964
f 966/974/964 967/975/965 919/927/917
f 967/975/965 968/977/966 920/976/918
f 968/977/966 969/978/967 921/928/919
f 969/978/967 970/979/968 922/929/920
f 970/979/968 971/1029/969 923/930/921
f 923/930/921 971/1029/969 972/980/970
f 972/980/970 973/981/971 925/933/923
f 973/981/971 974/1032/972 926/982/924
f 926/982/924 974/1032/972 975/983/973
f 927/934/925 975/983/973 976/984/974
f 928/935/926 976/984/974 977/985/975
f 929/937/927 977/985/975 978/986/976
f 978/986/976 979/1037/977 931/940/929
f 931/940/929 979/1037/977 980/987/978
f 980/987/978 981/988/979 933/942/931
f 981/988/979 982/990/980 934/989/932
f 982/990/980 983/991/981 935/943/933
f 983/991/981 984/992/982 936/945/934
f 984/992/982 985/1044/983 937/993/935
f 985/994/983 986/996/984 938/995/936
f 986/996/984 987/1047/985 939/948/937
f 939/948/937 987/1047/985 988/997/986
f 988/997/986 989/1049/987 941/950/939
f 941/950/939 989/1049/987 990/998/988
f 990/998/988 991/1051/989 943/999/941
f 943/999/941 991/1051/989 992/1000/990
f 992/1000/990 993/1002/991 945/1001/943
f 993/1002/991 994/1003/992 946/955/944
f 994/1003/992 995/1004/993 947/956/945
f 995/1004/993 996/1056/994 948/957/946
f 948/957/946 996/1056/994 997/1005/995
f 997/1005/995 998/1007/996 950/958/948
f 998/1007/996 999/1058/997 951/960/949
f 951/960/949 999/1058/997 1000/1008/998
f 952/961/950 1000/1008/998 1001/1009/999
f 953/962/951 1001/1009/999 1002/1010/1000
f 954/963/952 1002/1010/1000 1003/1011/1001
f 955/964/953 1003/1011/1001 1004/1012/1002
f 1004/1012/1002 1005/1014/1003 957/1013/955
f 1005/1014/1003 1006/1015/1004 958/967/956
f 1006/1015/1004 1007/1017/1005 959/1016/957
f 1007/1017/1005 1008/1018/1006 960/968/958
f 1008/1018/1006 961/969/959 913/921/911
f 961/969/959 1009/1068/1007 1010/1019/1008
f 1010/1019/1008 1011/1021/1009 963/1020/961
f 1011/1021/1009 1012/1022/1010 964/972/962
f 1012/1022/1010 1013/1024/1011 965/1023/963
f 1013/1024/1011 1014/1025/1012 966/974/964
f 1014/1025/1012 1015/1026/1013 967/975/965
f 1015/1026/1013 1016/1027/1014 968/977/966
f 1016/1027/1014 1017/1075/1015 969/978/967
f 969/978/967 1017/1075/1015 1018/1028/1016
f 1018/1028/1016 1019/1077/1017 971/1029/969
f 971/1029/969 1019/1077/1017 1020/1030/1018
f 1020/1030/1018 1021/1031/1019 973/981/971
f 1021/1031/1019 1022/1081/1020 974/1032/972
f 974/1032/972 1022/1081/1020 1023/1033/1021
f 975/983/973 1023/1033/1021 1024/1034/1022
f 1024/1034/1022 1025/1035/1023 977/985/975
f 1025/1035/1023 1026/1036/1024 978/986/976
f 1026/1036/1024 1027/1038/1025 979/1037/977
f 1027/1038/1025 1028/1039/1026 980/987/978
f 1028/1039/1026 1029/1040/1027 981/988/979
f 1029/1040/1027 1030/1041/1028 982/990/980
f 1030/1041/1028 1031/1042/1029 983/991/981
f 1031/1042/1029 1032/1043/1030 984/992/982
f 1032/1043/1030 1033/1090/1031 985/1044/983
f 985/994/983 1033/1092/1031 1034/1045/1032
f 986/996/984 1034/1045/1032 1035/1046/1033
f 1035/1046/1033 1036/1048/1034 988/997/986
f 1036/1048/1034 1037/1095/1035 989/1049/987
f 989/1049/987 1037/1095/1035 1038/1050/1036
f 1038/1050/1036 1039/1098/1037 991/1051/989
f 991/1051/989 1039/1098/1037 1040/1052/1038
f 1040/1052/1038 1041/1100/1039 993/1002/991
f 993/1002/991 1041/1100/1039 1042/1053/1040
f 994/1003/992 1042/1053/1040 1043/1054/1041
f 995/1004/993 1043/1054/1041 1044/1055/1042
f 1044/1055/1042 1045/1104/1043 997/1005/995
f 997/1005/995 1045/1104/1043 1046/1057/1044
f 1046/1057/1044 1047/1059/1045 999/1058/997
f 1047/1059/1045 1048/1060/1046 1000/1008/998
f 1048/1060/1046 1049/1108/1047 1001/1009/999
f 1001/1009/999 1049/1108/1047 1050/1061/1048
f 1002/1010/1000 1050/1061/1048 1051/1062/1049
f 1003/1011/1001 1051/1062/1049 1052/1063/1050
f 1004/1012/1002 1052/1063/1050 1053/1064/1051
f 1053/1064/1051 1054/1065/1052 1006/1015/1004
f 1054/1065/1052 1055/1113/1053 1007/1017/1005
f 1007/1017/1005 1055/1113/1053 1056/1066/1054
f 1056/1066/1054 1009/1068/1007 961/969/959
f 1057/1067/1055 1058/1069/1056 1010/1019/1008
f 1058/1069/1056 1059/1070/1057 1011/1021/1009
f 1059/1070/1057 1060/1117/1058 1012/1022/1010
f 1012/1022/1010 1060/1117/1058 1061/1071/1059
f 1013/1024/1011 1061/1071/1059 1062/1072/1060
f 1062/1072/1060 1063/1121/1061 1015/1026/1013
f 1015/1026/1013 1063/1121/1061 1064/1073/1062
f 1016/1027/1014 1064/1073/1062 1065/1074/1063
f 1065/1074/1063 1066/1076/1064 1018/1028/1016
f 1066/1076/1064 1067/1078/1065 1019/1077/1017
f 1067/1078/1065 1068/1079/1066 1020/1030/1018
f 1068/1079/1066 1069/1080/1067 1021/1031/1019
f 1069/1080/1067 1070/1082/1068 1022/1081/1020
f 1070/1082/1068 1071/1129/1069 1023/1033/1021
f 1023/1033/1021 1071/1129/1069 1072/1083/1070
f 1072/1083/1070 1073/1084/1071 1025/1035/1023
f 1073/1084/1071 1074/1132/1072 1026/1036/1024
f 1026/1036/1024 1074/1132/1072 1075/1085/1073
f 1075/1085/1073 1076/1086/1074 1028/1039/1026
f 1076/1086/1074 1077/1087/1075 1029/1040/1027
f 1077/1087/1075 1078/1137/1076 1030/1041/1028
f 1030/1041/1028 1078/1137/1076 1079/1088/1077
f 1031/1042/1029 1079/1088/1077 1080/1089/1078
f 1080/1089/1078 1081/1141/1079 1033/1090/1031
f 1081/1091/1079 1082/1093/1080 1034/1045/1032
f 1082/1093/1080 1083/1144/1081 1035/1046/1033
f 1035/1046/1033 1083/1144/1081 1084/1094/1082
f 1084/1094/1082 1085/1146/1083 1037/1095/1035
f 1037/1095/1035 1085/1146/1083 1086/1096/1084
f 1038/1050/1036 1086/1096/1084 1087/1097/1085
f 1087/1097/1085 1088/1150/1086 1040/1052/1038
f 1040/1052/1038 1088/1150/1086 1089/1099/1087
f 1041/1100/1039 1089/1099/1087 1090/1101/1088
f 1090/1101/1088 1091/1102/1089 1043/1054/1041
f 1091/1102/1089 1092/1154/1090 1044/1055/1042
f 1044/1055/1042 1092/1154/1090 1093/1103/1091
f 1045/1104/1043 1093/1103/1091 1094/1105/1092
f 1094/1105/1092 1095/1158/1093 1047/1059/1045
f 1047/1059/1045 1095/1158/1093 1096/1106/1094
f 1048/1060/1046 1096/1106/1094 1097/1107/1095
f 1097/1107/1095 1098/1109/1096 1050/1061/1048
f 1098/1109/1096 1099/1162/1097 1051/1062/1049
f 1051/1062/1049 1099/1162/1097 1100/1110/1098
f 1100/1110/1098 1101/1111/1099 1053/1064/1051
f 1101/1111/1099 1102/1165/1100 1054/1065/1052
f 1054/1065/1052 1102/1165/1100 1103/1112/1101
f 1103/1112/1101 1104/1168/1102 1056/1066/1054
f 1056/1066/1054 1104/1168/1102 1057/1067/1055
f 1105/1114/1103 1106/1115/1104 1058/1069/1056
f 1106/1115/1104 1107/1116/1105 1059/1070/1057
f 1107/1116/1105 1108/1118/1106 1060/1117/1058
f 1108/1118/1106 1109/1119/1107 1061/1071/1059
f 1109/1119/1107 1110/1120/1108 1062/1072/1060
f 1110/1120/1108 1111/1122/1109 1063/1121/1061
f 1111/1122/1109 1112/1175/1110 1064/1073/1062
f 1064/1073/1062 1112/1175/1110 1113/1123/1111
f 1065/1074/1063 1113/1123/1111 1114/1124/1112
f 1114/1124/1112 1115/1125/1113 1067/1078/1065
f 1115/1125/1113 1116/1126/1114 1068/1079/1066
f 1116/1126/1114 1117/1127/1067 1069/1080/1067
f 1117/1127/1067 1118/1128/1115 1070/1082/1068
f 1118/1128/1115 1119/1181/1116 1071/1129/1069
f 1071/1129/1069 1119/1181/1116 1120/1130/1117
f 1120/1130/1117 1121/1131/1118 1073/1084/1071
f 1121/1131/1118 1122/1133/1119 1074/1132/1072
f 1122/1133/1119 1123/1134/1120 1075/1085/1073
f 1123/1134/1120 1124/1135/1121 1076/1086/1074
f 1124/1135/1121 1125/1136/1122 1077/1087/1075
f 1125/1136/1122 1126/1138/1123 1078/1137/1076
f 1126/1138/1123 1127/1139/1124 1079/1088/1077
f 1127/1139/1124 1128/1140/1125 1080/1089/1078
f 1128/1140/1125 1129/1190/1126 1081/1141/1079
f 1129/1142/1126 1130/1192/1127 1082/1093/1080
f 1082/1093/1080 1130/1192/1127 1131/1143/1128
f 1083/1144/1081 1131/1143/1128 1132/1145/1129
f 1132/1145/1129 1133/1196/1130 1085/1146/1083
f 1085/1146/1083 1133/1196/1130 1134/1147/1131
f 1086/1096/1084 1134/1147/1131 1135/1148/1132
f 1087/1097/1085 1135/1148/1132 1136/1149/1133
f 1088/1150/1086 1136/1149/1133 1137/1151/1134
f 1089/1099/1087 1137/1151/1134 1138/1152/1135
f 1138/1152/1135 1139/1153/1136 1091/1102/1089
f 1139/1153/1136 1140/1204/1137 1092/1154/1090
f 1092/1154/1090 1140/1204/1137 1141/1155/1091
f 1093/1103/1091 1141/1155/1091 1142/1156/1138
f 1094/1105/1092 1142/1156/1138 1143/1157/1139
f 1095/1158/1093 1143/1157/1139 1144/1159/1140
f 1144/1159/1140 1145/1160/1141 1097/1107/1095
f 1145/1160/1141 1146/1210/1142 1098/1109/1096
f 1098/1109/1096 1146/1210/1142 1147/1161/1143
f 1099/1162/1097 1147/1161/1143 1148/1163/1144
f 1100/1110/1098 1148/1163/1144 1149/1164/1145
f 1149/1164/1145 1150/1166/1146 1102/1165/1100
f 1150/1166/1146 1151/1167/1147 1103/1112/1101
f 1151/1167/1147 1152/1169/1148 1104/1168/1102
f 1152/1169/1148 1105/1114/1103 1057/1067/1055
f 1105/1114/1103 1153/1217/1149 1154/1170/1150
f 1154/1170/1150 1155/1171/1151 1107/1116/1105
f 1155/1171/1151 1156/1172/1152 1108/1118/1106
f 1156/1172/1152 1157/1221/1153 1109/1119/1107
f 1109/1119/1107 1157/1221/1153 1158/1173/1154
f 1158/1173/1154 1159/1224/1155 1111/1122/1109
f 1111/1122/1109 1159/1224/1155 1160/1174/1156
f 1160/1174/1156 1161/1176/1157 1113/1123/1111
f 1161/1176/1157 1162/1227/1158 1114/1124/1112
f 1114/1124/1112 1162/1227/1158 1163/1177/1159
f 1163/1177/1159 1164/1178/1160 1116/1126/1114
f 1164/1178/1160 1165/1229/1161 1117/1127/1067
f 1117/1127/1067 1165/1229/1161 1166/1179/1162
f 1118/1128/1115 1166/1179/1162 1167/1180/1163
f 1167/1180/1163 1168/1233/1164 1120/1130/1117
f 1120/1130/1117 1168/1233/1164 1169/1182/1165
f 1121/1131/1118 1169/1182/1165 1170/1183/1166
f 1122/1133/1119 1170/1183/1166 1171/1184/1167
f 1123/1134/1120 1171/1184/1167 1172/1185/1168
f 1124/1135/1121 1172/1185/1168 1173/1186/1169
f 1125/1136/1122 1173/1186/1169 1174/1187/1170
f 1174/1187/1170 1175/1240/1171 1127/1139/1124
f 1127/1139/1124 1175/1240/1171 1176/1188/1172
f 1128/1140/1125 1176/1188/1172 1177/1189/1173
f 1177/1191/1173 1178/1193/1174 1130/1192/1127
f 1178/1193/1174 1179/1194/1175 1131/1143/1128
f 1179/1194/1175 1180/1195/1176 1132/1145/1129
f 1180/1195/1176 1181/1197/1177 1133/1196/1130
f 1181/1197/1177 1182/1198/1178 1134/1147/1131
f 1182/1198/1178 1183/1199/1179 1135/1148/1132
f 1183/1199/1179 1184/1200/1180 1136/1149/1133
f 1184/1200/1180 1185/1201/1181 1137/1151/1134
f 1185/1201/1181 1186/1202/1182 1138/1152/1135
f 1186/1202/1182 1187/1203/1183 1139/1153/1136
f 1187/1203/1183 1188/1205/1184 1140/1204/1137
f 1188/1205/1184 1189/1253/1185 1141/1155/1091
f 1141/1155/1091 1189/1253/1185 1190/1206/1186
f 1190/1206/1186 1191/1207/1187 1143/1157/1139
f 1191/1207/1187 1192/1208/1188 1144/1159/1140
f 1192/1208/1188 1193/1209/1189 1145/1160/1141
f 1193/1209/1189 1194/1211/1190 1146/1210/1142
f 1194/1211/1190 1195/1258/1191 1147/1161/1143
f 1147/1161/1143 1195/1258/1191 1196/1212/1192
f 1196/1212/1192 1197/1261/1193 1149/1164/1145
f 1149/1164/1145 1197/1261/1193 1198/1213/1194
f 1198/1213/1194 1199/1214/1195 1151/1167/1147
f 1199/1214/1195 1200/1215/1196 1152/1169/1148
f 1200/1215/1196 1153/1217/1149 1105/1114/1103
f 1201/1216/1197 1202/1218/1198 1154/1170/1150
f 1202/1218/1198 1203/1219/1199 1155/1171/1151
f 1203/1219/1199 1204/1220/1200 1156/1172/1152
f 1204/1220/1200 1205/1222/1201 1157/1221/1153
f 1205/1222/1201 1206/1271/1202 1158/1173/1154
f 1158/1173/1154 1206/1271/1202 1207/1223/1203
f 1207/1223/1203 1208/1274/1204 1160/1174/1156
f 1160/1174/1156 1208/1274/1204 1209/1225/1205
f 1161/1176/1157 1209/1225/1205 1210/1226/1206
f 1210/1226/1206 1211/1278/1207 1163/1177/1159
f 1163/1177/1159 1211/1278/1207 1212/1228/1208
f 1212/1228/1208 1213/1230/1209 1165/1229/1161
f 1213/1230/1209 1214/1231/1210 1166/1179/1162
f 1214/1231/1210 1215/1283/1211 1167/1180/1163
f 1167/1180/1163 1215/1283/1211 1216/1232/1212
f 1216/1232/1212 1217/1234/1213 1169/1182/1165
f 1217/1234/1213 1218/1235/1214 1170/1183/1166
f 1218/1235/1214 1219/1236/1215 1171/1184/1167
f 1219/1236/1215 1220/1237/1216 1172/1185/1168
f 1220/1237/1216 1221/1238/1217 1173/1186/1169
f 1221/1238/1217 1222/1239/1218 1174/1187/1170
f 1222/1239/1218 1223/1241/1219 1175/1240/1171
f 1223/1241/1219 1224/1242/1220 1176/1188/1172
f 1224/1242/1220 1225/1291/1221 1177/1189/1173
f 1225/1243/1221 1226/1244/1222 1178/1193/1174
f 1226/1244/1222 1227/1245/1223 1179/1194/1175
f 1227/1245/1223 1228/1246/1224 1180/1195/1176
f 1228/1246/1224 1229/1247/1225 1181/1197/1177
f 1229/1247/1225 1230/1296/1226 1182/1198/1178
f 1182/1198/1178 1230/1296/1226 1231/1248/1227
f 1231/1248/1227 1232/1299/1228 1184/1200/1180
f 1184/1200/1180 1232/1299/1228 1233/1249/1229
f 1185/1201/1181 1233/1249/1229 1234/1250/1230
f 1234/1250/1230 1235/1303/1231 1187/1203/1183
f 1187/1203/1183 1235/1303/1231 1236/1251/1232
f 1188/1205/1184 1236/1251/1232 1237/1252/1233
f 1237/1252/1233 1238/1254/1234 1190/1206/1186
f 1238/1254/1234 1239/1307/1235 1191/1207/1187
f 1191/1207/1187 1239/1307/1235 1240/1255/1236
f 1240/1255/1236 1241/1256/1237 1193/1209/1189
f 1241/1256/1237 1242/1257/1238 1194/1211/1190
f 1242/1257/1238 1243/1259/1239 1195/1258/1191
f 1243/1259/1239 1244/1260/1240 1196/1212/1192
f 1244/1260/1240 1245/1262/1241 1197/1261/1193
f 1245/1262/1241 1246/1263/1242 1198/1213/1194
f 1246/1263/1242 1247/1264/1243 1199/1214/1195
f 1247/1264/1243 1248/1265/1244 1200/1215/1196
f 1248/1265/1244 1201/1216/1197 1153/1217/1149
f 1249/1266/1245 1250/1267/1246 1202/1218/1198
f 1250/1267/1246 1251/1268/1247 1203/1219/1199
f 1251/1268/1247 1252/1269/1248 1204/1220/1200
f 1252/1269/1248 1253/1270/1249 1205/1222/1201
f 1253/1270/1249 1254/1272/1250 1206/1271/1202
f 1254/1272/1250 1255/1273/1251 1207/1223/1203
f 1255/1273/1251 1256/1275/1252 1208/1274/1204
f 1256/1275/1252 1257/1276/1253 1209/1225/1205
f 1257/1276/1253 1258/1277/1254 1210/1226/1206
f 1258/1277/1254 1259/1279/1255 1211/1278/1207
f 1259/1279/1255 1260/1280/1256 1212/1228/1208
f 1260/1280/1256 1261/1325/1257 1213/1230/1209
f 1213/1230/1209 1261/1325/1257 1262/1281/1258
f 1214/1231/1210 1262/1281/1258 1263/1282/1259
f 1263/1282/1259 1264/1284/1260 1216/1232/1212
f 1264/1284/1260 1265/1329/1261 1217/1234/1213
f 1217/1234/1213 1265/1329/1261 1266/1285/1262
f 1266/1285/1262 1267/1332/1263 1219/1236/1215
f 1219/1236/1215 1267/1332/1263 1268/1286/1264
f 1220/1237/1216 1268/1286/1264 1269/1287/1265
f 1269/1287/1265 1270/1288/1266 1222/1239/1218
f 1270/1288/1266 1271/1289/1267 1223/1241/1219
f 1271/1289/1267 1272/1290/1268 1224/1242/1220
f 1272/1290/1268 1273/1337/1269 1225/1291/1221
f 1273/1292/1269 1274/1339/1270 1226/1244/1222
f 1226/1244/1222 1274/1339/1270 1275/1293/1271
f 1227/1245/1223 1275/1293/1271 1276/1294/1272
f 1276/1294/1272 1277/1295/1273 1229/1247/1225
f 1277/1295/1273 1278/1297/1274 1230/1296/1226
f 1278/1297/1274 1279/1298/1275 1231/1248/1227
f 1279/1298/1275 1280/1300/1276 1232/1299/1228
f 1280/1300/1276 1281/1301/1277 1233/1249/1229
f 1281/1301/1277 1282/1347/1278 1234/1250/1230
f 1234/1250/1230 1282/1347/1278 1283/1302/1279
f 1283/1302/1279 1284/1304/1280 1236/1251/1232
f 1284/1304/1280 1285/1305/1281 1237/1252/1233
f 1285/1305/1281 1286/1351/1282 1238/1254/1234
f 1238/1254/1234 1286/1351/1282 1287/1306/1283
f 1239/1307/1235 1287/1306/1283 1288/1308/1284
f 1240/1255/1236 1288/1308/1284 1289/1309/1285
f 1241/1256/1237 1289/1309/1285 1290/1310/1286
f 1290/1310/1286 1291/1357/1287 1243/1259/1239
f 1243/1259/1239 1291/1357/1287 1292/1311/1288
f 1292/1311/1288 1293/1312/1289 1245/1262/1241
f 1293/1312/1289 1294/1361/1290 1246/1263/1242
f 1246/1263/1242 1294/1361/1290 1295/1313/1291
f 1247/1264/1243 1295/1313/1291 1296/1314/1292
f 1296/1314/1292 1249/1266/1245 1201/1216/1197
f 1297/1315/1293 1298/1366/1294 1250/1267/1246
f 1250/1267/1246 1298/1366/1294 1299/1316/1295
f 1299/1316/1295 1300/1369/1296 1252/1269/1248
f 1252/1269/1248 1300/1369/1296 1301/1317/1297
f 1301/1317/1297 1302/1318/1298 1254/1272/1250
f 1302/1318/1298 1303/1373/1299 1255/1273/1251
f 1255/1273/1251 1303/1373/1299 1304/1319/1300
f 1256/1275/1252 1304/1319/1300 1305/1320/1301
f 1257/1276/1253 1305/1320/1301 1306/1321/1302
f 1258/1277/1254 1306/1321/1302 1307/1322/1303
f 1259/1279/1255 1307/1322/1303 1308/1323/1304
f 1260/1280/1256 1308/1323/1304 1309/1324/1305
f 1261/1325/1257 1309/1324/1305 1310/1326/1306
f 1310/1326/1306 1311/1381/1307 1263/1282/1259
f 1263/1282/1259 1311/1381/1307 1312/1327/1308
f 1264/1284/1260 1312/1327/1308 1313/1328/1309
f 1265/1329/1261 1313/1328/1309 1314/1330/1310
f 1266/1285/1262 1314/1330/1310 1315/1331/1311
f 1315/1331/1311 1316/1387/1312 1268/1286/1264
f 1268/1286/1264 1316/1387/1312 1317/1333/1313
f 1269/1287/1265 1317/1333/1313 1318/1334/1314
f 1318/1334/1314 1319/1335/1315 1271/1289/1267
f 1319/1335/1315 1320/1336/1316 1272/1290/1268
f 1320/1336/1316 1321/1393/1317 1273/1337/1269
f 1321/1338/1317 1322/1340/1318 1274/1339/1270
f 1322/1340/1318 1323/1341/1319 1275/1293/1271
f 1323/1341/1319 1324/1342/1320 1276/1294/1272
f 1324/1342/1320 1325/1343/1321 1277/1295/1273
f 1325/1343/1321 1326/1398/1322 1278/1297/1274
f 1278/1297/1274 1326/1398/1322 1327/1344/1323
f 1327/1344/1323 1328/1345/1324 1280/1300/1276
f 1328/1345/1324 1329/1346/1325 1281/1301/1277
f 1329/1346/1325 1330/1348/1326 1282/1347/1278
f 1330/1348/1326 1331/1403/1327 1283/1302/1279
f 1283/1302/1279 1331/1403/1327 1332/1349/1328
f 1332/1349/1328 1333/1350/1329 1285/1305/1281
f 1333/1350/1329 1334/1352/1330 1286/1351/1282
f 1334/1352/1330 1335/1353/1331 1287/1306/1283
f 1335/1353/1331 1336/1354/1332 1288/1308/1284
f 1336/1354/1332 1337/1355/1333 1289/1309/1285
f 1337/1355/1333 1338/1356/1334 1290/1310/1286
f 1338/1356/1334 1339/1358/1335 1291/1357/1287
f 1339/1358/1335 1340/1359/1336 1292/1311/1288
f 1340/1359/1336 1341/1360/1337 1293/1312/1289
f 1341/1360/1337 1342/1362/1338 1294/1361/1290
f 1342/1362/1338 1343/1363/1339 1295/1313/1291
f 1343/1363/1339 1344/1364/1340 1296/1314/1292
f 1344/1364/1340 1297/1315/1293 1249/1266/1245
f 1345/1365/1341 1346/1367/1342 1298/1366/1294
f 1346/1367/1342 1347/1368/1343 1299/1316/1295
f 1347/1368/1343 1348/1370/1344 1300/1369/1296
f 1348/1370/1344 1349/1371/1345 1301/1317/1297
f 1349/1371/1345 1350/1372/1346 1302/1318/1298
f 1350/1372/1346 1351/1374/1347 1303/1373/1299
f 1351/1374/1347 1352/1375/1348 1304/1319/1300
f 1352/1375/1348 1353/1376/1349 1305/1320/1301
f 1353/1376/1349 1354/1377/1350 1306/1321/1302
f 1354/1377/1350 1355/1378/1351 1307/1322/1303
f 1355/1378/1351 1356/1426/1352 1308/1323/1304
f 1308/1323/1304 1356/1426/1352 1357/1379/1305
f 1357/1379/1305 1358/1380/1353 1310/1326/1306
f 1358/1380/1353 1359/1382/1354 1311/1381/1307
f 1359/1382/1354 1360/1383/1355 1312/1327/1308
f 1360/1383/1355 1361/1384/1356 1313/1328/1309
f 1361/1384/1356 1362/1385/1357 1314/1330/1310
f 1362/1385/1357 1363/1386/1358 1315/1331/1311
f 1363/1386/1358 1364/1388/1359 1316/1387/1312
f 1364/1388/1359 1365/1389/1360 1317/1333/1313
f 1365/1389/1360 1366/1390/1361 1318/1334/1314
f 1366/1390/1361 1367/1391/1362 1319/1335/1315
f 1367/1391/1362 1368/1392/1363 1320/1336/1316
f 1368/1392/1363 1369/1437/1364 1321/1393/1317
f 1369/1394/1364 1370/1439/1365 1322/1340/1318
f 1322/1340/1318 1370/1439/1365 1371/1395/1366
f 1323/1341/1319 1371/1395/1366 1372/1396/1367
f 1324/1342/1320 1372/1396/1367 1373/1397/1368
f 1373/1397/1368 1374/1443/1369 1326/1398/1322
f 1326/1398/1322 1374/1443/1369 1375/1399/1370
f 1327/1344/1323 1375/1399/1370 1376/1400/1371
f 1328/1345/1324 1376/1400/1371 1377/1401/1372
f 1329/1346/1325 1377/1401/1372 1378/1402/1373
f 1378/1402/1373 1379/1449/1374 1331/1403/1327
f 1331/1403/1327 1379/1449/1374 1380/1404/1375
f 1332/1349/1328 1380/1404/1375 1381/1405/1329
f 1381/1405/1329 1382/1453/1376 1334/1352/1330
f 1334/1352/1330 1382/1453/1376 1383/1406/1377
f 1335/1353/1331 1383/1406/1377 1384/1407/1378
f 1336/1354/1332 1384/1407/1378 1385/1408/1379
f 1337/1355/1333 1385/1408/1379 1386/1409/1380
f 1338/1356/1334 1386/1409/1380 1387/1410/1381
f 1387/1410/1381 1388/1460/1382 1340/1359/1336
f 1340/1359/1336 1388/1460/1382 1389/1411/1383
f 1341/1360/1337 1389/1411/1383 1390/1412/1384
f 1342/1362/1338 1390/1412/1384 1391/1413/1385
f 1343/1363/1339 1391/1413/1385 1392/1414/1386
f 1392/1414/1386 1345/1365/1341 1297/1315/1293
f 1393/1415/1387 1394/1416/1388 1346/1367/1342
f 1394/1416/1388 1395/1467/1389 1347/1368/1343
f 1347/1368/1343 1395/1467/1389 1396/1417/1390
f 1348/1370/1344 1396/1417/1390 1397/1418/1391
f 1349/1371/1345 1397/1418/1391 1398/1419/1392
f 1350/1372/1346 1398/1419/1392 1399/1420/1393
f 1351/1374/1347 1399/1420/1393 1400/1421/1394
f 1352/1375/1348 1400/1421/1394 1401/1422/1395
f 1353/1376/1349 1401/1422/1395 1402/1423/1396
f 1354/1377/1350 1402/1423/1396 1403/1424/1397
f 1355/1378/1351 1403/1424/1397 1404/1425/1398
f 1404/1425/1398 1405/1427/1399 1357/1379/1305
f 1405/1427/1399 1406/1479/1400 1358/1380/1353
f 1358/1380/1353 1406/1479/1400 1407/1428/1401
f 1359/1382/1354 1407/1428/1401 1408/1429/1402
f 1360/1383/1355 1408/1429/1402 1409/1430/1403
f 1361/1384/1356 1409/1430/1403 1410/1431/1404
f 1362/1385/1357 1410/1431/1404 1411/1432/1405
f 1363/1386/1358 1411/1432/1405 1412/1433/1406
f 1412/1433/1406 1413/1434/1407 1365/1389/1360
f 1413/1434/1407 1414/1487/1408 1366/1390/1361
f 1366/1390/1361 1414/1487/1408 1415/1435/1409
f 1367/1391/1362 1415/1435/1409 1416/1436/1410
f 1416/1436/1410 1417/1491/1411 1369/1437/1364
f 1417/1438/1411 1418/1440/1412 1370/1439/1365
f 1418/1440/1412 1419/1441/1413 1371/1395/1366
f 1419/1441/1413 1420/1494/1414 1372/1396/1367
f 1372/1396/1367 1420/1494/1414 1421/1442/1415
f 1421/1442/1415 1422/1444/1416 1374/1443/1369
f 1422/1444/1416 1423/1445/1417 1375/1399/1370
f 1423/1445/1417 1424/1446/1418 1376/1400/1371
f 1424/1446/1418 1425/1447/1419 1377/1401/1372
f 1425/1447/1419 1426/1448/1420 1378/1402/1373
f 1426/1448/1420 1427/1450/1421 1379/1449/1374
f 1427/1450/1421 1428/1451/1422 1380/1404/1375
f 1428/1451/1422 1429/1452/1423 1381/1405/1329
f 1429/1452/1423 1430/1454/1424 1382/1453/1376
f 1430/1454/1424 1431/1455/1425 1383/1406/1377
f 1431/1455/1425 1432/1456/1426 1384/1407/1378
f 1432/1456/1426 1433/1457/1427 1385/1408/1379
f 1433/1457/1427 1434/1458/1428 1386/1409/1380
f 1434/1458/1428 1435/1459/1429 1387/1410/1381
f 1435/1459/1429 1436/1461/1430 1388/1460/1382
f 1436/1461/1430 1437/1462/1431 1389/1411/1383
f 1437/1462/1431 1438/1463/1432 1390/1412/1384
f 1438/1463/1432 1439/1464/1433 1391/1413/1385
f 1439/1464/1433 1440/1512/1434 1392/1414/1386
f 1392/1414/1386 1440/1512/1434 1393/1415/1387
f 1441/1465/1435 1442/1466/1436 1394/1416/1388
f 1442/1466/1436 1443/1468/1437 1395/1467/1389
f 1443/1468/1437 1444/1469/1438 1396/1417/1390
f 1444/1469/1438 1445/1470/1439 1397/1418/1391
f 1445/1470/1439 1446/1471/1440 1398/1419/1392
f 1446/1471/1440 1447/1472/1441 1399/1420/1393
f 1447/1472/1441 1448/1473/1442 1400/1421/1394
f 1448/1473/1442 1449/1474/1443 1401/1422/1395
f 1449/1474/1443 1450/1475/1444 1402/1423/1396
f 1450/1475/1444 1451/1476/1445 1403/1424/1397
f 1451/1476/1445 1452/1477/1446 1404/1425/1398
f 1452/1477/1446 1453/1478/1447 1405/1427/1399
f 1453/1478/1447 1454/1480/1448 1406/1479/1400
f 1454/1480/1448 1455/1481/1449 1407/1428/1401
f 1455/1481/1449 1456/1482/1450 1408/1429/1402
f 1456/1482/1450 1457/1483/1451 1409/1430/1403
f 1457/1483/1451 1458/1527/1452 1410/1431/1404
f 1410/1431/1404 1458/1527/1452 1459/1484/1453
f 1411/1432/1405 1459/1484/1453 1460/1485/1454
f 1460/1485/1454 1461/1486/1455 1413/1434/1407
f 1461/1486/1455 1462/1488/1456 1414/1487/1408
f 1462/1488/1456 1463/1489/1457 1415/1435/1409
f 1463/1489/1457 1464/1490/1458 1416/1436/1410
f 1464/1490/1458 1465/1532/1459 1417/1491/1411
f 1417/1438/1411 1465/1534/1459 1466/1492/1460
f 1466/1492/1460 1467/1536/1461 1419/1441/1413
f 1419/1441/1413 1467/1536/1461 1468/1493/1462
f 1468/1493/1462 1469/1495/1463 1421/1442/1415
f 1469/1495/1463 1470/1496/1464 1422/1444/1416
f 1470/1496/1464 1471/1497/1465 1423/1445/1417
f 1471/1497/1465 1472/1541/1466 1424/1446/1418
f 1424/1446/1418 1472/1541/1466 1473/1498/1467
f 1425/1447/1419 1473/1498/1467 1474/1499/1468
f 1426/1448/1420 1474/1499/1468 1475/1500/1469
f 1427/1450/1421 1475/1500/1469 1476/1501/1470
f 1428/1451/1422 1476/1501/1470 1477/1502/1471
f 1429/1452/1423 1477/1502/1471 1478/1503/1472
f 1430/1454/1424 1478/1503/1472 1479/1504/1473
f 1431/1455/1425 1479/1504/1473 1480/1505/1474
f 1432/1456/1426 1480/1505/1474 1481/1506/1475
f 1433/1457/1427 1481/1506/1475 1482/1507/1476
f 1434/1458/1428 1482/1507/1476 1483/1508/1477
f 1435/1459/1429 1483/1508/1477 1484/1509/1478
f 1436/1461/1430 1484/1509/1478 1485/1510/1479
f 1485/1510/1479 1486/1552/1480 1438/1463/1432
f 1438/1463/1432 1486/1552/1480 1487/1511/1481
f 1487/1511/1481 1488/1513/1482 1440/1512/1434
f 1488/1513/1482 1441/1465/1435 1393/1415/1387
f 1489/1514/1483 1490/1556/1484 1442/1466/1436
f 1442/1466/1436 1490/1556/1484 1491/1515/1485
f 1491/1515/1485 1492/1559/1486 1444/1469/1438
f 1444/1469/1438 1492/1559/1486 1493/1516/1487
f 1493/1516/1487 1494/1517/1488 1446/1471/1440
f 1494/1517/1488 1495/1518/1489 1447/1472/1441
f 1495/1518/1489 1496/1519/1490 1448/1473/1442
f 1496/1519/1490 1497/1520/1491 1449/1474/1443
f 1497/1520/1491 1498/1564/1492 1450/1475/1444
f 1450/1475/1444 1498/1564/1492 1499/1521/1493
f 1451/1476/1445 1499/1521/1493 1500/1522/1494
f 1500/1522/1494 1501/1523/1495 1453/1478/1447
f 1501/1523/1495 1502/1524/1496 1454/1480/1448
f 1502/1524/1496 1503/1569/1497 1455/1481/1449
f 1455/1481/1449 1503/1569/1497 1504/1525/1498
f 1504/1525/1498 1505/1572/1499 1457/1483/1451
f 1457/1483/1451 1505/1572/1499 1506/1526/1500
f 1506/1526/1500 1507/1528/1501 1459/1484/1453
f 1507/1528/1501 1508/1575/1502 1460/1485/1454
f 1460/1485/1454 1508/1575/1502 1509/1529/1503
f 1509/1529/1503 1510/1578/1504 1462/1488/1456
f 1462/1488/1456 1510/1578/1504 1511/1530/1505
f 1511/1530/1505 1512/1580/1506 1464/1490/1458
f 1464/1490/1458 1512/1580/1506 1513/1531/1507
f 1513/1533/1507 1514/1582/1508 1466/1492/1460
f 1466/1492/1460 1514/1582/1508 1515/1535/1509
f 1515/1535/1509 1516/1537/1510 1468/1493/1462
f 1516/1537/1510 1517/1586/1511 1469/1495/1463
f 1469/1495/1463 1517/1586/1511 1518/1538/1512
f 1470/1496/1464 1518/1538/1512 1519/1539/1513
f 1471/1497/1465 1519/1539/1513 1520/1540/1514
f 1520/1540/1514 1521/1590/1515 1473/1498/1467
f 1473/1498/1467 1521/1590/1515 1522/1542/1516
f 1522/1542/1516 1523/1543/1517 1475/1500/1469
f 1523/1543/1517 1524/1544/1518 1476/1501/1470
f 1524/1544/1518 1525/1545/1519 1477/1502/1471
f 1525/1545/1519 1526/1546/1520 1478/1503/1472
f 1526/1546/1520 1527/1547/1521 1479/1504/1473
f 1527/1547/1521 1528/1548/1522 1480/1505/1474
f 1528/1548/1522 1529/1597/1523 1481/1506/1475
f 1481/1506/1475 1529/1597/1523 1530/1549/1524
f 1530/1549/1524 1531/1550/1525 1483/1508/1477
f 1531/1550/1525 1532/1600/1526 1484/1509/1478
f 1484/1509/1478 1532/1600/1526 1533/1551/1527
f 1533/1551/1527 1534/1603/1528 1486/1552/1480
f 1486/1552/1480 1534/1603/1528 1535/1553/1529
f 1535/1553/1529 1536/1554/1530 1488/1513/1482
f 1536/1554/1530 1489/1514/1483 1441/1465/1435
f 1537/1555/1531 1538/1557/1532 1490/1556/1484
f 1538/1557/1532 1539/1608/1533 1491/1515/1485
f 1491/1515/1485 1539/1608/1533 1540/1558/1534
f 1492/1559/1486 1540/1558/1534 1541/1560/1535
f 1493/1516/1487 1541/1560/1535 1542/1561/1536
f 1494/1517/1488 1542/1561/1536 1543/1562/1537
f 1543/1562/1537 1544/1612/1538 1496/1519/1490
f 1496/1519/1490 1544/1612/1538 1545/1563/1539
f 1545/1563/1539 1546/1565/1540 1498/1564/1492
f 1546/1565/1540 1547/1566/1541 1499/1521/1493
f 1547/1566/1541 1548/1567/1542 1500/1522/1494
f 1548/1567/1542 1549/1617/1543 1501/1523/1495
f 1501/1523/1495 1549/1617/1543 1550/1568/1544
f 1550/1568/1544 1551/1619/1545 1503/1569/1497
f 1503/1569/1497 1551/1619/1545 1552/1570/1546
f 1504/1525/1498 1552/1570/1546 1553/1571/1547
f 1505/1572/1499 1553/1571/1547 1554/1573/1548
f 1506/1526/1500 1554/1573/1548 1555/1574/1549
f 1555/1574/1549 1556/1623/1550 1508/1575/1502
f 1508/1575/1502 1556/1623/1550 1557/1576/1551
f 1509/1529/1503 1557/1576/1551 1558/1577/1552
f 1558/1577/1552 1559/1627/1553 1511/1530/1505
f 1511/1530/1505 1559/1627/1553 1560/1579/1554
f 1560/1579/1554 1561/1630/1555 1513/1531/1507
f 1561/1581/1555 1562/1583/1556 1514/1582/1508
f 1562/1583/1556 1563/1584/1557 1515/1535/1509
f 1563/1584/1557 1564/1585/1558 1516/1537/1510
f 1564/1585/1558 1565/1587/1559 1517/1586/1511
f 1565/1587/1559 1566/1635/1560 1518/1538/1512
f 1518/1538/1512 1566/1635/1560 1567/1588/1561
f 1567/1588/1561 1568/1589/1562 1520/1540/1514
f 1568/1589/1562 1569/1591/1563 1521/1590/1515
f 1569/1591/1563 1570/1592/1564 1522/1542/1516
f 1570/1592/1564 1571/1640/1565 1523/1543/1517
f 1523/1543/1517 1571/1640/1565 1572/1593/1566
f 1572/1593/1566 1573/1642/1567 1525/1545/1519
f 1525/1545/1519 1573/1642/1567 1574/1594/1568
f 1526/1546/1520 1574/1594/1568 1575/1595/1569
f 1575/1595/1569 1576/1646/1570 1528/1548/1522
f 1528/1548/1522 1576/1646/1570 1577/1596/1571
f 1577/1596/1571 1578/1598/1572 1530/1549/1524
f 1578/1598/1572 1579/1599/1573 1531/1550/1525
f 1579/1599/1573 1580/1601/1574 1532/1600/1526
f 1580/1601/1574 1581/1602/1575 1533/1551/1527
f 1581/1602/1575 1582/1651/1576 1534/1603/1528
f 1534/1603/1528 1582/1651/1576 1583/1604/1577
f 1535/1553/1529 1583/1604/1577 1584/1605/1578
f 1584/1605/1578 1537/1555/1531 1489/1514/1483
f 1585/1606/1579 1586/1655/1580 1538/1557/1532
f 1538/1557/1532 1586/1655/1580 1587/1607/1581
f 1539/1608/1533 1587/1607/1581 1588/1609/1582
f 1588/1609/1582 1589/1658/1583 1541/1560/1535
f 1541/1560/1535 1589/1658/1583 1590/1610/1584
f 1590/1610/1584 1591/1660/1585 1543/1562/1537
f 1543/1562/1537 1591/1660/1585 1592/1611/1586
f 1544/1612/1538 1592/1611/1586 1593/1613/1587
f 1593/1613/1587 1594/1614/1588 1546/1565/1540
f 1594/1614/1588 1595/1615/1589 1547/1566/1541
f 1595/1615/1589 1596/1616/1590 1548/1567/1542
f 1596/1616/1590 1597/1665/1591 1549/1617/1543
f 1549/1617/1543 1597/1665/1591 1598/1618/1592
f 1598/1618/1592 1599/1668/1593 1551/1619/1545
f 1551/1619/1545 1599/1668/1593 1600/1620/1594
f 1600/1620/1594 1601/1670/1595 1553/1571/1547
f 1553/1571/1547 1601/1670/1595 1602/1621/1596
f 1602/1621/1596 1603/1622/1597 1555/1574/1549
f 1603/1622/1597 1604/1624/1598 1556/1623/1550
f 1604/1624/1598 1605/1625/1599 1557/1576/1551
f 1605/1625/1599 1606/1626/1600 1558/1577/1552
f 1606/1626/1600 1607/1628/1601 1559/1627/1553
f 1607/1628/1601 1608/1677/1602 1560/1579/1554
f 1560/1579/1554 1608/1677/1602 1609/1629/1603
f 1609/1631/1603 1610/1680/1604 1562/1583/1556
f 1562/1583/1556 1610/1680/1604 1611/1632/1605
f 1611/1632/1605 1612/1682/1606 1564/1585/1558
f 1564/1585/1558 1612/1682/1606 1613/1633/1607
f 1565/1587/1559 1613/1633/1607 1614/1634/1608
f 1566/1635/1560 1614/1634/1608 1615/1636/1609
f 1567/1588/1561 1615/1636/1609 1616/1637/1610
f 1568/1589/1562 1616/1637/1610 1617/1638/1611
f 1569/1591/1563 1617/1638/1611 1618/1639/1612
f 1618/1639/1612 1619/1689/1613 1571/1640/1565
f 1571/1640/1565 1619/1689/1613 1620/1641/1614
f 1620/1641/1614 1621/1643/1615 1573/1642/1567
f 1621/1643/1615 1622/1693/1616 1574/1594/1568
f 1574/1594/1568 1622/1693/1616 1623/1644/1617
f 1575/1595/1569 1623/1644/1617 1624/1645/1618
f 1624/1645/1618 1625/1647/1619 1577/1596/1571
f 1625/1647/1619 1626/1648/1620 1578/1598/1572
f 1626/1648/1620 1627/1698/1621 1579/1599/1573
f 1579/1599/1573 1627/1698/1621 1628/1649/1622
f 1628/1649/1622 1629/1650/1623 1581/1602/1575
f 1629/1650/1623 1630/1652/1624 1582/1651/1576
f 1630/1652/1624 1631/1653/1625 1583/1604/1577
f 1631/1653/1625 1632/1703/1626 1584/1605/1578
f 1584/1605/1578 1632/1703/1626 1585/1606/1579
f 1633/1654/1627 1634/1705/1628 1586/1655/1580
f 1586/1655/1580 1634/1705/1628 1635/1656/1629
f 1635/1656/1629 1636/1708/1630 1588/1609/1582
f 1588/1609/1582 1636/1708/1630 1637/1657/1631
f 1637/1657/1631 1638/1710/1632 1590/1610/1584
f 1590/1610/1584 1638/1710/1632 1639/1659/1633
f 1639/1659/1633 1640/1712/1634 1592/1611/1586
f 1592/1611/1586 1640/1712/1634 1641/1661/1635
f 1641/1661/1635 1642/1715/1636 1594/1614/1588
f 1594/1614/1588 1642/1715/1636 1643/1662/1637
f 1595/1615/1589 1643/1662/1637 1644/1663/1638
f 1596/1616/1590 1644/1663/1638 1645/1664/1639
f 1597/1665/1591 1645/1664/1639 1646/1666/1640
f 1598/1618/1592 1646/1666/1640 1647/1667/1641
f 1599/1668/1593 1647/1667/1641 1648/1669/1642
f 1648/1669/1642 1649/1721/1643 1601/1670/1595
f 1601/1670/1595 1649/1721/1643 1650/1671/1644
f 1602/1621/1596 1650/1671/1644 1651/1672/1645
f 1651/1672/1645 1652/1673/1646 1604/1624/1598
f 1652/1673/1646 1653/1674/1647 1605/1625/1599
f 1653/1674/1647 1654/1675/1648 1606/1626/1600
f 1654/1675/1648 1655/1676/1649 1607/1628/1601
f 1655/1676/1649 1656/1678/1650 1608/1677/1602
f 1656/1678/1650 1657/1728/1651 1609/1629/1603
f 1609/1631/1603 1657/1729/1651 1658/1679/1652
f 1658/1679/1652 1659/1681/1653 1611/1632/1605
f 1659/1681/1653 1660/1683/1654 1612/1682/1606
f 1660/1683/1654 1661/1684/1655 1613/1633/1607
f 1661/1684/1655 1662/1685/1656 1614/1634/1608
f 1662/1685/1656 1663/1686/1657 1615/1636/1609
f 1663/1686/1657 1664/1687/1658 1616/1637/1610
f 1664/1687/1658 1665/1735/1659 1617/1638/1611
f 1617/1638/1611 1665/1735/1659 1666/1688/1660
f 1666/1688/1660 1667/1690/1661 1619/1689/1613
f 1667/1690/1661 1668/1691/1662 1620/1641/1614
f 1668/1691/1662 1669/1692/1663 1621/1643/1615
f 1669/1692/1663 1670/1694/1664 1622/1693/1616
f 1670/1694/1664 1671/1695/1665 1623/1644/1617
f 1671/1695/1665 1672/1742/1666 1624/1645/1618
f 1624/1645/1618 1672/1742/1666 1673/1696/1667
f 1673/1696/1667 1674/1697/1668 1626/1648/1620
f 1674/1697/1668 1675/1699/1669 1627/1698/1621
f 1675/1699/1669 1676/1746/1670 1628/1649/1622
f 1628/1649/1622 1676/1746/1670 1677/1700/1671
f 1677/1700/1671 1678/1701/1672 1630/1652/1624
f 1678/1701/1672 1679/1702/1673 1631/1653/1625
f 1679/1702/1673 1680/1750/1674 1632/1703/1626
f 1632/1703/1626 1680/1750/1674 1633/1654/1627
f 1681/1704/1675 1682/1752/1676 1634/1705/1628
f 1634/1705/1628 1682/1752/1676 1683/1706/1677
f 1635/1656/1629 1683/1706/1677 1684/1707/1678
f 1684/1707/1678 1685/1755/1679 1637/1657/1631
f 1637/1657/1631 1685/1755/1679 1686/1709/1680
f 1686/1709/1680 1687/1711/1681 1639/1659/1633
f 1687/1711/1681 1688/1713/1682 1640/1712/1634
f 1688/1713/1682 1689/1714/1683 1641/1661/1635
f 1689/1714/1683 1690/1761/1684 1642/1715/1636
f 1642/1715/1636 1690/1761/1684 1691/1716/1685
f 1643/1662/1637 1691/1716/1685 1692/1717/1686
f 1692/1717/1686 1693/1764/1687 1645/1664/1639
f 1645/1664/1639 1693/1764/1687 1694/1718/1688
f 1694/1718/1688 1695/1719/1689 1647/1667/1641
f 1695/1719/1689 1696/1766/1690 1648/1669/1642
f 1648/1669/1642 1696/1766/1690 1697/1720/1691
f 1649/1721/1643 1697/1720/1691 1698/1722/1692
f 1698/1722/1692 1699/1723/1693 1651/1672/1645
f 1699/1723/1693 1700/1724/1694 1652/1673/1646
f 1700/1724/1694 1701/1725/1695 1653/1674/1647
f 1701/1725/1695 1702/1773/1696 1654/1675/1648
f 1654/1675/1648 1702/1773/1696 1703/1726/1697
f 1703/1726/1697 1704/1727/1698 1656/1678/1650
f 1704/1727/1698 1705/1776/1699 1657/1728/1651
f 1657/1729/1651 1705/1778/1699 1706/1730/1700
f 1706/1730/1700 1707/1731/1701 1659/1681/1653
f 1707/1731/1701 1708/1732/1702 1660/1683/1654
f 1708/1732/1702 1709/1782/1703 1661/1684/1655
f 1661/1684/1655 1709/1782/1703 1710/1733/1704
f 1710/1733/1704 1711/1785/1705 1663/1686/1657
f 1663/1686/1657 1711/1785/1705 1712/1734/1706
f 1712/1734/1706 1713/1736/1707 1665/1735/1659
f 1713/1736/1707 1714/1787/1708 1666/1688/1660
f 1666/1688/1660 1714/1787/1708 1715/1737/1709
f 1667/1690/1661 1715/1737/1709 1716/1738/1710
f 1668/1691/1662 1716/1738/1710 1717/1739/1711
f 1717/1739/1711 1718/1740/1712 1670/1694/1664
f 1718/1740/1712 1719/1741/1713 1671/1695/1665
f 1719/1741/1713 1720/1791/1714 1672/1742/1666
f 1672/1742/1666 1720/1791/1714 1721/1743/1715
f 1673/1696/1667 1721/1743/1715 1722/1744/1716
f 1674/1697/1668 1722/1744/1716 1723/1745/1717
f 1723/1745/1717 1724/1747/1718 1676/1746/1670
f 1724/1747/1718 1725/1795/1719 1677/1700/1671
f 1677/1700/1671 1725/1795/1719 1726/1748/1720
f 1726/1748/1720 1727/1749/1721 1679/1702/1673
f 1727/1749/1721 1728/1798/1722 1680/1750/1674
f 1680/1750/1674 1728/1798/1722 1681/1704/1675
f 1681/1704/1675 1729/1800/1723 1730/1751/1724
f 1682/1752/1676 1730/1751/1724 1731/1753/1725
f 1731/1753/1725 1732/1754/1726 1684/1707/1678
f 1732/1754/1726 1733/1756/1727 1685/1755/1679
f 1733/1756/1727 1734/1757/1728 1686/1709/1680
f 1734/1757/1728 1735/1758/1729 1687/1711/1681
f 1735/1758/1729 1736/1759/1730 1688/1713/1682
f 1736/1759/1730 1737/1760/1731 1689/1714/1683
f 1737/1760/1731 1738/1807/1732 1690/1761/1684
f 1690/1761/1684 1738/1807/1732 1739/1762/1733
f 1739/1762/1733 1740/1809/1734 1692/1717/1686
f 1692/1717/1686 1740/1809/1734 1741/1763/1735
f 1741/1763/1735 1742/1811/1736 1694/1718/1688
f 1694/1718/1688 1742/1811/1736 1743/1765/1737
f 1743/1765/1737 1744/1767/1738 1696/1766/1690
f 1744/1767/1738 1745/1768/1739 1697/1720/1691
f 1745/1768/1739 1746/1769/1740 1698/1722/1692
f 1746/1769/1740 1747/1770/1741 1699/1723/1693
f 1747/1770/1741 1748/1771/1742 1700/1724/1694
f 1748/1771/1742 1749/1818/1743 1701/1725/1695
f 1701/1725/1695 1749/1818/1743 1750/1772/1744
f 1750/1772/1744 1751/1821/1745 1703/1726/1697
f 1703/1726/1697 1751/1821/1745 1752/1774/1746
f 1704/1727/1698 1752/1774/1746 1753/1775/1747
f 1753/1777/1747 1754/1779/1748 1706/1730/1700
f 1754/1779/1748 1755/1780/1749 1707/1731/1701
f 1755/1780/1749 1756/1781/1750 1708/1732/1702
f 1756/1781/1750 1757/1783/1751 1709/1782/1703
f 1757/1783/1751 1758/1827/1752 1710/1733/1704
f 1710/1733/1704 1758/1827/1752 1759/1784/1753
f 1759/1784/1753 1760/1829/1754 1712/1734/1706
f 1712/1734/1706 1760/1829/1754 1761/1786/1755
f 1761/1786/1755 1762/1831/1756 1714/1787/1708
f 1714/1787/1708 1762/1831/1756 1763/1788/1757
f 1763/1788/1757 1764/1833/1758 1716/1738/1710
f 1716/1738/1710 1764/1833/1758 1765/1789/1759
f 1765/1789/1759 1766/1835/1760 1718/1740/1712
f 1718/1740/1712 1766/1835/1760 1767/1790/1761
f 1767/1790/1761 1768/1837/1762 1720/1791/1714
f 1720/1791/1714 1768/1837/1762 1769/1792/1763
f 1769/1792/1763 1770/1793/1764 1722/1744/1716
f 1770/1793/1764 1771/1840/1765 1723/1745/1717
f 1723/1745/1717 1771/1840/1765 1772/1794/1766
f 1772/1794/1766 1773/1842/1767 1725/1795/1719
f 1725/1795/1719 1773/1842/1767 1774/1796/1768
f 1726/1748/1720 1774/1796/1768 1775/1797/1769
f 1775/1797/1769 1776/1799/1770 1728/1798/1722
f 1776/1799/1770 1729/1800/1723 1681/1704/1675
f 1729/1800/1723 1777/1846/1771 1778/1801/1772
f 1778/1801/1772 1779/1802/1773 1731/1753/1725
f 1779/1802/1773 1780/1803/1774 1732/1754/1726
f 1780/1803/1774 1781/1804/1775 1733/1756/1727
f 1781/1804/1775 1782/1851/1776 1734/1757/1728
f 1734/1757/1728 1782/1851/1776 1783/1805/1777
f 1783/1805/1777 1784/1853/1778 1736/1759/1730
f 1736/1759/1730 1784/1853/1778 1785/1806/1779
f 1785/1806/1779 1786/1856/1780 1738/1807/1732
f 1738/1807/1732 1786/1856/1780 1787/1808/1781
f 1787/1808/1781 1788/1858/1782 1740/1809/1734
f 1740/1809/1734 1788/1858/1782 1789/1810/1783
f 1789/1810/1783 1790/1812/1784 1742/1811/1736
f 1790/1812/1784 1791/1813/1785 1743/1765/1737
f 1791/1813/1785 1792/1814/1786 1744/1767/1738
f 1792/1814/1786 1793/1815/1787 1745/1768/1739
f 1793/1815/1787 1794/1863/1788 1746/1769/1740
f 1746/1769/1740 1794/1863/1788 1795/1816/1789
f 1795/1816/1789 1796/1817/1790 1748/1771/1742
f 1796/1817/1790 1797/1819/1791 1749/1818/1743
f 1797/1819/1791 1798/1820/1792 1750/1772/1744
f 1798/1820/1792 1799/1868/1793 1751/1821/1745
f 1751/1821/1745 1799/1868/1793 1800/1822/1794
f 1800/1822/1794 1801/1870/1795 1753/1775/1747
f 1753/1777/1747 1801/1872/1795 1802/1823/1796
f 1802/1823/1796 1803/1874/1797 1755/1780/1749
f 1755/1780/1749 1803/1874/1797 1804/1824/1798
f 1756/1781/1750 1804/1824/1798 1805/1825/1799
f 1757/1783/1751 1805/1825/1799 1806/1826/1800
f 1806/1826/1800 1807/1878/1801 1759/1784/1753
f 1759/1784/1753 1807/1878/1801 1808/1828/1802
f 1808/1828/1802 1809/1881/1803 1761/1786/1755
f 1761/1786/1755 1809/1881/1803 1810/1830/1804
f 1810/1830/1804 1811/1832/1805 1763/1788/1757
f 1811/1832/1805 1812/1884/1806 1764/1833/1758
f 1764/1833/1758 1812/1884/1806 1813/1834/1807
f 1813/1834/1807 1814/1886/1808 1766/1835/1760
f 1766/1835/1760 1814/1886/1808 1815/1836/1809
f 1815/1836/1809 1816/1889/1810 1768/1837/1762
f 1768/1837/1762 1816/1889/1810 1817/1838/1811
f 1817/1838/1811 1818/1892/1812 1770/1793/1764
f 1770/1793/1764 1818/1892/1812 1819/1839/1813
f 1819/1839/1813 1820/1894/1814 1772/1794/1766
f 1772/1794/1766 1820/1894/1814 1821/1841/1815
f 1821/1841/1815 1822/1843/1816 1774/1796/1768
f 1822/1843/1816 1823/1898/1817 1775/1797/1769
f 1775/1797/1769 1823/1898/1817 1824/1844/1818
f 1824/1844/1818 1777/1846/1771 1729/1800/1723
f 1825/1845/1819 1826/1847/1820 1778/1801/1772
f 1826/1847/1820 1827/1848/1821 1779/1802/1773
f 1827/1848/1821 1828/1849/1822 1780/1803/1774
f 1828/1849/1822 1829/1902/1823 1781/1804/1775
f 1781/1804/1775 1829/1902/1823 1830/1850/1824
f 1830/1850/1824 1831/1852/1825 1783/1805/1777
f 1831/1852/1825 1832/1905/1826 1784/1853/1778
f 1784/1853/1778 1832/1905/1826 1833/1854/1827
f 1785/1806/1779 1833/1854/1827 1834/1855/1828
f 1786/1856/1780 1834/1855/1828 1835/1857/1829
f 1835/1857/1829 1836/1908/1830 1788/1858/1782
f 1788/1858/1782 1836/1908/1830 1837/1859/1831
f 1837/1859/1831 1838/1860/1832 1790/1812/1784
f 1838/1860/1832 1839/1912/1833 1791/1813/1785
f 1791/1813/1785 1839/1912/1833 1840/1861/1834
f 1792/1814/1786 1840/1861/1834 1841/1862/1835
f 1841/1862/1835 1842/1864/1836 1794/1863/1788
f 1842/1864/1836 1843/1917/1837 1795/1816/1789
f 1795/1816/1789 1843/1917/1837 1844/1865/1838
f 1844/1865/1838 1845/1866/1839 1797/1819/1791
f 1845/1866/1839 1846/1921/1840 1798/1820/1792
f 1798/1820/1792 1846/1921/1840 1847/1867/1841
f 1847/1867/1841 1848/1869/1842 1800/1822/1794
f 1848/1869/1842 1849/1925/1843 1801/1870/1795
f 1849/1871/1843 1850/1873/1844 1802/1823/1796
f 1850/1873/1844 1851/1875/1845 1803/1874/1797
f 1851/1875/1845 1852/1929/1846 1804/1824/1798
f 1804/1824/1798 1852/1929/1846 1853/1876/1847
f 1805/1825/1799 1853/1876/1847 1854/1877/1848
f 1854/1877/1848 1855/1879/1849 1807/1878/1801
f 1855/1879/1849 1856/1934/1850 1808/1828/1802
f 1808/1828/1802 1856/1934/1850 1857/1880/1851
f 1857/1880/1851 1858/1882/1852 1810/1830/1804
f 1858/1882/1852 1859/1937/1853 1811/1832/1805
f 1811/1832/1805 1859/1937/1853 1860/1883/1854
f 1860/1883/1854 1861/1885/1855 1813/1834/1807
f 1861/1885/1855 1862/1887/1856 1814/1886/1808
f 1862/1887/1856 1863/1888/1857 1815/1836/1809
f 1863/1888/1857 1864/1890/1858 1816/1889/1810
f 1864/1890/1858 1865/1891/1859 1817/1838/1811
f 1865/1891/1859 1866/1943/1860 1818/1892/1812
f 1818/1892/1812 1866/1943/1860 1867/1893/1861
f 1867/1893/1861 1868/1895/1862 1820/1894/1814
f 1868/1895/1862 1869/1896/1863 1821/1841/1815
f 1869/1896/1863 1870/1946/1864 1822/1843/1816
f 1822/1843/1816 1870/1946/1864 1871/1897/1865
f 1871/1897/1865 1872/1948/1866 1824/1844/1818
f 1824/1844/1818 1872/1948/1866 1825/1845/1819
f 1825/1845/1819 1873/1951/1867 1874/1899/1868
f 1874/1899/1868 1875/1900/1869 1827/1848/1821
f 1875/1900/1869 1876/1901/1870 1828/1849/1822
f 1876/1901/1870 1877/1903/1871 1829/1902/1823
f 1877/1903/1871 1878/1956/1872 1830/1850/1824
f 1830/1850/1824 1878/1956/1872 1879/1904/1873
f 1879/1904/1873 1880/1958/1874 1832/1905/1826
f 1832/1905/1826 1880/1958/1874 1881/1906/1875
f 1881/1906/1875 1882/1960/1876 1834/1855/1828
f 1834/1855/1828 1882/1960/1876 1883/1907/1877
f 1883/1907/1877 1884/1909/1878 1836/1908/1830
f 1884/1909/1878 1885/1910/1879 1837/1859/1831
f 1885/1910/1879 1886/1911/1880 1838/1860/1832
f 1886/1911/1880 1887/1913/1881 1839/1912/1833
f 1887/1913/1881 1888/1914/1882 1840/1861/1834
f 1888/1914/1882 1889/1915/1883 1841/1862/1835
f 1889/1915/1883 1890/1916/1884 1842/1864/1836
f 1890/1916/1884 1891/1918/1885 1843/1917/1837
f 1891/1918/1885 1892/1919/1886 1844/1865/1838
f 1892/1919/1886 1893/1920/1887 1845/1866/1839
f 1893/1920/1887 1894/1922/1888 1846/1921/1840
f 1894/1922/1888 1895/1923/1889 1847/1867/1841
f 1895/1923/1889 1896/1924/1890 1848/1869/1842
f 1896/1924/1890 1897/1972/1891 1849/1925/1843
f 1897/1926/1891 1898/1927/1892 1850/1873/1844
f 1898/1927/1892 1899/1928/1893 1851/1875/1845
f 1899/1928/1893 1900/1976/1894 1852/1929/1846
f 1852/1929/1846 1900/1976/1894 1901/1930/1895
f 1853/1876/1847 1901/1930/1895 1902/1931/1896
f 1854/1877/1848 1902/1931/1896 1903/1932/1897
f 1855/1879/1849 1903/1932/1897 1904/1933/1898
f 1904/1933/1898 1905/1980/1899 1857/1880/1851
f 1857/1880/1851 1905/1980/1899 1906/1935/1900
f 1858/1882/1852 1906/1935/1900 1907/1936/1901
f 1859/1937/1853 1907/1936/1901 1908/1938/1902
f 1860/1883/1854 1908/1938/1902 1909/1939/1903
f 1861/1885/1855 1909/1939/1903 1910/1940/1904
f 1862/1887/1856 1910/1940/1904 1911/1941/1905
f 1911/1941/1905 1912/1988/1906 1864/1890/1858
f 1864/1890/1858 1912/1988/1906 1913/1942/1907
f 1913/1942/1907 1914/1991/1908 1866/1943/1860
f 1866/1943/1860 1914/1991/1908 1915/1944/1909
f 1915/1944/1909 1916/1993/1910 1868/1895/1862
f 1868/1895/1862 1916/1993/1910 1917/1945/1911
f 1917/1945/1911 1918/1996/1912 1870/1946/1864
f 1870/1946/1864 1918/1996/1912 1919/1947/1913
f 1919/1947/1913 1920/1949/1914 1872/1948/1866
f 1920/1949/1914 1873/1951/1867 1825/1845/1819
f 1921/1950/1915 1922/1952/1916 1874/1899/1868
f 1922/1952/1916 1923/2000/1917 1875/1900/1869
f 1875/1900/1869 1923/2000/1917 1924/1953/1918
f 1876/1901/1870 1924/1953/1918 1925/1954/1919
f 1877/1903/1871 1925/1954/1919 1926/1955/1920
f 1878/1956/1872 1926/1955/1920 1927/1957/1921
f 1927/1957/1921 1928/2005/1922 1880/1958/1874
f 1880/1958/1874 1928/2005/1922 1929/1959/1923
f 1929/1959/1923 1930/1961/1924 1882/1960/1876
f 1930/1961/1924 1931/2008/1925 1883/1907/1877
f 1883/1907/1877 1931/2008/1925 1932/1962/1926
f 1932/1962/1926 1933/1963/1927 1885/1910/1879
f 1933/1963/1927 1934/2012/1928 1886/1911/1880
f 1886/1911/1880 1934/2012/1928 1935/1964/1929
f 1935/1964/1929 1936/2015/1930 1888/1914/1882
f 1888/1914/1882 1936/2015/1930 1937/1965/1931
f 1937/1965/1931 1938/2017/1932 1890/1916/1884
f 1890/1916/1884 1938/2017/1932 1939/1966/1933
f 1939/1966/1933 1940/1967/1934 1892/1919/1886
f 1940/1967/1934 1941/1968/1935 1893/1920/1887
f 1941/1968/1935 1942/1969/1936 1894/1922/1888
f 1942/1969/1936 1943/2022/1937 1895/1923/1889
f 1895/1923/1889 1943/2022/1937 1944/1970/1938
f 1896/1924/1890 1944/1970/1938 1945/1971/1939
f 1945/1973/1939 1946/1974/1940 1898/1927/1892
f 1946/1974/1940 1947/2026/1941 1899/1928/1893
f 1899/1928/1893 1947/2026/1941 1948/1975/1942
f 1948/1975/1942 1949/1977/1943 1901/1930/1895
f 1949/1977/1943 1950/2029/1944 1902/1931/1896
f 1902/1931/1896 1950/2029/1944 1951/1978/1945
f 1951/1978/1945 1952/1979/1946 1904/1933/1898
f 1952/1979/1946 1953/1981/1947 1905/1980/1899
f 1953/1981/1947 1954/1982/1948 1906/1935/1900
f 1954/1982/1948 1955/1983/1949 1907/1936/1901
f 1955/1983/1949 1956/1984/1950 1908/1938/1902
f 1956/1984/1950 1957/1985/1951 1909/1939/1903
f 1957/1985/1951 1958/1986/1952 1910/1940/1904
f 1958/1986/1952 1959/1987/1953 1911/1941/1905
f 1959/1987/1953 1960/1989/1954 1912/1988/1906
f 1960/1989/1954 1961/1990/1955 1913/1942/1907
f 1961/1990/1955 1962/2040/1956 1914/1991/1908
f 1914/1991/1908 1962/2040/1956 1963/1992/1957
f 1963/1992/1957 1964/1994/1958 1916/1993/1910
f 1964/1994/1958 1965/1995/1959 1917/1945/1911
f 1965/1995/1959 1966/1997/1960 1918/1996/1912
f 1966/1997/1960 1967/2044/1961 1919/1947/1913
f 1919/1947/1913 1967/2044/1961 1968/1998/1962
f 1968/1998/1962 1921/1950/1915 1873/1951/1867
f 1921/1950/1915 1969/2047/1963 1970/1999/1964
f 1970/1999/1964 1971/2049/1965 1923/2000/1917
f 1923/2000/1917 1971/2049/1965 1972/2001/1966
f 1972/2001/1966 1973/2002/1967 1925/1954/1919
f 1973/2002/1967 1974/2003/1968 1926/1955/1920
f 1974/2003/1968 1975/2004/1969 1927/1957/1921
f 1975/2004/1969 1976/2054/1970 1928/2005/1922
f 1928/2005/1922 1976/2054/1970 1977/2006/1971
f 1929/1959/1923 1977/2006/1971 1978/2007/1972
f 1978/2007/1972 1979/2009/1973 1931/2008/1925
f 1979/2009/1973 1980/2010/1974 1932/1962/1926
f 1980/2010/1974 1981/2011/1975 1933/1963/1927
f 1981/2011/1975 1982/2013/1976 1934/2012/1928
f 1982/2013/1976 1983/2014/1977 1935/1964/1929
f 1983/2014/1977 1984/2062/1978 1936/2015/1930
f 1936/2015/1930 1984/2062/1978 1985/2016/1979
f 1985/2016/1979 1986/2018/1980 1938/2017/1932
f 1986/2018/1980 1987/2065/1981 1939/1966/1933
f 1939/1966/1933 1987/2065/1981 1988/2019/1982
f 1940/1967/1934 1988/2019/1982 1989/2020/1983
f 1941/1968/1935 1989/2020/1983 1990/2021/1984
f 1990/2021/1984 1991/2070/1985 1943/2022/1937
f 1943/2022/1937 1991/2070/1985 1992/2023/1986
f 1992/2023/1986 1993/2073/1987 1945/1971/1939
f 1993/2024/1987 1994/2025/1988 1946/1974/1940
f 1994/2025/1988 1995/2076/1989 1947/2026/1941
f 1947/2026/1941 1995/2076/1989 1996/2027/1990
f 1996/2027/1990 1997/2028/1991 1949/1977/1943
f 1997/2028/1991 1998/2030/1992 1950/2029/1944
f 1998/2030/1992 1999/2080/1993 1951/1978/1945
f 1951/1978/1945 1999/2080/1993 2000/2031/1994
f 2000/2031/1994 2001/2032/1995 1953/1981/1947
f 2001/2032/1995 2002/2083/1996 1954/1982/1948
f 1954/1982/1948 2002/2083/1996 2003/2033/1997
f 1955/1983/1949 2003/2033/1997 2004/2034/1998
f 2004/2034/1998 2005/2035/1999 1957/1985/1951
f 2005/2035/1999 2006/2036/2000 1958/1986/1952
f 2006/2036/2000 2007/2037/2001 1959/1987/1953
f 2007/2037/2001 2008/2038/2002 1960/1989/1954
f 2008/2038/2002 2009/2039/2003 1961/1990/1955
f 2009/2039/2003 2010/2090/2004 1962/2040/1956
f 1962/2040/1956 2010/2090/2004 2011/2041/2005
f 2011/2041/2005 2012/2042/2006 1964/1994/1958
f 2012/2042/2006 2013/2093/2007 1965/1995/1959
f 1965/1995/1959 2013/2093/2007 2014/2043/2008
f 2014/2043/2008 2015/2095/2009 1967/2044/1961
f 1967/2044/1961 2015/2095/2009 2016/2045/2010
f 2016/2045/2010 1969/2047/1963 1921/1950/1915
f 2017/2046/2011 2018/2048/2012 1970/1999/1964
f 2018/2048/2012 2019/2050/2013 1971/2049/1965
f 2019/2050/2013 2020/2099/2014 1972/2001/1966
f 1972/2001/1966 2020/2099/2014 2021/2051/2015
f 2021/2051/2015 2022/2052/2016 1974/2003/1968
f 2022/2052/2016 2023/2053/2017 1975/2004/1969
f 2023/2053/2017 2024/2103/2018 1976/2054/1970
f 1976/2054/1970 2024/2103/2018 2025/2055/2019
f 1977/2006/1971 2025/2055/2019 2026/2056/2020
f 1978/2007/1972 2026/2056/2020 2027/2057/2021
f 2027/2057/2021 2028/2108/2022 1980/2010/1974
f 1980/2010/1974 2028/2108/2022 2029/2058/2023
f 1981/2011/1975 2029/2058/2023 2030/2059/2024
f 1982/2013/1976 2030/2059/2024 2031/2060/2025
f 1983/2014/1977 2031/2060/2025 2032/2061/2026
f 1984/2062/1978 2032/2061/2026 2033/2063/2027
f 2033/2063/2027 2034/2064/2028 1986/2018/1980
f 2034/2064/2028 2035/2115/2029 1987/2065/1981
f 1987/2065/1981 2035/2115/2029 2036/2066/2030
f 1988/2019/1982 2036/2066/2030 2037/2067/2031
f 1989/2020/1983 2037/2067/2031 2038/2068/2032
f 1990/2021/1984 2038/2068/2032 2039/2069/2033
f 1991/2070/1985 2039/2069/2033 2040/2071/2034
f 1992/2023/1986 2040/2071/2034 2041/2072/2035
f 2041/2074/2035 2042/2123/2036 1994/2025/1988
f 1994/2025/1988 2042/2123/2036 2043/2075/2037
f 1995/2076/1989 2043/2075/2037 2044/2077/2038
f 2044/2077/2038 2045/2078/2039 1997/2028/1991
f 2045/2078/2039 2046/2079/2040 1998/2030/1992
f 2046/2079/2040 2047/2128/2041 1999/2080/1993
f 1999/2080/1993 2047/2128/2041 2048/2081/2042
f 2048/2081/2042 2049/2082/2043 2001/2032/1995
f 2049/2082/2043 2050/2084/2044 2002/2083/1996
f 2050/2084/2044 2051/2132/2045 2003/2033/1997
f 2003/2033/1997 2051/2132/2045 2052/2085/2046
f 2052/2085/2046 2053/2086/2047 2005/2035/1999
f 2053/2086/2047 2054/2135/2048 2006/2036/2000
f 2006/2036/2000 2054/2135/2048 2055/2087/2049
f 2055/2087/2049 2056/2088/2050 2008/2038/2002
f 2056/2088/2050 2057/2089/2051 2009/2039/2003
f 2057/2089/2051 2058/2139/2052 2010/2090/2004
f 2010/2090/2004 2058/2139/2052 2059/2091/2053
f 2059/2091/2053 2060/2142/2054 2012/2042/2006
f 2012/2042/2006 2060/2142/2054 2061/2092/2055
f 2013/2093/2007 2061/2092/2055 2062/2094/2056
f 2062/2094/2056 2063/2145/2057 2015/2095/2009
f 2015/2095/2009 2063/2145/2057 2064/2096/2058
f 2064/2096/2058 2017/2046/2011 1969/2047/1963
f 2017/2046/2011 2065/2148/2059 2066/2097/2060
f 2066/2097/2060 2067/2098/2061 2019/2050/2013
f 2067/2098/2061 2068/2100/2062 2020/2099/2014
f 2068/2100/2062 2069/2101/2063 2021/2051/2015
f 2069/2101/2063 2070/2153/2064 2022/2052/2016
f 2022/2052/2016 2070/2153/2064 2071/2102/2065
f 2071/2102/2065 2072/2104/2066 2024/2103/2018
f 2072/2104/2066 2073/2105/2067 2025/2055/2019
f 2073/2105/2067 2074/2106/2068 2026/2056/2020
f 2074/2106/2068 2075/2107/2069 2027/2057/2021
f 2075/2107/2069 2076/2109/2070 2028/2108/2022
f 2076/2109/2070 2077/2110/2071 2029/2058/2023
f 2077/2110/2071 2078/2111/2072 2030/2059/2024
f 2078/2111/2072 2079/2112/2073 2031/2060/2025
f 2079/2112/2073 2080/2113/2074 2032/2061/2026
f 2080/2113/2074 2081/2161/2075 2033/2063/2027
f 2033/2063/2027 2081/2161/2075 2082/2114/2076
f 2082/2114/2076 2083/2116/2077 2035/2115/2029
f 2083/2116/2077 2084/2117/2078 2036/2066/2030
f 2084/2117/2078 2085/2118/2079 2037/2067/2031
f 2085/2118/2079 2086/2119/2080 2038/2068/2032
f 2086/2119/2080 2087/2120/2081 2039/2069/2033
f 2087/2120/2081 2088/2121/2082 2040/2071/2034
f 2088/2121/2082 2089/2167/2083 2041/2072/2035
f 2089/2122/2083 2090/2169/2084 2042/2123/2036
f 2042/2123/2036 2090/2169/2084 2091/2124/2085
f 2043/2075/2037 2091/2124/2085 2092/2125/2086
f 2044/2077/2038 2092/2125/2086 2093/2126/2087
f 2093/2126/2087 2094/2127/2088 2046/2079/2040
f 2094/2127/2088 2095/2172/2089 2047/2128/2041
f 2047/2128/2041 2095/2172/2089 2096/2129/2090
f 2096/2129/2090 2097/2175/2091 2049/2082/2043
f 2049/2082/2043 2097/2175/2091 2098/2130/2092
f 2050/2084/2044 2098/2130/2092 2099/2131/2093
f 2099/2131/2093 2100/2179/2094 2052/2085/2046
f 2052/2085/2046 2100/2179/2094 2101/2133/2095
f 2053/2086/2047 2101/2133/2095 2102/2134/2096
f 2054/2135/2048 2102/2134/2096 2103/2136/2097
f 2103/2136/2097 2104/2137/2098 2056/2088/2050
f 2104/2137/2098 2105/2185/2099 2057/2089/2051
f 2057/2089/2051 2105/2185/2099 2106/2138/2100
f 2058/2139/2052 2106/2138/2100 2107/2140/2101
f 2059/2091/2053 2107/2140/2101 2108/2141/2102
f 2108/2141/2102 2109/2143/2103 2061/2092/2055
f 2109/2143/2103 2110/2189/2104 2062/2094/2056
f 2062/2094/2056 2110/2189/2104 2111/2144/2105
f 2063/2145/2057 2111/2144/2105 2112/2146/2106
f 2112/2146/2106 2065/2148/2059 2017/2046/2011
f 2113/2147/2107 2114/2149/2108 2066/2097/2060
f 2114/2149/2108 2115/2150/2109 2067/2098/2061
f 2115/2150/2109 2116/2195/2110 2068/2100/2062
f 2068/2100/2062 2116/2195/2110 2117/2151/2111
f 2069/2101/2063 2117/2151/2111 2118/2152/2112
f 2118/2152/2112 2119/2154/2113 2071/2102/2065
f 2119/2154/2113 2120/2199/2114 2072/2104/2066
f 2072/2104/2066 2120/2199/2114 2121/2155/2115
f 2121/2155/2115 2122/2156/2116 2074/2106/2068
f 2122/2156/2116 2123/2203/2117 2075/2107/2069
f 2075/2107/2069 2123/2203/2117 2124/2157/2118
f 2076/2109/2070 2124/2157/2118 2125/2158/2119
f 2125/2158/2119 2126/2207/2120 2078/2111/2072
f 2078/2111/2072 2126/2207/2120 2127/2159/2121
f 2127/2159/2121 2128/2210/2122 2080/2113/2074
f 2080/2113/2074 2128/2210/2122 2129/2160/2123
f 2129/2160/2123 2130/2213/2124 2082/2114/2076
f 2082/2114/2076 2130/2213/2124 2131/2162/2125
f 2083/2116/2077 2131/2162/2125 2132/2163/2126
f 2132/2163/2126 2133/2164/2127 2085/2118/2079
f 2133/2164/2127 2134/2165/2128 2086/2119/2080
f 2134/2165/2128 2135/2219/2129 2087/2120/2081
f 2087/2120/2081 2135/2219/2129 2136/2166/2130
f 2136/2166/2130 2137/2221/2131 2089/2167/2083
f 2089/2122/2083 2137/2222/2131 2138/2168/2132
f 2138/2168/2132 2139/2224/2133 2091/2124/2085
f 2091/2124/2085 2139/2224/2133 2140/2170/2134
f 2140/2170/2134 2141/2227/2135 2093/2126/2087
f 2093/2126/2087 2141/2227/2135 2142/2171/2136
f 2142/2171/2136 2143/2173/2137 2095/2172/2089
f 2143/2173/2137 2144/2174/2138 2096/2129/2090
f 2144/2174/2138 2145/2176/2139 2097/2175/2091
f 2145/2176/2139 2146/2177/2140 2098/2130/2092
f 2146/2177/2140 2147/2178/2141 2099/2131/2093
f 2147/2178/2141 2148/2180/2142 2100/2179/2094
f 2148/2180/2142 2149/2181/2143 2101/2133/2095
f 2149/2181/2143 2150/2182/2144 2102/2134/2096
f 2150/2182/2144 2151/2183/2145 2103/2136/2097
f 2151/2183/2145 2152/2237/2146 2104/2137/2098
f 2104/2137/2098 2152/2237/2146 2153/2184/2147
f 2153/2184/2147 2154/2239/2148 2106/2138/2100
f 2106/2138/2100 2154/2239/2148 2155/2186/2149
f 2107/2140/2101 2155/2186/2149 2156/2187/2150
f 2156/2187/2150 2157/2188/2151 2109/2143/2103
f 2157/2188/2151 2158/2190/2152 2110/2189/2104
f 2158/2190/2152 2159/2244/2153 2111/2144/2105
f 2111/2144/2105 2159/2244/2153 2160/2191/2154
f 2160/2191/2154 2113/2147/2107 2065/2148/2059
f 2161/2192/2155 2162/2193/2156 2114/2149/2108
f 2162/2193/2156 2163/2194/2157 2115/2150/2109
f 2163/2194/2157 2164/2196/2158 2116/2195/2110
f 2164/2196/2158 2165/2250/2159 2117/2151/2111
f 2117/2151/2111 2165/2250/2159 2166/2197/2160
f 2166/2197/2160 2167/2198/2161 2119/2154/2113
f 2167/2198/2161 2168/2200/2162 2120/2199/2114
f 2168/2200/2162 2169/2201/2163 2121/2155/2115
f 2169/2201/2163 2170/2202/2164 2122/2156/2116
f 2170/2202/2164 2171/2204/2165 2123/2203/2117
f 2171/2204/2165 2172/2205/2166 2124/2157/2118
f 2172/2205/2166 2173/2206/2167 2125/2158/2119
f 2173/2206/2167 2174/2208/2168 2126/2207/2120
f 2174/2208/2168 2175/2209/2169 2127/2159/2121
f 2175/2209/2169 2176/2211/2170 2128/2210/2122
f 2176/2211/2170 2177/2212/2171 2129/2160/2123
f 2177/2212/2171 2178/2214/2172 2130/2213/2124
f 2178/2214/2172 2179/2215/2173 2131/2162/2125
f 2179/2215/2173 2180/2216/2174 2132/2163/2126
f 2180/2216/2174 2181/2217/2175 2133/2164/2127
f 2181/2217/2175 2182/2218/2176 2134/2165/2128
f 2182/2218/2176 2183/2266/2177 2135/2219/2129
f 2135/2219/2129 2183/2266/2177 2184/2220/2178
f 2184/2220/2178 2185/2268/2179 2137/2221/2131
f 2137/2222/2131 2185/2270/2179 2186/2223/2180
f 2186/2223/2180 2187/2272/2181 2139/2224/2133
f 2139/2224/2133 2187/2272/2181 2188/2225/2182
f 2140/2170/2134 2188/2225/2182 2189/2226/2183
f 2141/2227/2135 2189/2226/2183 2190/2228/2184
f 2142/2171/2136 2190/2228/2184 2191/2229/2185
f 2143/2173/2137 2191/2229/2185 2192/2230/2186
f 2192/2230/2186 2193/2277/2187 2145/2176/2139
f 2145/2176/2139 2193/2277/2187 2194/2231/2188
f 2146/2177/2140 2194/2231/2188 2195/2232/2189
f 2195/2232/2189 2196/2281/2190 2148/2180/2142
f 2148/2180/2142 2196/2281/2190 2197/2233/2191
f 2149/2181/2143 2197/2233/2191 2198/2234/2192
f 2150/2182/2144 2198/2234/2192 2199/2235/2193
f 2151/2183/2145 2199/2235/2193 2200/2236/2194
f 2152/2237/2146 2200/2236/2194 2201/2238/2195
f 2201/2238/2195 2202/2287/2196 2154/2239/2148
f 2154/2239/2148 2202/2287/2196 2203/2240/2197
f 2155/2186/2149 2203/2240/2197 2204/2241/2198
f 2204/2241/2198 2205/2242/2199 2157/2188/2151
f 2205/2242/2199 2206/2243/2200 2158/2190/2152
f 2206/2243/2200 2207/2293/2201 2159/2244/2153
f 2159/2244/2153 2207/2293/2201 2208/2245/2202
f 2160/2191/2154 2208/2245/2202 2161/2192/2155
f 2209/2246/2203 2210/2247/2204 2162/2193/2156
f 2210/2247/2204 2211/2297/2205 2163/2194/2157
f 2163/2194/2157 2211/2297/2205 2212/2248/2206
f 2164/2196/2158 2212/2248/2206 2213/2249/2207
f 2165/2250/2159 2213/2249/2207 2214/2251/2208
f 2166/2197/2160 2214/2251/2208 2215/2252/2209
f 2215/2252/2209 2216/2303/2210 2168/2200/2162
f 2168/2200/2162 2216/2303/2210 2217/2253/2211
f 2169/2201/2163 2217/2253/2211 2218/2254/2212
f 2170/2202/2164 2218/2254/2212 2219/2255/2213
f 2171/2204/2165 2219/2255/2213 2220/2256/2214
f 2172/2205/2166 2220/2256/2214 2221/2257/2215
f 2173/2206/2167 2221/2257/2215 2222/2258/2216
f 2174/2208/2168 2222/2258/2216 2223/2259/2217
f 2175/2209/2169 2223/2259/2217 2224/2260/2218
f 2176/2211/2170 2224/2260/2218 2225/2261/2219
f 2177/2212/2171 2225/2261/2219 2226/2262/2220
f 2226/2262/2220 2227/2263/2221 2179/2215/2173
f 2227/2263/2221 2228/2315/2222 2180/2216/2174
f 2180/2216/2174 2228/2315/2222 2229/2264/2223
f 2229/2264/2223 2230/2317/2224 2182/2218/2176
f 2182/2218/2176 2230/2317/2224 2231/2265/2225
f 2231/2265/2225 2232/2320/2226 2184/2220/2178
f 2184/2220/2178 2232/2320/2226 2233/2267/2227
f 2233/2269/2227 2234/2323/2228 2186/2223/2180
f 2186/2223/2180 2234/2323/2228 2235/2271/2229
f 2235/2271/2229 2236/2273/2230 2188/2225/2182
f 2236/2273/2230 2237/2274/2231 2189/2226/2183
f 2237/2274/2231 2238/2275/2232 2190/2228/2184
f 2238/2275/2232 2239/2327/2233 2191/2229/2185
f 2191/2229/2185 2239/2327/2233 2240/2276/2234
f 2240/2276/2234 2241/2278/2235 2193/2277/2187
f 2241/2278/2235 2242/2279/2236 2194/2231/2188
f 2242/2279/2236 2243/2280/2237 2195/2232/2189
f 2243/2280/2237 2244/2282/2238 2196/2281/2190
f 2244/2282/2238 2245/2283/2239 2197/2233/2191
f 2245/2283/2239 2246/2284/2240 2198/2234/2192
f 2246/2284/2240 2247/2285/2241 2199/2235/2193
f 2247/2285/2241 2248/2336/2242 2200/2236/2194
f 2200/2236/2194 2248/2336/2242 2249/2286/2243
f 2249/2286/2243 2250/2288/2244 2202/2287/2196
f 2250/2288/2244 2251/2289/2245 2203/2240/2197
f 2251/2289/2245 2252/2290/2246 2204/2241/2198
f 2252/2290/2246 2253/2291/2247 2205/2242/2199
f 2253/2291/2247 2254/2292/2248 2206/2243/2200
f 2254/2292/2248 2255/2294/2249 2207/2293/2201
f 2255/2294/2249 2256/2295/2250 2208/2245/2202
f 2256/2295/2250 2209/2246/2203 2161/2192/2155
f 2209/2246/2203 2257/2346/2251 2258/2296/2252
f 2258/2296/2252 2259/2298/2253 2211/2297/2205
f 2259/2298/2253 2260/2299/2254 2212/2248/2206
f 2260/2299/2254 2261/2300/2255 2213/2249/2207
f 2261/2300/2255 2262/2301/2256 2214/2251/2208
f 2262/2301/2256 2263/2302/2257 2215/2252/2209
f 2263/2302/2257 2264/2304/2258 2216/2303/2210
f 2264/2304/2258 2265/2305/2259 2217/2253/2211
f 2265/2305/2259 2266/2306/2260 2218/2254/2212
f 2266/2306/2260 2267/2307/2261 2219/2255/2213
f 2267/2307/2261 2268/2357/2262 2220/2256/2214
f 2220/2256/2214 2268/2357/2262 2269/2308/2263
f 2221/2257/2215 2269/2308/2263 2270/2309/2264
f 2270/2309/2264 2271/2310/2265 2223/2259/2217
f 2271/2310/2265 2272/2311/2266 2224/2260/2218
f 2272/2311/2266 2273/2312/2267 2225/2261/2219
f 2273/2312/2267 2274/2313/2268 2226/2262/2220
f 2274/2313/2268 2275/2363/2269 2227/2263/2221
f 2227/2263/2221 2275/2363/2269 2276/2314/2270
f 2276/2314/2270 2277/2316/2271 2229/2264/2223
f 2277/2316/2271 2278/2318/2272 2230/2317/2224
f 2278/2318/2272 2279/2319/2273 2231/2265/2225
f 2279/2319/2273 2280/2321/2274 2232/2320/2226
f 2280/2321/2274 2281/2369/2275 2233/2267/2227
f 2281/2322/2275 2282/2371/2276 2234/2323/2228
f 2234/2323/2228 2282/2371/2276 2283/2324/2277
f 2235/2271/2229 2283/2324/2277 2284/2325/2278
f 2284/2325/2278 2285/2375/2279 2237/2274/2231
f 2237/2274/2231 2285/2375/2279 2286/2326/2280
f 2286/2326/2280 2287/2328/2281 2239/2327/2233
f 2287/2328/2281 2288/2379/2282 2240/2276/2234
f 2240/2276/2234 2288/2379/2282 2289/2329/2283
f 2241/2278/2235 2289/2329/2283 2290/2330/2284
f 2242/2279/2236 2290/2330/2284 2291/2331/2285
f 2243/2280/2237 2291/2331/2285 2292/2332/2286
f 2292/2332/2286 2293/2333/2287 2245/2283/2239
f 2293/2333/2287 2294/2385/2288 2246/2284/2240
f 2246/2284/2240 2294/2385/2288 2295/2334/2289
f 2247/2285/2241 2295/2334/2289 2296/2335/2290
f 2248/2336/2242 2296/2335/2290 2297/2337/2291
f 2249/2286/2243 2297/2337/2291 2298/2338/2292
f 2250/2288/2244 2298/2338/2292 2299/2339/2293
f 2251/2289/2245 2299/2339/2293 2300/2340/2294
f 2252/2290/2246 2300/2340/2294 2301/2341/2295
f 2253/2291/2247 2301/2341/2295 2302/2342/2296
f 2254/2292/2248 2302/2342/2296 2303/2343/2297
f 2303/2343/2297 2304/2344/2298 2256/2295/2250
f 2304/2344/2298 2257/2346/2251 2209/2246/2203
f 2305/2345/2299 2306/2347/2300 2258/2296/2252
f 2306/2347/2300 2307/2399/2301 2259/2298/2253
f 2259/2298/2253 2307/2399/2301 2308/2348/2302
f 2260/2299/2254 2308/2348/2302 2309/2349/2303
f 2261/2300/2255 2309/2349/2303 2310/2350/2304
f 2262/2301/2256 2310/2350/2304 2311/2351/2305
f 2263/2302/2257 2311/2351/2305 2312/2352/2306
f 2264/2304/2258 2312/2352/2306 2313/2353/2307
f 2265/2305/2259 2313/2353/2307 2314/2354/2308
f 2266/2306/2260 2314/2354/2308 2315/2355/2309
f 2267/2307/2261 2315/2355/2309 2316/2356/2310
f 2316/2356/2310 2317/2410/2263 2269/2308/2263
f 2269/2308/2263 2317/2410/2263 2318/2358/2311
f 2270/2309/2264 2318/2358/2311 2319/2359/2312
f 2319/2359/2312 2320/2360/2313 2272/2311/2266
f 2320/2360/2313 2321/2414/2314 2273/2312/2267
f 2273/2312/2267 2321/2414/2314 2322/2361/2315
f 2274/2313/2268 2322/2361/2315 2323/2362/2316
f 2323/2362/2316 2324/2418/2317 2276/2314/2270
f 2276/2314/2270 2324/2418/2317 2325/2364/2318
f 2277/2316/2271 2325/2364/2318 2326/2365/2319
f 2278/2318/2272 2326/2365/2319 2327/2366/2320
f 2279/2319/2273 2327/2366/2320 2328/2367/2321
f 2280/2321/2274 2328/2367/2321 2329/2368/2322
f 2329/2370/2322 2330/2372/2323 2282/2371/2276
f 2330/2372/2323 2331/2373/2324 2283/2324/2277
f 2331/2373/2324 2332/2374/2325 2284/2325/2278
f 2332/2374/2325 2333/2376/2326 2285/2375/2279
f 2333/2376/2326 2334/2377/2327 2286/2326/2280
f 2334/2377/2327 2335/2378/2328 2287/2328/2281
f 2335/2378/2328 2336/2380/2329 2288/2379/2282
f 2336/2380/2329 2337/2381/2330 2289/2329/2283
f 2337/2381/2330 2338/2431/2331 2290/2330/2284
f 2290/2330/2284 2338/2431/2331 2339/2382/2332
f 2339/2382/2332 2340/2383/2333 2292/2332/2286
f 2340/2383/2333 2341/2384/2287 2293/2333/2287
f 2341/2384/2287 2342/2386/2334 2294/2385/2288
f 2342/2386/2334 2343/2387/2335 2295/2334/2289
f 2343/2387/2335 2344/2388/2336 2296/2335/2290
f 2344/2388/2336 2345/2389/2337 2297/2337/2291
f 2345/2389/2337 2346/2390/2338 2298/2338/2292
f 2346/2390/2338 2347/2391/2339 2299/2339/2293
f 2347/2391/2339 2348/2392/2340 2300/2340/2294
f 2348/2392/2340 2349/2393/2341 2301/2341/2295
f 2349/2393/2341 2350/2394/2342 2302/2342/2296
f 2350/2394/2342 2351/2395/2343 2303/2343/2297
f 2351/2395/2343 2352/2396/2344 2304/2344/2298
f 2352/2396/2344 2305/2345/2299 2257/2346/2251
f 2353/2397/2345 2354/2398/2346 2306/2347/2300
f 2354/2398/2346 2355/2400/2347 2307/2399/2301
f 2355/2400/2347 2356/2401/2348 2308/2348/2302
f 2356/2401/2348 2357/2402/2349 2309/2349/2303
f 2357/2402/2349 2358/2403/2350 2310/2350/2304
f 2358/2403/2350 2359/2404/2351 2311/2351/2305
f 2359/2404/2351 2360/2405/2352 2312/2352/2306
f 2360/2405/2352 2361/2406/2353 2313/2353/2307
f 2361/2406/2353 2362/2407/2354 2314/2354/2308
f 2362/2407/2354 2363/2408/2355 2315/2355/2309
f 2363/2408/2355 2364/2409/2356 2316/2356/2310
f 2364/2409/2356 2365/2411/2357 2317/2410/2263
f 2365/2411/2357 2366/4943/2358 2318/2358/2311
f 2318/2358/2311 2366/4943/2358 2367/2412/2359
f 2367/2412/2359 2368/2413/2360 2320/2360/2313
f 2368/2413/2360 2369/2415/2361 2321/2414/2314
f 2369/2415/2361 2370/2416/2362 2322/2361/2315
f 2370/2416/2362 2371/2417/2363 2323/2362/2316
f 2371/2417/2363 2372/2419/2364 2324/2418/2317
f 2372/2419/2364 2373/2420/2365 2325/2364/2318
f 2373/2420/2365 2374/2421/2366 2326/2365/2319
f 2374/2421/2366 2375/2422/2367 2327/2366/2320
f 2375/2422/2367 2376/2423/2368 2328/2367/2321
f 2376/2423/2368 2377/4944/2369 2329/2368/2322
f 2329/2370/2322 2377/4945/2369 2378/2424/2370
f 2330/2372/2323 2378/2424/2370 2379/2425/2371
f 2379/2425/2371 2380/4946/2372 2332/2374/2325
f 2332/2374/2325 2380/4946/2372 2381/2426/2373
f 2381/2426/2373 2382/2427/2374 2334/2377/2327
f 2382/2427/2374 2383/2428/2375 2335/2378/2328
f 2383/2428/2375 2384/4947/2376 2336/2380/2329
f 2336/2380/2329 2384/4947/2376 2385/2429/2377
f 2337/2381/2330 2385/2429/2377 2386/2430/2378
f 2338/2431/2331 2386/2430/2378 2387/2432/2379
f 2387/2432/2379 2388/4948/2380 2340/2383/2333
f 2340/2383/2333 2388/4948/2380 2389/2433/2381
f 2341/2384/2287 2389/2433/2381 2390/2434/2382
f 2342/2386/2334 2390/2434/2382 2391/2435/2383
f 2343/2387/2335 2391/2435/2383 2392/2436/2384
f 2344/2388/2336 2392/2436/2384 2393/2437/2385
f 2345/2389/2337 2393/2437/2385 2394/2438/2386
f 2346/2390/2338 2394/2438/2386 2395/2439/2387
f 2395/2439/2387 2396/4949/2388 2348/2392/2340
f 2348/2392/2340 2396/4949/2388 2397/2440/2389
f 2349/2393/2341 2397/2440/2389 2398/2441/2390
f 2350/2394/2342 2398/2441/2390 2399/2442/2391
f 2351/2395/2343 2399/2442/2391 2400/2443/2392
f 2400/2443/2392 2353/2397/2345 2305/2345/2299
f 2401/2444/25 2402/2532/2393 2354/2445/2346
f 2354/2445/2346 2402/2532/2393 2403/2447/2394
f 2403/2447/2394 2404/2450/2395 2356/2449/2348
f 2404/2450/2395 2405/2452/2396 2357/2451/2349
f 2405/2452/2396 2406/2536/2397 2358/2453/2350
f 2358/2453/2350 2406/2536/2397 2407/2454/2398
f 2407/2454/2398 2408/2539/2399 2360/2456/2352
f 2360/2456/2352 2408/2539/2399 2409/2457/2400
f 2361/2458/2353 2409/2457/2400 2410/2459/2401
f 2362/2460/2354 2410/2459/2401 2411/2461/2402
f 2363/2462/2355 2411/2461/2402 2412/2463/2403
f 2364/2464/2356 2412/2463/2403 2413/2465/2404
f 2413/2465/2404 2414/2468/2405 2366/2467/2358
f 2414/2468/2405 2415/2547/2406 2367/2469/2359
f 2367/2469/2359 2415/2547/2406 2416/2470/2407
f 2416/2470/2407 2417/2473/2408 2369/2472/2361
f 2417/2473/2408 2418/2475/2409 2370/2474/2362
f 2418/2475/2409 2419/2477/2410 2371/2476/2363
f 2419/2477/2410 2420/2551/2411 2372/2478/2364
f 2372/2478/2364 2420/2551/2411 2421/2479/2412
f 2421/2479/2412 2422/2554/2413 2374/2481/2366
f 2374/2481/2366 2422/2554/2413 2423/2482/2414
f 2423/2482/2414 2424/2485/2415 2376/2484/2368
f 2424/2485/2415 2425/2558/1 2377/2486/2369
f 2425/2487/1 2426/2490/2416 2378/2488/2370
f 2426/2490/2416 2427/2492/2417 2379/2491/2371
f 2427/2492/2417 2428/2562/2418 2380/2493/2372
f 2380/2493/2372 2428/2562/2418 2429/2494/2419
f 2429/2494/2419 2430/2497/2420 2382/2496/2374
f 2430/2497/2420 2431/2499/2421 2383/2498/2375
f 2431/2499/2421 2432/2566/2422 2384/2500/2376
f 2384/2500/2376 2432/2566/2422 2433/2501/2423
f 2385/2502/2377 2433/2501/2423 2434/2503/2424
f 2434/2503/2424 2435/2570/2425 2387/2505/2379
f 2387/2505/2379 2435/2570/2425 2436/2506/2426
f 2436/2506/2426 2437/2509/2427 2389/2508/2381
f 2437/2509/2427 2438/2511/2428 2390/2510/2382
f 2438/2511/2428 2439/2513/2429 2391/2512/2383
f 2439/2513/2429 2440/2515/2430 2392/2514/2384
f 2440/2515/2430 2441/2517/2431 2393/2516/2385
f 2441/2517/2431 2442/2519/2432 2394/2518/2386
f 2442/2519/2432 2443/2521/2433 2395/2520/2387
f 2443/2521/2433 2444/2523/2434 2396/2522/2388
f 2444/2523/2434 2445/2525/2435 2397/2524/2389
f 2445/2525/2435 2446/2527/2436 2398/2526/2390
f 2446/2527/2436 2447/2529/2437 2399/2528/2391
f 2447/2529/2437 2448/2581/2438 2400/2530/2392
f 2400/2530/2392 2448/2581/2438 2401/2444/25
f 2449/2531/73 2450/2533/2439 2402/2532/2393
f 2450/2533/2439 2451/2534/2440 2403/2447/2394
f 2451/2534/2440 2452/2584/2441 2404/2450/2395
f 2404/2450/2395 2452/2584/2441 2453/2535/2442
f 2453/2535/2442 2454/2537/2443 2406/2536/2397
f 2454/2537/2443 2455/2538/2444 2407/2454/2398
f 2455/2538/2444 2456/2540/2445 2408/2539/2399
f 2456/2540/2445 2457/2541/2446 2409/2457/2400
f 2457/2541/2446 2458/2542/2447 2410/2459/2401
f 2458/2542/2447 2459/2543/2448 2411/2461/2402
f 2459/2543/2448 2460/2544/2449 2412/2463/2403
f 2460/2544/2449 2461/2593/2450 2413/2465/2404
f 2413/2465/2404 2461/2593/2450 2462/2545/2451
f 2414/2468/2405 2462/2545/2451 2463/2546/2452
f 2463/2546/2452 2464/2596/2453 2416/2470/2407
f 2416/2470/2407 2464/2596/2453 2465/2548/2454
f 2417/2473/2408 2465/2548/2454 2466/2549/2455
f 2466/2549/2455 2467/2550/2456 2419/2477/2410
f 2467/2550/2456 2468/2552/2457 2420/2551/2411
f 2468/2552/2457 2469/2553/2458 2421/2479/2412
f 2469/2553/2458 2470/2555/2459 2422/2554/2413
f 2470/2555/2459 2471/2556/2460 2423/2482/2414
f 2471/2556/2460 2472/2557/2461 2424/2485/2415
f 2472/2557/2461 2473/2604/49 2425/2558/1
f 2473/2559/49 2474/2560/2462 2426/2490/2416
f 2474/2560/2462 2475/2607/2463 2427/2492/2417
f 2427/2492/2417 2475/2607/2463 2476/2561/2464
f 2476/2561/2464 2477/2563/2465 2429/2494/2419
f 2477/2563/2465 2478/2564/2466 2430/2497/2420
f 2478/2564/2466 2479/2565/2467 2431/2499/2421
f 2479/2565/2467 2480/2567/2468 2432/2566/2422
f 2480/2567/2468 2481/2568/2469 2433/2501/2423
f 2481/2568/2469 2482/2614/2470 2434/2503/2424
f 2434/2503/2424 2482/2614/2470 2483/2569/2471
f 2483/2569/2471 2484/2571/2472 2436/2506/2426
f 2484/2571/2472 2485/2617/2473 2437/2509/2427
f 2437/2509/2427 2485/2617/2473 2486/2572/2474
f 2438/2511/2428 2486/2572/2474 2487/2573/2475
f 2439/2513/2429 2487/2573/2475 2488/2574/2476
f 2440/2515/2430 2488/2574/2476 2489/2575/2477
f 2441/2517/2431 2489/2575/2477 2490/2576/2478
f 2490/2576/2478 2491/2624/2479 2443/2521/2433
f 2443/2521/2433 2491/2624/2479 2492/2577/2480
f 2444/2523/2434 2492/2577/2480 2493/2578/2481
f 2493/2578/2481 2494/2579/2482 2446/2527/2436
f 2494/2579/2482 2495/2628/2483 2447/2529/2437
f 2447/2529/2437 2495/2628/2483 2496/2580/2484
f 2496/2580/2484 2449/2531/73 2401/2444/25
f 2449/2531/73 2497/2631/121 2498/2582/2485
f 2498/2582/2485 2499/2633/2486 2451/2534/2440
f 2451/2534/2440 2499/2633/2486 2500/2583/2487
f 2452/2584/2441 2500/2583/2487 2501/2585/2488
f 2453/2535/2442 2501/2585/2488 2502/2586/2489
f 2502/2586/2489 2503/2587/2490 2455/2538/2444
f 2503/2587/2490 2504/2638/2491 2456/2540/2445
f 2456/2540/2445 2504/2638/2491 2505/2588/2492
f 2457/2541/2446 2505/2588/2492 2506/2589/2493
f 2458/2542/2447 2506/2589/2493 2507/2590/2494
f 2459/2543/2448 2507/2590/2494 2508/2591/2495
f 2460/2544/2449 2508/2591/2495 2509/2592/2496
f 2461/2593/2450 2509/2592/2496 2510/2594/2497
f 2510/2594/2497 2511/2595/2498 2463/2546/2452
f 2511/2595/2498 2512/2597/2499 2464/2596/2453
f 2512/2597/2499 2513/2647/2500 2465/2548/2454
f 2465/2548/2454 2513/2647/2500 2514/2598/2501
f 2466/2549/2455 2514/2598/2501 2515/2599/2502
f 2467/2550/2456 2515/2599/2502 2516/2600/2503
f 2468/2552/2457 2516/2600/2503 2517/2601/2504
f 2517/2601/2504 2518/2652/2505 2470/2555/2459
f 2470/2555/2459 2518/2652/2505 2519/2602/2506
f 2519/2602/2506 2520/2654/2507 2472/2557/2461
f 2472/2557/2461 2520/2654/2507 2521/2603/97
f 2521/2605/97 2522/2606/2508 2474/2560/2462
f 2522/2606/2508 2523/2608/2509 2475/2607/2463
f 2523/2608/2509 2524/2609/2510 2476/2561/2464
f 2524/2609/2510 2525/2610/2511 2477/2563/2465
f 2525/2610/2511 2526/2661/2512 2478/2564/2466
f 2478/2564/2466 2526/2661/2512 2527/2611/2513
f 2527/2611/2513 2528/2612/2514 2480/2567/2468
f 2528/2612/2514 2529/2665/2515 2481/2568/2469
f 2481/2568/2469 2529/2665/2515 2530/2613/2516
f 2482/2614/2470 2530/2613/2516 2531/2615/2517
f 2531/2615/2517 2532/2616/2518 2484/2571/2472
f 2532/2616/2518 2533/2618/2519 2485/2617/2473
f 2533/2618/2519 2534/2619/2520 2486/2572/2474
f 2534/2619/2520 2535/2620/2521 2487/2573/2475
f 2535/2620/2521 2536/2621/2522 2488/2574/2476
f 2536/2621/2522 2537/2622/2523 2489/2575/2477
f 2537/2622/2523 2538/2672/2524 2490/2576/2478
f 2490/2576/2478 2538/2672/2524 2539/2623/2525
f 2539/2623/2525 2540/2625/2526 2492/2577/2480
f 2540/2625/2526 2541/2626/2527 2493/2578/2481
f 2541/2626/2527 2542/2627/2528 2494/2579/2482
f 2542/2627/2528 2543/2677/2529 2495/2628/2483
f 2495/2628/2483 2543/2677/2529 2544/2629/2530
f 2544/2629/2530 2497/2631/121 2449/2531/73
f 2545/2630/168 2546/2632/2531 2498/2582/2485
f 2546/2632/2531 2547/2634/2532 2499/2633/2486
f 2547/2634/2532 2548/2635/2533 2500/2583/2487
f 2548/2635/2533 2549/2636/2534 2501/2585/2488
f 2549/2636/2534 2550/2682/2535 2502/2586/2489
f 2502/2586/2489 2550/2682/2535 2551/2637/2536
f 2551/2637/2536 2552/2639/2537 2504/2638/2491
f 2552/2639/2537 2553/2640/2538 2505/2588/2492
f 2553/2640/2538 2554/2641/2539 2506/2589/2493
f 2554/2641/2539 2555/2642/2540 2507/2590/2494
f 2555/2642/2540 2556/2643/2541 2508/2591/2495
f 2556/2643/2541 2557/2644/2496 2509/2592/2496
f 2557/2644/2496 2558/2689/2542 2510/2594/2497
f 2510/2594/2497 2558/2689/2542 2559/2645/2543
f 2559/2645/2543 2560/2646/2544 2512/2597/2499
f 2560/2646/2544 2561/2648/2545 2513/2647/2500
f 2561/2648/2545 2562/2649/2546 2514/2598/2501
f 2562/2649/2546 2563/2695/2547 2515/2599/2502
f 2515/2599/2502 2563/2695/2547 2564/2650/2548
f 2564/2650/2548 2565/2651/2549 2517/2601/2504
f 2565/2651/2549 2566/2698/2550 2518/2652/2505
f 2518/2652/2505 2566/2698/2550 2567/2653/2551
f 2567/2653/2551 2568/2701/2552 2520/2654/2507
f 2520/2654/2507 2568/2701/2552 2569/2655/145
f 2569/2656/145 2570/2657/2553 2522/2606/2508
f 2570/2657/2553 2571/2658/2554 2523/2608/2509
f 2571/2658/2554 2572/2705/2555 2524/2609/2510
f 2524/2609/2510 2572/2705/2555 2573/2659/2556
f 2525/2610/2511 2573/2659/2556 2574/2660/2557
f 2526/2661/2512 2574/2660/2557 2575/2662/2558
f 2527/2611/2513 2575/2662/2558 2576/2663/2559
f 2528/2612/2514 2576/2663/2559 2577/2664/2560
f 2577/2664/2560 2578/2712/2561 2530/2613/2516
f 2530/2613/2516 2578/2712/2561 2579/2666/2562
f 2579/2666/2562 2580/2715/2563 2532/2616/2518
f 2532/2616/2518 2580/2715/2563 2581/2667/2519
f 2533/2618/2519 2581/2667/2519 2582/2668/2564
f 2534/2619/2520 2582/2668/2564 2583/2669/2565
f 2535/2620/2521 2583/2669/2565 2584/2670/2566
f 2584/2670/2566 2585/2671/2567 2537/2622/2523
f 2585/2671/2567 2586/2721/2568 2538/2672/2524
f 2538/2672/2524 2586/2721/2568 2587/2673/2569
f 2587/2673/2569 2588/2723/2570 2540/2625/2526
f 2540/2625/2526 2588/2723/2570 2589/2674/2571
f 2541/2626/2527 2589/2674/2571 2590/2675/2572
f 2542/2627/2528 2590/2675/2572 2591/2676/2573
f 2591/2676/2573 2592/2727/2574 2544/2629/2530
f 2544/2629/2530 2592/2727/2574 2545/2630/168
f 2593/2678/215 2594/2679/2575 2546/2632/2531
f 2594/2679/2575 2595/2680/2576 2547/2634/2532
f 2595/2680/2576 2596/2730/2577 2548/2635/2533
f 2548/2635/2533 2596/2730/2577 2597/2681/2578
f 2597/2681/2578 2598/2683/2579 2550/2682/2535
f 2598/2683/2579 2599/2733/2580 2551/2637/2536
f 2551/2637/2536 2599/2733/2580 2600/2684/2581
f 2600/2684/2581 2601/2735/2582 2553/2640/2538
f 2553/2640/2538 2601/2735/2582 2602/2685/2583
f 2602/2685/2583 2603/2737/2584 2555/2642/2540
f 2555/2642/2540 2603/2737/2584 2604/2686/2585
f 2556/2643/2541 2604/2686/2585 2605/2687/2586
f 2557/2644/2496 2605/2687/2586 2606/2688/2587
f 2558/2689/2542 2606/2688/2587 2607/2690/2588
f 2559/2645/2543 2607/2690/2588 2608/2691/2589
f 2560/2646/2544 2608/2691/2589 2609/2692/2590
f 2561/2648/2545 2609/2692/2590 2610/2693/2591
f 2562/2649/2546 2610/2693/2591 2611/2694/2592
f 2563/2695/2547 2611/2694/2592 2612/2696/2593
f 2564/2650/2548 2612/2696/2593 2613/2697/2594
f 2613/2697/2594 2614/2699/2595 2566/2698/2550
f 2614/2699/2595 2615/2700/2596 2567/2653/2551
f 2615/2700/2596 2616/2748/2597 2568/2701/2552
f 2568/2701/2552 2616/2748/2597 2617/2702/191
f 2617/2703/191 2618/2751/2598 2570/2657/2553
f 2570/2657/2553 2618/2751/2598 2619/2704/2599
f 2619/2704/2599 2620/2706/2600 2572/2705/2555
f 2620/2706/2600 2621/2707/2601 2573/2659/2556
f 2621/2707/2601 2622/2708/2602 2574/2660/2557
f 2622/2708/2602 2623/2709/2603 2575/2662/2558
f 2623/2709/2603 2624/2710/2604 2576/2663/2559
f 2624/2710/2604 2625/2711/2605 2577/2664/2560
f 2625/2711/2605 2626/2713/2606 2578/2712/2561
f 2626/2713/2606 2627/2714/2607 2579/2666/2562
f 2627/2714/2607 2628/2716/2608 2580/2715/2563
f 2628/2716/2608 2629/2717/2609 2581/2667/2519
f 2629/2717/2609 2630/2718/2610 2582/2668/2564
f 2630/2718/2610 2631/2763/2611 2583/2669/2565
f 2583/2669/2565 2631/2763/2611 2632/2719/2612
f 2632/2719/2612 2633/2765/2613 2585/2671/2567
f 2585/2671/2567 2633/2765/2613 2634/2720/2614
f 2634/2720/2614 2635/2768/2615 2587/2673/2569
f 2587/2673/2569 2635/2768/2615 2636/2722/2616
f 2636/2722/2616 2637/2724/2617 2589/2674/2571
f 2637/2724/2617 2638/2771/2618 2590/2675/2572
f 2590/2675/2572 2638/2771/2618 2639/2725/2619
f 2591/2676/2573 2639/2725/2619 2640/2726/2620
f 2592/2727/2574 2640/2726/2620 2593/2678/215
f 2641/2728/263 2642/2775/2621 2594/2679/2575
f 2594/2679/2575 2642/2775/2621 2643/2729/2622
f 2643/2729/2622 2644/2778/2623 2596/2730/2577
f 2596/2730/2577 2644/2778/2623 2645/2731/2624
f 2645/2731/2624 2646/2781/2625 2598/2683/2579
f 2598/2683/2579 2646/2781/2625 2647/2732/2626
f 2647/2732/2626 2648/2734/2627 2600/2684/2581
f 2648/2734/2627 2649/2785/2628 2601/2735/2582
f 2601/2735/2582 2649/2785/2628 2650/2736/2629
f 2650/2736/2629 2651/2788/2630 2603/2737/2584
f 2603/2737/2584 2651/2788/2630 2652/2738/2631
f 2652/2738/2631 2653/2739/2632 2605/2687/2586
f 2653/2739/2632 2654/2740/2633 2606/2688/2587
f 2654/2740/2633 2655/2741/2634 2607/2690/2588
f 2655/2741/2634 2656/2742/2635 2608/2691/2589
f 2656/2742/2635 2657/2743/2636 2609/2692/2590
f 2657/2743/2636 2658/2796/2637 2610/2693/2591
f 2610/2693/2591 2658/2796/2637 2659/2744/2638
f 2659/2744/2638 2660/2745/2639 2612/2696/2593
f 2660/2745/2639 2661/2746/2640 2613/2697/2594
f 2661/2746/2640 2662/2800/2641 2614/2699/2595
f 2614/2699/2595 2662/2800/2641 2663/2747/2642
f 2663/2747/2642 2664/2803/2643 2616/2748/2597
f 2616/2748/2597 2664/2803/2643 2665/2749/239
f 2665/2750/239 2666/2752/2644 2618/2751/2598
f 2666/2752/2644 2667/2753/2645 2619/2704/2599
f 2667/2753/2645 2668/2807/2646 2620/2706/2600
f 2620/2706/2600 2668/2807/2646 2669/2754/2647
f 2669/2754/2647 2670/2755/2648 2622/2708/2602
f 2670/2755/2648 2671/2756/2649 2623/2709/2603
f 2671/2756/2649 2672/2757/2650 2624/2710/2604
f 2672/2757/2650 2673/2758/2651 2625/2711/2605
f 2673/2758/2651 2674/2813/2652 2626/2713/2606
f 2626/2713/2606 2674/2813/2652 2675/2759/2653
f 2627/2714/2607 2675/2759/2653 2676/2760/2654
f 2628/2716/2608 2676/2760/2654 2677/2761/2655
f 2677/2761/2655 2678/2818/2656 2630/2718/2610
f 2630/2718/2610 2678/2818/2656 2679/2762/2657
f 2631/2763/2611 2679/2762/2657 2680/2764/2658
f 2680/2764/2658 2681/2766/2659 2633/2765/2613
f 2681/2766/2659 2682/2767/2660 2634/2720/2614
f 2682/2767/2660 2683/2769/2661 2635/2768/2615
f 2683/2769/2661 2684/2824/2662 2636/2722/2616
f 2636/2722/2616 2684/2824/2662 2685/2770/2663
f 2685/2770/2663 2686/2827/2664 2638/2771/2618
f 2638/2771/2618 2686/2827/2664 2687/2772/2665
f 2687/2772/2665 2688/2773/2666 2640/2726/2620
f 2688/2773/2666 2641/2728/263 2593/2678/215
f 2689/2774/311 2690/2776/2667 2642/2775/2621
f 2690/2776/2667 2691/2777/2668 2643/2729/2622
f 2691/2777/2668 2692/2779/2669 2644/2778/2623
f 2692/2779/2669 2693/2780/2670 2645/2731/2624
f 2693/2780/2670 2694/2782/2671 2646/2781/2625
f 2694/2782/2671 2695/2783/2672 2647/2732/2626
f 2695/2783/2672 2696/2784/2673 2648/2734/2627
f 2696/2784/2673 2697/2786/2674 2649/2785/2628
f 2697/2786/2674 2698/2787/2675 2650/2736/2629
f 2698/2787/2675 2699/2789/2676 2651/2788/2630
f 2699/2789/2676 2700/2790/2677 2652/2738/2631
f 2700/2790/2677 2701/2791/2678 2653/2739/2632
f 2701/2791/2678 2702/2792/2679 2654/2740/2633
f 2702/2792/2679 2703/2793/2680 2655/2741/2634
f 2703/2793/2680 2704/2794/2681 2656/2742/2635
f 2704/2794/2681 2705/2795/2682 2657/2743/2636
f 2705/2795/2682 2706/2844/2683 2658/2796/2637
f 2658/2796/2637 2706/2844/2683 2707/2797/2684
f 2659/2744/2638 2707/2797/2684 2708/2798/2685
f 2660/2745/2639 2708/2798/2685 2709/2799/2686
f 2709/2799/2686 2710/2801/2687 2662/2800/2641
f 2710/2801/2687 2711/2802/2688 2663/2747/2642
f 2711/2802/2688 2712/2804/2689 2664/2803/2643
f 2712/2804/2689 2713/2850/287 2665/2749/239
f 2665/2750/239 2713/2852/287 2714/2805/2690
f 2666/2752/2644 2714/2805/2690 2715/2806/2691
f 2715/2806/2691 2716/2855/2692 2668/2807/2646
f 2668/2807/2646 2716/2855/2692 2717/2808/2693
f 2717/2808/2693 2718/2809/2694 2670/2755/2648
f 2718/2809/2694 2719/2810/2695 2671/2756/2649
f 2719/2810/2695 2720/2860/2696 2672/2757/2650
f 2672/2757/2650 2720/2860/2696 2721/2811/2697
f 2673/2758/2651 2721/2811/2697 2722/2812/2698
f 2674/2813/2652 2722/2812/2698 2723/2814/2699
f 2675/2759/2653 2723/2814/2699 2724/2815/2700
f 2676/2760/2654 2724/2815/2700 2725/2816/2701
f 2677/2761/2655 2725/2816/2701 2726/2817/2702
f 2678/2818/2656 2726/2817/2702 2727/2819/2703
f 2679/2762/2657 2727/2819/2703 2728/2820/2704
f 2680/2764/2658 2728/2820/2704 2729/2821/2705
f 2729/2821/2705 2730/2870/2706 2682/2767/2660
f 2682/2767/2660 2730/2870/2706 2731/2822/2707
f 2683/2769/2661 2731/2822/2707 2732/2823/2708
f 2684/2824/2662 2732/2823/2708 2733/2825/2709
f 2685/2770/2663 2733/2825/2709 2734/2826/2710
f 2686/2827/2664 2734/2826/2710 2735/2828/2711
f 2687/2772/2665 2735/2828/2711 2736/2829/2712
f 2688/2773/2666 2736/2829/2712 2689/2774/311
f 2737/2830/359 2738/2831/2713 2690/2776/2667
f 2738/2831/2713 2739/2878/2714 2691/2777/2668
f 2691/2777/2668 2739/2878/2714 2740/2832/2715
f 2740/2832/2715 2741/2833/2716 2693/2780/2670
f 2741/2833/2716 2742/2882/2717 2694/2782/2671
f 2694/2782/2671 2742/2882/2717 2743/2834/2718
f 2695/2783/2672 2743/2834/2718 2744/2835/2719
f 2696/2784/2673 2744/2835/2719 2745/2836/2720
f 2745/2836/2720 2746/2887/2721 2698/2787/2675
f 2698/2787/2675 2746/2887/2721 2747/2837/2722
f 2699/2789/2676 2747/2837/2722 2748/2838/2723
f 2700/2790/2677 2748/2838/2723 2749/2839/2724
f 2701/2791/2678 2749/2839/2724 2750/2840/2725
f 2702/2792/2679 2750/2840/2725 2751/2841/2726
f 2703/2793/2680 2751/2841/2726 2752/2842/2727
f 2752/2842/2727 2753/2895/2728 2705/2795/2682
f 2705/2795/2682 2753/2895/2728 2754/2843/2729
f 2706/2844/2683 2754/2843/2729 2755/2845/2730
f 2707/2797/2684 2755/2845/2730 2756/2846/2731
f 2708/2798/2685 2756/2846/2731 2757/2847/2732
f 2757/2847/2732 2758/2901/2733 2710/2801/2687
f 2710/2801/2687 2758/2901/2733 2759/2848/2734
f 2759/2848/2734 2760/2849/2735 2712/2804/2689
f 2760/2849/2735 2761/2904/335 2713/2850/287
f 2761/2851/335 2762/2853/2736 2714/2805/2690
f 2762/2853/2736 2763/2854/2737 2715/2806/2691
f 2763/2854/2737 2764/2856/2738 2716/2855/2692
f 2764/2856/2738 2765/2857/2739 2717/2808/2693
f 2765/2857/2739 2766/2858/2740 2718/2809/2694
f 2766/2858/2740 2767/2859/2741 2719/2810/2695
f 2767/2859/2741 2768/2861/2742 2720/2860/2696
f 2768/2861/2742 2769/2913/2743 2721/2811/2697
f 2721/2811/2697 2769/2913/2743 2770/2862/2744
f 2770/2862/2744 2771/2863/2745 2723/2814/2699
f 2771/2863/2745 2772/2864/2746 2724/2815/2700
f 2772/2864/2746 2773/2865/2747 2725/2816/2701
f 2773/2865/2747 2774/2866/2748 2726/2817/2702
f 2774/2866/2748 2775/2867/2749 2727/2819/2703
f 2775/2867/2749 2776/2868/2750 2728/2820/2704
f 2776/2868/2750 2777/2869/2751 2729/2821/2705
f 2777/2869/2751 2778/2871/2752 2730/2870/2706
f 2778/2871/2752 2779/2872/2753 2731/2822/2707
f 2779/2872/2753 2780/2873/2754 2732/2823/2708
f 2780/2873/2754 2781/2874/2755 2733/2825/2709
f 2781/2874/2755 2782/2875/2756 2734/2826/2710
f 2782/2875/2756 2783/2927/2757 2735/2828/2711
f 2735/2828/2711 2783/2927/2757 2784/2876/2758
f 2736/2829/2712 2784/2876/2758 2737/2830/359
f 2737/2830/359 2785/2930/407 2786/2877/2759
f 2786/2877/2759 2787/2879/2760 2739/2878/2714
f 2787/2879/2760 2788/2880/2761 2740/2832/2715
f 2788/2880/2761 2789/2881/2762 2741/2833/2716
f 2789/2881/2762 2790/2883/2763 2742/2882/2717
f 2790/2883/2763 2791/2884/2764 2743/2834/2718
f 2791/2884/2764 2792/2885/2765 2744/2835/2719
f 2792/2885/2765 2793/2886/2766 2745/2836/2720
f 2793/2886/2766 2794/2888/2767 2746/2887/2721
f 2794/2888/2767 2795/2889/2768 2747/2837/2722
f 2795/2889/2768 2796/2890/2769 2748/2838/2723
f 2796/2890/2769 2797/2891/2770 2749/2839/2724
f 2797/2891/2770 2798/2892/2771 2750/2840/2725
f 2798/2892/2771 2799/2893/2772 2751/2841/2726
f 2799/2893/2772 2800/2894/2773 2752/2842/2727
f 2800/2894/2773 2801/2896/2774 2753/2895/2728
f 2801/2896/2774 2802/2897/2775 2754/2843/2729
f 2802/2897/2775 2803/2898/2776 2755/2845/2730
f 2803/2898/2776 2804/2899/2777 2756/2846/2731
f 2804/2899/2777 2805/2900/2778 2757/2847/2732
f 2805/2900/2778 2806/2946/2779 2758/2901/2733
f 2758/2901/2733 2806/2946/2779 2807/2902/2780
f 2807/2902/2780 2808/2903/2781 2760/2849/2735
f 2808/2903/2781 2809/2949/383 2761/2904/335
f 2809/2905/383 2810/2906/2782 2762/2853/2736
f 2810/2906/2782 2811/2907/2783 2763/2854/2737
f 2811/2907/2783 2812/2953/2784 2764/2856/2738
f 2764/2856/2738 2812/2953/2784 2813/2908/2785
f 2765/2857/2739 2813/2908/2785 2814/2909/2786
f 2766/2858/2740 2814/2909/2786 2815/2910/2787
f 2767/2859/2741 2815/2910/2787 2816/2911/2788
f 2768/2861/2742 2816/2911/2788 2817/2912/2789
f 2769/2913/2743 2817/2912/2789 2818/2914/2790
f 2770/2862/2744 2818/2914/2790 2819/2915/2791
f 2771/2863/2745 2819/2915/2791 2820/2916/2792
f 2772/2864/2746 2820/2916/2792 2821/2917/2793
f 2773/2865/2747 2821/2917/2793 2822/2918/2794
f 2774/2866/2748 2822/2918/2794 2823/2919/2795
f 2775/2867/2749 2823/2919/2795 2824/2920/2796
f 2776/2868/2750 2824/2920/2796 2825/2921/2797
f 2777/2869/2751 2825/2921/2797 2826/2922/2798
f 2778/2871/2752 2826/2922/2798 2827/2923/2799
f 2779/2872/2753 2827/2923/2799 2828/2924/2800
f 2828/2924/2800 2829/2925/2801 2781/2874/2755
f 2829/2925/2801 2830/2926/2802 2782/2875/2756
f 2830/2926/2802 2831/2970/2803 2783/2927/2757
f 2783/2927/2757 2831/2970/2803 2832/2928/2804
f 2832/2928/2804 2785/2930/407 2737/2830/359
f 2833/2929/455 2834/2931/2805 2786/2877/2759
f 2834/2931/2805 2835/2932/2806 2787/2879/2760
f 2835/2932/2806 2836/2975/2807 2788/2880/2761
f 2788/2880/2761 2836/2975/2807 2837/2933/2808
f 2837/2933/2808 2838/2977/2809 2790/2883/2763
f 2790/2883/2763 2838/2977/2809 2839/2934/2810
f 2839/2934/2810 2840/2980/2811 2792/2885/2765
f 2792/2885/2765 2840/2980/2811 2841/2935/2812
f 2793/2886/2766 2841/2935/2812 2842/2936/2813
f 2842/2936/2813 2843/2983/2814 2795/2889/2768
f 2795/2889/2768 2843/2983/2814 2844/2937/2815
f 2796/2890/2769 2844/2937/2815 2845/2938/2816
f 2797/2891/2770 2845/2938/2816 2846/2939/2817
f 2846/2939/2817 2847/2940/2818 2799/2893/2772
f 2847/2940/2818 2848/2988/2819 2800/2894/2773
f 2800/2894/2773 2848/2988/2819 2849/2941/2820
f 2801/2896/2774 2849/2941/2820 2850/2942/2821
f 2802/2897/2775 2850/2942/2821 2851/2943/2822
f 2803/2898/2776 2851/2943/2822 2852/2944/2823
f 2804/2899/2777 2852/2944/2823 2853/2945/2824
f 2853/2945/2824 2854/2993/2825 2806/2946/2779
f 2806/2946/2779 2854/2993/2825 2855/2947/2826
f 2855/2947/2826 2856/2948/2827 2808/2903/2781
f 2856/2948/2827 2857/2996/431 2809/2949/383
f 2857/2950/431 2858/2951/2828 2810/2906/2782
f 2858/2951/2828 2859/2952/2829 2811/2907/2783
f 2859/2952/2829 2860/2954/2830 2812/2953/2784
f 2860/2954/2830 2861/2955/2831 2813/2908/2785
f 2861/2955/2831 2862/3000/2832 2814/2909/2786
f 2814/2909/2786 2862/3000/2832 2863/2956/2833
f 2815/2910/2787 2863/2956/2833 2864/2957/2834
f 2864/2957/2834 2865/2958/2835 2817/2912/2789
f 2865/2958/2835 2866/2959/2836 2818/2914/2790
f 2866/2959/2836 2867/2960/2837 2819/2915/2791
f 2867/2960/2837 2868/2961/2838 2820/2916/2792
f 2868/2961/2838 2869/2962/2839 2821/2917/2793
f 2869/2962/2839 2870/2963/2840 2822/2918/2794
f 2870/2963/2840 2871/2964/2841 2823/2919/2795
f 2871/2964/2841 2872/2965/2842 2824/2920/2796
f 2872/2965/2842 2873/2966/2843 2825/2921/2797
f 2873/2966/2843 2874/3010/2844 2826/2922/2798
f 2826/2922/2798 2874/3010/2844 2875/2967/2845
f 2875/2967/2845 2876/3012/2846 2828/2924/2800
f 2828/2924/2800 2876/3012/2846 2877/2968/2847
f 2877/2968/2847 2878/2969/2848 2830/2926/2802
f 2878/2969/2848 2879/2971/2849 2831/2970/2803
f 2879/2971/2849 2880/3015/2850 2832/2928/2804
f 2832/2928/2804 2880/3015/2850 2833/2929/455
f 2881/2972/503 2882/2973/2851 2834/2931/2805
f 2882/2973/2851 2883/2974/2852 2835/2932/2806
f 2883/2974/2852 2884/3018/2853 2836/2975/2807
f 2836/2975/2807 2884/3018/2853 2885/2976/2854
f 2885/2976/2854 2886/3021/2855 2838/2977/2809
f 2838/2977/2809 2886/3021/2855 2887/2978/2856
f 2839/2934/2810 2887/2978/2856 2888/2979/2857
f 2888/2979/2857 2889/2981/2858 2841/2935/2812
f 2889/2981/2858 2890/2982/2859 2842/2936/2813
f 2890/2982/2859 2891/3025/2860 2843/2983/2814
f 2843/2983/2814 2891/3025/2860 2892/2984/2861
f 2892/2984/2861 2893/3028/2862 2845/2938/2816
f 2845/2938/2816 2893/3028/2862 2894/2985/2863
f 2846/2939/2817 2894/2985/2863 2895/2986/2864
f 2847/2940/2818 2895/2986/2864 2896/2987/2865
f 2896/2987/2865 2897/2989/2866 2849/2941/2820
f 2897/2989/2866 2898/3032/2867 2850/2942/2821
f 2850/2942/2821 2898/3032/2867 2899/2990/2868
f 2899/2990/2868 2900/2991/2869 2852/2944/2823
f 2900/2991/2869 2901/2992/2870 2853/2945/2824
f 2901/2992/2870 2902/3036/2871 2854/2993/2825
f 2854/2993/2825 2902/3036/2871 2903/2994/2872
f 2903/2994/2872 2904/2995/2873 2856/2948/2827
f 2904/2995/2873 2905/3039/479 2857/2996/431
f 2905/2997/479 2906/3041/2874 2858/2951/2828
f 2858/2951/2828 2906/3041/2874 2907/2998/2875
f 2907/2998/2875 2908/3043/2876 2860/2954/2830
f 2860/2954/2830 2908/3043/2876 2909/2999/2877
f 2909/2999/2877 2910/3046/2878 2862/3000/2832
f 2862/3000/2832 2910/3046/2878 2911/3001/2879
f 2911/3001/2879 2912/3002/2880 2864/2957/2834
f 2912/3002/2880 2913/3049/2881 2865/2958/2835
f 2865/2958/2835 2913/3049/2881 2914/3003/2882
f 2914/3003/2882 2915/3004/2883 2867/2960/2837
f 2915/3004/2883 2916/3005/2884 2868/2961/2838
f 2916/3005/2884 2917/3006/2885 2869/2962/2839
f 2917/3006/2885 2918/3053/2886 2870/2963/2840
f 2870/2963/2840 2918/3053/2886 2919/3007/2887
f 2919/3007/2887 2920/3055/2888 2872/2965/2842
f 2872/2965/2842 2920/3055/2888 2921/3008/2889
f 2873/2966/2843 2921/3008/2889 2922/3009/2890
f 2922/3009/2890 2923/3011/2891 2875/2967/2845
f 2923/3011/2891 2924/3059/2892 2876/3012/2846
f 2876/3012/2846 2924/3059/2892 2925/3013/2893
f 2925/3013/2893 2926/3062/2894 2878/2969/2848
f 2878/2969/2848 2926/3062/2894 2927/3014/2895
f 2927/3014/2895 2928/3064/2896 2880/3015/2850
f 2880/3015/2850 2928/3064/2896 2881/2972/503
f 2929/3016/551 2930/3067/2897 2882/2973/2851
f 2882/2973/2851 2930/3067/2897 2931/3017/2898
f 2931/3017/2898 2932/3019/2899 2884/3018/2853
f 2932/3019/2899 2933/3020/2900 2885/2976/2854
f 2933/3020/2900 2934/3022/2901 2886/3021/2855
f 2934/3022/2901 2935/3072/2902 2887/2978/2856
f 2887/2978/2856 2935/3072/2902 2936/3023/2903
f 2936/3023/2903 2937/3074/2904 2889/2981/2858
f 2889/2981/2858 2937/3074/2904 2938/3024/2905
f 2938/3024/2905 2939/3026/2906 2891/3025/2860
f 2939/3026/2906 2940/3027/2907 2892/2984/2861
f 2940/3027/2907 2941/3078/2908 2893/3028/2862
f 2893/3028/2862 2941/3078/2908 2942/3029/2909
f 2942/3029/2909 2943/3081/2910 2895/2986/2864
f 2895/2986/2864 2943/3081/2910 2944/3030/2911
f 2944/3030/2911 2945/3031/2912 2897/2989/2866
f 2945/3031/2912 2946/3033/2913 2898/3032/2867
f 2946/3033/2913 2947/3086/2914 2899/2990/2868
f 2899/2990/2868 2947/3086/2914 2948/3034/2915
f 2900/2991/2869 2948/3034/2915 2949/3035/2916
f 2949/3035/2916 2950/3090/2917 2902/3036/2871
f 2902/3036/2871 2950/3090/2917 2951/3037/2918
f 2951/3037/2918 2952/3038/2919 2904/2995/2873
f 2952/3038/2919 2953/3093/527 2905/3039/479
f 2905/2997/479 2953/3095/527 2954/3040/2920
f 2906/3041/2874 2954/3040/2920 2955/3042/2921
f 2955/3042/2921 2956/3044/2922 2908/3043/2876
f 2956/3044/2922 2957/3045/2923 2909/2999/2877
f 2957/3045/2923 2958/3047/2924 2910/3046/2878
f 2958/3047/2924 2959/3101/2925 2911/3001/2879
f 2911/3001/2879 2959/3101/2925 2960/3048/2926
f 2960/3048/2926 2961/3104/2927 2913/3049/2881
f 2913/3049/2881 2961/3104/2927 2962/3050/2928
f 2962/3050/2928 2963/3107/2929 2915/3004/2883
f 2915/3004/2883 2963/3107/2929 2964/3051/2930
f 2916/3005/2884 2964/3051/2930 2965/3052/2931
f 2965/3052/2931 2966/3111/2932 2918/3053/2886
f 2918/3053/2886 2966/3111/2932 2967/3054/2933
f 2967/3054/2933 2968/3056/2934 2920/3055/2888
f 2968/3056/2934 2969/3114/2935 2921/3008/2889
f 2921/3008/2889 2969/3114/2935 2970/3057/2936
f 2970/3057/2936 2971/3116/2937 2923/3011/2891
f 2923/3011/2891 2971/3116/2937 2972/3058/2938
f 2924/3059/2892 2972/3058/2938 2973/3060/2939
f 2925/3013/2893 2973/3060/2939 2974/3061/2940
f 2974/3061/2940 2975/3063/2941 2927/3014/2895
f 2975/3063/2941 2976/3065/2942 2928/3064/2896
f 2976/3065/2942 2929/3016/551 2881/2972/503
f 2977/3066/599 2978/3068/2943 2930/3067/2897
f 2978/3068/2943 2979/3069/2944 2931/3017/2898
f 2979/3069/2944 2980/3070/2945 2932/3019/2899
f 2980/3070/2945 2981/3123/2946 2933/3020/2900
f 2933/3020/2900 2981/3123/2946 2982/3071/2947
f 2982/3071/2947 2983/3126/2948 2935/3072/2902
f 2935/3072/2902 2983/3126/2948 2984/3073/2949
f 2984/3073/2949 2985/3128/2950 2937/3074/2904
f 2937/3074/2904 2985/3128/2950 2986/3075/2951
f 2986/3075/2951 2987/3131/2952 2939/3026/2906
f 2939/3026/2906 2987/3131/2952 2988/3076/2953
f 2940/3027/2907 2988/3076/2953 2989/3077/2954
f 2941/3078/2908 2989/3077/2954 2990/3079/2955
f 2942/3029/2909 2990/3079/2955 2991/3080/2956
f 2943/3081/2910 2991/3080/2956 2992/3082/2957
f 2944/3030/2911 2992/3082/2957 2993/3083/2958
f 2945/3031/2912 2993/3083/2958 2994/3084/2959
f 2946/3033/2913 2994/3084/2959 2995/3085/2960
f 2947/3086/2914 2995/3085/2960 2996/3087/2961
f 2948/3034/2915 2996/3087/2961 2997/3088/2962
f 2949/3035/2916 2997/3088/2962 2998/3089/2963
f 2998/3089/2963 2999/3091/2964 2951/3037/2918
f 2999/3091/2964 3000/3092/2965 2952/3038/2919
f 3000/3092/2965 3001/3143/575 2953/3093/527
f 3001/3094/575 3002/3096/2966 2954/3040/2920
f 3002/3096/2966 3003/3097/2967 2955/3042/2921
f 3003/3097/2967 3004/3098/2968 2956/3044/2922
f 3004/3098/2968 3005/3099/2969 2957/3045/2923
f 3005/3099/2969 3006/3100/2970 2958/3047/2924
f 3006/3100/2970 3007/3102/2971 2959/3101/2925
f 3007/3102/2971 3008/3103/2972 2960/3048/2926
f 3008/3103/2972 3009/3105/2973 2961/3104/2927
f 3009/3105/2973 3010/3106/2974 2962/3050/2928
f 3010/3106/2974 3011/3108/2975 2963/3107/2929
f 3011/3108/2975 3012/3109/2976 2964/3051/2930
f 3012/3109/2976 3013/3110/2977 2965/3052/2931
f 3013/3110/2977 3014/3112/2978 2966/3111/2932
f 3014/3112/2978 3015/3154/2979 2967/3054/2933
f 2967/3054/2933 3015/3154/2979 3016/3113/2980
f 3016/3113/2980 3017/3157/2981 2969/3114/2935
f 2969/3114/2935 3017/3157/2981 3018/3115/2982
f 3018/3115/2982 3019/3159/2983 2971/3116/2937
f 2971/3116/2937 3019/3159/2983 3020/3117/2984
f 3020/3117/2984 3021/3118/2985 2973/3060/2939
f 3021/3118/2985 3022/3119/2986 2974/3061/2940
f 3022/3119/2986 3023/3163/2987 2975/3063/2941
f 2975/3063/2941 3023/3163/2987 3024/3120/2988
f 2976/3065/2942 3024/3120/2988 2977/3066/599
f 2977/3066/599 3025/3166/647 3026/3121/2989
f 3026/3121/2989 3027/3168/2990 2979/3069/2944
f 2979/3069/2944 3027/3168/2990 3028/3122/2991
f 3028/3122/2991 3029/3124/2992 2981/3123/2946
f 3029/3124/2992 3030/3172/2993 2982/3071/2947
f 2982/3071/2947 3030/3172/2993 3031/3125/2994
f 2983/3126/2948 3031/3125/2994 3032/3127/2995
f 3032/3127/2995 3033/3129/2996 2985/3128/2950
f 3033/3129/2996 3034/3130/2997 2986/3075/2951
f 3034/3130/2997 3035/3132/2998 2987/3131/2952
f 3035/3132/2998 3036/3133/2999 2988/3076/2953
f 3036/3133/2999 3037/3134/3000 2989/3077/2954
f 3037/3134/3000 3038/3177/3001 2990/3079/2955
f 2990/3079/2955 3038/3177/3001 3039/3135/3002
f 3039/3135/3002 3040/3179/3003 2992/3082/2957
f 2992/3082/2957 3040/3179/3003 3041/3136/3004
f 2993/3083/2958 3041/3136/3004 3042/3137/3005
f 3042/3137/3005 3043/3138/3006 2995/3085/2960
f 3043/3138/3006 3044/3182/3007 2996/3087/2961
f 2996/3087/2961 3044/3182/3007 3045/3139/3008
f 2997/3088/2962 3045/3139/3008 3046/3140/3009
f 3046/3140/3009 3047/3141/3010 2999/3091/2964
f 3047/3141/3010 3048/3142/3011 3000/3092/2965
f 3048/3142/3011 3049/3187/623 3001/3143/575
f 3049/3144/623 3050/3145/3012 3002/3096/2966
f 3050/3145/3012 3051/3190/3013 3003/3097/2967
f 3003/3097/2967 3051/3190/3013 3052/3146/3014
f 3052/3146/3014 3053/3147/3015 3005/3099/2969
f 3053/3147/3015 3054/3193/3016 3006/3100/2970
f 3006/3100/2970 3054/3193/3016 3055/3148/3017
f 3055/3148/3017 3056/3149/3018 3008/3103/2972
f 3056/3149/3018 3057/3150/3019 3009/3105/2973
f 3057/3150/3019 3058/3198/3020 3010/3106/2974
f 3010/3106/2974 3058/3198/3020 3059/3151/3021
f 3059/3151/3021 3060/3152/3022 3012/3109/2976
f 3060/3152/3022 3061/3202/3023 3013/3110/2977
f 3013/3110/2977 3061/3202/3023 3062/3153/3024
f 3062/3153/3024 3063/3204/3025 3015/3154/2979
f 3015/3154/2979 3063/3204/3025 3064/3155/3026
f 3016/3113/2980 3064/3155/3026 3065/3156/3027
f 3017/3157/2981 3065/3156/3027 3066/3158/3028
f 3066/3158/3028 3067/3160/3029 3019/3159/2983
f 3067/3160/3029 3068/3208/3030 3020/3117/2984
f 3020/3117/2984 3068/3208/3030 3069/3161/3031
f 3069/3161/3031 3070/3162/3032 3022/3119/2986
f 3070/3162/3032 3071/3211/3033 3023/3163/2987
f 3023/3163/2987 3071/3211/3033 3072/3164/3034
f 3072/3164/3034 3025/3166/647 2977/3066/599
f 3073/3165/695 3074/3167/3035 3026/3121/2989
f 3074/3167/3035 3075/3169/3036 3027/3168/2990
f 3075/3169/3036 3076/3170/3037 3028/3122/2991
f 3076/3170/3037 3077/3217/3038 3029/3124/2992
f 3029/3124/2992 3077/3217/3038 3078/3171/3039
f 3078/3171/3039 3079/3219/3040 3031/3125/2994
f 3031/3125/2994 3079/3219/3040 3080/3173/3041
f 3080/3173/3041 3081/3221/3042 3033/3129/2996
f 3033/3129/2996 3081/3221/3042 3082/3174/3043
f 3082/3174/3043 3083/3223/3044 3035/3132/2998
f 3035/3132/2998 3083/3223/3044 3084/3175/3045
f 3084/3175/3045 3085/3225/3046 3037/3134/3000
f 3037/3134/3000 3085/3225/3046 3086/3176/3047
f 3086/3176/3047 3087/3178/3048 3039/3135/3002
f 3087/3178/3048 3088/3228/3049 3040/3179/3003
f 3040/3179/3003 3088/3228/3049 3089/3180/3050
f 3089/3180/3050 3090/3230/3051 3042/3137/3005
f 3042/3137/3005 3090/3230/3051 3091/3181/3052
f 3091/3181/3052 3092/3183/3053 3044/3182/3007
f 3092/3183/3053 3093/3232/3054 3045/3139/3008
f 3045/3139/3008 3093/3232/3054 3094/3184/3055
f 3046/3140/3009 3094/3184/3055 3095/3185/3056
f 3095/3185/3056 3096/3186/3057 3048/3142/3011
f 3096/3186/3057 3097/3237/671 3049/3187/623
f 3049/3144/623 3097/3238/671 3098/3188/3058
f 3050/3145/3012 3098/3188/3058 3099/3189/3059
f 3099/3189/3059 3100/3191/3060 3052/3146/3014
f 3100/3191/3060 3101/3192/3061 3053/3147/3015
f 3101/3192/3061 3102/3194/3062 3054/3193/3016
f 3102/3194/3062 3103/3195/3063 3055/3148/3017
f 3103/3195/3063 3104/3196/3064 3056/3149/3018
f 3104/3196/3064 3105/3197/3065 3057/3150/3019
f 3105/3197/3065 3106/3199/3066 3058/3198/3020
f 3106/3199/3066 3107/3200/3067 3059/3151/3021
f 3107/3200/3067 3108/3201/3068 3060/3152/3022
f 3108/3201/3068 3109/3248/3069 3061/3202/3023
f 3061/3202/3023 3109/3248/3069 3110/3203/3070
f 3110/3203/3070 3111/3250/3071 3063/3204/3025
f 3063/3204/3025 3111/3250/3071 3112/3205/3072
f 3112/3205/3072 3113/3252/3073 3065/3156/3027
f 3065/3156/3027 3113/3252/3073 3114/3206/3074
f 3114/3206/3074 3115/3255/3075 3067/3160/3029
f 3067/3160/3029 3115/3255/3075 3116/3207/3076
f 3116/3207/3076 3117/3209/3077 3069/3161/3031
f 3117/3209/3077 3118/3210/3078 3070/3162/3032
f 3118/3210/3078 3119/3212/3079 3071/3211/3033
f 3119/3212/3079 3120/3261/3080 3072/3164/3034
f 3072/3164/3034 3120/3261/3080 3073/3165/695
f 3121/3213/743 3122/3214/3081 3074/3167/3035
f 3122/3214/3081 3123/3215/3082 3075/3169/3036
f 3123/3215/3082 3124/3264/3083 3076/3170/3037
f 3076/3170/3037 3124/3264/3083 3125/3216/3084
f 3125/3216/3084 3126/3266/3085 3078/3171/3039
f 3078/3171/3039 3126/3266/3085 3127/3218/3086
f 3127/3218/3086 3128/3220/3087 3080/3173/3041
f 3128/3220/3087 3129/3270/3088 3081/3221/3042
f 3081/3221/3042 3129/3270/3088 3130/3222/3089
f 3130/3222/3089 3131/3272/3090 3083/3223/3044
f 3083/3223/3044 3131/3272/3090 3132/3224/3091
f 3132/3224/3091 3133/3274/3092 3085/3225/3046
f 3085/3225/3046 3133/3274/3092 3134/3226/3093
f 3134/3226/3093 3135/3277/3094 3087/3178/3048
f 3087/3178/3048 3135/3277/3094 3136/3227/3095
f 3136/3227/3095 3137/3279/3096 3089/3180/3050
f 3089/3180/3050 3137/3279/3096 3138/3229/3097
f 3138/3229/3097 3139/3282/3098 3091/3181/3052
f 3091/3181/3052 3139/3282/3098 3140/3231/3099
f 3140/3231/3099 3141/3233/3100 3093/3232/3054
f 3141/3233/3100 3142/3234/3101 3094/3184/3055
f 3142/3234/3101 3143/3235/3102 3095/3185/3056
f 3143/3235/3102 3144/3236/3103 3096/3186/3057
f 3144/3236/3103 3145/3287/719 3097/3237/671
f 3097/3238/671 3145/3289/719 3146/3239/3104
f 3098/3188/3058 3146/3239/3104 3147/3240/3105
f 3147/3240/3105 3148/3292/3106 3100/3191/3060
f 3100/3191/3060 3148/3292/3106 3149/3241/3107
f 3149/3241/3107 3150/3242/3108 3102/3194/3062
f 3150/3242/3108 3151/3243/3109 3103/3195/3063
f 3151/3243/3109 3152/3244/3110 3104/3196/3064
f 3152/3244/3110 3153/3245/3111 3105/3197/3065
f 3153/3245/3111 3154/3246/3112 3106/3199/3066
f 3154/3246/3112 3155/3298/3113 3107/3200/3067
f 3107/3200/3067 3155/3298/3113 3156/3247/3114
f 3156/3247/3114 3157/3301/3115 3109/3248/3069
f 3109/3248/3069 3157/3301/3115 3158/3249/3116
f 3158/3249/3116 3159/3304/3117 3111/3250/3071
f 3111/3250/3071 3159/3304/3117 3160/3251/3118
f 3160/3251/3118 3161/3253/3119 3113/3252/3073
f 3161/3253/3119 3162/3254/3120 3114/3206/3074
f 3162/3254/3120 3163/3256/3121 3115/3255/3075
f 3163/3256/3121 3164/3257/3122 3116/3207/3076
f 3164/3257/3122 3165/3258/3123 3117/3209/3077
f 3165/3258/3123 3166/3259/3124 3118/3210/3078
f 3166/3259/3124 3167/3311/3125 3119/3212/3079
f 3119/3212/3079 3167/3311/3125 3168/3260/3126
f 3120/3261/3080 3168/3260/3126 3121/3213/743
f 3121/3213/743 3169/3314/791 3170/3262/3127
f 3170/3262/3127 3171/3263/3128 3123/3215/3082
f 3171/3263/3128 3172/3317/3129 3124/3264/3083
f 3124/3264/3083 3172/3317/3129 3173/3265/3130
f 3173/3265/3130 3174/3320/3131 3126/3266/3085
f 3126/3266/3085 3174/3320/3131 3175/3267/3132
f 3127/3218/3086 3175/3267/3132 3176/3268/3133
f 3128/3220/3087 3176/3268/3133 3177/3269/3134
f 3129/3270/3088 3177/3269/3134 3178/3271/3135
f 3178/3271/3135 3179/3324/3136 3131/3272/3090
f 3131/3272/3090 3179/3324/3136 3180/3273/3137
f 3180/3273/3137 3181/3275/3138 3133/3274/3092
f 3181/3275/3138 3182/3327/3139 3134/3226/3093
f 3134/3226/3093 3182/3327/3139 3183/3276/3140
f 3135/3277/3094 3183/3276/3140 3184/3278/3141
f 3184/3278/3141 3185/3280/3142 3137/3279/3096
f 3185/3280/3142 3186/3331/3143 3138/3229/3097
f 3138/3229/3097 3186/3331/3143 3187/3281/3144
f 3187/3281/3144 3188/3334/3145 3140/3231/3099
f 3140/3231/3099 3188/3334/3145 3189/3283/3146
f 3141/3233/3100 3189/3283/3146 3190/3284/3147
f 3190/3284/3147 3191/3285/3148 3143/3235/3102
f 3191/3285/3148 3192/3338/3149 3144/3236/3103
f 3144/3236/3103 3192/3338/3149 3193/3286/767
f 3193/3288/767 3194/3341/3150 3146/3239/3104
f 3146/3239/3104 3194/3341/3150 3195/3290/3151
f 3147/3240/3105 3195/3290/3151 3196/3291/3152
f 3148/3292/3106 3196/3291/3152 3197/3293/3153
f 3197/3293/3153 3198/3294/3154 3150/3242/3108
f 3198/3294/3154 3199/3346/3155 3151/3243/3109
f 3151/3243/3109 3199/3346/3155 3200/3295/3156
f 3152/3244/3110 3200/3295/3156 3201/3296/3157
f 3153/3245/3111 3201/3296/3157 3202/3297/3158
f 3202/3297/3158 3203/3299/3159 3155/3298/3113
f 3203/3299/3159 3204/3300/3160 3156/3247/3114
f 3204/3300/3160 3205/3302/3161 3157/3301/3115
f 3205/3302/3161 3206/3303/3162 3158/3249/3116
f 3206/3303/3162 3207/3353/3163 3159/3304/3117
f 3159/3304/3117 3207/3353/3163 3208/3305/3164
f 3208/3305/3164 3209/3306/3165 3161/3253/3119
f 3209/3306/3165 3210/3307/3166 3162/3254/3120
f 3210/3307/3166 3211/3308/3167 3163/3256/3121
f 3211/3308/3167 3212/3357/3168 3164/3257/3122
f 3164/3257/3122 3212/3357/3168 3213/3309/3169
f 3213/3309/3169 3214/3359/3170 3166/3259/3124
f 3166/3259/3124 3214/3359/3170 3215/3310/3171
f 3167/3311/3125 3215/3310/3171 3216/3312/3172
f 3216/3312/3172 3169/3314/791 3121/3213/743
f 3217/3313/839 3218/3315/3173 3170/3262/3127
f 3218/3315/3173 3219/3316/3174 3171/3263/3128
f 3219/3316/3174 3220/3364/3175 3172/3317/3129
f 3172/3317/3129 3220/3364/3175 3221/3318/3176
f 3173/3265/3130 3221/3318/3176 3222/3319/3177
f 3222/3319/3177 3223/3321/3178 3175/3267/3132
f 3223/3321/3178 3224/3322/3179 3176/3268/3133
f 3224/3322/3179 3225/3368/3180 3177/3269/3134
f 3177/3269/3134 3225/3368/3180 3226/3323/3181
f 3226/3323/3181 3227/3325/3182 3179/3324/3136
f 3227/3325/3182 3228/3372/3183 3180/3273/3137
f 3180/3273/3137 3228/3372/3183 3229/3326/3184
f 3229/3326/3184 3230/3328/3185 3182/3327/3139
f 3230/3328/3185 3231/3329/3186 3183/3276/3140
f 3231/3329/3186 3232/3375/3187 3184/3278/3141
f 3184/3278/3141 3232/3375/3187 3233/3330/3188
f 3233/3330/3188 3234/3332/3189 3186/3331/3143
f 3234/3332/3189 3235/3333/3190 3187/3281/3144
f 3235/3333/3190 3236/3335/3191 3188/3334/3145
f 3236/3335/3191 3237/3380/3192 3189/3283/3146
f 3189/3283/3146 3237/3380/3192 3238/3336/3193
f 3238/3336/3193 3239/3337/3194 3191/3285/3148
f 3239/3337/3194 3240/3383/3195 3192/3338/3149
f 3192/3338/3149 3240/3383/3195 3241/3339/815
f 3241/3340/815 3242/3342/3196 3194/3341/3150
f 3242/3342/3196 3243/3385/3197 3195/3290/3151
f 3195/3290/3151 3243/3385/3197 3244/3343/3198
f 3244/3343/3198 3245/3344/3199 3197/3293/3153
f 3245/3344/3199 3246/3345/3200 3198/3294/3154
f 3246/3345/3200 3247/3390/3201 3199/3346/3155
f 3199/3346/3155 3247/3390/3201 3248/3347/3202
f 3200/3295/3156 3248/3347/3202 3249/3348/3203
f 3249/3348/3203 3250/3349/3204 3202/3297/3158
f 3250/3349/3204 3251/3395/3205 3203/3299/3159
f 3203/3299/3159 3251/3395/3205 3252/3350/3206
f 3204/3300/3160 3252/3350/3206 3253/3351/3207
f 3253/3351/3207 3254/3397/3208 3206/3303/3162
f 3206/3303/3162 3254/3397/3208 3255/3352/3209
f 3207/3353/3163 3255/3352/3209 3256/3354/3210
f 3256/3354/3210 3257/3401/3211 3209/3306/3165
f 3209/3306/3165 3257/3401/3211 3258/3355/3212
f 3258/3355/3212 3259/3403/3213 3211/3308/3167
f 3211/3308/3167 3259/3403/3213 3260/3356/3214
f 3260/3356/3214 3261/3358/3215 3213/3309/3169
f 3261/3358/3215 3262/3360/3216 3214/3359/3170
f 3262/3360/3216 3263/3407/3217 3215/3310/3171
f 3215/3310/3171 3263/3407/3217 3264/3361/3218
f 3264/3361/3218 3217/3313/839 3169/3314/791
f 3217/3313/839 3265/3410/887 3266/3362/3219
f 3266/3362/3219 3267/3363/3220 3219/3316/3174
f 3267/3363/3220 3268/3413/3221 3220/3364/3175
f 3220/3364/3175 3268/3413/3221 3269/3365/3222
f 3269/3365/3222 3270/3415/3223 3222/3319/3177
f 3222/3319/3177 3270/3415/3223 3271/3366/3224
f 3271/3366/3224 3272/3367/3225 3224/3322/3179
f 3272/3367/3225 3273/3369/3226 3225/3368/3180
f 3273/3369/3226 3274/3370/3227 3226/3323/3181
f 3274/3370/3227 3275/3419/3228 3227/3325/3182
f 3227/3325/3182 3275/3419/3228 3276/3371/3229
f 3276/3371/3229 3277/3373/3230 3229/3326/3184
f 3277/3373/3230 3278/3422/3231 3230/3328/3185
f 3230/3328/3185 3278/3422/3231 3279/3374/3232
f 3279/3374/3232 3280/3424/3233 3232/3375/3187
f 3232/3375/3187 3280/3424/3233 3281/3376/3234
f 3233/3330/3188 3281/3376/3234 3282/3377/3235
f 3234/3332/3189 3282/3377/3235 3283/3378/3236
f 3283/3378/3236 3284/3429/3237 3236/3335/3191
f 3236/3335/3191 3284/3429/3237 3285/3379/3238
f 3237/3380/3192 3285/3379/3238 3286/3381/3239
f 3286/3381/3239 3287/3432/3240 3239/3337/3194
f 3239/3337/3194 3287/3432/3240 3288/3382/3241
f 3288/3382/3241 3289/3434/863 3241/3339/815
f 3241/3340/815 3289/3436/863 3290/3384/3242
f 3290/3384/3242 3291/3386/3243 3243/3385/3197
f 3291/3386/3243 3292/3387/3244 3244/3343/3198
f 3292/3387/3244 3293/3388/3245 3245/3344/3199
f 3293/3388/3245 3294/3389/3246 3246/3345/3200
f 3294/3389/3246 3295/3391/3247 3247/3390/3201
f 3295/3391/3247 3296/3392/3248 3248/3347/3202
f 3296/3392/3248 3297/3393/3249 3249/3348/3203
f 3297/3393/3249 3298/3443/3250 3250/3349/3204
f 3250/3349/3204 3298/3443/3250 3299/3394/3251
f 3299/3394/3251 3300/3445/3252 3252/3350/3206
f 3252/3350/3206 3300/3445/3252 3301/3396/3253
f 3301/3396/3253 3302/3398/3254 3254/3397/3208
f 3302/3398/3254 3303/3399/3255 3255/3352/3209
f 3303/3399/3255 3304/3400/3256 3256/3354/3210
f 3304/3400/3256 3305/3450/3257 3257/3401/3211
f 3257/3401/3211 3305/3450/3257 3306/3402/3258
f 3306/3402/3258 3307/3404/3259 3259/3403/3213
f 3307/3404/3259 3308/3453/3260 3260/3356/3214
f 3260/3356/3214 3308/3453/3260 3309/3405/3261
f 3309/3405/3261 3310/3406/3262 3262/3360/3216
f 3310/3406/3262 3311/3456/3263 3263/3407/3217
f 3263/3407/3217 3311/3456/3263 3312/3408/3264
f 3312/3408/3264 3265/3410/887 3217/3313/839
f 3313/3409/935 3314/3460/3265 3266/3362/3219
f 3266/3362/3219 3314/3460/3265 3315/3411/3266
f 3267/3363/3220 3315/3411/3266 3316/3412/3267
f 3316/3412/3267 3317/3414/3268 3269/3365/3222
f 3317/3414/3268 3318/3464/3269 3270/3415/3223
f 3270/3415/3223 3318/3464/3269 3319/3416/3270
f 3319/3416/3270 3320/3417/3271 3272/3367/3225
f 3320/3417/3271 3321/3467/3272 3273/3369/3226
f 3273/3369/3226 3321/3467/3272 3322/3418/3273
f 3322/3418/3273 3323/3469/3274 3275/3419/3228
f 3275/3419/3228 3323/3469/3274 3324/3420/3275
f 3276/3371/3229 3324/3420/3275 3325/3421/3276
f 3325/3421/3276 3326/3473/3277 3278/3422/3231
f 3278/3422/3231 3326/3473/3277 3327/3423/3278
f 3327/3423/3278 3328/3425/3279 3280/3424/3233
f 3328/3425/3279 3329/3426/3280 3281/3376/3234
f 3329/3426/3280 3330/3427/3281 3282/3377/3235
f 3330/3427/3281 3331/3477/3282 3283/3378/3236
f 3283/3378/3236 3331/3477/3282 3332/3428/3283
f 3332/3428/3283 3333/3430/3284 3285/3379/3238
f 3333/3430/3284 3334/3480/3285 3286/3381/3239
f 3286/3381/3239 3334/3480/3285 3335/3431/3286
f 3335/3431/3286 3336/3433/3287 3288/3382/3241
f 3336/3433/3287 3337/3484/911 3289/3434/863
f 3337/3435/911 3338/3486/3288 3290/3384/3242
f 3290/3384/3242 3338/3486/3288 3339/3437/3289
f 3339/3437/3289 3340/3438/3290 3292/3387/3244
f 3340/3438/3290 3341/3489/3291 3293/3388/3245
f 3293/3388/3245 3341/3489/3291 3342/3439/3292
f 3342/3439/3292 3343/3491/3293 3295/3391/3247
f 3295/3391/3247 3343/3491/3293 3344/3440/3294
f 3296/3392/3248 3344/3440/3294 3345/3441/3295
f 3297/3393/3249 3345/3441/3295 3346/3442/3296
f 3298/3443/3250 3346/3442/3296 3347/3444/3297
f 3347/3444/3297 3348/3495/3298 3300/3445/3252
f 3300/3445/3252 3348/3495/3298 3349/3446/3299
f 3349/3446/3299 3350/3447/3300 3302/3398/3254
f 3350/3447/3300 3351/3448/3301 3303/3399/3255
f 3351/3448/3301 3352/3449/3302 3304/3400/3256
f 3352/3449/3302 3353/3500/3303 3305/3450/3257
f 3305/3450/3257 3353/3500/3303 3354/3451/3304
f 3354/3451/3304 3355/3452/3305 3307/3404/3259
f 3355/3452/3305 3356/3454/3306 3308/3453/3260
f 3356/3454/3306 3357/3504/3307 3309/3405/3261
f 3309/3405/3261 3357/3504/3307 3358/3455/3308
f 3358/3455/3308 3359/3457/3309 3311/3456/3263
f 3359/3457/3309 3360/3458/3310 3312/3408/3264
f 3360/3458/3310 3313/3409/935 3265/3410/887
f 3361/3459/983 3362/3461/3311 3314/3460/3265
f 3362/3461/3311 3363/3509/3312 3315/3411/3266
f 3315/3411/3266 3363/3509/3312 3364/3462/3313
f 3364/3462/3313 3365/3512/3314 3317/3414/3268
f 3317/3414/3268 3365/3512/3314 3366/3463/3315
f 3366/3463/3315 3367/3465/3316 3319/3416/3270
f 3367/3465/3316 3368/3515/3317 3320/3417/3271
f 3320/3417/3271 3368/3515/3317 3369/3466/3318
f 3369/3466/3318 3370/3468/3319 3322/3418/3273
f 3370/3468/3319 3371/3470/3320 3323/3469/3274
f 3371/3470/3320 3372/3471/3321 3324/3420/3275
f 3372/3471/3321 3373/3472/3322 3325/3421/3276
f 3373/3472/3322 3374/3522/3323 3326/3473/3277
f 3326/3473/3277 3374/3522/3323 3375/3474/3324
f 3375/3474/3324 3376/3525/3325 3328/3425/3279
f 3328/3425/3279 3376/3525/3325 3377/3475/3326
f 3377/3475/3326 3378/3528/3327 3330/3427/3281
f 3330/3427/3281 3378/3528/3327 3379/3476/3328
f 3331/3477/3282 3379/3476/3328 3380/3478/3329
f 3332/3428/3283 3380/3478/3329 3381/3479/3330
f 3381/3479/3330 3382/3481/3331 3334/3480/3285
f 3382/3481/3331 3383/3482/3332 3335/3431/3286
f 3383/3482/3332 3384/3483/3333 3336/3433/3287
f 3384/3483/3333 3385/3534/959 3337/3484/911
f 3337/3435/911 3385/3536/959 3386/3485/3334
f 3338/3486/3288 3386/3485/3334 3387/3487/3335
f 3339/3437/3289 3387/3487/3335 3388/3488/3336
f 3388/3488/3336 3389/3540/3337 3341/3489/3291
f 3341/3489/3291 3389/3540/3337 3390/3490/3338
f 3390/3490/3338 3391/3492/3339 3343/3491/3293
f 3391/3492/3339 3392/3544/3340 3344/3440/3294
f 3344/3440/3294 3392/3544/3340 3393/3493/3341
f 3393/3493/3341 3394/3546/3342 3346/3442/3296
f 3346/3442/3296 3394/3546/3342 3395/3494/3343
f 3395/3494/3343 3396/3496/3344 3348/3495/3298
f 3396/3496/3344 3397/3497/3345 3349/3446/3299
f 3397/3497/3345 3398/3551/3346 3350/3447/3300
f 3350/3447/3300 3398/3551/3346 3399/3498/3347
f 3399/3498/3347 3400/3554/3348 3352/3449/3302
f 3352/3449/3302 3400/3554/3348 3401/3499/3349
f 3401/3499/3349 3402/3501/3350 3354/3451/3304
f 3402/3501/3350 3403/3502/3351 3355/3452/3305
f 3403/3502/3351 3404/3503/3352 3356/3454/3306
f 3404/3503/3352 3405/3560/3353 3357/3504/3307
f 3357/3504/3307 3405/3560/3353 3406/3505/3354
f 3406/3505/3354 3407/3563/3355 3359/3457/3309
f 3359/3457/3309 3407/3563/3355 3408/3506/3356
f 3408/3506/3356 3361/3459/983 3313/3409/935
f 3409/3507/1031 3410/3508/3357 3362/3461/3311
f 3410/3508/3357 3411/3510/3358 3363/3509/3312
f 3411/3510/3358 3412/3511/3359 3364/3462/3313
f 3412/3511/3359 3413/3568/3360 3365/3512/3314
f 3365/3512/3314 3413/3568/3360 3414/3513/3361
f 3366/3463/3315 3414/3513/3361 3415/3514/3362
f 3415/3514/3362 3416/3572/3363 3368/3515/3317
f 3368/3515/3317 3416/3572/3363 3417/3516/3364
f 3369/3466/3318 3417/3516/3364 3418/3517/3365
f 3370/3468/3319 3418/3517/3365 3419/3518/3366
f 3371/3470/3320 3419/3518/3366 3420/3519/3367
f 3372/3471/3321 3420/3519/3367 3421/3520/3368
f 3373/3472/3322 3421/3520/3368 3422/3521/3369
f 3374/3522/3323 3422/3521/3369 3423/3523/3370
f 3375/3474/3324 3423/3523/3370 3424/3524/3371
f 3376/3525/3325 3424/3524/3371 3425/3526/3372
f 3377/3475/3326 3425/3526/3372 3426/3527/3373
f 3426/3527/3373 3427/3529/3374 3379/3476/3328
f 3427/3529/3374 3428/3530/3375 3380/3478/3329
f 3428/3530/3375 3429/3531/3376 3381/3479/3330
f 3429/3531/3376 3430/3585/3377 3382/3481/3331
f 3382/3481/3331 3430/3585/3377 3431/3532/3378
f 3431/3532/3378 3432/3587/3379 3384/3483/3333
f 3384/3483/3333 3432/3587/3379 3433/3533/1007
f 3433/3535/1007 3434/3537/3380 3386/3485/3334
f 3434/3537/3380 3435/3538/3381 3387/3487/3335
f 3435/3538/3381 3436/3539/3382 3388/3488/3336
f 3436/3539/3382 3437/3541/3383 3389/3540/3337
f 3437/3541/3383 3438/3593/3384 3390/3490/3338
f 3390/3490/3338 3438/3593/3384 3439/3542/3385
f 3391/3492/3339 3439/3542/3385 3440/3543/3386
f 3440/3543/3386 3441/3545/3387 3393/3493/3341
f 3441/3545/3387 3442/3547/3388 3394/3546/3342
f 3442/3547/3388 3443/3548/3389 3395/3494/3343
f 3443/3548/3389 3444/3549/3390 3396/3496/3344
f 3444/3549/3390 3445/3550/3391 3397/3497/3345
f 3445/3550/3391 3446/3552/3392 3398/3551/3346
f 3446/3552/3392 3447/3553/3393 3399/3498/3347
f 3447/3553/3393 3448/3555/3394 3400/3554/3348
f 3448/3555/3394 3449/3556/3395 3401/3499/3349
f 3449/3556/3395 3450/3557/3396 3402/3501/3350
f 3450/3557/3396 3451/3558/3397 3403/3502/3351
f 3451/3558/3397 3452/3559/3398 3404/3503/3352
f 3452/3559/3398 3453/3561/3399 3405/3560/3353
f 3453/3561/3399 3454/3562/3400 3406/3505/3354
f 3454/3562/3400 3455/3609/3401 3407/3563/3355
f 3407/3563/3355 3455/3609/3401 3456/3564/3402
f 3408/3506/3356 3456/3564/3402 3409/3507/1031
f 3409/3507/1031 3457/3612/1079 3458/3565/3403
f 3458/3565/3403 3459/3566/3404 3411/3510/3358
f 3459/3566/3404 3460/3567/3405 3412/3511/3359
f 3460/3567/3405 3461/3569/3406 3413/3568/3360
f 3461/3569/3406 3462/3570/3407 3414/3513/3361
f 3462/3570/3407 3463/3616/3408 3415/3514/3362
f 3415/3514/3362 3463/3616/3408 3464/3571/3409
f 3464/3571/3409 3465/3573/3410 3417/3516/3364
f 3465/3573/3410 3466/3574/3411 3418/3517/3365
f 3466/3574/3411 3467/3575/3412 3419/3518/3366
f 3467/3575/3412 3468/3622/3413 3420/3519/3367
f 3420/3519/3367 3468/3622/3413 3469/3576/3414
f 3469/3576/3414 3470/3577/3415 3422/3521/3369
f 3470/3577/3415 3471/3578/3416 3423/3523/3370
f 3471/3578/3416 3472/3579/3417 3424/3524/3371
f 3472/3579/3417 3473/3580/3418 3425/3526/3372
f 3473/3580/3418 3474/3581/3419 3426/3527/3373
f 3474/3581/3419 3475/3582/3420 3427/3529/3374
f 3475/3582/3420 3476/3583/3421 3428/3530/3375
f 3476/3583/3421 3477/3631/3422 3429/3531/3376
f 3429/3531/3376 3477/3631/3422 3478/3584/3423
f 3478/3584/3423 3479/3586/3424 3431/3532/3378
f 3479/3586/3424 3480/3588/3425 3432/3587/3379
f 3480/3588/3425 3481/3635/1055 3433/3533/1007
f 3433/3535/1007 3481/3637/1055 3482/3589/3426
f 3434/3537/3380 3482/3589/3426 3483/3590/3427
f 3435/3538/3381 3483/3590/3427 3484/3591/3428
f 3484/3591/3428 3485/3592/3429 3437/3541/3383
f 3485/3592/3429 3486/3642/3430 3438/3593/3384
f 3438/3593/3384 3486/3642/3430 3487/3594/3431
f 3487/3594/3431 3488/3645/3432 3440/3543/3386
f 3440/3543/3386 3488/3645/3432 3489/3595/3433
f 3441/3545/3387 3489/3595/3433 3490/3596/3434
f 3442/3547/3388 3490/3596/3434 3491/3597/3435
f 3443/3548/3389 3491/3597/3435 3492/3598/3436
f 3492/3598/3436 3493/3599/3437 3445/3550/3391
f 3493/3599/3437 3494/3652/3438 3446/3552/3392
f 3446/3552/3392 3494/3652/3438 3495/3600/3439
f 3447/3553/3393 3495/3600/3439 3496/3601/3440
f 3448/3555/3394 3496/3601/3440 3497/3602/3441
f 3449/3556/3395 3497/3602/3441 3498/3603/3442
f 3450/3557/3396 3498/3603/3442 3499/3604/3443
f 3451/3558/3397 3499/3604/3443 3500/3605/3444
f 3452/3559/3398 3500/3605/3444 3501/3606/3445
f 3453/3561/3399 3501/3606/3445 3502/3607/3446
f 3454/3562/3400 3502/3607/3446 3503/3608/3447
f 3503/3608/3447 3504/3610/3448 3456/3564/3402
f 3504/3610/3448 3457/3612/1079 3409/3507/1031
f 3505/3611/1126 3506/3613/3449 3458/3565/3403
f 3506/3613/3449 3507/3665/3450 3459/3566/3404
f 3459/3566/3404 3507/3665/3450 3508/3614/3451
f 3508/3614/3451 3509/3668/3452 3461/3569/3406
f 3461/3569/3406 3509/3668/3452 3510/3615/3453
f 3510/3615/3453 3511/3671/3454 3463/3616/3408
f 3463/3616/3408 3511/3671/3454 3512/3617/3455
f 3464/3571/3409 3512/3617/3455 3513/3618/3456
f 3465/3573/3410 3513/3618/3456 3514/3619/3457
f 3466/3574/3411 3514/3619/3457 3515/3620/3458
f 3467/3575/3412 3515/3620/3458 3516/3621/3459
f 3516/3621/3459 3517/3678/3414 3469/3576/3414
f 3469/3576/3414 3517/3678/3414 3518/3623/3460
f 3470/3577/3415 3518/3623/3460 3519/3624/3461
f 3471/3578/3416 3519/3624/3461 3520/3625/3462
f 3472/3579/3417 3520/3625/3462 3521/3626/3463
f 3473/3580/3418 3521/3626/3463 3522/3627/3464
f 3474/3581/3419 3522/3627/3464 3523/3628/3465
f 3475/3582/3420 3523/3628/3465 3524/3629/3466
f 3476/3583/3421 3524/3629/3466 3525/3630/3467
f 3477/3631/3422 3525/3630/3467 3526/3632/3468
f 3478/3584/3423 3526/3632/3468 3527/3633/3469
f 3479/3586/3424 3527/3633/3469 3528/3634/3470
f 3528/3634/3470 3529/3689/1103 3481/3635/1055
f 3529/3636/1103 3530/3638/3471 3482/3589/3426
f 3530/3638/3471 3531/3639/3472 3483/3590/3427
f 3531/3639/3472 3532/3640/3473 3484/3591/3428
f 3532/3640/3473 3533/3641/3474 3485/3592/3429
f 3533/3641/3474 3534/3643/3475 3486/3642/3430
f 3534/3643/3475 3535/3644/3476 3487/3594/3431
f 3535/3644/3476 3536/3646/3477 3488/3645/3432
f 3536/3646/3477 3537/3647/3478 3489/3595/3433
f 3537/3647/3478 3538/3648/3479 3490/3596/3434
f 3538/3648/3479 3539/3649/3480 3491/3597/3435
f 3539/3649/3480 3540/3650/3481 3492/3598/3436
f 3540/3650/3481 3541/3698/3437 3493/3599/3437
f 3493/3599/3437 3541/3698/3437 3542/3651/3482
f 3542/3651/3482 3543/3653/3483 3495/3600/3439
f 3543/3653/3483 3544/3654/3484 3496/3601/3440
f 3544/3654/3484 3545/3655/3485 3497/3602/3441
f 3545/3655/3485 3546/3656/3486 3498/3603/3442
f 3546/3656/3486 3547/3657/3487 3499/3604/3443
f 3547/3657/3487 3548/3658/3488 3500/3605/3444
f 3548/3658/3488 3549/3659/3489 3501/3606/3445
f 3549/3659/3489 3550/3660/3490 3502/3607/3446
f 3550/3660/3490 3551/3661/3491 3503/3608/3447
f 3551/3661/3491 3552/3662/3492 3504/3610/3448
f 3552/3662/3492 3505/3611/1126 3457/3612/1079
f 3553/3663/1173 3554/3664/3493 3506/3613/3449
f 3554/3664/3493 3555/3666/3494 3507/3665/3450
f 3555/3666/3494 3556/3667/3495 3508/3614/3451
f 3556/3667/3495 3557/3669/3496 3509/3668/3452
f 3557/3669/3496 3558/3670/3497 3510/3615/3453
f 3558/3670/3497 3559/3672/3498 3511/3671/3454
f 3559/3672/3498 3560/3673/3499 3512/3617/3455
f 3560/3673/3499 3561/3674/3500 3513/3618/3456
f 3561/3674/3500 3562/3675/3501 3514/3619/3457
f 3562/3675/3501 3563/3676/3502 3515/3620/3458
f 3563/3676/3502 3564/3677/3503 3516/3621/3459
f 3564/3677/3503 3565/3679/3504 3517/3678/3414
f 3565/3679/3504 3566/3719/3505 3518/3623/3460
f 3518/3623/3460 3566/3719/3505 3567/3680/3506
f 3567/3680/3506 3568/3681/3507 3520/3625/3462
f 3568/3681/3507 3569/3682/3508 3521/3626/3463
f 3569/3682/3508 3570/3683/3509 3522/3627/3464
f 3570/3683/3509 3571/3725/3510 3523/3628/3465
f 3523/3628/3465 3571/3725/3510 3572/3684/3511
f 3572/3684/3511 3573/3685/3512 3525/3630/3467
f 3573/3685/3512 3574/3686/3513 3526/3632/3468
f 3574/3686/3513 3575/3687/3514 3527/3633/3469
f 3575/3687/3514 3576/3688/3515 3528/3634/3470
f 3576/3688/3515 3577/3730/1149 3529/3689/1103
f 3529/3636/1103 3577/3732/1149 3578/3690/3516
f 3578/3690/3516 3579/3691/3517 3531/3639/3472
f 3579/3691/3517 3580/3735/3518 3532/3640/3473
f 3532/3640/3473 3580/3735/3518 3581/3692/3519
f 3533/3641/3474 3581/3692/3519 3582/3693/3520
f 3582/3693/3520 3583/3739/3521 3535/3644/3476
f 3535/3644/3476 3583/3739/3521 3584/3694/3522
f 3584/3694/3522 3585/3741/3523 3537/3647/3478
f 3537/3647/3478 3585/3741/3523 3586/3695/3524
f 3538/3648/3479 3586/3695/3524 3587/3696/3525
f 3587/3696/3525 3588/3745/3526 3540/3650/3481
f 3540/3650/3481 3588/3745/3526 3589/3697/3527
f 3541/3698/3437 3589/3697/3527 3590/3699/3528
f 3542/3651/3482 3590/3699/3528 3591/3700/3529
f 3543/3653/3483 3591/3700/3529 3592/3701/3530
f 3544/3654/3484 3592/3701/3530 3593/3702/3531
f 3545/3655/3485 3593/3702/3531 3594/3703/3532
f 3546/3656/3486 3594/3703/3532 3595/3704/3533
f 3595/3704/3533 3596/3705/3534 3548/3658/3488
f 3596/3705/3534 3597/3753/3535 3549/3659/3489
f 3549/3659/3489 3597/3753/3535 3598/3706/3536
f 3598/3706/3536 3599/3756/3537 3551/3661/3491
f 3551/3661/3491 3599/3756/3537 3600/3707/3538
f 3600/3707/3538 3553/3663/1173 3505/3611/1126
f 3601/3708/1221 3602/3709/3539 3554/3664/3493
f 3602/3709/3539 3603/3710/3540 3555/3666/3494
f 3603/3710/3540 3604/3711/3541 3556/3667/3495
f 3604/3711/3541 3605/3712/3542 3557/3669/3496
f 3605/3712/3542 3606/3763/3543 3558/3670/3497
f 3558/3670/3497 3606/3763/3543 3607/3713/3544
f 3607/3713/3544 3608/3766/3545 3560/3673/3499
f 3560/3673/3499 3608/3766/3545 3609/3714/3546
f 3561/3674/3500 3609/3714/3546 3610/3715/3547
f 3562/3675/3501 3610/3715/3547 3611/3716/3548
f 3563/3676/3502 3611/3716/3548 3612/3717/3549
f 3612/3717/3549 3613/3718/3550 3565/3679/3504
f 3613/3718/3550 3614/3720/3551 3566/3719/3505
f 3614/3720/3551 3615/3721/3552 3567/3680/3506
f 3615/3721/3552 3616/3722/3553 3568/3681/3507
f 3616/3722/3553 3617/3723/3554 3569/3682/3508
f 3617/3723/3554 3618/3724/3555 3570/3683/3509
f 3618/3724/3555 3619/3726/3556 3571/3725/3510
f 3619/3726/3556 3620/3776/3557 3572/3684/3511
f 3572/3684/3511 3620/3776/3557 3621/3727/3558
f 3621/3727/3558 3622/3778/3559 3574/3686/3513
f 3574/3686/3513 3622/3778/3559 3623/3728/3560
f 3575/3687/3514 3623/3728/3560 3624/3729/3561
f 3624/3729/3561 3625/3782/1197 3577/3730/1149
f 3625/3731/1197 3626/3733/3562 3578/3690/3516
f 3626/3733/3562 3627/3734/3563 3579/3691/3517
f 3627/3734/3563 3628/3736/3564 3580/3735/3518
f 3628/3736/3564 3629/3737/3565 3581/3692/3519
f 3629/3737/3565 3630/3788/3566 3582/3693/3520
f 3582/3693/3520 3630/3788/3566 3631/3738/3567
f 3583/3739/3521 3631/3738/3567 3632/3740/3568
f 3632/3740/3568 3633/3742/3569 3585/3741/3523
f 3633/3742/3569 3634/3743/3570 3586/3695/3524
f 3634/3743/3570 3635/3793/3571 3587/3696/3525
f 3587/3696/3525 3635/3793/3571 3636/3744/3572
f 3588/3745/3526 3636/3744/3572 3637/3746/3573
f 3637/3746/3573 3638/3747/3574 3590/3699/3528
f 3638/3747/3574 3639/3748/3575 3591/3700/3529
f 3639/3748/3575 3640/3749/3576 3592/3701/3530
f 3640/3749/3576 3641/3750/3577 3593/3702/3531
f 3641/3750/3577 3642/3799/3578 3594/3703/3532
f 3594/3703/3532 3642/3799/3578 3643/3751/3579
f 3643/3751/3579 3644/3752/3580 3596/3705/3534
f 3644/3752/3580 3645/3754/3581 3597/3753/3535
f 3645/3754/3581 3646/3802/3582 3598/3706/3536
f 3598/3706/3536 3646/3802/3582 3647/3755/3583
f 3647/3755/3583 3648/3757/3584 3600/3707/3538
f 3648/3757/3584 3601/3708/1221 3553/3663/1173
f 3649/3758/1269 3650/3759/3585 3602/3709/3539
f 3650/3759/3585 3651/3760/3586 3603/3710/3540
f 3651/3760/3586 3652/3761/3587 3604/3711/3541
f 3652/3761/3587 3653/3762/3588 3605/3712/3542
f 3653/3762/3588 3654/3764/3589 3606/3763/3543
f 3654/3764/3589 3655/3765/3590 3607/3713/3544
f 3655/3765/3590 3656/3767/3591 3608/3766/3545
f 3656/3767/3591 3657/3768/3592 3609/3714/3546
f 3657/3768/3592 3658/3811/3593 3610/3715/3547
f 3610/3715/3547 3658/3811/3593 3659/3769/3594
f 3659/3769/3594 3660/3814/3595 3612/3717/3549
f 3612/3717/3549 3660/3814/3595 3661/3770/3596
f 3613/3718/3550 3661/3770/3596 3662/3771/3597
f 3614/3720/3551 3662/3771/3597 3663/3772/3598
f 3663/3772/3598 3664/3818/3599 3616/3722/3553
f 3616/3722/3553 3664/3818/3599 3665/3773/3600
f 3617/3723/3554 3665/3773/3600 3666/3774/3601
f 3666/3774/3601 3667/3822/3602 3619/3726/3556
f 3619/3726/3556 3667/3822/3602 3668/3775/3603
f 3668/3775/3603 3669/3777/3604 3621/3727/3558
f 3669/3777/3604 3670/3779/3605 3622/3778/3559
f 3670/3779/3605 3671/3780/3606 3623/3728/3560
f 3671/3780/3606 3672/3781/3607 3624/3729/3561
f 3672/3781/3607 3673/3829/1245 3625/3782/1197
f 3673/3783/1245 3674/3784/3608 3626/3733/3562
f 3674/3784/3608 3675/3785/3609 3627/3734/3563
f 3675/3785/3609 3676/3786/3610 3628/3736/3564
f 3676/3786/3610 3677/3833/3611 3629/3737/3565
f 3629/3737/3565 3677/3833/3611 3678/3787/3612
f 3678/3787/3612 3679/3789/3613 3631/3738/3567
f 3679/3789/3613 3680/3790/3614 3632/3740/3568
f 3680/3790/3614 3681/3791/3615 3633/3742/3569
f 3681/3791/3615 3682/3839/3616 3634/3743/3570
f 3634/3743/3570 3682/3839/3616 3683/3792/3617
f 3683/3792/3617 3684/3794/3618 3636/3744/3572
f 3684/3794/3618 3685/3795/3619 3637/3746/3573
f 3685/3795/3619 3686/3842/3620 3638/3747/3574
f 3638/3747/3574 3686/3842/3620 3687/3796/3621
f 3687/3796/3621 3688/3845/3622 3640/3749/3576
f 3640/3749/3576 3688/3845/3622 3689/3797/3623
f 3641/3750/3577 3689/3797/3623 3690/3798/3624
f 3690/3798/3624 3691/3848/3625 3643/3751/3579
f 3643/3751/3579 3691/3848/3625 3692/3800/3626
f 3692/3800/3626 3693/3801/3627 3645/3754/3581
f 3693/3801/3627 3694/3803/3628 3646/3802/3582
f 3694/3803/3628 3695/3851/3629 3647/3755/3583
f 3647/3755/3583 3695/3851/3629 3696/3804/3630
f 3696/3804/3630 3649/3758/1269 3601/3708/1221
f 3697/3805/1317 3698/3855/3631 3650/3759/3585
f 3650/3759/3585 3698/3855/3631 3699/3806/3632
f 3699/3806/3632 3700/3857/3633 3652/3761/3587
f 3652/3761/3587 3700/3857/3633 3701/3807/3634
f 3701/3807/3634 3702/3860/3635 3654/3764/3589
f 3654/3764/3589 3702/3860/3635 3703/3808/3636
f 3703/3808/3636 3704/3809/3637 3656/3767/3591
f 3704/3809/3637 3705/3810/3638 3657/3768/3592
f 3705/3810/3638 3706/3812/3639 3658/3811/3593
f 3706/3812/3639 3707/3813/3640 3659/3769/3594
f 3707/3813/3640 3708/3866/3641 3660/3814/3595
f 3660/3814/3595 3708/3866/3641 3709/3815/3642
f 3709/3815/3642 3710/3816/3643 3662/3771/3597
f 3710/3816/3643 3711/3817/3644 3663/3772/3598
f 3711/3817/3644 3712/3819/3645 3664/3818/3599
f 3712/3819/3645 3713/3820/3646 3665/3773/3600
f 3713/3820/3646 3714/3821/3647 3666/3774/3601
f 3714/3821/3647 3715/3823/3648 3667/3822/3602
f 3715/3823/3648 3716/3824/3649 3668/3775/3603
f 3716/3824/3649 3717/3825/3650 3669/3777/3604
f 3717/3825/3650 3718/3826/3651 3670/3779/3605
f 3718/3826/3651 3719/3827/3652 3671/3780/3606
f 3719/3827/3652 3720/3828/3653 3672/3781/3607
f 3720/3828/3653 3721/3876/1293 3673/3829/1245
f 3673/3783/1245 3721/3877/1293 3722/3830/3654
f 3674/3784/3608 3722/3830/3654 3723/3831/3655
f 3723/3831/3655 3724/3880/3656 3676/3786/3610
f 3676/3786/3610 3724/3880/3656 3725/3832/3657
f 3677/3833/3611 3725/3832/3657 3726/3834/3658
f 3678/3787/3612 3726/3834/3658 3727/3835/3659
f 3679/3789/3613 3727/3835/3659 3728/3836/3660
f 3680/3790/3614 3728/3836/3660 3729/3837/3661
f 3681/3791/3615 3729/3837/3661 3730/3838/3662
f 3730/3838/3662 3731/3886/3663 3683/3792/3617
f 3683/3792/3617 3731/3886/3663 3732/3840/3664
f 3684/3794/3618 3732/3840/3664 3733/3841/3665
f 3733/3841/3665 3734/3843/3666 3686/3842/3620
f 3734/3843/3666 3735/3891/3667 3687/3796/3621
f 3687/3796/3621 3735/3891/3667 3736/3844/3668
f 3736/3844/3668 3737/3846/3669 3689/3797/3623
f 3737/3846/3669 3738/3895/3670 3690/3798/3624
f 3690/3798/3624 3738/3895/3670 3739/3847/3671
f 3739/3847/3671 3740/3897/3672 3692/3800/3626
f 3692/3800/3626 3740/3897/3672 3741/3849/3673
f 3741/3849/3673 3742/3850/3674 3694/3803/3628
f 3742/3850/3674 3743/3852/3675 3695/3851/3629
f 3743/3852/3675 3744/3853/3676 3696/3804/3630
f 3744/3853/3676 3697/3805/1317 3649/3758/1269
f 3745/3854/1364 3746/3904/3677 3698/3855/3631
f 3698/3855/3631 3746/3904/3677 3747/3856/3678
f 3747/3856/3678 3748/3858/3679 3700/3857/3633
f 3748/3858/3679 3749/3859/3680 3701/3807/3634
f 3749/3859/3680 3750/3908/3681 3702/3860/3635
f 3702/3860/3635 3750/3908/3681 3751/3861/3682
f 3703/3808/3636 3751/3861/3682 3752/3862/3683
f 3752/3862/3683 3753/3863/3684 3705/3810/3638
f 3753/3863/3684 3754/3912/3685 3706/3812/3639
f 3706/3812/3639 3754/3912/3685 3755/3864/3686
f 3707/3813/3640 3755/3864/3686 3756/3865/3687
f 3708/3866/3641 3756/3865/3687 3757/3867/3642
f 3709/3815/3642 3757/3867/3642 3758/3868/3688
f 3758/3868/3688 3759/3916/3689 3711/3817/3644
f 3711/3817/3644 3759/3916/3689 3760/3869/3690
f 3760/3869/3690 3761/3919/3691 3713/3820/3646
f 3713/3820/3646 3761/3919/3691 3762/3870/3692
f 3714/3821/3647 3762/3870/3692 3763/3871/3693
f 3715/3823/3648 3763/3871/3693 3764/3872/3694
f 3716/3824/3649 3764/3872/3694 3765/3873/3695
f 3765/3873/3695 3766/3923/3696 3718/3826/3651
f 3718/3826/3651 3766/3923/3696 3767/3874/3697
f 3719/3827/3652 3767/3874/3697 3768/3875/3698
f 3768/3875/3698 3769/3927/1341 3721/3876/1293
f 3721/3877/1293 3769/3929/1341 3770/3878/3699
f 3770/3878/3699 3771/3879/3700 3723/3831/3655
f 3771/3879/3700 3772/3932/3701 3724/3880/3656
f 3724/3880/3656 3772/3932/3701 3773/3881/3702
f 3773/3881/3702 3774/3882/3703 3726/3834/3658
f 3774/3882/3703 3775/3883/3704 3727/3835/3659
f 3775/3883/3704 3776/3884/3705 3728/3836/3660
f 3776/3884/3705 3777/3937/3706 3729/3837/3661
f 3729/3837/3661 3777/3937/3706 3778/3885/3707
f 3778/3885/3707 3779/3887/3708 3731/3886/3663
f 3779/3887/3708 3780/3888/3709 3732/3840/3664
f 3780/3888/3709 3781/3889/3665 3733/3841/3665
f 3781/3889/3665 3782/3890/3710 3734/3843/3666
f 3782/3890/3710 3783/3892/3711 3735/3891/3667
f 3783/3892/3711 3784/3943/3712 3736/3844/3668
f 3736/3844/3668 3784/3943/3712 3785/3893/3713
f 3737/3846/3669 3785/3893/3713 3786/3894/3714
f 3786/3894/3714 3787/3896/3715 3739/3847/3671
f 3787/3896/3715 3788/3898/3716 3740/3897/3672
f 3788/3898/3716 3789/3899/3717 3741/3849/3673
f 3789/3899/3717 3790/3900/3718 3742/3850/3674
f 3790/3900/3718 3791/3901/3719 3743/3852/3675
f 3791/3901/3719 3792/3902/3720 3744/3853/3676
f 3792/3902/3720 3745/3854/1364 3697/3805/1317
f 3793/3903/1411 3794/3905/3721 3746/3904/3677
f 3794/3905/3721 3795/3952/3722 3747/3856/3678
f 3747/3856/3678 3795/3952/3722 3796/3906/3723
f 3796/3906/3723 3797/3907/3724 3749/3859/3680
f 3797/3907/3724 3798/3955/3725 3750/3908/3681
f 3750/3908/3681 3798/3955/3725 3799/3909/3726
f 3799/3909/3726 3800/3910/3727 3752/3862/3683
f 3800/3910/3727 3801/3911/3728 3753/3863/3684
f 3801/3911/3728 3802/3959/3729 3754/3912/3685
f 3754/3912/3685 3802/3959/3729 3803/3913/3730
f 3803/3913/3730 3804/3962/3731 3756/3865/3687
f 3756/3865/3687 3804/3962/3731 3805/3914/3732
f 3757/3867/3642 3805/3914/3732 3806/3915/3733
f 3806/3915/3733 3807/3917/3734 3759/3916/3689
f 3807/3917/3734 3808/3966/3735 3760/3869/3690
f 3760/3869/3690 3808/3966/3735 3809/3918/3736
f 3761/3919/3691 3809/3918/3736 3810/3920/3737
f 3810/3920/3737 3811/3970/3738 3763/3871/3693
f 3763/3871/3693 3811/3970/3738 3812/3921/3739
f 3764/3872/3694 3812/3921/3739 3813/3922/3740
f 3813/3922/3740 3814/3924/3741 3766/3923/3696
f 3814/3924/3741 3815/3925/3742 3767/3874/3697
f 3815/3925/3742 3816/3926/3743 3768/3875/3698
f 3816/3926/3743 3817/3975/1387 3769/3927/1341
f 3817/3928/1387 3818/3977/3744 3770/3878/3699
f 3770/3878/3699 3818/3977/3744 3819/3930/3745
f 3771/3879/3700 3819/3930/3745 3820/3931/3746
f 3820/3931/3746 3821/3933/3747 3773/3881/3702
f 3821/3933/3747 3822/3934/3748 3774/3882/3703
f 3822/3934/3748 3823/3935/3749 3775/3883/3704
f 3823/3935/3749 3824/3936/3750 3776/3884/3705
f 3824/3936/3750 3825/3938/3751 3777/3937/3706
f 3825/3938/3751 3826/3985/3752 3778/3885/3707
f 3778/3885/3707 3826/3985/3752 3827/3939/3753
f 3827/3939/3753 3828/3940/3754 3780/3888/3709
f 3828/3940/3754 3829/3941/3755 3781/3889/3665
f 3829/3941/3755 3830/3989/3756 3782/3890/3710
f 3782/3890/3710 3830/3989/3756 3831/3942/3757
f 3831/3942/3757 3832/3944/3758 3784/3943/3712
f 3832/3944/3758 3833/3992/3759 3785/3893/3713
f 3785/3893/3713 3833/3992/3759 3834/3945/3760
f 3786/3894/3714 3834/3945/3760 3835/3946/3761
f 3835/3946/3761 3836/3995/3762 3788/3898/3716
f 3788/3898/3716 3836/3995/3762 3837/3947/3763
f 3837/3947/3763 3838/3948/3764 3790/3900/3718
f 3838/3948/3764 3839/3949/3765 3791/3901/3719
f 3839/3949/3765 3840/4000/3766 3792/3902/3720
f 3792/3902/3720 3840/4000/3766 3793/3903/1411
f 3841/3950/1459 3842/4002/3767 3794/3905/3721
f 3794/3905/3721 3842/4002/3767 3843/3951/3768
f 3795/3952/3722 3843/3951/3768 3844/3953/3769
f 3844/3953/3769 3845/4006/3770 3797/3907/3724
f 3797/3907/3724 3845/4006/3770 3846/3954/3771
f 3798/3955/3725 3846/3954/3771 3847/3956/3772
f 3799/3909/3726 3847/3956/3772 3848/3957/3773
f 3800/3910/3727 3848/3957/3773 3849/3958/3774
f 3849/3958/3774 3850/3960/3775 3802/3959/3729
f 3850/3960/3775 3851/3961/3776 3803/3913/3730
f 3851/3961/3776 3852/4013/3777 3804/3962/3731
f 3804/3962/3731 3852/4013/3777 3853/3963/3778
f 3853/3963/3778 3854/4016/3779 3806/3915/3733
f 3806/3915/3733 3854/4016/3779 3855/3964/3780
f 3807/3917/3734 3855/3964/3780 3856/3965/3781
f 3808/3966/3735 3856/3965/3781 3857/3967/3782
f 3809/3918/3736 3857/3967/3782 3858/3968/3783
f 3810/3920/3737 3858/3968/3783 3859/3969/3784
f 3859/3969/3784 3860/4021/3785 3812/3921/3739
f 3812/3921/3739 3860/4021/3785 3861/3971/3786
f 3861/3971/3786 3862/3972/3787 3814/3924/3741
f 3862/3972/3787 3863/4024/3788 3815/3925/3742
f 3815/3925/3742 3863/4024/3788 3864/3973/3789
f 3816/3926/3743 3864/3973/3789 3865/3974/1435
f 3865/3976/1435 3866/3978/3790 3818/3977/3744
f 3866/3978/3790 3867/3979/3791 3819/3930/3745
f 3867/3979/3791 3868/3980/3792 3820/3931/3746
f 3868/3980/3792 3869/3981/3793 3821/3933/3747
f 3869/3981/3793 3870/4031/3794 3822/3934/3748
f 3822/3934/3748 3870/4031/3794 3871/3982/3795
f 3871/3982/3795 3872/3983/3796 3824/3936/3750
f 3872/3983/3796 3873/3984/3797 3825/3938/3751
f 3873/3984/3797 3874/4035/3798 3826/3985/3752
f 3826/3985/3752 3874/4035/3798 3875/3986/3799
f 3875/3986/3799 3876/3987/3800 3828/3940/3754
f 3876/3987/3800 3877/3988/3801 3829/3941/3755
f 3877/3988/3801 3878/4039/3802 3830/3989/3756
f 3830/3989/3756 3878/4039/3802 3879/3990/3803
f 3879/3990/3803 3880/4041/3804 3832/3944/3758
f 3832/3944/3758 3880/4041/3804 3881/3991/3805
f 3881/3991/3805 3882/3993/3806 3834/3945/3760
f 3882/3993/3806 3883/3994/3807 3835/3946/3761
f 3883/3994/3807 3884/3996/3808 3836/3995/3762
f 3884/3996/3808 3885/3997/3809 3837/3947/3763
f 3885/3997/3809 3886/3998/3810 3838/3948/3764
f 3886/3998/3810 3887/3999/3811 3839/3949/3765
f 3887/3999/3811 3888/4048/3812 3840/4000/3766
f 3840/4000/3766 3888/4048/3812 3841/3950/1459
f 3889/4001/1507 3890/4003/3813 3842/4002/3767
f 3890/4003/3813 3891/4004/3814 3843/3951/3768
f 3891/4004/3814 3892/4005/3815 3844/3953/3769
f 3892/4005/3815 3893/4007/3816 3845/4006/3770
f 3893/4007/3816 3894/4052/3817 3846/3954/3771
f 3846/3954/3771 3894/4052/3817 3895/4008/3818
f 3847/3956/3772 3895/4008/3818 3896/4009/3819
f 3848/3957/3773 3896/4009/3819 3897/4010/3820
f 3849/3958/3774 3897/4010/3820 3898/4011/3821
f 3850/3960/3775 3898/4011/3821 3899/4012/3822
f 3899/4012/3822 3900/4014/3823 3852/4013/3777
f 3900/4014/3823 3901/4060/3824 3853/3963/3778
f 3853/3963/3778 3901/4060/3824 3902/4015/3825
f 3902/4015/3825 3903/4017/3826 3855/3964/3780
f 3903/4017/3826 3904/4018/3827 3856/3965/3781
f 3904/4018/3827 3905/4019/3828 3857/3967/3782
f 3905/4019/3828 3906/4065/3829 3858/3968/3783
f 3858/3968/3783 3906/4065/3829 3907/4020/3830
f 3907/4020/3830 3908/4067/3831 3860/4021/3785
f 3860/4021/3785 3908/4067/3831 3909/4022/3832
f 3909/4022/3832 3910/4070/3833 3862/3972/3787
f 3862/3972/3787 3910/4070/3833 3911/4023/3834
f 3911/4023/3834 3912/4025/3835 3864/3973/3789
f 3912/4025/3835 3913/4073/1483 3865/3974/1435
f 3913/4026/1483 3914/4027/3836 3866/3978/3790
f 3914/4027/3836 3915/4028/3837 3867/3979/3791
f 3915/4028/3837 3916/4029/3838 3868/3980/3792
f 3916/4029/3838 3917/4030/3839 3869/3981/3793
f 3917/4030/3839 3918/4078/3840 3870/4031/3794
f 3870/4031/3794 3918/4078/3840 3919/4032/3841
f 3919/4032/3841 3920/4081/3842 3872/3983/3796
f 3872/3983/3796 3920/4081/3842 3921/4033/3843
f 3873/3984/3797 3921/4033/3843 3922/4034/3844
f 3874/4035/3798 3922/4034/3844 3923/4036/3845
f 3875/3986/3799 3923/4036/3845 3924/4037/3846
f 3924/4037/3846 3925/4038/3847 3877/3988/3801
f 3925/4038/3847 3926/4087/3848 3878/4039/3802
f 3878/4039/3802 3926/4087/3848 3927/4040/3849
f 3927/4040/3849 3928/4042/3850 3880/4041/3804
f 3928/4042/3850 3929/4043/3851 3881/3991/3805
f 3929/4043/3851 3930/4044/3852 3882/3993/3806
f 3930/4044/3852 3931/4045/3853 3883/3994/3807
f 3931/4045/3853 3932/4093/3854 3884/3996/3808
f 3884/3996/3808 3932/4093/3854 3933/4046/3855
f 3933/4046/3855 3934/4095/3856 3886/3998/3810
f 3886/3998/3810 3934/4095/3856 3935/4047/3857
f 3935/4047/3857 3936/4097/3858 3888/4048/3812
f 3888/4048/3812 3936/4097/3858 3889/4001/1507
f 3937/4049/1555 3938/4100/3859 3890/4003/3813
f 3890/4003/3813 3938/4100/3859 3939/4050/3860
f 3939/4050/3860 3940/4103/3861 3892/4005/3815
f 3892/4005/3815 3940/4103/3861 3941/4051/3862
f 3941/4051/3862 3942/4053/3863 3894/4052/3817
f 3942/4053/3863 3943/4054/3864 3895/4008/3818
f 3943/4054/3864 3944/4055/3865 3896/4009/3819
f 3944/4055/3865 3945/4056/3866 3897/4010/3820
f 3945/4056/3866 3946/4057/3867 3898/4011/3821
f 3946/4057/3867 3947/4058/3868 3899/4012/3822
f 3947/4058/3868 3948/4110/3869 3900/4014/3823
f 3900/4014/3823 3948/4110/3869 3949/4059/3870
f 3949/4059/3870 3950/4061/3871 3902/4015/3825
f 3950/4061/3871 3951/4062/3872 3903/4017/3826
f 3951/4062/3872 3952/4063/3873 3904/4018/3827
f 3952/4063/3873 3953/4064/3874 3905/4019/3828
f 3953/4064/3874 3954/4115/3875 3906/4065/3829
f 3906/4065/3829 3954/4115/3875 3955/4066/3876
f 3955/4066/3876 3956/4068/3877 3908/4067/3831
f 3956/4068/3877 3957/4069/3878 3909/4022/3832
f 3957/4069/3878 3958/4071/3879 3910/4070/3833
f 3958/4071/3879 3959/4120/3880 3911/4023/3834
f 3911/4023/3834 3959/4120/3880 3960/4072/3881
f 3960/4072/3881 3961/4122/1531 3913/4073/1483
f 3961/4074/1531 3962/4075/3882 3914/4027/3836
f 3962/4075/3882 3963/4076/3883 3915/4028/3837
f 3963/4076/3883 3964/4125/3884 3916/4029/3838
f 3916/4029/3838 3964/4125/3884 3965/4077/3885
f 3965/4077/3885 3966/4079/3886 3918/4078/3840
f 3966/4079/3886 3967/4080/3887 3919/4032/3841
f 3967/4080/3887 3968/4082/3888 3920/4081/3842
f 3968/4082/3888 3969/4129/3889 3921/4033/3843
f 3921/4033/3843 3969/4129/3889 3970/4083/3890
f 3922/4034/3844 3970/4083/3890 3971/4084/3891
f 3923/4036/3845 3971/4084/3891 3972/4085/3892
f 3972/4085/3892 3973/4086/3893 3925/4038/3847
f 3973/4086/3893 3974/4134/3894 3926/4087/3848
f 3926/4087/3848 3974/4134/3894 3975/4088/3895
f 3927/4040/3849 3975/4088/3895 3976/4089/3896
f 3928/4042/3850 3976/4089/3896 3977/4090/3897
f 3977/4090/3897 3978/4091/3898 3930/4044/3852
f 3978/4091/3898 3979/4138/3899 3931/4045/3853
f 3931/4045/3853 3979/4138/3899 3980/4092/3900
f 3932/4093/3854 3980/4092/3900 3981/4094/3901
f 3981/4094/3901 3982/4141/3902 3934/4095/3856
f 3934/4095/3856 3982/4141/3902 3983/4096/3903
f 3983/4096/3903 3984/4098/3904 3936/4097/3858
f 3984/4098/3904 3937/4049/1555 3889/4001/1507
f 3985/4099/1603 3986/4101/3905 3938/4100/3859
f 3986/4101/3905 3987/4102/3906 3939/4050/3860
f 3987/4102/3906 3988/4147/3907 3940/4103/3861
f 3940/4103/3861 3988/4147/3907 3989/4104/3908
f 3989/4104/3908 3990/4105/3909 3942/4053/3863
f 3990/4105/3909 3991/4106/3910 3943/4054/3864
f 3991/4106/3910 3992/4151/3911 3944/4055/3865
f 3944/4055/3865 3992/4151/3911 3993/4107/3912
f 3993/4107/3912 3994/4108/3913 3946/4057/3867
f 3994/4108/3913 3995/4154/3914 3947/4058/3868
f 3947/4058/3868 3995/4154/3914 3996/4109/3915
f 3996/4109/3915 3997/4111/3916 3949/4059/3870
f 3997/4111/3916 3998/4112/3917 3950/4061/3871
f 3998/4112/3917 3999/4158/3918 3951/4062/3872
f 3951/4062/3872 3999/4158/3918 4000/4113/3919
f 3952/4063/3873 4000/4113/3919 4001/4114/3920
f 4001/4114/3920 4002/4162/3921 3954/4115/3875
f 3954/4115/3875 4002/4162/3921 4003/4116/3922
f 4003/4116/3922 4004/4117/3923 3956/4068/3877
f 4004/4117/3923 4005/4118/3924 3957/4069/3878
f 4005/4118/3924 4006/4166/3925 3958/4071/3879
f 3958/4071/3879 4006/4166/3925 4007/4119/3926
f 3959/4120/3880 4007/4119/3926 4008/4121/3927
f 4008/4121/3927 4009/4169/1579 3961/4122/1531
f 3961/4074/1531 4009/4170/1579 4010/4123/3928
f 4010/4123/3928 4011/4172/3929 3963/4076/3883
f 3963/4076/3883 4011/4172/3929 4012/4124/3930
f 3964/4125/3884 4012/4124/3930 4013/4126/3931
f 4013/4126/3931 4014/4176/3932 3966/4079/3886
f 3966/4079/3886 4014/4176/3932 4015/4127/3933
f 4015/4127/3933 4016/4179/3934 3968/4082/3888
f 3968/4082/3888 4016/4179/3934 4017/4128/3935
f 4017/4128/3935 4018/4130/3936 3970/4083/3890
f 4018/4130/3936 4019/4131/3937 3971/4084/3891
f 4019/4131/3937 4020/4184/3938 3972/4085/3892
f 3972/4085/3892 4020/4184/3938 4021/4132/3939
f 3973/4086/3893 4021/4132/3939 4022/4133/3940
f 4022/4133/3940 4023/4135/3941 3975/4088/3895
f 4023/4135/3941 4024/4189/3942 3976/4089/3896
f 3976/4089/3896 4024/4189/3942 4025/4136/3943
f 4025/4136/3943 4026/4137/3944 3978/4091/3898
f 4026/4137/3944 4027/4193/3945 3979/4138/3899
f 3979/4138/3899 4027/4193/3945 4028/4139/3946
f 3980/4092/3900 4028/4139/3946 4029/4140/3947
f 4029/4140/3947 4030/4197/3948 3982/4141/3902
f 3982/4141/3902 4030/4197/3948 4031/4142/3949
f 3983/4096/3903 4031/4142/3949 4032/4143/3950
f 4032/4143/3950 3985/4099/1603 3937/4049/1555
f 4033/4144/1651 4034/4145/3951 3986/4101/3905
f 4034/4145/3951 4035/4146/3952 3987/4102/3906
f 4035/4146/3952 4036/4202/3953 3988/4147/3907
f 3988/4147/3907 4036/4202/3953 4037/4148/3954
f 3989/4104/3908 4037/4148/3954 4038/4149/3955
f 4038/4149/3955 4039/4206/3956 3991/4106/3910
f 3991/4106/3910 4039/4206/3956 4040/4150/3957
f 3992/4151/3911 4040/4150/3957 4041/4152/3958
f 4041/4152/3958 4042/4153/3959 3994/4108/3913
f 4042/4153/3959 4043/4211/3960 3995/4154/3914
f 3995/4154/3914 4043/4211/3960 4044/4155/3961
f 4044/4155/3961 4045/4213/3962 3997/4111/3916
f 3997/4111/3916 4045/4213/3962 4046/4156/3963
f 3998/4112/3917 4046/4156/3963 4047/4157/3964
f 3999/4158/3918 4047/4157/3964 4048/4159/3965
f 4000/4113/3919 4048/4159/3965 4049/4160/3966
f 4001/4114/3920 4049/4160/3966 4050/4161/3967
f 4002/4162/3921 4050/4161/3967 4051/4163/3968
f 4003/4116/3922 4051/4163/3968 4052/4164/3969
f 4004/4117/3923 4052/4164/3969 4053/4165/3970
f 4053/4165/3970 4054/4221/3971 4006/4166/3925
f 4006/4166/3925 4054/4221/3971 4055/4167/3972
f 4055/4167/3972 4056/4168/3973 4008/4121/3927
f 4056/4168/3973 4057/4225/1627 4009/4169/1579
f 4009/4170/1579 4057/4227/1627 4058/4171/3974
f 4058/4171/3974 4059/4173/3975 4011/4172/3929
f 4059/4173/3975 4060/4174/3976 4012/4124/3930
f 4060/4174/3976 4061/4175/3977 4013/4126/3931
f 4061/4175/3977 4062/4177/3978 4014/4176/3932
f 4062/4177/3978 4063/4178/3979 4015/4127/3933
f 4063/4178/3979 4064/4180/3980 4016/4179/3934
f 4064/4180/3980 4065/4181/3981 4017/4128/3935
f 4065/4181/3981 4066/4182/3982 4018/4130/3936
f 4066/4182/3982 4067/4183/3983 4019/4131/3937
f 4067/4183/3983 4068/4185/3984 4020/4184/3938
f 4068/4185/3984 4069/4186/3985 4021/4132/3939
f 4069/4186/3985 4070/4187/3986 4022/4133/3940
f 4070/4187/3986 4071/4188/3987 4023/4135/3941
f 4071/4188/3987 4072/4190/3988 4024/4189/3942
f 4072/4190/3988 4073/4191/3989 4025/4136/3943
f 4073/4191/3989 4074/4192/3990 4026/4137/3944
f 4074/4192/3990 4075/4194/3991 4027/4193/3945
f 4075/4194/3991 4076/4195/3992 4028/4139/3946
f 4076/4195/3992 4077/4196/3993 4029/4140/3947
f 4077/4196/3993 4078/4244/3994 4030/4197/3948
f 4030/4197/3948 4078/4244/3994 4079/4198/3995
f 4079/4198/3995 4080/4199/3996 4032/4143/3950
f 4080/4199/3996 4033/4144/1651 3985/4099/1603
f 4081/4200/1699 4082/4248/3997 4034/4145/3951
f 4034/4145/3951 4082/4248/3997 4083/4201/3998
f 4083/4201/3998 4084/4203/3999 4036/4202/3953
f 4084/4203/3999 4085/4204/4000 4037/4148/3954
f 4085/4204/4000 4086/4205/4001 4038/4149/3955
f 4086/4205/4001 4087/4207/4002 4039/4206/3956
f 4087/4207/4002 4088/4208/4003 4040/4150/3957
f 4088/4208/4003 4089/4256/4004 4041/4152/3958
f 4041/4152/3958 4089/4256/4004 4090/4209/4005
f 4042/4153/3959 4090/4209/4005 4091/4210/4006
f 4091/4210/4006 4092/4260/4007 4044/4155/3961
f 4044/4155/3961 4092/4260/4007 4093/4212/4008
f 4045/4213/3962 4093/4212/4008 4094/4214/4009
f 4094/4214/4009 4095/4263/4010 4047/4157/3964
f 4047/4157/3964 4095/4263/4010 4096/4215/4011
f 4096/4215/4011 4097/4216/4012 4049/4160/3966
f 4097/4216/4012 4098/4217/4013 4050/4161/3967
f 4098/4217/4013 4099/4218/4014 4051/4163/3968
f 4099/4218/4014 4100/4219/4015 4052/4164/3969
f 4100/4219/4015 4101/4220/4016 4053/4165/3970
f 4101/4220/4016 4102/4222/4017 4054/4221/3971
f 4102/4222/4017 4103/4223/4018 4055/4167/3972
f 4103/4223/4018 4104/4224/4019 4056/4168/3973
f 4104/4224/4019 4105/4273/1675 4057/4225/1627
f 4105/4226/1675 4106/4228/4020 4058/4171/3974
f 4106/4228/4020 4107/4229/4021 4059/4173/3975
f 4107/4229/4021 4108/4230/4022 4060/4174/3976
f 4108/4230/4022 4109/4276/4023 4061/4175/3977
f 4061/4175/3977 4109/4276/4023 4110/4231/4024
f 4062/4177/3978 4110/4231/4024 4111/4232/4025
f 4063/4178/3979 4111/4232/4025 4112/4233/4026
f 4112/4233/4026 4113/4280/4027 4065/4181/3981
f 4065/4181/3981 4113/4280/4027 4114/4234/4028
f 4114/4234/4028 4115/4235/4029 4067/4183/3983
f 4115/4235/4029 4116/4236/4030 4068/4185/3984
f 4116/4236/4030 4117/4237/4031 4069/4186/3985
f 4117/4237/4031 4118/4284/4032 4070/4187/3986
f 4070/4187/3986 4118/4284/4032 4119/4238/4033
f 4119/4238/4033 4120/4239/4034 4072/4190/3988
f 4120/4239/4034 4121/4288/4035 4073/4191/3989
f 4073/4191/3989 4121/4288/4035 4122/4240/4036
f 4122/4240/4036 4123/4241/4037 4075/4194/3991
f 4123/4241/4037 4124/4242/4038 4076/4195/3992
f 4124/4242/4038 4125/4243/4039 4077/4196/3993
f 4125/4243/4039 4126/4292/4040 4078/4244/3994
f 4078/4244/3994 4126/4292/4040 4127/4245/4041
f 4127/4245/4041 4128/4246/4042 4080/4199/3996
f 4128/4246/4042 4081/4200/1699 4033/4144/1651
f 4129/4247/1747 4130/4249/4043 4082/4248/3997
f 4130/4249/4043 4131/4250/4044 4083/4201/3998
f 4131/4250/4044 4132/4251/4045 4084/4203/3999
f 4132/4251/4045 4133/4252/4046 4085/4204/4000
f 4133/4252/4046 4134/4253/4047 4086/4205/4001
f 4134/4253/4047 4135/4254/4048 4087/4207/4002
f 4135/4254/4048 4136/4255/4049 4088/4208/4003
f 4136/4255/4049 4137/4257/4050 4089/4256/4004
f 4137/4257/4050 4138/4258/4051 4090/4209/4005
f 4138/4258/4051 4139/4259/4052 4091/4210/4006
f 4139/4259/4052 4140/4261/4053 4092/4260/4007
f 4140/4261/4053 4141/4305/4054 4093/4212/4008
f 4093/4212/4008 4141/4305/4054 4142/4262/4055
f 4142/4262/4055 4143/4264/4056 4095/4263/4010
f 4143/4264/4056 4144/4265/4057 4096/4215/4011
f 4144/4265/4057 4145/4266/4058 4097/4216/4012
f 4145/4266/4058 4146/4311/4059 4098/4217/4013
f 4098/4217/4013 4146/4311/4059 4147/4267/4060
f 4147/4267/4060 4148/4268/4061 4100/4219/4015
f 4148/4268/4061 4149/4269/4062 4101/4220/4016
f 4149/4269/4062 4150/4270/4063 4102/4222/4017
f 4150/4270/4063 4151/4271/4064 4103/4223/4018
f 4151/4271/4064 4152/4272/4065 4104/4224/4019
f 4152/4272/4065 4153/4317/1723 4105/4273/1675
f 4105/4226/1675 4153/4319/1723 4154/4274/4066
f 4154/4274/4066 4155/4321/4067 4107/4229/4021
f 4107/4229/4021 4155/4321/4067 4156/4275/4068
f 4156/4275/4068 4157/4323/4069 4109/4276/4023
f 4109/4276/4023 4157/4323/4069 4158/4277/4070
f 4110/4231/4024 4158/4277/4070 4159/4278/4071
f 4159/4278/4071 4160/4327/4072 4112/4233/4026
f 4112/4233/4026 4160/4327/4072 4161/4279/4073
f 4161/4279/4073 4162/4330/4074 4114/4234/4028
f 4114/4234/4028 4162/4330/4074 4163/4281/4075
f 4115/4235/4029 4163/4281/4075 4164/4282/4076
f 4164/4282/4076 4165/4334/4077 4117/4237/4031
f 4117/4237/4031 4165/4334/4077 4166/4283/4078
f 4118/4284/4032 4166/4283/4078 4167/4285/4079
f 4119/4238/4033 4167/4285/4079 4168/4286/4080
f 4120/4239/4034 4168/4286/4080 4169/4287/4081
f 4169/4287/4081 4170/4340/4082 4122/4240/4036
f 4122/4240/4036 4170/4340/4082 4171/4289/4083
f 4123/4241/4037 4171/4289/4083 4172/4290/4084
f 4124/4242/4038 4172/4290/4084 4173/4291/4085
f 4173/4291/4085 4174/4345/4086 4126/4292/4040
f 4126/4292/4040 4174/4345/4086 4175/4293/4087
f 4127/4245/4041 4175/4293/4087 4176/4294/4088
f 4128/4246/4042 4176/4294/4088 4129/4247/1747
f 4129/4247/1747 4177/4349/1795 4178/4295/4089
f 4130/4249/4043 4178/4295/4089 4179/4296/4090
f 4131/4250/4044 4179/4296/4090 4180/4297/4091
f 4180/4297/4091 4181/4352/4092 4133/4252/4046
f 4133/4252/4046 4181/4352/4092 4182/4298/4093
f 4134/4253/4047 4182/4298/4093 4183/4299/4094
f 4135/4254/4048 4183/4299/4094 4184/4300/4095
f 4136/4255/4049 4184/4300/4095 4185/4301/4096
f 4137/4257/4050 4185/4301/4096 4186/4302/4097
f 4138/4258/4051 4186/4302/4097 4187/4303/4098
f 4139/4259/4052 4187/4303/4098 4188/4304/4099
f 4188/4304/4099 4189/4361/4100 4141/4305/4054
f 4141/4305/4054 4189/4361/4100 4190/4306/4101
f 4142/4262/4055 4190/4306/4101 4191/4307/4102
f 4143/4264/4056 4191/4307/4102 4192/4308/4103
f 4144/4265/4057 4192/4308/4103 4193/4309/4104
f 4145/4266/4058 4193/4309/4104 4194/4310/4105
f 4146/4311/4059 4194/4310/4105 4195/4312/4106
f 4147/4267/4060 4195/4312/4106 4196/4313/4107
f 4196/4313/4107 4197/4370/4108 4149/4269/4062
f 4149/4269/4062 4197/4370/4108 4198/4314/4109
f 4198/4314/4109 4199/4373/4110 4151/4271/4064
f 4151/4271/4064 4199/4373/4110 4200/4315/4111
f 4152/4272/4065 4200/4315/4111 4201/4316/1771
f 4201/4318/1771 4202/4320/4112 4154/4274/4066
f 4202/4320/4112 4203/4377/4113 4155/4321/4067
f 4155/4321/4067 4203/4377/4113 4204/4322/4114
f 4204/4322/4114 4205/4324/4115 4157/4323/4069
f 4205/4324/4115 4206/4325/4116 4158/4277/4070
f 4206/4325/4116 4207/4326/4117 4159/4278/4071
f 4207/4326/4117 4208/4328/4118 4160/4327/4072
f 4208/4328/4118 4209/4329/4119 4161/4279/4073
f 4209/4329/4119 4210/4331/4120 4162/4330/4074
f 4210/4331/4120 4211/4332/4121 4163/4281/4075
f 4211/4332/4121 4212/4333/4122 4164/4282/4076
f 4212/4333/4122 4213/4335/4123 4165/4334/4077
f 4213/4335/4123 4214/4336/4124 4166/4283/4078
f 4214/4336/4124 4215/4337/4125 4167/4285/4079
f 4215/4337/4125 4216/4338/4126 4168/4286/4080
f 4216/4338/4126 4217/4339/4127 4169/4287/4081
f 4217/4339/4127 4218/4341/4128 4170/4340/4082
f 4218/4341/4128 4219/4342/4129 4171/4289/4083
f 4219/4342/4129 4220/4343/4130 4172/4290/4084
f 4220/4343/4130 4221/4392/4131 4173/4291/4085
f 4173/4291/4085 4221/4392/4131 4222/4344/4132
f 4222/4344/4132 4223/4346/4133 4175/4293/4087
f 4223/4346/4133 4224/4347/4134 4176/4294/4088
f 4224/4347/4134 4177/4349/1795 4129/4247/1747
f 4225/4348/1843 4226/4350/4135 4178/4295/4089
f 4226/4350/4135 4227/4398/4136 4179/4296/4090
f 4179/4296/4090 4227/4398/4136 4228/4351/4137
f 4228/4351/4137 4229/4353/4138 4181/4352/4092
f 4229/4353/4138 4230/4354/4139 4182/4298/4093
f 4230/4354/4139 4231/4355/4140 4183/4299/4094
f 4231/4355/4140 4232/4356/4141 4184/4300/4095
f 4232/4356/4141 4233/4357/4142 4185/4301/4096
f 4233/4357/4142 4234/4358/4143 4186/4302/4097
f 4234/4358/4143 4235/4359/4144 4187/4303/4098
f 4235/4359/4144 4236/4360/4145 4188/4304/4099
f 4236/4360/4145 4237/4362/4146 4189/4361/4100
f 4237/4362/4146 4238/4363/4147 4190/4306/4101
f 4238/4363/4147 4239/4364/4148 4191/4307/4102
f 4239/4364/4148 4240/4365/4149 4192/4308/4103
f 4240/4365/4149 4241/4366/4150 4193/4309/4104
f 4241/4366/4150 4242/4367/4151 4194/4310/4105
f 4242/4367/4151 4243/4368/4152 4195/4312/4106
f 4243/4368/4152 4244/4369/4153 4196/4313/4107
f 4244/4369/4153 4245/4371/4154 4197/4370/4108
f 4245/4371/4154 4246/4372/4155 4198/4314/4109
f 4246/4372/4155 4247/4413/4156 4199/4373/4110
f 4199/4373/4110 4247/4413/4156 4248/4374/4157
f 4248/4374/4157 4249/4416/1819 4201/4316/1771
f 4249/4375/1819 4250/4376/4158 4202/4320/4112
f 4250/4376/4158 4251/4419/4159 4203/4377/4113
f 4203/4377/4113 4251/4419/4159 4252/4378/4160
f 4204/4322/4114 4252/4378/4160 4253/4379/4161
f 4205/4324/4115 4253/4379/4161 4254/4380/4162
f 4206/4325/4116 4254/4380/4162 4255/4381/4163
f 4255/4381/4163 4256/4424/4164 4208/4328/4118
f 4208/4328/4118 4256/4424/4164 4257/4382/4165
f 4209/4329/4119 4257/4382/4165 4258/4383/4166
f 4258/4383/4166 4259/4427/4167 4211/4332/4121
f 4211/4332/4121 4259/4427/4167 4260/4384/4168
f 4212/4333/4122 4260/4384/4168 4261/4385/4169
f 4261/4385/4169 4262/4386/4170 4214/4336/4124
f 4262/4386/4170 4263/4431/4171 4215/4337/4125
f 4215/4337/4125 4263/4431/4171 4264/4387/4172
f 4264/4387/4172 4265/4433/4173 4217/4339/4127
f 4217/4339/4127 4265/4433/4173 4266/4388/4174
f 4218/4341/4128 4266/4388/4174 4267/4389/4175
f 4219/4342/4129 4267/4389/4175 4268/4390/4176
f 4220/4343/4130 4268/4390/4176 4269/4391/4177
f 4221/4392/4131 4269/4391/4177 4270/4393/4178
f 4270/4393/4178 4271/4394/4179 4223/4346/4133
f 4271/4394/4179 4272/4395/4180 4224/4347/4134
f 4272/4395/4180 4225/4348/1843 4177/4349/1795
f 4273/4396/1891 4274/4442/4181 4226/4350/4135
f 4226/4350/4135 4274/4442/4181 4275/4397/4182
f 4275/4397/4182 4276/4399/4183 4228/4351/4137
f 4276/4399/4183 4277/4446/4184 4229/4353/4138
f 4229/4353/4138 4277/4446/4184 4278/4400/4185
f 4230/4354/4139 4278/4400/4185 4279/4401/4186
f 4231/4355/4140 4279/4401/4186 4280/4402/4187
f 4232/4356/4141 4280/4402/4187 4281/4403/4188
f 4281/4403/4188 4282/4450/4189 4234/4358/4143
f 4234/4358/4143 4282/4450/4189 4283/4404/4190
f 4283/4404/4190 4284/4405/4191 4236/4360/4145
f 4284/4405/4191 4285/4454/4192 4237/4362/4146
f 4237/4362/4146 4285/4454/4192 4286/4406/4193
f 4286/4406/4193 4287/4456/4194 4239/4364/4148
f 4239/4364/4148 4287/4456/4194 4288/4407/4195
f 4240/4365/4149 4288/4407/4195 4289/4408/4196
f 4241/4366/4150 4289/4408/4196 4290/4409/4197
f 4290/4409/4197 4291/4460/4198 4243/4368/4152
f 4243/4368/4152 4291/4460/4198 4292/4410/4199
f 4244/4369/4153 4292/4410/4199 4293/4411/4200
f 4245/4371/4154 4293/4411/4200 4294/4412/4201
f 4294/4412/4201 4295/4414/4202 4247/4413/4156
f 4295/4414/4202 4296/4465/4203 4248/4374/4157
f 4248/4374/4157 4296/4465/4203 4297/4415/1867
f 4297/4417/1867 4298/4468/4204 4250/4376/4158
f 4250/4376/4158 4298/4468/4204 4299/4418/4205
f 4299/4418/4205 4300/4420/4206 4252/4378/4160
f 4300/4420/4206 4301/4421/4207 4253/4379/4161
f 4301/4421/4207 4302/4422/4208 4254/4380/4162
f 4302/4422/4208 4303/4474/4209 4255/4381/4163
f 4255/4381/4163 4303/4474/4209 4304/4423/4210
f 4304/4423/4210 4305/4425/4211 4257/4382/4165
f 4305/4425/4211 4306/4426/4212 4258/4383/4166
f 4306/4426/4212 4307/4478/4213 4259/4427/4167
f 4259/4427/4167 4307/4478/4213 4308/4428/4214
f 4308/4428/4214 4309/4480/4215 4261/4385/4169
f 4261/4385/4169 4309/4480/4215 4310/4429/4216
f 4262/4386/4170 4310/4429/4216 4311/4430/4217
f 4311/4430/4217 4312/4432/4218 4264/4387/4172
f 4312/4432/4218 4313/4434/4219 4265/4433/4173
f 4313/4434/4219 4314/4435/4220 4266/4388/4174
f 4314/4435/4220 4315/4436/4221 4267/4389/4175
f 4315/4436/4221 4316/4437/4222 4268/4390/4176
f 4316/4437/4222 4317/4488/4223 4269/4391/4177
f 4269/4391/4177 4317/4488/4223 4318/4438/4224
f 4270/4393/4178 4318/4438/4224 4319/4439/4225
f 4319/4439/4225 4320/4440/4226 4272/4395/4180
f 4320/4440/4226 4273/4396/1891 4225/4348/1843
f 4321/4441/1939 4322/4443/4227 4274/4442/4181
f 4322/4443/4227 4323/4444/4228 4275/4397/4182
f 4323/4444/4228 4324/4493/4229 4276/4399/4183
f 4276/4399/4183 4324/4493/4229 4325/4445/4230
f 4325/4445/4230 4326/4495/4231 4278/4400/4185
f 4278/4400/4185 4326/4495/4231 4327/4447/4232
f 4279/4401/4186 4327/4447/4232 4328/4448/4233
f 4328/4448/4233 4329/4449/4234 4281/4403/4188
f 4329/4449/4234 4330/4451/4235 4282/4450/4189
f 4330/4451/4235 4331/4452/4236 4283/4404/4190
f 4331/4452/4236 4332/4500/4237 4284/4405/4191
f 4284/4405/4191 4332/4500/4237 4333/4453/4238
f 4285/4454/4192 4333/4453/4238 4334/4455/4239
f 4334/4455/4239 4335/4457/4240 4287/4456/4194
f 4335/4457/4240 4336/4504/4241 4288/4407/4195
f 4288/4407/4195 4336/4504/4241 4337/4458/4242
f 4337/4458/4242 4338/4459/4243 4290/4409/4197
f 4338/4459/4243 4339/4506/4244 4291/4460/4198
f 4291/4460/4198 4339/4506/4244 4340/4461/4245
f 4292/4410/4199 4340/4461/4245 4341/4462/4246
f 4293/4411/4200 4341/4462/4246 4342/4463/4247
f 4294/4412/4201 4342/4463/4247 4343/4464/4248
f 4343/4464/4248 4344/4466/4249 4296/4465/4203
f 4344/4466/4249 4345/4511/1915 4297/4415/1867
f 4345/4467/1915 4346/4469/4250 4298/4468/4204
f 4346/4469/4250 4347/4470/4251 4299/4418/4205
f 4347/4470/4251 4348/4471/4252 4300/4420/4206
f 4348/4471/4252 4349/4472/4253 4301/4421/4207
f 4349/4472/4253 4350/4473/4254 4302/4422/4208
f 4350/4473/4254 4351/4516/4255 4303/4474/4209
f 4303/4474/4209 4351/4516/4255 4352/4475/4256
f 4352/4475/4256 4353/4476/4257 4305/4425/4211
f 4353/4476/4257 4354/4477/4258 4306/4426/4212
f 4354/4477/4258 4355/4519/4259 4307/4478/4213
f 4307/4478/4213 4355/4519/4259 4356/4479/4260
f 4356/4479/4260 4357/4481/4261 4309/4480/4215
f 4357/4481/4261 4358/4522/4262 4310/4429/4216
f 4310/4429/4216 4358/4522/4262 4359/4482/4263
f 4359/4482/4263 4360/4525/4264 4312/4432/4218
f 4312/4432/4218 4360/4525/4264 4361/4483/4265
f 4313/4434/4219 4361/4483/4265 4362/4484/4266
f 4314/4435/4220 4362/4484/4266 4363/4485/4267
f 4315/4436/4221 4363/4485/4267 4364/4486/4268
f 4316/4437/4222 4364/4486/4268 4365/4487/4269
f 4365/4487/4269 4366/4489/4270 4318/4438/4224
f 4366/4489/4270 4367/4532/4271 4319/4439/4225
f 4319/4439/4225 4367/4532/4271 4368/4490/4272
f 4320/4440/4226 4368/4490/4272 4321/4441/1939
f 4321/4441/1939 4369/4535/1987 4370/4491/4273
f 4370/4491/4273 4371/4492/4274 4323/4444/4228
f 4371/4492/4274 4372/4538/4275 4324/4493/4229
f 4324/4493/4229 4372/4538/4275 4373/4494/4276
f 4373/4494/4276 4374/4540/4277 4326/4495/4231
f 4326/4495/4231 4374/4540/4277 4375/4496/4278
f 4327/4447/4232 4375/4496/4278 4376/4497/4279
f 4376/4497/4279 4377/4498/4280 4329/4449/4234
f 4377/4498/4280 4378/4544/4281 4330/4451/4235
f 4330/4451/4235 4378/4544/4281 4379/4499/4282
f 4379/4499/4282 4380/4501/4283 4332/4500/4237
f 4380/4501/4283 4381/4547/4284 4333/4453/4238
f 4333/4453/4238 4381/4547/4284 4382/4502/4285
f 4382/4502/4285 4383/4549/4286 4335/4457/4240
f 4335/4457/4240 4383/4549/4286 4384/4503/4287
f 4384/4503/4287 4385/4551/4288 4337/4458/4242
f 4337/4458/4242 4385/4551/4288 4386/4505/4289
f 4386/4505/4289 4387/4554/4290 4339/4506/4244
f 4339/4506/4244 4387/4554/4290 4388/4507/4291
f 4388/4507/4291 4389/4557/4292 4341/4462/4246
f 4341/4462/4246 4389/4557/4292 4390/4508/4293
f 4390/4508/4293 4391/4509/4294 4343/4464/4248
f 4391/4509/4294 4392/4560/4295 4344/4466/4249
f 4344/4466/4249 4392/4560/4295 4393/4510/1963
f 4393/4512/1963 4394/4513/4296 4346/4469/4250
f 4394/4513/4296 4395/4564/4297 4347/4470/4251
f 4347/4470/4251 4395/4564/4297 4396/4514/4298
f 4396/4514/4298 4397/4566/4299 4349/4472/4253
f 4349/4472/4253 4397/4566/4299 4398/4515/4300
f 4398/4515/4300 4399/4569/4301 4351/4516/4255
f 4351/4516/4255 4399/4569/4301 4400/4517/4302
f 4400/4517/4302 4401/4572/4303 4353/4476/4257
f 4353/4476/4257 4401/4572/4303 4402/4518/4304
f 4402/4518/4304 4403/4574/4305 4355/4519/4259
f 4355/4519/4259 4403/4574/4305 4404/4520/4306
f 4404/4520/4306 4405/4521/4307 4357/4481/4261
f 4405/4521/4307 4406/4523/4308 4358/4522/4262
f 4406/4523/4308 4407/4524/4309 4359/4482/4263
f 4407/4524/4309 4408/4578/4310 4360/4525/4264
f 4360/4525/4264 4408/4578/4310 4409/4526/4311
f 4361/4483/4265 4409/4526/4311 4410/4527/4312
f 4410/4527/4312 4411/4528/4313 4363/4485/4267
f 4411/4528/4313 4412/4529/4314 4364/4486/4268
f 4412/4529/4314 4413/4530/4315 4365/4487/4269
f 4413/4530/4315 4414/4531/4316 4366/4489/4270
f 4414/4531/4316 4415/4584/4317 4367/4532/4271
f 4367/4532/4271 4415/4584/4317 4416/4533/4318
f 4416/4533/4318 4369/4535/1987 4321/4441/1939
f 4417/4534/2035 4418/4536/4319 4370/4491/4273
f 4418/4536/4319 4419/4537/4320 4371/4492/4274
f 4419/4537/4320 4420/4589/4321 4372/4538/4275
f 4372/4538/4275 4420/4589/4321 4421/4539/4322
f 4421/4539/4322 4422/4541/4323 4374/4540/4277
f 4422/4541/4323 4423/4542/4324 4375/4496/4278
f 4423/4542/4324 4424/4593/4325 4376/4497/4279
f 4376/4497/4279 4424/4593/4325 4425/4543/4326
f 4425/4543/4326 4426/4596/4327 4378/4544/4281
f 4378/4544/4281 4426/4596/4327 4427/4545/4328
f 4427/4545/4328 4428/4599/4329 4380/4501/4283
f 4380/4501/4283 4428/4599/4329 4429/4546/4330
f 4381/4547/4284 4429/4546/4330 4430/4548/4331
f 4430/4548/4331 4431/4601/4332 4383/4549/4286
f 4383/4549/4286 4431/4601/4332 4432/4550/4333
f 4432/4550/4333 4433/4552/4334 4385/4551/4288
f 4433/4552/4334 4434/4553/4335 4386/4505/4289
f 4434/4553/4335 4435/4555/4336 4387/4554/4290
f 4435/4555/4336 4436/4606/4337 4388/4507/4291
f 4388/4507/4291 4436/4606/4337 4437/4556/4338
f 4389/4557/4292 4437/4556/4338 4438/4558/4339
f 4438/4558/4339 4439/4559/4340 4391/4509/4294
f 4439/4559/4340 4440/4561/4341 4392/4560/4295
f 4440/4561/4341 4441/4611/2011 4393/4510/1963
f 4441/4562/2011 4442/4613/4342 4394/4513/4296
f 4394/4513/4296 4442/4613/4342 4443/4563/4343
f 4443/4563/4343 4444/4565/4344 4396/4514/4298
f 4444/4565/4344 4445/4567/4345 4397/4566/4299
f 4445/4567/4345 4446/4568/4346 4398/4515/4300
f 4446/4568/4346 4447/4619/4347 4399/4569/4301
f 4399/4569/4301 4447/4619/4347 4448/4570/4348
f 4400/4517/4302 4448/4570/4348 4449/4571/4349
f 4401/4572/4303 4449/4571/4349 4450/4573/4350
f 4450/4573/4350 4451/4623/4351 4403/4574/4305
f 4403/4574/4305 4451/4623/4351 4452/4575/4352
f 4452/4575/4352 4453/4576/4353 4405/4521/4307
f 4453/4576/4353 4454/4626/4354 4406/4523/4308
f 4406/4523/4308 4454/4626/4354 4455/4577/4355
f 4455/4577/4355 4456/4628/4356 4408/4578/4310
f 4408/4578/4310 4456/4628/4356 4457/4579/4357
f 4457/4579/4357 4458/4580/4358 4410/4527/4312
f 4458/4580/4358 4459/4632/4359 4411/4528/4313
f 4411/4528/4313 4459/4632/4359 4460/4581/4360
f 4460/4581/4360 4461/4582/4361 4413/4530/4315
f 4461/4582/4361 4462/4636/4362 4414/4531/4316
f 4414/4531/4316 4462/4636/4362 4463/4583/4363
f 4463/4583/4363 4464/4585/4364 4416/4533/4318
f 4464/4585/4364 4417/4534/2035 4369/4535/1987
f 4465/4586/2083 4466/4587/4365 4418/4536/4319
f 4466/4587/4365 4467/4641/4366 4419/4537/4320
f 4419/4537/4320 4467/4641/4366 4468/4588/4367
f 4468/4588/4367 4469/4590/4368 4421/4539/4322
f 4469/4590/4368 4470/4591/4369 4422/4541/4323
f 4470/4591/4369 4471/4592/4370 4423/4542/4324
f 4471/4592/4370 4472/4645/4371 4424/4593/4325
f 4424/4593/4325 4472/4645/4371 4473/4594/4372
f 4425/4543/4326 4473/4594/4372 4474/4595/4373
f 4426/4596/4327 4474/4595/4373 4475/4597/4374
f 4427/4545/4328 4475/4597/4374 4476/4598/4375
f 4476/4598/4375 4477/4650/4376 4429/4546/4330
f 4429/4546/4330 4477/4650/4376 4478/4600/4377
f 4478/4600/4377 4479/4652/4378 4431/4601/4332
f 4431/4601/4332 4479/4652/4378 4480/4602/4379
f 4432/4550/4333 4480/4602/4379 4481/4603/4380
f 4481/4603/4380 4482/4604/4381 4434/4553/4335
f 4482/4604/4381 4483/4605/4382 4435/4555/4336
f 4483/4605/4382 4484/4607/4383 4436/4606/4337
f 4484/4607/4383 4485/4657/4384 4437/4556/4338
f 4437/4556/4338 4485/4657/4384 4486/4608/4385
f 4438/4558/4339 4486/4608/4385 4487/4609/4386
f 4487/4609/4386 4488/4610/4387 4440/4561/4341
f 4488/4610/4387 4489/4661/2059 4441/4611/2011
f 4489/4612/2059 4490/4614/4388 4442/4613/4342
f 4490/4614/4388 4491/4615/4389 4443/4563/4343
f 4491/4615/4389 4492/4616/4390 4444/4565/4344
f 4492/4616/4390 4493/4665/4391 4445/4567/4345
f 4445/4567/4345 4493/4665/4391 4494/4617/4392
f 4446/4568/4346 4494/4617/4392 4495/4618/4393
f 4447/4619/4347 4495/4618/4393 4496/4620/4394
f 4448/4570/4348 4496/4620/4394 4497/4621/4395
f 4497/4621/4395 4498/4622/4396 4450/4573/4350
f 4498/4622/4396 4499/4671/4397 4451/4623/4351
f 4451/4623/4351 4499/4671/4397 4500/4624/4398
f 4500/4624/4398 4501/4673/4399 4453/4576/4353
f 4453/4576/4353 4501/4673/4399 4502/4625/4400
f 4502/4625/4400 4503/4627/4401 4455/4577/4355
f 4503/4627/4401 4504/4629/4402 4456/4628/4356
f 4504/4629/4402 4505/4630/4403 4457/4579/4357
f 4505/4630/4403 4506/4631/4404 4458/4580/4358
f 4506/4631/4404 4507/4633/4405 4459/4632/4359
f 4507/4633/4405 4508/4634/4406 4460/4581/4360
f 4508/4634/4406 4509/4635/4407 4461/4582/4361
f 4509/4635/4407 4510/4637/4408 4462/4636/4362
f 4510/4637/4408 4511/4681/4409 4463/4583/4363
f 4463/4583/4363 4511/4681/4409 4512/4638/4410
f 4512/4638/4410 4465/4586/2083 4417/4534/2035
f 4513/4639/2131 4514/4640/4411 4466/4587/4365
f 4514/4640/4411 4515/4685/4412 4467/4641/4366
f 4467/4641/4366 4515/4685/4412 4516/4642/4413
f 4516/4642/4413 4517/4688/4414 4469/4590/4368
f 4469/4590/4368 4517/4688/4414 4518/4643/4415
f 4470/4591/4369 4518/4643/4415 4519/4644/4416
f 4519/4644/4416 4520/4646/4417 4472/4645/4371
f 4520/4646/4417 4521/4692/4418 4473/4594/4372
f 4473/4594/4372 4521/4692/4418 4522/4647/4419
f 4474/4595/4373 4522/4647/4419 4523/4648/4420
f 4475/4597/4374 4523/4648/4420 4524/4649/4421
f 4524/4649/4421 4525/4697/4422 4477/4650/4376
f 4477/4650/4376 4525/4697/4422 4526/4651/4423
f 4526/4651/4423 4527/4699/4424 4479/4652/4378
f 4479/4652/4378 4527/4699/4424 4528/4653/4425
f 4480/4602/4379 4528/4653/4425 4529/4654/4426
f 4481/4603/4380 4529/4654/4426 4530/4655/4427
f 4530/4655/4427 4531/4703/4428 4483/4605/4382
f 4483/4605/4382 4531/4703/4428 4532/4656/4429
f 4532/4656/4429 4533/4705/4430 4485/4657/4384
f 4485/4657/4384 4533/4705/4430 4534/4658/4431
f 4534/4658/4431 4535/4659/4432 4487/4609/4386
f 4535/4659/4432 4536/4660/4433 4488/4610/4387
f 4536/4660/4433 4537/4709/2107 4489/4661/2059
f 4489/4612/2059 4537/4710/2107 4538/4662/4434
f 4538/4662/4434 4539/4663/4435 4491/4615/4389
f 4539/4663/4435 4540/4664/4436 4492/4616/4390
f 4540/4664/4436 4541/4666/4437 4493/4665/4391
f 4541/4666/4437 4542/4667/4438 4494/4617/4392
f 4542/4667/4438 4543/4715/4439 4495/4618/4393
f 4495/4618/4393 4543/4715/4439 4544/4668/4440
f 4544/4668/4440 4545/4669/4441 4497/4621/4395
f 4545/4669/4441 4546/4670/4442 4498/4622/4396
f 4546/4670/4442 4547/4718/4443 4499/4671/4397
f 4499/4671/4397 4547/4718/4443 4548/4672/4444
f 4548/4672/4444 4549/4720/4445 4501/4673/4399
f 4501/4673/4399 4549/4720/4445 4550/4674/4446
f 4550/4674/4446 4551/4675/4447 4503/4627/4401
f 4551/4675/4447 4552/4676/4448 4504/4629/4402
f 4552/4676/4448 4553/4724/4449 4505/4630/4403
f 4505/4630/4403 4553/4724/4449 4554/4677/4450
f 4506/4631/4404 4554/4677/4450 4555/4678/4451
f 4555/4678/4451 4556/4679/4452 4508/4634/4406
f 4556/4679/4452 4557/4728/4453 4509/4635/4407
f 4509/4635/4407 4557/4728/4453 4558/4680/4454
f 4558/4680/4454 4559/4682/4455 4511/4681/4409
f 4559/4682/4455 4560/4732/4456 4512/4638/4410
f 4512/4638/4410 4560/4732/4456 4513/4639/2131
f 4561/4683/2179 4562/4684/4457 4514/4640/4411
f 4562/4684/4457 4563/4686/4458 4515/4685/4412
f 4563/4686/4458 4564/4687/4459 4516/4642/4413
f 4564/4687/4459 4565/4689/4460 4517/4688/4414
f 4565/4689/4460 4566/4737/4461 4518/4643/4415
f 4518/4643/4415 4566/4737/4461 4567/4690/4462
f 4567/4690/4462 4568/4691/4463 4520/4646/4417
f 4568/4691/4463 4569/4693/4464 4521/4692/4418
f 4569/4693/4464 4570/4694/4465 4522/4647/4419
f 4570/4694/4465 4571/4742/4466 4523/4648/4420
f 4523/4648/4420 4571/4742/4466 4572/4695/4467
f 4524/4649/4421 4572/4695/4467 4573/4696/4468
f 4525/4697/4422 4573/4696/4468 4574/4698/4469
f 4574/4698/4469 4575/4700/4470 4527/4699/4424
f 4575/4700/4470 4576/4748/4471 4528/4653/4425
f 4528/4653/4425 4576/4748/4471 4577/4701/4472
f 4577/4701/4472 4578/4751/4473 4530/4655/4427
f 4530/4655/4427 4578/4751/4473 4579/4702/4474
f 4579/4702/4474 4580/4704/4475 4532/4656/4429
f 4580/4704/4475 4581/4706/4476 4533/4705/4430
f 4581/4706/4476 4582/4707/4477 4534/4658/4431
f 4582/4707/4477 4583/4757/4478 4535/4659/4432
f 4535/4659/4432 4583/4757/4478 4584/4708/4479
f 4584/4708/4479 4585/4759/2155 4537/4709/2107
f 4537/4710/2107 4585/4761/2155 4586/4711/4480
f 4586/4711/4480 4587/4763/4481 4539/4663/4435
f 4539/4663/4435 4587/4763/4481 4588/4712/4482
f 4588/4712/4482 4589/4713/4483 4541/4666/4437
f 4589/4713/4483 4590/4767/4484 4542/4667/4438
f 4542/4667/4438 4590/4767/4484 4591/4714/4485
f 4591/4714/4485 4592/4770/4486 4544/4668/4440
f 4544/4668/4440 4592/4770/4486 4593/4716/4487
f 4593/4716/4487 4594/4773/4488 4546/4670/4442
f 4546/4670/4442 4594/4773/4488 4595/4717/4489
f 4547/4718/4443 4595/4717/4489 4596/4719/4490
f 4596/4719/4490 4597/4721/4491 4549/4720/4445
f 4597/4721/4491 4598/4722/4492 4550/4674/4446
f 4598/4722/4492 4599/4778/4493 4551/4675/4447
f 4551/4675/4447 4599/4778/4493 4600/4723/4494
f 4600/4723/4494 4601/4781/4495 4553/4724/4449
f 4553/4724/4449 4601/4781/4495 4602/4725/4496
f 4554/4677/4450 4602/4725/4496 4603/4726/4497
f 4555/4678/4451 4603/4726/4497 4604/4727/4498
f 4604/4727/4498 4605/4729/4499 4557/4728/4453
f 4605/4729/4499 4606/4730/4500 4558/4680/4454
f 4606/4730/4500 4607/4786/4501 4559/4682/4455
f 4559/4682/4455 4607/4786/4501 4608/4731/4502
f 4608/4731/4502 4561/4683/2179 4513/4639/2131
f 4561/4683/2179 4609/4789/2227 4610/4733/4503
f 4610/4733/4503 4611/4734/4504 4563/4686/4458
f 4611/4734/4504 4612/4735/4505 4564/4687/4459
f 4612/4735/4505 4613/4736/4506 4565/4689/4460
f 4613/4736/4506 4614/4738/4507 4566/4737/4461
f 4614/4738/4507 4615/4739/4508 4567/4690/4462
f 4615/4739/4508 4616/4740/4509 4568/4691/4463
f 4616/4740/4509 4617/4795/4510 4569/4693/4464
f 4569/4693/4464 4617/4795/4510 4618/4741/4511
f 4618/4741/4511 4619/4743/4512 4571/4742/4466
f 4619/4743/4512 4620/4744/4513 4572/4695/4467
f 4620/4744/4513 4621/4745/4514 4573/4696/4468
f 4621/4745/4514 4622/4746/4515 4574/4698/4469
f 4622/4746/4515 4623/4747/4516 4575/4700/4470
f 4623/4747/4516 4624/4749/4517 4576/4748/4471
f 4624/4749/4517 4625/4750/4518 4577/4701/4472
f 4625/4750/4518 4626/4752/4519 4578/4751/4473
f 4626/4752/4519 4627/4753/4520 4579/4702/4474
f 4627/4753/4520 4628/4754/4521 4580/4704/4475
f 4628/4754/4521 4629/4755/4522 4581/4706/4476
f 4629/4755/4522 4630/4756/4523 4582/4707/4477
f 4630/4756/4523 4631/4809/4524 4583/4757/4478
f 4583/4757/4478 4631/4809/4524 4632/4758/4525
f 4632/4758/4525 4633/4812/2203 4585/4759/2155
f 4633/4760/2203 4634/4762/4526 4586/4711/4480
f 4634/4762/4526 4635/4764/4527 4587/4763/4481
f 4635/4764/4527 4636/4816/4528 4588/4712/4482
f 4588/4712/4482 4636/4816/4528 4637/4765/4529
f 4589/4713/4483 4637/4765/4529 4638/4766/4530
f 4590/4767/4484 4638/4766/4530 4639/4768/4531
f 4591/4714/4485 4639/4768/4531 4640/4769/4532
f 4592/4770/4486 4640/4769/4532 4641/4771/4533
f 4593/4716/4487 4641/4771/4533 4642/4772/4534
f 4594/4773/4488 4642/4772/4534 4643/4774/4535
f 4595/4717/4489 4643/4774/4535 4644/4775/4536
f 4596/4719/4490 4644/4775/4536 4645/4776/4537
f 4597/4721/4491 4645/4776/4537 4646/4777/4538
f 4646/4777/4538 4647/4826/4539 4599/4778/4493
f 4599/4778/4493 4647/4826/4539 4648/4779/4540
f 4600/4723/4494 4648/4779/4540 4649/4780/4541
f 4649/4780/4541 4650/4782/4542 4602/4725/4496
f 4650/4782/4542 4651/4830/4543 4603/4726/4497
f 4603/4726/4497 4651/4830/4543 4652/4783/4544
f 4604/4727/4498 4652/4783/4544 4653/4784/4545
f 4605/4729/4499 4653/4784/4545 4654/4785/4546
f 4654/4785/4546 4655/4834/4547 4607/4786/4501
f 4607/4786/4501 4655/4834/4547 4656/4787/4548
f 4656/4787/4548 4609/4789/2227 4561/4683/2179
f 4657/4788/2275 4658/4790/4549 4610/4733/4503
f 4658/4790/4549 4659/4839/4550 4611/4734/4504
f 4611/4734/4504 4659/4839/4550 4660/4791/4551
f 4660/4791/4551 4661/4792/4552 4613/4736/4506
f 4661/4792/4552 4662/4793/4553 4614/4738/4507
f 4662/4793/4553 4663/4843/4554 4615/4739/4508
f 4615/4739/4508 4663/4843/4554 4664/4794/4555
f 4664/4794/4555 4665/4796/4556 4617/4795/4510
f 4665/4796/4556 4666/4797/4557 4618/4741/4511
f 4666/4797/4557 4667/4798/4558 4619/4743/4512
f 4667/4798/4558 4668/4799/4559 4620/4744/4513
f 4668/4799/4559 4669/4800/4560 4621/4745/4514
f 4669/4800/4560 4670/4801/4561 4622/4746/4515
f 4670/4801/4561 4671/4850/4562 4623/4747/4516
f 4623/4747/4516 4671/4850/4562 4672/4802/4563
f 4624/4749/4517 4672/4802/4563 4673/4803/4564
f 4625/4750/4518 4673/4803/4564 4674/4804/4565
f 4626/4752/4519 4674/4804/4565 4675/4805/4566
f 4627/4753/4520 4675/4805/4566 4676/4806/4567
f 4628/4754/4521 4676/4806/4567 4677/4807/4568
f 4677/4807/4568 4678/4808/4569 4630/4756/4523
f 4678/4808/4569 4679/4810/4570 4631/4809/4524
f 4679/4810/4570 4680/4811/4571 4632/4758/4525
f 4680/4811/4571 4681/4859/2251 4633/4812/2203
f 4681/4813/2251 4682/4814/4572 4634/4762/4526
f 4682/4814/4572 4683/4862/4573 4635/4764/4527
f 4635/4764/4527 4683/4862/4573 4684/4815/4574
f 4636/4816/4528 4684/4815/4574 4685/4817/4575
f 4685/4817/4575 4686/4818/4576 4638/4766/4530
f 4686/4818/4576 4687/4819/4577 4639/4768/4531
f 4687/4819/4577 4688/4820/4578 4640/4769/4532
f 4688/4820/4578 4689/4821/4579 4641/4771/4533
f 4689/4821/4579 4690/4822/4580 4642/4772/4534
f 4690/4822/4580 4691/4823/4581 4643/4774/4535
f 4691/4823/4581 4692/4870/4582 4644/4775/4536
f 4644/4775/4536 4692/4870/4582 4693/4824/4583
f 4645/4776/4537 4693/4824/4583 4694/4825/4584
f 4694/4825/4584 4695/4827/4585 4647/4826/4539
f 4695/4827/4585 4696/4875/4586 4648/4779/4540
f 4648/4779/4540 4696/4875/4586 4697/4828/4587
f 4649/4780/4541 4697/4828/4587 4698/4829/4588
f 4698/4829/4588 4699/4878/4589 4651/4830/4543
f 4651/4830/4543 4699/4878/4589 4700/4831/4590
f 4652/4783/4544 4700/4831/4590 4701/4832/4591
f 4653/4784/4545 4701/4832/4591 4702/4833/4592
f 4702/4833/4592 4703/4835/4593 4655/4834/4547
f 4703/4835/4593 4704/4836/4594 4656/4787/4548
f 4704/4836/4594 4657/4788/2275 4609/4789/2227
f 4705/4837/2322 4706/4838/4595 4658/4790/4549
f 4706/4838/4595 4707/4840/4596 4659/4839/4550
f 4707/4840/4596 4708/4887/4597 4660/4791/4551
f 4660/4791/4551 4708/4887/4597 4709/4841/4598
f 4661/4792/4552 4709/4841/4598 4710/4842/4599
f 4710/4842/4599 4711/4844/4600 4663/4843/4554
f 4711/4844/4600 4712/4891/4601 4664/4794/4555
f 4664/4794/4555 4712/4891/4601 4713/4845/4602
f 4665/4796/4556 4713/4845/4602 4714/4846/4603
f 4714/4846/4603 4715/4893/4604 4667/4798/4558
f 4667/4798/4558 4715/4893/4604 4716/4847/4605
f 4668/4799/4559 4716/4847/4605 4717/4848/4560
f 4717/4848/4560 4718/4897/4606 4670/4801/4561
f 4670/4801/4561 4718/4897/4606 4719/4849/4607
f 4671/4850/4562 4719/4849/4607 4720/4851/4608
f 4720/4851/4608 4721/4852/4609 4673/4803/4564
f 4721/4852/4609 4722/4853/4610 4674/4804/4565
f 4722/4853/4610 4723/4854/4611 4675/4805/4566
f 4723/4854/4611 4724/4855/4612 4676/4806/4567
f 4724/4855/4612 4725/4856/4613 4677/4807/4568
f 4725/4856/4613 4726/4905/4614 4678/4808/4569
f 4678/4808/4569 4726/4905/4614 4727/4857/4615
f 4727/4857/4615 4728/4907/4616 4680/4811/4571
f 4680/4811/4571 4728/4907/4616 4729/4858/2299
f 4681/4813/2251 4729/4909/2299 4730/4860/4617
f 4682/4814/4572 4730/4860/4617 4731/4861/4618
f 4731/4861/4618 4732/4912/4619 4684/4815/4574
f 4684/4815/4574 4732/4912/4619 4733/4863/4620
f 4685/4817/4575 4733/4863/4620 4734/4864/4621
f 4686/4818/4576 4734/4864/4621 4735/4865/4622
f 4687/4819/4577 4735/4865/4622 4736/4866/4623
f 4688/4820/4578 4736/4866/4623 4737/4867/4624
f 4689/4821/4579 4737/4867/4624 4738/4868/4625
f 4738/4868/4625 4739/4869/4626 4691/4823/4581
f 4739/4869/4626 4740/4871/4627 4692/4870/4582
f 4740/4871/4627 4741/4872/4583 4693/4824/4583
f 4741/4872/4583 4742/4873/4628 4694/4825/4584
f 4742/4873/4628 4743/4922/4629 4695/4827/4585
f 4695/4827/4585 4743/4922/4629 4744/4874/4630
f 4744/4874/4630 4745/4876/4631 4697/4828/4587
f 4745/4876/4631 4746/4877/4632 4698/4829/4588
f 4746/4877/4632 4747/4879/4633 4699/4878/4589
f 4747/4879/4633 4748/4880/4634 4700/4831/4590
f 4748/4880/4634 4749/4881/4635 4701/4832/4591
f 4749/4881/4635 4750/4882/4636 4702/4833/4592
f 4750/4882/4636 4751/4883/4637 4703/4835/4593
f 4751/4883/4637 4752/4884/4638 4704/4836/4594
f 4752/4884/4638 4705/4837/2322 4657/4788/2275
f 4705/4837/2322 4753/4929/2369 4754/4885/4639
f 4754/4885/4639 4755/4886/4640 4707/4840/4596
f 4755/4886/4640 4756/4930/4641 4708/4887/4597
f 4708/4887/4597 4756/4930/4641 4757/4888/4642
f 4757/4888/4642 4758/4889/4643 4710/4842/4599
f 4758/4889/4643 4759/4931/4644 4711/4844/4600
f 4711/4844/4600 4759/4931/4644 4760/4890/4645
f 4760/4890/4645 4761/4932/4646 4713/4845/4602
f 4713/4845/4602 4761/4932/4646 4762/4892/4647
f 4762/4892/4647 4763/4894/4648 4715/4893/4604
f 4763/4894/4648 4764/4895/4649 4716/4847/4605
f 4764/4895/4649 4765/4933/4650 4717/4848/4560
f 4717/4848/4560 4765/4933/4650 4766/4896/4651
f 4718/4897/4606 4766/4896/4651 4767/4898/4652
f 4767/4898/4652 4768/4934/4653 4720/4851/4608
f 4720/4851/4608 4768/4934/4653 4769/4899/4654
f 4721/4852/4609 4769/4899/4654 4770/4900/4655
f 4722/4853/4610 4770/4900/4655 4771/4901/4656
f 4723/4854/4611 4771/4901/4656 4772/4902/4657
f 4724/4855/4612 4772/4902/4657 4773/4903/4658
f 4725/4856/4613 4773/4903/4658 4774/4904/4659
f 4774/4904/4659 4775/4935/4660 4727/4857/4615
f 4727/4857/4615 4775/4935/4660 4776/4906/4661
f 4776/4906/4661 4777/4936/2345 4729/4858/2299
f 4777/4908/2345 4778/4910/4662 4730/4860/4617
f 4778/4910/4662 4779/4937/4663 4731/4861/4618
f 4731/4861/4618 4779/4937/4663 4780/4911/4664
f 4780/4911/4664 4781/4913/4665 4733/4863/4620
f 4781/4913/4665 4782/4914/4666 4734/4864/4621
f 4782/4914/4666 4783/4915/4667 4735/4865/4622
f 4783/4915/4667 4784/4916/4668 4736/4866/4623
f 4784/4916/4668 4785/4917/4669 4737/4867/4624
f 4785/4917/4669 4786/4938/4670 4738/4868/4625
f 4738/4868/4625 4786/4938/4670 4787/4918/4671
f 4787/4918/4671 4788/4919/4672 4740/4871/4627
f 4788/4919/4672 4789/4939/4673 4741/4872/4583
f 4741/4872/4583 4789/4939/4673 4790/4920/4674
f 4742/4873/4628 4790/4920/4674 4791/4921/4675
f 4791/4921/4675 4792/4923/4676 4744/4874/4630
f 4792/4923/4676 4793/4940/4677 4745/4876/4631
f 4745/4876/4631 4793/4940/4677 4794/4924/4678
f 4794/4924/4678 4795/4941/4679 4747/4879/4633
f 4747/4879/4633 4795/4941/4679 4796/4925/4680
f 4748/4880/4634 4796/4925/4680 4797/4926/4681
f 4797/4926/4681 4798/4927/4682 4750/4882/4636
f 4798/4927/4682 4799/4942/4683 4751/4883/4637
f 4751/4883/4637 4799/4942/4683 4800/4928/4684
f 4800/4928/4684 4753/4929/2369 4705/4837/2322
f 1/3/1 2/2/2 4754/4885/4639
f 2/2/2 3/5/3 4755/4886/4640
f 3/5/3 4/7/4 4756/4930/4641
f 4/7/4 5/9/5 4757/4888/4642
f 5/9/5 6/11/6 4758/4889/4643
f 6/11/6 7/13/7 4759/4931/4644
f 7/13/7 8/15/8 4760/4890/4645
f 8/15/8 9/17/9 4761/4932/4646
f 9/17/9 10/19/10 4762/4892/4647
f 10/19/10 11/21/11 4763/4894/4648
f 4763/4894/4648 11/21/11 12/23/12
f 4764/4895/4649 12/23/12 13/25/13
f 13/25/13 14/27/14 4766/4896/4651
f 14/27/14 15/29/15 4767/4898/4652
f 15/29/15 16/30/16 4768/4934/4653
f 16/30/16 17/32/17 4769/4899/4654
f 17/32/17 18/34/18 4770/4900/4655
f 18/34/18 19/36/19 4771/4901/4656
f 19/36/19 20/38/20 4772/4902/4657
f 20/38/20 21/39/21 4773/4903/4658
f 21/39/21 22/41/22 4774/4904/4659
f 4774/4904/4659 22/41/22 23/43/23
f 4775/4935/4660 23/43/23 24/45/24
f 24/45/24 25/47/25 4777/4936/2345
f 25/50/25 26/49/26 4778/4910/4662
f 26/49/26 27/52/27 4779/4937/4663
f 27/52/27 28/54/28 4780/4911/4664
f 4780/4911/4664 28/54/28 29/55/29
f 4781/4913/4665 29/55/29 30/57/30
f 30/57/30 31/58/31 4783/4915/4667
f 31/58/31 32/60/32 4784/4916/4668
f 4784/4916/4668 32/60/32 33/62/33
f 4785/4917/4669 33/62/33 34/64/34
f 4786/4938/4670 34/64/34 35/66/35
f 4787/4918/4671 35/66/35 36/67/36
f 4788/4919/4672 36/67/36 37/69/37
f 37/69/37 38/71/38 4790/4920/4674
f 38/71/38 39/73/39 4791/4921/4675
f 39/73/39 40/75/40 4792/4923/4676
f 40/75/40 41/77/41 4793/4940/4677
f 41/77/41 42/79/42 4794/4924/4678
f 42/79/42 43/80/43 4795/4941/4679
f 43/80/43 44/82/44 4796/4925/4680
f 4796/4925/4680 44/82/44 45/83/45
f 45/83/45 46/85/46 4798/4927/4682
f 46/85/46 47/87/47 4799/4942/4683
f 4799/4942/4683 47/87/47 48/89/48
f 48/89/48 1/3/1 4753/4929/2369
