# Blender 4.4.1
# www.blender.org
mtllib mat29Cores.mtl
o torusknot
v -6.515483 0.747355 -1.996142
v -6.527717 0.681213 -2.036060
v -6.563220 0.621782 -2.072467
v -6.618518 0.574881 -2.101798
v -6.688198 0.545100 -2.121183
v -6.765438 0.535354 -2.128724
v -6.842679 0.546598 -2.123682
v -6.912358 0.577731 -2.106553
v -6.967657 0.625705 -2.079011
v -7.003160 0.685824 -2.043753
v -7.015394 0.752204 -2.004231
v -7.003160 0.818347 -1.964313
v -6.967657 0.877777 -1.927907
v -6.912358 0.924679 -1.898576
v -6.842679 0.954460 -1.879191
v -6.765438 0.964205 -1.871650
v -6.688198 0.952961 -1.876691
v -6.618518 0.921828 -1.893821
v -6.563220 0.873854 -1.921363
v -6.527717 0.813735 -1.956620
v -6.514114 0.789480 -2.066565
v -6.526364 0.723483 -2.106717
v -6.561848 0.664666 -2.144126
v -6.617092 0.618786 -2.175128
v -6.686687 0.590335 -2.196690
v -6.763823 0.582098 -2.206700
v -6.840948 0.594880 -2.204179
v -6.910511 0.627431 -2.189373
v -6.965706 0.676564 -2.163733
v -7.001128 0.737470 -2.129767
v -7.013309 0.804187 -2.090801
v -7.001059 0.870184 -2.050648
v -6.965575 0.929002 -2.013240
v -6.910332 0.974881 -1.982237
v -6.840736 1.003332 -1.960676
v -6.763600 1.011570 -1.950666
v -6.686476 0.998788 -1.953187
v -6.616912 0.966237 -1.967992
v -6.561718 0.917103 -1.993633
v -6.526296 0.856197 -2.027598
v -6.509667 0.830951 -2.136767
v -6.522018 0.765020 -2.176997
v -6.557522 0.706768 -2.215261
v -6.612702 0.661897 -2.247814
v -6.682158 0.634800 -2.271469
v -6.759090 0.628129 -2.283911
v -6.835969 0.642537 -2.283921
v -6.905269 0.676614 -2.271499
v -6.960205 0.727024 -2.247861
v -6.995401 0.788832 -2.215321
v -7.007412 0.855989 -2.177063
v -6.995061 0.921921 -2.136833
v -6.959558 0.980173 -2.098569
v -6.904377 1.025043 -2.066017
v -6.834921 1.052141 -2.042362
v -6.757988 1.058812 -2.029920
v -6.681110 1.044404 -2.029909
v -6.611811 1.010327 -2.042331
v -6.556874 0.959917 -2.065969
v -6.521678 0.898108 -2.098510
v -6.502189 0.871208 -2.206502
v -6.514785 0.805280 -2.246661
v -6.550401 0.747574 -2.285642
v -6.605549 0.703739 -2.319629
v -6.674831 0.678065 -2.345295
v -6.751467 0.673066 -2.360127
v -6.827953 0.689231 -2.362674
v -6.896803 0.724978 -2.352686
v -6.951278 0.776807 -2.331142
v -6.986044 0.839646 -2.300149
v -6.997700 0.907342 -2.262743
v -6.985104 0.973270 -2.222583
v -6.949489 1.030976 -2.183602
v -6.894341 1.074811 -2.149616
v -6.825058 1.100485 -2.123950
v -6.748423 1.105484 -2.109118
v -6.671937 1.089319 -2.106570
v -6.603086 1.053572 -2.116558
v -6.548612 1.001743 -2.138103
v -6.513844 0.938904 -2.169095
v -6.491755 0.909715 -2.275506
v -6.504795 0.843750 -2.315462
v -6.540659 0.786603 -2.355034
v -6.595837 0.743870 -2.390349
v -6.664927 0.719732 -2.417951
v -6.741167 0.716553 -2.435136
v -6.817093 0.734643 -2.440223
v -6.885273 0.772233 -2.432714
v -6.939034 0.825642 -2.413344
v -6.973113 0.889642 -2.384010
v -6.984174 0.957969 -2.347581
v -6.971134 1.023934 -2.307625
v -6.935269 1.081081 -2.268053
v -6.880091 1.123814 -2.232737
v -6.811001 1.147952 -2.205136
v -6.734761 1.151131 -2.187951
v -6.658835 1.133041 -2.182863
v -6.590654 1.095451 -2.190372
v -6.536894 1.042042 -2.209742
v -6.502815 0.978042 -2.239077
v -6.478476 0.945973 -2.343492
v -6.492200 0.879955 -2.383131
v -6.528482 0.823415 -2.423190
v -6.583772 0.781886 -2.459747
v -6.652655 0.759435 -2.489225
v -6.728390 0.758259 -2.508738
v -6.803564 0.778472 -2.516375
v -6.870816 0.818097 -2.511389
v -6.923566 0.873254 -2.494269
v -6.956648 0.938544 -2.466689
v -6.966825 1.007577 -2.431350
v -6.953101 1.073595 -2.391711
v -6.916819 1.130135 -2.351652
v -6.861530 1.171663 -2.315095
v -6.792646 1.194115 -2.285617
v -6.716911 1.195291 -2.266104
v -6.641738 1.175078 -2.258467
v -6.574485 1.135453 -2.263453
v -6.521735 1.080296 -2.280573
v -6.488653 1.015005 -2.308153
v -6.462502 0.979531 -2.410154
v -6.477180 0.913475 -2.449385
v -6.514068 0.857620 -2.489851
v -6.569554 0.817435 -2.527591
v -6.638208 0.796852 -2.558911
v -6.713309 0.797886 -2.580744
v -6.787506 0.820437 -2.590955
v -6.853535 0.862297 -2.588542
v -6.904934 0.919368 -2.573743
v -6.936671 0.986063 -2.548006
v -6.945640 1.055855 -2.513850
v -6.930962 1.121911 -2.474619
v -6.894074 1.177766 -2.434153
v -6.838588 1.217951 -2.396413
v -6.769934 1.238534 -2.365093
v -6.694833 1.237500 -2.343260
v -6.620636 1.214949 -2.333049
v -6.554607 1.173089 -2.335462
v -6.503208 1.116019 -2.350261
v -6.471471 1.049323 -2.375998
v -6.444027 1.010001 -2.475161
v -6.459940 0.943951 -2.513919
v -6.497621 0.888893 -2.554744
v -6.553380 0.850215 -2.593640
v -6.621759 0.831703 -2.626800
v -6.696065 0.835170 -2.650977
v -6.769024 0.860276 -2.663805
v -6.833495 0.904564 -2.664029
v -6.883166 0.963698 -2.651626
v -6.913176 1.031891 -2.627811
v -6.920587 1.102466 -2.594914
v -6.904674 1.168515 -2.556156
v -6.866993 1.223573 -2.515331
v -6.811234 1.262251 -2.476435
v -6.742855 1.280763 -2.443276
v -6.668549 1.277296 -2.419098
v -6.595590 1.252190 -2.406270
v -6.531119 1.207902 -2.406046
v -6.481448 1.148768 -2.418449
v -6.451438 1.080576 -2.442265
v -6.423282 1.037065 -2.538168
v -6.440710 0.971099 -2.576415
v -6.479353 0.916974 -2.617585
v -6.535431 0.879986 -2.657649
v -6.603454 0.863757 -2.692686
v -6.676762 0.869876 -2.719265
v -6.748179 0.897742 -2.734784
v -6.810717 0.944629 -2.737726
v -6.858251 1.005947 -2.727801
v -6.886130 1.075694 -2.705981
v -6.891625 1.147042 -2.674402
v -6.874197 1.213007 -2.636156
v -6.835553 1.267133 -2.594986
v -6.779476 1.304120 -2.554922
v -6.711453 1.320349 -2.519885
v -6.638145 1.314231 -2.493306
v -6.566727 1.286364 -2.477787
v -6.504190 1.239477 -2.474845
v -6.456656 1.178159 -2.484770
v -6.428776 1.108413 -2.506590
v -6.400537 1.060492 -2.598820
v -6.419735 0.994718 -2.636545
v -6.459478 0.941681 -2.678083
v -6.515876 0.906572 -2.719370
v -6.583408 0.892829 -2.756364
v -6.655463 0.901795 -2.785443
v -6.724989 0.932595 -2.803760
v -6.785179 0.982212 -2.809524
v -6.830142 1.045790 -2.802169
v -6.855476 1.117106 -2.782416
v -6.858702 1.189178 -2.752198
v -6.839503 1.254952 -2.714474
v -6.799760 1.307989 -2.672935
v -6.743362 1.343098 -2.631648
v -6.675831 1.356842 -2.594655
v -6.603776 1.347875 -2.565576
v -6.534250 1.317075 -2.547258
v -6.474060 1.267458 -2.541494
v -6.429097 1.203880 -2.548849
v -6.403763 1.132564 -2.568602
v -6.376092 1.080144 -2.656764
v -6.397280 1.014694 -2.693984
v -6.438205 0.962909 -2.735952
v -6.494864 0.929857 -2.778558
v -6.561709 0.918774 -2.817633
v -6.632197 0.930745 -2.849352
v -6.699428 0.964598 -2.870609
v -6.756822 1.017018 -2.879325
v -6.798759 1.082876 -2.874645
v -6.821136 1.155724 -2.857027
v -6.821762 1.228432 -2.828197
v -6.800574 1.293882 -2.790977
v -6.759649 1.345667 -2.749010
v -6.702990 1.378719 -2.706403
v -6.636146 1.389802 -2.667328
v -6.565657 1.377831 -2.635609
v -6.498426 1.343979 -2.614352
v -6.441032 1.291558 -2.605637
v -6.399095 1.225700 -2.610317
v -6.376718 1.152852 -2.627934
v -6.350265 1.095982 -2.711666
v -6.373606 1.031007 -2.748425
v -6.415733 0.980630 -2.790917
v -6.472520 0.949784 -2.834980
v -6.538411 0.941488 -2.876303
v -6.606954 0.956554 -2.910840
v -6.671441 0.993507 -2.935210
v -6.725558 1.048730 -2.947029
v -6.764009 1.116817 -2.945138
v -6.783029 1.191104 -2.929723
v -6.780757 1.264319 -2.902294
v -6.757416 1.329295 -2.865534
v -6.715290 1.379671 -2.823043
v -6.658502 1.410517 -2.778979
v -6.592611 1.418813 -2.737657
v -6.524068 1.403747 -2.703120
v -6.459582 1.366794 -2.678749
v -6.405465 1.311571 -2.666931
v -6.367014 1.243484 -2.668822
v -6.347993 1.169197 -2.684236
v -6.323374 1.108065 -2.763231
v -6.348971 1.043720 -2.799596
v -6.392241 0.994887 -2.842735
v -6.448949 0.966347 -2.888426
v -6.513544 0.960894 -2.932194
v -6.579702 0.979060 -2.969758
v -6.640948 1.019068 -2.997438
v -6.691287 1.077002 -3.012526
v -6.725791 1.147190 -3.013544
v -6.741082 1.222763 -3.000394
v -6.735664 1.296321 -2.974362
v -6.710067 1.360666 -2.937996
v -6.666796 1.409499 -2.894857
v -6.610088 1.438039 -2.849167
v -6.545494 1.443493 -2.805398
v -6.479335 1.425326 -2.767835
v -6.418089 1.385318 -2.740155
v -6.367750 1.327384 -2.725067
v -6.333247 1.257196 -2.724048
v -6.317955 1.181624 -2.737199
v -6.295721 1.116541 -2.811220
v -6.323605 1.052977 -2.847278
v -6.367885 1.005785 -2.891210
v -6.424227 0.979583 -2.938717
v -6.487116 0.976936 -2.985149
v -6.550396 0.998104 -3.025960
v -6.607872 1.041013 -3.057156
v -6.653919 1.101465 -3.075682
v -6.684029 1.173542 -3.079726
v -6.695253 1.250187 -3.068891
v -6.686495 1.323899 -3.044239
v -6.658611 1.387463 -3.008181
v -6.614331 1.434655 -2.964249
v -6.557989 1.460857 -2.916741
v -6.495100 1.463504 -2.870310
v -6.431820 1.442336 -2.829499
v -6.374344 1.399427 -2.798303
v -6.328297 1.338975 -2.779777
v -6.298188 1.266898 -2.775733
v -6.286963 1.190253 -2.786568
v -6.267570 1.121633 -2.855475
v -6.297702 1.058984 -2.891323
v -6.342786 1.013474 -2.936203
v -6.398408 0.989557 -2.985722
v -6.459125 0.989575 -3.035031
v -6.518992 1.013526 -3.079305
v -6.572150 1.059065 -3.114210
v -6.613395 1.121736 -3.136329
v -6.638689 1.195402 -3.143497
v -6.645557 1.272854 -3.135012
v -6.633327 1.346509 -3.111704
v -6.603195 1.409158 -3.075856
v -6.558111 1.454669 -3.030976
v -6.502489 1.478586 -2.981458
v -6.441772 1.478568 -2.932148
v -6.381905 1.454617 -2.887874
v -6.328748 1.409077 -2.852969
v -6.287503 1.346407 -2.830850
v -6.262208 1.272740 -2.823683
v -6.255340 1.195289 -2.832168
v -6.239130 1.123617 -2.895929
v -6.271406 1.061985 -2.931673
v -6.317025 1.018133 -2.977649
v -6.371521 0.996353 -3.029357
v -6.429562 0.998778 -3.081734
v -6.485465 1.025170 -3.129654
v -6.533757 1.072946 -3.168426
v -6.569712 1.137429 -3.194254
v -6.589809 1.212307 -3.204612
v -6.592083 1.290251 -3.198483
v -6.576311 1.363630 -3.176469
v -6.544035 1.425263 -3.140725
v -6.498416 1.469115 -3.094748
v -6.443919 1.490895 -3.043041
v -6.385879 1.488470 -2.990664
v -6.329976 1.462077 -2.942744
v -6.281684 1.414302 -2.903972
v -6.245729 1.349818 -2.878144
v -6.225631 1.274940 -2.867787
v -6.223357 1.196997 -2.873915
v -6.210527 1.122787 -2.932616
v -6.244788 1.062236 -2.968361
v -6.290632 1.019947 -3.015562
v -6.343570 1.000059 -3.069598
v -6.398422 1.004518 -3.125180
v -6.449817 1.032889 -3.176867
v -6.492724 1.082394 -3.219601
v -6.522944 1.148188 -3.249197
v -6.537519 1.223829 -3.262758
v -6.535022 1.301914 -3.258957
v -6.515697 1.374799 -3.238167
v -6.481435 1.435350 -3.202422
v -6.435592 1.477639 -3.155221
v -6.382653 1.497527 -3.101185
v -6.327802 1.493068 -3.045603
v -6.276407 1.464697 -2.993916
v -6.233500 1.415192 -2.951182
v -6.203279 1.349398 -2.921587
v -6.188704 1.273757 -2.908025
v -6.191202 1.195672 -2.911826
v -6.181802 1.119423 -2.965662
v -6.217850 1.059976 -3.001503
v -6.263586 1.019085 -3.050022
v -6.314533 1.000751 -3.106469
v -6.365704 1.006770 -3.165318
v -6.412090 1.036552 -3.220809
v -6.449150 1.087182 -3.267511
v -6.473258 1.153705 -3.300851
v -6.482051 1.229607 -3.317567
v -6.474672 1.307460 -3.316021
v -6.451840 1.379643 -3.296366
v -6.415792 1.439089 -3.260525
v -6.370057 1.479981 -3.212007
v -6.319109 1.498314 -3.155560
v -6.267938 1.492296 -3.096711
v -6.221552 1.462513 -3.041219
v -6.184492 1.411883 -2.994518
v -6.160385 1.345361 -2.961177
v -6.151590 1.269459 -2.944462
v -6.158970 1.191606 -2.946007
v -6.152901 1.113754 -2.995269
v -6.190512 1.055393 -3.031286
v -6.235812 1.015673 -3.081169
v -6.284366 0.998484 -3.140033
v -6.331420 1.005507 -3.202117
v -6.372370 1.036056 -3.261344
v -6.403207 1.087139 -3.311916
v -6.420911 1.153757 -3.348883
v -6.423751 1.229388 -3.368626
v -6.411448 1.306629 -3.369213
v -6.385206 1.377920 -3.350586
v -6.347595 1.436281 -3.314569
v -6.302295 1.476001 -3.264686
v -6.253742 1.493190 -3.205822
v -6.206687 1.486167 -3.143737
v -6.165737 1.455618 -3.084510
v -6.134901 1.404535 -3.033938
v -6.117196 1.337917 -2.996971
v -6.114356 1.262286 -2.977228
v -6.126659 1.185045 -2.976642
v -6.123692 1.105932 -3.021670
v -6.162634 1.048600 -3.057925
v -6.207194 1.009782 -3.109165
v -6.253010 0.993278 -3.170373
v -6.295597 1.000703 -3.235559
v -6.330785 1.031331 -3.298341
v -6.355132 1.082163 -3.352575
v -6.366253 1.148224 -3.392950
v -6.363060 1.223048 -3.415515
v -6.345866 1.299309 -3.418062
v -6.316353 1.369544 -3.400340
v -6.277411 1.426876 -3.364085
v -6.232851 1.465694 -3.312845
v -6.187035 1.482198 -3.251637
v -6.144449 1.474773 -3.186451
v -6.109260 1.444145 -3.123669
v -6.084913 1.393313 -3.069435
v -6.073792 1.327251 -3.029060
v -6.076985 1.252428 -3.006495
v -6.094179 1.176167 -3.003948
v -6.093991 1.096018 -3.045099
v -6.134036 1.039629 -3.081631
v -6.177596 1.001415 -3.134169
v -6.220407 0.985118 -3.197569
v -6.258278 0.992332 -3.265625
v -6.287504 1.022351 -3.331676
v -6.305222 1.072237 -3.389255
v -6.309698 1.137107 -3.432727
v -6.300494 1.210611 -3.457836
v -6.278512 1.285553 -3.462125
v -6.245903 1.354598 -3.445173
v -6.205858 1.410987 -3.408640
v -6.162298 1.449200 -3.356103
v -6.119487 1.465498 -3.292703
v -6.081615 1.458284 -3.224647
v -6.052390 1.428264 -3.158597
v -6.034672 1.378378 -3.101017
v -6.030196 1.313509 -3.057545
v -6.039399 1.240005 -3.032436
v -6.061382 1.165063 -3.028147
v -6.063601 1.083986 -3.065742
v -6.104532 1.028433 -3.102572
v -6.146885 0.990522 -3.156302
v -6.186513 0.973963 -3.221673
v -6.219537 0.980378 -3.292285
v -6.242725 1.009138 -3.361228
v -6.253808 1.057429 -3.421752
v -6.251698 1.120522 -3.467933
v -6.236605 1.192244 -3.495250
v -6.210005 1.265571 -3.501029
v -6.174501 1.333328 -3.484705
v -6.133569 1.388881 -3.447875
v -6.091217 1.426792 -3.394145
v -6.051589 1.443351 -3.328774
v -6.018564 1.436936 -3.258162
v -5.995376 1.408176 -3.189219
v -5.984294 1.359885 -3.128695
v -5.986403 1.296791 -3.082514
v -6.001496 1.225070 -3.055197
v -6.028097 1.151743 -3.049418
v -6.032351 1.069748 -3.083718
v -6.073973 1.014912 -3.120846
v -6.114968 0.977012 -3.175627
v -6.151323 0.959759 -3.242699
v -6.179479 0.964841 -3.315495
v -6.196680 0.991761 -3.386891
v -6.201241 1.037883 -3.449898
v -6.192718 1.098694 -3.498348
v -6.171943 1.168240 -3.527498
v -6.140951 1.239713 -3.534495
v -6.102776 1.306118 -3.518654
v -6.061153 1.360954 -3.481526
v -6.020158 1.398854 -3.426745
v -5.983803 1.416107 -3.359674
v -5.955647 1.411025 -3.286877
v -5.938447 1.384105 -3.215481
v -5.933885 1.337982 -3.152474
v -5.942408 1.277172 -3.104025
v -5.963182 1.207626 -3.074874
v -5.994175 1.136153 -3.067877
v -6.000135 1.053186 -3.099065
v -6.042274 0.998942 -3.136478
v -6.081815 0.960788 -3.192145
v -6.114884 0.942459 -3.260617
v -6.138247 0.945750 -3.335191
v -6.149615 0.970339 -3.408568
v -6.147877 1.013817 -3.473564
v -6.133201 1.071930 -3.523818
v -6.107026 1.138989 -3.554410
v -6.071912 1.208429 -3.562346
v -6.031297 1.273454 -3.546850
v -5.989157 1.327698 -3.509436
v -5.949617 1.365852 -3.453769
v -5.916548 1.384180 -3.385297
v -5.893185 1.380889 -3.310723
v -5.881817 1.356301 -3.237347
v -5.883555 1.312823 -3.172350
v -5.898231 1.254710 -3.122097
v -5.924407 1.187651 -3.091504
v -5.959520 1.118211 -3.083568
v -5.966935 1.034196 -3.111749
v -6.009439 0.980419 -3.149423
v -6.047470 0.941776 -3.205800
v -6.077305 0.922051 -3.275361
v -6.096024 0.923175 -3.351297
v -6.101795 0.945037 -3.426175
v -6.094052 0.985497 -3.492665
v -6.073554 1.040596 -3.544259
v -6.042307 1.104939 -3.575906
v -6.003370 1.172228 -3.584509
v -5.960554 1.235876 -3.569225
v -5.918050 1.289654 -3.531551
v -5.880019 1.328296 -3.475174
v -5.850184 1.348021 -3.405613
v -5.831465 1.346898 -3.329677
v -5.825695 1.325036 -3.254799
v -5.833437 1.284575 -3.188309
v -5.853935 1.229477 -3.136715
v -5.885182 1.165134 -3.105068
v -5.924119 1.097845 -3.096465
v -5.932823 1.012717 -3.121683
v -5.975556 0.959283 -3.159586
v -6.012057 0.919950 -3.216495
v -6.038752 0.898568 -3.286837
v -6.053029 0.897229 -3.363729
v -6.053489 0.916066 -3.439643
v -6.040089 0.953233 -3.507148
v -6.014138 1.005093 -3.559636
v -5.978179 1.066570 -3.591970
v -5.935730 1.131645 -3.600985
v -5.890947 1.193949 -3.585797
v -5.848214 1.247383 -3.547894
v -5.811713 1.286716 -3.490986
v -5.785018 1.308098 -3.420643
v -5.770741 1.309437 -3.343751
v -5.770281 1.290600 -3.267838
v -5.783681 1.253433 -3.200333
v -5.809631 1.201573 -3.147844
v -5.845591 1.140096 -3.115510
v -5.888040 1.075021 -3.106496
v -5.897954 0.988755 -3.128754
v -5.940798 0.935546 -3.166847
v -5.975770 0.895351 -3.224112
v -5.999447 0.872104 -3.294942
v -6.009510 0.868081 -3.372405
v -6.004974 0.883676 -3.448918
v -5.986285 0.917361 -3.516990
v -5.955270 0.965841 -3.569960
v -5.914966 1.024368 -3.602641
v -5.869318 1.087215 -3.611835
v -5.822795 1.148229 -3.596642
v -5.779950 1.201437 -3.558548
v -5.744978 1.241632 -3.501284
v -5.721302 1.264879 -3.430453
v -5.711238 1.268902 -3.352991
v -5.715774 1.253307 -3.276478
v -5.734464 1.219622 -3.208405
v -5.765479 1.171143 -3.155436
v -5.805782 1.112615 -3.122754
v -5.851430 1.049769 -3.113560
v -5.862554 0.962394 -3.132842
v -5.905405 0.909295 -3.171082
v -5.938862 0.868092 -3.228535
v -5.959652 0.842819 -3.299577
v -5.965739 0.835948 -3.377254
v -5.956527 0.848153 -3.453962
v -5.932918 0.878239 -3.522192
v -5.897223 0.923260 -3.575266
v -5.852937 0.978811 -3.607989
v -5.804393 1.039452 -3.617157
v -5.756344 1.099249 -3.601872
v -5.713494 1.152348 -3.563632
v -5.680037 1.193550 -3.506179
v -5.659246 1.218824 -3.435137
v -5.653160 1.225695 -3.357460
v -5.662372 1.213490 -3.280752
v -5.685980 1.183404 -3.212522
v -5.721675 1.138382 -3.159448
v -5.765962 1.082832 -3.126725
v -5.814506 1.022190 -3.117557
v -5.826900 0.933796 -3.133843
v -5.869660 0.880696 -3.172182
v -5.901622 0.838360 -3.229662
v -5.919658 0.810931 -3.300658
v -5.922000 0.801096 -3.378219
v -5.908421 0.809815 -3.454753
v -5.880249 0.836237 -3.522769
v -5.840242 0.877774 -3.575609
v -5.792317 0.930362 -3.608100
v -5.741164 0.988851 -3.617062
v -5.691791 1.047517 -3.601618
v -5.649030 1.100617 -3.563279
v -5.617067 1.142953 -3.505799
v -5.599032 1.170382 -3.434804
v -5.596690 1.180217 -3.357243
v -5.610269 1.171498 -3.280708
v -5.638441 1.145076 -3.212692
v -5.678448 1.103539 -3.159853
v -5.726373 1.050951 -3.127361
v -5.777526 0.992462 -3.118399
v -5.791298 0.903200 -3.131685
v -5.833881 0.849989 -3.170067
v -5.864367 0.806407 -3.227418
v -5.879771 0.776719 -3.298124
v -5.878585 0.763832 -3.375263
v -5.860926 0.769008 -3.451285
v -5.828522 0.791739 -3.518748
v -5.784545 0.829801 -3.571048
v -5.733301 0.879467 -3.603066
v -5.679804 0.935876 -3.611667
v -5.629292 0.993507 -3.596010
v -5.586709 1.046718 -3.557628
v -5.556223 1.090300 -3.500277
v -5.540819 1.119988 -3.429571
v -5.542005 1.132875 -3.352432
v -5.559664 1.127699 -3.276410
v -5.592068 1.104968 -3.208947
v -5.636045 1.066906 -3.156647
v -5.687289 1.017240 -3.124629
v -5.740786 0.960831 -3.116028
v -5.756073 0.870902 -3.126329
v -5.798396 0.817472 -3.164694
v -5.827421 0.772541 -3.221762
v -5.840304 0.740506 -3.291945
v -5.835785 0.724503 -3.368375
v -5.814308 0.726099 -3.443568
v -5.777972 0.745137 -3.510166
v -5.730337 0.779754 -3.561648
v -5.676064 0.826561 -3.592976
v -5.620466 0.880977 -3.601083
v -5.568985 0.937675 -3.585175
v -5.526661 0.991104 -3.546809
v -5.497637 1.036036 -3.489742
v -5.484754 1.068071 -3.419559
v -5.489272 1.084073 -3.343129
v -5.510750 1.082478 -3.267936
v -5.547085 1.063439 -3.201338
v -5.594721 1.028822 -3.149856
v -5.648994 0.982015 -3.118528
v -5.704592 0.927599 -3.110421
v -5.721547 0.837250 -3.117781
v -5.763535 0.783494 -3.156061
v -5.791108 0.737115 -3.212688
v -5.801567 0.702653 -3.282120
v -5.793888 0.683480 -3.357562
v -5.768822 0.681474 -3.431627
v -5.728824 0.696830 -3.497066
v -5.677809 0.728047 -3.547473
v -5.620770 0.772067 -3.577914
v -5.563290 0.824583 -3.585410
v -5.510997 0.880453 -3.569226
v -5.469009 0.934208 -3.530947
v -5.441436 0.980587 -3.474319
v -5.430977 1.015050 -3.404887
v -5.438657 1.034222 -3.329445
v -5.463722 1.036229 -3.255381
v -5.503720 1.020872 -3.189941
v -5.554736 0.989656 -3.139534
v -5.611774 0.945635 -3.109093
v -5.669254 0.893120 -3.101597
v -5.688041 0.802629 -3.106091
v -5.729620 0.748440 -3.144206
v -5.755746 0.700517 -3.200230
v -5.763861 0.663550 -3.268681
v -5.753170 0.641159 -3.342858
v -5.724720 0.635534 -3.415501
v -5.681295 0.647226 -3.479497
v -5.627148 0.675092 -3.528584
v -5.567577 0.716402 -3.557955
v -5.508414 0.767114 -3.564736
v -5.455451 0.822264 -3.548264
v -5.413871 0.876452 -3.510150
v -5.387745 0.924375 -3.454125
v -5.379631 0.961342 -3.385674
v -5.390322 0.983734 -3.311497
v -5.418772 0.989359 -3.238855
v -5.462195 0.977666 -3.174858
v -5.516343 0.949801 -3.125772
v -5.575914 0.908490 -3.096400
v -5.635077 0.857778 -3.089619
v -5.655857 0.767448 -3.091353
v -5.696959 0.712719 -3.129212
v -5.721637 0.663155 -3.184460
v -5.727474 0.623608 -3.251690
v -5.713898 0.597949 -3.324321
v -5.682240 0.588689 -3.395243
v -5.635598 0.596735 -3.457514
v -5.578537 0.621300 -3.505039
v -5.516643 0.659979 -3.533165
v -5.455975 0.708985 -3.539138
v -5.402471 0.763522 -3.522376
v -5.361368 0.818251 -3.484517
v -5.336691 0.867815 -3.429269
v -5.330854 0.907362 -3.362039
v -5.344429 0.933021 -3.289408
v -5.376088 0.942281 -3.218486
v -5.422730 0.934235 -3.156215
v -5.479791 0.909670 -3.108690
v -5.541685 0.870991 -3.080564
v -5.602353 0.821985 -3.074591
v -5.625281 0.732130 -3.073704
v -5.665841 0.676752 -3.111203
v -5.689064 0.625450 -3.165487
v -5.692677 0.583244 -3.231241
v -5.676327 0.554268 -3.302029
v -5.641614 0.541356 -3.370922
v -5.591936 0.545773 -3.431176
v -5.532156 0.567086 -3.476893
v -5.468126 0.603209 -3.503598
v -5.406113 0.650607 -3.508677
v -5.352188 0.704639 -3.491632
v -5.311628 0.760017 -3.454133
v -5.288405 0.811319 -3.399849
v -5.284792 0.853524 -3.334095
v -5.301143 0.882501 -3.263307
v -5.335855 0.895413 -3.194414
v -5.385533 0.890996 -3.134160
v -5.445313 0.869683 -3.088443
v -5.509343 0.833559 -3.061738
v -5.571356 0.786162 -3.056659
v -5.596574 0.697093 -3.053320
v -5.636528 0.640959 -3.090342
v -5.658287 0.587821 -3.143453
v -5.659722 0.542880 -3.207455
v -5.640693 0.510535 -3.276081
v -5.603061 0.493953 -3.342616
v -5.550512 0.494756 -3.400545
v -5.488188 0.512867 -3.444199
v -5.422190 0.546511 -3.469304
v -5.358979 0.592397 -3.473403
v -5.304742 0.646032 -3.456094
v -5.264788 0.702166 -3.419072
v -5.243029 0.755304 -3.365961
v -5.241593 0.800245 -3.301960
v -5.260623 0.832590 -3.233333
v -5.298254 0.849172 -3.166798
v -5.350804 0.848369 -3.108869
v -5.413128 0.830258 -3.065215
v -5.479126 0.796613 -3.040110
v -5.542337 0.750728 -3.036011
v -5.569967 0.662747 -3.030418
v -5.609256 0.605750 -3.066827
v -5.629542 0.550680 -3.118534
v -5.628840 0.502927 -3.180479
v -5.607217 0.467166 -3.246597
v -5.566792 0.446898 -3.310416
v -5.511520 0.444106 -3.365689
v -5.446812 0.459064 -3.407007
v -5.379003 0.490307 -3.430323
v -5.314729 0.534778 -3.433356
v -5.260283 0.588122 -3.415809
v -5.220993 0.645119 -3.379400
v -5.200707 0.700190 -3.327693
v -5.201409 0.747942 -3.265748
v -5.223032 0.783703 -3.199630
v -5.263457 0.803971 -3.135811
v -5.318729 0.806763 -3.080538
v -5.383437 0.791806 -3.039221
v -5.451247 0.760562 -3.015904
v -5.515521 0.716092 -3.012871
v -5.545661 0.629476 -3.005245
v -5.584231 0.571511 -3.040888
v -5.603036 0.514418 -3.090934
v -5.600235 0.463784 -3.150485
v -5.576104 0.424566 -3.213711
v -5.533002 0.400604 -3.274424
v -5.475151 0.394242 -3.326680
v -5.408213 0.406104 -3.365365
v -5.338739 0.435028 -3.386691
v -5.273532 0.478183 -3.388570
v -5.218973 0.531345 -3.370820
v -5.180403 0.589310 -3.335177
v -5.161598 0.646404 -3.285131
v -5.164399 0.697037 -3.225580
v -5.188531 0.736255 -3.162354
v -5.231632 0.760217 -3.101641
v -5.289483 0.766579 -3.049385
v -5.356421 0.754717 -3.010701
v -5.425895 0.725793 -2.989375
v -5.491102 0.682638 -2.987495
v -5.523824 0.597626 -2.978078
v -5.561624 0.538594 -3.012780
v -5.578944 0.479394 -3.060878
v -5.574089 0.425823 -3.117662
v -5.547534 0.383124 -3.177576
v -5.501879 0.355476 -3.234752
v -5.441593 0.345587 -3.283596
v -5.372577 0.354423 -3.319325
v -5.301586 0.381121 -3.338443
v -5.235570 0.423066 -3.339077
v -5.180991 0.476154 -3.321167
v -5.143191 0.535186 -3.286464
v -5.125871 0.594386 -3.238366
v -5.130726 0.647957 -3.181582
v -5.157280 0.690656 -3.121669
v -5.202935 0.718304 -3.064492
v -5.263222 0.728193 -3.015649
v -5.332238 0.719357 -2.979919
v -5.403229 0.692659 -2.960802
v -5.469245 0.650714 -2.960167
v -5.504582 0.567493 -2.949205
v -5.541566 0.507299 -2.982773
v -5.557406 0.445927 -3.028605
v -5.550551 0.389384 -3.082213
v -5.521672 0.343205 -3.138350
v -5.473596 0.311910 -3.191521
v -5.411028 0.298562 -3.236522
v -5.340094 0.304468 -3.268947
v -5.267736 0.329051 -3.285623
v -5.201039 0.369902 -3.284916
v -5.146530 0.423025 -3.266897
v -5.109546 0.483219 -3.233329
v -5.093706 0.544591 -3.187498
v -5.100561 0.601134 -3.133890
v -5.129440 0.647313 -3.077752
v -5.177516 0.678608 -3.024581
v -5.240084 0.691956 -2.979580
v -5.311018 0.686050 -2.947155
v -5.383375 0.661467 -2.930480
v -5.450073 0.620615 -2.931186
v -5.488023 0.539308 -2.918918
v -5.524154 0.477871 -2.951137
v -5.538530 0.414283 -2.994354
v -5.529745 0.354767 -3.044340
v -5.498658 0.305149 -3.096202
v -5.448312 0.270287 -3.144862
v -5.383636 0.253592 -3.185558
v -5.310960 0.256700 -3.214307
v -5.237398 0.279305 -3.228293
v -5.170152 0.319195 -3.226148
v -5.115803 0.372466 -3.208082
v -5.079672 0.433903 -3.175864
v -5.065295 0.497491 -3.132647
v -5.074080 0.557007 -3.082660
v -5.105167 0.606625 -3.030799
v -5.155513 0.641487 -2.982138
v -5.220190 0.658182 -2.941442
v -5.292866 0.655074 -2.912694
v -5.366427 0.632469 -2.898707
v -5.433674 0.592579 -2.900852
v -5.474195 0.513233 -2.887490
v -5.509442 0.450486 -2.918123
v -5.522387 0.384669 -2.958354
v -5.511764 0.322225 -3.004242
v -5.478612 0.269266 -3.051298
v -5.426177 0.230976 -3.094914
v -5.359591 0.211103 -3.130821
v -5.285372 0.211592 -3.155504
v -5.210786 0.232397 -3.166548
v -5.143132 0.271479 -3.162870
v -5.089035 0.325014 -3.144831
v -5.053788 0.387761 -3.114198
v -5.040843 0.453578 -3.073967
v -5.051466 0.516022 -3.028079
v -5.084618 0.568982 -2.981023
v -5.137053 0.607272 -2.937407
v -5.203639 0.627145 -2.901500
v -5.277857 0.626655 -2.876817
v -5.352444 0.605851 -2.865773
v -5.420097 0.566768 -2.869451
v -5.463110 0.489352 -2.855146
v -5.497450 0.425246 -2.883943
v -5.509016 0.357231 -2.920794
v -5.496674 0.291962 -2.962093
v -5.461634 0.235829 -3.003798
v -5.407325 0.194328 -3.041825
v -5.339063 0.171519 -3.072453
v -5.263531 0.169637 -3.092683
v -5.188121 0.188864 -3.100535
v -5.120216 0.227320 -3.095241
v -5.066463 0.281239 -3.077318
v -5.032123 0.345344 -3.048522
v -5.020558 0.413360 -3.011670
v -5.032899 0.478629 -2.970371
v -5.067940 0.534761 -2.928666
v -5.122249 0.576263 -2.890639
v -5.190510 0.599071 -2.860012
v -5.266043 0.600954 -2.839782
v -5.341452 0.581726 -2.831929
v -5.409357 0.543271 -2.837224
v -5.454754 0.467674 -2.822048
v -5.488175 0.402188 -2.848742
v -5.498433 0.332054 -2.881816
v -5.484522 0.264137 -2.918033
v -5.447806 0.205085 -2.953849
v -5.391878 0.160678 -2.985755
v -5.322213 0.135264 -3.010631
v -5.245630 0.131330 -3.026041
v -5.169625 0.149261 -3.030475
v -5.101638 0.187303 -3.023501
v -5.048326 0.241730 -3.005801
v -5.014904 0.307216 -2.979107
v -5.004647 0.377350 -2.946033
v -5.018557 0.445268 -2.909816
v -5.055273 0.504320 -2.874000
v -5.111201 0.548726 -2.842093
v -5.180866 0.574140 -2.817218
v -5.257450 0.578074 -2.801808
v -5.333454 0.560143 -2.797374
v -5.401441 0.522102 -2.804348
v -5.449099 0.448153 -2.788259
v -5.481599 0.381292 -2.812578
v -5.490642 0.309178 -2.841486
v -5.475344 0.238868 -2.872152
v -5.437201 0.177246 -2.901576
v -5.379948 0.130342 -2.926877
v -5.309189 0.102750 -2.945577
v -5.231850 0.097168 -2.955848
v -5.155502 0.114145 -2.956683
v -5.087618 0.152017 -2.948001
v -5.034843 0.207079 -2.930651
v -5.002344 0.273939 -2.906332
v -4.993300 0.346053 -2.877424
v -5.008599 0.416363 -2.846758
v -5.046741 0.477986 -2.817334
v -5.103994 0.524889 -2.792033
v -5.174753 0.552482 -2.773333
v -5.252092 0.558063 -2.763062
v -5.328441 0.541086 -2.762227
v -5.396324 0.503214 -2.770909
v -5.446125 0.430708 -2.753735
v -5.477711 0.362513 -2.775409
v -5.485652 0.288617 -2.799788
v -5.469172 0.216255 -2.824486
v -5.429884 0.152508 -2.847086
v -5.371633 0.103618 -2.865375
v -5.300121 0.074370 -2.877563
v -5.222349 0.067626 -2.882457
v -5.145929 0.084047 -2.879578
v -5.078342 0.122026 -2.869207
v -5.026204 0.177845 -2.852361
v -4.994618 0.246040 -2.830687
v -4.986677 0.319935 -2.806308
v -5.003157 0.392298 -2.781610
v -5.042445 0.456044 -2.759010
v -5.100697 0.504935 -2.740721
v -5.172208 0.534183 -2.728533
v -5.249980 0.540927 -2.723639
v -5.326400 0.524505 -2.726518
v -5.393987 0.486526 -2.736889
v -5.445838 0.415262 -2.718327
v -5.476526 0.345808 -2.737096
v -5.483493 0.270391 -2.756632
v -5.466057 0.196393 -2.775023
v -5.425923 0.131059 -2.790468
v -5.367021 0.080782 -2.801457
v -5.295116 0.050485 -2.806913
v -5.217248 0.043133 -2.806301
v -5.141037 0.059446 -2.799683
v -5.073946 0.097828 -2.787705
v -5.022539 0.154520 -2.771541
v -4.991851 0.223974 -2.752772
v -4.984884 0.299392 -2.733236
v -5.002320 0.373389 -2.714845
v -5.042454 0.438724 -2.699400
v -5.101356 0.489001 -2.688411
v -5.173261 0.519298 -2.682956
v -5.251129 0.526650 -2.683567
v -5.327340 0.510336 -2.690185
v -5.394432 0.471955 -2.702163
v -5.448285 0.401783 -2.681800
v -5.478101 0.331180 -2.697425
v -5.484229 0.254553 -2.711869
v -5.466067 0.179401 -2.723716
v -5.425394 0.113082 -2.731808
v -5.366192 0.062088 -2.735352
v -5.294255 0.031409 -2.734002
v -5.216625 0.024049 -2.727889
v -5.140901 0.040729 -2.717612
v -5.074496 0.079815 -2.704176
v -5.023909 0.137483 -2.688899
v -4.994092 0.208085 -2.673273
v -4.987965 0.284713 -2.658829
v -5.006127 0.359864 -2.646982
v -5.046799 0.426183 -2.638890
v -5.106002 0.477178 -2.635346
v -5.177938 0.507856 -2.636697
v -5.255569 0.515216 -2.642809
v -5.331293 0.498536 -2.653087
v -5.397698 0.459450 -2.666522
v -5.453561 0.390308 -2.643875
v -5.482537 0.318701 -2.656150
v -5.487961 0.241214 -2.665330
v -5.469302 0.165432 -2.670516
v -5.428385 0.098774 -2.671201
v -5.369217 0.047764 -2.667319
v -5.297589 0.017396 -2.659248
v -5.220512 0.010642 -2.647779
v -5.145533 0.028164 -2.634034
v -5.079988 0.068245 -2.619360
v -5.030296 0.126964 -2.605192
v -5.001319 0.198571 -2.592917
v -4.995895 0.276058 -2.583737
v -5.014555 0.351840 -2.578551
v -5.055471 0.418498 -2.577865
v -5.114640 0.469508 -2.581748
v -5.186268 0.499876 -2.589819
v -5.263344 0.506630 -2.601288
v -5.338325 0.489108 -2.615033
v -5.403869 0.449027 -2.629707
v -5.461802 0.380968 -2.604283
v -5.489978 0.308529 -2.613040
v -5.494830 0.230556 -2.616871
v -5.475883 0.154683 -2.615403
v -5.434992 0.088335 -2.608779
v -5.376160 0.038008 -2.597648
v -5.305146 0.008628 -2.583098
v -5.228900 0.003070 -2.566555
v -5.154887 0.021880 -2.549638
v -5.090352 0.063215 -2.534002
v -5.041610 0.123029 -2.521178
v -5.013434 0.195468 -2.512422
v -5.008583 0.273441 -2.508590
v -5.027530 0.349315 -2.510058
v -5.068420 0.415662 -2.516682
v -5.127252 0.465989 -2.527813
v -5.198267 0.495369 -2.542363
v -5.274512 0.500927 -2.558906
v -5.348525 0.482117 -2.575824
v -5.413061 0.440782 -2.591460
v -5.473167 0.373982 -2.562816
v -5.500590 0.300908 -2.567935
v -5.504993 0.222829 -2.566421
v -5.485948 0.147389 -2.558424
v -5.445318 0.081971 -2.544726
v -5.387079 0.032980 -2.526669
v -5.316934 0.005210 -2.506019
v -5.241748 0.001381 -2.484799
v -5.168880 0.021866 -2.465085
v -5.105465 0.064662 -2.448806
v -5.057709 0.125578 -2.437557
v -5.030287 0.198651 -2.432439
v -5.025883 0.276730 -2.433953
v -5.044929 0.352170 -2.441950
v -5.085559 0.417588 -2.455647
v -5.143797 0.466579 -2.473705
v -5.213943 0.494349 -2.494354
v -5.289129 0.498178 -2.515575
v -5.361996 0.477693 -2.535289
v -5.425411 0.434898 -2.551568
v -5.487816 0.369639 -2.519363
v -5.514542 0.296143 -2.520778
v -5.518615 0.218326 -2.514006
v -5.499635 0.143805 -2.499711
v -5.459461 0.079875 -2.479292
v -5.402025 0.032793 -2.454748
v -5.332950 0.007169 -2.428482
v -5.258997 0.005511 -2.403063
v -5.187405 0.027980 -2.380981
v -5.125181 0.072378 -2.364398
v -5.078418 0.134359 -2.354936
v -5.051692 0.207855 -2.353521
v -5.047619 0.285672 -2.360293
v -5.066599 0.360193 -2.374588
v -5.106773 0.424123 -2.395007
v -5.164208 0.471204 -2.419551
v -5.233284 0.496828 -2.445817
v -5.307237 0.498487 -2.471236
v -5.378829 0.476017 -2.493318
v -5.441052 0.431619 -2.509901
v -5.505883 0.368267 -2.473938
v -5.531982 0.294569 -2.471642
v -5.535836 0.217353 -2.459776
v -5.517067 0.144178 -2.439500
v -5.477511 0.082207 -2.412800
v -5.421041 0.037507 -2.382289
v -5.353185 0.014452 -2.350953
v -5.280584 0.015299 -2.321860
v -5.210346 0.039966 -2.297858
v -5.149346 0.086038 -2.281296
v -5.103555 0.149005 -2.273796
v -5.077455 0.222703 -2.276092
v -5.073601 0.299919 -2.287958
v -5.092371 0.373094 -2.308233
v -5.131927 0.435065 -2.334934
v -5.188396 0.479765 -2.365445
v -5.256253 0.502820 -2.396781
v -5.328853 0.501973 -2.425874
v -5.399091 0.477306 -2.449876
v -5.460092 0.431234 -2.466437
v -5.527462 0.370197 -2.426676
v -5.553020 0.296513 -2.420726
v -5.556769 0.220198 -2.403995
v -5.538339 0.148722 -2.378121
v -5.499536 0.089082 -2.345636
v -5.444158 0.047115 -2.309720
v -5.377625 0.026930 -2.273889
v -5.306450 0.030502 -2.241650
v -5.237601 0.057482 -2.216159
v -5.177816 0.105229 -2.199911
v -5.132949 0.169069 -2.194497
v -5.107389 0.242752 -2.200447
v -5.103642 0.319067 -2.217178
v -5.122071 0.390543 -2.243052
v -5.160874 0.450184 -2.275537
v -5.216253 0.492150 -2.311453
v -5.282785 0.512336 -2.347284
v -5.353960 0.508763 -2.379523
v -5.422810 0.481783 -2.405014
v -5.482594 0.434037 -2.421262
v -5.552597 0.375727 -2.377826
v -5.577716 0.302263 -2.368341
v -5.581477 0.227098 -2.347032
v -5.563511 0.157591 -2.315985
v -5.525578 0.100544 -2.278240
v -5.471389 0.061543 -2.237492
v -5.406251 0.044405 -2.197728
v -5.336538 0.050807 -2.162841
v -5.269074 0.080123 -2.136247
v -5.210465 0.129483 -2.120548
v -5.166447 0.194056 -2.117282
v -5.141327 0.267520 -2.126768
v -5.137567 0.342684 -2.148077
v -5.155532 0.412192 -2.179123
v -5.193466 0.469238 -2.216868
v -5.247654 0.508240 -2.257617
v -5.312793 0.525378 -2.297381
v -5.382505 0.518976 -2.332267
v -5.449969 0.489660 -2.358861
v -5.508578 0.440300 -2.374560
v -5.581281 0.385095 -2.327729
v -5.606078 0.312033 -2.314885
v -5.609978 0.238211 -2.289329
v -5.592600 0.170857 -2.253562
v -5.555645 0.116562 -2.211084
v -5.502728 0.080643 -2.166055
v -5.439033 0.066614 -2.122882
v -5.370791 0.075849 -2.085790
v -5.304685 0.107444 -2.058411
v -5.247184 0.158307 -2.043425
v -5.203918 0.223458 -2.042299
v -5.179120 0.296520 -2.055143
v -5.175220 0.370341 -2.080699
v -5.192598 0.437696 -2.116466
v -5.229554 0.491990 -2.158944
v -5.282470 0.527910 -2.203973
v -5.346166 0.541939 -2.247146
v -5.414407 0.532704 -2.284238
v -5.480514 0.501108 -2.311617
v -5.538014 0.450246 -2.326603
v -5.613458 0.398455 -2.276786
v -5.638064 0.325947 -2.260817
v -5.642240 0.253602 -2.231376
v -5.625577 0.188502 -2.191348
v -5.589707 0.137020 -2.144649
v -5.538139 0.104194 -2.095851
v -5.475924 0.093239 -2.049731
v -5.409149 0.105226 -2.010803
v -5.344352 0.138981 -1.982878
v -5.287875 0.191202 -1.968689
v -5.245247 0.256776 -1.969625
v -5.220641 0.329284 -1.985595
v -5.216465 0.401629 -2.015035
v -5.233128 0.466729 -2.055064
v -5.268998 0.518211 -2.101763
v -5.320565 0.551037 -2.150561
v -5.382782 0.561993 -2.196681
v -5.449556 0.550006 -2.235609
v -5.514353 0.516250 -2.263534
v -5.570830 0.464029 -2.277723
v -5.649034 0.415868 -2.225436
v -5.673589 0.344030 -2.206617
v -5.678185 0.273236 -2.173677
v -5.662371 0.210416 -2.129842
v -5.627695 0.161720 -2.079401
v -5.577552 0.131915 -2.027293
v -5.516850 0.123917 -1.978618
v -5.451531 0.138511 -1.938141
v -5.387989 0.174266 -1.909824
v -5.332443 0.227684 -1.896439
v -5.290332 0.293536 -1.899295
v -5.265777 0.365375 -1.918115
v -5.261181 0.436169 -1.951054
v -5.276995 0.498988 -1.994890
v -5.311671 0.547684 -2.045331
v -5.361814 0.577489 -2.097439
v -5.422516 0.585487 -2.146114
v -5.487835 0.570893 -2.186591
v -5.551377 0.535138 -2.214908
v -5.606922 0.481720 -2.228293
v -5.687883 0.437293 -2.174127
v -5.712530 0.366199 -2.152769
v -5.717691 0.296975 -2.116724
v -5.702863 0.236396 -2.069519
v -5.669497 0.190392 -2.015777
v -5.620858 0.163467 -1.960757
v -5.561707 0.158256 -1.909844
v -5.497836 0.175269 -1.868024
v -5.435496 0.212841 -1.839389
v -5.380789 0.267294 -1.826743
v -5.339070 0.333298 -1.831323
v -5.314424 0.404392 -1.852681
v -5.309262 0.473616 -1.888726
v -5.324090 0.534195 -1.935930
v -5.357456 0.580199 -1.989673
v -5.406096 0.607124 -2.044693
v -5.465246 0.612335 -2.095605
v -5.529117 0.595322 -2.137425
v -5.591457 0.557750 -2.166060
v -5.646164 0.503297 -2.178707
v -5.729857 0.462587 -2.123294
v -5.754732 0.392274 -2.099730
v -5.760603 0.324589 -2.060972
v -5.746899 0.266158 -2.010813
v -5.714958 0.222700 -1.954164
v -5.667908 0.198469 -1.896570
v -5.610354 0.195838 -1.843668
v -5.547932 0.215063 -1.800636
v -5.486749 0.254263 -1.771688
v -5.432796 0.309601 -1.759657
v -5.391355 0.375660 -1.765720
v -5.366480 0.445973 -1.789283
v -5.360608 0.513658 -1.828042
v -5.374313 0.572090 -1.878200
v -5.406254 0.615547 -1.934849
v -5.453304 0.639778 -1.992444
v -5.510858 0.642410 -2.045346
v -5.573280 0.623184 -2.088377
v -5.634463 0.583984 -2.117326
v -5.688416 0.528646 -2.129357
v -5.774793 0.491517 -2.073347
v -5.800017 0.421982 -2.047918
v -5.806733 0.355767 -2.006829
v -5.794282 0.299352 -1.954101
v -5.763883 0.258259 -1.894896
v -5.718512 0.236512 -1.835009
v -5.662610 0.236239 -1.780302
v -5.601649 0.257466 -1.736131
v -5.541597 0.298116 -1.706818
v -5.488332 0.354210 -1.695234
v -5.447067 0.420257 -1.702513
v -5.421842 0.489792 -1.727941
v -5.415127 0.556007 -1.769030
v -5.427578 0.612422 -1.821758
v -5.457976 0.653515 -1.880964
v -5.503347 0.675262 -1.940851
v -5.559249 0.675535 -1.995557
v -5.620210 0.654308 -2.039729
v -5.680263 0.613658 -2.069041
v -5.733528 0.557564 -2.080625
v -5.822516 0.523763 -2.024654
v -5.848192 0.454972 -1.997698
v -5.855866 0.390125 -1.954641
v -5.844788 0.335570 -1.899697
v -5.816042 0.296646 -1.838243
v -5.772442 0.277163 -1.776297
v -5.718255 0.279029 -1.719920
v -5.658787 0.302062 -1.674633
v -5.599857 0.344005 -1.644868
v -5.547235 0.400755 -1.633538
v -5.506072 0.466755 -1.641753
v -5.480396 0.535545 -1.668708
v -5.472722 0.600392 -1.711765
v -5.483800 0.654948 -1.766710
v -5.512547 0.693872 -1.828163
v -5.556147 0.713355 -1.890110
v -5.610333 0.711488 -1.946486
v -5.669801 0.688456 -1.991773
v -5.728731 0.646512 -2.021539
v -5.781353 0.589763 -2.032869
v -5.872848 0.558933 -1.977540
v -5.899045 0.490826 -1.949380
v -5.907769 0.427227 -1.904691
v -5.898164 0.374363 -1.847849
v -5.871171 0.337409 -1.784416
v -5.829433 0.319981 -1.720603
v -5.777035 0.323785 -1.662656
v -5.719105 0.348450 -1.616247
v -5.661316 0.391560 -1.585919
v -5.609323 0.448897 -1.574640
v -5.568216 0.514847 -1.583516
v -5.542018 0.582954 -1.611676
v -5.533295 0.646553 -1.656364
v -5.542900 0.699416 -1.713207
v -5.569893 0.736371 -1.776640
v -5.611631 0.753799 -1.840453
v -5.664029 0.749995 -1.898400
v -5.721959 0.725330 -1.944809
v -5.779748 0.682219 -1.975137
v -5.831741 0.624883 -1.986416
v -5.925609 0.596577 -1.932285
v -5.952364 0.529072 -1.903215
v -5.962194 0.466591 -1.857199
v -5.954138 0.415252 -1.798741
v -5.928983 0.380080 -1.733563
v -5.889193 0.364517 -1.668046
v -5.838661 0.370088 -1.608603
v -5.782335 0.396247 -1.561053
v -5.725729 0.440433 -1.530049
v -5.674382 0.498320 -1.518628
v -5.633321 0.564244 -1.527906
v -5.606566 0.631750 -1.556976
v -5.596736 0.694230 -1.602992
v -5.604793 0.745569 -1.661450
v -5.629948 0.780741 -1.726628
v -5.669738 0.796304 -1.792144
v -5.720269 0.790733 -1.851588
v -5.776595 0.764575 -1.899138
v -5.833202 0.720389 -1.930142
v -5.884549 0.662501 -1.941563
v -5.980618 0.636196 -1.889124
v -6.007926 0.569197 -1.859403
v -6.018886 0.507703 -1.812325
v -6.012423 0.457734 -1.752499
v -5.989170 0.424180 -1.685780
v -5.951405 0.410326 -1.618700
v -5.902822 0.417529 -1.557824
v -5.848179 0.445083 -1.509112
v -5.792824 0.490291 -1.477333
v -5.742175 0.548728 -1.465596
v -5.701190 0.614673 -1.475050
v -5.673882 0.681672 -1.504771
v -5.662922 0.743166 -1.551849
v -5.669385 0.793136 -1.611676
v -5.692638 0.826690 -1.678394
v -5.730403 0.840543 -1.745475
v -5.778986 0.833340 -1.806350
v -5.833629 0.805786 -1.855062
v -5.888984 0.760579 -1.886842
v -5.939633 0.702142 -1.898579
v -6.037694 0.677254 -1.848254
v -6.065511 0.610661 -1.818096
v -6.077581 0.550029 -1.770179
v -6.072724 0.501294 -1.709194
v -6.051414 0.469226 -1.641110
v -6.015738 0.456964 -1.572591
v -5.969187 0.465708 -1.510345
v -5.916319 0.494603 -1.460465
v -5.862309 0.540820 -1.427834
v -5.812443 0.599835 -1.415645
v -5.771603 0.665871 -1.425092
v -5.743786 0.732464 -1.455250
v -5.731715 0.793096 -1.503167
v -5.736573 0.841831 -1.564152
v -5.757883 0.873899 -1.632236
v -5.793559 0.886161 -1.700755
v -5.840109 0.877417 -1.763001
v -5.892977 0.848522 -1.812881
v -5.946988 0.802305 -1.845512
v -5.996854 0.743290 -1.857701
v -6.096653 0.719191 -1.809840
v -6.124893 0.652902 -1.779407
v -6.138017 0.593022 -1.730827
v -6.134743 0.545413 -1.668854
v -6.115391 0.514736 -1.599555
v -6.081854 0.503994 -1.529714
v -6.037416 0.514237 -1.466166
v -5.986427 0.544464 -1.415133
v -5.933878 0.591716 -1.381610
v -5.884912 0.651366 -1.368878
v -5.844323 0.717577 -1.378184
v -5.816084 0.783867 -1.408617
v -5.802959 0.843747 -1.457198
v -5.806233 0.891356 -1.519171
v -5.825586 0.922033 -1.588469
v -5.859123 0.932775 -1.658311
v -5.903561 0.922531 -1.721858
v -5.954550 0.892304 -1.772891
v -6.007099 0.845053 -1.806414
v -6.056065 0.785402 -1.819146
v -6.157308 0.761434 -1.774020
v -6.185843 0.695350 -1.743418
v -6.199928 0.636131 -1.694299
v -6.198182 0.589574 -1.631471
v -6.180776 0.560236 -1.561084
v -6.149414 0.550990 -1.490029
v -6.107167 0.562740 -1.425260
v -6.058169 0.594336 -1.373117
v -6.007216 0.642685 -1.338706
v -5.959298 0.703055 -1.325393
v -5.919103 0.769536 -1.334482
v -5.890567 0.835620 -1.365084
v -5.876483 0.894839 -1.414203
v -5.878229 0.941396 -1.477031
v -5.895635 0.970734 -1.547418
v -5.926997 0.979980 -1.618474
v -5.969244 0.968230 -1.683242
v -6.018242 0.936634 -1.735385
v -6.069194 0.888285 -1.769797
v -6.117113 0.827915 -1.783109
v -6.219454 0.803405 -1.740909
v -6.248128 0.737438 -1.710183
v -6.263044 0.678813 -1.660599
v -6.262742 0.633269 -1.597010
v -6.247250 0.605264 -1.525640
v -6.218085 0.597540 -1.453476
v -6.178103 0.610852 -1.387581
v -6.131217 0.643898 -1.334405
v -6.082016 0.693442 -1.299155
v -6.035317 0.754635 -1.285280
v -5.995691 0.821488 -1.294139
v -5.967017 0.887455 -1.324864
v -5.952101 0.946080 -1.374448
v -5.952404 0.991624 -1.438037
v -5.967895 1.019628 -1.509407
v -5.997060 1.027353 -1.581572
v -6.037042 1.014040 -1.647467
v -6.083928 0.980995 -1.700642
v -6.133128 0.931450 -1.735893
v -6.179828 0.870257 -1.749767
v -6.282872 0.844532 -1.710603
v -6.311499 0.778608 -1.679741
v -6.327092 0.720538 -1.629714
v -6.328126 0.676008 -1.565419
v -6.314500 0.649375 -1.493149
v -6.287547 0.643248 -1.419978
v -6.249905 0.658225 -1.353070
v -6.205260 0.692841 -1.298973
v -6.157981 0.743707 -1.262983
v -6.112696 0.805844 -1.248623
v -6.073839 0.873170 -1.257298
v -6.045212 0.939095 -1.288160
v -6.029619 0.997164 -1.338187
v -6.028584 1.041695 -1.402483
v -6.042211 1.068327 -1.474753
v -6.069164 1.074455 -1.547923
v -6.106806 1.059477 -1.614831
v -6.151451 1.024862 -1.668928
v -6.198730 0.973995 -1.704918
v -6.244015 0.911858 -1.719278
v -6.347316 0.884263 -1.683181
v -6.375689 0.818326 -1.652112
v -6.391788 0.760804 -1.601616
v -6.394040 0.717327 -1.536634
v -6.382223 0.692151 -1.463529
v -6.357493 0.687740 -1.389455
v -6.322272 0.704526 -1.321664
v -6.280007 0.740867 -1.266792
v -6.234836 0.793205 -1.230209
v -6.191179 0.856416 -1.215497
v -6.153312 0.924313 -1.224097
v -6.124939 0.990250 -1.255165
v -6.108840 1.047772 -1.305662
v -6.106588 1.091249 -1.370643
v -6.118405 1.116426 -1.443749
v -6.143135 1.120836 -1.517823
v -6.178356 1.104050 -1.585614
v -6.220621 1.067709 -1.640486
v -6.265792 1.015372 -1.677069
v -6.309449 0.952161 -1.691780
v -6.412508 0.922074 -1.658702
v -6.440410 0.856092 -1.627305
v -6.456838 0.799140 -1.576270
v -6.460186 0.756795 -1.510592
v -6.450124 0.733201 -1.436700
v -6.427638 0.730668 -1.361827
v -6.394929 0.749443 -1.293303
v -6.355199 0.787689 -1.237835
v -6.312337 0.841662 -1.200852
v -6.270539 0.906078 -1.185975
v -6.233896 0.974633 -1.194660
v -6.205994 1.040616 -1.226057
v -6.189566 1.097567 -1.277092
v -6.186219 1.139912 -1.342771
v -6.196280 1.163506 -1.416662
v -6.218766 1.166039 -1.491535
v -6.251474 1.147264 -1.560059
v -6.291204 1.109018 -1.615528
v -6.334066 1.055045 -1.652510
v -6.375865 0.990629 -1.667387
v -6.478132 0.957479 -1.637206
v -6.505345 0.891446 -1.605316
v -6.521929 0.835124 -1.553637
v -6.526262 0.794026 -1.487228
v -6.517920 0.772176 -1.412589
v -6.497717 0.771713 -1.337027
v -6.467634 0.792681 -1.267939
v -6.430614 0.833028 -1.212086
v -6.390281 0.888805 -1.174936
v -6.350583 0.954552 -1.160127
v -6.315406 1.023834 -1.169106
v -6.288193 1.089867 -1.200996
v -6.271609 1.146189 -1.252675
v -6.267276 1.187287 -1.319084
v -6.275619 1.209137 -1.393723
v -6.295821 1.209600 -1.469285
v -6.325904 1.188632 -1.538374
v -6.362924 1.148285 -1.594226
v -6.403257 1.092508 -1.631376
v -6.442955 1.026761 -1.646186
v -6.543833 0.990048 -1.618708
v -6.570148 0.923988 -1.586127
v -6.586733 0.868385 -1.533676
v -6.591967 0.828682 -1.466488
v -6.585336 0.808766 -1.391140
v -6.567490 0.810587 -1.315007
v -6.540175 0.833966 -1.245543
v -6.506065 0.876614 -1.189546
v -6.468500 0.934357 -1.152499
v -6.431156 1.001543 -1.138027
v -6.397689 1.071594 -1.147547
v -6.371374 1.137655 -1.180128
v -6.354788 1.193258 -1.232579
v -6.349555 1.232960 -1.299768
v -6.356186 1.252876 -1.375116
v -6.374032 1.251055 -1.451248
v -6.401347 1.227677 -1.520712
v -6.435456 1.185029 -1.576709
v -6.473022 1.127286 -1.613756
v -6.510366 1.060100 -1.628228
v -6.609218 1.019414 -1.603197
v -6.634444 0.953382 -1.569710
v -6.650907 0.898618 -1.516345
v -6.656995 0.860483 -1.448326
v -6.652113 0.842709 -1.372312
v -6.636738 0.847036 -1.295743
v -6.612375 0.873041 -1.226114
v -6.581410 0.918177 -1.170241
v -6.546873 0.978028 -1.133594
v -6.512145 1.046734 -1.119759
v -6.480625 1.117570 -1.130091
v -6.455399 1.183601 -1.163579
v -6.438936 1.238365 -1.216944
v -6.432847 1.276500 -1.284963
v -6.437730 1.294274 -1.360977
v -6.453104 1.289947 -1.437546
v -6.477467 1.263943 -1.507175
v -6.508432 1.218806 -1.563048
v -6.542970 1.158955 -1.599695
v -6.577698 1.090249 -1.613530
v -6.673860 1.045287 -1.590637
v -6.697836 0.979372 -1.556020
v -6.714094 0.925591 -1.501603
v -6.721043 0.889209 -1.432712
v -6.718002 0.873787 -1.356091
v -6.705270 0.880834 -1.279239
v -6.684092 0.909662 -1.209680
v -6.656542 0.957447 -1.154223
v -6.625316 1.019512 -1.118296
v -6.593471 1.089782 -1.105416
v -6.564124 1.161379 -1.116843
v -6.540147 1.227294 -1.151460
v -6.523889 1.281075 -1.205877
v -6.516940 1.317457 -1.274769
v -6.519981 1.332879 -1.351390
v -6.532713 1.325832 -1.428241
v -6.553891 1.297004 -1.497800
v -6.581442 1.249219 -1.553257
v -6.612668 1.187154 -1.589185
v -6.644513 1.116884 -1.602065
v -6.737310 1.067466 -1.580961
v -6.759912 1.001785 -1.545003
v -6.775937 0.949147 -1.489412
v -6.783815 0.914705 -1.419629
v -6.782775 0.901830 -1.342486
v -6.772920 0.911784 -1.265533
v -6.755213 0.943591 -1.196304
v -6.731388 0.994138 -1.141574
v -6.703778 1.058477 -1.106702
v -6.675084 1.130310 -1.095101
v -6.648116 1.202606 -1.107906
v -6.625514 1.268288 -1.143864
v -6.609489 1.320926 -1.199455
v -6.601611 1.355368 -1.269238
v -6.602651 1.368242 -1.346381
v -6.612506 1.358289 -1.423334
v -6.630213 1.326482 -1.492563
v -6.654038 1.275935 -1.547293
v -6.681649 1.211595 -1.582165
v -6.710342 1.139762 -1.593766
v -6.799114 1.085847 -1.574079
v -6.820265 1.020537 -1.536591
v -6.836087 0.969205 -1.479735
v -6.845031 0.936874 -1.409077
v -6.846222 0.926709 -1.331532
v -6.839544 0.939705 -1.254692
v -6.825650 0.974590 -1.186077
v -6.805900 1.027949 -1.132406
v -6.782227 1.094560 -1.098930
v -6.756949 1.167901 -1.088928
v -6.732540 1.240793 -1.103378
v -6.711390 1.306102 -1.140865
v -6.695568 1.357435 -1.197721
v -6.686623 1.389766 -1.268379
v -6.685432 1.399931 -1.345924
v -6.692110 1.386935 -1.422765
v -6.706004 1.352050 -1.491379
v -6.725754 1.298691 -1.545051
v -6.749427 1.232080 -1.578526
v -6.774705 1.158739 -1.588528
v -6.858832 1.100422 -1.569873
v -6.878503 1.035639 -1.530705
v -6.894217 0.985763 -1.472537
v -6.904435 0.955678 -1.401064
v -6.908158 0.948327 -1.323282
v -6.905020 0.964431 -1.246805
v -6.895329 1.002412 -1.179118
v -6.880034 1.058554 -1.126849
v -6.860633 1.127360 -1.095112
v -6.839023 1.202095 -1.087015
v -6.817320 1.275444 -1.103350
v -6.797649 1.340227 -1.142519
v -6.781936 1.390102 -1.200686
v -6.771717 1.420188 -1.272159
v -6.767995 1.427539 -1.349941
v -6.771132 1.411435 -1.426419
v -6.780823 1.373454 -1.494105
v -6.796118 1.317312 -1.546375
v -6.815520 1.248506 -1.578111
v -6.837130 1.173771 -1.586208
v -6.916065 1.111281 -1.568211
v -6.934281 1.047181 -1.527257
v -6.950043 0.998887 -1.467783
v -6.961806 0.971126 -1.395610
v -6.968421 0.966617 -1.317804
v -6.969240 0.985800 -1.241980
v -6.964182 1.026799 -1.175560
v -6.953743 1.085598 -1.125048
v -6.938943 1.156444 -1.095386
v -6.921233 1.232400 -1.089478
v -6.902346 1.306033 -1.107903
v -6.884130 1.370133 -1.148857
v -6.868369 1.418427 -1.208332
v -6.856605 1.446188 -1.280504
v -6.849990 1.450697 -1.358311
v -6.849172 1.431513 -1.434135
v -6.854229 1.390515 -1.500554
v -6.864669 1.331716 -1.551067
v -6.879468 1.260870 -1.580729
v -6.897178 1.184914 -1.586636
v -6.970482 1.118601 -1.568947
v -6.987318 1.055329 -1.526155
v -7.003335 1.008696 -1.465437
v -7.016968 0.983266 -1.392736
v -7.026880 0.981529 -1.315169
v -7.032102 1.003654 -1.240329
v -7.032122 1.047477 -1.175540
v -7.026939 1.108707 -1.127146
v -7.017060 1.181351 -1.099884
v -7.003451 1.258297 -1.096422
v -6.987446 1.332014 -1.117099
v -6.970610 1.395287 -1.159891
v -6.954592 1.441920 -1.220609
v -6.940960 1.467350 -1.293309
v -6.931047 1.469087 -1.370877
v -6.925826 1.446961 -1.445717
v -6.925805 1.403139 -1.510505
v -6.930988 1.341909 -1.558899
v -6.940868 1.269265 -1.586162
v -6.954476 1.192319 -1.589624
v -7.021846 1.122626 -1.571931
v -7.037420 1.060306 -1.527304
v -7.053943 1.015354 -1.465463
v -7.069796 0.992171 -1.392462
v -7.083428 0.993026 -1.315447
v -7.093504 1.017834 -1.241956
v -7.099038 1.064169 -1.179183
v -7.099488 1.127494 -1.133273
v -7.094810 1.201610 -1.108720
v -7.085463 1.279262 -1.107927
v -7.072361 1.352850 -1.130973
v -7.056786 1.415170 -1.175600
v -7.040263 1.460122 -1.237441
v -7.024410 1.483305 -1.310442
v -7.010778 1.482450 -1.387457
v -7.000702 1.457641 -1.460948
v -6.995169 1.411307 -1.523721
v -6.994718 1.347982 -1.569631
v -6.999396 1.273866 -1.594184
v -7.008743 1.196214 -1.594977
v -7.070037 1.123639 -1.577023
v -7.084505 1.062362 -1.530614
v -7.101799 1.019045 -1.467825
v -7.120226 0.997927 -1.394801
v -7.137984 1.001077 -1.318692
v -7.153334 1.028186 -1.246946
v -7.164772 1.076600 -1.186587
v -7.171181 1.141580 -1.143524
v -7.171931 1.216766 -1.121971
v -7.166950 1.294797 -1.124038
v -7.156726 1.368035 -1.149524
v -7.142259 1.429312 -1.195932
v -7.124965 1.472629 -1.258721
v -7.106537 1.493747 -1.331745
v -7.088779 1.490597 -1.407855
v -7.073430 1.463488 -1.479600
v -7.061991 1.415074 -1.539959
v -7.055583 1.350094 -1.583023
v -7.054832 1.274908 -1.604576
v -7.059813 1.196877 -1.602508
v -7.115064 1.121935 -1.584101
v -7.128599 1.061752 -1.536010
v -7.146927 1.019950 -1.472492
v -7.168254 1.000621 -1.399762
v -7.190492 1.005658 -1.324942
v -7.211464 1.034567 -1.255355
v -7.229118 1.084518 -1.197813
v -7.241726 1.150622 -1.157947
v -7.248053 1.226408 -1.139662
v -7.247479 1.304458 -1.144745
v -7.240062 1.377131 -1.172701
v -7.226527 1.437314 -1.220791
v -7.208199 1.479116 -1.284310
v -7.186872 1.498445 -1.357039
v -7.164634 1.493408 -1.431859
v -7.143662 1.464499 -1.501446
v -7.126008 1.414548 -1.558989
v -7.113400 1.348444 -1.598854
v -7.107074 1.272658 -1.617140
v -7.107647 1.194608 -1.612056
v -7.157056 1.117780 -1.593082
v -7.169842 1.058699 -1.543444
v -7.189438 1.018226 -1.479446
v -7.213927 1.000323 -1.407351
v -7.240911 1.006741 -1.334217
v -7.267749 1.036853 -1.267202
v -7.291814 1.087712 -1.212868
v -7.310750 1.154338 -1.176531
v -7.322704 1.230210 -1.161750
v -7.326505 1.307901 -1.169971
v -7.321781 1.379806 -1.200389
v -7.308995 1.438887 -1.250027
v -7.289399 1.479360 -1.314026
v -7.264910 1.497263 -1.386121
v -7.237926 1.490845 -1.459255
v -7.211088 1.460733 -1.526269
v -7.187023 1.409874 -1.580604
v -7.168087 1.343248 -1.616940
v -7.156133 1.267376 -1.631721
v -7.152332 1.189685 -1.623500
v -7.196239 1.111381 -1.603929
v -7.208455 1.053370 -1.552904
v -7.229506 1.013983 -1.488690
v -7.257334 0.997075 -1.417573
v -7.289213 1.004301 -1.346514
v -7.322023 1.034953 -1.282468
v -7.352553 1.086031 -1.231705
v -7.377815 1.152536 -1.199194
v -7.395334 1.227957 -1.188118
v -7.403397 1.304911 -1.199560
v -7.401214 1.375867 -1.232401
v -7.388999 1.433877 -1.283426
v -7.367947 1.473264 -1.347640
v -7.340120 1.490173 -1.418757
v -7.308240 1.482947 -1.489816
v -7.275430 1.452295 -1.553862
v -7.244900 1.401216 -1.604625
v -7.219639 1.334712 -1.637136
v -7.202119 1.259291 -1.648212
v -7.194057 1.182336 -1.636770
v -7.232900 1.102860 -1.616654
v -7.244708 1.045853 -1.564417
v -7.267339 1.007270 -1.500252
v -7.298577 0.990887 -1.430440
v -7.335366 0.998310 -1.361815
v -7.374104 1.028810 -1.301094
v -7.410999 1.079403 -1.254221
v -7.442439 1.145136 -1.225784
v -7.465347 1.219574 -1.218567
v -7.477481 1.295432 -1.233277
v -7.477652 1.365283 -1.268472
v -7.465844 1.422290 -1.320709
v -7.443213 1.460873 -1.384874
v -7.411974 1.477255 -1.454686
v -7.375185 1.469832 -1.523311
v -7.336448 1.439332 -1.584032
v -7.299553 1.388739 -1.630905
v -7.268113 1.323007 -1.659342
v -7.245204 1.248568 -1.666559
v -7.233071 1.172711 -1.651850
v -7.267325 1.092246 -1.631315
v -7.278866 1.036149 -1.578045
v -7.303133 0.998069 -1.514177
v -7.337749 0.981735 -1.445965
v -7.379325 0.988746 -1.380085
v -7.423794 1.018415 -1.322987
v -7.466801 1.067838 -1.280259
v -7.504136 1.132177 -1.256083
v -7.532146 1.205135 -1.252827
v -7.548087 1.279569 -1.270809
v -7.550401 1.348194 -1.308269
v -7.538859 1.404292 -1.361540
v -7.514593 1.442371 -1.425407
v -7.479977 1.458705 -1.493619
v -7.438400 1.451694 -1.559499
v -7.393931 1.422025 -1.616597
v -7.350925 1.372602 -1.659326
v -7.313589 1.308263 -1.683501
v -7.285580 1.235305 -1.686757
v -7.269638 1.160871 -1.668775
v -7.299755 1.079491 -1.647996
v -7.311146 1.024190 -1.593866
v -7.337039 0.986314 -1.530519
v -7.374899 0.969570 -1.464154
v -7.421020 0.975596 -1.401270
v -7.470888 1.003803 -1.348021
v -7.519621 1.051431 -1.309619
v -7.562449 1.113815 -1.289824
v -7.595180 1.184851 -1.290574
v -7.614609 1.257584 -1.311794
v -7.618835 1.324896 -1.351408
v -7.607444 1.380196 -1.405538
v -7.581552 1.418072 -1.468885
v -7.543692 1.434816 -1.535249
v -7.497570 1.428790 -1.598134
v -7.447702 1.400583 -1.651383
v -7.398969 1.352956 -1.689785
v -7.356141 1.290571 -1.709580
v -7.323411 1.219535 -1.708830
v -7.303982 1.146802 -1.687610
v -7.330346 1.064491 -1.666781
v -7.341677 1.009866 -1.611958
v -7.369132 0.971910 -1.549320
v -7.410023 0.954338 -1.484999
v -7.460346 0.958870 -1.425293
v -7.515178 0.985062 -1.376044
v -7.569149 1.030351 -1.342075
v -7.616977 1.090304 -1.326709
v -7.653981 1.159051 -1.331452
v -7.676537 1.229864 -1.355839
v -7.682438 1.295810 -1.397482
v -7.671107 1.350435 -1.452306
v -7.643652 1.388391 -1.514944
v -7.602761 1.405964 -1.579264
v -7.552438 1.401431 -1.638971
v -7.497606 1.375239 -1.688219
v -7.443635 1.329950 -1.722189
v -7.395807 1.269997 -1.737554
v -7.358803 1.201250 -1.732812
v -7.336247 1.130437 -1.708425
v -7.359147 1.047130 -1.687734
v -7.370487 0.993055 -1.632369
v -7.399398 0.954763 -1.570597
v -7.443048 0.936002 -1.508464
v -7.497168 0.938608 -1.452052
v -7.556456 0.962326 -1.406883
v -7.615111 1.004835 -1.377378
v -7.667391 1.061974 -1.366427
v -7.708179 1.128149 -1.375100
v -7.733480 1.196882 -1.402549
v -7.740820 1.261446 -1.446086
v -7.729480 1.315521 -1.501451
v -7.700570 1.353813 -1.563223
v -7.656919 1.372575 -1.625356
v -7.602800 1.369968 -1.681768
v -7.543511 1.346250 -1.726937
v -7.484856 1.303741 -1.756442
v -7.432576 1.246603 -1.767393
v -7.391789 1.180428 -1.758720
v -7.366487 1.111694 -1.731272
v -7.386106 1.027314 -1.710871
v -7.397505 0.973665 -1.655106
v -7.427738 0.934813 -1.594324
v -7.473846 0.914562 -1.534475
v -7.531316 0.914894 -1.481418
v -7.594522 0.935776 -1.440346
v -7.657276 0.975165 -1.415279
v -7.713437 1.029204 -1.408672
v -7.757505 1.092605 -1.421170
v -7.785170 1.159160 -1.451551
v -7.793721 1.222356 -1.496840
v -7.782321 1.276006 -1.552605
v -7.752088 1.314857 -1.613387
v -7.705980 1.335109 -1.673236
v -7.648510 1.334777 -1.726293
v -7.585305 1.313894 -1.767365
v -7.522550 1.274505 -1.792432
v -7.466390 1.220466 -1.799039
v -7.422320 1.157065 -1.786541
v -7.394657 1.090510 -1.756160
v -7.411087 1.005003 -1.736153
v -7.422579 0.951657 -1.680117
v -7.453988 0.912054 -1.620425
v -7.502237 0.890071 -1.562922
v -7.562605 0.887860 -1.513235
v -7.629182 0.905636 -1.476229
v -7.695451 0.941660 -1.455526
v -7.754925 0.992405 -1.453152
v -7.801783 1.052905 -1.469341
v -7.831438 1.117237 -1.502506
v -7.840986 1.179103 -1.549403
v -7.829494 1.232449 -1.605439
v -7.798085 1.272052 -1.665131
v -7.749836 1.294035 -1.722634
v -7.689468 1.296247 -1.772321
v -7.622891 1.278471 -1.809327
v -7.556622 1.242447 -1.830030
v -7.497148 1.191701 -1.832404
v -7.450290 1.131202 -1.816216
v -7.420635 1.066870 -1.783050
v -7.433897 0.980228 -1.763484
v -7.445505 0.927068 -1.707294
v -7.477935 0.886553 -1.648773
v -7.528013 0.862646 -1.593650
v -7.590837 0.857690 -1.547319
v -7.660257 0.872168 -1.514317
v -7.729479 0.904664 -1.497874
v -7.791725 0.951996 -1.499599
v -7.840903 1.009532 -1.519323
v -7.872200 1.071639 -1.555116
v -7.882550 1.132239 -1.603474
v -7.870943 1.185398 -1.659664
v -7.838512 1.225914 -1.718185
v -7.788434 1.249820 -1.773309
v -7.725610 1.254777 -1.819639
v -7.656190 1.240299 -1.852641
v -7.586969 1.207803 -1.869085
v -7.524723 1.160470 -1.867360
v -7.475544 1.102934 -1.847635
v -7.444248 1.040827 -1.811842
v -7.454314 0.953099 -1.792707
v -7.466049 0.900013 -1.736476
v -7.499349 0.858445 -1.679194
v -7.550956 0.832466 -1.626470
v -7.615816 0.824618 -1.583465
v -7.687582 0.835670 -1.554388
v -7.759228 0.864539 -1.542085
v -7.823740 0.908400 -1.547760
v -7.874805 0.962960 -1.570859
v -7.907424 1.022877 -1.609121
v -7.918403 1.082286 -1.658798
v -7.906668 1.135373 -1.715030
v -7.873368 1.176941 -1.772312
v -7.821761 1.202920 -1.825036
v -7.756901 1.210768 -1.868041
v -7.685135 1.199716 -1.897118
v -7.613489 1.170847 -1.909421
v -7.548976 1.126986 -1.903745
v -7.497911 1.072426 -1.880646
v -7.465293 1.012509 -1.842385
v -7.472111 0.923806 -1.823623
v -7.483975 0.870681 -1.767455
v -7.517999 0.827941 -1.711475
v -7.570849 0.799770 -1.661165
v -7.637354 0.788926 -1.621448
v -7.711003 0.796469 -1.596212
v -7.784587 0.821662 -1.587928
v -7.850904 0.862039 -1.597407
v -7.903461 0.913647 -1.623720
v -7.937113 0.971434 -1.664292
v -7.948567 1.029744 -1.715151
v -7.936702 1.082868 -1.771320
v -7.902679 1.125608 -1.827299
v -7.849829 1.153779 -1.877609
v -7.783324 1.164624 -1.917326
v -7.709675 1.157080 -1.942562
v -7.636090 1.131887 -1.950846
v -7.569775 1.091511 -1.941368
v -7.517218 1.039903 -1.915054
v -7.483565 0.982116 -1.874482
v -7.487076 0.892607 -1.855989
v -7.499065 0.839335 -1.799986
v -7.533667 0.795314 -1.745371
v -7.587495 0.764853 -1.697490
v -7.655281 0.750934 -1.661030
v -7.730388 0.754920 -1.639559
v -7.805465 0.776419 -1.635180
v -7.873162 0.813328 -1.648321
v -7.926854 0.862034 -1.677696
v -7.961284 0.917769 -1.720430
v -7.973082 0.975077 -1.772338
v -7.961093 1.028349 -1.828341
v -7.926491 1.072370 -1.882956
v -7.872663 1.102831 -1.930837
v -7.804877 1.116750 -1.967298
v -7.729770 1.112764 -1.988768
v -7.654693 1.091265 -1.993147
v -7.586996 1.054356 -1.980006
v -7.533304 1.005650 -1.950631
v -7.498874 0.949915 -1.907897
v -7.499028 0.859816 -1.889536
v -7.511126 0.806290 -1.833799
v -7.546166 0.760887 -1.780614
v -7.600719 0.728051 -1.735186
v -7.669445 0.710998 -1.701962
v -7.745616 0.711395 -1.684194
v -7.821777 0.729204 -1.683621
v -7.890471 0.762683 -1.700300
v -7.944976 0.808553 -1.732597
v -7.979955 0.862324 -1.777352
v -7.991985 0.918734 -1.830184
v -7.979887 0.972260 -1.885920
v -7.944847 1.017663 -1.939105
v -7.890294 1.050499 -1.984533
v -7.821568 1.067553 -2.017758
v -7.745397 1.067155 -2.035526
v -7.669236 1.049346 -2.036098
v -7.600541 1.015868 -2.019420
v -7.546037 0.969998 -1.987122
v -7.511058 0.916226 -1.942367
v -7.507823 0.825797 -1.923973
v -7.520004 0.771909 -1.868604
v -7.555341 0.725026 -1.816921
v -7.610376 0.689738 -1.773981
v -7.679721 0.669497 -1.743989
v -7.756588 0.666287 -1.729880
v -7.833453 0.680420 -1.733035
v -7.902792 0.710514 -1.753146
v -7.957817 0.753622 -1.788243
v -7.993143 0.805526 -1.834892
v -8.005310 0.861143 -1.888525
v -7.993129 0.915031 -1.943894
v -7.957791 0.961914 -1.995577
v -7.902757 0.997203 -2.038516
v -7.833412 1.017443 -2.068509
v -7.756545 1.020654 -2.082618
v -7.679679 1.006521 -2.079462
v -7.610341 0.976427 -2.059352
v -7.555315 0.933318 -2.024255
v -7.519990 0.881415 -1.977606
v -7.513357 0.790943 -1.958996
v -7.525586 0.736587 -1.904098
v -7.561076 0.688127 -1.853998
v -7.616354 0.650309 -1.813598
v -7.686007 0.626834 -1.786854
v -7.763218 0.619999 -1.776383
v -7.840429 0.630474 -1.783211
v -7.910083 0.657234 -1.806669
v -7.965360 0.697658 -1.844461
v -8.000851 0.747791 -1.892887
v -8.013080 0.802724 -1.947207
v -8.000851 0.857081 -2.002105
v -7.965360 0.905540 -2.052206
v -7.910083 0.943358 -2.092605
v -7.840429 0.966834 -2.119349
v -7.763218 0.973669 -2.129820
v -7.686007 0.963194 -2.122993
v -7.616354 0.936434 -2.099535
v -7.561076 0.896009 -2.061743
v -7.525586 0.845877 -2.013316
v -7.515577 0.755670 -1.994292
v -7.527806 0.700737 -1.939972
v -7.563296 0.650604 -1.891546
v -7.618574 0.610179 -1.853754
v -7.688227 0.583420 -1.830296
v -7.765438 0.572945 -1.823468
v -7.842649 0.579779 -1.833939
v -7.912303 0.603255 -1.860683
v -7.967580 0.641073 -1.901083
v -8.003071 0.689533 -1.951184
v -8.015299 0.743889 -2.006081
v -8.003071 0.798823 -2.060402
v -7.967580 0.848955 -2.108828
v -7.912303 0.889380 -2.146620
v -7.842649 0.916139 -2.170078
v -7.765438 0.926615 -2.176905
v -7.688227 0.919780 -2.166435
v -7.618574 0.896304 -2.139690
v -7.563296 0.858486 -2.099291
v -7.527806 0.810027 -2.049190
v -7.514474 0.720398 -2.029548
v -7.526642 0.664781 -1.975915
v -7.561967 0.612877 -1.929266
v -7.616992 0.569769 -1.894169
v -7.686331 0.539675 -1.874058
v -7.763196 0.525542 -1.870903
v -7.840064 0.528752 -1.885012
v -7.909409 0.548993 -1.915004
v -7.964443 0.584282 -1.957944
v -7.999781 0.631165 -2.009627
v -8.011962 0.685052 -2.064996
v -7.999794 0.740670 -2.118629
v -7.964469 0.792574 -2.165278
v -7.909444 0.835682 -2.200375
v -7.840105 0.865776 -2.220485
v -7.763240 0.879909 -2.223641
v -7.686373 0.876698 -2.209532
v -7.617028 0.856458 -2.179539
v -7.561993 0.821169 -2.136600
v -7.526656 0.774286 -2.084917
v -7.510088 0.685548 -2.064449
v -7.522118 0.629138 -2.011617
v -7.557096 0.575366 -1.966862
v -7.611601 0.529496 -1.934565
v -7.680296 0.496018 -1.917886
v -7.756456 0.478209 -1.918459
v -7.832628 0.477811 -1.936227
v -7.901354 0.494865 -1.969451
v -7.955907 0.527701 -2.014879
v -7.990947 0.573104 -2.068065
v -8.003044 0.626630 -2.123801
v -7.991015 0.683040 -2.176632
v -7.956036 0.736812 -2.221387
v -7.901532 0.782682 -2.253685
v -7.832837 0.816160 -2.270364
v -7.756677 0.833969 -2.269791
v -7.680505 0.834367 -2.252023
v -7.611779 0.817313 -2.218798
v -7.557226 0.784477 -2.173370
v -7.522186 0.739074 -2.120185
v -7.502504 0.651519 -2.098689
v -7.514302 0.594211 -2.046780
v -7.548732 0.538476 -2.004047
v -7.602423 0.489770 -1.974672
v -7.670121 0.452861 -1.961531
v -7.745198 0.431362 -1.965909
v -7.820305 0.427376 -1.987380
v -7.888090 0.441295 -2.023840
v -7.941918 0.471756 -2.071721
v -7.976521 0.515777 -2.126336
v -7.988509 0.569049 -2.182339
v -7.976711 0.626357 -2.234248
v -7.942281 0.682092 -2.276981
v -7.888590 0.730798 -2.306356
v -7.820892 0.767707 -2.319497
v -7.745815 0.789206 -2.315118
v -7.670708 0.793192 -2.293648
v -7.602923 0.779273 -2.257188
v -7.549095 0.748812 -2.209306
v -7.514493 0.704791 -2.154691
v -7.491850 0.618686 -2.131974
v -7.503305 0.560376 -2.081115
v -7.536958 0.502589 -2.040543
v -7.589514 0.450981 -2.014230
v -7.655830 0.410605 -2.004751
v -7.729414 0.385412 -2.013035
v -7.803064 0.377868 -2.038271
v -7.869569 0.388713 -2.077988
v -7.922419 0.416884 -2.128298
v -7.956442 0.459624 -2.184278
v -7.968307 0.512749 -2.240446
v -7.956853 0.571059 -2.291306
v -7.923200 0.628846 -2.331877
v -7.870644 0.680453 -2.358191
v -7.804327 0.720830 -2.367669
v -7.730743 0.746023 -2.359385
v -7.657094 0.753566 -2.334149
v -7.590589 0.742722 -2.294432
v -7.537738 0.714551 -2.244122
v -7.503716 0.671811 -2.188143
v -7.478294 0.587378 -2.164032
v -7.489273 0.527968 -2.114354
v -7.521892 0.468051 -2.076093
v -7.572957 0.413492 -2.052994
v -7.637470 0.369631 -2.047318
v -7.709116 0.340761 -2.059621
v -7.780881 0.329710 -2.088698
v -7.845742 0.337558 -2.131704
v -7.897348 0.363537 -2.184428
v -7.930649 0.405104 -2.241709
v -7.942384 0.458191 -2.297941
v -7.931405 0.517601 -2.347619
v -7.898786 0.577518 -2.385880
v -7.847721 0.632077 -2.408979
v -7.783208 0.675938 -2.414655
v -7.711562 0.704807 -2.402352
v -7.639796 0.715859 -2.373275
v -7.574936 0.708011 -2.330269
v -7.523330 0.682032 -2.277545
v -7.490029 0.640465 -2.220264
v -7.462032 0.557872 -2.194616
v -7.472383 0.497272 -2.146258
v -7.503679 0.435165 -2.110465
v -7.552857 0.377629 -2.090740
v -7.615104 0.330297 -2.089015
v -7.684325 0.297801 -2.105459
v -7.753745 0.283323 -2.138461
v -7.816569 0.288279 -2.184791
v -7.866647 0.312186 -2.239915
v -7.899077 0.352701 -2.298436
v -7.910685 0.405861 -2.354625
v -7.900334 0.466460 -2.402984
v -7.869038 0.528567 -2.438777
v -7.819860 0.586103 -2.458501
v -7.757613 0.633436 -2.460226
v -7.688392 0.665932 -2.443783
v -7.618972 0.680410 -2.410780
v -7.556148 0.675453 -2.364450
v -7.506070 0.651547 -2.309326
v -7.473639 0.611031 -2.250806
v -7.443274 0.530376 -2.223519
v -7.452823 0.468510 -2.176623
v -7.482477 0.404178 -2.143457
v -7.529335 0.343678 -2.127269
v -7.588809 0.292932 -2.129642
v -7.655078 0.256909 -2.150345
v -7.721655 0.239132 -2.187351
v -7.782023 0.241344 -2.237038
v -7.830273 0.263327 -2.294542
v -7.861681 0.302930 -2.354233
v -7.873173 0.356276 -2.410270
v -7.863625 0.418142 -2.457166
v -7.833970 0.482474 -2.490332
v -7.787113 0.542974 -2.506520
v -7.727638 0.593720 -2.504147
v -7.661369 0.629744 -2.483444
v -7.594792 0.647520 -2.446438
v -7.534424 0.645308 -2.396751
v -7.486175 0.623325 -2.339247
v -7.454767 0.583722 -2.279556
v -7.422229 0.505027 -2.250581
v -7.430780 0.441831 -2.205291
v -7.458444 0.375276 -2.174910
v -7.502513 0.311875 -2.162412
v -7.558674 0.257836 -2.169019
v -7.621428 0.218447 -2.194086
v -7.684634 0.197564 -2.235158
v -7.742103 0.197233 -2.288215
v -7.788211 0.217484 -2.348064
v -7.818445 0.256336 -2.408846
v -7.829844 0.309985 -2.464611
v -7.821293 0.373181 -2.509900
v -7.793629 0.439736 -2.540281
v -7.749560 0.503137 -2.552779
v -7.693399 0.557176 -2.546172
v -7.630645 0.596565 -2.521105
v -7.567440 0.617448 -2.480033
v -7.509970 0.617779 -2.426976
v -7.463861 0.597528 -2.367127
v -7.433628 0.558676 -2.306345
v -7.399076 0.481882 -2.275694
v -7.406416 0.417318 -2.232157
v -7.431718 0.348585 -2.204708
v -7.472506 0.282410 -2.196035
v -7.524786 0.225271 -2.206986
v -7.583441 0.182762 -2.236491
v -7.642729 0.159044 -2.281660
v -7.696848 0.156438 -2.338072
v -7.740499 0.175199 -2.400205
v -7.769410 0.213491 -2.461977
v -7.780750 0.267566 -2.517342
v -7.773410 0.332130 -2.560879
v -7.748108 0.400864 -2.588328
v -7.707321 0.467039 -2.597001
v -7.655041 0.524177 -2.586050
v -7.596385 0.566686 -2.556545
v -7.537097 0.590404 -2.511376
v -7.482978 0.593011 -2.454964
v -7.439327 0.574249 -2.392831
v -7.410417 0.535957 -2.331059
v -7.373938 0.460931 -2.298814
v -7.379839 0.394984 -2.257170
v -7.402395 0.324172 -2.232784
v -7.439398 0.255424 -2.228041
v -7.487226 0.195472 -2.243406
v -7.541198 0.150183 -2.277376
v -7.596029 0.123990 -2.326624
v -7.646353 0.119458 -2.386331
v -7.687244 0.137030 -2.450651
v -7.714699 0.174986 -2.513289
v -7.726030 0.229611 -2.568113
v -7.720129 0.295558 -2.609757
v -7.697572 0.366370 -2.634143
v -7.660569 0.435118 -2.638886
v -7.612741 0.495070 -2.623521
v -7.558769 0.540359 -2.589551
v -7.503938 0.566552 -2.540303
v -7.453614 0.571084 -2.480596
v -7.412724 0.553512 -2.416276
v -7.385269 0.515556 -2.353638
v -7.346852 0.442111 -2.319948
v -7.351078 0.374800 -2.280334
v -7.370508 0.302067 -2.259113
v -7.403238 0.231031 -2.258364
v -7.446066 0.168646 -2.278159
v -7.494799 0.121019 -2.316561
v -7.544667 0.092812 -2.369810
v -7.590788 0.086785 -2.432694
v -7.628648 0.103530 -2.499058
v -7.654541 0.141406 -2.562406
v -7.665932 0.196706 -2.616536
v -7.661706 0.264017 -2.656150
v -7.642276 0.336751 -2.677370
v -7.609546 0.407786 -2.678120
v -7.566718 0.470171 -2.658325
v -7.517985 0.517798 -2.619923
v -7.468117 0.546005 -2.566674
v -7.421996 0.552032 -2.503789
v -7.384136 0.535288 -2.437425
v -7.358243 0.497411 -2.374078
v -7.317758 0.425340 -2.339149
v -7.320071 0.356715 -2.301689
v -7.336012 0.282281 -2.283707
v -7.364022 0.209323 -2.286963
v -7.401357 0.144984 -2.311138
v -7.444364 0.095561 -2.353866
v -7.488832 0.065892 -2.410965
v -7.530410 0.058881 -2.476845
v -7.565025 0.075215 -2.545057
v -7.589292 0.113295 -2.608924
v -7.600833 0.169392 -2.662195
v -7.598519 0.238017 -2.699655
v -7.582578 0.312451 -2.717637
v -7.554568 0.385409 -2.714381
v -7.517233 0.449748 -2.690205
v -7.474226 0.499171 -2.647477
v -7.429758 0.528840 -2.590378
v -7.388181 0.535851 -2.524498
v -7.353565 0.519517 -2.456286
v -7.329298 0.481438 -2.392419
v -7.286487 0.410551 -2.356491
v -7.286658 0.340700 -2.321295
v -7.298791 0.264842 -2.306586
v -7.321700 0.190404 -2.313803
v -7.353140 0.124671 -2.342239
v -7.390035 0.074078 -2.389112
v -7.428772 0.043578 -2.449833
v -7.465561 0.036155 -2.518459
v -7.496800 0.052538 -2.588271
v -7.519431 0.091121 -2.652435
v -7.531239 0.148128 -2.704672
v -7.531067 0.217979 -2.739868
v -7.518934 0.293836 -2.754577
v -7.496026 0.368275 -2.747360
v -7.464586 0.434007 -2.718924
v -7.427691 0.484600 -2.672050
v -7.388953 0.515100 -2.611330
v -7.352164 0.522523 -2.542704
v -7.320925 0.506141 -2.472892
v -7.298294 0.467558 -2.408727
v -7.252789 0.397731 -2.372046
v -7.250606 0.326776 -2.339206
v -7.258668 0.249821 -2.327764
v -7.276188 0.174400 -2.338840
v -7.301449 0.107895 -2.371351
v -7.331979 0.056817 -2.422113
v -7.364789 0.026165 -2.486159
v -7.396669 0.018939 -2.557218
v -7.424496 0.035848 -2.628336
v -7.445548 0.075235 -2.692550
v -7.457763 0.133245 -2.743574
v -7.459946 0.204201 -2.776415
v -7.451883 0.281155 -2.787857
v -7.434364 0.356576 -2.776781
v -7.409102 0.423081 -2.744270
v -7.378572 0.474159 -2.693508
v -7.345762 0.504811 -2.629462
v -7.313883 0.512037 -2.558403
v -7.286056 0.495128 -2.487285
v -7.265004 0.455741 -2.423071
v -7.216364 0.386948 -2.385862
v -7.211640 0.315043 -2.355444
v -7.215442 0.237352 -2.347223
v -7.227395 0.161480 -2.362004
v -7.246331 0.094854 -2.398340
v -7.270396 0.043996 -2.452675
v -7.297234 0.013883 -2.519689
v -7.324218 0.007465 -2.592824
v -7.348707 0.025369 -2.664918
v -7.368304 0.065842 -2.728917
v -7.381090 0.124923 -2.778555
v -7.385813 0.196828 -2.808973
v -7.382012 0.274519 -2.817194
v -7.370059 0.350391 -2.802413
v -7.351122 0.417017 -2.766077
v -7.327058 0.467875 -2.711742
v -7.300220 0.497987 -2.644728
v -7.273235 0.504406 -2.571594
v -7.248746 0.486502 -2.499499
v -7.229150 0.446029 -2.435500
v -7.176919 0.378364 -2.397938
v -7.169502 0.305691 -2.369982
v -7.168929 0.227641 -2.364899
v -7.175256 0.151855 -2.383184
v -7.187863 0.085751 -2.423050
v -7.205517 0.035800 -2.480592
v -7.226490 0.006891 -2.550179
v -7.248728 0.001855 -2.625000
v -7.270055 0.021183 -2.697729
v -7.288383 0.062985 -2.761247
v -7.301918 0.123168 -2.809338
v -7.309335 0.195842 -2.837294
v -7.309908 0.273891 -2.842377
v -7.303581 0.349677 -2.824091
v -7.290974 0.415781 -2.784226
v -7.273320 0.465733 -2.726683
v -7.252347 0.494641 -2.657096
v -7.230109 0.499678 -2.582276
v -7.208782 0.480349 -2.509547
v -7.190454 0.438547 -2.446028
v -7.134219 0.372225 -2.408223
v -7.123994 0.298986 -2.382738
v -7.119014 0.220955 -2.380671
v -7.119764 0.145769 -2.402223
v -7.126173 0.080789 -2.445287
v -7.137611 0.032376 -2.505646
v -7.152961 0.005267 -2.577391
v -7.170718 0.002117 -2.653501
v -7.189146 0.023234 -2.726524
v -7.206440 0.066551 -2.789314
v -7.220907 0.127828 -2.835722
v -7.231132 0.201067 -2.861208
v -7.236113 0.279098 -2.863275
v -7.235362 0.354283 -2.841722
v -7.228954 0.419263 -2.798659
v -7.217515 0.467677 -2.738300
v -7.202166 0.494786 -2.666554
v -7.184408 0.497936 -2.590445
v -7.165980 0.476819 -2.517421
v -7.148686 0.433502 -2.454632
v -7.088124 0.368835 -2.416621
v -7.075022 0.295247 -2.393576
v -7.065674 0.217594 -2.394369
v -7.060997 0.143478 -2.418922
v -7.061447 0.080153 -2.464832
v -7.066981 0.033819 -2.527604
v -7.077057 0.009010 -2.601095
v -7.090689 0.008155 -2.678111
v -7.106542 0.031338 -2.751112
v -7.123064 0.076290 -2.812953
v -7.138639 0.138610 -2.857580
v -7.151742 0.212198 -2.880625
v -7.161089 0.289850 -2.879832
v -7.165767 0.363967 -2.855279
v -7.165316 0.427291 -2.809369
v -7.159782 0.473626 -2.746597
v -7.149706 0.498435 -2.673105
v -7.136075 0.499289 -2.596090
v -7.120222 0.476106 -2.523089
v -7.103699 0.431155 -2.461248
v -7.038621 0.368528 -2.422997
v -7.022615 0.294811 -2.402321
v -7.009007 0.217864 -2.405783
v -6.999128 0.145221 -2.433045
v -6.993945 0.083990 -2.481439
v -6.993965 0.040168 -2.546227
v -6.999187 0.018042 -2.621068
v -7.009099 0.019779 -2.698635
v -7.022732 0.045209 -2.771336
v -7.038750 0.091843 -2.832054
v -7.055585 0.155115 -2.874846
v -7.071591 0.228832 -2.895523
v -7.085199 0.305778 -2.892060
v -7.095078 0.378422 -2.864798
v -7.100262 0.439652 -2.816404
v -7.100241 0.483475 -2.751616
v -7.095019 0.505600 -2.676775
v -7.085107 0.503863 -2.599208
v -7.071475 0.478433 -2.526507
v -7.055457 0.431800 -2.465789
v -6.985824 0.371627 -2.427197
v -6.966936 0.297995 -2.408772
v -6.949226 0.222038 -2.414679
v -6.934427 0.151193 -2.444341
v -6.923988 0.092393 -2.494854
v -6.918930 0.051395 -2.561273
v -6.919748 0.032211 -2.637097
v -6.926363 0.036721 -2.714904
v -6.938127 0.064481 -2.787076
v -6.953888 0.112775 -2.846551
v -6.972104 0.176876 -2.887505
v -6.990992 0.250508 -2.905930
v -7.008701 0.326464 -2.900022
v -7.023500 0.397310 -2.870360
v -7.033940 0.456110 -2.819847
v -7.038998 0.497108 -2.753428
v -7.038179 0.516291 -2.677604
v -7.031565 0.511782 -2.599798
v -7.019801 0.484022 -2.527625
v -7.004039 0.435728 -2.468151
v -6.929962 0.378414 -2.429055
v -6.908259 0.305065 -2.412720
v -6.886649 0.230329 -2.420817
v -6.867247 0.161523 -2.452554
v -6.851953 0.105382 -2.504823
v -6.842262 0.067400 -2.572510
v -6.839124 0.051297 -2.648987
v -6.842847 0.058647 -2.726769
v -6.853065 0.088733 -2.798242
v -6.868779 0.138608 -2.856410
v -6.888450 0.203391 -2.895578
v -6.910152 0.276740 -2.911913
v -6.931762 0.351475 -2.903816
v -6.951164 0.420281 -2.872079
v -6.966459 0.476423 -2.819810
v -6.976150 0.514404 -2.752123
v -6.979287 0.530508 -2.675646
v -6.975565 0.523157 -2.597864
v -6.965346 0.493072 -2.526391
v -6.949633 0.443197 -2.468223
v -6.871363 0.389100 -2.428411
v -6.846954 0.316207 -2.413962
v -6.821676 0.242866 -2.423964
v -6.798004 0.176256 -2.457439
v -6.778254 0.122896 -2.511111
v -6.764359 0.088011 -2.579726
v -6.757681 0.075015 -2.656566
v -6.758873 0.085180 -2.734111
v -6.767817 0.117511 -2.804769
v -6.783638 0.168844 -2.861625
v -6.804789 0.234153 -2.899112
v -6.829198 0.307046 -2.913562
v -6.854476 0.380387 -2.903560
v -6.878149 0.446997 -2.870085
v -6.897899 0.500356 -2.816413
v -6.911793 0.535241 -2.747798
v -6.918471 0.548237 -2.670958
v -6.917280 0.538072 -2.593413
v -6.908336 0.505741 -2.522755
v -6.892514 0.454409 -2.465899
v -6.810424 0.403809 -2.425118
v -6.783456 0.331513 -2.412313
v -6.754763 0.259680 -2.423914
v -6.727152 0.195341 -2.458786
v -6.703327 0.144794 -2.513516
v -6.685620 0.112987 -2.582745
v -6.675765 0.103033 -2.659698
v -6.674725 0.115908 -2.736841
v -6.682603 0.150350 -2.806624
v -6.698627 0.202988 -2.862216
v -6.721230 0.268669 -2.898173
v -6.748198 0.340965 -2.910979
v -6.776892 0.412798 -2.899377
v -6.804502 0.477138 -2.864505
v -6.828327 0.527685 -2.809775
v -6.846034 0.559492 -2.740546
v -6.855889 0.569445 -2.663593
v -6.856929 0.556571 -2.586450
v -6.849051 0.522129 -2.516667
v -6.833026 0.469491 -2.461076
v -6.747581 0.422569 -2.419043
v -6.718235 0.350972 -2.407615
v -6.686389 0.280702 -2.420496
v -6.655163 0.218637 -2.456423
v -6.627613 0.170852 -2.511880
v -6.606435 0.142024 -2.581439
v -6.593702 0.134977 -2.658290
v -6.590662 0.150399 -2.734912
v -6.597610 0.186781 -2.803803
v -6.613869 0.240562 -2.858220
v -6.637845 0.306477 -2.892837
v -6.667192 0.378074 -2.904264
v -6.699037 0.448344 -2.891384
v -6.730263 0.510409 -2.855457
v -6.757813 0.558194 -2.800000
v -6.778992 0.587022 -2.730441
v -6.791724 0.594069 -2.653590
v -6.794765 0.578647 -2.576968
v -6.787816 0.542265 -2.508077
v -6.771557 0.488484 -2.453660
v -6.683288 0.445304 -2.410080
v -6.651768 0.374469 -2.399748
v -6.617040 0.305763 -2.413583
v -6.582503 0.245912 -2.450230
v -6.551538 0.200775 -2.506103
v -6.527175 0.174770 -2.575732
v -6.511800 0.170443 -2.652301
v -6.506918 0.188218 -2.728315
v -6.513006 0.226353 -2.796334
v -6.529469 0.281117 -2.849699
v -6.554695 0.347148 -2.883186
v -6.586215 0.417984 -2.893518
v -6.620943 0.486690 -2.879684
v -6.655480 0.546540 -2.843037
v -6.686446 0.591677 -2.787164
v -6.710808 0.617682 -2.717535
v -6.726183 0.622009 -2.640966
v -6.731065 0.604235 -2.564952
v -6.724977 0.566100 -2.496933
v -6.708514 0.511336 -2.443568
v -6.617993 0.471841 -2.398149
v -6.584526 0.401789 -2.388629
v -6.547182 0.334603 -2.403101
v -6.509617 0.276860 -2.440148
v -6.475507 0.234212 -2.496145
v -6.448193 0.210833 -2.565609
v -6.430346 0.209013 -2.641741
v -6.423715 0.228929 -2.717089
v -6.428949 0.268631 -2.784277
v -6.445535 0.324234 -2.836729
v -6.471849 0.390295 -2.869309
v -6.505316 0.460346 -2.878829
v -6.542661 0.527532 -2.864358
v -6.580226 0.585275 -2.827310
v -6.614336 0.627923 -2.771314
v -6.641650 0.651302 -2.701850
v -6.659496 0.653122 -2.625717
v -6.666127 0.633207 -2.550369
v -6.660894 0.593504 -2.483181
v -6.644308 0.537901 -2.430730
v -6.552124 0.501915 -2.383196
v -6.516947 0.432634 -2.374217
v -6.477249 0.366887 -2.389026
v -6.436916 0.311110 -2.426176
v -6.399896 0.270762 -2.482028
v -6.369812 0.249794 -2.551117
v -6.349611 0.250258 -2.626679
v -6.341268 0.272108 -2.701318
v -6.345601 0.313205 -2.767727
v -6.362185 0.369527 -2.819406
v -6.389398 0.435561 -2.851296
v -6.424575 0.504842 -2.860276
v -6.464273 0.570589 -2.845466
v -6.504606 0.626366 -2.808316
v -6.541626 0.666714 -2.752463
v -6.571710 0.687682 -2.683375
v -6.591911 0.687218 -2.607813
v -6.600254 0.665368 -2.533174
v -6.595922 0.624271 -2.466765
v -6.579337 0.567949 -2.415086
v -6.486075 0.535182 -2.365196
v -6.449432 0.466628 -2.356511
v -6.407633 0.402211 -2.371388
v -6.364771 0.348238 -2.408371
v -6.325042 0.309992 -2.463839
v -6.292333 0.291217 -2.532363
v -6.269847 0.293750 -2.607236
v -6.259786 0.317345 -2.681128
v -6.263133 0.359690 -2.746806
v -6.279561 0.416641 -2.797842
v -6.307463 0.482623 -2.829238
v -6.344106 0.551178 -2.837924
v -6.385905 0.615595 -2.823047
v -6.428767 0.669567 -2.786064
v -6.468496 0.707813 -2.730596
v -6.501205 0.726589 -2.662071
v -6.523691 0.724055 -2.587199
v -6.533752 0.700461 -2.513307
v -6.530405 0.658116 -2.447629
v -6.513977 0.601165 -2.396593
v -6.420204 0.571230 -2.344150
v -6.382337 0.503333 -2.335551
v -6.338680 0.440122 -2.350263
v -6.293509 0.387785 -2.386845
v -6.251244 0.351444 -2.441718
v -6.216023 0.334657 -2.509509
v -6.191294 0.339068 -2.583582
v -6.179476 0.364244 -2.656688
v -6.181727 0.407722 -2.721670
v -6.197827 0.465244 -2.772166
v -6.226200 0.531181 -2.803235
v -6.264067 0.599078 -2.811834
v -6.307724 0.662289 -2.797122
v -6.352895 0.714627 -2.760540
v -6.395160 0.750967 -2.705667
v -6.430381 0.767754 -2.637876
v -6.455111 0.763343 -2.563802
v -6.466928 0.738167 -2.490697
v -6.464676 0.694690 -2.425715
v -6.448577 0.637167 -2.375219
v -6.354831 0.609590 -2.320083
v -6.315973 0.542264 -2.311407
v -6.270689 0.480127 -2.325767
v -6.223410 0.429261 -2.361757
v -6.178764 0.394645 -2.415854
v -6.141123 0.379668 -2.482762
v -6.114170 0.385795 -2.555933
v -6.100543 0.412428 -2.628203
v -6.101577 0.456958 -2.692498
v -6.117171 0.515028 -2.742525
v -6.145797 0.580952 -2.773387
v -6.184655 0.648278 -2.782063
v -6.229939 0.710415 -2.767702
v -6.277218 0.761281 -2.731712
v -6.321864 0.795897 -2.677616
v -6.359505 0.810875 -2.610707
v -6.386458 0.804747 -2.537537
v -6.400084 0.778114 -2.465267
v -6.399051 0.733584 -2.400971
v -6.383457 0.675514 -2.350944
v -6.290236 0.649749 -2.293038
v -6.250610 0.582897 -2.284179
v -6.203911 0.521704 -2.298054
v -6.154711 0.472160 -2.333305
v -6.107825 0.439114 -2.386480
v -6.067842 0.425802 -2.452375
v -6.038678 0.433526 -2.524539
v -6.023187 0.461531 -2.595909
v -6.022884 0.507074 -2.659499
v -6.037800 0.565699 -2.709083
v -6.066474 0.631667 -2.739808
v -6.106101 0.698519 -2.748667
v -6.152800 0.759712 -2.734792
v -6.202000 0.809256 -2.699541
v -6.248886 0.842302 -2.646366
v -6.288868 0.855614 -2.580471
v -6.318033 0.847890 -2.508307
v -6.333524 0.819885 -2.436937
v -6.333827 0.774341 -2.373347
v -6.318911 0.715717 -2.323763
v -6.226675 0.691164 -2.263081
v -6.186480 0.624683 -2.253992
v -6.138561 0.564313 -2.267304
v -6.087609 0.515964 -2.301716
v -6.038611 0.484368 -2.353858
v -5.996364 0.472618 -2.418628
v -5.965002 0.481864 -2.489683
v -5.947596 0.511202 -2.560070
v -5.945850 0.557759 -2.622898
v -5.959934 0.616978 -2.672017
v -5.988470 0.683062 -2.702619
v -6.028665 0.749543 -2.711708
v -6.076584 0.809913 -2.698395
v -6.127536 0.858262 -2.663984
v -6.176534 0.889858 -2.611841
v -6.218781 0.901608 -2.547072
v -6.250143 0.892362 -2.476017
v -6.267549 0.863024 -2.405630
v -6.269295 0.816467 -2.342802
v -6.255211 0.757248 -2.293683
v -6.164371 0.733267 -2.230295
v -6.123782 0.667056 -2.220989
v -6.074816 0.607406 -2.233720
v -6.022266 0.560154 -2.267243
v -5.971277 0.529927 -2.318276
v -5.926840 0.519684 -2.381824
v -5.893303 0.530426 -2.451665
v -5.873950 0.561103 -2.520964
v -5.870677 0.608712 -2.582937
v -5.883801 0.668592 -2.631518
v -5.912040 0.734881 -2.661950
v -5.952629 0.801092 -2.671256
v -6.001595 0.860743 -2.658525
v -6.054144 0.907994 -2.625002
v -6.105133 0.938221 -2.573969
v -6.149571 0.948465 -2.510421
v -6.183108 0.937722 -2.440580
v -6.202460 0.907045 -2.371281
v -6.205734 0.859437 -2.309308
v -6.192610 0.799557 -2.260727
v -6.103534 0.775483 -2.194780
v -6.062694 0.709447 -2.185333
v -6.012828 0.650432 -2.197522
v -5.958817 0.604215 -2.230154
v -5.905949 0.575320 -2.280034
v -5.859399 0.566576 -2.342279
v -5.823723 0.578838 -2.410798
v -5.802413 0.610906 -2.478882
v -5.797555 0.659642 -2.539867
v -5.809626 0.720273 -2.587784
v -5.837443 0.786867 -2.617942
v -5.878283 0.852903 -2.627389
v -5.928149 0.911918 -2.615201
v -5.982160 0.958134 -2.582569
v -6.035028 0.987029 -2.532689
v -6.081578 0.995774 -2.470443
v -6.117254 0.983512 -2.401925
v -6.138564 0.951443 -2.333841
v -6.143421 0.902708 -2.272855
v -6.131351 0.842076 -2.224938
v -6.044362 0.817235 -2.156664
v -6.003377 0.751290 -2.147209
v -5.952729 0.692853 -2.158946
v -5.897373 0.647645 -2.190726
v -5.842730 0.620091 -2.239438
v -5.794148 0.612888 -2.300313
v -5.756382 0.626742 -2.367393
v -5.733130 0.660296 -2.434112
v -5.726667 0.710265 -2.493938
v -5.737626 0.771759 -2.541016
v -5.764935 0.838758 -2.570737
v -5.805919 0.904704 -2.580192
v -5.856568 0.963141 -2.568455
v -5.911923 1.008349 -2.536675
v -5.966567 1.035903 -2.487964
v -6.015149 1.043105 -2.427088
v -6.052915 1.029252 -2.360008
v -6.076167 0.995698 -2.293289
v -6.082630 0.945728 -2.233463
v -6.071671 0.884234 -2.186385
v -5.987048 0.857958 -2.116097
v -5.945987 0.792034 -2.106819
v -5.894641 0.734146 -2.118240
v -5.838034 0.689961 -2.149244
v -5.781708 0.663802 -2.196795
v -5.731177 0.658231 -2.256238
v -5.691386 0.673794 -2.321754
v -5.666232 0.708966 -2.386932
v -5.658175 0.760305 -2.445390
v -5.668005 0.822785 -2.491406
v -5.694760 0.890291 -2.520476
v -5.735821 0.956215 -2.529754
v -5.787167 1.014103 -2.518333
v -5.843774 1.058288 -2.487329
v -5.900100 1.084447 -2.439779
v -5.950631 1.090018 -2.380335
v -5.990422 1.074455 -2.314819
v -6.015576 1.039283 -2.249641
v -6.023633 0.987944 -2.191183
v -6.013803 0.925464 -2.145167
v -5.931781 0.897105 -2.073266
v -5.890674 0.831155 -2.064390
v -5.838681 0.773819 -2.075669
v -5.780891 0.730709 -2.105997
v -5.722962 0.706044 -2.152406
v -5.670564 0.702239 -2.210353
v -5.628826 0.719667 -2.274166
v -5.601833 0.756622 -2.337599
v -5.592228 0.809486 -2.394442
v -5.600952 0.873084 -2.439130
v -5.627149 0.941192 -2.467291
v -5.668256 1.007142 -2.476166
v -5.720249 1.064478 -2.464887
v -5.778039 1.107589 -2.434559
v -5.835968 1.132253 -2.388150
v -5.888366 1.136058 -2.330203
v -5.930104 1.118630 -2.266390
v -5.957097 1.081675 -2.202957
v -5.966702 1.028811 -2.146115
v -5.957979 0.965213 -2.101426
v -5.878754 0.934165 -2.028395
v -5.837591 0.868165 -2.020180
v -5.784968 0.811416 -2.031510
v -5.726039 0.769472 -2.061275
v -5.666571 0.746440 -2.106563
v -5.612384 0.744574 -2.162939
v -5.568784 0.764056 -2.224886
v -5.540038 0.802980 -2.286339
v -5.528960 0.857536 -2.341284
v -5.536634 0.922383 -2.384341
v -5.562310 0.991173 -2.411296
v -5.603473 1.057173 -2.419511
v -5.656096 1.113923 -2.408181
v -5.715024 1.155867 -2.378416
v -5.774493 1.178899 -2.333128
v -5.828680 1.180765 -2.276752
v -5.872280 1.161282 -2.214806
v -5.901026 1.122358 -2.153352
v -5.912104 1.067803 -2.098408
v -5.904429 1.002956 -2.055350
v -5.828157 0.968670 -1.981753
v -5.786892 0.902624 -1.974475
v -5.733627 0.846530 -1.986059
v -5.673574 0.805879 -2.015371
v -5.612614 0.784652 -2.059543
v -5.556712 0.784925 -2.114250
v -5.511341 0.806672 -2.174137
v -5.480942 0.847765 -2.233342
v -5.468491 0.904180 -2.286070
v -5.475206 0.970396 -2.327159
v -5.500431 1.039930 -2.352587
v -5.541696 1.105977 -2.359866
v -5.594961 1.162071 -2.348282
v -5.655014 1.202721 -2.318969
v -5.715974 1.223949 -2.274798
v -5.771876 1.223675 -2.220091
v -5.817247 1.201928 -2.160204
v -5.847646 1.160836 -2.100999
v -5.860097 1.104421 -2.048271
v -5.853382 1.038205 -2.007182
v -5.780181 1.000209 -1.933656
v -5.738739 0.934150 -1.927594
v -5.684787 0.878812 -1.939625
v -5.623604 0.839612 -1.968573
v -5.561181 0.820386 -2.011605
v -5.503628 0.823018 -2.064507
v -5.456578 0.847248 -2.122101
v -5.424637 0.890706 -2.178751
v -5.410932 0.949138 -2.228909
v -5.416804 1.016823 -2.267667
v -5.441679 1.087136 -2.291231
v -5.483120 1.153195 -2.297294
v -5.537073 1.208532 -2.285263
v -5.598255 1.247733 -2.256314
v -5.660678 1.266958 -2.213283
v -5.718232 1.264327 -2.160381
v -5.765282 1.240096 -2.102786
v -5.797222 1.196638 -2.046137
v -5.810927 1.138207 -1.995978
v -5.805056 1.070522 -1.957220
v -5.735013 1.028438 -1.884465
v -5.693294 0.962434 -1.879885
v -5.638587 0.907981 -1.892531
v -5.576246 0.870409 -1.921166
v -5.512375 0.853396 -1.962986
v -5.453225 0.858607 -2.013899
v -5.404586 0.885532 -2.068919
v -5.371219 0.931536 -2.122661
v -5.356391 0.992115 -2.169866
v -5.361553 1.061339 -2.205911
v -5.386199 1.132433 -2.227269
v -5.427918 1.198437 -2.231848
v -5.482625 1.252890 -2.219202
v -5.544966 1.290462 -2.190567
v -5.608837 1.307475 -2.148747
v -5.667987 1.302264 -2.097835
v -5.716626 1.275339 -2.042815
v -5.749993 1.229335 -1.989072
v -5.764821 1.168756 -1.941868
v -5.759659 1.099532 -1.905823
v -5.692827 1.053098 -1.834579
v -5.650716 0.987246 -1.831722
v -5.595170 0.933828 -1.845107
v -5.531629 0.898073 -1.873424
v -5.466310 0.883479 -1.913901
v -5.405607 0.891477 -1.962576
v -5.355464 0.921282 -2.014684
v -5.320789 0.969978 -2.065125
v -5.304975 1.032797 -2.108960
v -5.309570 1.103592 -2.141900
v -5.334126 1.175430 -2.160719
v -5.376237 1.241282 -2.163576
v -5.431783 1.294700 -2.150191
v -5.495325 1.330455 -2.121874
v -5.560644 1.345049 -2.081397
v -5.621346 1.337051 -2.032722
v -5.671489 1.307246 -1.980613
v -5.706164 1.258550 -1.930173
v -5.721978 1.195730 -1.886337
v -5.717383 1.124936 -1.853398
v -5.653788 1.074018 -1.784427
v -5.611160 1.008444 -1.783491
v -5.554684 0.956223 -1.797680
v -5.489887 0.922467 -1.825605
v -5.423112 0.910480 -1.864533
v -5.360896 0.921436 -1.910653
v -5.309329 0.954261 -1.959451
v -5.273458 1.005744 -2.006150
v -5.256795 1.070844 -2.046178
v -5.260971 1.143189 -2.075618
v -5.285578 1.215697 -2.091588
v -5.328205 1.281271 -2.092525
v -5.384682 1.333491 -2.078336
v -5.449479 1.367247 -2.050411
v -5.516254 1.379234 -2.011483
v -5.578470 1.368278 -1.965363
v -5.630037 1.335453 -1.916565
v -5.665908 1.283970 -1.869866
v -5.682570 1.218870 -1.829837
v -5.678394 1.146526 -1.800397
v -5.618034 1.091125 -1.734453
v -5.574768 1.025974 -1.735579
v -5.517267 0.975111 -1.750565
v -5.451160 0.943516 -1.777944
v -5.382919 0.934281 -1.815035
v -5.319223 0.948310 -1.858209
v -5.266307 0.984230 -1.903238
v -5.229352 1.038524 -1.945715
v -5.211973 1.105878 -1.981483
v -5.215874 1.179700 -2.007039
v -5.240671 1.252762 -2.019883
v -5.283937 1.317913 -2.018756
v -5.341438 1.368776 -2.003770
v -5.407545 1.400371 -1.976392
v -5.475786 1.409606 -1.939300
v -5.539482 1.395577 -1.896127
v -5.592398 1.359658 -1.851097
v -5.629354 1.305363 -1.808620
v -5.646732 1.238009 -1.772853
v -5.642831 1.164187 -1.747296
v -5.585674 1.104447 -1.685087
v -5.541656 1.039875 -1.688354
v -5.483046 0.990515 -1.704053
v -5.415583 0.961199 -1.730647
v -5.345870 0.954796 -1.765533
v -5.280731 0.971935 -1.805297
v -5.226543 1.010936 -1.846046
v -5.188610 1.067982 -1.883791
v -5.170644 1.137490 -1.914837
v -5.174405 1.212654 -1.936146
v -5.199524 1.286119 -1.945632
v -5.243543 1.350691 -1.942365
v -5.302152 1.400051 -1.926667
v -5.369615 1.429367 -1.900072
v -5.439328 1.435769 -1.865186
v -5.504467 1.418631 -1.825422
v -5.558655 1.379630 -1.784673
v -5.596589 1.322583 -1.746928
v -5.614554 1.253076 -1.715882
v -5.610794 1.177911 -1.694573
v -5.556778 1.114104 -1.636730
v -5.511910 1.050264 -1.642144
v -5.452126 1.002517 -1.658392
v -5.383277 0.975537 -1.683883
v -5.312102 0.971965 -1.716122
v -5.245569 0.992150 -1.751953
v -5.190191 1.034117 -1.787869
v -5.151388 1.093758 -1.820354
v -5.132958 1.165233 -1.846228
v -5.136706 1.241548 -1.862959
v -5.162265 1.315232 -1.868908
v -5.207133 1.379072 -1.863494
v -5.266917 1.426818 -1.847247
v -5.335767 1.453799 -1.821756
v -5.406941 1.457371 -1.789517
v -5.473475 1.437185 -1.753686
v -5.528852 1.395219 -1.717770
v -5.567656 1.335578 -1.685285
v -5.586085 1.264102 -1.659411
v -5.582337 1.187787 -1.642680
v -5.531369 1.120295 -1.589716
v -5.485578 1.057328 -1.597217
v -5.424578 1.011256 -1.613778
v -5.354340 0.986590 -1.637780
v -5.281739 0.985742 -1.666873
v -5.213882 1.008797 -1.698209
v -5.157413 1.053498 -1.728720
v -5.117857 1.115469 -1.755420
v -5.099088 1.188643 -1.775696
v -5.102942 1.265859 -1.787562
v -5.129041 1.339558 -1.789858
v -5.174832 1.402524 -1.782358
v -5.235833 1.448596 -1.765796
v -5.306071 1.473263 -1.741794
v -5.378672 1.474111 -1.712701
v -5.446527 1.451056 -1.681365
v -5.502997 1.406355 -1.650854
v -5.542553 1.344384 -1.624154
v -5.561323 1.271210 -1.603878
v -5.557469 1.193994 -1.592012
v -5.509418 1.123283 -1.544293
v -5.462655 1.061303 -1.553755
v -5.400431 1.016905 -1.570339
v -5.328839 0.994435 -1.592420
v -5.254886 0.996094 -1.617839
v -5.185810 1.021718 -1.644105
v -5.128375 1.068799 -1.668650
v -5.088201 1.132729 -1.689068
v -5.069221 1.207250 -1.703363
v -5.073294 1.285067 -1.710135
v -5.100019 1.358563 -1.708720
v -5.146783 1.420544 -1.699258
v -5.209006 1.464942 -1.682675
v -5.280599 1.487411 -1.660593
v -5.354552 1.485753 -1.635175
v -5.423627 1.460129 -1.608908
v -5.481063 1.413047 -1.584364
v -5.521237 1.349117 -1.563945
v -5.540216 1.274596 -1.549650
v -5.536144 1.196779 -1.542878
v -5.490846 1.123359 -1.500595
v -5.443090 1.062443 -1.511843
v -5.379675 1.019647 -1.528122
v -5.306808 0.999162 -1.547836
v -5.231621 1.002991 -1.569057
v -5.161476 1.030761 -1.589706
v -5.103238 1.079752 -1.607764
v -5.062607 1.145170 -1.621461
v -5.043562 1.220610 -1.629458
v -5.047966 1.298689 -1.630972
v -5.075388 1.371763 -1.625853
v -5.123144 1.432678 -1.614605
v -5.186559 1.475474 -1.598326
v -5.259427 1.495959 -1.578612
v -5.334613 1.492130 -1.557391
v -5.404758 1.464360 -1.536742
v -5.462996 1.415369 -1.518684
v -5.503627 1.349951 -1.504987
v -5.522672 1.274511 -1.496990
v -5.518269 1.196432 -1.495476
v -5.475534 1.120810 -1.458634
v -5.426793 1.060996 -1.471458
v -5.362257 1.019661 -1.487094
v -5.288244 1.000851 -1.504011
v -5.211999 1.006409 -1.520555
v -5.140985 1.035789 -1.535104
v -5.082152 1.086116 -1.546236
v -5.041262 1.152464 -1.552860
v -5.022315 1.228337 -1.554328
v -5.027167 1.306310 -1.550496
v -5.055342 1.378749 -1.541740
v -5.104084 1.438563 -1.528916
v -5.168619 1.479898 -1.513280
v -5.242632 1.498708 -1.496362
v -5.318878 1.493150 -1.479819
v -5.389893 1.463770 -1.465270
v -5.448724 1.413443 -1.454138
v -5.489615 1.347095 -1.447514
v -5.508562 1.271222 -1.446046
v -5.503710 1.193249 -1.449878
v -5.463339 1.115888 -1.418301
v -5.413646 1.057170 -1.432469
v -5.348102 1.017088 -1.447144
v -5.273122 0.999567 -1.460888
v -5.196045 1.006320 -1.472357
v -5.124417 1.036689 -1.480428
v -5.065249 1.087698 -1.484311
v -5.024333 1.154356 -1.483626
v -5.005673 1.230138 -1.478439
v -5.011097 1.307625 -1.469259
v -5.040073 1.379233 -1.456985
v -5.089766 1.437951 -1.442816
v -5.155311 1.478033 -1.428142
v -5.230290 1.495555 -1.414398
v -5.307367 1.488801 -1.402929
v -5.378995 1.458433 -1.394858
v -5.438163 1.407423 -1.390975
v -5.479079 1.340765 -1.391660
v -5.497739 1.264983 -1.396847
v -5.492315 1.187496 -1.406027
v -5.454116 1.108773 -1.379390
v -5.403529 1.051106 -1.394668
v -5.337124 1.012020 -1.408103
v -5.261400 0.995340 -1.418380
v -5.183770 1.002699 -1.424493
v -5.111833 1.033378 -1.425843
v -5.052631 1.084373 -1.422299
v -5.011958 1.150692 -1.414207
v -4.993797 1.225843 -1.402360
v -4.999924 1.302471 -1.387916
v -5.029740 1.373073 -1.372291
v -5.080327 1.430741 -1.357013
v -5.146733 1.469827 -1.343578
v -5.222456 1.486507 -1.333301
v -5.300086 1.479147 -1.327188
v -5.372024 1.448468 -1.325837
v -5.431226 1.397474 -1.329381
v -5.471899 1.331155 -1.337473
v -5.490060 1.256003 -1.349321
v -5.483932 1.179376 -1.363764
v -5.447746 1.099555 -1.341632
v -5.396340 1.042863 -1.357796
v -5.329248 1.004482 -1.369774
v -5.253037 0.988168 -1.376392
v -5.175169 0.995520 -1.377003
v -5.103264 1.025817 -1.371547
v -5.044363 1.076094 -1.360559
v -5.004229 1.141429 -1.345113
v -4.986792 1.215426 -1.326722
v -4.993759 1.290843 -1.307186
v -5.024447 1.360298 -1.288417
v -5.075854 1.416990 -1.272253
v -5.142946 1.455371 -1.260275
v -5.219156 1.471685 -1.253657
v -5.297025 1.464333 -1.253046
v -5.368929 1.434036 -1.258502
v -5.427831 1.383759 -1.269490
v -5.467965 1.318424 -1.284936
v -5.485402 1.244427 -1.303327
v -5.478435 1.169010 -1.322863
v -5.444149 1.088237 -1.304752
v -5.392011 1.032418 -1.321599
v -5.324424 0.994439 -1.331969
v -5.248004 0.978018 -1.334848
v -5.170232 0.984761 -1.329955
v -5.098721 1.014010 -1.317767
v -5.040469 1.062900 -1.299478
v -5.001181 1.126646 -1.276878
v -4.984701 1.199009 -1.252180
v -4.992642 1.272904 -1.227801
v -5.024228 1.341099 -1.206127
v -5.076366 1.396918 -1.189280
v -5.143953 1.434897 -1.178910
v -5.220373 1.451318 -1.176031
v -5.298145 1.444575 -1.180925
v -5.369657 1.415326 -1.193113
v -5.427908 1.366436 -1.211401
v -5.467196 1.302689 -1.234001
v -5.483676 1.230327 -1.258699
v -5.475735 1.156431 -1.283079
v -5.443293 1.074746 -1.268522
v -5.390518 1.019685 -1.285871
v -5.322634 0.981812 -1.294554
v -5.246285 0.964836 -1.293719
v -5.168947 0.970417 -1.283448
v -5.098187 0.998010 -1.264747
v -5.040935 1.044913 -1.239447
v -5.002792 1.106535 -1.210023
v -4.987494 1.176845 -1.179356
v -4.996537 1.248960 -1.150449
v -5.029037 1.315820 -1.126130
v -5.081811 1.370881 -1.108780
v -5.149695 1.408754 -1.100098
v -5.226044 1.425730 -1.100933
v -5.303382 1.420149 -1.111203
v -5.374142 1.392556 -1.129904
v -5.431395 1.345653 -1.155205
v -5.469537 1.284030 -1.184628
v -5.484836 1.213721 -1.215295
v -5.475792 1.141606 -1.244203
v -5.445186 1.058972 -1.232795
v -5.391872 1.004544 -1.250495
v -5.323886 0.966503 -1.257469
v -5.247881 0.948572 -1.253035
v -5.171298 0.952505 -1.237625
v -5.101632 0.977920 -1.212750
v -5.045704 1.022326 -1.180843
v -5.008988 1.081378 -1.145028
v -4.995078 1.149295 -1.108810
v -5.005336 1.219429 -1.075736
v -5.038757 1.284915 -1.049042
v -5.092070 1.339343 -1.031342
v -5.160056 1.377384 -1.024368
v -5.236061 1.395316 -1.028802
v -5.312644 1.391382 -1.044212
v -5.382310 1.365968 -1.069088
v -5.438238 1.321561 -1.100995
v -5.474954 1.262509 -1.136810
v -5.488864 1.194592 -1.173027
v -5.478606 1.124458 -1.206101
v -5.449863 1.040801 -1.197535
v -5.396110 0.986882 -1.215457
v -5.328205 0.948426 -1.220752
v -5.252796 0.929198 -1.212900
v -5.177263 0.931081 -1.192670
v -5.109002 0.953890 -1.162042
v -5.054692 0.995391 -1.124015
v -5.019652 1.051524 -1.082311
v -5.007311 1.116792 -1.041011
v -5.018876 1.184808 -1.004160
v -5.053216 1.248913 -0.975363
v -5.106969 1.302833 -0.957441
v -5.174874 1.341288 -0.952146
v -5.250284 1.360516 -0.959999
v -5.325816 1.358633 -0.980229
v -5.394078 1.335825 -1.010856
v -5.448387 1.294323 -1.048883
v -5.483427 1.238190 -1.090588
v -5.495769 1.172922 -1.131887
v -5.484203 1.104906 -1.168738
v -5.457367 1.020154 -1.162812
v -5.403269 0.966619 -1.180851
v -5.335616 0.927537 -1.184529
v -5.261029 0.906733 -1.173485
v -5.186810 0.906243 -1.148802
v -5.120224 0.926116 -1.112895
v -5.067789 0.964406 -1.069279
v -5.034637 1.017365 -1.022223
v -5.024014 1.079810 -0.976335
v -5.036960 1.145627 -0.936104
v -5.072206 1.208374 -0.905471
v -5.126304 1.261908 -0.887432
v -5.193957 1.300991 -0.883754
v -5.268544 1.321795 -0.894798
v -5.342763 1.322285 -0.919481
v -5.409349 1.302412 -0.955388
v -5.461784 1.264122 -0.999004
v -5.494936 1.211163 -1.046060
v -5.505559 1.148718 -1.091949
v -5.492614 1.082901 -1.132179
v -5.467725 0.997015 -1.128795
v -5.413376 0.943744 -1.146861
v -5.346129 0.903854 -1.149006
v -5.272568 0.881248 -1.135020
v -5.199892 0.878141 -1.106271
v -5.135215 0.894835 -1.065575
v -5.084869 0.929698 -1.016915
v -5.053782 0.979315 -0.965053
v -5.044997 1.038831 -0.915067
v -5.059374 1.102420 -0.871850
v -5.095505 1.163857 -0.839631
v -5.149854 1.217127 -0.821565
v -5.217100 1.257017 -0.819420
v -5.290662 1.279623 -0.833407
v -5.363338 1.282730 -0.862155
v -5.428014 1.266036 -0.902851
v -5.478360 1.231173 -0.951512
v -5.509447 1.181556 -1.003373
v -5.518232 1.122040 -1.053359
v -5.503856 1.058451 -1.096577
v -5.480939 0.971438 -1.095719
v -5.426430 0.918316 -1.113739
v -5.359732 0.877464 -1.114445
v -5.287375 0.852882 -1.097769
v -5.216441 0.846975 -1.065344
v -5.153873 0.860323 -1.020344
v -5.105797 0.891618 -0.967172
v -5.076918 0.937797 -0.911035
v -5.070063 0.994341 -0.857427
v -5.085902 1.055713 -0.811595
v -5.122887 1.115906 -0.778027
v -5.177396 1.169029 -0.760008
v -5.244093 1.209881 -0.759302
v -5.316451 1.234463 -0.775977
v -5.387385 1.240369 -0.808402
v -5.449953 1.227022 -0.853403
v -5.498029 1.195726 -0.906574
v -5.526908 1.149547 -0.962712
v -5.533763 1.093004 -1.016320
v -5.517923 1.031632 -1.062151
v -5.496973 0.943564 -1.063867
v -5.442393 0.890477 -1.081777
v -5.376378 0.848531 -1.081143
v -5.305387 0.821833 -1.062025
v -5.236371 0.812997 -1.026296
v -5.176084 0.822886 -0.977452
v -5.130429 0.850534 -0.920276
v -5.103875 0.893233 -0.860363
v -5.099020 0.946805 -0.803578
v -5.116340 1.006004 -0.755481
v -5.154140 1.065037 -0.720778
v -5.208719 1.118124 -0.702867
v -5.274734 1.160069 -0.703502
v -5.345725 1.186767 -0.722620
v -5.414742 1.195604 -0.758349
v -5.475028 1.185714 -0.807192
v -5.520683 1.158067 -0.864369
v -5.547237 1.115367 -0.924282
v -5.552093 1.061796 -0.981067
v -5.534772 1.002597 -1.029164
v -5.515752 0.913604 -1.033539
v -5.461193 0.860442 -1.051289
v -5.395985 0.817287 -1.049409
v -5.326512 0.788363 -1.028083
v -5.259573 0.776501 -0.989399
v -5.201722 0.782862 -0.937143
v -5.158621 0.806825 -0.876430
v -5.134489 0.846043 -0.813204
v -5.131689 0.896676 -0.753653
v -5.150494 0.953770 -0.703607
v -5.189063 1.011735 -0.667964
v -5.243622 1.064897 -0.650214
v -5.308830 1.108052 -0.652094
v -5.378303 1.136976 -0.673420
v -5.445241 1.148838 -0.712104
v -5.503093 1.142476 -0.764360
v -5.546194 1.118514 -0.825073
v -5.570326 1.079296 -0.888299
v -5.573126 1.028662 -0.947850
v -5.554321 0.971569 -0.997896
v -5.537159 0.881836 -1.005037
v -5.482713 0.828491 -1.022583
v -5.418439 0.784021 -1.019550
v -5.350630 0.752778 -0.996234
v -5.285922 0.737820 -0.954917
v -5.230650 0.740612 -0.899643
v -5.190225 0.760880 -0.835824
v -5.168602 0.796641 -0.769706
v -5.167900 0.844394 -0.707762
v -5.188186 0.899464 -0.656054
v -5.227475 0.956461 -0.619645
v -5.281921 1.009806 -0.602098
v -5.346195 1.054276 -0.605132
v -5.414004 1.085520 -0.628448
v -5.478712 1.100477 -0.669765
v -5.533984 1.097685 -0.725038
v -5.574410 1.077417 -0.788858
v -5.596033 1.041656 -0.854975
v -5.596735 0.993903 -0.916920
v -5.576448 0.938833 -0.968628
v -5.561041 0.848594 -0.978647
v -5.506804 0.794959 -0.995956
v -5.443593 0.749074 -0.991857
v -5.377595 0.715429 -0.966752
v -5.315271 0.697318 -0.923098
v -5.262721 0.696515 -0.865169
v -5.225090 0.713097 -0.798634
v -5.206060 0.745442 -0.730008
v -5.207496 0.790383 -0.666006
v -5.229255 0.843521 -0.612895
v -5.269208 0.899655 -0.575873
v -5.323445 0.953290 -0.558564
v -5.386657 0.999176 -0.562663
v -5.452654 1.032820 -0.587768
v -5.514978 1.050931 -0.631422
v -5.567528 1.051734 -0.689351
v -5.605160 1.035152 -0.755886
v -5.624189 1.002807 -0.824513
v -5.622754 0.957866 -0.888514
v -5.600995 0.904728 -0.941625
v -5.587205 0.814252 -0.954631
v -5.533279 0.760220 -0.971675
v -5.471266 0.712822 -0.966596
v -5.407236 0.676698 -0.939891
v -5.347456 0.655385 -0.894174
v -5.297779 0.650968 -0.833920
v -5.263065 0.663880 -0.765028
v -5.246716 0.692857 -0.694239
v -5.250329 0.735062 -0.628485
v -5.273552 0.786364 -0.574202
v -5.314111 0.841742 -0.536702
v -5.368036 0.895774 -0.519658
v -5.430049 0.943172 -0.524737
v -5.494080 0.979295 -0.551442
v -5.553859 1.000609 -0.597159
v -5.603537 1.005026 -0.657413
v -5.638250 0.992114 -0.726305
v -5.654600 0.963137 -0.797094
v -5.650987 0.920932 -0.862848
v -5.627764 0.869629 -0.917131
v -5.615428 0.779212 -0.933216
v -5.561924 0.724675 -0.949979
v -5.501256 0.675668 -0.944005
v -5.439362 0.636990 -0.915880
v -5.382301 0.612425 -0.868355
v -5.335659 0.604379 -0.806084
v -5.304000 0.613638 -0.735162
v -5.290425 0.639298 -0.662531
v -5.296262 0.678845 -0.595301
v -5.320939 0.728409 -0.540053
v -5.362041 0.783138 -0.502195
v -5.415545 0.837675 -0.485432
v -5.476213 0.886681 -0.491406
v -5.538107 0.925360 -0.519531
v -5.595168 0.949925 -0.567056
v -5.641811 0.957971 -0.629327
v -5.673469 0.948711 -0.700249
v -5.687044 0.923052 -0.772880
v -5.681208 0.883505 -0.840110
v -5.656530 0.833941 -0.895358
v -5.645459 0.743892 -0.914595
v -5.592495 0.688742 -0.931068
v -5.533332 0.638030 -0.924286
v -5.473762 0.596720 -0.894915
v -5.419614 0.568854 -0.845829
v -5.376190 0.557162 -0.781832
v -5.347740 0.562787 -0.709190
v -5.337049 0.585178 -0.635013
v -5.345163 0.622145 -0.566561
v -5.371289 0.670068 -0.510537
v -5.412869 0.724257 -0.472423
v -5.465833 0.779406 -0.455950
v -5.524995 0.830118 -0.462732
v -5.584566 0.871429 -0.492103
v -5.638714 0.899294 -0.541190
v -5.682138 0.910987 -0.605186
v -5.710588 0.905362 -0.677829
v -5.721279 0.882970 -0.752006
v -5.713164 0.846003 -0.820457
v -5.687038 0.798080 -0.876481
v -5.677021 0.708715 -0.898918
v -5.624728 0.652845 -0.915102
v -5.567248 0.600329 -0.907606
v -5.510209 0.556309 -0.877165
v -5.459194 0.525092 -0.826758
v -5.419195 0.509736 -0.761319
v -5.394130 0.511742 -0.687254
v -5.386451 0.530915 -0.611813
v -5.396910 0.565377 -0.542380
v -5.424482 0.611756 -0.485753
v -5.466471 0.665511 -0.447474
v -5.518764 0.721381 -0.431290
v -5.576243 0.773897 -0.438785
v -5.633282 0.817917 -0.469226
v -5.684298 0.849134 -0.519634
v -5.724296 0.864490 -0.585073
v -5.749361 0.862484 -0.659138
v -5.757041 0.843311 -0.734579
v -5.746582 0.808849 -0.804011
v -5.719008 0.762470 -0.860639
v -5.709816 0.674094 -0.886293
v -5.658335 0.617397 -0.902201
v -5.602737 0.562981 -0.894094
v -5.548464 0.516174 -0.862766
v -5.500828 0.481557 -0.811284
v -5.464493 0.462519 -0.744686
v -5.443015 0.460923 -0.669493
v -5.438497 0.476926 -0.593063
v -5.451380 0.508961 -0.522880
v -5.480404 0.553892 -0.465813
v -5.522728 0.607322 -0.427447
v -5.574209 0.664019 -0.411539
v -5.629807 0.718435 -0.419646
v -5.684080 0.765242 -0.450974
v -5.731716 0.799859 -0.502456
v -5.768051 0.818897 -0.569054
v -5.789529 0.820493 -0.644247
v -5.794047 0.804490 -0.720677
v -5.781164 0.772455 -0.790860
v -5.752140 0.727524 -0.847927
v -5.743532 0.640425 -0.876785
v -5.693020 0.582794 -0.892442
v -5.639523 0.526385 -0.883840
v -5.588278 0.476718 -0.851822
v -5.544301 0.438657 -0.799522
v -5.511898 0.415925 -0.732059
v -5.494238 0.410750 -0.656038
v -5.493053 0.423637 -0.578898
v -5.508457 0.453324 -0.508193
v -5.538942 0.496906 -0.450841
v -5.581525 0.550117 -0.412459
v -5.632038 0.607748 -0.396802
v -5.685534 0.664158 -0.405403
v -5.736779 0.713824 -0.437421
v -5.780756 0.751886 -0.489721
v -5.813160 0.774617 -0.557184
v -5.830819 0.779792 -0.633206
v -5.832005 0.766906 -0.710345
v -5.816601 0.737218 -0.781051
v -5.786115 0.693636 -0.838402
v -5.777850 0.608066 -0.870413
v -5.728476 0.549400 -0.885858
v -5.677323 0.490911 -0.876895
v -5.629397 0.438324 -0.844404
v -5.589391 0.396786 -0.791564
v -5.561219 0.370365 -0.723548
v -5.547640 0.361645 -0.647014
v -5.549983 0.371481 -0.569453
v -5.568017 0.398909 -0.498458
v -5.599980 0.441246 -0.440977
v -5.642740 0.494346 -0.402639
v -5.692114 0.553011 -0.387195
v -5.743267 0.611501 -0.396157
v -5.791192 0.664088 -0.428648
v -5.831199 0.705625 -0.481488
v -5.859371 0.732047 -0.549504
v -5.872950 0.740767 -0.626038
v -5.870607 0.730931 -0.703599
v -5.852572 0.703502 -0.774595
v -5.820610 0.661166 -0.832075
v -5.812450 0.577331 -0.867159
v -5.764401 0.517534 -0.882443
v -5.715858 0.456892 -0.873275
v -5.671571 0.401342 -0.840552
v -5.635876 0.356320 -0.787478
v -5.612267 0.326234 -0.719248
v -5.603055 0.314029 -0.642540
v -5.609142 0.320900 -0.564863
v -5.629932 0.346174 -0.493821
v -5.663390 0.387376 -0.436368
v -5.706240 0.440475 -0.398127
v -5.754289 0.500272 -0.382843
v -5.802833 0.560913 -0.392011
v -5.847119 0.616464 -0.424734
v -5.882814 0.661485 -0.477808
v -5.906423 0.691571 -0.546038
v -5.915635 0.703776 -0.622746
v -5.909548 0.696905 -0.700423
v -5.888758 0.671632 -0.771465
v -5.855300 0.630429 -0.828918
v -5.847028 0.548475 -0.866961
v -5.800505 0.487461 -0.882154
v -5.754858 0.424614 -0.872960
v -5.714554 0.366087 -0.840279
v -5.683538 0.317608 -0.787309
v -5.664849 0.283922 -0.719236
v -5.660314 0.268328 -0.642724
v -5.670376 0.272351 -0.565261
v -5.694053 0.295597 -0.494431
v -5.729025 0.335792 -0.437166
v -5.771870 0.389001 -0.399073
v -5.818393 0.450015 -0.383879
v -5.864041 0.512861 -0.393073
v -5.904345 0.571389 -0.425754
v -5.935359 0.619868 -0.478724
v -5.954050 0.653554 -0.546797
v -5.958585 0.669148 -0.623309
v -5.948522 0.665125 -0.700772
v -5.924845 0.641878 -0.771603
v -5.889873 0.601683 -0.828867
v -5.881312 0.521684 -0.869733
v -5.836529 0.459380 -0.884920
v -5.794080 0.394305 -0.875906
v -5.758121 0.332828 -0.843572
v -5.732171 0.280968 -0.791083
v -5.718770 0.243800 -0.723578
v -5.719231 0.224964 -0.647664
v -5.733507 0.226303 -0.570773
v -5.760202 0.247685 -0.500430
v -5.796703 0.287018 -0.443522
v -5.839437 0.340452 -0.405619
v -5.884220 0.402755 -0.390431
v -5.926668 0.467831 -0.399446
v -5.962627 0.529307 -0.431780
v -5.988578 0.581167 -0.484268
v -6.001978 0.618335 -0.551773
v -6.001518 0.637171 -0.627687
v -5.987241 0.635833 -0.704579
v -5.960546 0.614450 -0.774921
v -5.924045 0.575117 -0.831830
v -5.915076 0.497066 -0.875371
v -5.872260 0.433418 -0.890655
v -5.833323 0.366129 -0.882052
v -5.802075 0.301786 -0.850405
v -5.781578 0.246687 -0.798811
v -5.773835 0.206227 -0.732321
v -5.779605 0.184365 -0.657443
v -5.798325 0.183241 -0.581507
v -5.828160 0.202966 -0.511946
v -5.866190 0.241609 -0.455570
v -5.908694 0.295386 -0.417895
v -5.951510 0.359035 -0.402612
v -5.990448 0.426324 -0.411214
v -6.021694 0.490667 -0.442862
v -6.042192 0.545765 -0.494455
v -6.049935 0.586226 -0.560946
v -6.044165 0.608088 -0.635823
v -6.025445 0.609211 -0.711759
v -5.995610 0.589486 -0.781320
v -5.957580 0.550844 -0.837697
v -5.948164 0.474657 -0.883779
v -5.907549 0.409632 -0.899276
v -5.872435 0.340192 -0.891340
v -5.846259 0.273133 -0.860747
v -5.831584 0.215020 -0.810493
v -5.829845 0.171542 -0.745497
v -5.841213 0.146953 -0.672121
v -5.864576 0.143663 -0.597546
v -5.897646 0.161991 -0.529075
v -5.937186 0.200145 -0.473408
v -5.979326 0.254389 -0.435994
v -6.019940 0.319414 -0.420497
v -6.055054 0.388854 -0.428433
v -6.081230 0.455913 -0.459026
v -6.095905 0.514026 -0.509279
v -6.097644 0.557504 -0.574276
v -6.086276 0.582093 -0.647652
v -6.062913 0.585383 -0.722227
v -6.029843 0.567055 -0.790698
v -5.990303 0.528901 -0.846365
v -5.980504 0.454425 -0.894884
v -5.942327 0.388020 -0.910725
v -5.911335 0.316546 -0.903728
v -5.890561 0.247000 -0.874578
v -5.882038 0.186190 -0.826128
v -5.886600 0.140067 -0.763121
v -5.903800 0.113147 -0.691725
v -5.931956 0.108065 -0.618929
v -5.968311 0.125318 -0.551857
v -6.009306 0.163218 -0.497076
v -6.050929 0.218054 -0.459948
v -6.089104 0.284459 -0.444108
v -6.120096 0.355933 -0.451105
v -6.140871 0.425478 -0.480255
v -6.149395 0.486289 -0.528704
v -6.144833 0.532411 -0.591711
v -6.127632 0.559331 -0.663107
v -6.099476 0.564414 -0.735904
v -6.063121 0.547160 -0.802975
v -6.022126 0.509261 -0.857756
v -6.012113 0.436297 -0.908669
v -5.976609 0.368541 -0.924993
v -5.950008 0.295213 -0.919214
v -5.934915 0.223492 -0.891897
v -5.932806 0.160398 -0.845716
v -5.943888 0.112108 -0.785192
v -5.967076 0.083347 -0.716249
v -6.000101 0.076933 -0.645637
v -6.039729 0.093491 -0.580266
v -6.082082 0.131403 -0.526536
v -6.123013 0.186955 -0.489706
v -6.158517 0.254712 -0.473382
v -6.185117 0.328040 -0.479161
v -6.200211 0.399761 -0.506478
v -6.202320 0.462855 -0.552659
v -6.191238 0.511145 -0.613183
v -6.168050 0.539905 -0.682126
v -6.135025 0.546320 -0.752738
v -6.095397 0.529761 -0.818109
v -6.053044 0.491850 -0.871839
v -6.043095 0.420192 -0.925187
v -6.010486 0.351147 -0.942139
v -5.988503 0.276205 -0.937850
v -5.979300 0.202702 -0.912741
v -5.983776 0.137832 -0.869269
v -6.001494 0.087946 -0.811690
v -6.030719 0.057926 -0.745639
v -6.068591 0.050712 -0.677583
v -6.111402 0.067010 -0.614183
v -6.154962 0.105223 -0.561646
v -6.195006 0.161613 -0.525113
v -6.227616 0.230657 -0.508161
v -6.249598 0.305599 -0.512450
v -6.258801 0.379103 -0.537559
v -6.254325 0.443973 -0.581031
v -6.236608 0.493859 -0.638611
v -6.207382 0.523878 -0.704661
v -6.169510 0.531092 -0.772717
v -6.126699 0.514795 -0.836117
v -6.083140 0.476581 -0.888655
v -6.073617 0.406057 -0.944573
v -6.044104 0.335823 -0.962294
v -6.026909 0.259561 -0.959748
v -6.023716 0.184738 -0.937183
v -6.034837 0.118677 -0.896807
v -6.059184 0.067844 -0.842574
v -6.094373 0.037216 -0.779792
v -6.136960 0.029791 -0.714606
v -6.182775 0.046295 -0.653398
v -6.227335 0.085113 -0.602158
v -6.266277 0.142446 -0.565903
v -6.295790 0.212680 -0.548181
v -6.312984 0.288941 -0.550727
v -6.316177 0.363765 -0.573293
v -6.305056 0.429826 -0.613668
v -6.280710 0.480659 -0.667901
v -6.245521 0.511286 -0.730684
v -6.202934 0.518712 -0.795869
v -6.157119 0.502208 -0.857078
v -6.112559 0.463389 -0.908317
v -6.103870 0.393904 -0.967027
v -6.077628 0.322614 -0.985654
v -6.065325 0.245372 -0.985068
v -6.068165 0.169741 -0.965324
v -6.085869 0.103123 -0.928357
v -6.116706 0.052040 -0.877785
v -6.157656 0.021492 -0.818558
v -6.204710 0.014468 -0.756474
v -6.253264 0.031658 -0.697610
v -6.298564 0.071377 -0.647727
v -6.336175 0.129738 -0.611710
v -6.362417 0.201029 -0.593083
v -6.374720 0.278270 -0.593670
v -6.371881 0.353901 -0.613413
v -6.354176 0.420519 -0.650380
v -6.323339 0.471602 -0.700952
v -6.282389 0.502151 -0.760179
v -6.235334 0.509174 -0.822263
v -6.186781 0.491985 -0.881127
v -6.141481 0.452266 -0.931010
v -6.134034 0.383832 -0.992798
v -6.111203 0.311649 -1.012453
v -6.103823 0.233796 -1.013999
v -6.112617 0.157894 -0.997283
v -6.136724 0.091372 -0.963943
v -6.173785 0.040742 -0.917241
v -6.220171 0.010960 -0.861750
v -6.271342 0.004941 -0.802901
v -6.322289 0.023274 -0.746454
v -6.368025 0.064166 -0.697936
v -6.404073 0.123612 -0.662095
v -6.426904 0.195795 -0.642439
v -6.434284 0.273648 -0.640894
v -6.425490 0.349551 -0.657609
v -6.401383 0.416073 -0.690950
v -6.364322 0.466703 -0.737651
v -6.317936 0.496485 -0.793143
v -6.266765 0.502504 -0.851992
v -6.215818 0.484170 -0.908439
v -6.170082 0.443279 -0.956957
v -6.164236 0.376032 -1.022135
v -6.144911 0.303147 -1.042925
v -6.142414 0.225062 -1.046726
v -6.156988 0.149421 -1.033164
v -6.187209 0.083628 -1.003568
v -6.230116 0.034123 -0.960835
v -6.281511 0.005752 -0.909148
v -6.336362 0.001292 -0.853566
v -6.389301 0.021180 -0.799529
v -6.435144 0.063470 -0.752329
v -6.469406 0.124021 -0.716584
v -6.488731 0.196906 -0.695794
v -6.491229 0.274991 -0.691993
v -6.476654 0.350632 -0.705554
v -6.446434 0.416425 -0.735150
v -6.403526 0.465930 -0.777883
v -6.352131 0.494301 -0.829571
v -6.297279 0.498761 -0.885153
v -6.244341 0.478872 -0.939189
v -6.198497 0.436583 -0.986390
v -6.194521 0.370773 -1.055252
v -6.178749 0.297393 -1.077266
v -6.181023 0.219450 -1.083395
v -6.201120 0.144572 -1.073038
v -6.237075 0.080088 -1.047209
v -6.285367 0.032313 -1.008437
v -6.341270 0.005920 -0.960517
v -6.399311 0.003495 -0.908140
v -6.453807 0.025275 -0.856433
v -6.499426 0.069127 -0.810456
v -6.531702 0.130760 -0.774712
v -6.547475 0.204139 -0.752698
v -6.545201 0.282083 -0.746570
v -6.525103 0.356961 -0.756927
v -6.489148 0.421444 -0.782755
v -6.440856 0.469220 -0.821527
v -6.384953 0.495612 -0.869447
v -6.326913 0.498037 -0.921824
v -6.272416 0.476257 -0.973532
v -6.226797 0.432405 -1.019508
v -6.224842 0.368373 -1.092289
v -6.212612 0.294718 -1.115596
v -6.219480 0.217266 -1.124082
v -6.244774 0.143600 -1.116914
v -6.286019 0.080929 -1.094795
v -6.339177 0.035390 -1.059890
v -6.399044 0.011439 -1.015616
v -6.459761 0.011421 -0.966306
v -6.515383 0.035338 -0.916788
v -6.560467 0.080848 -0.871908
v -6.590599 0.143497 -0.836060
v -6.602829 0.217153 -0.812753
v -6.595961 0.294605 -0.804267
v -6.570666 0.368271 -0.811435
v -6.529421 0.430941 -0.833554
v -6.476264 0.476481 -0.868459
v -6.416397 0.500432 -0.912733
v -6.355680 0.500450 -0.962043
v -6.300058 0.476533 -1.011561
v -6.254974 0.431023 -1.056441
v -6.255062 0.369167 -1.133293
v -6.246304 0.295455 -1.157946
v -6.257528 0.218810 -1.168780
v -6.287638 0.146733 -1.164736
v -6.333684 0.086281 -1.146210
v -6.391160 0.043372 -1.115014
v -6.454441 0.022204 -1.074203
v -6.517330 0.024851 -1.027772
v -6.573672 0.051053 -0.980265
v -6.617952 0.098245 -0.936332
v -6.645836 0.161809 -0.900275
v -6.654594 0.235521 -0.875622
v -6.643369 0.312166 -0.864788
v -6.613260 0.384243 -0.868831
v -6.567213 0.444695 -0.887358
v -6.509737 0.487604 -0.918553
v -6.446457 0.508772 -0.959364
v -6.383568 0.506125 -1.005796
v -6.327226 0.479923 -1.053303
v -6.282945 0.432731 -1.097236
v -6.284963 0.373468 -1.178210
v -6.279545 0.299909 -1.204242
v -6.294836 0.224336 -1.217392
v -6.329340 0.154148 -1.216374
v -6.379678 0.096214 -1.201286
v -6.440925 0.056206 -1.173606
v -6.507083 0.038040 -1.136043
v -6.571678 0.043493 -1.092274
v -6.628386 0.072033 -1.046583
v -6.671656 0.120866 -1.003444
v -6.697253 0.185211 -0.967079
v -6.702671 0.258770 -0.941047
v -6.687380 0.334342 -0.927896
v -6.652876 0.404531 -0.928915
v -6.602538 0.462464 -0.944003
v -6.541292 0.502472 -0.971683
v -6.475133 0.520639 -1.009246
v -6.410539 0.515185 -1.053015
v -6.353830 0.486645 -1.098705
v -6.310560 0.437813 -1.141844
v -6.314272 0.381534 -1.226891
v -6.312001 0.308320 -1.254321
v -6.331021 0.234033 -1.269736
v -6.369472 0.165945 -1.271626
v -6.423590 0.110722 -1.259808
v -6.488076 0.073769 -1.235438
v -6.556619 0.058703 -1.200901
v -6.622509 0.067000 -1.159578
v -6.679297 0.097846 -1.115514
v -6.721424 0.148222 -1.073023
v -6.744765 0.213198 -1.036263
v -6.747036 0.286413 -1.008834
v -6.728016 0.360699 -0.993419
v -6.689565 0.428787 -0.991529
v -6.635448 0.484010 -1.003347
v -6.570961 0.520963 -1.027717
v -6.502419 0.536029 -1.062254
v -6.436528 0.527733 -1.103577
v -6.379740 0.496887 -1.147640
v -6.337614 0.446510 -1.190132
v -6.342677 0.393552 -1.279111
v -6.343302 0.320845 -1.307941
v -6.365679 0.247997 -1.325558
v -6.407617 0.182139 -1.330238
v -6.465010 0.129718 -1.321523
v -6.532241 0.095865 -1.300265
v -6.602729 0.083895 -1.268547
v -6.669574 0.094978 -1.229472
v -6.726233 0.128030 -1.186865
v -6.767159 0.179815 -1.144897
v -6.788346 0.245265 -1.107677
v -6.787721 0.317972 -1.078847
v -6.765344 0.390820 -1.061230
v -6.723406 0.456678 -1.056550
v -6.666012 0.509099 -1.065265
v -6.598781 0.542952 -1.086522
v -6.528293 0.554923 -1.118241
v -6.461448 0.543840 -1.157316
v -6.404789 0.510788 -1.199923
v -6.363863 0.459002 -1.241890
v -6.369844 0.409614 -1.334582
v -6.373071 0.337542 -1.364800
v -6.398405 0.266226 -1.384553
v -6.443367 0.202648 -1.391908
v -6.503558 0.153031 -1.386144
v -6.573083 0.122231 -1.367826
v -6.645138 0.113265 -1.338748
v -6.712670 0.127008 -1.301754
v -6.769068 0.162117 -1.260467
v -6.808811 0.215154 -1.218929
v -6.828010 0.280928 -1.181204
v -6.824783 0.353000 -1.150986
v -6.799449 0.424316 -1.131233
v -6.754487 0.487894 -1.123878
v -6.694296 0.537511 -1.129642
v -6.624771 0.568311 -1.147960
v -6.552716 0.577278 -1.177038
v -6.485184 0.563534 -1.214032
v -6.428786 0.528425 -1.255319
v -6.389043 0.475388 -1.296857
v -6.395448 0.429713 -1.392981
v -6.400942 0.358364 -1.424560
v -6.428822 0.288618 -1.446380
v -6.476356 0.227300 -1.456305
v -6.538893 0.180413 -1.453363
v -6.610312 0.152546 -1.437844
v -6.683619 0.146428 -1.411265
v -6.751641 0.162657 -1.376228
v -6.807719 0.199645 -1.336164
v -6.846364 0.253770 -1.294994
v -6.863791 0.319736 -1.256747
v -6.858296 0.391084 -1.225169
v -6.830417 0.460830 -1.203349
v -6.782883 0.522148 -1.193424
v -6.720345 0.569035 -1.196366
v -6.648928 0.596902 -1.211885
v -6.575619 0.603020 -1.238464
v -6.507597 0.586791 -1.273501
v -6.451519 0.549803 -1.313565
v -6.412876 0.495678 -1.354735
v -6.419173 0.453738 -1.453965
v -6.426584 0.383163 -1.486861
v -6.456594 0.314971 -1.510677
v -6.506266 0.255837 -1.523080
v -6.570736 0.211549 -1.522856
v -6.643695 0.186443 -1.510028
v -6.718001 0.182976 -1.485850
v -6.786381 0.201488 -1.452691
v -6.842139 0.240166 -1.413795
v -6.879820 0.295224 -1.372970
v -6.895733 0.361274 -1.334212
v -6.888323 0.431849 -1.301315
v -6.858313 0.500041 -1.277500
v -6.808641 0.559175 -1.265097
v -6.744171 0.603463 -1.265321
v -6.671211 0.628569 -1.278149
v -6.596905 0.632036 -1.302326
v -6.528526 0.613524 -1.335486
v -6.472767 0.574846 -1.374382
v -6.435087 0.519788 -1.415207
v -6.440738 0.481488 -1.517184
v -6.449707 0.411696 -1.551340
v -6.481444 0.345001 -1.577077
v -6.532843 0.287930 -1.591876
v -6.598872 0.246070 -1.594289
v -6.673069 0.223520 -1.584078
v -6.748170 0.222485 -1.562245
v -6.816824 0.243068 -1.530925
v -6.872310 0.283253 -1.493185
v -6.909198 0.339108 -1.452718
v -6.923876 0.405164 -1.413487
v -6.914907 0.474956 -1.379332
v -6.883170 0.541652 -1.353595
v -6.831771 0.598722 -1.338796
v -6.765742 0.640582 -1.336383
v -6.691545 0.663133 -1.346594
v -6.616444 0.664167 -1.368427
v -6.547790 0.643584 -1.399747
v -6.492304 0.603399 -1.437487
v -6.455416 0.547544 -1.477953
v -6.459896 0.512668 -1.582301
v -6.470073 0.443636 -1.617640
v -6.503156 0.378345 -1.645219
v -6.555905 0.323188 -1.662340
v -6.623158 0.283563 -1.667325
v -6.698332 0.263350 -1.659688
v -6.774067 0.264527 -1.640176
v -6.842950 0.286978 -1.610698
v -6.898239 0.328506 -1.574140
v -6.934522 0.385046 -1.534081
v -6.948246 0.451064 -1.494442
v -6.938069 0.520097 -1.459104
v -6.904986 0.585387 -1.431524
v -6.852237 0.640544 -1.414403
v -6.784984 0.680169 -1.409418
v -6.709811 0.700382 -1.417055
v -6.634076 0.699206 -1.436567
v -6.565192 0.676755 -1.466045
v -6.509903 0.635226 -1.502603
v -6.473620 0.578686 -1.542662
v -6.476441 0.546911 -1.648990
v -6.487502 0.478585 -1.685419
v -6.521580 0.414584 -1.714754
v -6.575341 0.361175 -1.734123
v -6.643522 0.323586 -1.741632
v -6.719448 0.305495 -1.736545
v -6.795688 0.308674 -1.719360
v -6.864778 0.332812 -1.691759
v -6.919956 0.375546 -1.656443
v -6.955820 0.432692 -1.616871
v -6.968860 0.498657 -1.576915
v -6.957800 0.566984 -1.540486
v -6.923721 0.630985 -1.511152
v -6.869960 0.684394 -1.491782
v -6.801780 0.721983 -1.484273
v -6.725853 0.740074 -1.489360
v -6.649614 0.736894 -1.506545
v -6.580523 0.712757 -1.534147
v -6.525345 0.670023 -1.569462
v -6.489481 0.612877 -1.609034
v -6.490209 0.583785 -1.716950
v -6.501864 0.516088 -1.754357
v -6.536631 0.453250 -1.785350
v -6.591105 0.401420 -1.806894
v -6.659956 0.365674 -1.816882
v -6.736442 0.349508 -1.814335
v -6.813077 0.354507 -1.799503
v -6.882360 0.380181 -1.773837
v -6.937508 0.424016 -1.739850
v -6.973124 0.481722 -1.700870
v -6.985720 0.547650 -1.660710
v -6.974064 0.615347 -1.623303
v -6.939297 0.678185 -1.592311
v -6.884822 0.730014 -1.570766
v -6.815972 0.765761 -1.560779
v -6.739486 0.781926 -1.563326
v -6.662851 0.776927 -1.578158
v -6.593568 0.751254 -1.603823
v -6.538420 0.707418 -1.637810
v -6.502805 0.649713 -1.676791
v -6.501072 0.622803 -1.785899
v -6.513083 0.555646 -1.824157
v -6.548279 0.493838 -1.856697
v -6.603216 0.443428 -1.880335
v -6.672515 0.409351 -1.892757
v -6.749393 0.394943 -1.892747
v -6.826326 0.401614 -1.880305
v -6.895782 0.428711 -1.856650
v -6.950963 0.473582 -1.824097
v -6.986466 0.531834 -1.785833
v -6.998816 0.597765 -1.745603
v -6.986806 0.664922 -1.707346
v -6.951610 0.726731 -1.674805
v -6.896674 0.777140 -1.651167
v -6.827374 0.811217 -1.638746
v -6.750495 0.825625 -1.638756
v -6.673563 0.818954 -1.651198
v -6.604107 0.791857 -1.674853
v -6.548927 0.746987 -1.707405
v -6.513423 0.688734 -1.745670
v -6.508942 0.663442 -1.855576
v -6.521124 0.596725 -1.894543
v -6.556545 0.535819 -1.928509
v -6.611740 0.486686 -1.954149
v -6.681304 0.454135 -1.968955
v -6.758429 0.441353 -1.971475
v -6.835564 0.449590 -1.961465
v -6.905159 0.478042 -1.939904
v -6.960403 0.523921 -1.908901
v -6.995887 0.582738 -1.871493
v -7.008138 0.648736 -1.831340
v -6.995955 0.715452 -1.792374
v -6.960534 0.776359 -1.758408
v -6.905340 0.825492 -1.732768
v -6.835775 0.858043 -1.717962
v -6.758651 0.870825 -1.715441
v -6.681515 0.862587 -1.725451
v -6.611920 0.834136 -1.747013
v -6.556676 0.788257 -1.778015
v -6.521193 0.729440 -1.815424
v -6.513756 0.705150 -1.925735
v -6.525990 0.638770 -1.965258
v -6.561493 0.578651 -2.000515
v -6.616792 0.530677 -2.028057
v -6.686471 0.499544 -2.045187
v -6.763712 0.488300 -2.050228
v -6.840952 0.498045 -2.042687
v -6.910632 0.527827 -2.023302
v -6.965930 0.574728 -1.993971
v -7.001433 0.634158 -1.957564
v -7.013667 0.700301 -1.917646
v -7.001433 0.766681 -1.878124
v -6.965930 0.826800 -1.842867
v -6.910632 0.874774 -1.815325
v -6.840952 0.905907 -1.798195
v -6.763712 0.917151 -1.793154
v -6.686471 0.907405 -1.800695
v -6.616792 0.877624 -1.820080
v -6.561493 0.830723 -1.849411
v -6.525990 0.771292 -1.885817
vn 1.0000 0.0012 -0.0018
vn 0.9509 -0.2645 -0.1608
vn 0.8084 -0.5041 -0.3038
vn 0.5866 -0.6942 -0.4170
vn 0.3074 -0.8161 -0.4894
vn -0.0018 -0.8577 -0.5141
vn -0.3107 -0.8152 -0.4888
vn -0.5891 -0.6928 -0.4159
vn -0.8097 -0.5028 -0.3027
vn -0.9513 -0.2637 -0.1599
vn -1.0000 0.0010 -0.0015
vn -0.9513 0.2654 0.1571
vn -0.8097 0.5040 0.3006
vn -0.5891 0.6935 0.4148
vn -0.3108 0.8154 0.4885
vn -0.0019 0.8577 0.5141
vn 0.3074 0.8163 0.4891
vn 0.5866 0.6950 0.4158
vn 0.8084 0.5056 0.3015
vn 0.9509 0.2665 0.1575
vn 0.9994 -0.0183 0.0305
vn 0.9502 -0.2833 -0.1298
vn 0.8077 -0.5203 -0.2772
vn 0.5860 -0.7062 -0.3973
vn 0.3069 -0.8227 -0.4785
vn -0.0022 -0.8583 -0.5131
vn -0.3109 -0.8097 -0.4977
vn -0.5890 -0.6818 -0.4339
vn -0.8094 -0.4872 -0.3280
vn -0.9507 -0.2451 -0.1901
vn -0.9992 0.0207 -0.0336
vn -0.9503 0.2846 0.1262
vn -0.8088 0.5205 0.2738
vn -0.5883 0.7057 0.3949
vn -0.3101 0.8222 0.4773
vn -0.0015 0.8584 0.5129
vn 0.3075 0.8108 0.4980
vn 0.5865 0.6839 0.4339
vn 0.8080 0.4901 0.3270
vn 0.9504 0.2481 0.1878
vn 0.9973 -0.0390 0.0628
vn 0.9478 -0.3034 -0.0985
vn 0.8052 -0.5379 -0.2497
vn 0.5835 -0.7197 -0.3762
vn 0.3047 -0.8307 -0.4658
vn -0.0038 -0.8601 -0.5100
vn -0.3118 -0.8051 -0.5046
vn -0.5891 -0.6711 -0.4501
vn -0.8086 -0.4715 -0.3519
vn -0.9491 -0.2260 -0.2194
vn -0.9970 0.0414 -0.0655
vn -0.9477 0.3048 0.0951
vn -0.8058 0.5385 0.2464
vn -0.5856 0.7195 0.3734
vn -0.3079 0.8304 0.4643
vn 0.0001 0.8603 0.5097
vn 0.3083 0.8063 0.5049
vn 0.5864 0.6734 0.4502
vn 0.8072 0.4745 0.3510
vn 0.9487 0.2292 0.2178
vn 0.9937 -0.0612 0.0941
vn 0.9433 -0.3252 -0.0671
vn 0.8002 -0.5574 -0.2213
vn 0.5785 -0.7349 -0.3538
vn 0.3002 -0.8403 -0.4515
vn -0.0075 -0.8630 -0.5052
vn -0.3142 -0.8010 -0.5097
vn -0.5899 -0.6604 -0.4646
vn -0.8078 -0.4553 -0.3744
vn -0.9467 -0.2057 -0.2478
vn -0.9932 0.0637 -0.0970
vn -0.9430 0.3268 0.0634
vn -0.8006 0.5580 0.2181
vn -0.5800 0.7349 0.3513
vn -0.3033 0.8401 0.4497
vn 0.0037 0.8633 0.5046
vn 0.3105 0.8023 0.5099
vn 0.5872 0.6628 0.4647
vn 0.8059 0.4586 0.3745
vn 0.9463 0.2089 0.2468
vn 0.9885 -0.0852 0.1252
vn 0.9364 -0.3492 -0.0355
vn 0.7923 -0.5790 -0.1924
vn 0.5704 -0.7521 -0.3302
vn 0.2925 -0.8512 -0.4357
vn -0.0139 -0.8667 -0.4986
vn -0.3187 -0.7971 -0.5130
vn -0.5920 -0.6492 -0.4776
vn -0.8073 -0.4378 -0.3957
vn -0.9436 -0.1838 -0.2754
vn -0.9878 0.0881 -0.1283
vn -0.9358 0.3512 0.0315
vn -0.7926 0.5799 0.1884
vn -0.5717 0.7521 0.3278
vn -0.2958 0.8505 0.4350
vn 0.0097 0.8663 0.4994
vn 0.3145 0.7976 0.5148
vn 0.5888 0.6507 0.4794
vn 0.8052 0.4410 0.3964
vn 0.9434 0.1870 0.2739
vn 0.9814 -0.1117 0.1561
vn 0.9267 -0.3757 -0.0038
vn 0.7809 -0.6030 -0.1629
vn 0.5584 -0.7712 -0.3058
vn 0.2811 -0.8636 -0.4186
vn -0.0236 -0.8711 -0.4906
vn -0.3257 -0.7930 -0.5149
vn -0.5957 -0.6370 -0.4892
vn -0.8072 -0.4188 -0.4160
vn -0.9397 -0.1597 -0.3024
vn -0.9805 0.1149 -0.1593
vn -0.9258 0.3780 -0.0006
vn -0.7809 0.6042 0.1584
vn -0.5599 0.7715 0.3021
vn -0.2842 0.8636 0.4165
vn 0.0196 0.8715 0.4901
vn 0.3216 0.7943 0.5155
vn 0.5925 0.6394 0.4899
vn 0.8056 0.4220 0.4159
vn 0.9396 0.1632 0.3008
vn 0.9723 -0.1409 0.1867
vn 0.9139 -0.4049 0.0282
vn 0.7657 -0.6293 -0.1328
vn 0.5422 -0.7921 -0.2804
vn 0.2655 -0.8770 -0.4004
vn -0.0371 -0.8757 -0.4814
vn -0.3357 -0.7883 -0.5156
vn -0.6012 -0.6235 -0.4998
vn -0.8076 -0.3976 -0.4356
vn -0.9349 -0.1330 -0.3290
vn -0.9710 0.1445 -0.1904
vn -0.9125 0.4076 -0.0331
vn -0.7652 0.6310 0.1276
vn -0.5434 0.7928 0.2761
vn -0.2684 0.8773 0.3978
vn 0.0330 0.8763 0.4806
vn 0.3315 0.7898 0.5161
vn 0.5979 0.6261 0.5006
vn 0.8059 0.4011 0.4354
vn 0.9350 0.1369 0.3272
vn 0.9606 -0.1729 0.2176
vn 0.8975 -0.4368 0.0605
vn 0.7461 -0.6579 -0.1020
vn 0.5213 -0.8146 -0.2542
vn 0.2454 -0.8913 -0.3814
vn -0.0545 -0.8803 -0.4713
vn -0.3487 -0.7826 -0.5156
vn -0.6084 -0.6081 -0.5099
vn -0.8082 -0.3741 -0.4548
vn -0.9289 -0.1035 -0.3557
vn -0.9589 0.1769 -0.2218
vn -0.8956 0.4400 -0.0663
vn -0.7451 0.6600 0.0959
vn -0.5221 0.8157 0.2491
vn -0.2481 0.8919 0.3781
vn 0.0504 0.8812 0.4701
vn 0.3443 0.7845 0.5158
vn 0.6049 0.6111 0.5105
vn 0.8065 0.3780 0.4545
vn 0.9292 0.1078 0.3535
vn 0.9460 -0.2077 0.2490
vn 0.8771 -0.4711 0.0936
vn 0.7218 -0.6885 -0.0705
vn 0.4955 -0.8384 -0.2272
vn 0.2204 -0.9059 -0.3615
vn -0.0760 -0.8843 -0.4606
vn -0.3646 -0.7757 -0.5152
vn -0.6170 -0.5908 -0.5199
vn -0.8087 -0.3480 -0.4743
vn -0.9211 -0.0713 -0.3828
vn -0.9436 0.2122 -0.2541
vn -0.8743 0.4748 -0.1004
vn -0.7200 0.6910 0.0632
vn -0.4957 0.8399 0.2210
vn -0.2230 0.9069 0.3574
vn 0.0718 0.8856 0.4589
vn 0.3600 0.7778 0.5151
vn 0.6134 0.5941 0.5203
vn 0.8071 0.3523 0.4738
vn 0.9218 0.0760 0.3801
vn 0.9278 -0.2450 0.2813
vn 0.8521 -0.5076 0.1277
vn 0.6924 -0.7205 -0.0379
vn 0.4644 -0.8629 -0.1993
vn 0.1908 -0.9205 -0.3409
vn -0.1013 -0.8875 -0.4495
vn -0.3830 -0.7671 -0.5147
vn -0.6266 -0.5712 -0.5303
vn -0.8083 -0.3193 -0.4946
vn -0.9109 -0.0363 -0.4110
vn -0.9246 0.2500 -0.2875
vn -0.8483 0.5118 -0.1359
vn -0.6897 0.7235 0.0293
vn -0.4640 0.8648 0.1919
vn -0.1930 0.9219 0.3360
vn 0.0971 0.8891 0.4472
vn 0.3782 0.7696 0.5144
vn 0.6229 0.5750 0.5304
vn 0.8070 0.3241 0.4936
vn 0.9122 0.0416 0.4076
vn 0.9055 -0.2842 0.3152
vn 0.8221 -0.5454 0.1632
vn 0.6576 -0.7534 -0.0041
vn 0.4281 -0.8875 -0.1703
vn 0.1566 -0.9345 -0.3198
vn -0.1301 -0.8894 -0.4383
vn -0.4033 -0.7566 -0.5147
vn -0.6363 -0.5494 -0.5416
vn -0.8065 -0.2883 -0.5162
vn -0.8975 0.0009 -0.4409
vn -0.9010 0.2897 -0.3228
vn -0.8170 0.5501 -0.1731
vn -0.6536 0.7568 -0.0063
vn -0.4268 0.8898 0.1615
vn -0.1583 0.9362 0.3138
vn 0.1260 0.8914 0.4354
vn 0.3985 0.7596 0.5140
vn 0.6327 0.5537 0.5414
vn 0.8055 0.2937 0.5147
vn 0.8997 0.0049 0.4366
vn 0.8783 -0.3245 0.3511
vn 0.7867 -0.5839 0.2006
vn 0.6172 -0.7862 0.0313
vn 0.3867 -0.9115 -0.1404
vn 0.1181 -0.9472 -0.2981
vn -0.1617 -0.8896 -0.4272
vn -0.4249 -0.7442 -0.5155
vn -0.6455 -0.5255 -0.5543
vn -0.8022 -0.2554 -0.5397
vn -0.8802 0.0396 -0.4730
vn -0.8723 0.3304 -0.3604
vn -0.7797 0.5889 -0.2125
vn -0.6116 0.7900 -0.0436
vn -0.3841 0.9141 0.1299
vn -0.1192 0.9493 0.2910
vn 0.1577 0.8920 0.4236
vn 0.4200 0.7478 0.5143
vn 0.6419 0.5305 0.5537
vn 0.8018 0.2613 0.5375
vn 0.8834 -0.0333 0.4675
vn 0.8457 -0.3649 0.3893
vn 0.7454 -0.6219 0.2401
vn 0.5712 -0.8180 0.0684
vn 0.3403 -0.9340 -0.1092
vn 0.0758 -0.9582 -0.2760
vn -0.1956 -0.8879 -0.4165
vn -0.4467 -0.7299 -0.5173
vn -0.6530 -0.5001 -0.5688
vn -0.7944 -0.2214 -0.5656
vn -0.8579 0.0789 -0.5078
vn -0.8377 0.3712 -0.4007
vn -0.7362 0.6271 -0.2544
vn -0.5635 0.8219 -0.0830
vn -0.3362 0.9368 0.0969
vn -0.0761 0.9605 0.2676
vn 0.1918 0.8907 0.4121
vn 0.4418 0.7341 0.5157
vn 0.6497 0.5057 0.5677
vn 0.7948 0.2278 0.5625
vn 0.8626 -0.0722 0.5008
vn 0.8072 -0.4043 0.4302
vn 0.6981 -0.6582 0.2819
vn 0.5196 -0.8477 0.1073
vn 0.2892 -0.9542 -0.0768
vn 0.0303 -0.9669 -0.2534
vn -0.2308 -0.8842 -0.4062
vn -0.4680 -0.7141 -0.5206
vn -0.6579 -0.4738 -0.5854
vn -0.7823 -0.1872 -0.5941
vn -0.8299 0.1175 -0.5454
vn -0.7966 0.4105 -0.4438
vn -0.6861 0.6633 -0.2988
vn -0.5093 0.8515 -0.1244
vn -0.2833 0.9570 0.0626
vn -0.0297 0.9694 0.2438
vn 0.2274 0.8874 0.4010
vn 0.4632 0.7188 0.5184
vn 0.6550 0.4799 0.5837
vn 0.7837 0.1941 0.5900
vn 0.8364 -0.1106 0.5368
vn 0.7622 -0.4411 0.4737
vn 0.6446 -0.6915 0.3261
vn 0.4624 -0.8742 0.1481
vn 0.2338 -0.9713 -0.0433
vn -0.0178 -0.9729 -0.2306
vn -0.2667 -0.8784 -0.3966
vn -0.4877 -0.6972 -0.5254
vn -0.6592 -0.4475 -0.6043
vn -0.7650 -0.1541 -0.6254
vn -0.7955 0.1540 -0.5861
vn -0.7485 0.4469 -0.4899
vn -0.6292 0.6961 -0.3458
vn -0.4492 0.8776 -0.1677
vn -0.2259 0.9738 0.0272
vn 0.0195 0.9754 0.2197
vn 0.2636 0.8820 0.3906
vn 0.4831 0.7025 0.5226
vn 0.6569 0.4542 0.6019
vn 0.7678 0.1613 0.6201
vn 0.8044 -0.1473 0.5756
vn 0.7107 -0.4740 0.5198
vn 0.5849 -0.7205 0.3725
vn 0.4000 -0.8965 0.1906
vn 0.1746 -0.9846 -0.0088
vn -0.0680 -0.9758 -0.2076
vn -0.3025 -0.8708 -0.3877
vn -0.5051 -0.6798 -0.5317
vn -0.6562 -0.4221 -0.6254
vn -0.7418 -0.1234 -0.6592
vn -0.7543 0.1870 -0.6294
vn -0.6934 0.4788 -0.5384
vn -0.5656 0.7240 -0.3949
vn -0.3834 0.8988 -0.2125
vn -0.1643 0.9864 -0.0090
vn 0.0708 0.9781 0.1957
vn 0.2998 0.8746 0.3811
vn 0.5008 0.6856 0.5284
vn 0.6547 0.4293 0.6222
vn 0.7462 0.1307 0.6527
vn 0.7659 -0.1807 0.6170
vn 0.6526 -0.5015 0.5680
vn 0.5192 -0.7440 0.4207
vn 0.3327 -0.9134 0.2343
vn 0.1121 -0.9933 0.0263
vn -0.1194 -0.9755 -0.1848
vn -0.3374 -0.8614 -0.3797
vn -0.5196 -0.6626 -0.5395
vn -0.6485 -0.3989 -0.6483
vn -0.7124 -0.0966 -0.6951
vn -0.7062 0.2147 -0.6746
vn -0.6314 0.5048 -0.5887
vn -0.4957 0.7456 -0.4453
vn -0.3126 0.9141 -0.2581
vn -0.0994 0.9940 -0.0454
vn 0.1235 0.9773 0.1720
vn 0.3351 0.8654 0.3724
vn 0.5156 0.6688 0.5355
vn 0.6478 0.4063 0.6444
vn 0.7188 0.1036 0.6875
vn 0.7209 -0.2094 0.6606
vn 0.5882 -0.5223 0.6174
vn 0.4478 -0.7607 0.4699
vn 0.2610 -0.9242 0.2788
vn 0.0468 -0.9970 0.0616
vn -0.1716 -0.9717 -0.1624
vn -0.3709 -0.8507 -0.3725
vn -0.5306 -0.6462 -0.5485
vn -0.6357 -0.3788 -0.6726
vn -0.6770 -0.0748 -0.7321
vn -0.6516 0.2359 -0.7209
vn -0.5630 0.5233 -0.6397
vn -0.4203 0.7598 -0.4960
vn -0.2374 0.9227 -0.3037
vn -0.0320 0.9962 -0.0814
vn 0.1767 0.9729 0.1490
vn 0.3691 0.8548 0.3648
vn 0.5272 0.6528 0.5439
vn 0.6362 0.3863 0.6679
vn 0.6854 0.0812 0.7236
vn 0.6694 -0.2321 0.7057
vn 0.5180 -0.5353 0.6672
vn 0.3714 -0.7697 0.5193
vn 0.1855 -0.9280 0.3230
vn -0.0206 -0.9951 0.0963
vn -0.2239 -0.9644 -0.1408
vn -0.4025 -0.8389 -0.3664
vn -0.5381 -0.6314 -0.5583
vn -0.6182 -0.3627 -0.6974
vn -0.6360 -0.0592 -0.7694
vn -0.5912 0.2494 -0.7670
vn -0.4891 0.5335 -0.6900
vn -0.3402 0.7658 -0.5458
vn -0.1590 0.9239 -0.3481
vn 0.0372 0.9925 -0.1162
vn 0.2300 0.9648 0.1273
vn 0.4013 0.8430 0.3582
vn 0.5354 0.6383 0.5532
vn 0.6198 0.3701 0.6920
vn 0.6464 0.0647 0.7602
vn 0.6120 -0.2476 0.7511
vn 0.4428 -0.5397 0.7160
vn 0.2908 -0.7702 0.5676
vn 0.1070 -0.9244 0.3660
vn -0.0892 -0.9875 0.1297
vn -0.2758 -0.9536 -0.1205
vn -0.4321 -0.8264 -0.3612
vn -0.5422 -0.6187 -0.5685
vn -0.5962 -0.3513 -0.7219
vn -0.5903 -0.0504 -0.8056
vn -0.5261 0.2547 -0.8114
vn -0.4111 0.5348 -0.7382
vn -0.2569 0.7630 -0.5932
vn -0.0785 0.9174 -0.3901
vn 0.1071 0.9831 -0.1488
vn 0.2824 0.9533 0.1073
vn 0.4313 0.8304 0.3527
vn 0.5402 0.6256 0.5628
vn 0.5991 0.3584 0.7160
vn 0.6025 0.0547 0.7962
vn 0.5494 -0.2552 0.7957
vn 0.3639 -0.5350 0.7624
vn 0.2072 -0.7621 0.6134
vn 0.0267 -0.9132 0.4066
vn -0.1583 -0.9742 0.1607
vn -0.3265 -0.9397 -0.1020
vn -0.4592 -0.8135 -0.3569
vn -0.5431 -0.6084 -0.5787
vn -0.5707 -0.3450 -0.7452
vn -0.5409 -0.0488 -0.8397
vn -0.4578 0.2515 -0.8527
vn -0.3305 0.5270 -0.7829
vn -0.1719 0.7516 -0.6369
vn 0.0027 0.9034 -0.4287
vn 0.1765 0.9680 -0.1785
vn 0.3334 0.9385 0.0893
vn 0.4606 0.8162 0.3489
vn 0.5430 0.6161 0.5706
vn 0.5747 0.3516 0.7390
vn 0.5546 0.0517 0.8305
vn 0.4827 -0.2543 0.8381
vn 0.2827 -0.5215 0.8051
vn 0.1219 -0.7453 0.6555
vn -0.0542 -0.8946 0.4435
vn -0.2267 -0.9555 0.1887
vn -0.3755 -0.9228 -0.0858
vn -0.4840 -0.8005 -0.3536
vn -0.5412 -0.6009 -0.5883
vn -0.5425 -0.3437 -0.7665
vn -0.4892 -0.0541 -0.8705
vn -0.3878 0.2401 -0.8899
vn -0.2490 0.5107 -0.8229
vn -0.0867 0.7320 -0.6758
vn 0.0831 0.8826 -0.4628
vn 0.2446 0.9478 -0.2045
vn 0.3836 0.9205 0.0744
vn 0.4853 0.8030 0.3460
vn 0.5415 0.6083 0.5804
vn 0.5500 0.3485 0.7590
vn 0.5059 0.0568 0.8607
vn 0.4133 -0.2451 0.8770
vn 0.2008 -0.4996 0.8427
vn 0.0368 -0.7206 0.6924
vn -0.1342 -0.8693 0.4757
vn -0.2933 -0.9320 0.2128
vn -0.4222 -0.9036 -0.0720
vn -0.5063 -0.7877 -0.3512
vn -0.5370 -0.5959 -0.5971
vn -0.5125 -0.3473 -0.7853
vn -0.4365 -0.0659 -0.8973
vn -0.3175 0.2213 -0.9221
vn -0.1681 0.4867 -0.8572
vn -0.0030 0.7052 -0.7090
vn 0.1616 0.8556 -0.4918
vn 0.3111 0.9231 -0.2261
vn 0.4296 0.9009 0.0618
vn 0.5064 0.7911 0.3430
vn 0.5369 0.6022 0.5908
vn 0.5177 0.3525 0.7795
vn 0.4525 0.0696 0.8891
vn 0.3429 -0.2281 0.9113
vn 0.1200 -0.4704 0.8743
vn -0.0468 -0.6889 0.7233
vn -0.2118 -0.8382 0.5025
vn -0.3573 -0.9046 0.2325
vn -0.4662 -0.8826 -0.0610
vn -0.5261 -0.7753 -0.3496
vn -0.5311 -0.5935 -0.6047
vn -0.4816 -0.3552 -0.8012
vn -0.3839 -0.0834 -0.9196
vn -0.2484 0.1960 -0.9486
vn -0.0892 0.4562 -0.8854
vn 0.0780 0.6723 -0.7362
vn 0.2377 0.8236 -0.5150
vn 0.3732 0.8952 -0.2436
vn 0.4719 0.8801 0.0512
vn 0.5266 0.7784 0.3416
vn 0.5318 0.5994 0.5983
vn 0.4875 0.3597 0.7956
vn 0.4002 0.0836 0.9126
vn 0.2746 -0.2034 0.9398
vn 0.0417 -0.4352 0.8994
vn -0.1271 -0.6517 0.7477
vn -0.2860 -0.8026 0.5234
vn -0.4177 -0.8741 0.2478
vn -0.5069 -0.8604 -0.0528
vn -0.5435 -0.7635 -0.3488
vn -0.5238 -0.5935 -0.6111
vn -0.4506 -0.3669 -0.8138
vn -0.3324 -0.1056 -0.9372
vn -0.1815 0.1655 -0.9694
vn -0.0134 0.4203 -0.9073
vn 0.1554 0.6346 -0.7571
vn 0.3087 0.7881 -0.5325
vn 0.4310 0.8649 -0.2574
vn 0.5122 0.8578 0.0439
vn 0.5444 0.7664 0.3410
vn 0.5252 0.5987 0.6047
vn 0.4570 0.3705 0.8086
vn 0.3467 0.1040 0.9322
vn 0.2056 -0.1720 0.9634
vn -0.0320 -0.3952 0.9180
vn -0.2034 -0.6103 0.7656
vn -0.3559 -0.7638 0.5385
vn -0.4741 -0.8417 0.2586
vn -0.5443 -0.8375 -0.0472
vn -0.5586 -0.7526 -0.3487
vn -0.5155 -0.5955 -0.6162
vn -0.4200 -0.3817 -0.8234
vn -0.2826 -0.1316 -0.9502
vn -0.1176 0.1308 -0.9844
vn 0.0586 0.3804 -0.9230
vn 0.2284 0.5933 -0.7719
vn 0.3756 0.7494 -0.5453
vn 0.4856 0.8326 -0.2665
vn 0.5490 0.8349 0.0391
vn 0.5598 0.7551 0.3412
vn 0.5175 0.6002 0.6099
vn 0.4267 0.3846 0.8186
vn 0.2964 0.1293 0.9463
vn 0.1398 -0.1393 0.9803
vn -0.1029 -0.3512 0.9306
vn -0.2748 -0.5660 0.7772
vn -0.4209 -0.7228 0.5482
vn -0.5260 -0.8081 0.2652
vn -0.5783 -0.8147 -0.0441
vn -0.5715 -0.7427 -0.3491
vn -0.5064 -0.5994 -0.6199
vn -0.3902 -0.3990 -0.8298
vn -0.2351 -0.1606 -0.9586
vn -0.0570 0.0930 -0.9940
vn 0.1263 0.3375 -0.9328
vn 0.2969 0.5495 -0.7809
vn 0.4379 0.7087 -0.5532
vn 0.5360 0.7993 -0.2717
vn 0.5825 0.8120 0.0367
vn 0.5730 0.7449 0.3419
vn 0.5090 0.6035 0.6138
vn 0.3971 0.4012 0.8255
vn 0.2482 0.1578 0.9558
vn 0.0762 -0.1021 0.9918
vn -0.1689 -0.3062 0.9369
vn -0.3412 -0.5200 0.7831
vn -0.4809 -0.6806 0.5527
vn -0.5736 -0.7741 0.2680
vn -0.6088 -0.7921 -0.0432
vn -0.5823 -0.7338 -0.3500
vn -0.4968 -0.6050 -0.6222
vn -0.3613 -0.4184 -0.8333
vn -0.1899 -0.1918 -0.9629
vn -0.0000 0.0530 -0.9986
vn 0.1896 0.2927 -0.9372
vn 0.3602 0.5045 -0.7847
vn 0.4951 0.6673 -0.5564
vn 0.5820 0.7658 -0.2735
vn 0.6125 0.7896 0.0364
vn 0.5840 0.7357 0.3430
vn 0.4998 0.6085 0.6164
vn 0.3683 0.4199 0.8295
vn 0.2023 0.1886 0.9610
vn 0.0175 -0.0622 0.9979
vn -0.2304 -0.2598 0.9378
vn -0.4025 -0.4731 0.7837
vn -0.5359 -0.6382 0.5527
vn -0.6168 -0.7403 0.2674
vn -0.6361 -0.7704 -0.0442
vn -0.5912 -0.7261 -0.3511
vn -0.4866 -0.6121 -0.6233
vn -0.3333 -0.4395 -0.8341
vn -0.1470 -0.2248 -0.9633
vn 0.0536 0.0115 -0.9985
vn 0.2486 0.2466 -0.9367
vn 0.4190 0.4583 -0.7839
vn 0.5481 0.6256 -0.5551
vn 0.6240 0.7325 -0.2721
vn 0.6394 0.7679 0.0378
vn 0.5931 0.7277 0.3445
vn 0.4900 0.6150 0.6178
vn 0.3404 0.4404 0.8308
vn 0.1589 0.2211 0.9622
vn -0.0376 -0.0207 0.9991
vn -0.2874 -0.2128 0.9339
vn -0.4591 -0.4260 0.7796
vn -0.5863 -0.5959 0.5487
vn -0.6560 -0.7071 0.2639
vn -0.6603 -0.7496 -0.0468
vn -0.5982 -0.7197 -0.3525
vn -0.4760 -0.6206 -0.6231
vn -0.3064 -0.4620 -0.8323
vn -0.1064 -0.2590 -0.9600
vn 0.1038 -0.0311 -0.9941
vn 0.3037 0.1999 -0.9316
vn 0.4734 0.4118 -0.7787
vn 0.5968 0.5841 -0.5502
vn 0.6622 0.6998 -0.2679
vn 0.6633 0.7472 0.0408
vn 0.6004 0.7210 0.3460
vn 0.4798 0.6229 0.6178
vn 0.3135 0.4623 0.8294
vn 0.1177 0.2549 0.9598
vn -0.0891 0.0219 0.9958
vn -0.3404 -0.1654 0.9256
vn -0.5112 -0.3790 0.7713
vn -0.6325 -0.5542 0.5412
vn -0.6915 -0.6748 0.2578
vn -0.6817 -0.7299 -0.0508
vn -0.6035 -0.7146 -0.3538
vn -0.4650 -0.6304 -0.6215
vn -0.2803 -0.4857 -0.8280
vn -0.0678 -0.2943 -0.9533
vn 0.1511 -0.0744 -0.9857
vn 0.3549 0.1529 -0.9223
vn 0.5237 0.3654 -0.7695
vn 0.6415 0.5430 -0.5419
vn 0.6968 0.6679 -0.2613
vn 0.6845 0.7276 0.0451
vn 0.6060 0.7156 0.3476
vn 0.4691 0.6322 0.6166
vn 0.2875 0.4855 0.8256
vn 0.0787 0.2898 0.9538
vn -0.1374 0.0652 0.9884
vn -0.3898 -0.1180 0.9133
vn -0.5595 -0.3325 0.7593
vn -0.6747 -0.5133 0.5304
vn -0.7236 -0.6437 0.2494
vn -0.7004 -0.7115 -0.0558
vn -0.6073 -0.7108 -0.3549
vn -0.4536 -0.6416 -0.6186
vn -0.2549 -0.5106 -0.8212
vn -0.0311 -0.3304 -0.9433
vn 0.1956 -0.1182 -0.9735
vn 0.4029 0.1056 -0.9091
vn 0.5706 0.3194 -0.7566
vn 0.6826 0.5026 -0.5305
vn 0.7282 0.6371 -0.2526
vn 0.7031 0.7093 0.0504
vn 0.6099 0.7115 0.3489
vn 0.4580 0.6429 0.6140
vn 0.2622 0.5098 0.8194
vn 0.0415 0.3255 0.9446
vn -0.1829 0.1089 0.9771
vn -0.4359 -0.0707 0.8972
vn -0.6042 -0.2865 0.7436
vn -0.7135 -0.4733 0.5166
vn -0.7526 -0.6136 0.2389
vn -0.7168 -0.6945 -0.0618
vn -0.6096 -0.7084 -0.3558
vn -0.4417 -0.6540 -0.6142
vn -0.2300 -0.5366 -0.8119
vn 0.0042 -0.3673 -0.9301
vn 0.2378 -0.1625 -0.9576
vn 0.4479 0.0583 -0.8922
vn 0.6142 0.2737 -0.7402
vn 0.7205 0.4630 -0.5163
vn 0.7567 0.6073 -0.2419
vn 0.7195 0.6922 0.0565
vn 0.6125 0.7088 0.3500
vn 0.4464 0.6548 0.6099
vn 0.2375 0.5352 0.8107
vn 0.0061 0.3620 0.9322
vn -0.2257 0.1529 0.9621
vn -0.4792 -0.0236 0.8774
vn -0.6458 -0.2411 0.7245
vn -0.7492 -0.4342 0.5001
vn -0.7789 -0.5848 0.2266
vn -0.7311 -0.6788 -0.0686
vn -0.6105 -0.7073 -0.3562
vn -0.4293 -0.6677 -0.6082
vn -0.2056 -0.5636 -0.8000
vn 0.0381 -0.4051 -0.9135
vn 0.2780 -0.2072 -0.9380
vn 0.4904 0.0110 -0.8714
vn 0.6549 0.2285 -0.7204
vn 0.7555 0.4241 -0.4993
vn 0.7827 0.5787 -0.2294
vn 0.7337 0.6765 0.0634
vn 0.6137 0.7075 0.3506
vn 0.4343 0.6680 0.6043
vn 0.2133 0.5616 0.7994
vn -0.0280 0.3991 0.9165
vn -0.2664 0.1972 0.9435
vn -0.5201 0.0234 0.8538
vn -0.6846 -0.1963 0.7020
vn -0.7822 -0.3961 0.4808
vn -0.8027 -0.5572 0.2126
vn -0.7434 -0.6645 -0.0759
vn -0.6102 -0.7077 -0.3561
vn -0.4164 -0.6827 -0.6004
vn -0.1816 -0.5918 -0.7854
vn 0.0710 -0.4436 -0.8934
vn 0.3164 -0.2523 -0.9145
vn 0.5307 -0.0363 -0.8468
vn 0.6931 0.1836 -0.6970
vn 0.7880 0.3861 -0.4795
vn 0.8062 0.5511 -0.2151
vn 0.7461 0.6621 0.0708
vn 0.6136 0.7075 0.3506
vn 0.4218 0.6825 0.5969
vn 0.1894 0.5892 0.7855
vn -0.0609 0.4370 0.8974
vn -0.3051 0.2418 0.9211
vn -0.5588 0.0703 0.8263
vn -0.7211 -0.1521 0.6759
vn -0.8128 -0.3589 0.4588
vn -0.8243 -0.5308 0.1967
vn -0.7540 -0.6515 -0.0838
vn -0.6087 -0.7095 -0.3551
vn -0.4030 -0.6991 -0.5906
vn -0.1577 -0.6211 -0.7677
vn 0.1030 -0.4830 -0.8696
vn 0.3533 -0.2978 -0.8868
vn 0.5690 -0.0836 -0.8181
vn 0.7291 0.1392 -0.6701
vn 0.8182 0.3488 -0.4570
vn 0.8277 0.5246 -0.1992
vn 0.7567 0.6490 0.0787
vn 0.6124 0.7090 0.3498
vn 0.4087 0.6983 0.5876
vn 0.1658 0.6178 0.7687
vn -0.0928 0.4757 0.8747
vn -0.3422 0.2868 0.8948
vn -0.5957 0.1171 0.7947
vn -0.7554 -0.1084 0.6462
vn -0.8412 -0.3226 0.4338
vn -0.8440 -0.5056 0.1792
vn -0.7629 -0.6399 -0.0922
vn -0.6060 -0.7127 -0.3532
vn -0.3891 -0.7168 -0.5786
vn -0.1340 -0.6516 -0.7467
vn 0.1341 -0.5232 -0.8416
vn 0.3889 -0.3438 -0.8547
vn 0.6055 -0.1308 -0.7850
vn 0.7630 0.0952 -0.6393
vn 0.8463 0.3124 -0.4315
vn 0.8472 0.4993 -0.1814
vn 0.7658 0.6372 0.0871
vn 0.6100 0.7118 0.3481
vn 0.3952 0.7154 0.5761
vn 0.1425 0.6475 0.7487
vn -0.1238 0.5150 0.8482
vn -0.3778 0.3321 0.8643
vn -0.6307 0.1634 0.7586
vn -0.7877 -0.0653 0.6125
vn -0.8676 -0.2873 0.4058
vn -0.8617 -0.4816 0.1597
vn -0.7702 -0.6297 -0.1009
vn -0.6022 -0.7174 -0.3503
vn -0.3747 -0.7358 -0.5640
vn -0.1104 -0.6831 -0.7219
vn 0.1645 -0.5641 -0.8091
vn 0.4232 -0.3902 -0.8177
vn 0.6404 -0.1780 -0.7471
vn 0.7950 0.0516 -0.6044
vn 0.8724 0.2768 -0.4028
vn 0.8649 0.4751 -0.1618
vn 0.7734 0.6267 0.0959
vn 0.6067 0.7160 0.3453
vn 0.3813 0.7338 0.5623
vn 0.1192 0.6781 0.7252
vn -0.1540 0.5550 0.8175
vn -0.4119 0.3776 0.8293
vn -0.6641 0.2096 0.7177
vn -0.8181 -0.0230 0.5746
vn -0.8920 -0.2531 0.3745
vn -0.8776 -0.4589 0.1383
vn -0.7761 -0.6210 -0.1100
vn -0.5975 -0.7234 -0.3460
vn -0.3599 -0.7561 -0.5466
vn -0.0870 -0.7156 -0.6931
vn 0.1942 -0.6057 -0.7717
vn 0.4561 -0.4367 -0.7754
vn 0.6736 -0.2250 -0.7040
vn 0.8252 0.0087 -0.5648
vn 0.8966 0.2422 -0.3707
vn 0.8809 0.4522 -0.1401
vn 0.7794 0.6176 0.1050
vn 0.6023 0.7216 0.3413
vn 0.3669 0.7534 0.5457
vn 0.0962 0.7098 0.6979
vn -0.1834 0.5955 0.7822
vn -0.4448 0.4232 0.7894
vn -0.6957 0.2551 0.6715
vn -0.8466 0.0183 0.5319
vn -0.9144 -0.2201 0.3397
vn -0.8917 -0.4377 0.1149
vn -0.7804 -0.6137 -0.1195
vn -0.5917 -0.7309 -0.3402
vn -0.3446 -0.7775 -0.5261
vn -0.0638 -0.7489 -0.6596
vn 0.2230 -0.6475 -0.7287
vn 0.4878 -0.4831 -0.7271
vn 0.7051 -0.2713 -0.6552
vn 0.8533 -0.0332 -0.5203
vn 0.9188 0.2088 -0.3349
vn 0.8950 0.4306 -0.1164
vn 0.7841 0.6100 0.1146
vn 0.5970 0.7286 0.3358
vn 0.3521 0.7741 0.5261
vn 0.0733 0.7421 0.6663
vn -0.2121 0.6362 0.7418
vn -0.4762 0.4687 0.7440
vn -0.7255 0.2996 0.6196
vn -0.8730 0.0583 0.4842
vn -0.9348 -0.1887 0.3009
vn -0.9040 -0.4182 0.0892
vn -0.7833 -0.6081 -0.1292
vn -0.5850 -0.7396 -0.3327
vn -0.3291 -0.7999 -0.5019
vn -0.0411 -0.7826 -0.6212
vn 0.2507 -0.6893 -0.6797
vn 0.5178 -0.5289 -0.6724
vn 0.7346 -0.3165 -0.6002
vn 0.8793 -0.0738 -0.4705
vn 0.9389 0.1771 -0.2950
vn 0.9073 0.4108 -0.0903
vn 0.7873 0.6039 0.1244
vn 0.5908 0.7368 0.3288
vn 0.3370 0.7958 0.5031
vn 0.0508 0.7749 0.6300
vn -0.2393 0.6777 0.6953
vn -0.5071 0.5135 0.6922
vn -0.7532 0.3426 0.5615
vn -0.8971 0.0963 0.4312
vn -0.9528 -0.1595 0.2582
vn -0.9141 -0.4007 0.0613
vn -0.7846 -0.6042 -0.1391
vn -0.5774 -0.7498 -0.3233
vn -0.3134 -0.8229 -0.4739
vn -0.0189 -0.8163 -0.5773
vn 0.2771 -0.7304 -0.6242
vn 0.5459 -0.5734 -0.6109
vn 0.7614 -0.3600 -0.5391
vn 0.9029 -0.1116 -0.4151
vn 0.9567 0.1475 -0.2510
vn 0.9175 0.3929 -0.0620
vn 0.7889 0.5996 0.1345
vn 0.5836 0.7464 0.3199
vn 0.3216 0.8182 0.4766
vn 0.0288 0.8079 0.5887
vn -0.2648 0.7180 0.6437
vn -0.5360 0.5565 0.6348
vn -0.7786 0.3832 0.4970
vn -0.9186 0.1317 0.3726
vn -0.9683 -0.1329 0.2113
vn -0.9221 -0.3858 0.0312
vn -0.7842 -0.6023 -0.1490
vn -0.5689 -0.7611 -0.3116
vn -0.2977 -0.8463 -0.4417
vn 0.0023 -0.8495 -0.5277
vn 0.3018 -0.7701 -0.5621
vn 0.5716 -0.6157 -0.5423
vn 0.7857 -0.4013 -0.4707
vn 0.9239 -0.1468 -0.3534
vn 0.9718 0.1207 -0.2027
vn 0.9254 0.3776 -0.0313
vn 0.7889 0.5972 0.1447
vn 0.5755 0.7571 0.3090
vn 0.3062 0.8410 0.4460
vn 0.0085 0.8412 0.5407
vn -0.2913 0.7574 0.5844
vn -0.5627 0.5982 0.5705
vn -0.8011 0.4205 0.4259
vn -0.9371 0.1635 0.3083
vn -0.9809 -0.1099 0.1604
vn -0.9275 -0.3738 -0.0009
vn -0.7821 -0.6026 -0.1586
vn -0.5595 -0.7735 -0.2976
vn -0.2822 -0.8696 -0.4052
vn 0.0223 -0.8812 -0.4722
vn 0.3243 -0.8072 -0.4932
vn 0.5946 -0.6547 -0.4668
vn 0.8069 -0.4384 -0.3959
vn 0.9410 -0.1783 -0.2875
vn 0.9836 0.0988 -0.1509
vn 0.9308 0.3654 0.0013
vn 0.7872 0.5970 0.1548
vn 0.5666 0.7690 0.2959
vn 0.2908 0.8638 0.4114
vn -0.0100 0.8723 0.4889
vn -0.3158 0.7934 0.5204
vn -0.5870 0.6373 0.4992
vn -0.8204 0.4534 0.3483
vn -0.9522 0.1907 0.2387
vn -0.9902 -0.0912 0.1058
vn -0.9302 -0.3655 -0.0346
vn -0.7781 -0.6054 -0.1677
vn -0.5494 -0.7869 -0.2809
vn -0.2672 -0.8921 -0.3643
vn 0.0407 -0.9107 -0.4110
vn 0.3443 -0.8408 -0.4178
vn 0.6142 -0.6891 -0.3846
vn 0.8244 -0.4703 -0.3150
vn 0.9546 -0.2055 -0.2155
vn 0.9922 0.0806 -0.0956
vn 0.9329 0.3584 0.0349
vn 0.7835 0.5993 0.1644
vn 0.5568 0.7820 0.2802
vn 0.2774 0.8865 0.3704
vn -0.0310 0.9027 0.4291
vn -0.3373 0.8275 0.4488
vn -0.6086 0.6726 0.4210
vn -0.8360 0.4806 0.2647
vn -0.9633 0.2121 0.1643
vn -0.9958 -0.0778 0.0483
vn -0.9298 -0.3614 -0.0693
vn -0.7721 -0.6107 -0.1757
vn -0.5387 -0.8010 -0.2613
vn -0.2528 -0.9134 -0.3190
vn 0.0572 -0.9370 -0.3446
vn 0.3612 -0.8696 -0.3366
vn 0.6300 -0.7177 -0.2967
vn 0.8377 -0.4959 -0.2289
vn 0.9641 -0.2257 -0.1397
vn 0.9971 0.0667 -0.0370
vn 0.9326 0.3542 0.0694
vn 0.7777 0.6052 0.1699
vn 0.5461 0.7970 0.2581
vn 0.2627 0.9081 0.3263
vn -0.0505 0.9289 0.3669
vn -0.3564 0.8576 0.3708
vn -0.6269 0.7028 0.3362
vn -0.8474 0.5010 0.1760
vn -0.9701 0.2266 0.0863
vn -0.9974 -0.0706 -0.0111
vn -0.9264 -0.3620 -0.1039
vn -0.7642 -0.6188 -0.1821
vn -0.5273 -0.8155 -0.2387
vn -0.2393 -0.9327 -0.2698
vn 0.0715 -0.9592 -0.2735
vn 0.3749 -0.8925 -0.2508
vn 0.6418 -0.7391 -0.2044
vn 0.8465 -0.5139 -0.1391
vn 0.9692 -0.2386 -0.0611
vn 0.9979 0.0603 0.0227
vn 0.9295 0.3534 0.1052
vn 0.7701 0.6121 0.1795
vn 0.5349 0.8102 0.2397
vn 0.2465 0.9276 0.2806
vn -0.0664 0.9523 0.2977
vn -0.3725 0.8826 0.2869
vn -0.6415 0.7268 0.2456
vn -0.8541 0.5133 0.0838
vn -0.9724 0.2333 0.0063
vn -0.9950 -0.0702 -0.0709
vn -0.9198 -0.3676 -0.1374
vn -0.7544 -0.6295 -0.1862
vn -0.5155 -0.8300 -0.2131
vn -0.2268 -0.9495 -0.2170
vn 0.0834 -0.9765 -0.1989
vn 0.3851 -0.9086 -0.1616
vn 0.6494 -0.7526 -0.1093
vn 0.8507 -0.5235 -0.0474
vn 0.9698 -0.2433 0.0184
vn 0.9948 0.0607 0.0823
vn 0.9228 0.3592 0.1391
vn 0.7605 0.6226 0.1845
vn 0.5229 0.8248 0.2152
vn 0.2331 0.9451 0.2291
vn -0.0801 0.9713 0.2241
vn -0.3852 0.9013 0.1982
vn -0.6518 0.7433 0.1505
vn -0.8561 0.5167 -0.0098
vn -0.9700 0.2315 -0.0737
vn -0.9886 -0.0769 -0.1293
vn -0.9102 -0.3782 -0.1687
vn -0.7429 -0.6427 -0.1874
vn -0.5034 -0.8441 -0.1844
vn -0.2155 -0.9631 -0.1614
vn 0.0929 -0.9882 -0.1219
vn 0.3919 -0.9173 -0.0707
vn 0.6528 -0.7574 -0.0134
vn 0.8505 -0.5240 0.0442
vn 0.9660 -0.2396 0.0969
vn 0.9878 0.0683 0.1402
vn 0.9132 0.3700 0.1707
vn 0.7490 0.6358 0.1866
vn 0.5104 0.8392 0.1876
vn 0.2207 0.9597 0.1742
vn -0.0914 0.9849 0.1470
vn -0.3943 0.9128 0.1063
vn -0.6578 0.7513 0.0528
vn -0.8535 0.5110 -0.1025
vn -0.9633 0.2213 -0.1517
vn -0.9786 -0.0904 -0.1848
vn -0.8981 -0.3935 -0.1965
vn -0.7300 -0.6578 -0.1852
vn -0.4913 -0.8575 -0.1528
vn -0.2053 -0.9732 -0.1037
vn 0.1000 -0.9940 -0.0439
vn 0.3954 -0.9183 0.0200
vn 0.6524 -0.7535 0.0813
vn 0.8463 -0.5157 0.1338
vn 0.9583 -0.2276 0.1727
vn 0.9773 0.0828 0.1948
vn 0.9010 0.3856 0.1988
vn 0.7360 0.6511 0.1854
vn 0.4978 0.8529 0.1570
vn 0.2096 0.9708 0.1167
vn -0.1001 0.9927 0.0679
vn -0.3998 0.9165 0.0131
vn -0.6594 0.7504 -0.0452
vn -0.8467 0.4963 -0.1920
vn -0.9529 0.2030 -0.2255
vn -0.9655 -0.1103 -0.2358
vn -0.8839 -0.4128 -0.2200
vn -0.7162 -0.6744 -0.1795
vn -0.4794 -0.8695 -0.1188
vn -0.1965 -0.9795 -0.0449
vn 0.1050 -0.9939 0.0338
vn 0.3960 -0.9118 0.1090
vn 0.6486 -0.7413 0.1729
vn 0.8385 -0.4989 0.2193
vn 0.9473 -0.2080 0.2438
vn 0.9641 0.1035 0.2447
vn 0.8867 0.4053 0.2226
vn 0.7220 0.6680 0.1806
vn 0.4853 0.8655 0.1236
vn 0.1998 0.9781 0.0576
vn -0.1062 0.9943 -0.0116
vn -0.4017 0.9123 -0.0793
vn -0.6569 0.7407 -0.1411
vn -0.8363 0.4736 -0.2761
vn -0.9393 0.1779 -0.2934
vn -0.9501 -0.1354 -0.2810
vn -0.8682 -0.4351 -0.2386
vn -0.7019 -0.6916 -0.1701
vn -0.4679 -0.8799 -0.0827
vn -0.1890 -0.9819 0.0140
vn 0.1078 -0.9881 0.1098
vn 0.3939 -0.8983 0.1946
vn 0.6418 -0.7214 0.2599
vn 0.8277 -0.4747 0.2993
vn 0.9335 -0.1817 0.3092
vn 0.9486 0.1293 0.2890
vn 0.8709 0.4281 0.2415
vn 0.7073 0.6857 0.1720
vn 0.4733 0.8765 0.0880
vn 0.1915 0.9815 -0.0021
vn -0.1100 0.9899 -0.0900
vn -0.4005 0.9006 -0.1688
vn -0.6508 0.7227 -0.2327
vn -0.8232 0.4443 -0.3534
vn -0.9234 0.1471 -0.3545
vn -0.9330 -0.1645 -0.3200
vn -0.8516 -0.4595 -0.2521
vn -0.6876 -0.7089 -0.1573
vn -0.4572 -0.8882 -0.0452
vn -0.1829 -0.9805 0.0723
vn 0.1087 -0.9771 0.1830
vn 0.3896 -0.8787 0.2757
vn 0.6327 -0.6952 0.3411
vn 0.8147 -0.4443 0.3727
vn 0.9177 -0.1502 0.3678
vn 0.9315 0.1589 0.3271
vn 0.8542 0.4530 0.2553
vn 0.6926 0.7034 0.1599
vn 0.4619 0.8855 0.0507
vn 0.1847 0.9809 -0.0613
vn -0.1114 0.9799 -0.1658
vn -0.3964 0.8823 -0.2538
vn -0.6418 0.6977 -0.3184
vn -0.8080 0.4100 -0.4231
vn -0.9059 0.1125 -0.4083
vn -0.9150 -0.1960 -0.3527
vn -0.8349 -0.4848 -0.2608
vn -0.6737 -0.7253 -0.1416
vn -0.4475 -0.8943 -0.0072
vn -0.1783 -0.9755 0.1288
vn 0.1078 -0.9616 0.2525
vn 0.3833 -0.8542 0.3514
vn 0.6216 -0.6640 0.4156
vn 0.7998 -0.4094 0.4390
vn 0.9005 -0.1149 0.4194
vn 0.9136 0.1910 0.3590
vn 0.8372 0.4788 0.2643
vn 0.6782 0.7205 0.1448
vn 0.4517 0.8921 0.0127
vn 0.1797 0.9765 -0.1189
vn -0.1107 0.9650 -0.2378
vn -0.3900 0.8584 -0.3332
vn -0.6303 0.6672 -0.3970
vn -0.7912 0.3725 -0.4850
vn -0.8874 0.0755 -0.4547
vn -0.8966 -0.2286 -0.3793
vn -0.8183 -0.5099 -0.2653
vn -0.6606 -0.7404 -0.1240
vn -0.4391 -0.8979 0.0306
vn -0.1753 -0.9674 0.1829
vn 0.1051 -0.9424 0.3175
vn 0.3751 -0.8258 0.4210
vn 0.6088 -0.6292 0.4832
vn 0.7836 -0.3715 0.4980
vn 0.8824 -0.0776 0.4641
vn 0.8952 0.2241 0.3851
vn 0.8204 0.5045 0.2690
vn 0.6647 0.7362 0.1275
vn 0.4428 0.8963 -0.0252
vn 0.1764 0.9688 -0.1741
vn -0.1079 0.9462 -0.3051
vn -0.3815 0.8304 -0.4061
vn -0.6170 0.6327 -0.4680
vn -0.7733 0.3333 -0.5393
vn -0.8684 0.0378 -0.4945
vn -0.8782 -0.2611 -0.4007
vn -0.8024 -0.5339 -0.2666
vn -0.6487 -0.7538 -0.1052
vn -0.4322 -0.8993 0.0673
vn -0.1741 -0.9566 0.2338
vn 0.1005 -0.9205 0.3775
vn 0.3652 -0.7950 0.4844
vn 0.5946 -0.5923 0.5438
vn 0.7663 -0.3321 0.5500
vn 0.8637 -0.0396 0.5025
vn 0.8769 0.2571 0.4061
vn 0.8043 0.5292 0.2704
vn 0.6523 0.7501 0.1090
vn 0.4355 0.8981 -0.0620
vn 0.1750 0.9583 -0.2260
vn -0.1031 0.9244 -0.3671
vn -0.3711 0.7996 -0.4722
vn -0.6021 0.5958 -0.5315
vn -0.7546 0.2938 -0.5867
vn -0.8490 0.0006 -0.5284
vn -0.8602 -0.2924 -0.4178
vn -0.7874 -0.5563 -0.2655
vn -0.6381 -0.7651 -0.0863
vn -0.4270 -0.8985 0.1020
vn -0.1748 -0.9437 0.2807
vn 0.0940 -0.8969 0.4322
vn 0.3536 -0.7628 0.5414
vn 0.5790 -0.5546 0.5977
vn 0.7481 -0.2926 0.5955
vn 0.8447 -0.0021 0.5353
vn 0.8589 0.2889 0.4229
vn 0.7890 0.5521 0.2695
vn 0.6413 0.7619 0.0903
vn 0.4300 0.8976 -0.0969
vn 0.1756 0.9456 -0.2739
vn -0.0964 0.9007 -0.4235
vn -0.3589 0.7673 -0.5315
vn -0.5858 0.5581 -0.5877
vn -0.7350 0.2554 -0.6281
vn -0.8295 -0.0350 -0.5574
vn -0.8426 -0.3218 -0.4318
vn -0.7734 -0.5766 -0.2632
vn -0.6290 -0.7744 -0.0682
vn -0.4237 -0.8958 0.1340
vn -0.1775 -0.9295 0.3234
vn 0.0856 -0.8723 0.4814
vn 0.3403 -0.7303 0.5923
vn 0.5620 -0.5173 0.6454
vn 0.7291 -0.2541 0.6354
vn 0.8255 0.0338 0.5634
vn 0.8413 0.3188 0.4366
vn 0.7747 0.5730 0.2673
vn 0.6319 0.7717 0.0723
vn 0.4263 0.8953 -0.1292
vn 0.1783 0.9314 -0.3174
vn -0.0877 0.8761 -0.4741
vn -0.3450 0.7346 -0.5842
vn -0.5681 0.5207 -0.6372
vn -0.7147 0.2189 -0.6643
vn -0.8098 -0.0685 -0.5827
vn -0.8255 -0.3489 -0.4437
vn -0.7605 -0.5947 -0.2608
vn -0.6215 -0.7817 -0.0518
vn -0.4222 -0.8918 0.1627
vn -0.1822 -0.9144 0.3615
vn 0.0753 -0.8477 0.5251
vn 0.3253 -0.6985 0.6374
vn 0.5437 -0.4814 0.6875
vn 0.7093 -0.2176 0.6705
vn 0.8060 0.0675 0.5880
vn 0.8241 0.3463 0.4482
vn 0.7615 0.5916 0.2649
vn 0.6239 0.7795 0.0559
vn 0.4246 0.8915 -0.1581
vn 0.1830 0.9163 -0.3562
vn -0.0770 0.8513 -0.5190
vn -0.3294 0.7026 -0.6307
vn -0.5492 0.4846 -0.6808
vn -0.6936 0.1847 -0.6963
vn -0.7899 -0.0993 -0.6051
vn -0.8087 -0.3734 -0.4545
vn -0.7484 -0.6106 -0.2590
vn -0.6153 -0.7874 -0.0377
vn -0.4224 -0.8868 0.1876
vn -0.1888 -0.8992 0.3947
vn 0.0630 -0.8238 0.5634
vn 0.3085 -0.6681 0.6771
vn 0.5241 -0.4475 0.7246
vn 0.6887 -0.1834 0.7015
vn 0.7863 0.0986 0.6099
vn 0.8073 0.3712 0.4588
vn 0.7492 0.6078 0.2630
vn 0.6175 0.7855 0.0418
vn 0.4246 0.8866 -0.1833
vn 0.1896 0.9011 -0.3900
vn -0.0644 0.8272 -0.5582
vn -0.3122 0.6720 -0.6716
vn -0.5290 0.4506 -0.7191
vn -0.6716 0.1534 -0.7248
vn -0.7696 -0.1273 -0.6257
vn -0.7921 -0.3954 -0.4650
vn -0.7371 -0.6244 -0.2586
vn -0.6102 -0.7918 -0.0265
vn -0.4242 -0.8813 0.2085
vn -0.1970 -0.8844 0.4232
vn 0.0490 -0.8010 0.5966
vn 0.2902 -0.6396 0.7118
vn 0.5031 -0.4160 0.7575
vn 0.6671 -0.1520 0.7293
vn 0.7662 0.1269 0.6300
vn 0.7906 0.3935 0.4691
vn 0.7377 0.6221 0.2625
vn 0.6122 0.7901 0.0304
vn 0.4262 0.8812 -0.2045
vn 0.1980 0.8861 -0.4190
vn -0.0501 0.8042 -0.5922
vn -0.2933 0.6433 -0.7073
vn -0.5075 0.4190 -0.7529
vn -0.6487 0.1248 -0.7507
vn -0.7488 -0.1527 -0.6449
vn -0.7754 -0.4151 -0.4758
vn -0.7262 -0.6365 -0.2599
vn -0.6061 -0.7952 -0.0183
vn -0.4271 -0.8757 0.2253
vn -0.2067 -0.8703 0.4470
vn 0.0335 -0.7798 0.6251
vn 0.2703 -0.6133 0.7421
vn 0.4808 -0.3872 0.7867
vn 0.6445 -0.1234 0.7546
vn 0.7455 0.1524 0.6488
vn 0.7739 0.4135 0.4797
vn 0.7258 0.6354 0.2636
vn 0.6067 0.7946 0.0231
vn 0.4290 0.8760 -0.2203
vn 0.2078 0.8720 -0.4432
vn -0.0342 0.7828 -0.6213
vn -0.2729 0.6168 -0.7383
vn -0.4848 0.3900 -0.7829
vn -0.6249 0.0989 -0.7744
vn -0.7274 -0.1756 -0.6634
vn -0.7585 -0.4328 -0.4872
vn -0.7153 -0.6474 -0.2632
vn -0.6023 -0.7981 -0.0132
vn -0.4308 -0.8704 0.2383
vn -0.2175 -0.8574 0.4665
vn 0.0167 -0.7605 0.6492
vn 0.2491 -0.5894 0.7685
vn 0.4573 -0.3609 0.8128
vn 0.6209 -0.0974 0.7778
vn 0.7240 0.1762 0.6669
vn 0.7562 0.4321 0.4914
vn 0.7151 0.6462 0.2664
vn 0.6043 0.7966 0.0165
vn 0.4331 0.8705 -0.2338
vn 0.2179 0.8595 -0.4624
vn -0.0170 0.7638 -0.6452
vn -0.2513 0.5926 -0.7653
vn -0.4608 0.3637 -0.8096
vn -0.6000 0.0754 -0.7964
vn -0.7051 -0.1965 -0.6814
vn -0.7409 -0.4490 -0.4994
vn -0.7041 -0.6574 -0.2685
vn -0.5986 -0.8010 -0.0111
vn -0.4349 -0.8658 0.2475
vn -0.2289 -0.8457 0.4820
vn -0.0010 -0.7429 0.6693
vn 0.2270 -0.5677 0.7914
vn 0.4327 -0.3371 0.8361
vn 0.5964 -0.0738 0.7993
vn 0.7023 0.1971 0.6841
vn 0.7395 0.4478 0.5026
vn 0.7044 0.6557 0.2718
vn 0.6003 0.7996 0.0144
vn 0.4371 0.8656 -0.2444
vn 0.2307 0.8469 -0.4791
vn 0.0013 0.7459 -0.6661
vn -0.2287 0.5711 -0.7883
vn -0.4358 0.3398 -0.8334
vn -0.5742 0.0538 -0.8169
vn -0.6818 -0.2159 -0.6989
vn -0.7225 -0.4643 -0.5124
vn -0.6923 -0.6670 -0.2755
vn -0.5944 -0.8041 -0.0116
vn -0.4388 -0.8621 0.2536
vn -0.2405 -0.8356 0.4940
vn -0.0190 -0.7273 0.6861
vn 0.2041 -0.5480 0.8112
vn 0.4073 -0.3154 0.8571
vn 0.5708 -0.0520 0.8194
vn 0.6789 0.2164 0.7016
vn 0.7209 0.4633 0.5154
vn 0.6923 0.6655 0.2788
vn 0.5959 0.8029 0.0149
vn 0.4409 0.8619 -0.2505
vn 0.2423 0.8367 -0.4912
vn 0.0196 0.7295 -0.6837
vn -0.2052 0.5512 -0.8088
vn -0.4101 0.3182 -0.8547
vn -0.5476 0.0335 -0.8361
vn -0.6576 -0.2343 -0.7160
vn -0.7029 -0.4790 -0.5258
vn -0.6793 -0.6767 -0.2839
vn -0.5893 -0.8078 -0.0142
vn -0.4419 -0.8594 0.2570
vn -0.2516 -0.8268 0.5031
vn -0.0371 -0.7132 0.6999
vn 0.1809 -0.5300 0.8284
vn 0.3812 -0.2952 0.8761
vn 0.5445 -0.0317 0.8382
vn 0.6547 0.2347 0.7185
vn 0.7012 0.4784 0.5287
vn 0.6791 0.6755 0.2872
vn 0.5906 0.8068 0.0175
vn 0.4440 0.8593 -0.2539
vn 0.2535 0.8279 -0.5003
vn 0.0378 0.7154 -0.6977
vn -0.1817 0.5328 -0.8265
vn -0.3835 0.2980 -0.8742
vn -0.5202 0.0140 -0.8539
vn -0.6322 -0.2523 -0.7325
vn -0.6821 -0.4939 -0.5393
vn -0.6650 -0.6869 -0.2932
vn -0.5829 -0.8124 -0.0183
vn -0.4439 -0.8580 0.2584
vn -0.2619 -0.8194 0.5099
vn -0.0546 -0.7006 0.7114
vn 0.1579 -0.5134 0.8435
vn 0.3548 -0.2761 0.8932
vn 0.5172 -0.0121 0.8558
vn 0.6293 0.2531 0.7348
vn 0.6801 0.4936 0.5421
vn 0.6645 0.6860 0.2964
vn 0.5839 0.8116 0.0216
vn 0.4458 0.8579 -0.2553
vn 0.2638 0.8205 -0.5071
vn 0.0555 0.7028 -0.7092
vn -0.1584 0.5162 -0.8417
vn -0.3569 0.2788 -0.8916
vn -0.4922 -0.0053 -0.8705
vn -0.6058 -0.2707 -0.7482
vn -0.6597 -0.5094 -0.5525
vn -0.6489 -0.6981 -0.3027
vn -0.5746 -0.8181 -0.0232
vn -0.4442 -0.8578 0.2586
vn -0.2707 -0.8133 0.5151
vn -0.0711 -0.6891 0.7212
vn 0.1353 -0.4976 0.8568
vn 0.3283 -0.2576 0.9088
vn 0.4894 0.0074 0.8720
vn 0.6028 0.2717 0.7502
vn 0.6575 0.5093 0.5552
vn 0.6481 0.6974 0.3059
vn 0.5753 0.8175 0.0266
vn 0.4460 0.8578 -0.2554
vn 0.2727 0.8144 -0.5123
vn 0.0722 0.6912 -0.7190
vn -0.1356 0.5004 -0.8551
vn -0.3302 0.2604 -0.9073
vn -0.4637 -0.0249 -0.8856
vn -0.5782 -0.2898 -0.7627
vn -0.6358 -0.5260 -0.5649
vn -0.6308 -0.7105 -0.3118
vn -0.5641 -0.8252 -0.0281
vn -0.4424 -0.8588 0.2584
vn -0.2777 -0.8081 0.5195
vn -0.0862 -0.6782 0.7298
vn 0.1135 -0.4820 0.8688
vn 0.3020 -0.2388 0.9229
vn 0.4610 0.0275 0.8870
vn 0.5751 0.2913 0.7644
vn 0.6332 0.5263 0.5675
vn 0.6297 0.7101 0.3150
vn 0.5646 0.8248 0.0315
vn 0.4441 0.8589 -0.2550
vn 0.2797 0.8092 -0.5167
vn 0.0874 0.6804 -0.7276
vn -0.1137 0.4849 -0.8672
vn -0.3037 0.2418 -0.9216
vn -0.4345 -0.0462 -0.8995
vn -0.5495 -0.3104 -0.7757
vn -0.6100 -0.5442 -0.5760
vn -0.6105 -0.7246 -0.3198
vn -0.5512 -0.8338 -0.0323
vn -0.4381 -0.8610 0.2584
vn -0.2824 -0.8037 0.5238
vn -0.0996 -0.6676 0.7379
vn 0.0928 -0.4662 0.8798
vn 0.2759 -0.2194 0.9358
vn 0.4321 0.0487 0.9005
vn 0.5465 0.3119 0.7772
vn 0.6074 0.5448 0.5781
vn 0.6090 0.7244 0.3230
vn 0.5514 0.8335 0.0358
vn 0.4396 0.8612 -0.2550
vn 0.2844 0.8049 -0.5208
vn 0.1010 0.6698 -0.7356
vn -0.0928 0.4692 -0.8782
vn -0.2770 0.2228 -0.9347
vn -0.4056 -0.0689 -0.9115
vn -0.5196 -0.3329 -0.7869
vn -0.5823 -0.5644 -0.5851
vn -0.5878 -0.7404 -0.3260
vn -0.5356 -0.8438 -0.0349
vn -0.4311 -0.8642 0.2596
vn -0.2848 -0.7997 0.5286
vn -0.1110 -0.6567 0.7459
vn 0.0733 -0.4496 0.8902
vn 0.2502 -0.1986 0.9476
vn 0.4027 0.0716 0.9125
vn 0.5161 0.3347 0.7884
vn 0.5797 0.5651 0.5870
vn 0.5869 0.7399 0.3288
vn 0.5358 0.8435 0.0377
vn 0.4325 0.8645 -0.2560
vn 0.2868 0.8010 -0.5255
vn 0.1125 0.6591 -0.7435
vn -0.0721 0.4530 -0.8886
vn -0.2508 0.2019 -0.9468
vn -0.3758 -0.0937 -0.9220
vn -0.4883 -0.3578 -0.7960
vn -0.5526 -0.5868 -0.5919
vn -0.5624 -0.7582 -0.3298
vn -0.5171 -0.8552 -0.0354
vn -0.4213 -0.8681 0.2625
vn -0.2846 -0.7957 0.5346
vn -0.1205 -0.6453 0.7544
vn 0.0549 -0.4317 0.9004
vn 0.2248 -0.1760 0.9584
vn 0.3727 0.0967 0.9229
vn 0.4844 0.3598 0.7974
vn 0.5491 0.5878 0.5941
vn 0.5604 0.7584 0.3328
vn 0.5174 0.8549 0.0382
vn 0.4241 0.8677 -0.2593
vn 0.2884 0.7962 -0.5319
vn 0.1240 0.6468 -0.7525
vn -0.0531 0.4350 -0.8989
vn -0.2261 0.1793 -0.9574
vn -0.3453 -0.1211 -0.9306
vn -0.4555 -0.3851 -0.8026
vn -0.5206 -0.6115 -0.5959
vn -0.5343 -0.7779 -0.3307
vn -0.4956 -0.8679 -0.0331
vn -0.4085 -0.8726 0.2678
vn -0.2818 -0.7915 0.5423
vn -0.1281 -0.6327 0.7637
vn 0.0377 -0.4120 0.9104
vn 0.1995 -0.1511 0.9682
vn 0.3419 0.1244 0.9315
vn 0.4510 0.3876 0.8040
vn 0.5164 0.6129 0.5981
vn 0.5317 0.7784 0.3338
vn 0.4951 0.8681 0.0368
vn 0.4100 0.8731 -0.2640
vn 0.2844 0.7928 -0.5390
vn 0.1304 0.6351 -0.7613
vn -0.0369 0.4153 -0.9089
vn -0.2010 0.1547 -0.9673
vn -0.3137 -0.1512 -0.9374
vn -0.4207 -0.4152 -0.8066
vn -0.4860 -0.6386 -0.5966
vn -0.5032 -0.7994 -0.3281
vn -0.4710 -0.8817 -0.0275
vn -0.3929 -0.8773 0.2758
vn -0.2767 -0.7865 0.5521
vn -0.1341 -0.6186 0.7742
vn 0.0211 -0.3900 0.9206
vn 0.1739 -0.1235 0.9770
vn 0.3097 0.1550 0.9381
vn 0.4155 0.4181 0.8078
vn 0.4810 0.6404 0.5988
vn 0.4998 0.8003 0.3313
vn 0.4700 0.8821 0.0314
vn 0.3941 0.8780 -0.2718
vn 0.2792 0.7881 -0.5485
vn 0.1364 0.6213 -0.7716
vn -0.0204 0.3937 -0.9190
vn -0.1757 0.1275 -0.9762
vn -0.2806 -0.1842 -0.9420
vn -0.3837 -0.4480 -0.8075
vn -0.4486 -0.6679 -0.5938
vn -0.4691 -0.8224 -0.3219
vn -0.4434 -0.8961 -0.0183
vn -0.3745 -0.8817 0.2870
vn -0.2696 -0.7805 0.5641
vn -0.1389 -0.6026 0.7859
vn 0.0047 -0.3657 0.9307
vn 0.1475 -0.0931 0.9847
vn 0.2758 0.1884 0.9426
vn 0.3773 0.4513 0.8087
vn 0.4424 0.6702 0.5960
vn 0.4647 0.8237 0.3251
vn 0.4417 0.8969 0.0224
vn 0.3754 0.8827 -0.2826
vn 0.2720 0.7824 -0.5602
vn 0.1412 0.6057 -0.7831
vn -0.0042 0.3697 -0.9291
vn -0.1497 0.0975 -0.9839
vn -0.2453 -0.2199 -0.9442
vn -0.3439 -0.4831 -0.8052
vn -0.4080 -0.6990 -0.5872
vn -0.4316 -0.8465 -0.3116
vn -0.4127 -0.9108 -0.0055
vn -0.3537 -0.8855 0.3012
vn -0.2608 -0.7730 0.5783
vn -0.1431 -0.5845 0.7987
vn -0.0122 -0.3387 0.9408
vn 0.1194 -0.0599 0.9910
vn 0.2393 0.2246 0.9446
vn 0.3360 0.4869 0.8062
vn 0.4004 0.7017 0.5893
vn 0.4260 0.8482 0.3149
vn 0.4102 0.9120 0.0097
vn 0.3542 0.8869 -0.2967
vn 0.2630 0.7753 -0.5742
vn 0.1452 0.5880 -0.7957
vn 0.0123 0.3432 -0.9392
vn -0.1224 0.0648 -0.9904
vn -0.2072 -0.2579 -0.9437
vn -0.3006 -0.5201 -0.7995
vn -0.3639 -0.7314 -0.5767
vn -0.3908 -0.8711 -0.2974
vn -0.3792 -0.9253 0.0112
vn -0.3308 -0.8883 0.3186
vn -0.2509 -0.7638 0.5947
vn -0.1475 -0.5641 0.8124
vn -0.0304 -0.3092 0.9505
vn 0.0890 -0.0242 0.9957
vn 0.1996 0.2630 0.9439
vn 0.2910 0.5244 0.8002
vn 0.3544 0.7346 0.5786
vn 0.3836 0.8732 0.3006
vn 0.3756 0.9268 -0.0068
vn 0.3307 0.8900 -0.3138
vn 0.2529 0.7665 -0.5903
vn 0.1493 0.5681 -0.8093
vn 0.0301 0.3142 -0.9489
vn -0.0930 0.0296 -0.9952
vn -0.1654 -0.2975 -0.9403
vn -0.2535 -0.5582 -0.7900
vn -0.3158 -0.7644 -0.5621
vn -0.3464 -0.8956 -0.2791
vn -0.3428 -0.9389 0.0314
vn -0.3062 -0.8896 0.3388
vn -0.2407 -0.7527 0.6129
vn -0.1528 -0.5416 0.8266
vn -0.0509 -0.2775 0.9594
vn 0.0552 0.0136 0.9984
vn 0.1559 0.3032 0.9401
vn 0.2415 0.5630 0.7903
vn 0.3041 0.7679 0.5637
vn 0.3374 0.8980 0.2822
vn 0.3381 0.9407 -0.0269
vn 0.3055 0.8918 -0.3337
vn 0.2423 0.7559 -0.6082
vn 0.1543 0.5462 -0.8233
vn 0.0498 0.2831 -0.9578
vn -0.0606 -0.0077 -0.9981
vn -0.1192 -0.3380 -0.9336
vn -0.2019 -0.5967 -0.7767
vn -0.2636 -0.7969 -0.5435
vn -0.2985 -0.9192 -0.2569
vn -0.3040 -0.9511 0.0550
vn -0.2805 -0.8892 0.3614
vn -0.2307 -0.7396 0.6322
vn -0.1599 -0.5172 0.8408
vn -0.0746 -0.2441 0.9669
vn 0.0173 0.0527 0.9985
vn 0.1073 0.3441 0.9328
vn 0.1871 0.6018 0.7764
vn 0.2492 0.8008 0.5446
vn 0.2874 0.9219 0.2598
vn 0.2979 0.9533 -0.0504
vn 0.2790 0.8918 -0.3561
vn 0.2320 0.7434 -0.6273
vn 0.1610 0.5223 -0.8374
vn 0.0725 0.2502 -0.9655
vn -0.0243 -0.0462 -0.9986
vn -0.0681 -0.3782 -0.9232
vn -0.1454 -0.6342 -0.7594
vn -0.2070 -0.8281 -0.5209
vn -0.2472 -0.9410 -0.2311
vn -0.2630 -0.9613 0.0815
vn -0.2540 -0.8869 0.3859
vn -0.2219 -0.7248 0.6522
vn -0.1697 -0.4914 0.8542
vn -0.1023 -0.2099 0.9723
vn -0.0257 0.0919 0.9954
vn 0.0532 0.3845 0.9216
vn 0.1272 0.6395 0.7582
vn 0.1894 0.8321 0.5213
vn 0.2337 0.9438 0.2336
vn 0.2554 0.9638 -0.0770
vn 0.2519 0.8899 -0.3804
vn 0.2227 0.7291 -0.6471
vn 0.1701 0.4972 -0.8508
vn 0.0990 0.2165 -0.9712
vn 0.0166 -0.0851 -0.9962
vn -0.0116 -0.4169 -0.9089
vn -0.0838 -0.6697 -0.7379
vn -0.1460 -0.8569 -0.4943
vn -0.1925 -0.9603 -0.2020
vn -0.2202 -0.9692 0.1104
vn -0.2275 -0.8825 0.4117
vn -0.2147 -0.7086 0.6722
vn -0.1829 -0.4650 0.8662
vn -0.1347 -0.1760 0.9751
vn -0.0743 0.1300 0.9887
vn -0.0067 0.4230 0.9061
vn 0.0618 0.6747 0.7355
vn 0.1249 0.8607 0.4936
vn 0.1764 0.9630 0.2038
vn 0.2110 0.9717 -0.1061
vn 0.2245 0.8858 -0.4061
vn 0.2150 0.7135 -0.6669
vn 0.1825 0.4713 -0.8629
vn 0.1299 0.1830 -0.9745
vn 0.0626 -0.1231 -0.9904
vn 0.0504 -0.4525 -0.8903
vn -0.0171 -0.7017 -0.7123
vn -0.0807 -0.8822 -0.4640
vn -0.1349 -0.9762 -0.1698
vn -0.1759 -0.9742 0.1412
vn -0.2014 -0.8761 0.4381
vn -0.2098 -0.6914 0.6913
vn -0.1999 -0.4389 0.8760
vn -0.1722 -0.1435 0.9746
vn -0.1286 0.1655 0.9778
vn -0.0726 0.4581 0.8859
vn -0.0091 0.7060 0.7082
vn 0.0559 0.8852 0.4618
vn 0.1160 0.9785 0.1706
vn 0.1651 0.9767 -0.1374
vn 0.1976 0.8797 -0.4324
vn 0.2095 0.6969 -0.6859
vn 0.1986 0.4457 -0.8729
vn 0.1656 0.1508 -0.9746
vn 0.1141 -0.1588 -0.9807
vn 0.1179 -0.4838 -0.8672
vn 0.0545 -0.7290 -0.6823
vn -0.0115 -0.9028 -0.4300
vn -0.0746 -0.9880 -0.1349
vn -0.1307 -0.9761 0.1736
vn -0.1762 -0.8678 0.4646
vn -0.2074 -0.6740 0.7090
vn -0.2210 -0.4141 0.8830
vn -0.2147 -0.1140 0.9700
vn -0.1884 0.1969 0.9622
vn -0.1439 0.4882 0.8608
vn -0.0849 0.7320 0.6760
vn -0.0170 0.9046 0.4259
vn 0.0532 0.9895 0.1345
vn 0.1184 0.9783 -0.1703
vn 0.1716 0.8717 -0.4590
vn 0.2065 0.6799 -0.7036
vn 0.2186 0.4213 -0.8802
vn 0.2063 0.1212 -0.9710
vn 0.1709 -0.1908 -0.9666
vn 0.1901 -0.5092 -0.8394
vn 0.1305 -0.7503 -0.6481
vn 0.0611 -0.9178 -0.3924
vn -0.0123 -0.9952 -0.0975
vn -0.0851 -0.9746 0.2071
vn -0.1523 -0.8580 0.4906
vn -0.2079 -0.6570 0.7247
vn -0.2460 -0.3918 0.8866
vn -0.2619 -0.0887 0.9610
vn -0.2532 0.2226 0.9415
vn -0.2199 0.5118 0.8305
vn -0.1647 0.7512 0.6391
vn -0.0928 0.9178 0.3861
vn -0.0112 0.9954 0.0956
vn 0.0716 0.9763 -0.2044
vn 0.1469 0.8620 -0.4851
vn 0.2062 0.6634 -0.7193
vn 0.2425 0.3993 -0.8842
vn 0.2515 0.0955 -0.9631
vn 0.2328 -0.2177 -0.9478
vn 0.2664 -0.5275 -0.8067
vn 0.2098 -0.7646 -0.6094
vn 0.1361 -0.9263 -0.3514
vn 0.0512 -0.9970 -0.0579
vn -0.0398 -0.9696 0.2413
vn -0.1299 -0.8469 0.5157
vn -0.2110 -0.6411 0.7379
vn -0.2744 -0.3729 0.8864
vn -0.3129 -0.0689 0.9473
vn -0.3217 0.2413 0.9156
vn -0.2992 0.5277 0.7950
vn -0.2470 0.7628 0.5976
vn -0.1702 0.9239 0.3426
vn -0.0762 0.9956 0.0544
vn 0.0254 0.9706 -0.2393
vn 0.1239 0.8510 -0.5104
vn 0.2085 0.6478 -0.7327
vn 0.2697 0.3804 -0.8846
vn 0.3007 0.0750 -0.9508
vn 0.2988 -0.2381 -0.9241
vn 0.3453 -0.5377 -0.7692
vn 0.2913 -0.7708 -0.5666
vn 0.2125 -0.9277 -0.3070
vn 0.1149 -0.9932 -0.0163
vn 0.0047 -0.9612 0.2759
vn -0.1094 -0.8348 0.5396
vn -0.2165 -0.6269 0.7484
vn -0.3054 -0.3583 0.8822
vn -0.3663 -0.0555 0.9288
vn -0.3922 0.2521 0.8846
vn -0.3800 0.5350 0.7546
vn -0.3302 0.7658 0.5518
vn -0.2477 0.9226 0.2958
vn -0.1405 0.9900 0.0113
vn -0.0195 0.9614 -0.2746
vn 0.1027 0.8389 -0.5346
vn 0.2131 0.6338 -0.7435
vn 0.2996 0.3657 -0.8812
vn 0.3527 0.0606 -0.9338
vn 0.3677 -0.2511 -0.8954
vn 0.4253 -0.5391 -0.7269
vn 0.3735 -0.7685 -0.5196
vn 0.2888 -0.9215 -0.2596
vn 0.1777 -0.9837 0.0271
vn 0.0476 -0.9493 0.3107
vn -0.0908 -0.8221 0.5621
vn -0.2239 -0.6150 0.7561
vn -0.3380 -0.3486 0.8742
vn -0.4207 -0.0491 0.9059
vn -0.4631 0.2546 0.8490
vn -0.4604 0.5332 0.7098
vn -0.4124 0.7601 0.5021
vn -0.3237 0.9136 0.2463
vn -0.2029 0.9786 -0.0333
vn -0.0623 0.9487 -0.3100
vn 0.0837 0.8261 -0.5573
vn 0.2197 0.6219 -0.7516
vn 0.3312 0.3556 -0.8740
vn 0.4062 0.0529 -0.9122
vn 0.4378 -0.2558 -0.8619
vn 0.5045 -0.5315 -0.6804
vn 0.4544 -0.7574 -0.4689
vn 0.3633 -0.9078 -0.2094
vn 0.2382 -0.9686 0.0717
vn 0.0881 -0.9344 0.3453
vn -0.0742 -0.8091 0.5829
vn -0.2326 -0.6056 0.7610
vn -0.3709 -0.3440 0.8626
vn -0.4745 -0.0498 0.8788
vn -0.5324 0.2486 0.8092
vn -0.5384 0.5225 0.6611
vn -0.4916 0.7459 0.4494
vn -0.3964 0.8972 0.1946
vn -0.2622 0.9618 -0.0789
vn -0.1024 0.9330 -0.3451
vn 0.0665 0.8118 -0.5801
vn 0.2252 0.6114 -0.7586
vn 0.3611 0.3515 -0.8638
vn 0.4597 0.0522 -0.8865
vn 0.5075 -0.2521 -0.8239
vn 0.5809 -0.5151 -0.6303
vn 0.5321 -0.7379 -0.4151
vn 0.4344 -0.8869 -0.1572
vn 0.2953 -0.9482 0.1172
vn 0.1256 -0.9167 0.3794
vn -0.0596 -0.7962 0.6021
vn -0.2421 -0.5989 0.7633
vn -0.4032 -0.3444 0.8478
vn -0.5262 -0.0574 0.8484
vn -0.5984 0.2346 0.7661
vn -0.6122 0.5035 0.6096
vn -0.5661 0.7238 0.3945
vn -0.4645 0.8742 0.1416
vn -0.3173 0.9401 -0.1248
vn -0.1392 0.9142 -0.3807
vn 0.0523 0.7987 -0.5995
vn 0.2371 0.6055 -0.7597
vn 0.3935 0.3512 -0.8496
vn 0.5096 0.0595 -0.8583
vn 0.5749 -0.2402 -0.7822
vn 0.6526 -0.4906 -0.5774
vn 0.6048 -0.7107 -0.3592
vn 0.5004 -0.8595 -0.1037
vn 0.3479 -0.9233 0.1629
vn 0.1597 -0.8968 0.4126
vn -0.0470 -0.7835 0.6197
vn -0.2518 -0.5949 0.7634
vn -0.4338 -0.3495 0.8304
vn -0.5746 -0.0711 0.8154
vn -0.6596 0.2135 0.7206
vn -0.6804 0.4772 0.5562
vn -0.6347 0.6948 0.3383
vn -0.5268 0.8454 0.0881
vn -0.3674 0.9141 -0.1714
vn -0.1718 0.8940 -0.4139
vn 0.0399 0.7868 -0.6159
vn 0.2462 0.6010 -0.7604
vn 0.4261 0.3545 -0.8323
vn 0.5594 0.0723 -0.8258
vn 0.6369 -0.2199 -0.7389
vn 0.7182 -0.4593 -0.5227
vn 0.6711 -0.6771 -0.3020
vn 0.5603 -0.8268 -0.0498
vn 0.3951 -0.8947 0.2082
vn 0.1899 -0.8753 0.4448
vn -0.0364 -0.7713 0.6355
vn -0.2613 -0.5933 0.7614
vn -0.4621 -0.3587 0.8110
vn -0.6187 -0.0903 0.7804
vn -0.7152 0.1863 0.6736
vn -0.7420 0.4447 0.5017
vn -0.6963 0.6602 0.2816
vn -0.5827 0.8120 0.0340
vn -0.4118 0.8853 -0.2162
vn -0.2009 0.8728 -0.4449
vn 0.0292 0.7743 -0.6321
vn 0.2553 0.5989 -0.7590
vn 0.4544 0.3629 -0.8135
vn 0.6064 0.0893 -0.7901
vn 0.6961 -0.1920 -0.6918
vn 0.7767 -0.4224 -0.4673
vn 0.7299 -0.6383 -0.2447
vn 0.6131 -0.7900 0.0038
vn 0.4366 -0.8635 0.2525
vn 0.2161 -0.8528 0.4754
vn -0.0276 -0.7598 0.6496
vn -0.2703 -0.5939 0.7578
vn -0.4877 -0.3715 0.7900
vn -0.6581 -0.1139 0.7443
vn -0.7645 0.1543 0.6259
vn -0.7964 0.4074 0.4470
vn -0.7506 0.6212 0.2253
vn -0.6311 0.7755 -0.0184
vn -0.4508 0.8542 -0.2590
vn -0.2260 0.8502 -0.4755
vn 0.0204 0.7625 -0.6466
vn 0.2640 0.5990 -0.7560
vn 0.4800 0.3749 -0.7931
vn 0.6470 0.1121 -0.7542
vn 0.7482 -0.1613 -0.6436
vn 0.8272 -0.3811 -0.4128
vn 0.7809 -0.5958 -0.1878
vn 0.6587 -0.7503 0.0563
vn 0.4722 -0.8306 0.2954
vn 0.2383 -0.8299 0.5045
vn -0.0205 -0.7492 0.6621
vn -0.2785 -0.5966 0.7526
vn -0.5102 -0.3872 0.7680
vn -0.6925 -0.1410 0.7075
vn -0.8073 0.1185 0.5781
vn -0.8435 0.3663 0.3928
vn -0.7976 0.5789 0.1695
vn -0.6737 0.7358 -0.0695
vn -0.4841 0.8215 -0.3012
vn -0.2473 0.8272 -0.5045
vn 0.0134 0.7516 -0.6595
vn 0.2721 0.6011 -0.7514
vn 0.5028 0.3899 -0.7715
vn 0.6826 0.1385 -0.7175
vn 0.7936 -0.1272 -0.5950
vn 0.8710 -0.3364 -0.3581
vn 0.8241 -0.5508 -0.1323
vn 0.6972 -0.7088 0.1072
vn 0.5020 -0.7967 0.3365
vn 0.2567 -0.8071 0.5317
vn -0.0149 -0.7396 0.6729
vn -0.2860 -0.6011 0.7462
vn -0.5297 -0.4052 0.7451
vn -0.7219 -0.1708 0.6705
vn -0.8439 0.0799 0.5306
vn -0.8835 0.3228 0.3394
vn -0.8370 0.5349 0.1155
vn -0.7092 0.6950 -0.1186
vn -0.5120 0.7881 -0.3415
vn -0.2649 0.8045 -0.5316
vn 0.0079 0.7417 -0.6707
vn 0.2795 0.6050 -0.7456
vn 0.5226 0.4072 -0.7490
vn 0.7133 0.1678 -0.6805
vn 0.8331 -0.0891 -0.5459
vn 0.9071 -0.2909 -0.3044
vn 0.8599 -0.5044 -0.0783
vn 0.7290 -0.6665 0.1562
vn 0.5265 -0.7628 0.3756
vn 0.2716 -0.7848 0.5571
vn -0.0107 -0.7311 0.6822
vn -0.2926 -0.6072 0.7387
vn -0.5463 -0.4252 0.7216
vn -0.7467 -0.2026 0.6335
vn -0.8743 0.0393 0.4837
vn -0.9168 0.2774 0.2872
vn -0.8699 0.4891 0.0631
vn -0.7385 0.6534 -0.1663
vn -0.5349 0.7547 -0.3799
vn -0.2792 0.7823 -0.5569
vn 0.0038 0.7329 -0.6803
vn 0.2860 0.6105 -0.7386
vn 0.5395 0.4266 -0.7259
vn 0.7392 0.1992 -0.6434
vn 0.8656 -0.0485 -0.4983
vn 0.9364 -0.2442 -0.2521
vn 0.8889 -0.4574 -0.0261
vn 0.7545 -0.6240 0.2032
vn 0.5460 -0.7291 0.4126
vn 0.2834 -0.7633 0.5806
vn -0.0076 -0.7238 0.6899
vn -0.2983 -0.6148 0.7301
vn -0.5600 -0.4468 0.6977
vn -0.7670 -0.2360 0.5967
vn -0.8992 -0.0026 0.4375
vn -0.9438 0.2311 0.2362
vn -0.8965 0.4428 0.0123
vn -0.7621 0.6117 -0.2122
vn -0.5532 0.7215 -0.4163
vn -0.2904 0.7609 -0.5803
vn 0.0009 0.7253 -0.6884
vn 0.2918 0.6175 -0.7304
vn 0.5536 0.4476 -0.7023
vn 0.7605 0.2322 -0.6064
vn 0.8922 -0.0066 -0.4515
vn 0.9595 -0.1970 -0.2012
vn 0.9116 -0.4103 0.0244
vn 0.7745 -0.5819 0.2482
vn 0.5611 -0.6962 0.4477
vn 0.2923 -0.7429 0.6022
vn -0.0055 -0.7178 0.6962
vn -0.3031 -0.6237 0.7205
vn -0.5710 -0.4698 0.6733
vn -0.7831 -0.2707 0.5599
vn -0.9188 -0.0455 0.3920
vn -0.9651 0.1842 0.1864
vn -0.9174 0.3963 -0.0369
vn -0.7804 0.5703 -0.2563
vn -0.5674 0.6891 -0.4508
vn -0.2989 0.7405 -0.6019
vn -0.0011 0.7190 -0.6950
vn 0.2967 0.6259 -0.7213
vn 0.5651 0.4699 -0.6781
vn 0.7776 0.2665 -0.5696
vn 0.9134 0.0363 -0.4055
vn 0.9771 -0.1496 -0.1516
vn 0.9287 -0.3634 0.0732
vn 0.7893 -0.5405 0.2913
vn 0.5723 -0.6643 0.4808
vn 0.2988 -0.7236 0.6222
vn -0.0043 -0.7131 0.7010
vn -0.3069 -0.6340 0.7098
vn -0.5795 -0.4939 0.6483
vn -0.7953 -0.3062 0.5231
vn -0.9336 -0.0890 0.3471
vn -0.9809 0.1371 0.1377
vn -0.9329 0.3500 -0.0846
vn -0.7941 0.5294 -0.2986
vn -0.5778 0.6575 -0.4835
vn -0.3050 0.7214 -0.6218
vn -0.0023 0.7140 -0.7001
vn 0.3006 0.6356 -0.7110
vn 0.5740 0.4935 -0.6535
vn 0.7907 0.3016 -0.5328
vn 0.9295 0.0797 -0.3601
vn 0.9894 -0.1022 -0.1030
vn 0.9407 -0.3171 0.1205
vn 0.7996 -0.4998 0.3328
vn 0.5799 -0.6335 0.5122
vn 0.3031 -0.7057 0.6404
vn -0.0036 -0.7098 0.7044
vn -0.3098 -0.6456 0.6981
vn -0.5855 -0.5191 0.6227
vn -0.8039 -0.3426 0.4862
vn -0.9438 -0.1329 0.3025
vn -0.9919 0.0898 0.0898
vn -0.9436 0.3041 -0.1312
vn -0.8034 0.4893 -0.3394
vn -0.5848 0.6270 -0.5146
vn -0.3091 0.7035 -0.6400
vn -0.0029 0.7104 -0.7038
vn 0.3036 0.6467 -0.6997
vn 0.5804 0.5181 -0.6282
vn 0.8000 0.3376 -0.4960
vn 0.9409 0.1235 -0.3153
vn 0.9970 -0.0550 -0.0552
vn 0.9479 -0.2713 0.1667
vn 0.8058 -0.4602 0.3728
vn 0.5844 -0.6039 0.5421
vn 0.3055 -0.6891 0.6571
vn -0.0033 -0.7079 0.7063
vn -0.3115 -0.6584 0.6852
vn -0.5890 -0.5455 0.5963
vn -0.8088 -0.3798 0.4489
vn -0.9497 -0.1773 0.2580
vn -0.9982 0.0425 0.0424
vn -0.9496 0.2586 -0.1769
vn -0.8087 0.4499 -0.3789
vn -0.5889 0.5976 -0.5441
vn -0.3114 0.6868 -0.6567
vn -0.0032 0.7082 -0.7060
vn 0.3055 0.6590 -0.6873
vn 0.5844 0.5439 -0.6022
vn 0.8058 0.3743 -0.4589
vn 0.9479 0.1677 -0.2707
vn 0.9999 -0.0079 -0.0079
vn 0.9507 -0.2261 0.2120
vn 0.8081 -0.4214 0.4116
vn 0.5859 -0.5755 0.5705
vn 0.3063 -0.6739 0.6724
vn -0.0032 -0.7073 0.7069
vn -0.3121 -0.6726 0.6710
vn -0.5901 -0.5729 0.5688
vn -0.8103 -0.4178 0.4110
vn -0.9514 -0.2222 0.2133
vn -1.0000 -0.0048 -0.0047
vn -0.9514 0.2135 -0.2219
vn -0.8103 0.4114 -0.4174
vn -0.5901 0.5693 -0.5724
vn -0.3121 0.6715 -0.6721
vn -0.0032 0.7073 -0.7069
vn 0.3063 0.6727 -0.6736
vn 0.5859 0.5707 -0.5753
vn 0.8080 0.4117 -0.4214
vn 0.9507 0.2121 -0.2262
vn 0.9985 0.0391 0.0392
vn 0.9493 -0.1815 0.2568
vn 0.8067 -0.3836 0.4496
vn 0.5848 -0.5483 0.5979
vn 0.3056 -0.6600 0.6863
vn -0.0033 -0.7082 0.7060
vn -0.3113 -0.6880 0.6555
vn -0.5885 -0.6015 0.5402
vn -0.8081 -0.4566 0.3721
vn -0.9488 -0.2674 0.1680
vn -0.9973 -0.0520 -0.0520
vn -0.9489 0.1688 -0.2666
vn -0.8082 0.3736 -0.4552
vn -0.5887 0.5422 -0.5996
vn -0.3114 0.6575 -0.6861
vn -0.0032 0.7079 -0.7063
vn 0.3057 0.6876 -0.6586
vn 0.5849 0.5986 -0.5473
vn 0.8068 0.4498 -0.3831
vn 0.9493 0.2568 -0.1813
vn 0.9925 0.0859 0.0865
vn 0.9435 -0.1374 0.3014
vn 0.8017 -0.3467 0.4869
vn 0.5810 -0.5223 0.6242
vn 0.3036 -0.6475 0.6990
vn -0.0032 -0.7104 0.7037
vn -0.3090 -0.7049 0.6385
vn -0.5842 -0.6312 0.5102
vn -0.8021 -0.4963 0.3321
vn -0.9418 -0.3131 0.1219
vn -0.9900 -0.0993 -0.0997
vn -0.9421 0.1245 -0.3113
vn -0.8026 0.3366 -0.4925
vn -0.5847 0.5161 -0.6259
vn -0.3094 0.6449 -0.6989
vn -0.0033 0.7098 -0.7044
vn 0.3036 0.7039 -0.6422
vn 0.5812 0.6276 -0.5180
vn 0.8019 0.4887 -0.3438
vn 0.9437 0.3018 -0.1358
vn 0.9820 0.1326 0.1346
vn 0.9335 -0.0940 0.3460
vn 0.7931 -0.3107 0.5239
vn 0.5748 -0.4975 0.6497
vn 0.3004 -0.6364 0.7105
vn -0.0027 -0.7141 0.7000
vn -0.3049 -0.7230 0.6199
vn -0.5768 -0.6620 0.4786
vn -0.7921 -0.5367 0.2907
vn -0.9302 -0.3593 0.0747
vn -0.9780 -0.1466 -0.1482
vn -0.9309 0.0806 -0.3561
vn -0.7933 0.3004 -0.5295
vn -0.5783 0.4911 -0.6515
vn -0.3063 0.6335 -0.7105
vn -0.0038 0.7131 -0.7011
vn 0.2999 0.7214 -0.6242
vn 0.5746 0.6576 -0.4873
vn 0.7931 0.5282 -0.3033
vn 0.9335 0.3472 -0.0894
vn 0.9667 0.1789 0.1832
vn 0.9190 -0.0511 0.3910
vn 0.7807 -0.2758 0.5607
vn 0.5660 -0.4739 0.6746
vn 0.2962 -0.6267 0.7208
vn -0.0018 -0.7192 0.6948
vn -0.2988 -0.7424 0.5996
vn -0.5660 -0.6938 0.4452
vn -0.7777 -0.5779 0.2475
vn -0.9136 -0.4057 0.0260
vn -0.9609 -0.1937 -0.1977
vn -0.9151 0.0372 -0.4016
vn -0.7803 0.2651 -0.5664
vn -0.5693 0.4673 -0.6764
vn -0.3021 0.6235 -0.7211
vn -0.0047 0.7177 -0.6963
vn 0.2942 0.7402 -0.6046
vn 0.5648 0.6886 -0.4548
vn 0.7802 0.5684 -0.2612
vn 0.9187 0.3928 -0.0420
vn 0.9461 0.2248 0.2329
vn 0.8997 -0.0091 0.4365
vn 0.7645 -0.2419 0.5975
vn 0.5545 -0.4517 0.6989
vn 0.2908 -0.6184 0.7301
vn -0.0003 -0.7257 0.6880
vn -0.2904 -0.7631 0.5774
vn -0.5514 -0.7266 0.4098
vn -0.7584 -0.6196 0.2024
vn -0.8916 -0.4522 -0.0243
vn -0.9383 -0.2405 -0.2484
vn -0.8942 -0.0054 -0.4477
vn -0.7632 0.2309 -0.6035
vn -0.5576 0.4448 -0.7009
vn -0.2969 0.6149 -0.7306
vn -0.0062 0.7238 -0.6900
vn 0.2862 0.7602 -0.5832
vn 0.5514 0.7205 -0.4206
vn 0.7628 0.6090 -0.2174
vn 0.8988 0.4384 0.0070
vn 0.9200 0.2701 0.2838
vn 0.8752 0.0318 0.4827
vn 0.7441 -0.2094 0.6344
vn 0.5403 -0.4310 0.7227
vn 0.2845 -0.6116 0.7382
vn 0.0022 -0.7336 0.6795
vn -0.2792 -0.7849 0.5532
vn -0.5326 -0.7601 0.3723
vn -0.7337 -0.6615 0.1553
vn -0.8635 -0.4985 -0.0764
vn -0.9097 -0.2865 -0.3006
vn -0.8679 -0.0469 -0.4946
vn -0.7418 0.1980 -0.6407
vn -0.5431 0.4238 -0.7249
vn -0.2907 0.6078 -0.7390
vn -0.0085 0.7312 -0.6822
vn 0.2758 0.7813 -0.5600
vn 0.5341 0.7530 -0.3843
vn 0.7404 0.6499 -0.1718
vn 0.8733 0.4837 0.0574
vn 0.8879 0.3142 0.3360
vn 0.8452 0.0712 0.5296
vn 0.7192 -0.1787 0.6714
vn 0.5232 -0.4121 0.7459
vn 0.2772 -0.6066 0.7451
vn 0.0057 -0.7429 0.6694
vn -0.2650 -0.8075 0.5270
vn -0.5090 -0.7939 0.3327
vn -0.7031 -0.7031 0.1061
vn -0.8289 -0.5440 -0.1304
vn -0.8748 -0.3313 -0.3536
vn -0.8358 -0.0864 -0.5422
vn -0.7157 0.1669 -0.6781
vn -0.5257 0.4046 -0.7483
vn -0.2834 0.6022 -0.7463
vn -0.0119 0.7399 -0.6727
vn 0.2625 0.8032 -0.5347
vn 0.5125 0.7859 -0.3460
vn 0.7118 0.6913 -0.1243
vn 0.8418 0.5283 0.1108
vn 0.8493 0.3564 0.3895
vn 0.8093 0.1084 0.5772
vn 0.6896 -0.1503 0.7084
vn 0.5031 -0.3954 0.7684
vn 0.2690 -0.6033 0.7507
vn 0.0105 -0.7534 0.6575
vn -0.2475 -0.8307 0.4987
vn -0.4803 -0.8275 0.2908
vn -0.6661 -0.7439 0.0549
vn -0.7873 -0.5878 -0.1860
vn -0.8326 -0.3744 -0.4082
vn -0.7972 -0.1237 -0.5909
vn -0.6848 0.1382 -0.7155
vn -0.5052 0.3875 -0.7711
vn -0.2752 0.5985 -0.7524
vn -0.0164 0.7498 -0.6614
vn 0.2461 0.8258 -0.5075
vn 0.4861 0.8188 -0.3055
vn 0.6779 0.7312 -0.0759
vn 0.8045 0.5706 0.1650
vn 0.8038 0.3960 0.4440
vn 0.7672 0.1428 0.6253
vn 0.6551 -0.1248 0.7452
vn 0.4800 -0.3814 0.7900
vn 0.2600 -0.6022 0.7549
vn 0.0169 -0.7651 0.6437
vn -0.2262 -0.8541 0.4684
vn -0.4461 -0.8602 0.2470
vn -0.6223 -0.7828 0.0018
vn -0.7383 -0.6291 -0.2430
vn -0.7833 -0.4141 -0.4637
vn -0.7523 -0.1577 -0.6396
vn -0.6489 0.1126 -0.7525
vn -0.4817 0.3732 -0.7929
vn -0.2660 0.5969 -0.7569
vn -0.0223 0.7610 -0.6484
vn 0.2262 0.8486 -0.4782
vn 0.4527 0.8519 -0.2633
vn 0.6376 0.7701 -0.0226
vn 0.7597 0.6116 0.2208
vn 0.7511 0.4320 0.4993
vn 0.7187 0.1732 0.6734
vn 0.6156 -0.1031 0.7812
vn 0.4539 -0.3706 0.8103
vn 0.2504 -0.6033 0.7572
vn 0.0250 -0.7779 0.6279
vn -0.2009 -0.8772 0.4361
vn -0.4061 -0.8913 0.2014
vn -0.5716 -0.8189 -0.0525
vn -0.6819 -0.6667 -0.3009
vn -0.7266 -0.4496 -0.5195
vn -0.7018 -0.1877 -0.6872
vn -0.6084 0.0922 -0.7883
vn -0.4551 0.3621 -0.8135
vn -0.2562 0.5975 -0.7599
vn -0.0297 0.7733 -0.6334
vn 0.2003 0.8717 -0.4472
vn 0.4152 0.8831 -0.2183
vn 0.5923 0.8051 0.0313
vn 0.7077 0.6495 0.2779
vn 0.6911 0.4632 0.5549
vn 0.6638 0.1986 0.7211
vn 0.5715 -0.0861 0.8161
vn 0.4253 -0.3637 0.8288
vn 0.2405 -0.6069 0.7576
vn 0.0351 -0.7915 0.6101
vn -0.1716 -0.8994 0.4020
vn -0.3605 -0.9199 0.1545
vn -0.5141 -0.8510 -0.1077
vn -0.6182 -0.6993 -0.3589
vn -0.6630 -0.4796 -0.5748
vn -0.6442 -0.2130 -0.7346
vn -0.5634 0.0757 -0.8227
vn -0.4263 0.3566 -0.8313
vn -0.2459 0.6006 -0.7608
vn -0.0415 0.7861 -0.6166
vn 0.1721 0.8940 -0.4136
vn 0.3746 0.9112 -0.1714
vn 0.5387 0.8381 0.0862
vn 0.6483 0.6833 0.3359
vn 0.6242 0.4883 0.6099
vn 0.6031 0.2178 0.7673
vn 0.5232 -0.0747 0.8490
vn 0.3945 -0.3611 0.8450
vn 0.2306 -0.6131 0.7556
vn 0.0474 -0.8058 0.5903
vn -0.1383 -0.9201 0.3665
vn -0.3094 -0.9449 0.1068
vn -0.4502 -0.8779 -0.1629
vn -0.5479 -0.7256 -0.4162
vn -0.5932 -0.5028 -0.6288
vn -0.5816 -0.2309 -0.7800
vn -0.5138 0.0638 -0.8555
vn -0.3957 0.3540 -0.8474
vn -0.2386 0.6075 -0.7576
vn -0.0535 0.8002 -0.5973
vn 0.1430 0.9147 -0.3781
vn 0.3262 0.9372 -0.1237
vn 0.4784 0.8666 0.1419
vn 0.5816 0.7116 0.3942
vn 0.5511 0.5061 0.6634
vn 0.5375 0.2298 0.8114
vn 0.4716 -0.0697 0.8790
vn 0.3624 -0.3633 0.8583
vn 0.2214 -0.6221 0.7510
vn 0.0620 -0.8203 0.5685
vn -0.1012 -0.9386 0.3298
vn -0.2535 -0.9655 0.0589
vn -0.3810 -0.8987 -0.2173
vn -0.4721 -0.7445 -0.4720
vn -0.5183 -0.5181 -0.6804
vn -0.5149 -0.2411 -0.8226
vn -0.4617 0.0596 -0.8850
vn -0.3628 0.3548 -0.8617
vn -0.2264 0.6153 -0.7551
vn -0.0646 0.8151 -0.5758
vn 0.1075 0.9337 -0.3415
vn 0.2726 0.9592 -0.0751
vn 0.4118 0.8896 0.1977
vn 0.5083 0.7332 0.4518
vn 0.4732 0.5155 0.7144
vn 0.4683 0.2337 0.8521
vn 0.4182 -0.0716 0.9055
vn 0.3301 -0.3706 0.8681
vn 0.2135 -0.6336 0.7436
vn 0.0792 -0.8348 0.5449
vn -0.0606 -0.9544 0.2924
vn -0.1936 -0.9810 0.0115
vn -0.3076 -0.9124 -0.2701
vn -0.3925 -0.7552 -0.5251
vn -0.4401 -0.5247 -0.7287
vn -0.4457 -0.2430 -0.8615
vn -0.4082 0.0625 -0.9108
vn -0.3301 0.3622 -0.8717
vn -0.2177 0.6267 -0.7482
vn -0.0807 0.8296 -0.5525
vn 0.0684 0.9503 -0.3038
vn 0.2141 0.9764 -0.0265
vn 0.3396 0.9060 0.2527
vn 0.4294 0.7469 0.5076
vn 0.3924 0.5158 0.7615
vn 0.3975 0.2291 0.8886
vn 0.3644 -0.0806 0.9277
vn 0.2987 -0.3828 0.8742
vn 0.2074 -0.6475 0.7333
vn 0.0988 -0.8487 0.5196
vn -0.0173 -0.9669 0.2547
vn -0.1308 -0.9908 -0.0348
vn -0.2317 -0.9185 -0.3205
vn -0.3106 -0.7571 -0.5747
vn -0.3603 -0.5222 -0.7729
vn -0.3758 -0.2365 -0.8960
vn -0.3548 0.0724 -0.9321
vn -0.2984 0.3747 -0.8778
vn -0.2108 0.6407 -0.7383
vn -0.0992 0.8439 -0.5273
vn 0.0260 0.9638 -0.2655
vn 0.1519 0.9882 0.0215
vn 0.2634 0.9149 0.3058
vn 0.3467 0.7520 0.5606
vn 0.3108 0.5070 0.8040
vn 0.3270 0.2161 0.9200
vn 0.3120 -0.0964 0.9452
vn 0.2693 -0.3995 0.8763
vn 0.2036 -0.6632 0.7202
vn 0.1209 -0.8617 0.4929
vn 0.0282 -0.9757 0.2173
vn -0.0664 -0.9946 -0.0793
vn -0.1547 -0.9169 -0.3678
vn -0.2285 -0.7503 -0.6203
vn -0.2810 -0.5110 -0.8124
vn -0.3069 -0.2219 -0.9255
vn -0.3030 0.0890 -0.9488
vn -0.2687 0.3917 -0.8800
vn -0.2061 0.6566 -0.7255
vn -0.1203 0.8573 -0.5006
vn -0.0189 0.9737 -0.2271
vn 0.0870 0.9939 0.0680
vn 0.1849 0.9160 0.3561
vn 0.2624 0.7481 0.6095
vn 0.2307 0.4896 0.8409
vn 0.2588 0.1954 0.9460
vn 0.2625 -0.1182 0.9577
vn 0.2430 -0.4199 0.8744
vn 0.2027 -0.6801 0.7046
vn 0.1451 -0.8732 0.4653
vn 0.0750 -0.9807 0.1805
vn -0.0017 -0.9926 -0.1216
vn -0.0783 -0.9080 -0.4115
vn -0.1480 -0.7354 -0.6612
vn -0.2040 -0.4916 -0.8466
vn -0.2408 -0.1999 -0.9498
vn -0.2542 0.1115 -0.9607
vn -0.2421 0.4126 -0.8782
vn -0.2043 0.6738 -0.7101
vn -0.1437 0.8694 -0.4727
vn -0.0657 0.9797 -0.1893
vn 0.0210 0.9935 0.1123
vn 0.1060 0.9092 0.4026
vn 0.1785 0.7355 0.6536
vn 0.1540 0.4645 0.8721
vn 0.1946 0.1682 0.9664
vn 0.2170 -0.1447 0.9654
vn 0.2203 -0.4431 0.8690
vn 0.2047 -0.6974 0.6868
vn 0.1712 -0.8829 0.4372
vn 0.1225 -0.9818 0.1450
vn 0.0624 -0.9850 -0.1611
vn -0.0039 -0.8924 -0.4512
vn -0.0704 -0.7134 -0.6973
vn -0.1307 -0.4651 -0.8755
vn -0.1789 -0.1717 -0.9688
vn -0.2096 0.1388 -0.9679
vn -0.2191 0.4362 -0.8728
vn -0.2054 0.6916 -0.6924
vn -0.1691 0.8797 -0.4443
vn -0.1135 0.9817 -0.1527
vn -0.0448 0.9871 0.1537
vn 0.0285 0.8952 0.4448
vn 0.0972 0.7151 0.6923
vn 0.0822 0.4334 0.8975
vn 0.1356 0.1359 0.9814
vn 0.1764 -0.1748 0.9687
vn 0.2017 -0.4679 0.8605
vn 0.2095 -0.7145 0.6676
vn 0.1987 -0.8905 0.4093
vn 0.1697 -0.9792 0.1112
vn 0.1246 -0.9724 -0.1974
vn 0.0673 -0.8711 -0.4866
vn 0.0029 -0.6853 -0.7283
vn -0.0623 -0.4331 -0.8992
vn -0.1220 -0.1387 -0.9828
vn -0.1697 0.1694 -0.9708
vn -0.2002 0.4615 -0.8642
vn -0.2095 0.7092 -0.6731
vn -0.1962 0.8879 -0.4160
vn -0.1613 0.9798 -0.1180
vn -0.1091 0.9754 0.1916
vn -0.0461 0.8749 0.4822
vn 0.0200 0.6881 0.7254
vn 0.0162 0.3978 0.9173
vn 0.0822 0.1003 0.9915
vn 0.1408 -0.2068 0.9682
vn 0.1871 -0.4932 0.8496
vn 0.2169 -0.7305 0.6475
vn 0.2270 -0.8958 0.3822
vn 0.2160 -0.9731 0.0798
vn 0.1843 -0.9555 -0.2301
vn 0.1346 -0.8451 -0.5174
vn 0.0714 -0.6527 -0.7543
vn 0.0006 -0.3970 -0.9178
vn -0.0705 -0.1027 -0.9922
vn -0.1347 0.2020 -0.9701
vn -0.1852 0.4874 -0.8533
vn -0.2162 0.7259 -0.6530
vn -0.2242 0.8938 -0.3885
vn -0.2084 0.9743 -0.0856
vn -0.1708 0.9591 0.2256
vn -0.1166 0.8495 0.5146
vn -0.0520 0.6560 0.7530
vn -0.0437 0.3595 0.9321
vn 0.0346 0.0630 0.9974
vn 0.1101 -0.2395 0.9646
vn 0.1760 -0.5180 0.8371
vn 0.2262 -0.7451 0.6274
vn 0.2556 -0.8986 0.3566
vn 0.2608 -0.9640 0.0512
vn 0.2409 -0.9354 -0.2589
vn 0.1975 -0.8158 -0.5436
vn 0.1345 -0.6170 -0.7754
vn 0.0580 -0.3584 -0.9318
vn -0.0245 -0.0649 -0.9976
vn -0.1046 0.2352 -0.9663
vn -0.1738 0.5129 -0.8407
vn -0.2250 0.7410 -0.6327
vn -0.2526 0.8971 -0.3624
vn -0.2540 0.9656 -0.0563
vn -0.2294 0.9392 0.2555
vn -0.1823 0.8204 0.5420
vn -0.1183 0.6206 0.7752
vn -0.0978 0.3201 0.9423
vn -0.0076 0.0253 0.9997
vn 0.0838 -0.2717 0.9587
vn 0.1679 -0.5416 0.8237
vn 0.2369 -0.7578 0.6080
vn 0.2837 -0.8992 0.3331
vn 0.3035 -0.9525 0.0259
vn 0.2940 -0.9128 -0.2835
vn 0.2558 -0.7843 -0.5652
vn 0.1924 -0.5797 -0.7918
vn 0.1099 -0.3189 -0.9414
vn 0.0164 -0.0270 -0.9995
vn -0.0786 0.2679 -0.9602
vn -0.1655 0.5370 -0.8272
vn -0.2352 0.7543 -0.6130
vn -0.2807 0.8982 -0.3384
vn -0.2974 0.9543 -0.0303
vn -0.2842 0.9167 0.2809
vn -0.2431 0.7889 0.5644
vn -0.1788 0.5833 0.7923
vn -0.1465 0.2809 0.9485
vn -0.0451 -0.0115 0.9989
vn 0.0610 -0.3025 0.9512
vn 0.1620 -0.5633 0.8102
vn 0.2480 -0.7684 0.5899
vn 0.3107 -0.8978 0.3122
vn 0.3436 -0.9391 0.0043
vn 0.3433 -0.8887 -0.3038
vn 0.3095 -0.7519 -0.5821
vn 0.2452 -0.5421 -0.8037
vn 0.1568 -0.2796 -0.9472
vn 0.0529 0.0101 -0.9985
vn -0.0561 0.2991 -0.9526
vn -0.1593 0.5593 -0.8135
vn -0.2461 0.7654 -0.5946
vn -0.3078 0.8970 -0.3171
vn -0.3384 0.9410 -0.0082
vn -0.3351 0.8926 0.3017
vn -0.2989 0.7564 0.5819
vn -0.2339 0.5455 0.8048
vn -0.1907 0.2430 0.9511
vn -0.0789 -0.0464 0.9958
vn 0.0409 -0.3311 0.9427
vn 0.1572 -0.5829 0.7972
vn 0.2590 -0.7770 0.5737
vn 0.3362 -0.8946 0.2944
vn 0.3810 -0.9245 -0.0134
vn 0.3888 -0.8641 -0.3196
vn 0.3588 -0.7196 -0.5945
vn 0.2936 -0.5052 -0.8116
vn 0.1995 -0.2417 -0.9496
vn 0.0859 0.0453 -0.9953
vn -0.0362 0.3282 -0.9439
vn -0.1544 0.5794 -0.8003
vn -0.2568 0.7745 -0.5781
vn -0.3333 0.8942 -0.2989
vn -0.3764 0.9264 0.0099
vn -0.3819 0.8678 0.3179
vn -0.3499 0.7238 0.5947
vn -0.2840 0.5085 0.8129
vn -0.2310 0.2072 0.9506
vn -0.1097 -0.0790 0.9908
vn 0.0225 -0.3574 0.9337
vn 0.1529 -0.6002 0.7851
vn 0.2691 -0.7838 0.5597
vn 0.3595 -0.8902 0.2799
vn 0.4152 -0.9093 -0.0270
vn 0.4306 -0.8396 -0.3310
vn 0.4040 -0.6882 -0.6026
vn 0.3379 -0.4699 -0.8155
vn 0.2387 -0.2059 -0.9490
vn 0.1160 0.0782 -0.9902
vn -0.0179 0.3548 -0.9348
vn -0.1499 0.5972 -0.7879
vn -0.2667 0.7817 -0.5638
vn -0.3568 0.8899 -0.2841
vn -0.4112 0.9112 0.0238
vn -0.4248 0.8432 0.3296
vn -0.3966 0.6922 0.6030
vn -0.3298 0.4730 0.8170
vn -0.2683 0.1740 0.9475
vn -0.1386 -0.1089 0.9843
vn 0.0049 -0.3810 0.9246
vn 0.1483 -0.6154 0.7742
vn 0.2776 -0.7890 0.5481
vn 0.3803 -0.8850 0.2687
vn 0.4462 -0.8942 -0.0367
vn 0.4687 -0.8160 -0.3382
vn 0.4455 -0.6584 -0.6066
vn 0.3788 -0.4367 -0.8159
vn 0.2750 -0.1726 -0.9458
vn 0.1443 0.1083 -0.9836
vn -0.0005 0.3789 -0.9254
vn -0.1451 0.6128 -0.7768
vn -0.2752 0.7872 -0.5519
vn -0.3777 0.8849 -0.2727
vn -0.4427 0.8960 0.0337
vn -0.4638 0.8194 0.3369
vn -0.4394 0.6622 0.6071
vn -0.3719 0.4397 0.8175
vn -0.3034 0.1436 0.9420
vn -0.1661 -0.1361 0.9767
vn -0.0125 -0.4022 0.9155
vn 0.1426 -0.6286 0.7645
vn 0.2841 -0.7930 0.5389
vn 0.3983 -0.8794 0.2608
vn 0.4739 -0.8796 -0.0425
vn 0.5034 -0.7938 -0.3414
vn 0.4838 -0.6306 -0.6069
vn 0.4169 -0.4061 -0.8132
vn 0.3093 -0.1421 -0.9403
vn 0.1714 0.1357 -0.9758
vn 0.0167 0.4004 -0.9162
vn -0.1394 0.6264 -0.7669
vn -0.2817 0.7914 -0.5425
vn -0.3959 0.8794 -0.2645
vn -0.4709 0.8813 0.0396
vn -0.4993 0.7969 0.3401
vn -0.4786 0.6342 0.6073
vn -0.4110 0.4090 0.8147
vn -0.3367 0.1159 0.9344
vn -0.1930 -0.1606 0.9680
vn -0.0304 -0.4212 0.9065
vn 0.1354 -0.6403 0.7561
vn 0.2883 -0.7962 0.5319
vn 0.4134 -0.8739 0.2558
vn 0.4983 -0.8658 -0.0449
vn 0.5347 -0.7732 -0.3410
vn 0.5190 -0.6051 -0.6037
vn 0.4526 -0.3782 -0.8076
vn 0.3420 -0.1144 -0.9327
vn 0.1979 0.1604 -0.9670
vn 0.0347 0.4206 -0.9066
vn -0.1311 0.6390 -0.7579
vn -0.2847 0.7956 -0.5348
vn -0.4098 0.8746 -0.2590
vn -0.4948 0.8680 0.0416
vn -0.5313 0.7761 0.3398
vn -0.5146 0.6085 0.6041
vn -0.4475 0.3810 0.8091
vn -0.3689 0.0909 0.9250
vn -0.2197 -0.1828 0.9583
vn -0.0491 -0.4384 0.8975
vn 0.1265 -0.6508 0.7487
vn 0.2900 -0.7991 0.5267
vn 0.4254 -0.8688 0.2534
vn 0.5195 -0.8533 -0.0444
vn 0.5629 -0.7544 -0.3376
vn 0.5515 -0.5819 -0.5977
vn 0.4863 -0.3527 -0.7994
vn 0.3735 -0.0893 -0.9233
vn 0.2243 0.1833 -0.9571
vn 0.0527 0.4378 -0.8975
vn -0.1239 0.6489 -0.7507
vn -0.2881 0.7976 -0.5299
vn -0.4238 0.8685 -0.2570
vn -0.5169 0.8551 0.0409
vn -0.5592 0.7576 0.3365
vn -0.5475 0.5857 0.5977
vn -0.4819 0.3555 0.8009
vn -0.4000 0.0680 0.9140
vn -0.2465 -0.2031 0.9476
vn -0.0688 -0.4542 0.8882
vn 0.1158 -0.6606 0.7418
vn 0.2892 -0.8019 0.5228
vn 0.4345 -0.8645 0.2528
vn 0.5376 -0.8422 -0.0416
vn 0.5883 -0.7375 -0.3316
vn 0.5816 -0.5609 -0.5891
vn 0.5182 -0.3297 -0.7892
vn 0.4043 -0.0661 -0.9122
vn 0.2504 0.2036 -0.9465
vn 0.0722 0.4531 -0.8885
vn -0.1130 0.6590 -0.7436
vn -0.2871 0.8007 -0.5258
vn -0.4329 0.8642 -0.2563
vn -0.5360 0.8433 0.0386
vn -0.5863 0.7398 0.3300
vn -0.5786 0.5643 0.5889
vn -0.5143 0.3327 0.7904
vn -0.4304 0.0469 0.9014
vn -0.2733 -0.2221 0.9359
vn -0.0895 -0.4692 0.8785
vn 0.1031 -0.6702 0.7350
vn 0.2858 -0.8052 0.5196
vn 0.4408 -0.8611 0.2535
vn 0.5528 -0.8325 -0.0371
vn 0.6110 -0.7224 -0.3238
vn 0.6095 -0.5418 -0.5787
vn 0.5486 -0.3085 -0.7771
vn 0.4339 -0.0450 -0.8998
vn 0.2770 0.2224 -0.9348
vn 0.0929 0.4684 -0.8786
vn -0.1003 0.6688 -0.7366
vn -0.2837 0.8041 -0.5224
vn -0.4391 0.8609 -0.2569
vn -0.5513 0.8336 0.0341
vn -0.6092 0.7246 0.3221
vn -0.6072 0.5446 0.5785
vn -0.5457 0.3114 0.7780
vn -0.4601 0.0269 0.8875
vn -0.3003 -0.2403 0.9231
vn -0.1112 -0.4840 0.8680
vn 0.0889 -0.6800 0.7278
vn 0.2803 -0.8092 0.5164
vn 0.4445 -0.8588 0.2546
vn 0.5654 -0.8242 -0.0318
vn 0.6312 -0.7089 -0.3148
vn 0.6354 -0.5244 -0.5669
vn 0.5776 -0.2888 -0.7636
vn 0.4633 -0.0251 -0.8858
vn 0.3038 0.2408 -0.9218
vn 0.1146 0.4834 -0.8679
vn -0.0859 0.6789 -0.7292
vn -0.2780 0.8083 -0.5191
vn -0.4428 0.8587 -0.2579
vn -0.5640 0.8253 0.0288
vn -0.6296 0.7111 0.3129
vn -0.6334 0.5271 0.5665
vn -0.5749 0.2915 0.7645
vn -0.4890 0.0076 0.8723
vn -0.3272 -0.2584 0.9089
vn -0.1335 -0.4990 0.8563
vn 0.0733 -0.6905 0.7196
vn 0.2729 -0.8142 0.5125
vn 0.4461 -0.8578 0.2554
vn 0.5757 -0.8172 -0.0264
vn 0.6492 -0.6967 -0.3053
vn 0.6594 -0.5080 -0.5542
vn 0.6052 -0.2699 -0.7489
vn 0.4920 -0.0056 -0.8706
vn 0.3307 0.2592 -0.9075
vn 0.1369 0.4987 -0.8559
vn -0.0702 0.6897 -0.7207
vn -0.2705 0.8134 -0.5150
vn -0.4442 0.8578 -0.2586
vn -0.5743 0.8183 0.0233
vn -0.6478 0.6988 0.3033
vn -0.6576 0.5108 0.5537
vn -0.6028 0.2726 0.7498
vn -0.5170 -0.0117 0.8559
vn -0.3539 -0.2769 0.8934
vn -0.1562 -0.5148 0.8430
vn 0.0567 -0.7021 0.7099
vn 0.2641 -0.8203 0.5072
vn 0.4458 -0.8580 0.2551
vn 0.5840 -0.8114 -0.0217
vn 0.6653 -0.6854 -0.2960
vn 0.6816 -0.4924 -0.5413
vn 0.6315 -0.2514 -0.7335
vn 0.5197 0.0140 -0.8543
vn 0.3571 0.2781 -0.8917
vn 0.1597 0.5148 -0.8423
vn -0.0535 0.7015 -0.7107
vn -0.2615 0.8197 -0.5095
vn -0.4439 0.8581 -0.2583
vn -0.5826 0.8125 0.0186
vn -0.6640 0.6876 0.2939
vn -0.6801 0.4952 0.5407
vn -0.6293 0.2542 0.7344
vn -0.5442 -0.0321 0.8384
vn -0.3800 -0.2965 0.8762
vn -0.1789 -0.5319 0.8277
vn 0.0397 -0.7150 0.6980
vn 0.2544 -0.8279 0.4999
vn 0.4443 -0.8594 0.2530
vn 0.5909 -0.8065 -0.0184
vn 0.6798 -0.6746 -0.2876
vn 0.7024 -0.4768 -0.5285
vn 0.6565 -0.2325 -0.7176
vn 0.5465 0.0344 -0.8368
vn 0.3830 0.2978 -0.8744
vn 0.1821 0.5323 -0.8267
vn -0.0363 0.7147 -0.6985
vn -0.2516 0.8275 -0.5019
vn -0.4422 0.8596 -0.2561
vn -0.5894 0.8077 0.0152
vn -0.6786 0.6769 0.2854
vn -0.7010 0.4797 0.5278
vn -0.6548 0.2356 0.7182
vn -0.5699 -0.0536 0.8199
vn -0.4053 -0.3177 0.8572
vn -0.2011 -0.5507 0.8101
vn 0.0227 -0.7297 0.6834
vn 0.2443 -0.8369 0.4898
vn 0.4420 -0.8619 0.2483
vn 0.5967 -0.8023 -0.0171
vn 0.6931 -0.6640 -0.2805
vn 0.7219 -0.4608 -0.5163
vn 0.6803 -0.2127 -0.7014
vn 0.5723 0.0561 -0.8181
vn 0.4084 0.3192 -0.8552
vn 0.2042 0.5512 -0.8090
vn -0.0197 0.7296 -0.6836
vn -0.2412 0.8367 -0.4916
vn -0.4398 0.8622 -0.2513
vn -0.5951 0.8035 0.0139
vn -0.6918 0.6663 0.2782
vn -0.7205 0.4639 0.5154
vn -0.6787 0.2166 0.7017
vn -0.5947 -0.0769 0.8003
vn -0.4296 -0.3409 0.8362
vn -0.2226 -0.5716 0.7898
vn 0.0061 -0.7462 0.6657
vn 0.2343 -0.8474 0.4764
vn 0.4395 -0.8654 0.2406
vn 0.6019 -0.7984 -0.0184
vn 0.7056 -0.6530 -0.2752
vn 0.7404 -0.4438 -0.5049
vn 0.7030 -0.1913 -0.6850
vn 0.5970 0.0797 -0.7983
vn 0.4327 0.3428 -0.8338
vn 0.2261 0.5724 -0.7882
vn -0.0033 0.7461 -0.6658
vn -0.2320 0.8467 -0.4789
vn -0.4380 0.8654 -0.2434
vn -0.6002 0.7997 0.0151
vn -0.7046 0.6556 0.2716
vn -0.7403 0.4462 0.5029
vn -0.7021 0.1947 0.6850
vn -0.6183 -0.1026 0.7792
vn -0.4527 -0.3666 0.8128
vn -0.2429 -0.5947 0.7663
vn -0.0095 -0.7646 0.6445
vn 0.2249 -0.8593 0.4594
vn 0.4373 -0.8696 0.2294
vn 0.6070 -0.7944 -0.0226
vn 0.7175 -0.6412 -0.2720
vn 0.7581 -0.4253 -0.4944
vn 0.7247 -0.1680 -0.6683
vn 0.6206 0.1056 -0.7770
vn 0.4560 0.3688 -0.8100
vn 0.2467 0.5959 -0.7643
vn 0.0132 0.7648 -0.6441
vn -0.2216 0.8593 -0.4610
vn -0.4359 0.8694 -0.2326
vn -0.6066 0.7948 0.0178
vn -0.7170 0.6436 0.2677
vn -0.7572 0.4285 0.4930
vn -0.7233 0.1714 0.6690
vn -0.6406 -0.1308 0.7566
vn -0.4744 -0.3949 0.7868
vn -0.2619 -0.6203 0.7394
vn -0.0238 -0.7849 0.6192
vn 0.2165 -0.8724 0.4382
vn 0.4357 -0.8741 0.2145
vn 0.6125 -0.7899 -0.0298
vn 0.7295 -0.6282 -0.2707
vn 0.7753 -0.4049 -0.4847
vn 0.7456 -0.1422 -0.6511
vn 0.6431 0.1343 -0.7539
vn 0.4779 0.3975 -0.7833
vn 0.2660 0.6218 -0.7366
vn 0.0280 0.7855 -0.6182
vn -0.2129 0.8726 -0.4395
vn -0.4331 0.8747 -0.2176
vn -0.6108 0.7914 0.0259
vn -0.7284 0.6307 0.2675
vn -0.7744 0.4083 0.4833
vn -0.7441 0.1459 0.6520
vn -0.6619 -0.1619 0.7319
vn -0.4947 -0.4259 0.7575
vn -0.2793 -0.6482 0.7084
vn -0.0366 -0.8069 0.5895
vn 0.2096 -0.8865 0.4127
vn 0.4353 -0.8788 0.1956
vn 0.6186 -0.7847 -0.0401
vn 0.7416 -0.6135 -0.2714
vn 0.7923 -0.3822 -0.4755
vn 0.7658 -0.1137 -0.6329
vn 0.6646 0.1658 -0.7286
vn 0.4986 0.4289 -0.7533
vn 0.2839 0.6501 -0.7048
vn 0.0413 0.8079 -0.5879
vn -0.2055 0.8870 -0.4136
vn -0.4323 0.8796 -0.1986
vn -0.6167 0.7864 0.0362
vn -0.7405 0.6163 0.2680
vn -0.7913 0.3860 0.4742
vn -0.7642 0.1178 0.6342
vn -0.6821 -0.1958 0.7046
vn -0.5136 -0.4594 0.7247
vn -0.2950 -0.6781 0.6731
vn -0.0477 -0.8304 0.5552
vn 0.2042 -0.9010 0.3827
vn 0.4363 -0.8831 0.1729
vn 0.6258 -0.7782 -0.0533
vn 0.7543 -0.5968 -0.2735
vn 0.8094 -0.3570 -0.4663
vn 0.7856 -0.0823 -0.6133
vn 0.6852 0.2002 -0.7003
vn 0.5180 0.4629 -0.7193
vn 0.3002 0.6805 -0.6684
vn 0.0529 0.8317 -0.5527
vn -0.1997 0.9019 -0.3830
vn -0.4328 0.8842 -0.1757
vn -0.6236 0.7802 0.0493
vn -0.7530 0.6000 0.2701
vn -0.8082 0.3612 0.4652
vn -0.7837 0.0869 0.6150
vn -0.7013 -0.2323 0.6739
vn -0.5311 -0.4952 0.6875
vn -0.3091 -0.7097 0.6331
vn -0.0570 -0.8547 0.5160
vn 0.2007 -0.9157 0.3482
vn 0.4388 -0.8866 0.1466
vn 0.6342 -0.7701 -0.0687
vn 0.7678 -0.5780 -0.2764
vn 0.8267 -0.3291 -0.4564
vn 0.8050 -0.0483 -0.5913
vn 0.7049 0.2372 -0.6685
vn 0.5361 0.4993 -0.6807
vn 0.3149 0.7126 -0.6269
vn 0.0629 0.8565 -0.5123
vn -0.1955 0.9169 -0.3478
vn -0.4349 0.8881 -0.1491
vn -0.6316 0.7726 0.0648
vn -0.7662 0.5816 0.2732
vn -0.8252 0.3338 0.4556
vn -0.8028 0.0534 0.5938
vn -0.7198 -0.2709 0.6392
vn -0.5473 -0.5327 0.6455
vn -0.3215 -0.7424 0.5878
vn -0.0644 -0.8793 0.4718
vn 0.1989 -0.9299 0.3094
vn 0.4429 -0.8889 0.1170
vn 0.6439 -0.7603 -0.0860
vn 0.7822 -0.5569 -0.2795
vn 0.8443 -0.2989 -0.4448
vn 0.8242 -0.0118 -0.5661
vn 0.7239 0.2763 -0.6322
vn 0.5530 0.5372 -0.6368
vn 0.3282 0.7457 -0.5799
vn 0.0711 0.8815 -0.4667
vn -0.1930 0.9315 -0.3082
vn -0.4385 0.8908 -0.1192
vn -0.6410 0.7632 0.0821
vn -0.7803 0.5610 0.2763
vn -0.8426 0.3041 0.4445
vn -0.8217 0.0174 0.5697
vn -0.7375 -0.3110 0.5995
vn -0.5623 -0.5711 0.5981
vn -0.3324 -0.7753 0.5371
vn -0.0702 -0.9036 0.4226
vn 0.1988 -0.9431 0.2665
vn 0.4486 -0.8897 0.0848
vn 0.6549 -0.7485 -0.1041
vn 0.7974 -0.5337 -0.2816
vn 0.8624 -0.2665 -0.4304
vn 0.8434 0.0265 -0.5367
vn 0.7423 0.3168 -0.5905
vn 0.5689 0.5760 -0.5870
vn 0.3400 0.7790 -0.5269
vn 0.0777 0.9061 -0.4158
vn -0.1923 0.9451 -0.2642
vn -0.4437 0.8920 -0.0866
vn -0.6516 0.7519 0.1004
vn -0.7953 0.5384 0.2787
vn -0.8604 0.2723 0.4309
vn -0.8403 -0.0204 0.5417
vn -0.7545 -0.3515 0.5542
vn -0.5762 -0.6093 0.5447
vn -0.3419 -0.8075 0.4806
vn -0.0745 -0.9267 0.3684
vn 0.2003 -0.9547 0.2199
vn 0.4558 -0.8887 0.0506
vn 0.6671 -0.7349 -0.1223
vn 0.8135 -0.5087 -0.2817
vn 0.8808 -0.2328 -0.4123
vn 0.8624 0.0658 -0.5020
vn 0.7600 0.3577 -0.5426
vn 0.5837 0.6145 -0.5307
vn 0.3504 0.8115 -0.4677
vn 0.0828 0.9295 -0.3595
vn -0.1931 0.9570 -0.2164
vn -0.4503 0.8914 -0.0518
vn -0.6634 0.7388 0.1188
vn -0.8110 0.5141 0.2792
vn -0.8784 0.2391 0.4138
vn -0.8588 -0.0592 0.5088
vn -0.7708 -0.3914 0.5026
vn -0.5891 -0.6463 0.4850
vn -0.3502 -0.8381 0.4183
vn -0.0774 -0.9477 0.3095
vn 0.2031 -0.9643 0.1701
vn 0.4642 -0.8856 0.0151
vn 0.6803 -0.7195 -0.1396
vn 0.8303 -0.4826 -0.2788
vn 0.8995 -0.1985 -0.3893
vn 0.8811 0.1048 -0.4611
vn 0.7771 0.3976 -0.4878
vn 0.5975 0.6515 -0.4674
vn 0.3596 0.8420 -0.4021
vn 0.0865 0.9506 -0.2982
vn -0.1952 0.9667 -0.1653
vn -0.4581 0.8887 -0.0158
vn -0.6761 0.7241 0.1364
vn -0.8274 0.4886 0.2769
vn -0.8967 0.2053 0.3921
vn -0.8771 -0.0979 0.4702
vn -0.7864 -0.4292 0.4443
vn -0.6010 -0.6808 0.4187
vn -0.3574 -0.8658 0.3503
vn -0.0791 -0.9660 0.2462
vn 0.2071 -0.9712 0.1178
vn 0.4735 -0.8805 -0.0208
vn 0.6941 -0.7029 -0.1551
vn 0.8473 -0.4562 -0.2720
vn 0.9180 -0.1649 -0.3607
vn 0.8994 0.1422 -0.4134
vn 0.7934 0.4352 -0.4257
vn 0.6102 0.6856 -0.3970
vn 0.3675 0.8693 -0.3304
vn 0.0889 0.9686 -0.2322
vn -0.1986 0.9737 -0.1114
vn -0.4670 0.8840 0.0208
vn -0.6896 0.7080 0.1523
vn -0.8441 0.4627 0.2709
vn -0.9149 0.1720 0.3651
vn -0.8949 -0.1353 0.4253
vn -0.8010 -0.4635 0.3789
vn -0.6118 -0.7114 0.3459
vn -0.3633 -0.8896 0.2768
vn -0.0797 -0.9806 0.1788
vn 0.2120 -0.9752 0.0634
vn 0.4835 -0.8735 -0.0564
vn 0.7083 -0.6856 -0.1680
vn 0.8642 -0.4304 -0.2605
vn 0.9360 -0.1333 -0.3258
vn 0.9167 0.1765 -0.3585
vn 0.8083 0.4688 -0.3561
vn 0.6214 0.7153 -0.3197
vn 0.3740 0.8923 -0.2529
vn 0.0899 0.9827 -0.1620
vn -0.2031 0.9776 -0.0555
vn -0.4766 0.8773 0.0571
vn -0.7034 0.6912 0.1657
vn -0.8607 0.4374 0.2604
vn -0.9327 0.1406 0.3322
vn -0.9119 -0.1700 0.3736
vn -0.8142 -0.4930 0.3067
vn -0.6211 -0.7368 0.2669
vn -0.3681 -0.9084 0.1982
vn -0.0793 -0.9910 0.1081
vn 0.2177 -0.9760 0.0077
vn 0.4940 -0.8647 -0.0911
vn 0.7224 -0.6682 -0.1777
vn 0.8805 -0.4063 -0.2441
vn 0.9529 -0.1050 -0.2846
vn 0.9325 0.2061 -0.2965
vn 0.8216 0.4969 -0.2795
vn 0.6308 0.7392 -0.2359
vn 0.3787 0.9097 -0.1702
vn 0.0895 0.9920 -0.0885
vn -0.2086 0.9780 0.0017
vn -0.4867 0.8687 0.0925
vn -0.7171 0.6743 0.1761
vn -0.8768 0.4137 0.2451
vn -0.9495 0.1121 0.2931
vn -0.9277 -0.2004 0.3150
vn -0.8255 -0.5162 0.2282
vn -0.6288 -0.7559 0.1822
vn -0.3713 -0.9214 0.1152
vn -0.0776 -0.9964 0.0347
vn 0.2241 -0.9733 -0.0486
vn 0.5045 -0.8544 -0.1243
vn 0.7360 -0.6515 -0.1840
vn 0.8957 -0.3851 -0.2225
vn 0.9680 -0.0814 -0.2373
vn 0.9462 0.2296 -0.2280
vn 0.8325 0.5180 -0.1965
vn 0.6379 0.7560 -0.1467
vn 0.3814 0.9207 -0.0834
vn 0.0876 0.9961 -0.0126
vn -0.2151 0.9748 0.0594
vn -0.4970 0.8585 0.1264
vn -0.7304 0.6580 0.1831
vn -0.8918 0.3926 0.2248
vn -0.9647 0.0881 0.2481
vn -0.9417 -0.2253 0.2499
vn -0.8345 -0.5319 0.1441
vn -0.6342 -0.7676 0.0927
vn -0.3726 -0.9276 0.0286
vn -0.0745 -0.9964 -0.0406
vn 0.2313 -0.9672 -0.1049
vn 0.5151 -0.8429 -0.1555
vn 0.7486 -0.6361 -0.1867
vn 0.9091 -0.3675 -0.1963
vn 0.9807 -0.0637 -0.1846
vn 0.9570 0.2458 -0.1541
vn 0.8403 0.5311 -0.1087
vn 0.6421 0.7648 -0.0534
vn 0.3815 0.9243 0.0062
vn 0.0837 0.9944 0.0646
vn -0.2225 0.9679 0.1166
vn -0.5074 0.8470 0.1583
vn -0.7428 0.6429 0.1866
vn -0.9052 0.3750 0.2000
vn -0.9778 0.0695 0.1976
vn -0.9533 -0.2433 0.1791
vn -0.8403 -0.5392 0.0557
vn -0.6368 -0.7710 -0.0003
vn -0.3715 -0.9265 -0.0604
vn -0.0697 -0.9907 -0.1168
vn 0.2394 -0.9576 -0.1604
vn 0.5254 -0.8306 -0.1845
vn 0.7600 -0.6227 -0.1861
vn 0.9202 -0.3545 -0.1662
vn 0.9904 -0.0526 -0.1279
vn 0.9642 0.2539 -0.0764
vn 0.8444 0.5354 -0.0177
vn 0.6428 0.7649 0.0421
vn 0.3788 0.9204 0.0969
vn 0.0778 0.9869 0.1417
vn -0.2310 0.9575 0.1727
vn -0.5177 0.8347 0.1879
vn -0.7541 0.6296 0.1869
vn -0.9164 0.3618 0.1711
vn -0.9881 0.0572 0.1427
vn -0.9617 -0.2536 0.1038
vn -0.8425 -0.5376 -0.0354
vn -0.6360 -0.7658 -0.0955
vn -0.3675 -0.9178 -0.1503
vn -0.0629 -0.9793 -0.1925
vn 0.2484 -0.9447 -0.2143
vn 0.5354 -0.8178 -0.2110
vn 0.7698 -0.6116 -0.1827
vn 0.9285 -0.3465 -0.1331
vn 0.9965 -0.0486 -0.0686
vn 0.9673 0.2535 0.0032
vn 0.8443 0.5306 0.0746
vn 0.6395 0.7563 0.1379
vn 0.3727 0.9089 0.1870
vn 0.0696 0.9736 0.2174
vn -0.2406 0.9438 0.2267
vn -0.5279 0.8217 0.2149
vn -0.7639 0.6185 0.1844
vn -0.9251 0.3533 0.1393
vn -0.9951 0.0519 0.0848
vn -0.9665 -0.2555 0.0254
vn -0.8403 -0.5270 -0.1273
vn -0.6312 -0.7518 -0.1907
vn -0.3602 -0.9016 -0.2394
vn -0.0537 -0.9623 -0.2666
vn 0.2584 -0.9287 -0.2658
vn 0.5451 -0.8048 -0.2349
vn 0.7778 -0.6031 -0.1769
vn 0.9340 -0.3436 -0.0983
vn 0.9986 -0.0516 -0.0084
vn 0.9660 0.2448 0.0829
vn 0.8397 0.5171 0.1659
vn 0.6321 0.7394 0.2321
vn 0.3632 0.8902 0.2749
vn 0.0589 0.9551 0.2905
vn -0.2525 0.9266 0.2788
vn -0.5378 0.8077 0.2416
vn -0.7721 0.6088 0.1821
vn -0.9303 0.3508 0.1077
vn -0.9982 0.0535 0.0252
vn -0.9670 -0.2491 -0.0541
vn -0.8335 -0.5078 -0.2179
vn -0.6220 -0.7297 -0.2840
vn -0.3493 -0.8784 -0.3260
vn -0.0420 -0.9403 -0.3376
vn 0.2696 -0.9103 -0.3143
vn 0.5543 -0.7919 -0.2563
vn 0.7840 -0.5973 -0.1693
vn 0.9363 -0.3456 -0.0629
vn 0.9968 -0.0613 0.0512
vn 0.9602 0.2283 0.1608
vn 0.8305 0.4955 0.2545
vn 0.6204 0.7148 0.3227
vn 0.3502 0.8652 0.3589
vn 0.0451 0.9317 0.3604
vn -0.2643 0.9076 0.3261
vn -0.5472 0.7954 0.2604
vn -0.7784 0.6037 0.1721
vn -0.9332 0.3521 0.0724
vn -0.9975 0.0629 -0.0321
vn -0.9630 -0.2345 -0.1329
vn -0.8220 -0.4809 -0.3051
vn -0.6085 -0.7002 -0.3735
vn -0.3348 -0.8492 -0.4084
vn -0.0279 -0.9141 -0.4045
vn 0.2817 -0.8898 -0.3591
vn 0.5630 -0.7793 -0.2751
vn 0.7882 -0.5941 -0.1606
vn 0.9355 -0.3521 -0.0280
vn 0.9911 -0.0770 0.1088
vn 0.9500 0.2051 0.2353
vn 0.8168 0.4670 0.3386
vn 0.6046 0.6838 0.4084
vn 0.3339 0.8347 0.4379
vn 0.0293 0.9052 0.4240
vn -0.2759 0.8874 0.3693
vn -0.5563 0.7826 0.2795
vn -0.7829 0.6000 0.1642
vn -0.9335 0.3568 0.0357
vn -0.9928 0.0776 -0.0908
vn -0.9550 -0.2120 -0.2073
vn -0.8060 -0.4475 -0.3874
vn -0.5908 -0.6647 -0.4574
vn -0.3169 -0.8149 -0.4852
vn -0.0116 -0.8846 -0.4663
vn 0.2947 -0.8679 -0.4000
vn 0.5712 -0.7674 -0.2914
vn 0.7907 -0.5933 -0.1513
vn 0.9319 -0.3626 0.0058
vn 0.9817 -0.0977 0.1634
vn 0.9358 0.1761 0.3053
vn 0.7991 0.4328 0.4172
vn 0.5852 0.6476 0.4880
vn 0.3141 0.8000 0.5112
vn 0.0128 0.8751 0.4838
vn -0.2894 0.8653 0.4093
vn -0.5648 0.7703 0.2960
vn -0.7857 0.5987 0.1555
vn -0.9304 0.3665 0.0023
vn -0.9842 0.0965 -0.1482
vn -0.9424 -0.1823 -0.2806
vn -0.7866 -0.4088 -0.4627
vn -0.5693 -0.6245 -0.5348
vn -0.2960 -0.7770 -0.5555
vn 0.0067 -0.8527 -0.5224
vn 0.3083 -0.8452 -0.4366
vn 0.5788 -0.7561 -0.3053
vn 0.7914 -0.5946 -0.1416
vn 0.9257 -0.3764 0.0377
vn 0.9691 -0.1225 0.2143
vn 0.9180 0.1427 0.3701
vn 0.7779 0.3940 0.4896
vn 0.5625 0.6074 0.5610
vn 0.2921 0.7625 0.5772
vn -0.0054 0.8435 0.5372
vn -0.3036 0.8425 0.4450
vn -0.5728 0.7588 0.3101
vn -0.7869 0.5995 0.1463
vn -0.9247 0.3796 -0.0296
vn -0.9723 0.1205 -0.2000
vn -0.9253 -0.1511 -0.3478
vn -0.7632 -0.3657 -0.5328
vn -0.5446 -0.5810 -0.6049
vn -0.2726 -0.7366 -0.6190
vn 0.0265 -0.8193 -0.5727
vn 0.3225 -0.8223 -0.4689
vn 0.5859 -0.7459 -0.3169
vn 0.7906 -0.5979 -0.1318
vn 0.9171 -0.3930 0.0676
vn 0.9535 -0.1506 0.2611
vn 0.8970 0.1059 0.4292
vn 0.7535 0.3521 0.5553
vn 0.5368 0.5643 0.6272
vn 0.2685 0.7223 0.6374
vn -0.0256 0.8105 0.5852
vn -0.3181 0.8196 0.4765
vn -0.5802 0.7482 0.3218
vn -0.7865 0.6022 0.1370
vn -0.9166 0.3954 -0.0594
vn -0.9574 0.1480 -0.2479
vn -0.9045 -0.1150 -0.4107
vn -0.7364 -0.3214 -0.5954
vn -0.5172 -0.5355 -0.6677
vn -0.2471 -0.6948 -0.6755
vn 0.0475 -0.7854 -0.6172
vn 0.3370 -0.7996 -0.4971
vn 0.5923 -0.7366 -0.3265
vn 0.7883 -0.6030 -0.1222
vn 0.9063 -0.4117 0.0951
vn 0.9354 -0.1812 0.3037
vn 0.8732 0.0665 0.4827
vn 0.7264 0.3078 0.6145
vn 0.5091 0.5197 0.6861
vn 0.2432 0.6812 0.6906
vn -0.0469 0.7770 0.6278
vn -0.3328 0.7970 0.5040
vn -0.5870 0.7386 0.3315
vn -0.7846 0.6067 0.1277
vn -0.9063 0.4135 -0.0871
vn -0.9398 0.1781 -0.2916
vn -0.8813 -0.0757 -0.4665
vn -0.7071 -0.2754 -0.6512
vn -0.4877 -0.4888 -0.7234
vn -0.2200 -0.6523 -0.7253
vn 0.0694 -0.7515 -0.6561
vn 0.3515 -0.7775 -0.5215
vn 0.5980 -0.7285 -0.3342
vn 0.7846 -0.6096 -0.1128
vn 0.8937 -0.4323 0.1204
vn 0.9150 -0.2136 0.3423
vn 0.8471 0.0255 0.5308
vn 0.6971 0.2621 0.6673
vn 0.4796 0.4737 0.7386
vn 0.2160 0.6395 0.7378
vn -0.0690 0.7435 0.6651
vn -0.3476 0.7750 0.5277
vn -0.5930 0.7302 0.3393
vn -0.7814 0.6127 0.1185
vn -0.8941 0.4334 -0.1125
vn -0.9199 0.2101 -0.3312
vn -0.8555 -0.0347 -0.5166
vn -0.6759 -0.2285 -0.7007
vn -0.4564 -0.4417 -0.7724
vn -0.1917 -0.6099 -0.7689
vn 0.0919 -0.7181 -0.6899
vn 0.3659 -0.7564 -0.5422
vn 0.6029 -0.7217 -0.3402
vn 0.7796 -0.6176 -0.1037
vn 0.8792 -0.4543 0.1436
vn 0.8925 -0.2475 0.3771
vn 0.8189 -0.0168 0.5737
vn 0.6658 0.2155 0.7143
vn 0.4484 0.4273 0.7851
vn 0.1877 0.5979 0.7793
vn -0.0915 0.7106 0.6976
vn -0.3622 0.7540 0.5480
vn -0.5983 0.7231 0.3453
vn -0.7768 0.6201 0.1095
vn -0.8801 0.4549 -0.1359
vn -0.8978 0.2435 -0.3669
vn -0.8276 0.0076 -0.5613
vn -0.6428 -0.1812 -0.7443
vn -0.4236 -0.3946 -0.8154
vn -0.1624 -0.5680 -0.8068
vn 0.1148 -0.6855 -0.7190
vn 0.3801 -0.7363 -0.5598
vn 0.6070 -0.7161 -0.3446
vn 0.7732 -0.6270 -0.0949
vn 0.8630 -0.4777 0.1647
vn 0.8681 -0.2824 0.4083
vn 0.7886 -0.0599 0.6119
vn 0.6327 0.1685 0.7558
vn 0.4157 0.3808 0.8259
vn 0.1584 0.5566 0.8155
vn -0.1144 0.6785 0.7257
vn -0.3766 0.7340 0.5652
vn -0.6027 0.7172 0.3498
vn -0.7708 0.6290 0.1008
vn -0.8644 0.4776 -0.1572
vn -0.8738 0.2781 -0.3989
vn -0.7976 0.0507 -0.6010
vn -0.6080 -0.1338 -0.7826
vn -0.3895 -0.3479 -0.8528
vn -0.1322 -0.5268 -0.8396
vn 0.1380 -0.6539 -0.7439
vn 0.3940 -0.7175 -0.5744
vn 0.6102 -0.7119 -0.3477
vn 0.7654 -0.6377 -0.0863
vn 0.8450 -0.5022 0.1839
vn 0.8417 -0.3183 0.4362
vn 0.7565 -0.1036 0.6458
vn 0.5979 0.1213 0.7923
vn 0.3816 0.3347 0.8616
vn 0.1283 0.5160 0.8469
vn -0.1376 0.6473 0.7497
vn -0.3906 0.7153 0.5795
vn -0.6062 0.7127 0.3530
vn -0.7635 0.6392 0.0924
vn -0.8469 0.5016 -0.1766
vn -0.8479 0.3135 -0.4275
vn -0.7658 0.0943 -0.6361
vn -0.5716 -0.0865 -0.8160
vn -0.3540 -0.3018 -0.8852
vn -0.1012 -0.4865 -0.8678
vn 0.1615 -0.6235 -0.7650
vn 0.4075 -0.7000 -0.5864
vn 0.6124 -0.7090 -0.3496
vn 0.7562 -0.6497 -0.0781
vn 0.8252 -0.5278 0.2013
vn 0.8133 -0.3549 0.4610
vn 0.7223 -0.1477 0.6757
vn 0.5613 0.0740 0.8243
vn 0.3461 0.2889 0.8926
vn 0.0974 0.4761 0.8740
vn -0.1610 0.6171 0.7702
vn -0.4042 0.6978 0.5914
vn -0.6087 0.7095 0.3550
vn -0.7547 0.6507 0.0842
vn -0.8276 0.5266 -0.1942
vn -0.8201 0.3497 -0.4530
vn -0.7320 0.1382 -0.6671
vn -0.5334 -0.0393 -0.8450
vn -0.3172 -0.2562 -0.9131
vn -0.0693 -0.4471 -0.8918
vn 0.1852 -0.5943 -0.7826
vn 0.4207 -0.6839 -0.5961
vn 0.6136 -0.7075 -0.3505
vn 0.7453 -0.6630 -0.0702
vn 0.8034 -0.5545 0.2170
vn 0.7827 -0.3924 0.4830
vn 0.6859 -0.1922 0.7018
vn 0.5228 0.0268 0.8521
vn 0.3091 0.2435 0.9193
vn 0.0655 0.4370 0.8971
vn -0.1847 0.5881 0.7874
vn -0.4174 0.6816 0.6010
vn -0.6102 0.7078 0.3560
vn -0.7443 0.6634 0.0765
vn -0.8065 0.5527 -0.2101
vn -0.7901 0.3867 -0.4756
vn -0.6963 0.1824 -0.6942
vn -0.4932 0.0078 -0.8699
vn -0.2788 -0.2112 -0.9369
vn -0.0365 -0.4087 -0.9119
vn 0.2092 -0.5663 -0.7972
vn 0.4333 -0.6691 -0.6037
vn 0.6137 -0.7074 -0.3506
vn 0.7328 -0.6776 -0.0628
vn 0.7794 -0.5823 0.2311
vn 0.7498 -0.4307 0.5024
vn 0.6472 -0.2372 0.7245
vn 0.4821 -0.0205 0.8759
vn 0.2704 0.1985 0.9421
vn 0.0325 0.3987 0.9165
vn -0.2087 0.5602 0.8017
vn -0.4302 0.6667 0.6086
vn -0.6106 0.7074 0.3562
vn -0.7323 0.6775 0.0691
vn -0.7832 0.5799 -0.2243
vn -0.7580 0.4243 -0.4954
vn -0.6583 0.2269 -0.7177
vn -0.4509 0.0547 -0.8909
vn -0.2386 -0.1668 -0.9567
vn -0.0025 -0.3712 -0.9285
vn 0.2336 -0.5395 -0.8090
vn 0.4456 -0.6557 -0.6095
vn 0.6125 -0.7088 -0.3499
vn 0.7183 -0.6935 -0.0559
vn 0.7531 -0.6112 0.2435
vn 0.7141 -0.4698 0.5190
vn 0.6058 -0.2826 0.7437
vn 0.4389 -0.0678 0.8960
vn 0.2298 0.1540 0.9610
vn -0.0016 0.3612 0.9325
vn -0.2331 0.5333 0.8131
vn -0.4425 0.6532 0.6144
vn -0.6097 0.7083 0.3557
vn -0.7183 0.6929 0.0623
vn -0.7577 0.6081 -0.2369
vn -0.7233 0.4627 -0.5126
vn -0.6179 0.2717 -0.7378
vn -0.4061 0.1015 -0.9082
vn -0.1965 -0.1229 -0.9728
vn 0.0328 -0.3346 -0.9418
vn 0.2584 -0.5139 -0.8180
vn 0.4574 -0.6437 -0.6136
vn 0.6101 -0.7115 -0.3487
vn 0.7017 -0.7108 -0.0496
vn 0.7240 -0.6413 0.2542
vn 0.6754 -0.5097 0.5329
vn 0.5613 -0.3285 0.7596
vn 0.3930 -0.1151 0.9123
vn 0.1870 0.1098 0.9762
vn -0.0372 0.3245 0.9452
vn -0.2581 0.5076 0.8220
vn -0.4544 0.6409 0.6186
vn -0.6075 0.7107 0.3547
vn -0.7024 0.7096 0.0561
vn -0.7296 0.6374 -0.2478
vn -0.6859 0.5018 -0.5271
vn -0.5747 0.3168 -0.7546
vn -0.3582 0.1481 -0.9218
vn -0.1520 -0.0796 -0.9852
vn 0.0697 -0.2990 -0.9517
vn 0.2839 -0.4895 -0.8245
vn 0.4688 -0.6330 -0.6161
vn 0.6061 -0.7157 -0.3470
vn 0.6827 -0.7293 -0.0441
vn 0.6919 -0.6725 0.2629
vn 0.6333 -0.5504 0.5440
vn 0.5134 -0.3747 0.7720
vn 0.3440 -0.1623 0.9248
vn 0.1416 0.0661 0.9877
vn -0.0745 0.2886 0.9546
vn -0.2837 0.4830 0.8284
vn -0.4660 0.6300 0.6213
vn -0.6039 0.7145 0.3533
vn -0.6842 0.7276 0.0507
vn -0.6986 0.6678 -0.2568
vn -0.6453 0.5416 -0.5388
vn -0.5283 0.3624 -0.7678
vn -0.3073 0.1943 -0.9316
vn -0.1049 -0.0370 -0.9938
vn 0.1083 -0.2643 -0.9583
vn 0.3101 -0.4663 -0.8285
vn 0.4798 -0.6237 -0.6171
vn 0.6006 -0.7212 -0.3451
vn 0.6612 -0.7492 -0.0396
vn 0.6564 -0.7047 0.2695
vn 0.5874 -0.5918 0.5521
vn 0.4616 -0.4212 0.7807
vn 0.2913 -0.2094 0.9334
vn 0.0934 0.0229 0.9954
vn -0.1137 0.2536 0.9606
vn -0.3101 0.4597 0.8322
vn -0.4771 0.6205 0.6224
vn -0.5988 0.7196 0.3516
vn -0.6635 0.7468 0.0462
vn -0.6646 0.6991 -0.2638
vn -0.6012 0.5819 -0.5477
vn -0.4787 0.4080 -0.7774
vn -0.2527 0.2400 -0.9373
vn -0.0548 0.0047 -0.9985
vn 0.1490 -0.2309 -0.9615
vn 0.3372 -0.4446 -0.8298
vn 0.4903 -0.6160 -0.6166
vn 0.5933 -0.7282 -0.3430
vn 0.6367 -0.7703 -0.0362
vn 0.6171 -0.7377 0.2737
vn 0.5373 -0.6336 0.5567
vn 0.4055 -0.4677 0.7854
vn 0.2347 -0.2560 0.9378
vn 0.0419 -0.0194 0.9989
vn -0.1551 0.2198 0.9631
vn -0.3374 0.4376 0.8334
vn -0.4878 0.6123 0.6222
vn -0.5920 0.7261 0.3497
vn -0.6401 0.7671 0.0427
vn -0.6270 0.7313 -0.2686
vn -0.5533 0.6226 -0.5534
vn -0.4250 0.4535 -0.7834
vn -0.1943 0.2849 -0.9387
vn -0.0014 0.0451 -0.9990
vn 0.1919 -0.1990 -0.9610
vn 0.3652 -0.4245 -0.8285
vn 0.5003 -0.6098 -0.6147
vn 0.5841 -0.7366 -0.3410
vn 0.6091 -0.7923 -0.0343
vn 0.5738 -0.7713 0.2752
vn 0.4826 -0.6754 0.5576
vn 0.3448 -0.5138 0.7856
vn 0.1738 -0.3016 0.9375
vn -0.0131 -0.0605 0.9981
vn -0.1989 0.1875 0.9619
vn -0.3657 0.4172 0.8320
vn -0.4981 0.6057 0.6205
vn -0.5834 0.7339 0.3478
vn -0.6137 0.7885 0.0406
vn -0.5857 0.7640 -0.2708
vn -0.5009 0.6641 -0.5550
vn -0.3662 0.4987 -0.7856
vn -0.1316 0.3285 -0.9353
vn 0.0554 0.0839 -0.9949
vn 0.2372 -0.1690 -0.9567
vn 0.3941 -0.4063 -0.8244
vn 0.5098 -0.6053 -0.6114
vn 0.5729 -0.7462 -0.3390
vn 0.5782 -0.8152 -0.0341
vn 0.5262 -0.8051 0.2736
vn 0.4230 -0.7169 0.5542
vn 0.2791 -0.5588 0.7809
vn 0.1089 -0.3458 0.9320
vn -0.0716 -0.0991 0.9925
vn -0.2451 0.1571 0.9567
vn -0.3951 0.3986 0.8276
vn -0.5078 0.6008 0.6174
vn -0.5729 0.7430 0.3460
vn -0.5841 0.8107 0.0401
vn -0.5403 0.7969 -0.2703
vn -0.4450 0.7046 -0.5527
vn -0.3037 0.5421 -0.7835
vn -0.0645 0.3699 -0.9268
vn 0.1158 0.1202 -0.9860
vn 0.2848 -0.1414 -0.9481
vn 0.4239 -0.3904 -0.8172
vn 0.5185 -0.6027 -0.6066
vn 0.5594 -0.7572 -0.3373
vn 0.5437 -0.8385 -0.0359
vn 0.4742 -0.8385 0.2684
vn 0.3585 -0.7571 0.5462
vn 0.2085 -0.6019 0.7708
vn 0.0390 -0.3880 0.9208
vn -0.1343 -0.1354 0.9816
vn -0.2936 0.1293 0.9471
vn -0.4253 0.3824 0.8203
vn -0.5169 0.5977 0.6128
vn -0.5601 0.7534 0.3444
vn -0.5512 0.8334 0.0413
vn -0.4906 0.8296 -0.2666
vn -0.3838 0.7443 -0.5465
vn -0.2363 0.5846 -0.7762
vn 0.0069 0.4085 -0.9128
vn 0.1796 0.1534 -0.9717
vn 0.3346 -0.1171 -0.9351
vn 0.4544 -0.3774 -0.8069
vn 0.5262 -0.6023 -0.6004
vn 0.5434 -0.7693 -0.3361
vn 0.5056 -0.8619 -0.0399
vn 0.4176 -0.8708 0.2594
vn 0.2891 -0.7952 0.5330
vn 0.1331 -0.6422 0.7549
vn -0.0351 -0.4265 0.9038
vn -0.2000 -0.1681 0.9653
vn -0.3443 0.1049 0.9330
vn -0.4562 0.3691 0.8097
vn -0.5251 0.5968 0.6067
vn -0.5451 0.7650 0.3431
vn -0.5146 0.8563 0.0445
vn -0.4359 0.8624 -0.2574
vn -0.3156 0.7825 -0.5367
vn -0.1640 0.6247 -0.7635
vn 0.0825 0.4430 -0.8927
vn 0.2465 0.1822 -0.9519
vn 0.3861 -0.0969 -0.9174
vn 0.4849 -0.3678 -0.7934
vn 0.5325 -0.6042 -0.5928
vn 0.5248 -0.7824 -0.3354
vn 0.4638 -0.8847 -0.0465
vn 0.3568 -0.9012 0.2461
vn 0.2152 -0.8301 0.5145
vn 0.0534 -0.6782 0.7329
vn -0.1128 -0.4603 0.8806
vn -0.2672 -0.1965 0.9434
vn -0.3959 0.0862 0.9142
vn -0.4873 0.3593 0.7959
vn -0.5321 0.5982 0.5991
vn -0.5275 0.7776 0.3422
vn -0.4737 0.8791 0.0524
vn -0.3766 0.8931 -0.2461
vn -0.2448 0.8165 -0.5228
vn -0.0870 0.6613 -0.7451
vn 0.1617 0.4723 -0.8665
vn 0.3159 0.2057 -0.9262
vn 0.4386 -0.0816 -0.8950
vn 0.5151 -0.3623 -0.7768
vn 0.5372 -0.6086 -0.5840
vn 0.5034 -0.7962 -0.3356
vn 0.4185 -0.9065 -0.0558
vn 0.2921 -0.9287 0.2286
vn 0.1375 -0.8606 0.4904
vn -0.0298 -0.7089 0.7047
vn -0.1933 -0.4882 0.8511
vn -0.3376 -0.2198 0.9153
vn -0.4484 0.0715 0.8910
vn -0.5155 0.3545 0.7801
vn -0.5360 0.6040 0.5898
vn -0.5062 0.7907 0.3444
vn -0.4293 0.9011 0.0609
vn -0.3143 0.9202 -0.2331
vn -0.1690 0.8481 -0.5021
vn -0.0057 0.6934 -0.7206
vn 0.2436 0.4951 -0.8340
vn 0.3866 0.2226 -0.8949
vn 0.4911 -0.0723 -0.8681
vn 0.5440 -0.3613 -0.7574
vn 0.5396 -0.6158 -0.5742
vn 0.4791 -0.8106 -0.3367
vn 0.3701 -0.9265 -0.0678
vn 0.2243 -0.9523 0.2068
vn 0.0570 -0.8856 0.4610
vn -0.1152 -0.7328 0.6706
vn -0.2753 -0.5088 0.8157
vn -0.4082 -0.2352 0.8821
vn -0.5014 0.0617 0.8630
vn -0.5466 0.3527 0.7595
vn -0.5386 0.6108 0.5803
vn -0.4825 0.8049 0.3455
vn -0.3828 0.9213 0.0690
vn -0.2476 0.9450 -0.2138
vn -0.0894 0.8749 -0.4759
vn 0.0792 0.7196 -0.6899
vn 0.3268 0.5102 -0.7956
vn 0.4574 0.2320 -0.8585
vn 0.5423 -0.0695 -0.8373
vn 0.5707 -0.3652 -0.7355
vn 0.5392 -0.6257 -0.5638
vn 0.4520 -0.8252 -0.3389
vn 0.3189 -0.9442 -0.0825
vn 0.1542 -0.9713 0.1810
vn -0.0252 -0.9040 0.4267
vn -0.2014 -0.7490 0.6312
vn -0.3573 -0.5213 0.7750
vn -0.4780 -0.2427 0.8442
vn -0.5523 0.0598 0.8315
vn -0.5736 0.3567 0.7374
vn -0.5405 0.6188 0.5700
vn -0.4572 0.8199 0.3445
vn -0.3324 0.9396 0.0823
vn -0.1778 0.9655 -0.1901
vn -0.0069 0.8958 -0.4443
vn 0.1663 0.7387 -0.6532
vn 0.4094 0.5166 -0.7520
vn 0.5265 0.2331 -0.8176
vn 0.5909 -0.0739 -0.8033
vn 0.5942 -0.3741 -0.7120
vn 0.5357 -0.6380 -0.5531
vn 0.4220 -0.8395 -0.3423
vn 0.2656 -0.9589 -0.0997
vn 0.0829 -0.9849 0.1518
vn -0.1075 -0.9153 0.3883
vn -0.2868 -0.7568 0.5874
vn -0.4375 -0.5248 0.7302
vn -0.5453 -0.2418 0.8026
vn -0.6002 0.0650 0.7972
vn -0.5974 0.3658 0.7137
vn -0.5378 0.6311 0.5590
vn -0.4281 0.8344 0.3471
vn -0.2794 0.9552 0.0982
vn -0.1059 0.9810 -0.1626
vn 0.0771 0.9098 -0.4078
vn 0.2541 0.7496 -0.6111
vn 0.4897 0.5139 -0.7044
vn 0.5922 0.2256 -0.7736
vn 0.6356 -0.0852 -0.7673
vn 0.6137 -0.3879 -0.6876
vn 0.5286 -0.6526 -0.5429
vn 0.3894 -0.8531 -0.3471
vn 0.2109 -0.9702 -0.1191
vn 0.0116 -0.9927 0.1197
vn -0.1885 -0.9188 0.3468
vn -0.3697 -0.7558 0.5405
vn -0.5144 -0.5194 0.6824
vn -0.6087 -0.2325 0.7586
vn -0.6439 0.0772 0.7612
vn -0.6171 0.3799 0.6891
vn -0.5315 0.6458 0.5481
vn -0.3961 0.8485 0.3510
vn -0.2244 0.9675 0.1165
vn -0.0330 0.9908 -0.1316
vn 0.1609 0.9162 -0.3671
vn 0.3407 0.7517 -0.5647
vn 0.5655 0.5021 -0.6542
vn 0.6528 0.2100 -0.7278
vn 0.6751 -0.1031 -0.7305
vn 0.6286 -0.4059 -0.6634
vn 0.5179 -0.6687 -0.5334
vn 0.3546 -0.8657 -0.3534
vn 0.1556 -0.9778 -0.1403
vn -0.0587 -0.9946 0.0857
vn -0.2670 -0.9148 0.3032
vn -0.4488 -0.7462 0.4917
vn -0.5864 -0.5054 0.6330
vn -0.6668 -0.2153 0.7135
vn -0.6824 0.0959 0.7246
vn -0.6322 0.3983 0.6646
vn -0.5215 0.6622 0.5381
vn -0.3617 0.8615 0.3564
vn -0.1685 0.9761 0.1370
vn 0.0394 0.9944 -0.0979
vn 0.2429 0.9146 -0.3233
vn 0.4239 0.7449 -0.5152
vn 0.6355 0.4820 -0.6032
vn 0.7072 0.1869 -0.6819
vn 0.7086 -0.1265 -0.6941
vn 0.6385 -0.4274 -0.6400
vn 0.5037 -0.6859 -0.5253
vn 0.3180 -0.8767 -0.3610
vn 0.1005 -0.9815 -0.1629
vn -0.1269 -0.9906 0.0504
vn -0.3416 -0.9035 0.2587
vn -0.5227 -0.7288 0.4423
vn -0.6525 -0.4835 0.5835
vn -0.7187 -0.1911 0.6686
vn -0.7151 0.1202 0.6887
vn -0.6423 0.4202 0.6410
vn -0.5079 0.6797 0.5292
vn -0.3253 0.8731 0.3633
vn -0.1125 0.9808 0.1592
vn 0.1100 0.9920 -0.0623
vn 0.3213 0.9053 -0.2778
vn 0.5022 0.7295 -0.4643
vn 0.6984 0.4547 -0.5527
vn 0.7546 0.1579 -0.6370
vn 0.7359 -0.1544 -0.6592
vn 0.6435 -0.4512 -0.6183
vn 0.4864 -0.7032 -0.5187
vn 0.2804 -0.8857 -0.3700
vn 0.0465 -0.9814 -0.1865
vn -0.1920 -0.9813 0.0146
vn -0.4115 -0.8859 0.2142
vn -0.5906 -0.7046 0.3934
vn -0.7119 -0.4550 0.5350
vn -0.7638 -0.1612 0.6250
vn -0.7416 0.1487 0.6542
vn -0.6475 0.4445 0.6190
vn -0.4910 0.6975 0.5219
vn -0.2876 0.8827 0.3716
vn -0.0573 0.9815 0.1826
vn 0.1776 0.9838 -0.0258
vn 0.3948 0.8891 -0.2317
vn 0.5742 0.7067 -0.4134
vn 0.7537 0.4219 -0.5039
vn 0.7947 0.1244 -0.5941
vn 0.7571 -0.1853 -0.6264
vn 0.6440 -0.4763 -0.5986
vn 0.4665 -0.7200 -0.5138
vn 0.2425 -0.8925 -0.3803
vn -0.0056 -0.9775 -0.2107
vn -0.2532 -0.9672 -0.0211
vn -0.4758 -0.8629 0.1705
vn -0.6518 -0.6749 0.3459
vn -0.7642 -0.4214 0.4882
vn -0.8022 -0.1270 0.5834
vn -0.7621 0.1801 0.6219
vn -0.6481 0.4702 0.5991
vn -0.4714 0.7149 0.5164
vn -0.2495 0.8902 0.3813
vn -0.0040 0.9784 0.2068
vn 0.2411 0.9704 0.0109
vn 0.4624 0.8669 -0.1861
vn 0.6390 0.6779 -0.3636
vn 0.8014 0.3852 -0.4576
vn 0.8279 0.0880 -0.5539
vn 0.7727 -0.2177 -0.5963
vn 0.6407 -0.5016 -0.5813
vn 0.4450 -0.7356 -0.5108
vn 0.2052 -0.8970 -0.3916
vn -0.0550 -0.9704 -0.2351
vn -0.3098 -0.9491 -0.0562
vn -0.5341 -0.8356 0.1281
vn -0.7063 -0.6411 0.3004
vn -0.8095 -0.3843 0.4438
vn -0.8339 -0.0902 0.5445
vn -0.7772 0.2130 0.5921
vn -0.6449 0.4960 0.5814
vn -0.4501 0.7311 0.5127
vn -0.2119 0.8952 0.3922
vn 0.0465 0.9717 0.2315
vn 0.2998 0.9528 0.0472
vn 0.5236 0.8401 -0.1418
vn 0.6964 0.6445 -0.3158
vn 0.8418 0.3464 -0.4140
vn 0.8547 0.0504 -0.5166
vn 0.7834 -0.2504 -0.5688
vn 0.6346 -0.5261 -0.5662
vn 0.4228 -0.7495 -0.5093
vn 0.1693 -0.8991 -0.4037
vn -0.1009 -0.9604 -0.2596
vn -0.3613 -0.9281 -0.0905
vn -0.5862 -0.8055 0.0873
vn -0.7538 -0.6047 0.2570
vn -0.8480 -0.3453 0.4020
vn -0.8596 -0.0522 0.5082
vn -0.7876 0.2462 0.5649
vn -0.6388 0.5211 0.5660
vn -0.4280 0.7457 0.5107
vn -0.1756 0.8977 0.4040
vn 0.0935 0.9621 0.2563
vn 0.3530 0.9319 0.0826
vn 0.5779 0.8101 -0.0991
vn 0.7463 0.6083 -0.2703
vn 0.8755 0.3069 -0.3731
vn 0.8761 0.0129 -0.4820
vn 0.7903 -0.2822 -0.5439
vn 0.6265 -0.5491 -0.5531
vn 0.4009 -0.7616 -0.5092
vn 0.1357 -0.8989 -0.4165
vn -0.1428 -0.9482 -0.2838
vn -0.4072 -0.9049 -0.1238
vn -0.6319 -0.7736 0.0482
vn -0.7948 -0.5672 0.2158
vn -0.8803 -0.3057 0.3627
vn -0.8801 -0.0145 0.4746
vn -0.7941 0.2785 0.5402
vn -0.6308 0.5447 0.5526
vn -0.4060 0.7582 0.5102
vn -0.1417 0.8980 0.4165
vn 0.1362 0.9500 0.2809
vn 0.4005 0.9088 0.1171
vn 0.6254 0.7781 -0.0583
vn 0.7891 0.5707 -0.2273
vn 0.9034 0.2681 -0.3348
vn 0.8928 -0.0234 -0.4499
vn 0.7944 -0.3123 -0.5210
vn 0.6177 -0.5701 -0.5417
vn 0.3801 -0.7715 -0.5102
vn 0.1052 -0.8969 -0.4296
vn -0.1800 -0.9343 -0.3076
vn -0.4475 -0.8805 -0.1560
vn -0.6713 -0.7411 0.0107
vn -0.8296 -0.5297 0.1767
vn -0.9071 -0.2668 0.3257
vn -0.8962 0.0221 0.4432
vn -0.7979 0.3091 0.5175
vn -0.6219 0.5663 0.5409
vn -0.3851 0.7687 0.5107
vn -0.1108 0.8963 0.4295
vn 0.1742 0.9362 0.3052
vn 0.4420 0.8844 0.1503
vn 0.6663 0.7455 -0.0193
vn 0.8253 0.5331 -0.1865
vn 0.9261 0.2308 -0.2985
vn 0.9058 -0.0576 -0.4197
vn 0.7965 -0.3402 -0.4998
vn 0.6089 -0.5889 -0.5314
vn 0.3613 -0.7795 -0.5117
vn 0.0783 -0.8933 -0.4427
vn -0.2123 -0.9195 -0.3309
vn -0.4821 -0.8559 -0.1872
vn -0.7048 -0.7090 -0.0253
vn -0.8587 -0.4932 0.1393
vn -0.9290 -0.2295 0.2905
vn -0.9087 0.0566 0.4136
vn -0.7999 0.3374 0.4964
vn -0.6130 0.5856 0.5304
vn -0.3662 0.7771 0.5119
vn -0.0836 0.8929 0.4425
vn 0.2072 0.9214 0.3288
vn 0.4774 0.8595 0.1824
vn 0.7008 0.7131 0.0180
vn 0.8554 0.4965 -0.1478
vn 0.9445 0.1958 -0.2639
vn 0.9161 -0.0893 -0.3909
vn 0.7977 -0.3655 -0.4797
vn 0.6009 -0.6055 -0.5218
vn 0.3451 -0.7857 -0.5134
vn 0.0555 -0.8885 -0.4555
vn -0.2395 -0.9043 -0.3535
vn -0.5110 -0.8317 -0.2173
vn -0.7326 -0.6781 -0.0600
vn -0.8826 -0.4586 0.1033
vn -0.9467 -0.1945 0.2567
vn -0.9185 0.0885 0.3853
vn -0.8008 0.3632 0.4763
vn -0.6048 0.6027 0.5206
vn -0.3497 0.7837 0.5134
vn -0.0604 0.8883 0.4552
vn 0.2349 0.9061 0.3517
vn 0.5070 0.8351 0.2133
vn 0.7294 0.6820 0.0538
vn 0.8801 0.4617 -0.1107
vn 0.9593 0.1635 -0.2303
vn 0.9243 -0.1183 -0.3629
vn 0.7985 -0.3883 -0.4600
vn 0.5943 -0.6200 -0.5123
vn 0.3318 -0.7904 -0.5149
vn 0.0368 -0.8831 -0.4677
vn -0.2617 -0.8892 -0.3752
vn -0.5345 -0.8085 -0.2464
vn -0.7551 -0.6489 -0.0936
vn -0.9020 -0.4262 0.0683
vn -0.9610 -0.1622 0.2238
vn -0.9264 0.1178 0.3577
vn -0.8014 0.3863 0.4567
vn -0.5981 0.6175 0.5109
vn -0.3362 0.7887 0.5147
vn -0.0414 0.8830 0.4675
vn 0.2575 0.8911 0.3738
vn 0.5311 0.8117 0.2431
vn 0.7525 0.6526 0.0884
vn 0.9001 0.4292 -0.0748
vn 0.9711 0.1340 -0.1974
vn 0.9310 -0.1445 -0.3353
vn 0.7994 -0.4088 -0.4403
vn 0.5894 -0.6326 -0.5024
vn 0.3216 -0.7941 -0.5157
vn 0.0223 -0.8775 -0.4790
vn -0.2790 -0.8749 -0.3959
vn -0.5530 -0.7867 -0.2744
vn -0.7729 -0.6219 -0.1263
vn -0.9174 -0.3965 0.0342
vn -0.9725 -0.1326 0.1916
vn -0.9328 0.1442 0.3304
vn -0.8021 0.4071 0.4370
vn -0.5930 0.6305 0.5008
vn -0.3258 0.7927 0.5153
vn -0.0267 0.8775 0.4788
vn 0.2751 0.8766 0.3948
vn 0.5500 0.7898 0.2717
vn 0.7708 0.6253 0.1218
vn 0.9159 0.3994 -0.0399
vn 0.9805 0.1073 -0.1648
vn 0.9366 -0.1682 -0.3075
vn 0.8007 -0.4271 -0.4201
vn 0.5862 -0.6439 -0.4917
vn 0.3144 -0.7972 -0.5154
vn 0.0118 -0.8721 -0.4891
vn -0.2919 -0.8615 -0.4154
vn -0.5668 -0.7667 -0.3014
vn -0.7864 -0.5971 -0.1581
vn -0.9293 -0.3694 0.0007
vn -0.9815 -0.1058 0.1595
vn -0.9381 0.1681 0.3029
vn -0.8029 0.4264 0.4166
vn -0.5898 0.6427 0.4890
vn -0.3186 0.7965 0.5138
vn -0.0161 0.8728 0.4878
vn 0.2880 0.8638 0.4134
vn 0.5634 0.7702 0.2989
vn 0.7847 0.6004 0.1544
vn 0.9281 0.3722 -0.0056
vn 0.9877 0.0830 -0.1322
vn 0.9412 -0.1897 -0.2794
vn 0.8023 -0.4438 -0.3991
vn 0.5847 -0.6541 -0.4798
vn 0.3099 -0.8000 -0.5138
vn 0.0047 -0.8673 -0.4978
vn -0.3007 -0.8495 -0.4336
vn -0.5767 -0.7486 -0.3272
vn -0.7963 -0.5747 -0.1890
vn -0.9381 -0.3448 -0.0324
vn -0.9885 -0.0814 0.1275
vn -0.9424 0.1902 0.2750
vn -0.8042 0.4431 0.3960
vn -0.5878 0.6523 0.4785
vn -0.3136 0.7986 0.5137
vn -0.0086 0.8670 0.4982
vn 0.2974 0.8507 0.4335
vn 0.5736 0.7516 0.3257
vn 0.7944 0.5783 0.1857
vn 0.9372 0.3475 0.0281
vn 0.9932 0.0608 -0.0997
vn 0.9451 -0.2095 -0.2507
vn 0.8043 -0.4593 -0.3771
vn 0.5846 -0.6638 -0.4665
vn 0.3076 -0.8030 -0.5105
vn 0.0006 -0.8632 -0.5048
vn -0.3063 -0.8388 -0.4501
vn -0.5831 -0.7323 -0.3517
vn -0.8029 -0.5543 -0.2190
vn -0.9444 -0.3224 -0.0651
vn -0.9937 -0.0590 0.0953
vn -0.9460 0.2101 0.2468
vn -0.8062 0.4583 0.3743
vn -0.5875 0.6623 0.4650
vn -0.3113 0.8018 0.5102
vn -0.0044 0.8630 0.5051
vn 0.3030 0.8399 0.4502
vn 0.5808 0.7346 0.3509
vn 0.8013 0.5576 0.2168
vn 0.9436 0.3253 0.0613
vn 0.9969 0.0402 -0.0671
vn 0.9481 -0.2282 -0.2214
vn 0.8062 -0.4741 -0.3539
vn 0.5852 -0.6734 -0.4517
vn 0.3069 -0.8064 -0.5054
vn -0.0013 -0.8602 -0.5100
vn -0.3093 -0.8296 -0.4649
vn -0.5869 -0.7177 -0.3747
vn -0.8070 -0.5359 -0.2481
vn -0.9484 -0.3018 -0.0973
vn -0.9973 -0.0383 0.0633
vn -0.9489 0.2286 0.2177
vn -0.8079 0.4734 0.3509
vn -0.5880 0.6721 0.4500
vn -0.3105 0.8054 0.5049
vn -0.0024 0.8601 0.5102
vn 0.3060 0.8307 0.4651
vn 0.5845 0.7200 0.3742
vn 0.8057 0.5386 0.2463
vn 0.9478 0.3046 0.0942
vn 0.9992 0.0205 -0.0343
vn 0.9501 -0.2463 -0.1914
vn 0.8077 -0.4889 -0.3294
vn 0.5862 -0.6834 -0.4352
vn 0.3071 -0.8107 -0.4984
vn -0.0018 -0.8583 -0.5131
vn -0.3105 -0.8217 -0.4779
vn -0.5886 -0.7047 -0.3962
vn -0.8091 -0.5188 -0.2760
vn -0.9506 -0.2824 -0.1289
vn -0.9994 -0.0186 0.0308
vn -0.9507 0.2470 0.1877
vn -0.8092 0.4885 0.3264
vn -0.5887 0.6824 0.4332
vn -0.3106 0.8098 0.4977
vn -0.0019 0.8583 0.5132
vn 0.3072 0.8228 0.4781
vn 0.5862 0.7069 0.3959
vn 0.8078 0.5216 0.2745
vn 0.9502 0.2851 0.1262
s 1
usemtl matCorRubi
f 2//2 21//21 1//1
f 3//3 22//22 2//2
f 4//4 23//23 3//3
f 5//5 24//24 4//4
f 6//6 25//25 5//5
f 7//7 26//26 6//6
f 8//8 27//27 7//7
f 9//9 28//28 8//8
f 10//10 29//29 9//9
f 11//11 30//30 10//10
f 32//32 11//11 12//12
f 33//33 12//12 13//13
f 34//34 13//13 14//14
f 35//35 14//14 15//15
f 36//36 15//15 16//16
f 37//37 16//16 17//17
f 38//38 17//17 18//18
f 39//39 18//18 19//19
f 40//40 19//19 20//20
f 21//21 20//20 1//1
f 22//22 41//41 21//21
f 23//23 42//42 22//22
f 24//24 43//43 23//23
f 25//25 44//44 24//24
f 26//26 45//45 25//25
f 27//27 46//46 26//26
f 28//28 47//47 27//27
f 29//29 48//48 28//28
f 30//30 49//49 29//29
f 31//31 50//50 30//30
f 32//32 51//51 31//31
f 53//53 32//32 33//33
f 54//54 33//33 34//34
f 55//55 34//34 35//35
f 56//56 35//35 36//36
f 57//57 36//36 37//37
f 58//58 37//37 38//38
f 59//59 38//38 39//39
f 60//60 39//39 40//40
f 41//41 40//40 21//21
f 42//42 61//61 41//41
f 43//43 62//62 42//42
f 44//44 63//63 43//43
f 45//45 64//64 44//44
f 46//46 65//65 45//45
f 47//47 66//66 46//46
f 48//48 67//67 47//47
f 49//49 68//68 48//48
f 50//50 69//69 49//49
f 51//51 70//70 50//50
f 52//52 71//71 51//51
f 53//53 72//72 52//52
f 74//74 53//53 54//54
f 75//75 54//54 55//55
f 76//76 55//55 56//56
f 77//77 56//56 57//57
f 78//78 57//57 58//58
f 79//79 58//58 59//59
f 80//80 59//59 60//60
f 41//41 80//80 60//60
f 62//62 81//81 61//61
f 63//63 82//82 62//62
f 64//64 83//83 63//63
f 65//65 84//84 64//64
f 66//66 85//85 65//65
f 67//67 86//86 66//66
f 68//68 87//87 67//67
f 69//69 88//88 68//68
f 70//70 89//89 69//69
f 71//71 90//90 70//70
f 72//72 91//91 71//71
f 73//73 92//92 72//72
f 74//74 93//93 73//73
f 95//95 74//74 75//75
f 96//96 75//75 76//76
f 97//97 76//76 77//77
f 98//98 77//77 78//78
f 99//99 78//78 79//79
f 80//80 99//99 79//79
f 61//61 100//100 80//80
f 82//82 101//101 81//81
f 83//83 102//102 82//82
f 84//84 103//103 83//83
f 85//85 104//104 84//84
f 86//86 105//105 85//85
f 87//87 106//106 86//86
f 88//88 107//107 87//87
f 89//89 108//108 88//88
f 90//90 109//109 89//89
f 91//91 110//110 90//90
f 92//92 111//111 91//91
f 93//93 112//112 92//92
f 94//94 113//113 93//93
f 95//95 114//114 94//94
f 96//96 115//115 95//95
f 97//97 116//116 96//96
f 98//98 117//117 97//97
f 99//99 118//118 98//98
f 100//100 119//119 99//99
f 81//81 120//120 100//100
f 102//102 121//121 101//101
f 103//103 122//122 102//102
f 104//104 123//123 103//103
f 105//105 124//124 104//104
f 106//106 125//125 105//105
f 107//107 126//126 106//106
f 108//108 127//127 107//107
f 109//109 128//128 108//108
f 110//110 129//129 109//109
f 111//111 130//130 110//110
f 112//112 131//131 111//111
f 113//113 132//132 112//112
f 114//114 133//133 113//113
f 115//115 134//134 114//114
f 116//116 135//135 115//115
f 117//117 136//136 116//116
f 118//118 137//137 117//117
f 119//119 138//138 118//118
f 120//120 139//139 119//119
f 101//101 140//140 120//120
f 122//122 141//141 121//121
f 123//123 142//142 122//122
f 124//124 143//143 123//123
f 125//125 144//144 124//124
f 126//126 145//145 125//125
f 127//127 146//146 126//126
f 128//128 147//147 127//127
f 129//129 148//148 128//128
f 130//130 149//149 129//129
f 131//131 150//150 130//130
f 132//132 151//151 131//131
f 133//133 152//152 132//132
f 134//134 153//153 133//133
f 135//135 154//154 134//134
f 136//136 155//155 135//135
f 137//137 156//156 136//136
f 138//138 157//157 137//137
f 139//139 158//158 138//138
f 140//140 159//159 139//139
f 121//121 160//160 140//140
f 142//142 161//161 141//141
f 143//143 162//162 142//142
f 144//144 163//163 143//143
f 145//145 164//164 144//144
f 146//146 165//165 145//145
f 147//147 166//166 146//146
f 148//148 167//167 147//147
f 149//149 168//168 148//148
f 150//150 169//169 149//149
f 151//151 170//170 150//150
f 152//152 171//171 151//151
f 153//153 172//172 152//152
f 154//154 173//173 153//153
f 155//155 174//174 154//154
f 156//156 175//175 155//155
f 157//157 176//176 156//156
f 158//158 177//177 157//157
f 159//159 178//178 158//158
f 160//160 179//179 159//159
f 141//141 180//180 160//160
f 162//162 181//181 161//161
f 163//163 182//182 162//162
f 164//164 183//183 163//163
f 165//165 184//184 164//164
f 166//166 185//185 165//165
f 167//167 186//186 166//166
f 168//168 187//187 167//167
f 169//169 188//188 168//168
f 170//170 189//189 169//169
f 171//171 190//190 170//170
f 172//172 191//191 171//171
f 173//173 192//192 172//172
f 174//174 193//193 173//173
f 175//175 194//194 174//174
f 176//176 195//195 175//175
f 177//177 196//196 176//176
f 178//178 197//197 177//177
f 179//179 198//198 178//178
f 180//180 199//199 179//179
f 161//161 200//200 180//180
f 182//182 201//201 181//181
f 183//183 202//202 182//182
f 184//184 203//203 183//183
f 185//185 204//204 184//184
f 186//186 205//205 185//185
f 187//187 206//206 186//186
f 188//188 207//207 187//187
f 189//189 208//208 188//188
f 190//190 209//209 189//189
f 191//191 210//210 190//190
f 192//192 211//211 191//191
f 193//193 212//212 192//192
f 194//194 213//213 193//193
f 195//195 214//214 194//194
f 196//196 215//215 195//195
f 197//197 216//216 196//196
f 198//198 217//217 197//197
f 199//199 218//218 198//198
f 200//200 219//219 199//199
f 181//181 220//220 200//200
f 202//202 221//221 201//201
f 203//203 222//222 202//202
f 204//204 223//223 203//203
f 205//205 224//224 204//204
f 206//206 225//225 205//205
f 207//207 226//226 206//206
f 208//208 227//227 207//207
f 209//209 228//228 208//208
f 210//210 229//229 209//209
f 211//211 230//230 210//210
f 212//212 231//231 211//211
f 213//213 232//232 212//212
f 214//214 233//233 213//213
f 215//215 234//234 214//214
f 216//216 235//235 215//215
f 217//217 236//236 216//216
f 218//218 237//237 217//217
f 219//219 238//238 218//218
f 220//220 239//239 219//219
f 201//201 240//240 220//220
f 222//222 241//241 221//221
f 223//223 242//242 222//222
f 224//224 243//243 223//223
f 225//225 244//244 224//224
f 226//226 245//245 225//225
f 227//227 246//246 226//226
f 228//228 247//247 227//227
f 229//229 248//248 228//228
f 230//230 249//249 229//229
f 231//231 250//250 230//230
f 232//232 251//251 231//231
f 233//233 252//252 232//232
f 234//234 253//253 233//233
f 235//235 254//254 234//234
f 236//236 255//255 235//235
f 237//237 256//256 236//236
f 238//238 257//257 237//237
f 239//239 258//258 238//238
f 240//240 259//259 239//239
f 221//221 260//260 240//240
f 242//242 261//261 241//241
f 243//243 262//262 242//242
f 244//244 263//263 243//243
f 245//245 264//264 244//244
f 246//246 265//265 245//245
f 247//247 266//266 246//246
f 248//248 267//267 247//247
f 249//249 268//268 248//248
f 250//250 269//269 249//249
f 251//251 270//270 250//250
f 252//252 271//271 251//251
f 253//253 272//272 252//252
f 254//254 273//273 253//253
f 255//255 274//274 254//254
f 256//256 275//275 255//255
f 257//257 276//276 256//256
f 258//258 277//277 257//257
f 259//259 278//278 258//258
f 260//260 279//279 259//259
f 241//241 280//280 260//260
f 262//262 281//281 261//261
f 263//263 282//282 262//262
f 264//264 283//283 263//263
f 265//265 284//284 264//264
f 266//266 285//285 265//265
f 267//267 286//286 266//266
f 268//268 287//287 267//267
f 269//269 288//288 268//268
f 270//270 289//289 269//269
f 271//271 290//290 270//270
f 272//272 291//291 271//271
f 273//273 292//292 272//272
f 274//274 293//293 273//273
f 275//275 294//294 274//274
f 276//276 295//295 275//275
f 277//277 296//296 276//276
f 278//278 297//297 277//277
f 279//279 298//298 278//278
f 280//280 299//299 279//279
f 261//261 300//300 280//280
f 282//282 301//301 281//281
f 283//283 302//302 282//282
f 284//284 303//303 283//283
f 285//285 304//304 284//284
f 286//286 305//305 285//285
f 287//287 306//306 286//286
f 288//288 307//307 287//287
f 289//289 308//308 288//288
f 290//290 309//309 289//289
f 291//291 310//310 290//290
f 292//292 311//311 291//291
f 293//293 312//312 292//292
f 294//294 313//313 293//293
f 295//295 314//314 294//294
f 296//296 315//315 295//295
f 297//297 316//316 296//296
f 298//298 317//317 297//297
f 299//299 318//318 298//298
f 300//300 319//319 299//299
f 281//281 320//320 300//300
f 302//302 321//321 301//301
f 303//303 322//322 302//302
f 304//304 323//323 303//303
f 305//305 324//324 304//304
f 306//306 325//325 305//305
f 307//307 326//326 306//306
f 308//308 327//327 307//307
f 309//309 328//328 308//308
f 310//310 329//329 309//309
f 311//311 330//330 310//310
f 312//312 331//331 311//311
f 313//313 332//332 312//312
f 314//314 333//333 313//313
f 315//315 334//334 314//314
f 316//316 335//335 315//315
f 317//317 336//336 316//316
f 318//318 337//337 317//317
f 319//319 338//338 318//318
f 320//320 339//339 319//319
f 301//301 340//340 320//320
f 322//322 341//341 321//321
f 323//323 342//342 322//322
f 324//324 343//343 323//323
f 325//325 344//344 324//324
f 326//326 345//345 325//325
f 327//327 346//346 326//326
f 328//328 347//347 327//327
f 329//329 348//348 328//328
f 330//330 349//349 329//329
f 331//331 350//350 330//330
f 332//332 351//351 331//331
f 333//333 352//352 332//332
f 334//334 353//353 333//333
f 335//335 354//354 334//334
f 336//336 355//355 335//335
f 337//337 356//356 336//336
f 338//338 357//357 337//337
f 339//339 358//358 338//338
f 340//340 359//359 339//339
f 321//321 360//360 340//340
f 342//342 361//361 341//341
f 343//343 362//362 342//342
f 344//344 363//363 343//343
f 345//345 364//364 344//344
f 346//346 365//365 345//345
f 347//347 366//366 346//346
f 348//348 367//367 347//347
f 349//349 368//368 348//348
f 350//350 369//369 349//349
f 351//351 370//370 350//350
f 352//352 371//371 351//351
f 353//353 372//372 352//352
f 354//354 373//373 353//353
f 355//355 374//374 354//354
f 356//356 375//375 355//355
f 357//357 376//376 356//356
f 358//358 377//377 357//357
f 359//359 378//378 358//358
f 360//360 379//379 359//359
f 341//341 380//380 360//360
f 362//362 381//381 361//361
f 363//363 382//382 362//362
f 364//364 383//383 363//363
f 365//365 384//384 364//364
f 366//366 385//385 365//365
f 367//367 386//386 366//366
f 368//368 387//387 367//367
f 369//369 388//388 368//368
f 370//370 389//389 369//369
f 371//371 390//390 370//370
f 372//372 391//391 371//371
f 373//373 392//392 372//372
f 374//374 393//393 373//373
f 375//375 394//394 374//374
f 376//376 395//395 375//375
f 377//377 396//396 376//376
f 378//378 397//397 377//377
f 379//379 398//398 378//378
f 380//380 399//399 379//379
f 361//361 400//400 380//380
f 382//382 401//401 381//381
f 383//383 402//402 382//382
f 384//384 403//403 383//383
f 385//385 404//404 384//384
f 386//386 405//405 385//385
f 387//387 406//406 386//386
f 388//388 407//407 387//387
f 389//389 408//408 388//388
f 390//390 409//409 389//389
f 391//391 410//410 390//390
f 392//392 411//411 391//391
f 393//393 412//412 392//392
f 394//394 413//413 393//393
f 395//395 414//414 394//394
f 396//396 415//415 395//395
f 397//397 416//416 396//396
f 398//398 417//417 397//397
f 399//399 418//418 398//398
f 400//400 419//419 399//399
f 381//381 420//420 400//400
f 402//402 421//421 401//401
f 403//403 422//422 402//402
f 404//404 423//423 403//403
f 405//405 424//424 404//404
f 406//406 425//425 405//405
f 407//407 426//426 406//406
f 408//408 427//427 407//407
f 409//409 428//428 408//408
f 410//410 429//429 409//409
f 411//411 430//430 410//410
f 412//412 431//431 411//411
f 413//413 432//432 412//412
f 414//414 433//433 413//413
f 415//415 434//434 414//414
f 416//416 435//435 415//415
f 437//437 416//416 417//417
f 418//418 437//437 417//417
f 419//419 438//438 418//418
f 420//420 439//439 419//419
f 401//401 440//440 420//420
f 422//422 441//441 421//421
f 423//423 442//442 422//422
f 424//424 443//443 423//423
f 425//425 444//444 424//424
f 426//426 445//445 425//425
f 427//427 446//446 426//426
f 428//428 447//447 427//427
f 429//429 448//448 428//428
f 430//430 449//449 429//429
f 431//431 450//450 430//430
f 432//432 451//451 431//431
f 433//433 452//452 432//432
f 434//434 453//453 433//433
f 435//435 454//454 434//434
f 456//456 435//435 436//436
f 457//457 436//436 437//437
f 458//458 437//437 438//438
f 459//459 438//438 439//439
f 440//440 459//459 439//439
f 421//421 460//460 440//440
f 442//442 461//461 441//441
f 443//443 462//462 442//442
f 444//444 463//463 443//443
f 445//445 464//464 444//444
f 446//446 465//465 445//445
f 447//447 466//466 446//446
f 448//448 467//467 447//447
f 449//449 468//468 448//448
f 450//450 469//469 449//449
f 451//451 470//470 450//450
f 452//452 471//471 451//451
f 453//453 472//472 452//452
f 454//454 473//473 453//453
f 475//475 454//454 455//455
f 476//476 455//455 456//456
f 477//477 456//456 457//457
f 478//478 457//457 458//458
f 479//479 458//458 459//459
f 460//460 479//479 459//459
f 441//441 480//480 460//460
f 462//462 481//481 461//461
f 463//463 482//482 462//462
f 464//464 483//483 463//463
f 465//465 484//484 464//464
f 466//466 485//485 465//465
f 467//467 486//486 466//466
f 468//468 487//487 467//467
f 469//469 488//488 468//468
f 470//470 489//489 469//469
f 471//471 490//490 470//470
f 472//472 491//491 471//471
f 473//473 492//492 472//472
f 494//494 473//473 474//474
f 495//495 474//474 475//475
f 496//496 475//475 476//476
f 497//497 476//476 477//477
f 498//498 477//477 478//478
f 499//499 478//478 479//479
f 500//500 479//479 480//480
f 461//461 500//500 480//480
f 482//482 501//501 481//481
f 483//483 502//502 482//482
f 484//484 503//503 483//483
f 485//485 504//504 484//484
f 486//486 505//505 485//485
f 487//487 506//506 486//486
f 488//488 507//507 487//487
f 489//489 508//508 488//488
f 490//490 509//509 489//489
f 491//491 510//510 490//490
f 492//492 511//511 491//491
f 493//493 512//512 492//492
f 514//514 493//493 494//494
f 515//515 494//494 495//495
f 516//516 495//495 496//496
f 517//517 496//496 497//497
f 518//518 497//497 498//498
f 519//519 498//498 499//499
f 520//520 499//499 500//500
f 481//481 520//520 500//500
f 502//502 521//521 501//501
f 503//503 522//522 502//502
f 504//504 523//523 503//503
f 505//505 524//524 504//504
f 506//506 525//525 505//505
f 507//507 526//526 506//506
f 508//508 527//527 507//507
f 509//509 528//528 508//508
f 510//510 529//529 509//509
f 511//511 530//530 510//510
f 512//512 531//531 511//511
f 513//513 532//532 512//512
f 534//534 513//513 514//514
f 535//535 514//514 515//515
f 536//536 515//515 516//516
f 537//537 516//516 517//517
f 538//538 517//517 518//518
f 539//539 518//518 519//519
f 540//540 519//519 520//520
f 521//521 520//520 501//501
f 522//522 541//541 521//521
f 523//523 542//542 522//522
f 524//524 543//543 523//523
f 525//525 544//544 524//524
f 526//526 545//545 525//525
f 527//527 546//546 526//526
f 528//528 547//547 527//527
f 529//529 548//548 528//528
f 530//530 549//549 529//529
f 531//531 550//550 530//530
f 532//532 551//551 531//531
f 553//553 532//532 533//533
f 554//554 533//533 534//534
f 555//555 534//534 535//535
f 556//556 535//535 536//536
f 557//557 536//536 537//537
f 558//558 537//537 538//538
f 559//559 538//538 539//539
f 560//560 539//539 540//540
f 541//541 540//540 521//521
f 542//542 561//561 541//541
f 543//543 562//562 542//542
f 544//544 563//563 543//543
f 545//545 564//564 544//544
f 546//546 565//565 545//545
f 547//547 566//566 546//546
f 548//548 567//567 547//547
f 549//549 568//568 548//548
f 550//550 569//569 549//549
f 551//551 570//570 550//550
f 552//552 571//571 551//551
f 573//573 552//552 553//553
f 574//574 553//553 554//554
f 575//575 554//554 555//555
f 576//576 555//555 556//556
f 577//577 556//556 557//557
f 578//578 557//557 558//558
f 579//579 558//558 559//559
f 580//580 559//559 560//560
f 561//561 560//560 541//541
f 562//562 581//581 561//561
f 563//563 582//582 562//562
f 564//564 583//583 563//563
f 565//565 584//584 564//564
f 566//566 585//585 565//565
f 567//567 586//586 566//566
f 568//568 587//587 567//567
f 569//569 588//588 568//568
f 570//570 589//589 569//569
f 571//571 590//590 570//570
f 572//572 591//591 571//571
f 593//593 572//572 573//573
f 594//594 573//573 574//574
f 595//595 574//574 575//575
f 596//596 575//575 576//576
f 597//597 576//576 577//577
f 598//598 577//577 578//578
f 599//599 578//578 579//579
f 600//600 579//579 580//580
f 581//581 580//580 561//561
f 582//582 601//601 581//581
f 583//583 602//602 582//582
f 584//584 603//603 583//583
f 585//585 604//604 584//584
f 586//586 605//605 585//585
f 587//587 606//606 586//586
f 588//588 607//607 587//587
f 589//589 608//608 588//588
f 590//590 609//609 589//589
f 591//591 610//610 590//590
f 612//612 591//591 592//592
f 613//613 592//592 593//593
f 614//614 593//593 594//594
f 615//615 594//594 595//595
f 616//616 595//595 596//596
f 617//617 596//596 597//597
f 618//618 597//597 598//598
f 619//619 598//598 599//599
f 620//620 599//599 600//600
f 601//601 600//600 581//581
f 602//602 621//621 601//601
f 603//603 622//622 602//602
f 604//604 623//623 603//603
f 605//605 624//624 604//604
f 606//606 625//625 605//605
f 607//607 626//626 606//606
f 608//608 627//627 607//607
f 609//609 628//628 608//608
f 610//610 629//629 609//609
f 611//611 630//630 610//610
f 632//632 611//611 612//612
f 633//633 612//612 613//613
f 634//634 613//613 614//614
f 635//635 614//614 615//615
f 636//636 615//615 616//616
f 637//637 616//616 617//617
f 638//638 617//617 618//618
f 639//639 618//618 619//619
f 640//640 619//619 620//620
f 621//621 620//620 601//601
f 622//622 641//641 621//621
f 623//623 642//642 622//622
f 624//624 643//643 623//623
f 625//625 644//644 624//624
f 626//626 645//645 625//625
f 627//627 646//646 626//626
f 628//628 647//647 627//627
f 629//629 648//648 628//628
f 630//630 649//649 629//629
f 631//631 650//650 630//630
f 652//652 631//631 632//632
f 653//653 632//632 633//633
f 654//654 633//633 634//634
f 655//655 634//634 635//635
f 656//656 635//635 636//636
f 657//657 636//636 637//637
f 658//658 637//637 638//638
f 659//659 638//638 639//639
f 660//660 639//639 640//640
f 641//641 640//640 621//621
f 642//642 661//661 641//641
f 643//643 662//662 642//642
f 644//644 663//663 643//643
f 645//645 664//664 644//644
f 646//646 665//665 645//645
f 647//647 666//666 646//646
f 648//648 667//667 647//647
f 649//649 668//668 648//648
f 650//650 669//669 649//649
f 651//651 670//670 650//650
f 672//672 651//651 652//652
f 673//673 652//652 653//653
f 674//674 653//653 654//654
f 675//675 654//654 655//655
f 676//676 655//655 656//656
f 677//677 656//656 657//657
f 678//678 657//657 658//658
f 679//679 658//658 659//659
f 680//680 659//659 660//660
f 661//661 660//660 641//641
f 662//662 681//681 661//661
f 663//663 682//682 662//662
f 664//664 683//683 663//663
f 665//665 684//684 664//664
f 666//666 685//685 665//665
f 667//667 686//686 666//666
f 668//668 687//687 667//667
f 669//669 688//688 668//668
f 670//670 689//689 669//669
f 671//671 690//690 670//670
f 692//692 671//671 672//672
f 693//693 672//672 673//673
f 694//694 673//673 674//674
f 695//695 674//674 675//675
f 696//696 675//675 676//676
f 697//697 676//676 677//677
f 698//698 677//677 678//678
f 699//699 678//678 679//679
f 700//700 679//679 680//680
f 681//681 680//680 661//661
f 682//682 701//701 681//681
f 683//683 702//702 682//682
f 684//684 703//703 683//683
f 685//685 704//704 684//684
f 686//686 705//705 685//685
f 687//687 706//706 686//686
f 688//688 707//707 687//687
f 689//689 708//708 688//688
f 690//690 709//709 689//689
f 691//691 710//710 690//690
f 712//712 691//691 692//692
f 713//713 692//692 693//693
f 714//714 693//693 694//694
f 715//715 694//694 695//695
f 716//716 695//695 696//696
f 717//717 696//696 697//697
f 718//718 697//697 698//698
f 719//719 698//698 699//699
f 720//720 699//699 700//700
f 701//701 700//700 681//681
f 702//702 721//721 701//701
f 703//703 722//722 702//702
f 704//704 723//723 703//703
f 705//705 724//724 704//704
f 706//706 725//725 705//705
f 707//707 726//726 706//706
f 708//708 727//727 707//707
f 709//709 728//728 708//708
f 710//710 729//729 709//709
f 711//711 730//730 710//710
f 732//732 711//711 712//712
f 733//733 712//712 713//713
f 734//734 713//713 714//714
f 735//735 714//714 715//715
f 736//736 715//715 716//716
f 737//737 716//716 717//717
f 738//738 717//717 718//718
f 739//739 718//718 719//719
f 740//740 719//719 720//720
f 721//721 720//720 701//701
f 722//722 741//741 721//721
f 723//723 742//742 722//722
f 724//724 743//743 723//723
f 725//725 744//744 724//724
f 726//726 745//745 725//725
f 727//727 746//746 726//726
f 728//728 747//747 727//727
f 729//729 748//748 728//728
f 730//730 749//749 729//729
f 731//731 750//750 730//730
f 752//752 731//731 732//732
f 753//753 732//732 733//733
f 754//754 733//733 734//734
f 755//755 734//734 735//735
f 756//756 735//735 736//736
f 757//757 736//736 737//737
f 758//758 737//737 738//738
f 759//759 738//738 739//739
f 760//760 739//739 740//740
f 721//721 760//760 740//740
f 742//742 761//761 741//741
f 743//743 762//762 742//742
f 744//744 763//763 743//743
f 745//745 764//764 744//744
f 746//746 765//765 745//745
f 747//747 766//766 746//746
f 748//748 767//767 747//747
f 749//749 768//768 748//748
f 750//750 769//769 749//749
f 751//751 770//770 750//750
f 772//772 751//751 752//752
f 773//773 752//752 753//753
f 774//774 753//753 754//754
f 775//775 754//754 755//755
f 776//776 755//755 756//756
f 777//777 756//756 757//757
f 778//778 757//757 758//758
f 779//779 758//758 759//759
f 780//780 759//759 760//760
f 741//741 780//780 760//760
f 762//762 781//781 761//761
f 763//763 782//782 762//762
f 764//764 783//783 763//763
f 765//765 784//784 764//764
f 766//766 785//785 765//765
f 767//767 786//786 766//766
f 768//768 787//787 767//767
f 769//769 788//788 768//768
f 770//770 789//789 769//769
f 771//771 790//790 770//770
f 792//792 771//771 772//772
f 793//793 772//772 773//773
f 794//794 773//773 774//774
f 795//795 774//774 775//775
f 796//796 775//775 776//776
f 797//797 776//776 777//777
f 798//798 777//777 778//778
f 799//799 778//778 779//779
f 800//800 779//779 780//780
f 761//761 800//800 780//780
f 782//782 801//801 781//781
f 783//783 802//802 782//782
f 784//784 803//803 783//783
f 785//785 804//804 784//784
f 786//786 805//805 785//785
f 787//787 806//806 786//786
f 788//788 807//807 787//787
f 789//789 808//808 788//788
f 790//790 809//809 789//789
f 791//791 810//810 790//790
f 812//812 791//791 792//792
f 813//813 792//792 793//793
f 814//814 793//793 794//794
f 815//815 794//794 795//795
f 816//816 795//795 796//796
f 817//817 796//796 797//797
f 818//818 797//797 798//798
f 819//819 798//798 799//799
f 820//820 799//799 800//800
f 781//781 820//820 800//800
f 802//802 821//821 801//801
f 803//803 822//822 802//802
f 804//804 823//823 803//803
f 805//805 824//824 804//804
f 806//806 825//825 805//805
f 807//807 826//826 806//806
f 808//808 827//827 807//807
f 809//809 828//828 808//808
f 810//810 829//829 809//809
f 811//811 830//830 810//810
f 832//832 811//811 812//812
f 833//833 812//812 813//813
f 834//834 813//813 814//814
f 835//835 814//814 815//815
f 836//836 815//815 816//816
f 837//837 816//816 817//817
f 838//838 817//817 818//818
f 839//839 818//818 819//819
f 820//820 839//839 819//819
f 801//801 840//840 820//820
f 822//822 841//841 821//821
f 823//823 842//842 822//822
f 824//824 843//843 823//823
f 825//825 844//844 824//824
f 826//826 845//845 825//825
f 827//827 846//846 826//826
f 828//828 847//847 827//827
f 829//829 848//848 828//828
f 830//830 849//849 829//829
f 831//831 850//850 830//830
f 832//832 851//851 831//831
f 853//853 832//832 833//833
f 854//854 833//833 834//834
f 855//855 834//834 835//835
f 856//856 835//835 836//836
f 857//857 836//836 837//837
f 858//858 837//837 838//838
f 859//859 838//838 839//839
f 840//840 859//859 839//839
f 821//821 860//860 840//840
f 842//842 861//861 841//841
f 843//843 862//862 842//842
f 844//844 863//863 843//843
f 845//845 864//864 844//844
f 846//846 865//865 845//845
f 847//847 866//866 846//846
f 848//848 867//867 847//847
f 849//849 868//868 848//848
f 850//850 869//869 849//849
f 851//851 870//870 850//850
f 852//852 871//871 851//851
f 873//873 852//852 853//853
f 874//874 853//853 854//854
f 875//875 854//854 855//855
f 876//876 855//855 856//856
f 877//877 856//856 857//857
f 878//878 857//857 858//858
f 859//859 878//878 858//858
f 860//860 879//879 859//859
f 841//841 880//880 860//860
f 862//862 881//881 861//861
f 863//863 882//882 862//862
f 864//864 883//883 863//863
f 865//865 884//884 864//864
f 866//866 885//885 865//865
f 867//867 886//886 866//866
f 868//868 887//887 867//867
f 869//869 888//888 868//868
f 870//870 889//889 869//869
f 871//871 890//890 870//870
f 872//872 891//891 871//871
f 873//873 892//892 872//872
f 894//894 873//873 874//874
f 895//895 874//874 875//875
f 896//896 875//875 876//876
f 897//897 876//876 877//877
f 898//898 877//877 878//878
f 879//879 898//898 878//878
f 880//880 899//899 879//879
f 861//861 900//900 880//880
f 882//882 901//901 881//881
f 883//883 902//902 882//882
f 884//884 903//903 883//883
f 885//885 904//904 884//884
f 886//886 905//905 885//885
f 887//887 906//906 886//886
f 888//888 907//907 887//887
f 889//889 908//908 888//888
f 890//890 909//909 889//889
f 891//891 910//910 890//890
f 892//892 911//911 891//891
f 893//893 912//912 892//892
f 894//894 913//913 893//893
f 915//915 894//894 895//895
f 916//916 895//895 896//896
f 917//917 896//896 897//897
f 898//898 917//917 897//897
f 899//899 918//918 898//898
f 900//900 919//919 899//899
f 881//881 920//920 900//900
f 902//902 921//921 901//901
f 903//903 922//922 902//902
f 904//904 923//923 903//903
f 905//905 924//924 904//904
f 906//906 925//925 905//905
f 907//907 926//926 906//906
f 908//908 927//927 907//907
f 909//909 928//928 908//908
f 910//910 929//929 909//909
f 911//911 930//930 910//910
f 912//912 931//931 911//911
f 913//913 932//932 912//912
f 914//914 933//933 913//913
f 915//915 934//934 914//914
f 916//916 935//935 915//915
f 917//917 936//936 916//916
f 918//918 937//937 917//917
f 919//919 938//938 918//918
f 920//920 939//939 919//919
f 901//901 940//940 920//920
f 922//922 941//941 921//921
f 923//923 942//942 922//922
f 924//924 943//943 923//923
f 925//925 944//944 924//924
f 926//926 945//945 925//925
f 927//927 946//946 926//926
f 928//928 947//947 927//927
f 929//929 948//948 928//928
f 930//930 949//949 929//929
f 931//931 950//950 930//930
f 932//932 951//951 931//931
f 933//933 952//952 932//932
f 934//934 953//953 933//933
f 935//935 954//954 934//934
f 936//936 955//955 935//935
f 937//937 956//956 936//936
f 938//938 957//957 937//937
f 939//939 958//958 938//938
f 940//940 959//959 939//939
f 921//921 960//960 940//940
f 942//942 961//961 941//941
f 943//943 962//962 942//942
f 944//944 963//963 943//943
f 945//945 964//964 944//944
f 946//946 965//965 945//945
f 947//947 966//966 946//946
f 948//948 967//967 947//947
f 949//949 968//968 948//948
f 950//950 969//969 949//949
f 951//951 970//970 950//950
f 952//952 971//971 951//951
f 953//953 972//972 952//952
f 954//954 973//973 953//953
f 955//955 974//974 954//954
f 956//956 975//975 955//955
f 957//957 976//976 956//956
f 958//958 977//977 957//957
f 959//959 978//978 958//958
f 960//960 979//979 959//959
f 941//941 980//980 960//960
f 962//962 981//981 961//961
f 963//963 982//982 962//962
f 964//964 983//983 963//963
f 965//965 984//984 964//964
f 966//966 985//985 965//965
f 967//967 986//986 966//966
f 968//968 987//987 967//967
f 969//969 988//988 968//968
f 970//970 989//989 969//969
f 971//971 990//990 970//970
f 972//972 991//991 971//971
f 973//973 992//992 972//972
f 974//974 993//993 973//973
f 975//975 994//994 974//974
f 976//976 995//995 975//975
f 977//977 996//996 976//976
f 978//978 997//997 977//977
f 979//979 998//998 978//978
f 980//980 999//999 979//979
f 961//961 1000//1000 980//980
f 982//982 1001//1001 981//981
f 983//983 1002//1002 982//982
f 984//984 1003//1003 983//983
f 985//985 1004//1004 984//984
f 986//986 1005//1005 985//985
f 987//987 1006//1006 986//986
f 988//988 1007//1007 987//987
f 989//989 1008//1008 988//988
f 990//990 1009//1009 989//989
f 991//991 1010//1010 990//990
f 992//992 1011//1011 991//991
f 993//993 1012//1012 992//992
f 994//994 1013//1013 993//993
f 995//995 1014//1014 994//994
f 996//996 1015//1015 995//995
f 997//997 1016//1016 996//996
f 998//998 1017//1017 997//997
f 999//999 1018//1018 998//998
f 1000//1000 1019//1019 999//999
f 981//981 1020//1020 1000//1000
f 1002//1002 1021//1021 1001//1001
f 1003//1003 1022//1022 1002//1002
f 1004//1004 1023//1023 1003//1003
f 1005//1005 1024//1024 1004//1004
f 1006//1006 1025//1025 1005//1005
f 1007//1007 1026//1026 1006//1006
f 1008//1008 1027//1027 1007//1007
f 1009//1009 1028//1028 1008//1008
f 1010//1010 1029//1029 1009//1009
f 1011//1011 1030//1030 1010//1010
f 1012//1012 1031//1031 1011//1011
f 1013//1013 1032//1032 1012//1012
f 1014//1014 1033//1033 1013//1013
f 1015//1015 1034//1034 1014//1014
f 1016//1016 1035//1035 1015//1015
f 1017//1017 1036//1036 1016//1016
f 1018//1018 1037//1037 1017//1017
f 1019//1019 1038//1038 1018//1018
f 1020//1020 1039//1039 1019//1019
f 1001//1001 1040//1040 1020//1020
f 1022//1022 1041//1041 1021//1021
f 1023//1023 1042//1042 1022//1022
f 1024//1024 1043//1043 1023//1023
f 1025//1025 1044//1044 1024//1024
f 1026//1026 1045//1045 1025//1025
f 1027//1027 1046//1046 1026//1026
f 1028//1028 1047//1047 1027//1027
f 1029//1029 1048//1048 1028//1028
f 1030//1030 1049//1049 1029//1029
f 1031//1031 1050//1050 1030//1030
f 1032//1032 1051//1051 1031//1031
f 1033//1033 1052//1052 1032//1032
f 1034//1034 1053//1053 1033//1033
f 1035//1035 1054//1054 1034//1034
f 1036//1036 1055//1055 1035//1035
f 1037//1037 1056//1056 1036//1036
f 1038//1038 1057//1057 1037//1037
f 1039//1039 1058//1058 1038//1038
f 1040//1040 1059//1059 1039//1039
f 1021//1021 1060//1060 1040//1040
f 1042//1042 1061//1061 1041//1041
f 1043//1043 1062//1062 1042//1042
f 1044//1044 1063//1063 1043//1043
f 1045//1045 1064//1064 1044//1044
f 1046//1046 1065//1065 1045//1045
f 1047//1047 1066//1066 1046//1046
f 1048//1048 1067//1067 1047//1047
f 1049//1049 1068//1068 1048//1048
f 1050//1050 1069//1069 1049//1049
f 1051//1051 1070//1070 1050//1050
f 1052//1052 1071//1071 1051//1051
f 1053//1053 1072//1072 1052//1052
f 1054//1054 1073//1073 1053//1053
f 1055//1055 1074//1074 1054//1054
f 1056//1056 1075//1075 1055//1055
f 1057//1057 1076//1076 1056//1056
f 1058//1058 1077//1077 1057//1057
f 1059//1059 1078//1078 1058//1058
f 1060//1060 1079//1079 1059//1059
f 1041//1041 1080//1080 1060//1060
f 1062//1062 1081//1081 1061//1061
f 1063//1063 1082//1082 1062//1062
f 1064//1064 1083//1083 1063//1063
f 1065//1065 1084//1084 1064//1064
f 1066//1066 1085//1085 1065//1065
f 1067//1067 1086//1086 1066//1066
f 1068//1068 1087//1087 1067//1067
f 1069//1069 1088//1088 1068//1068
f 1070//1070 1089//1089 1069//1069
f 1071//1071 1090//1090 1070//1070
f 1072//1072 1091//1091 1071//1071
f 1073//1073 1092//1092 1072//1072
f 1074//1074 1093//1093 1073//1073
f 1075//1075 1094//1094 1074//1074
f 1076//1076 1095//1095 1075//1075
f 1077//1077 1096//1096 1076//1076
f 1078//1078 1097//1097 1077//1077
f 1079//1079 1098//1098 1078//1078
f 1080//1080 1099//1099 1079//1079
f 1061//1061 1100//1100 1080//1080
f 1082//1082 1101//1101 1081//1081
f 1083//1083 1102//1102 1082//1082
f 1084//1084 1103//1103 1083//1083
f 1085//1085 1104//1104 1084//1084
f 1086//1086 1105//1105 1085//1085
f 1087//1087 1106//1106 1086//1086
f 1088//1088 1107//1107 1087//1087
f 1089//1089 1108//1108 1088//1088
f 1090//1090 1109//1109 1089//1089
f 1091//1091 1110//1110 1090//1090
f 1092//1092 1111//1111 1091//1091
f 1093//1093 1112//1112 1092//1092
f 1094//1094 1113//1113 1093//1093
f 1095//1095 1114//1114 1094//1094
f 1096//1096 1115//1115 1095//1095
f 1097//1097 1116//1116 1096//1096
f 1098//1098 1117//1117 1097//1097
f 1099//1099 1118//1118 1098//1098
f 1100//1100 1119//1119 1099//1099
f 1081//1081 1120//1120 1100//1100
f 1102//1102 1121//1121 1101//1101
f 1103//1103 1122//1122 1102//1102
f 1104//1104 1123//1123 1103//1103
f 1105//1105 1124//1124 1104//1104
f 1106//1106 1125//1125 1105//1105
f 1107//1107 1126//1126 1106//1106
f 1108//1108 1127//1127 1107//1107
f 1109//1109 1128//1128 1108//1108
f 1110//1110 1129//1129 1109//1109
f 1111//1111 1130//1130 1110//1110
f 1112//1112 1131//1131 1111//1111
f 1113//1113 1132//1132 1112//1112
f 1114//1114 1133//1133 1113//1113
f 1115//1115 1134//1134 1114//1114
f 1116//1116 1135//1135 1115//1115
f 1117//1117 1136//1136 1116//1116
f 1118//1118 1137//1137 1117//1117
f 1119//1119 1138//1138 1118//1118
f 1120//1120 1139//1139 1119//1119
f 1101//1101 1140//1140 1120//1120
f 1122//1122 1141//1141 1121//1121
f 1123//1123 1142//1142 1122//1122
f 1124//1124 1143//1143 1123//1123
f 1125//1125 1144//1144 1124//1124
f 1126//1126 1145//1145 1125//1125
f 1127//1127 1146//1146 1126//1126
f 1128//1128 1147//1147 1127//1127
f 1129//1129 1148//1148 1128//1128
f 1130//1130 1149//1149 1129//1129
f 1131//1131 1150//1150 1130//1130
f 1132//1132 1151//1151 1131//1131
f 1133//1133 1152//1152 1132//1132
f 1134//1134 1153//1153 1133//1133
f 1135//1135 1154//1154 1134//1134
f 1136//1136 1155//1155 1135//1135
f 1137//1137 1156//1156 1136//1136
f 1138//1138 1157//1157 1137//1137
f 1139//1139 1158//1158 1138//1138
f 1140//1140 1159//1159 1139//1139
f 1121//1121 1160//1160 1140//1140
f 1142//1142 1161//1161 1141//1141
f 1143//1143 1162//1162 1142//1142
f 1144//1144 1163//1163 1143//1143
f 1145//1145 1164//1164 1144//1144
f 1146//1146 1165//1165 1145//1145
f 1147//1147 1166//1166 1146//1146
f 1148//1148 1167//1167 1147//1147
f 1149//1149 1168//1168 1148//1148
f 1150//1150 1169//1169 1149//1149
f 1151//1151 1170//1170 1150//1150
f 1152//1152 1171//1171 1151//1151
f 1153//1153 1172//1172 1152//1152
f 1154//1154 1173//1173 1153//1153
f 1155//1155 1174//1174 1154//1154
f 1156//1156 1175//1175 1155//1155
f 1157//1157 1176//1176 1156//1156
f 1158//1158 1177//1177 1157//1157
f 1159//1159 1178//1178 1158//1158
f 1160//1160 1179//1179 1159//1159
f 1141//1141 1180//1180 1160//1160
f 1162//1162 1181//1181 1161//1161
f 1163//1163 1182//1182 1162//1162
f 1164//1164 1183//1183 1163//1163
f 1165//1165 1184//1184 1164//1164
f 1166//1166 1185//1185 1165//1165
f 1167//1167 1186//1186 1166//1166
f 1168//1168 1187//1187 1167//1167
f 1169//1169 1188//1188 1168//1168
f 1170//1170 1189//1189 1169//1169
f 1171//1171 1190//1190 1170//1170
f 1172//1172 1191//1191 1171//1171
f 1173//1173 1192//1192 1172//1172
f 1174//1174 1193//1193 1173//1173
f 1175//1175 1194//1194 1174//1174
f 1176//1176 1195//1195 1175//1175
f 1177//1177 1196//1196 1176//1176
f 1178//1178 1197//1197 1177//1177
f 1179//1179 1198//1198 1178//1178
f 1180//1180 1199//1199 1179//1179
f 1161//1161 1200//1200 1180//1180
f 1182//1182 1201//1201 1181//1181
f 1183//1183 1202//1202 1182//1182
f 1184//1184 1203//1203 1183//1183
f 1185//1185 1204//1204 1184//1184
f 1186//1186 1205//1205 1185//1185
f 1187//1187 1206//1206 1186//1186
f 1188//1188 1207//1207 1187//1187
f 1189//1189 1208//1208 1188//1188
f 1190//1190 1209//1209 1189//1189
f 1191//1191 1210//1210 1190//1190
f 1192//1192 1211//1211 1191//1191
f 1193//1193 1212//1212 1192//1192
f 1194//1194 1213//1213 1193//1193
f 1195//1195 1214//1214 1194//1194
f 1196//1196 1215//1215 1195//1195
f 1197//1197 1216//1216 1196//1196
f 1198//1198 1217//1217 1197//1197
f 1199//1199 1218//1218 1198//1198
f 1200//1200 1219//1219 1199//1199
f 1181//1181 1220//1220 1200//1200
f 1202//1202 1221//1221 1201//1201
f 1203//1203 1222//1222 1202//1202
f 1204//1204 1223//1223 1203//1203
f 1205//1205 1224//1224 1204//1204
f 1206//1206 1225//1225 1205//1205
f 1207//1207 1226//1226 1206//1206
f 1208//1208 1227//1227 1207//1207
f 1209//1209 1228//1228 1208//1208
f 1210//1210 1229//1229 1209//1209
f 1211//1211 1230//1230 1210//1210
f 1212//1212 1231//1231 1211//1211
f 1213//1213 1232//1232 1212//1212
f 1214//1214 1233//1233 1213//1213
f 1215//1215 1234//1234 1214//1214
f 1216//1216 1235//1235 1215//1215
f 1217//1217 1236//1236 1216//1216
f 1218//1218 1237//1237 1217//1217
f 1219//1219 1238//1238 1218//1218
f 1220//1220 1239//1239 1219//1219
f 1201//1201 1240//1240 1220//1220
f 1222//1222 1241//1241 1221//1221
f 1223//1223 1242//1242 1222//1222
f 1224//1224 1243//1243 1223//1223
f 1225//1225 1244//1244 1224//1224
f 1226//1226 1245//1245 1225//1225
f 1227//1227 1246//1246 1226//1226
f 1228//1228 1247//1247 1227//1227
f 1229//1229 1248//1248 1228//1228
f 1230//1230 1249//1249 1229//1229
f 1231//1231 1250//1250 1230//1230
f 1232//1232 1251//1251 1231//1231
f 1233//1233 1252//1252 1232//1232
f 1234//1234 1253//1253 1233//1233
f 1255//1255 1234//1234 1235//1235
f 1256//1256 1235//1235 1236//1236
f 1237//1237 1256//1256 1236//1236
f 1238//1238 1257//1257 1237//1237
f 1239//1239 1258//1258 1238//1238
f 1240//1240 1259//1259 1239//1239
f 1221//1221 1260//1260 1240//1240
f 1242//1242 1261//1261 1241//1241
f 1243//1243 1262//1262 1242//1242
f 1244//1244 1263//1263 1243//1243
f 1245//1245 1264//1264 1244//1244
f 1246//1246 1265//1265 1245//1245
f 1247//1247 1266//1266 1246//1246
f 1248//1248 1267//1267 1247//1247
f 1249//1249 1268//1268 1248//1248
f 1250//1250 1269//1269 1249//1249
f 1251//1251 1270//1270 1250//1250
f 1252//1252 1271//1271 1251//1251
f 1273//1273 1252//1252 1253//1253
f 1274//1274 1253//1253 1254//1254
f 1275//1275 1254//1254 1255//1255
f 1276//1276 1255//1255 1256//1256
f 1277//1277 1256//1256 1257//1257
f 1278//1278 1257//1257 1258//1258
f 1259//1259 1278//1278 1258//1258
f 1260//1260 1279//1279 1259//1259
f 1241//1241 1280//1280 1260//1260
f 1262//1262 1281//1281 1261//1261
f 1263//1263 1282//1282 1262//1262
f 1264//1264 1283//1283 1263//1263
f 1265//1265 1284//1284 1264//1264
f 1266//1266 1285//1285 1265//1265
f 1267//1267 1286//1286 1266//1266
f 1268//1268 1287//1287 1267//1267
f 1269//1269 1288//1288 1268//1268
f 1270//1270 1289//1289 1269//1269
f 1271//1271 1290//1290 1270//1270
f 1272//1272 1291//1291 1271//1271
f 1293//1293 1272//1272 1273//1273
f 1294//1294 1273//1273 1274//1274
f 1295//1295 1274//1274 1275//1275
f 1296//1296 1275//1275 1276//1276
f 1297//1297 1276//1276 1277//1277
f 1298//1298 1277//1277 1278//1278
f 1299//1299 1278//1278 1279//1279
f 1280//1280 1299//1299 1279//1279
f 1261//1261 1300//1300 1280//1280
f 1282//1282 1301//1301 1281//1281
f 1283//1283 1302//1302 1282//1282
f 1284//1284 1303//1303 1283//1283
f 1285//1285 1304//1304 1284//1284
f 1286//1286 1305//1305 1285//1285
f 1287//1287 1306//1306 1286//1286
f 1288//1288 1307//1307 1287//1287
f 1289//1289 1308//1308 1288//1288
f 1290//1290 1309//1309 1289//1289
f 1291//1291 1310//1310 1290//1290
f 1312//1312 1291//1291 1292//1292
f 1313//1313 1292//1292 1293//1293
f 1314//1314 1293//1293 1294//1294
f 1315//1315 1294//1294 1295//1295
f 1316//1316 1295//1295 1296//1296
f 1317//1317 1296//1296 1297//1297
f 1318//1318 1297//1297 1298//1298
f 1319//1319 1298//1298 1299//1299
f 1320//1320 1299//1299 1300//1300
f 1281//1281 1320//1320 1300//1300
f 1302//1302 1321//1321 1301//1301
f 1303//1303 1322//1322 1302//1302
f 1304//1304 1323//1323 1303//1303
f 1305//1305 1324//1324 1304//1304
f 1306//1306 1325//1325 1305//1305
f 1307//1307 1326//1326 1306//1306
f 1308//1308 1327//1327 1307//1307
f 1309//1309 1328//1328 1308//1308
f 1310//1310 1329//1329 1309//1309
f 1311//1311 1330//1330 1310//1310
f 1332//1332 1311//1311 1312//1312
f 1333//1333 1312//1312 1313//1313
f 1334//1334 1313//1313 1314//1314
f 1335//1335 1314//1314 1315//1315
f 1336//1336 1315//1315 1316//1316
f 1337//1337 1316//1316 1317//1317
f 1338//1338 1317//1317 1318//1318
f 1339//1339 1318//1318 1319//1319
f 1340//1340 1319//1319 1320//1320
f 1321//1321 1320//1320 1301//1301
f 1322//1322 1341//1341 1321//1321
f 1323//1323 1342//1342 1322//1322
f 1324//1324 1343//1343 1323//1323
f 1325//1325 1344//1344 1324//1324
f 1326//1326 1345//1345 1325//1325
f 1327//1327 1346//1346 1326//1326
f 1328//1328 1347//1347 1327//1327
f 1329//1329 1348//1348 1328//1328
f 1330//1330 1349//1349 1329//1329
f 1331//1331 1350//1350 1330//1330
f 1352//1352 1331//1331 1332//1332
f 1353//1353 1332//1332 1333//1333
f 1354//1354 1333//1333 1334//1334
f 1355//1355 1334//1334 1335//1335
f 1356//1356 1335//1335 1336//1336
f 1357//1357 1336//1336 1337//1337
f 1358//1358 1337//1337 1338//1338
f 1359//1359 1338//1338 1339//1339
f 1360//1360 1339//1339 1340//1340
f 1341//1341 1340//1340 1321//1321
f 1342//1342 1361//1361 1341//1341
f 1343//1343 1362//1362 1342//1342
f 1344//1344 1363//1363 1343//1343
f 1345//1345 1364//1364 1344//1344
f 1346//1346 1365//1365 1345//1345
f 1347//1347 1366//1366 1346//1346
f 1348//1348 1367//1367 1347//1347
f 1349//1349 1368//1368 1348//1348
f 1350//1350 1369//1369 1349//1349
f 1351//1351 1370//1370 1350//1350
f 1352//1352 1371//1371 1351//1351
f 1373//1373 1352//1352 1353//1353
f 1374//1374 1353//1353 1354//1354
f 1375//1375 1354//1354 1355//1355
f 1376//1376 1355//1355 1356//1356
f 1377//1377 1356//1356 1357//1357
f 1378//1378 1357//1357 1358//1358
f 1379//1379 1358//1358 1359//1359
f 1380//1380 1359//1359 1360//1360
f 1361//1361 1360//1360 1341//1341
f 1362//1362 1381//1381 1361//1361
f 1363//1363 1382//1382 1362//1362
f 1364//1364 1383//1383 1363//1363
f 1365//1365 1384//1384 1364//1364
f 1366//1366 1385//1385 1365//1365
f 1367//1367 1386//1386 1366//1366
f 1368//1368 1387//1387 1367//1367
f 1369//1369 1388//1388 1368//1368
f 1370//1370 1389//1389 1369//1369
f 1371//1371 1390//1390 1370//1370
f 1372//1372 1391//1391 1371//1371
f 1393//1393 1372//1372 1373//1373
f 1394//1394 1373//1373 1374//1374
f 1395//1395 1374//1374 1375//1375
f 1396//1396 1375//1375 1376//1376
f 1397//1397 1376//1376 1377//1377
f 1398//1398 1377//1377 1378//1378
f 1399//1399 1378//1378 1379//1379
f 1400//1400 1379//1379 1380//1380
f 1381//1381 1380//1380 1361//1361
f 1382//1382 1401//1401 1381//1381
f 1383//1383 1402//1402 1382//1382
f 1384//1384 1403//1403 1383//1383
f 1385//1385 1404//1404 1384//1384
f 1386//1386 1405//1405 1385//1385
f 1387//1387 1406//1406 1386//1386
f 1388//1388 1407//1407 1387//1387
f 1389//1389 1408//1408 1388//1388
f 1390//1390 1409//1409 1389//1389
f 1391//1391 1410//1410 1390//1390
f 1392//1392 1411//1411 1391//1391
f 1393//1393 1412//1412 1392//1392
f 1414//1414 1393//1393 1394//1394
f 1415//1415 1394//1394 1395//1395
f 1416//1416 1395//1395 1396//1396
f 1417//1417 1396//1396 1397//1397
f 1418//1418 1397//1397 1398//1398
f 1419//1419 1398//1398 1399//1399
f 1420//1420 1399//1399 1400//1400
f 1381//1381 1420//1420 1400//1400
f 1402//1402 1421//1421 1401//1401
f 1403//1403 1422//1422 1402//1402
f 1404//1404 1423//1423 1403//1403
f 1405//1405 1424//1424 1404//1404
f 1406//1406 1425//1425 1405//1405
f 1407//1407 1426//1426 1406//1406
f 1408//1408 1427//1427 1407//1407
f 1409//1409 1428//1428 1408//1408
f 1410//1410 1429//1429 1409//1409
f 1411//1411 1430//1430 1410//1410
f 1412//1412 1431//1431 1411//1411
f 1413//1413 1432//1432 1412//1412
f 1414//1414 1433//1433 1413//1413
f 1415//1415 1434//1434 1414//1414
f 1436//1436 1415//1415 1416//1416
f 1437//1437 1416//1416 1417//1417
f 1438//1438 1417//1417 1418//1418
f 1439//1439 1418//1418 1419//1419
f 1420//1420 1439//1439 1419//1419
f 1401//1401 1440//1440 1420//1420
f 1422//1422 1441//1441 1421//1421
f 1423//1423 1442//1442 1422//1422
f 1424//1424 1443//1443 1423//1423
f 1425//1425 1444//1444 1424//1424
f 1426//1426 1445//1445 1425//1425
f 1427//1427 1446//1446 1426//1426
f 1428//1428 1447//1447 1427//1427
f 1429//1429 1448//1448 1428//1428
f 1430//1430 1449//1449 1429//1429
f 1431//1431 1450//1450 1430//1430
f 1432//1432 1451//1451 1431//1431
f 1433//1433 1452//1452 1432//1432
f 1434//1434 1453//1453 1433//1433
f 1435//1435 1454//1454 1434//1434
f 1436//1436 1455//1455 1435//1435
f 1437//1437 1456//1456 1436//1436
f 1438//1438 1457//1457 1437//1437
f 1439//1439 1458//1458 1438//1438
f 1440//1440 1459//1459 1439//1439
f 1421//1421 1460//1460 1440//1440
f 1442//1442 1461//1461 1441//1441
f 1443//1443 1462//1462 1442//1442
f 1444//1444 1463//1463 1443//1443
f 1445//1445 1464//1464 1444//1444
f 1446//1446 1465//1465 1445//1445
f 1447//1447 1466//1466 1446//1446
f 1448//1448 1467//1467 1447//1447
f 1449//1449 1468//1468 1448//1448
f 1450//1450 1469//1469 1449//1449
f 1451//1451 1470//1470 1450//1450
f 1452//1452 1471//1471 1451//1451
f 1453//1453 1472//1472 1452//1452
f 1454//1454 1473//1473 1453//1453
f 1455//1455 1474//1474 1454//1454
f 1456//1456 1475//1475 1455//1455
f 1457//1457 1476//1476 1456//1456
f 1458//1458 1477//1477 1457//1457
f 1459//1459 1478//1478 1458//1458
f 1460//1460 1479//1479 1459//1459
f 1441//1441 1480//1480 1460//1460
f 1462//1462 1481//1481 1461//1461
f 1463//1463 1482//1482 1462//1462
f 1464//1464 1483//1483 1463//1463
f 1465//1465 1484//1484 1464//1464
f 1466//1466 1485//1485 1465//1465
f 1467//1467 1486//1486 1466//1466
f 1468//1468 1487//1487 1467//1467
f 1469//1469 1488//1488 1468//1468
f 1470//1470 1489//1489 1469//1469
f 1471//1471 1490//1490 1470//1470
f 1472//1472 1491//1491 1471//1471
f 1473//1473 1492//1492 1472//1472
f 1474//1474 1493//1493 1473//1473
f 1475//1475 1494//1494 1474//1474
f 1476//1476 1495//1495 1475//1475
f 1477//1477 1496//1496 1476//1476
f 1478//1478 1497//1497 1477//1477
f 1479//1479 1498//1498 1478//1478
f 1480//1480 1499//1499 1479//1479
f 1461//1461 1500//1500 1480//1480
f 1482//1482 1501//1501 1481//1481
f 1483//1483 1502//1502 1482//1482
f 1484//1484 1503//1503 1483//1483
f 1485//1485 1504//1504 1484//1484
f 1486//1486 1505//1505 1485//1485
f 1487//1487 1506//1506 1486//1486
f 1488//1488 1507//1507 1487//1487
f 1489//1489 1508//1508 1488//1488
f 1490//1490 1509//1509 1489//1489
f 1491//1491 1510//1510 1490//1490
f 1492//1492 1511//1511 1491//1491
f 1493//1493 1512//1512 1492//1492
f 1494//1494 1513//1513 1493//1493
f 1495//1495 1514//1514 1494//1494
f 1496//1496 1515//1515 1495//1495
f 1497//1497 1516//1516 1496//1496
f 1498//1498 1517//1517 1497//1497
f 1499//1499 1518//1518 1498//1498
f 1500//1500 1519//1519 1499//1499
f 1481//1481 1520//1520 1500//1500
f 1502//1502 1521//1521 1501//1501
f 1503//1503 1522//1522 1502//1502
f 1504//1504 1523//1523 1503//1503
f 1505//1505 1524//1524 1504//1504
f 1506//1506 1525//1525 1505//1505
f 1507//1507 1526//1526 1506//1506
f 1508//1508 1527//1527 1507//1507
f 1509//1509 1528//1528 1508//1508
f 1510//1510 1529//1529 1509//1509
f 1511//1511 1530//1530 1510//1510
f 1512//1512 1531//1531 1511//1511
f 1513//1513 1532//1532 1512//1512
f 1514//1514 1533//1533 1513//1513
f 1515//1515 1534//1534 1514//1514
f 1516//1516 1535//1535 1515//1515
f 1517//1517 1536//1536 1516//1516
f 1518//1518 1537//1537 1517//1517
f 1519//1519 1538//1538 1518//1518
f 1520//1520 1539//1539 1519//1519
f 1501//1501 1540//1540 1520//1520
f 1522//1522 1541//1541 1521//1521
f 1523//1523 1542//1542 1522//1522
f 1524//1524 1543//1543 1523//1523
f 1525//1525 1544//1544 1524//1524
f 1526//1526 1545//1545 1525//1525
f 1527//1527 1546//1546 1526//1526
f 1528//1528 1547//1547 1527//1527
f 1529//1529 1548//1548 1528//1528
f 1530//1530 1549//1549 1529//1529
f 1531//1531 1550//1550 1530//1530
f 1532//1532 1551//1551 1531//1531
f 1533//1533 1552//1552 1532//1532
f 1534//1534 1553//1553 1533//1533
f 1535//1535 1554//1554 1534//1534
f 1536//1536 1555//1555 1535//1535
f 1537//1537 1556//1556 1536//1536
f 1538//1538 1557//1557 1537//1537
f 1539//1539 1558//1558 1538//1538
f 1540//1540 1559//1559 1539//1539
f 1521//1521 1560//1560 1540//1540
f 1542//1542 1561//1561 1541//1541
f 1543//1543 1562//1562 1542//1542
f 1544//1544 1563//1563 1543//1543
f 1545//1545 1564//1564 1544//1544
f 1546//1546 1565//1565 1545//1545
f 1547//1547 1566//1566 1546//1546
f 1548//1548 1567//1567 1547//1547
f 1549//1549 1568//1568 1548//1548
f 1550//1550 1569//1569 1549//1549
f 1551//1551 1570//1570 1550//1550
f 1552//1552 1571//1571 1551//1551
f 1553//1553 1572//1572 1552//1552
f 1554//1554 1573//1573 1553//1553
f 1555//1555 1574//1574 1554//1554
f 1556//1556 1575//1575 1555//1555
f 1557//1557 1576//1576 1556//1556
f 1558//1558 1577//1577 1557//1557
f 1559//1559 1578//1578 1558//1558
f 1560//1560 1579//1579 1559//1559
f 1541//1541 1580//1580 1560//1560
f 1562//1562 1581//1581 1561//1561
f 1563//1563 1582//1582 1562//1562
f 1564//1564 1583//1583 1563//1563
f 1565//1565 1584//1584 1564//1564
f 1566//1566 1585//1585 1565//1565
f 1567//1567 1586//1586 1566//1566
f 1568//1568 1587//1587 1567//1567
f 1569//1569 1588//1588 1568//1568
f 1570//1570 1589//1589 1569//1569
f 1571//1571 1590//1590 1570//1570
f 1572//1572 1591//1591 1571//1571
f 1573//1573 1592//1592 1572//1572
f 1574//1574 1593//1593 1573//1573
f 1575//1575 1594//1594 1574//1574
f 1576//1576 1595//1595 1575//1575
f 1577//1577 1596//1596 1576//1576
f 1578//1578 1597//1597 1577//1577
f 1579//1579 1598//1598 1578//1578
f 1580//1580 1599//1599 1579//1579
f 1561//1561 1600//1600 1580//1580
f 1582//1582 1601//1601 1581//1581
f 1583//1583 1602//1602 1582//1582
f 1584//1584 1603//1603 1583//1583
f 1585//1585 1604//1604 1584//1584
f 1586//1586 1605//1605 1585//1585
f 1587//1587 1606//1606 1586//1586
f 1588//1588 1607//1607 1587//1587
f 1589//1589 1608//1608 1588//1588
f 1590//1590 1609//1609 1589//1589
f 1591//1591 1610//1610 1590//1590
f 1592//1592 1611//1611 1591//1591
f 1593//1593 1612//1612 1592//1592
f 1594//1594 1613//1613 1593//1593
f 1595//1595 1614//1614 1594//1594
f 1596//1596 1615//1615 1595//1595
f 1597//1597 1616//1616 1596//1596
f 1598//1598 1617//1617 1597//1597
f 1599//1599 1618//1618 1598//1598
f 1600//1600 1619//1619 1599//1599
f 1581//1581 1620//1620 1600//1600
f 1602//1602 1621//1621 1601//1601
f 1603//1603 1622//1622 1602//1602
f 1604//1604 1623//1623 1603//1603
f 1605//1605 1624//1624 1604//1604
f 1606//1606 1625//1625 1605//1605
f 1607//1607 1626//1626 1606//1606
f 1608//1608 1627//1627 1607//1607
f 1609//1609 1628//1628 1608//1608
f 1610//1610 1629//1629 1609//1609
f 1611//1611 1630//1630 1610//1610
f 1612//1612 1631//1631 1611//1611
f 1613//1613 1632//1632 1612//1612
f 1614//1614 1633//1633 1613//1613
f 1615//1615 1634//1634 1614//1614
f 1616//1616 1635//1635 1615//1615
f 1617//1617 1636//1636 1616//1616
f 1618//1618 1637//1637 1617//1617
f 1619//1619 1638//1638 1618//1618
f 1620//1620 1639//1639 1619//1619
f 1601//1601 1640//1640 1620//1620
f 1622//1622 1641//1641 1621//1621
f 1623//1623 1642//1642 1622//1622
f 1624//1624 1643//1643 1623//1623
f 1625//1625 1644//1644 1624//1624
f 1626//1626 1645//1645 1625//1625
f 1627//1627 1646//1646 1626//1626
f 1628//1628 1647//1647 1627//1627
f 1629//1629 1648//1648 1628//1628
f 1630//1630 1649//1649 1629//1629
f 1631//1631 1650//1650 1630//1630
f 1632//1632 1651//1651 1631//1631
f 1633//1633 1652//1652 1632//1632
f 1634//1634 1653//1653 1633//1633
f 1635//1635 1654//1654 1634//1634
f 1636//1636 1655//1655 1635//1635
f 1637//1637 1656//1656 1636//1636
f 1638//1638 1657//1657 1637//1637
f 1639//1639 1658//1658 1638//1638
f 1640//1640 1659//1659 1639//1639
f 1621//1621 1660//1660 1640//1640
f 1642//1642 1661//1661 1641//1641
f 1643//1643 1662//1662 1642//1642
f 1644//1644 1663//1663 1643//1643
f 1645//1645 1664//1664 1644//1644
f 1646//1646 1665//1665 1645//1645
f 1647//1647 1666//1666 1646//1646
f 1648//1648 1667//1667 1647//1647
f 1649//1649 1668//1668 1648//1648
f 1650//1650 1669//1669 1649//1649
f 1651//1651 1670//1670 1650//1650
f 1652//1652 1671//1671 1651//1651
f 1653//1653 1672//1672 1652//1652
f 1654//1654 1673//1673 1653//1653
f 1655//1655 1674//1674 1654//1654
f 1656//1656 1675//1675 1655//1655
f 1657//1657 1676//1676 1656//1656
f 1658//1658 1677//1677 1657//1657
f 1659//1659 1678//1678 1658//1658
f 1660//1660 1679//1679 1659//1659
f 1641//1641 1680//1680 1660//1660
f 1662//1662 1681//1681 1661//1661
f 1663//1663 1682//1682 1662//1662
f 1664//1664 1683//1683 1663//1663
f 1665//1665 1684//1684 1664//1664
f 1666//1666 1685//1685 1665//1665
f 1667//1667 1686//1686 1666//1666
f 1668//1668 1687//1687 1667//1667
f 1669//1669 1688//1688 1668//1668
f 1670//1670 1689//1689 1669//1669
f 1671//1671 1690//1690 1670//1670
f 1672//1672 1691//1691 1671//1671
f 1673//1673 1692//1692 1672//1672
f 1674//1674 1693//1693 1673//1673
f 1675//1675 1694//1694 1674//1674
f 1676//1676 1695//1695 1675//1675
f 1677//1677 1696//1696 1676//1676
f 1678//1678 1697//1697 1677//1677
f 1679//1679 1698//1698 1678//1678
f 1680//1680 1699//1699 1679//1679
f 1661//1661 1700//1700 1680//1680
f 1682//1682 1701//1701 1681//1681
f 1683//1683 1702//1702 1682//1682
f 1684//1684 1703//1703 1683//1683
f 1685//1685 1704//1704 1684//1684
f 1686//1686 1705//1705 1685//1685
f 1687//1687 1706//1706 1686//1686
f 1688//1688 1707//1707 1687//1687
f 1689//1689 1708//1708 1688//1688
f 1690//1690 1709//1709 1689//1689
f 1691//1691 1710//1710 1690//1690
f 1692//1692 1711//1711 1691//1691
f 1693//1693 1712//1712 1692//1692
f 1694//1694 1713//1713 1693//1693
f 1695//1695 1714//1714 1694//1694
f 1696//1696 1715//1715 1695//1695
f 1697//1697 1716//1716 1696//1696
f 1698//1698 1717//1717 1697//1697
f 1699//1699 1718//1718 1698//1698
f 1700//1700 1719//1719 1699//1699
f 1681//1681 1720//1720 1700//1700
f 1702//1702 1721//1721 1701//1701
f 1703//1703 1722//1722 1702//1702
f 1704//1704 1723//1723 1703//1703
f 1705//1705 1724//1724 1704//1704
f 1706//1706 1725//1725 1705//1705
f 1707//1707 1726//1726 1706//1706
f 1708//1708 1727//1727 1707//1707
f 1709//1709 1728//1728 1708//1708
f 1710//1710 1729//1729 1709//1709
f 1711//1711 1730//1730 1710//1710
f 1712//1712 1731//1731 1711//1711
f 1713//1713 1732//1732 1712//1712
f 1714//1714 1733//1733 1713//1713
f 1715//1715 1734//1734 1714//1714
f 1716//1716 1735//1735 1715//1715
f 1717//1717 1736//1736 1716//1716
f 1718//1718 1737//1737 1717//1717
f 1719//1719 1738//1738 1718//1718
f 1720//1720 1739//1739 1719//1719
f 1701//1701 1740//1740 1720//1720
f 1722//1722 1741//1741 1721//1721
f 1723//1723 1742//1742 1722//1722
f 1724//1724 1743//1743 1723//1723
f 1725//1725 1744//1744 1724//1724
f 1726//1726 1745//1745 1725//1725
f 1727//1727 1746//1746 1726//1726
f 1728//1728 1747//1747 1727//1727
f 1729//1729 1748//1748 1728//1728
f 1730//1730 1749//1749 1729//1729
f 1731//1731 1750//1750 1730//1730
f 1732//1732 1751//1751 1731//1731
f 1733//1733 1752//1752 1732//1732
f 1734//1734 1753//1753 1733//1733
f 1735//1735 1754//1754 1734//1734
f 1736//1736 1755//1755 1735//1735
f 1737//1737 1756//1756 1736//1736
f 1738//1738 1757//1757 1737//1737
f 1739//1739 1758//1758 1738//1738
f 1740//1740 1759//1759 1739//1739
f 1721//1721 1760//1760 1740//1740
f 1742//1742 1761//1761 1741//1741
f 1743//1743 1762//1762 1742//1742
f 1744//1744 1763//1763 1743//1743
f 1745//1745 1764//1764 1744//1744
f 1746//1746 1765//1765 1745//1745
f 1747//1747 1766//1766 1746//1746
f 1748//1748 1767//1767 1747//1747
f 1749//1749 1768//1768 1748//1748
f 1750//1750 1769//1769 1749//1749
f 1751//1751 1770//1770 1750//1750
f 1752//1752 1771//1771 1751//1751
f 1753//1753 1772//1772 1752//1752
f 1754//1754 1773//1773 1753//1753
f 1755//1755 1774//1774 1754//1754
f 1756//1756 1775//1775 1755//1755
f 1777//1777 1756//1756 1757//1757
f 1778//1778 1757//1757 1758//1758
f 1759//1759 1778//1778 1758//1758
f 1760//1760 1779//1779 1759//1759
f 1741//1741 1780//1780 1760//1760
f 1762//1762 1781//1781 1761//1761
f 1763//1763 1782//1782 1762//1762
f 1764//1764 1783//1783 1763//1763
f 1765//1765 1784//1784 1764//1764
f 1766//1766 1785//1785 1765//1765
f 1767//1767 1786//1786 1766//1766
f 1768//1768 1787//1787 1767//1767
f 1769//1769 1788//1788 1768//1768
f 1770//1770 1789//1789 1769//1769
f 1771//1771 1790//1790 1770//1770
f 1772//1772 1791//1791 1771//1771
f 1773//1773 1792//1792 1772//1772
f 1774//1774 1793//1793 1773//1773
f 1775//1775 1794//1794 1774//1774
f 1796//1796 1775//1775 1776//1776
f 1797//1797 1776//1776 1777//1777
f 1798//1798 1777//1777 1778//1778
f 1799//1799 1778//1778 1779//1779
f 1780//1780 1799//1799 1779//1779
f 1761//1761 1800//1800 1780//1780
f 1782//1782 1801//1801 1781//1781
f 1783//1783 1802//1802 1782//1782
f 1784//1784 1803//1803 1783//1783
f 1785//1785 1804//1804 1784//1784
f 1786//1786 1805//1805 1785//1785
f 1787//1787 1806//1806 1786//1786
f 1788//1788 1807//1807 1787//1787
f 1789//1789 1808//1808 1788//1788
f 1790//1790 1809//1809 1789//1789
f 1791//1791 1810//1810 1790//1790
f 1792//1792 1811//1811 1791//1791
f 1793//1793 1812//1812 1792//1792
f 1794//1794 1813//1813 1793//1793
f 1815//1815 1794//1794 1795//1795
f 1816//1816 1795//1795 1796//1796
f 1817//1817 1796//1796 1797//1797
f 1818//1818 1797//1797 1798//1798
f 1819//1819 1798//1798 1799//1799
f 1820//1820 1799//1799 1800//1800
f 1781//1781 1820//1820 1800//1800
f 1802//1802 1821//1821 1801//1801
f 1803//1803 1822//1822 1802//1802
f 1804//1804 1823//1823 1803//1803
f 1805//1805 1824//1824 1804//1804
f 1806//1806 1825//1825 1805//1805
f 1807//1807 1826//1826 1806//1806
f 1808//1808 1827//1827 1807//1807
f 1809//1809 1828//1828 1808//1808
f 1810//1810 1829//1829 1809//1809
f 1811//1811 1830//1830 1810//1810
f 1812//1812 1831//1831 1811//1811
f 1813//1813 1832//1832 1812//1812
f 1834//1834 1813//1813 1814//1814
f 1835//1835 1814//1814 1815//1815
f 1836//1836 1815//1815 1816//1816
f 1837//1837 1816//1816 1817//1817
f 1838//1838 1817//1817 1818//1818
f 1839//1839 1818//1818 1819//1819
f 1840//1840 1819//1819 1820//1820
f 1801//1801 1840//1840 1820//1820
f 1822//1822 1841//1841 1821//1821
f 1823//1823 1842//1842 1822//1822
f 1824//1824 1843//1843 1823//1823
f 1825//1825 1844//1844 1824//1824
f 1826//1826 1845//1845 1825//1825
f 1827//1827 1846//1846 1826//1826
f 1828//1828 1847//1847 1827//1827
f 1829//1829 1848//1848 1828//1828
f 1830//1830 1849//1849 1829//1829
f 1831//1831 1850//1850 1830//1830
f 1832//1832 1851//1851 1831//1831
f 1833//1833 1852//1852 1832//1832
f 1854//1854 1833//1833 1834//1834
f 1855//1855 1834//1834 1835//1835
f 1856//1856 1835//1835 1836//1836
f 1857//1857 1836//1836 1837//1837
f 1858//1858 1837//1837 1838//1838
f 1859//1859 1838//1838 1839//1839
f 1860//1860 1839//1839 1840//1840
f 1821//1821 1860//1860 1840//1840
f 1842//1842 1861//1861 1841//1841
f 1843//1843 1862//1862 1842//1842
f 1844//1844 1863//1863 1843//1843
f 1845//1845 1864//1864 1844//1844
f 1846//1846 1865//1865 1845//1845
f 1847//1847 1866//1866 1846//1846
f 1848//1848 1867//1867 1847//1847
f 1849//1849 1868//1868 1848//1848
f 1850//1850 1869//1869 1849//1849
f 1851//1851 1870//1870 1850//1850
f 1852//1852 1871//1871 1851//1851
f 1873//1873 1852//1852 1853//1853
f 1874//1874 1853//1853 1854//1854
f 1875//1875 1854//1854 1855//1855
f 1876//1876 1855//1855 1856//1856
f 1877//1877 1856//1856 1857//1857
f 1878//1878 1857//1857 1858//1858
f 1879//1879 1858//1858 1859//1859
f 1880//1880 1859//1859 1860//1860
f 1861//1861 1860//1860 1841//1841
f 1862//1862 1881//1881 1861//1861
f 1863//1863 1882//1882 1862//1862
f 1864//1864 1883//1883 1863//1863
f 1865//1865 1884//1884 1864//1864
f 1866//1866 1885//1885 1865//1865
f 1867//1867 1886//1886 1866//1866
f 1868//1868 1887//1887 1867//1867
f 1869//1869 1888//1888 1868//1868
f 1870//1870 1889//1889 1869//1869
f 1871//1871 1890//1890 1870//1870
f 1872//1872 1891//1891 1871//1871
f 1893//1893 1872//1872 1873//1873
f 1894//1894 1873//1873 1874//1874
f 1895//1895 1874//1874 1875//1875
f 1896//1896 1875//1875 1876//1876
f 1897//1897 1876//1876 1877//1877
f 1898//1898 1877//1877 1878//1878
f 1899//1899 1878//1878 1879//1879
f 1900//1900 1879//1879 1880//1880
f 1881//1881 1880//1880 1861//1861
f 1882//1882 1901//1901 1881//1881
f 1883//1883 1902//1902 1882//1882
f 1884//1884 1903//1903 1883//1883
f 1885//1885 1904//1904 1884//1884
f 1886//1886 1905//1905 1885//1885
f 1887//1887 1906//1906 1886//1886
f 1888//1888 1907//1907 1887//1887
f 1889//1889 1908//1908 1888//1888
f 1890//1890 1909//1909 1889//1889
f 1891//1891 1910//1910 1890//1890
f 1892//1892 1911//1911 1891//1891
f 1913//1913 1892//1892 1893//1893
f 1914//1914 1893//1893 1894//1894
f 1915//1915 1894//1894 1895//1895
f 1916//1916 1895//1895 1896//1896
f 1917//1917 1896//1896 1897//1897
f 1918//1918 1897//1897 1898//1898
f 1919//1919 1898//1898 1899//1899
f 1920//1920 1899//1899 1900//1900
f 1901//1901 1900//1900 1881//1881
f 1902//1902 1921//1921 1901//1901
f 1903//1903 1922//1922 1902//1902
f 1904//1904 1923//1923 1903//1903
f 1905//1905 1924//1924 1904//1904
f 1906//1906 1925//1925 1905//1905
f 1907//1907 1926//1926 1906//1906
f 1908//1908 1927//1927 1907//1907
f 1909//1909 1928//1928 1908//1908
f 1910//1910 1929//1929 1909//1909
f 1911//1911 1930//1930 1910//1910
f 1912//1912 1931//1931 1911//1911
f 1933//1933 1912//1912 1913//1913
f 1934//1934 1913//1913 1914//1914
f 1935//1935 1914//1914 1915//1915
f 1936//1936 1915//1915 1916//1916
f 1937//1937 1916//1916 1917//1917
f 1938//1938 1917//1917 1918//1918
f 1939//1939 1918//1918 1919//1919
f 1940//1940 1919//1919 1920//1920
f 1921//1921 1920//1920 1901//1901
f 1922//1922 1941//1941 1921//1921
f 1923//1923 1942//1942 1922//1922
f 1924//1924 1943//1943 1923//1923
f 1925//1925 1944//1944 1924//1924
f 1926//1926 1945//1945 1925//1925
f 1927//1927 1946//1946 1926//1926
f 1928//1928 1947//1947 1927//1927
f 1929//1929 1948//1948 1928//1928
f 1930//1930 1949//1949 1929//1929
f 1931//1931 1950//1950 1930//1930
f 1952//1952 1931//1931 1932//1932
f 1953//1953 1932//1932 1933//1933
f 1954//1954 1933//1933 1934//1934
f 1955//1955 1934//1934 1935//1935
f 1956//1956 1935//1935 1936//1936
f 1957//1957 1936//1936 1937//1937
f 1958//1958 1937//1937 1938//1938
f 1959//1959 1938//1938 1939//1939
f 1960//1960 1939//1939 1940//1940
f 1941//1941 1940//1940 1921//1921
f 1942//1942 1961//1961 1941//1941
f 1943//1943 1962//1962 1942//1942
f 1944//1944 1963//1963 1943//1943
f 1945//1945 1964//1964 1944//1944
f 1946//1946 1965//1965 1945//1945
f 1947//1947 1966//1966 1946//1946
f 1948//1948 1967//1967 1947//1947
f 1949//1949 1968//1968 1948//1948
f 1950//1950 1969//1969 1949//1949
f 1951//1951 1970//1970 1950//1950
f 1972//1972 1951//1951 1952//1952
f 1973//1973 1952//1952 1953//1953
f 1974//1974 1953//1953 1954//1954
f 1975//1975 1954//1954 1955//1955
f 1976//1976 1955//1955 1956//1956
f 1977//1977 1956//1956 1957//1957
f 1978//1978 1957//1957 1958//1958
f 1979//1979 1958//1958 1959//1959
f 1980//1980 1959//1959 1960//1960
f 1961//1961 1960//1960 1941//1941
f 1962//1962 1981//1981 1961//1961
f 1963//1963 1982//1982 1962//1962
f 1964//1964 1983//1983 1963//1963
f 1965//1965 1984//1984 1964//1964
f 1966//1966 1985//1985 1965//1965
f 1967//1967 1986//1986 1966//1966
f 1968//1968 1987//1987 1967//1967
f 1969//1969 1988//1988 1968//1968
f 1970//1970 1989//1989 1969//1969
f 1971//1971 1990//1990 1970//1970
f 1992//1992 1971//1971 1972//1972
f 1993//1993 1972//1972 1973//1973
f 1994//1994 1973//1973 1974//1974
f 1995//1995 1974//1974 1975//1975
f 1996//1996 1975//1975 1976//1976
f 1997//1997 1976//1976 1977//1977
f 1998//1998 1977//1977 1978//1978
f 1999//1999 1978//1978 1979//1979
f 2000//2000 1979//1979 1980//1980
f 1981//1981 1980//1980 1961//1961
f 1982//1982 2001//2001 1981//1981
f 1983//1983 2002//2002 1982//1982
f 1984//1984 2003//2003 1983//1983
f 1985//1985 2004//2004 1984//1984
f 1986//1986 2005//2005 1985//1985
f 1987//1987 2006//2006 1986//1986
f 1988//1988 2007//2007 1987//1987
f 1989//1989 2008//2008 1988//1988
f 1990//1990 2009//2009 1989//1989
f 1991//1991 2010//2010 1990//1990
f 2012//2012 1991//1991 1992//1992
f 2013//2013 1992//1992 1993//1993
f 2014//2014 1993//1993 1994//1994
f 2015//2015 1994//1994 1995//1995
f 2016//2016 1995//1995 1996//1996
f 2017//2017 1996//1996 1997//1997
f 2018//2018 1997//1997 1998//1998
f 2019//2019 1998//1998 1999//1999
f 2020//2020 1999//1999 2000//2000
f 2001//2001 2000//2000 1981//1981
f 2002//2002 2021//2021 2001//2001
f 2003//2003 2022//2022 2002//2002
f 2004//2004 2023//2023 2003//2003
f 2005//2005 2024//2024 2004//2004
f 2006//2006 2025//2025 2005//2005
f 2007//2007 2026//2026 2006//2006
f 2008//2008 2027//2027 2007//2007
f 2009//2009 2028//2028 2008//2008
f 2010//2010 2029//2029 2009//2009
f 2011//2011 2030//2030 2010//2010
f 2032//2032 2011//2011 2012//2012
f 2033//2033 2012//2012 2013//2013
f 2034//2034 2013//2013 2014//2014
f 2035//2035 2014//2014 2015//2015
f 2036//2036 2015//2015 2016//2016
f 2037//2037 2016//2016 2017//2017
f 2038//2038 2017//2017 2018//2018
f 2039//2039 2018//2018 2019//2019
f 2040//2040 2019//2019 2020//2020
f 2021//2021 2020//2020 2001//2001
f 2022//2022 2041//2041 2021//2021
f 2023//2023 2042//2042 2022//2022
f 2024//2024 2043//2043 2023//2023
f 2025//2025 2044//2044 2024//2024
f 2026//2026 2045//2045 2025//2025
f 2027//2027 2046//2046 2026//2026
f 2028//2028 2047//2047 2027//2027
f 2029//2029 2048//2048 2028//2028
f 2030//2030 2049//2049 2029//2029
f 2031//2031 2050//2050 2030//2030
f 2052//2052 2031//2031 2032//2032
f 2053//2053 2032//2032 2033//2033
f 2054//2054 2033//2033 2034//2034
f 2055//2055 2034//2034 2035//2035
f 2056//2056 2035//2035 2036//2036
f 2057//2057 2036//2036 2037//2037
f 2058//2058 2037//2037 2038//2038
f 2059//2059 2038//2038 2039//2039
f 2060//2060 2039//2039 2040//2040
f 2041//2041 2040//2040 2021//2021
f 2042//2042 2061//2061 2041//2041
f 2043//2043 2062//2062 2042//2042
f 2044//2044 2063//2063 2043//2043
f 2045//2045 2064//2064 2044//2044
f 2046//2046 2065//2065 2045//2045
f 2047//2047 2066//2066 2046//2046
f 2048//2048 2067//2067 2047//2047
f 2049//2049 2068//2068 2048//2048
f 2050//2050 2069//2069 2049//2049
f 2051//2051 2070//2070 2050//2050
f 2072//2072 2051//2051 2052//2052
f 2073//2073 2052//2052 2053//2053
f 2074//2074 2053//2053 2054//2054
f 2075//2075 2054//2054 2055//2055
f 2076//2076 2055//2055 2056//2056
f 2077//2077 2056//2056 2057//2057
f 2078//2078 2057//2057 2058//2058
f 2079//2079 2058//2058 2059//2059
f 2080//2080 2059//2059 2060//2060
f 2061//2061 2060//2060 2041//2041
f 2062//2062 2081//2081 2061//2061
f 2063//2063 2082//2082 2062//2062
f 2064//2064 2083//2083 2063//2063
f 2065//2065 2084//2084 2064//2064
f 2066//2066 2085//2085 2065//2065
f 2067//2067 2086//2086 2066//2066
f 2068//2068 2087//2087 2067//2067
f 2069//2069 2088//2088 2068//2068
f 2070//2070 2089//2089 2069//2069
f 2071//2071 2090//2090 2070//2070
f 2092//2092 2071//2071 2072//2072
f 2093//2093 2072//2072 2073//2073
f 2094//2094 2073//2073 2074//2074
f 2095//2095 2074//2074 2075//2075
f 2096//2096 2075//2075 2076//2076
f 2097//2097 2076//2076 2077//2077
f 2098//2098 2077//2077 2078//2078
f 2099//2099 2078//2078 2079//2079
f 2100//2100 2079//2079 2080//2080
f 2061//2061 2100//2100 2080//2080
f 2082//2082 2101//2101 2081//2081
f 2083//2083 2102//2102 2082//2082
f 2084//2084 2103//2103 2083//2083
f 2085//2085 2104//2104 2084//2084
f 2086//2086 2105//2105 2085//2085
f 2087//2087 2106//2106 2086//2086
f 2088//2088 2107//2107 2087//2087
f 2089//2089 2108//2108 2088//2088
f 2090//2090 2109//2109 2089//2089
f 2091//2091 2110//2110 2090//2090
f 2112//2112 2091//2091 2092//2092
f 2113//2113 2092//2092 2093//2093
f 2114//2114 2093//2093 2094//2094
f 2115//2115 2094//2094 2095//2095
f 2116//2116 2095//2095 2096//2096
f 2117//2117 2096//2096 2097//2097
f 2118//2118 2097//2097 2098//2098
f 2119//2119 2098//2098 2099//2099
f 2120//2120 2099//2099 2100//2100
f 2081//2081 2120//2120 2100//2100
f 2102//2102 2121//2121 2101//2101
f 2103//2103 2122//2122 2102//2102
f 2104//2104 2123//2123 2103//2103
f 2105//2105 2124//2124 2104//2104
f 2106//2106 2125//2125 2105//2105
f 2107//2107 2126//2126 2106//2106
f 2108//2108 2127//2127 2107//2107
f 2109//2109 2128//2128 2108//2108
f 2110//2110 2129//2129 2109//2109
f 2111//2111 2130//2130 2110//2110
f 2132//2132 2111//2111 2112//2112
f 2133//2133 2112//2112 2113//2113
f 2134//2134 2113//2113 2114//2114
f 2135//2135 2114//2114 2115//2115
f 2136//2136 2115//2115 2116//2116
f 2137//2137 2116//2116 2117//2117
f 2138//2138 2117//2117 2118//2118
f 2139//2139 2118//2118 2119//2119
f 2140//2140 2119//2119 2120//2120
f 2101//2101 2140//2140 2120//2120
f 2122//2122 2141//2141 2121//2121
f 2123//2123 2142//2142 2122//2122
f 2124//2124 2143//2143 2123//2123
f 2125//2125 2144//2144 2124//2124
f 2126//2126 2145//2145 2125//2125
f 2127//2127 2146//2146 2126//2126
f 2128//2128 2147//2147 2127//2127
f 2129//2129 2148//2148 2128//2128
f 2130//2130 2149//2149 2129//2129
f 2131//2131 2150//2150 2130//2130
f 2152//2152 2131//2131 2132//2132
f 2153//2153 2132//2132 2133//2133
f 2154//2154 2133//2133 2134//2134
f 2155//2155 2134//2134 2135//2135
f 2156//2156 2135//2135 2136//2136
f 2157//2157 2136//2136 2137//2137
f 2158//2158 2137//2137 2138//2138
f 2159//2159 2138//2138 2139//2139
f 2160//2160 2139//2139 2140//2140
f 2121//2121 2160//2160 2140//2140
f 2142//2142 2161//2161 2141//2141
f 2143//2143 2162//2162 2142//2142
f 2144//2144 2163//2163 2143//2143
f 2145//2145 2164//2164 2144//2144
f 2146//2146 2165//2165 2145//2145
f 2147//2147 2166//2166 2146//2146
f 2148//2148 2167//2167 2147//2147
f 2149//2149 2168//2168 2148//2148
f 2150//2150 2169//2169 2149//2149
f 2151//2151 2170//2170 2150//2150
f 2152//2152 2171//2171 2151//2151
f 2173//2173 2152//2152 2153//2153
f 2174//2174 2153//2153 2154//2154
f 2175//2175 2154//2154 2155//2155
f 2176//2176 2155//2155 2156//2156
f 2177//2177 2156//2156 2157//2157
f 2178//2178 2157//2157 2158//2158
f 2179//2179 2158//2158 2159//2159
f 2160//2160 2179//2179 2159//2159
f 2141//2141 2180//2180 2160//2160
f 2162//2162 2181//2181 2161//2161
f 2163//2163 2182//2182 2162//2162
f 2164//2164 2183//2183 2163//2163
f 2165//2165 2184//2184 2164//2164
f 2166//2166 2185//2185 2165//2165
f 2167//2167 2186//2186 2166//2166
f 2168//2168 2187//2187 2167//2167
f 2169//2169 2188//2188 2168//2168
f 2170//2170 2189//2189 2169//2169
f 2171//2171 2190//2190 2170//2170
f 2172//2172 2191//2191 2171//2171
f 2193//2193 2172//2172 2173//2173
f 2194//2194 2173//2173 2174//2174
f 2195//2195 2174//2174 2175//2175
f 2196//2196 2175//2175 2176//2176
f 2197//2197 2176//2176 2177//2177
f 2198//2198 2177//2177 2178//2178
f 2199//2199 2178//2178 2179//2179
f 2180//2180 2199//2199 2179//2179
f 2161//2161 2200//2200 2180//2180
f 2182//2182 2201//2201 2181//2181
f 2183//2183 2202//2202 2182//2182
f 2184//2184 2203//2203 2183//2183
f 2185//2185 2204//2204 2184//2184
f 2186//2186 2205//2205 2185//2185
f 2187//2187 2206//2206 2186//2186
f 2188//2188 2207//2207 2187//2187
f 2189//2189 2208//2208 2188//2188
f 2190//2190 2209//2209 2189//2189
f 2191//2191 2210//2210 2190//2190
f 2192//2192 2211//2211 2191//2191
f 2213//2213 2192//2192 2193//2193
f 2214//2214 2193//2193 2194//2194
f 2215//2215 2194//2194 2195//2195
f 2216//2216 2195//2195 2196//2196
f 2217//2217 2196//2196 2197//2197
f 2218//2218 2197//2197 2198//2198
f 2199//2199 2218//2218 2198//2198
f 2200//2200 2219//2219 2199//2199
f 2181//2181 2220//2220 2200//2200
f 2202//2202 2221//2221 2201//2201
f 2203//2203 2222//2222 2202//2202
f 2204//2204 2223//2223 2203//2203
f 2205//2205 2224//2224 2204//2204
f 2206//2206 2225//2225 2205//2205
f 2207//2207 2226//2226 2206//2206
f 2208//2208 2227//2227 2207//2207
f 2209//2209 2228//2228 2208//2208
f 2210//2210 2229//2229 2209//2209
f 2211//2211 2230//2230 2210//2210
f 2212//2212 2231//2231 2211//2211
f 2213//2213 2232//2232 2212//2212
f 2234//2234 2213//2213 2214//2214
f 2235//2235 2214//2214 2215//2215
f 2236//2236 2215//2215 2216//2216
f 2237//2237 2216//2216 2217//2217
f 2218//2218 2237//2237 2217//2217
f 2219//2219 2238//2238 2218//2218
f 2220//2220 2239//2239 2219//2219
f 2201//2201 2240//2240 2220//2220
f 2222//2222 2241//2241 2221//2221
f 2223//2223 2242//2242 2222//2222
f 2224//2224 2243//2243 2223//2223
f 2225//2225 2244//2244 2224//2224
f 2226//2226 2245//2245 2225//2225
f 2227//2227 2246//2246 2226//2226
f 2228//2228 2247//2247 2227//2227
f 2229//2229 2248//2248 2228//2228
f 2230//2230 2249//2249 2229//2229
f 2231//2231 2250//2250 2230//2230
f 2232//2232 2251//2251 2231//2231
f 2233//2233 2252//2252 2232//2232
f 2234//2234 2253//2253 2233//2233
f 2255//2255 2234//2234 2235//2235
f 2256//2256 2235//2235 2236//2236
f 2237//2237 2256//2256 2236//2236
f 2238//2238 2257//2257 2237//2237
f 2239//2239 2258//2258 2238//2238
f 2240//2240 2259//2259 2239//2239
f 2221//2221 2260//2260 2240//2240
f 2242//2242 2261//2261 2241//2241
f 2243//2243 2262//2262 2242//2242
f 2244//2244 2263//2263 2243//2243
f 2245//2245 2264//2264 2244//2244
f 2246//2246 2265//2265 2245//2245
f 2247//2247 2266//2266 2246//2246
f 2248//2248 2267//2267 2247//2247
f 2249//2249 2268//2268 2248//2248
f 2250//2250 2269//2269 2249//2249
f 2251//2251 2270//2270 2250//2250
f 2252//2252 2271//2271 2251//2251
f 2253//2253 2272//2272 2252//2252
f 2254//2254 2273//2273 2253//2253
f 2255//2255 2274//2274 2254//2254
f 2256//2256 2275//2275 2255//2255
f 2257//2257 2276//2276 2256//2256
f 2258//2258 2277//2277 2257//2257
f 2259//2259 2278//2278 2258//2258
f 2260//2260 2279//2279 2259//2259
f 2241//2241 2280//2280 2260//2260
f 2262//2262 2281//2281 2261//2261
f 2263//2263 2282//2282 2262//2262
f 2264//2264 2283//2283 2263//2263
f 2265//2265 2284//2284 2264//2264
f 2266//2266 2285//2285 2265//2265
f 2267//2267 2286//2286 2266//2266
f 2268//2268 2287//2287 2267//2267
f 2269//2269 2288//2288 2268//2268
f 2270//2270 2289//2289 2269//2269
f 2271//2271 2290//2290 2270//2270
f 2272//2272 2291//2291 2271//2271
f 2273//2273 2292//2292 2272//2272
f 2274//2274 2293//2293 2273//2273
f 2275//2275 2294//2294 2274//2274
f 2276//2276 2295//2295 2275//2275
f 2277//2277 2296//2296 2276//2276
f 2278//2278 2297//2297 2277//2277
f 2279//2279 2298//2298 2278//2278
f 2280//2280 2299//2299 2279//2279
f 2261//2261 2300//2300 2280//2280
f 2282//2282 2301//2301 2281//2281
f 2283//2283 2302//2302 2282//2282
f 2284//2284 2303//2303 2283//2283
f 2285//2285 2304//2304 2284//2284
f 2286//2286 2305//2305 2285//2285
f 2287//2287 2306//2306 2286//2286
f 2288//2288 2307//2307 2287//2287
f 2289//2289 2308//2308 2288//2288
f 2290//2290 2309//2309 2289//2289
f 2291//2291 2310//2310 2290//2290
f 2292//2292 2311//2311 2291//2291
f 2293//2293 2312//2312 2292//2292
f 2294//2294 2313//2313 2293//2293
f 2295//2295 2314//2314 2294//2294
f 2296//2296 2315//2315 2295//2295
f 2297//2297 2316//2316 2296//2296
f 2298//2298 2317//2317 2297//2297
f 2299//2299 2318//2318 2298//2298
f 2300//2300 2319//2319 2299//2299
f 2281//2281 2320//2320 2300//2300
f 2302//2302 2321//2321 2301//2301
f 2303//2303 2322//2322 2302//2302
f 2304//2304 2323//2323 2303//2303
f 2305//2305 2324//2324 2304//2304
f 2306//2306 2325//2325 2305//2305
f 2307//2307 2326//2326 2306//2306
f 2308//2308 2327//2327 2307//2307
f 2309//2309 2328//2328 2308//2308
f 2310//2310 2329//2329 2309//2309
f 2311//2311 2330//2330 2310//2310
f 2312//2312 2331//2331 2311//2311
f 2313//2313 2332//2332 2312//2312
f 2314//2314 2333//2333 2313//2313
f 2315//2315 2334//2334 2314//2314
f 2316//2316 2335//2335 2315//2315
f 2317//2317 2336//2336 2316//2316
f 2318//2318 2337//2337 2317//2317
f 2319//2319 2338//2338 2318//2318
f 2320//2320 2339//2339 2319//2319
f 2301//2301 2340//2340 2320//2320
f 2322//2322 2341//2341 2321//2321
f 2323//2323 2342//2342 2322//2322
f 2324//2324 2343//2343 2323//2323
f 2325//2325 2344//2344 2324//2324
f 2326//2326 2345//2345 2325//2325
f 2327//2327 2346//2346 2326//2326
f 2328//2328 2347//2347 2327//2327
f 2329//2329 2348//2348 2328//2328
f 2330//2330 2349//2349 2329//2329
f 2331//2331 2350//2350 2330//2330
f 2332//2332 2351//2351 2331//2331
f 2333//2333 2352//2352 2332//2332
f 2334//2334 2353//2353 2333//2333
f 2335//2335 2354//2354 2334//2334
f 2336//2336 2355//2355 2335//2335
f 2337//2337 2356//2356 2336//2336
f 2338//2338 2357//2357 2337//2337
f 2339//2339 2358//2358 2338//2338
f 2340//2340 2359//2359 2339//2339
f 2321//2321 2360//2360 2340//2340
f 2342//2342 2361//2361 2341//2341
f 2343//2343 2362//2362 2342//2342
f 2344//2344 2363//2363 2343//2343
f 2345//2345 2364//2364 2344//2344
f 2346//2346 2365//2365 2345//2345
f 2347//2347 2366//2366 2346//2346
f 2348//2348 2367//2367 2347//2347
f 2349//2349 2368//2368 2348//2348
f 2350//2350 2369//2369 2349//2349
f 2351//2351 2370//2370 2350//2350
f 2352//2352 2371//2371 2351//2351
f 2353//2353 2372//2372 2352//2352
f 2354//2354 2373//2373 2353//2353
f 2355//2355 2374//2374 2354//2354
f 2356//2356 2375//2375 2355//2355
f 2357//2357 2376//2376 2356//2356
f 2358//2358 2377//2377 2357//2357
f 2359//2359 2378//2378 2358//2358
f 2360//2360 2379//2379 2359//2359
f 2341//2341 2380//2380 2360//2360
f 2362//2362 2381//2381 2361//2361
f 2363//2363 2382//2382 2362//2362
f 2364//2364 2383//2383 2363//2363
f 2365//2365 2384//2384 2364//2364
f 2366//2366 2385//2385 2365//2365
f 2367//2367 2386//2386 2366//2366
f 2368//2368 2387//2387 2367//2367
f 2369//2369 2388//2388 2368//2368
f 2370//2370 2389//2389 2369//2369
f 2371//2371 2390//2390 2370//2370
f 2372//2372 2391//2391 2371//2371
f 2373//2373 2392//2392 2372//2372
f 2374//2374 2393//2393 2373//2373
f 2375//2375 2394//2394 2374//2374
f 2376//2376 2395//2395 2375//2375
f 2377//2377 2396//2396 2376//2376
f 2378//2378 2397//2397 2377//2377
f 2379//2379 2398//2398 2378//2378
f 2380//2380 2399//2399 2379//2379
f 2361//2361 2400//2400 2380//2380
f 2382//2382 2401//2401 2381//2381
f 2383//2383 2402//2402 2382//2382
f 2384//2384 2403//2403 2383//2383
f 2385//2385 2404//2404 2384//2384
f 2386//2386 2405//2405 2385//2385
f 2387//2387 2406//2406 2386//2386
f 2388//2388 2407//2407 2387//2387
f 2389//2389 2408//2408 2388//2388
f 2390//2390 2409//2409 2389//2389
f 2391//2391 2410//2410 2390//2390
f 2392//2392 2411//2411 2391//2391
f 2393//2393 2412//2412 2392//2392
f 2394//2394 2413//2413 2393//2393
f 2395//2395 2414//2414 2394//2394
f 2396//2396 2415//2415 2395//2395
f 2397//2397 2416//2416 2396//2396
f 2398//2398 2417//2417 2397//2397
f 2399//2399 2418//2418 2398//2398
f 2400//2400 2419//2419 2399//2399
f 2381//2381 2420//2420 2400//2400
f 2402//2402 2421//2421 2401//2401
f 2403//2403 2422//2422 2402//2402
f 2404//2404 2423//2423 2403//2403
f 2405//2405 2424//2424 2404//2404
f 2406//2406 2425//2425 2405//2405
f 2407//2407 2426//2426 2406//2406
f 2408//2408 2427//2427 2407//2407
f 2409//2409 2428//2428 2408//2408
f 2410//2410 2429//2429 2409//2409
f 2411//2411 2430//2430 2410//2410
f 2412//2412 2431//2431 2411//2411
f 2413//2413 2432//2432 2412//2412
f 2414//2414 2433//2433 2413//2413
f 2415//2415 2434//2434 2414//2414
f 2416//2416 2435//2435 2415//2415
f 2417//2417 2436//2436 2416//2416
f 2418//2418 2437//2437 2417//2417
f 2419//2419 2438//2438 2418//2418
f 2420//2420 2439//2439 2419//2419
f 2401//2401 2440//2440 2420//2420
f 2422//2422 2441//2441 2421//2421
f 2423//2423 2442//2442 2422//2422
f 2424//2424 2443//2443 2423//2423
f 2425//2425 2444//2444 2424//2424
f 2426//2426 2445//2445 2425//2425
f 2427//2427 2446//2446 2426//2426
f 2428//2428 2447//2447 2427//2427
f 2429//2429 2448//2448 2428//2428
f 2430//2430 2449//2449 2429//2429
f 2431//2431 2450//2450 2430//2430
f 2432//2432 2451//2451 2431//2431
f 2433//2433 2452//2452 2432//2432
f 2434//2434 2453//2453 2433//2433
f 2435//2435 2454//2454 2434//2434
f 2436//2436 2455//2455 2435//2435
f 2437//2437 2456//2456 2436//2436
f 2438//2438 2457//2457 2437//2437
f 2439//2439 2458//2458 2438//2438
f 2440//2440 2459//2459 2439//2439
f 2421//2421 2460//2460 2440//2440
f 2442//2442 2461//2461 2441//2441
f 2443//2443 2462//2462 2442//2442
f 2444//2444 2463//2463 2443//2443
f 2445//2445 2464//2464 2444//2444
f 2446//2446 2465//2465 2445//2445
f 2447//2447 2466//2466 2446//2446
f 2448//2448 2467//2467 2447//2447
f 2449//2449 2468//2468 2448//2448
f 2450//2450 2469//2469 2449//2449
f 2451//2451 2470//2470 2450//2450
f 2452//2452 2471//2471 2451//2451
f 2453//2453 2472//2472 2452//2452
f 2454//2454 2473//2473 2453//2453
f 2455//2455 2474//2474 2454//2454
f 2456//2456 2475//2475 2455//2455
f 2457//2457 2476//2476 2456//2456
f 2458//2458 2477//2477 2457//2457
f 2459//2459 2478//2478 2458//2458
f 2460//2460 2479//2479 2459//2459
f 2441//2441 2480//2480 2460//2460
f 2462//2462 2481//2481 2461//2461
f 2463//2463 2482//2482 2462//2462
f 2464//2464 2483//2483 2463//2463
f 2465//2465 2484//2484 2464//2464
f 2466//2466 2485//2485 2465//2465
f 2467//2467 2486//2486 2466//2466
f 2468//2468 2487//2487 2467//2467
f 2469//2469 2488//2488 2468//2468
f 2470//2470 2489//2489 2469//2469
f 2471//2471 2490//2490 2470//2470
f 2472//2472 2491//2491 2471//2471
f 2473//2473 2492//2492 2472//2472
f 2474//2474 2493//2493 2473//2473
f 2475//2475 2494//2494 2474//2474
f 2476//2476 2495//2495 2475//2475
f 2477//2477 2496//2496 2476//2476
f 2478//2478 2497//2497 2477//2477
f 2479//2479 2498//2498 2478//2478
f 2480//2480 2499//2499 2479//2479
f 2461//2461 2500//2500 2480//2480
f 2482//2482 2501//2501 2481//2481
f 2483//2483 2502//2502 2482//2482
f 2484//2484 2503//2503 2483//2483
f 2485//2485 2504//2504 2484//2484
f 2486//2486 2505//2505 2485//2485
f 2487//2487 2506//2506 2486//2486
f 2488//2488 2507//2507 2487//2487
f 2489//2489 2508//2508 2488//2488
f 2490//2490 2509//2509 2489//2489
f 2491//2491 2510//2510 2490//2490
f 2492//2492 2511//2511 2491//2491
f 2493//2493 2512//2512 2492//2492
f 2494//2494 2513//2513 2493//2493
f 2495//2495 2514//2514 2494//2494
f 2496//2496 2515//2515 2495//2495
f 2497//2497 2516//2516 2496//2496
f 2498//2498 2517//2517 2497//2497
f 2499//2499 2518//2518 2498//2498
f 2500//2500 2519//2519 2499//2499
f 2481//2481 2520//2520 2500//2500
f 2502//2502 2521//2521 2501//2501
f 2503//2503 2522//2522 2502//2502
f 2504//2504 2523//2523 2503//2503
f 2505//2505 2524//2524 2504//2504
f 2506//2506 2525//2525 2505//2505
f 2507//2507 2526//2526 2506//2506
f 2508//2508 2527//2527 2507//2507
f 2509//2509 2528//2528 2508//2508
f 2510//2510 2529//2529 2509//2509
f 2511//2511 2530//2530 2510//2510
f 2512//2512 2531//2531 2511//2511
f 2513//2513 2532//2532 2512//2512
f 2514//2514 2533//2533 2513//2513
f 2515//2515 2534//2534 2514//2514
f 2516//2516 2535//2535 2515//2515
f 2517//2517 2536//2536 2516//2516
f 2518//2518 2537//2537 2517//2517
f 2519//2519 2538//2538 2518//2518
f 2520//2520 2539//2539 2519//2519
f 2501//2501 2540//2540 2520//2520
f 2522//2522 2541//2541 2521//2521
f 2523//2523 2542//2542 2522//2522
f 2524//2524 2543//2543 2523//2523
f 2525//2525 2544//2544 2524//2524
f 2526//2526 2545//2545 2525//2525
f 2527//2527 2546//2546 2526//2526
f 2528//2528 2547//2547 2527//2527
f 2529//2529 2548//2548 2528//2528
f 2530//2530 2549//2549 2529//2529
f 2531//2531 2550//2550 2530//2530
f 2532//2532 2551//2551 2531//2531
f 2533//2533 2552//2552 2532//2532
f 2534//2534 2553//2553 2533//2533
f 2535//2535 2554//2554 2534//2534
f 2536//2536 2555//2555 2535//2535
f 2537//2537 2556//2556 2536//2536
f 2538//2538 2557//2557 2537//2537
f 2539//2539 2558//2558 2538//2538
f 2540//2540 2559//2559 2539//2539
f 2521//2521 2560//2560 2540//2540
f 2542//2542 2561//2561 2541//2541
f 2543//2543 2562//2562 2542//2542
f 2544//2544 2563//2563 2543//2543
f 2545//2545 2564//2564 2544//2544
f 2546//2546 2565//2565 2545//2545
f 2547//2547 2566//2566 2546//2546
f 2548//2548 2567//2567 2547//2547
f 2549//2549 2568//2568 2548//2548
f 2550//2550 2569//2569 2549//2549
f 2551//2551 2570//2570 2550//2550
f 2552//2552 2571//2571 2551//2551
f 2553//2553 2572//2572 2552//2552
f 2554//2554 2573//2573 2553//2553
f 2555//2555 2574//2574 2554//2554
f 2556//2556 2575//2575 2555//2555
f 2557//2557 2576//2576 2556//2556
f 2558//2558 2577//2577 2557//2557
f 2559//2559 2578//2578 2558//2558
f 2560//2560 2579//2579 2559//2559
f 2541//2541 2580//2580 2560//2560
f 2562//2562 2581//2581 2561//2561
f 2563//2563 2582//2582 2562//2562
f 2564//2564 2583//2583 2563//2563
f 2565//2565 2584//2584 2564//2564
f 2566//2566 2585//2585 2565//2565
f 2567//2567 2586//2586 2566//2566
f 2568//2568 2587//2587 2567//2567
f 2569//2569 2588//2588 2568//2568
f 2570//2570 2589//2589 2569//2569
f 2571//2571 2590//2590 2570//2570
f 2572//2572 2591//2591 2571//2571
f 2573//2573 2592//2592 2572//2572
f 2594//2594 2573//2573 2574//2574
f 2595//2595 2574//2574 2575//2575
f 2596//2596 2575//2575 2576//2576
f 2597//2597 2576//2576 2577//2577
f 2578//2578 2597//2597 2577//2577
f 2579//2579 2598//2598 2578//2578
f 2580//2580 2599//2599 2579//2579
f 2561//2561 2600//2600 2580//2580
f 2582//2582 2601//2601 2581//2581
f 2583//2583 2602//2602 2582//2582
f 2584//2584 2603//2603 2583//2583
f 2585//2585 2604//2604 2584//2584
f 2586//2586 2605//2605 2585//2585
f 2587//2587 2606//2606 2586//2586
f 2588//2588 2607//2607 2587//2587
f 2589//2589 2608//2608 2588//2588
f 2590//2590 2609//2609 2589//2589
f 2591//2591 2610//2610 2590//2590
f 2592//2592 2611//2611 2591//2591
f 2613//2613 2592//2592 2593//2593
f 2614//2614 2593//2593 2594//2594
f 2615//2615 2594//2594 2595//2595
f 2616//2616 2595//2595 2596//2596
f 2617//2617 2596//2596 2597//2597
f 2618//2618 2597//2597 2598//2598
f 2619//2619 2598//2598 2599//2599
f 2600//2600 2619//2619 2599//2599
f 2581//2581 2620//2620 2600//2600
f 2602//2602 2621//2621 2601//2601
f 2603//2603 2622//2622 2602//2602
f 2604//2604 2623//2623 2603//2603
f 2605//2605 2624//2624 2604//2604
f 2606//2606 2625//2625 2605//2605
f 2607//2607 2626//2626 2606//2606
f 2608//2608 2627//2627 2607//2607
f 2609//2609 2628//2628 2608//2608
f 2610//2610 2629//2629 2609//2609
f 2611//2611 2630//2630 2610//2610
f 2632//2632 2611//2611 2612//2612
f 2633//2633 2612//2612 2613//2613
f 2634//2634 2613//2613 2614//2614
f 2635//2635 2614//2614 2615//2615
f 2636//2636 2615//2615 2616//2616
f 2637//2637 2616//2616 2617//2617
f 2638//2638 2617//2617 2618//2618
f 2639//2639 2618//2618 2619//2619
f 2640//2640 2619//2619 2620//2620
f 2601//2601 2640//2640 2620//2620
f 2622//2622 2641//2641 2621//2621
f 2623//2623 2642//2642 2622//2622
f 2624//2624 2643//2643 2623//2623
f 2625//2625 2644//2644 2624//2624
f 2626//2626 2645//2645 2625//2625
f 2627//2627 2646//2646 2626//2626
f 2628//2628 2647//2647 2627//2627
f 2629//2629 2648//2648 2628//2628
f 2630//2630 2649//2649 2629//2629
f 2631//2631 2650//2650 2630//2630
f 2652//2652 2631//2631 2632//2632
f 2653//2653 2632//2632 2633//2633
f 2654//2654 2633//2633 2634//2634
f 2655//2655 2634//2634 2635//2635
f 2656//2656 2635//2635 2636//2636
f 2657//2657 2636//2636 2637//2637
f 2658//2658 2637//2637 2638//2638
f 2659//2659 2638//2638 2639//2639
f 2660//2660 2639//2639 2640//2640
f 2621//2621 2660//2660 2640//2640
f 2642//2642 2661//2661 2641//2641
f 2643//2643 2662//2662 2642//2642
f 2644//2644 2663//2663 2643//2643
f 2645//2645 2664//2664 2644//2644
f 2646//2646 2665//2665 2645//2645
f 2647//2647 2666//2666 2646//2646
f 2648//2648 2667//2667 2647//2647
f 2649//2649 2668//2668 2648//2648
f 2650//2650 2669//2669 2649//2649
f 2651//2651 2670//2670 2650//2650
f 2672//2672 2651//2651 2652//2652
f 2673//2673 2652//2652 2653//2653
f 2674//2674 2653//2653 2654//2654
f 2675//2675 2654//2654 2655//2655
f 2676//2676 2655//2655 2656//2656
f 2677//2677 2656//2656 2657//2657
f 2678//2678 2657//2657 2658//2658
f 2679//2679 2658//2658 2659//2659
f 2680//2680 2659//2659 2660//2660
f 2661//2661 2660//2660 2641//2641
f 2662//2662 2681//2681 2661//2661
f 2663//2663 2682//2682 2662//2662
f 2664//2664 2683//2683 2663//2663
f 2665//2665 2684//2684 2664//2664
f 2666//2666 2685//2685 2665//2665
f 2667//2667 2686//2686 2666//2666
f 2668//2668 2687//2687 2667//2667
f 2669//2669 2688//2688 2668//2668
f 2670//2670 2689//2689 2669//2669
f 2671//2671 2690//2690 2670//2670
f 2692//2692 2671//2671 2672//2672
f 2693//2693 2672//2672 2673//2673
f 2694//2694 2673//2673 2674//2674
f 2695//2695 2674//2674 2675//2675
f 2696//2696 2675//2675 2676//2676
f 2697//2697 2676//2676 2677//2677
f 2698//2698 2677//2677 2678//2678
f 2699//2699 2678//2678 2679//2679
f 2700//2700 2679//2679 2680//2680
f 2681//2681 2680//2680 2661//2661
f 2682//2682 2701//2701 2681//2681
f 2683//2683 2702//2702 2682//2682
f 2684//2684 2703//2703 2683//2683
f 2685//2685 2704//2704 2684//2684
f 2686//2686 2705//2705 2685//2685
f 2687//2687 2706//2706 2686//2686
f 2688//2688 2707//2707 2687//2687
f 2689//2689 2708//2708 2688//2688
f 2690//2690 2709//2709 2689//2689
f 2691//2691 2710//2710 2690//2690
f 2692//2692 2711//2711 2691//2691
f 2713//2713 2692//2692 2693//2693
f 2714//2714 2693//2693 2694//2694
f 2715//2715 2694//2694 2695//2695
f 2716//2716 2695//2695 2696//2696
f 2717//2717 2696//2696 2697//2697
f 2718//2718 2697//2697 2698//2698
f 2719//2719 2698//2698 2699//2699
f 2720//2720 2699//2699 2700//2700
f 2701//2701 2700//2700 2681//2681
f 2702//2702 2721//2721 2701//2701
f 2703//2703 2722//2722 2702//2702
f 2704//2704 2723//2723 2703//2703
f 2705//2705 2724//2724 2704//2704
f 2706//2706 2725//2725 2705//2705
f 2707//2707 2726//2726 2706//2706
f 2708//2708 2727//2727 2707//2707
f 2709//2709 2728//2728 2708//2708
f 2710//2710 2729//2729 2709//2709
f 2711//2711 2730//2730 2710//2710
f 2712//2712 2731//2731 2711//2711
f 2713//2713 2732//2732 2712//2712
f 2734//2734 2713//2713 2714//2714
f 2735//2735 2714//2714 2715//2715
f 2736//2736 2715//2715 2716//2716
f 2737//2737 2716//2716 2717//2717
f 2738//2738 2717//2717 2718//2718
f 2739//2739 2718//2718 2719//2719
f 2740//2740 2719//2719 2720//2720
f 2701//2701 2740//2740 2720//2720
f 2722//2722 2741//2741 2721//2721
f 2723//2723 2742//2742 2722//2722
f 2724//2724 2743//2743 2723//2723
f 2725//2725 2744//2744 2724//2724
f 2726//2726 2745//2745 2725//2725
f 2727//2727 2746//2746 2726//2726
f 2728//2728 2747//2747 2727//2727
f 2729//2729 2748//2748 2728//2728
f 2730//2730 2749//2749 2729//2729
f 2731//2731 2750//2750 2730//2730
f 2732//2732 2751//2751 2731//2731
f 2733//2733 2752//2752 2732//2732
f 2734//2734 2753//2753 2733//2733
f 2755//2755 2734//2734 2735//2735
f 2756//2756 2735//2735 2736//2736
f 2757//2757 2736//2736 2737//2737
f 2758//2758 2737//2737 2738//2738
f 2759//2759 2738//2738 2739//2739
f 2760//2760 2739//2739 2740//2740
f 2721//2721 2760//2760 2740//2740
f 2742//2742 2761//2761 2741//2741
f 2743//2743 2762//2762 2742//2742
f 2744//2744 2763//2763 2743//2743
f 2745//2745 2764//2764 2744//2744
f 2746//2746 2765//2765 2745//2745
f 2747//2747 2766//2766 2746//2746
f 2748//2748 2767//2767 2747//2747
f 2749//2749 2768//2768 2748//2748
f 2750//2750 2769//2769 2749//2749
f 2751//2751 2770//2770 2750//2750
f 2752//2752 2771//2771 2751//2751
f 2753//2753 2772//2772 2752//2752
f 2754//2754 2773//2773 2753//2753
f 2755//2755 2774//2774 2754//2754
f 2756//2756 2775//2775 2755//2755
f 2777//2777 2756//2756 2757//2757
f 2778//2778 2757//2757 2758//2758
f 2759//2759 2778//2778 2758//2758
f 2760//2760 2779//2779 2759//2759
f 2741//2741 2780//2780 2760//2760
f 2762//2762 2781//2781 2761//2761
f 2763//2763 2782//2782 2762//2762
f 2764//2764 2783//2783 2763//2763
f 2765//2765 2784//2784 2764//2764
f 2766//2766 2785//2785 2765//2765
f 2767//2767 2786//2786 2766//2766
f 2768//2768 2787//2787 2767//2767
f 2769//2769 2788//2788 2768//2768
f 2770//2770 2789//2789 2769//2769
f 2771//2771 2790//2790 2770//2770
f 2772//2772 2791//2791 2771//2771
f 2773//2773 2792//2792 2772//2772
f 2774//2774 2793//2793 2773//2773
f 2775//2775 2794//2794 2774//2774
f 2776//2776 2795//2795 2775//2775
f 2777//2777 2796//2796 2776//2776
f 2778//2778 2797//2797 2777//2777
f 2779//2779 2798//2798 2778//2778
f 2780//2780 2799//2799 2779//2779
f 2761//2761 2800//2800 2780//2780
f 2782//2782 2801//2801 2781//2781
f 2783//2783 2802//2802 2782//2782
f 2784//2784 2803//2803 2783//2783
f 2785//2785 2804//2804 2784//2784
f 2786//2786 2805//2805 2785//2785
f 2787//2787 2806//2806 2786//2786
f 2788//2788 2807//2807 2787//2787
f 2789//2789 2808//2808 2788//2788
f 2790//2790 2809//2809 2789//2789
f 2791//2791 2810//2810 2790//2790
f 2792//2792 2811//2811 2791//2791
f 2793//2793 2812//2812 2792//2792
f 2794//2794 2813//2813 2793//2793
f 2795//2795 2814//2814 2794//2794
f 2796//2796 2815//2815 2795//2795
f 2797//2797 2816//2816 2796//2796
f 2798//2798 2817//2817 2797//2797
f 2799//2799 2818//2818 2798//2798
f 2800//2800 2819//2819 2799//2799
f 2781//2781 2820//2820 2800//2800
f 2802//2802 2821//2821 2801//2801
f 2803//2803 2822//2822 2802//2802
f 2804//2804 2823//2823 2803//2803
f 2805//2805 2824//2824 2804//2804
f 2806//2806 2825//2825 2805//2805
f 2807//2807 2826//2826 2806//2806
f 2808//2808 2827//2827 2807//2807
f 2809//2809 2828//2828 2808//2808
f 2810//2810 2829//2829 2809//2809
f 2811//2811 2830//2830 2810//2810
f 2812//2812 2831//2831 2811//2811
f 2813//2813 2832//2832 2812//2812
f 2814//2814 2833//2833 2813//2813
f 2815//2815 2834//2834 2814//2814
f 2816//2816 2835//2835 2815//2815
f 2817//2817 2836//2836 2816//2816
f 2818//2818 2837//2837 2817//2817
f 2819//2819 2838//2838 2818//2818
f 2820//2820 2839//2839 2819//2819
f 2801//2801 2840//2840 2820//2820
f 2822//2822 2841//2841 2821//2821
f 2823//2823 2842//2842 2822//2822
f 2824//2824 2843//2843 2823//2823
f 2825//2825 2844//2844 2824//2824
f 2826//2826 2845//2845 2825//2825
f 2827//2827 2846//2846 2826//2826
f 2828//2828 2847//2847 2827//2827
f 2829//2829 2848//2848 2828//2828
f 2830//2830 2849//2849 2829//2829
f 2831//2831 2850//2850 2830//2830
f 2832//2832 2851//2851 2831//2831
f 2833//2833 2852//2852 2832//2832
f 2834//2834 2853//2853 2833//2833
f 2835//2835 2854//2854 2834//2834
f 2836//2836 2855//2855 2835//2835
f 2837//2837 2856//2856 2836//2836
f 2838//2838 2857//2857 2837//2837
f 2839//2839 2858//2858 2838//2838
f 2840//2840 2859//2859 2839//2839
f 2821//2821 2860//2860 2840//2840
f 2842//2842 2861//2861 2841//2841
f 2843//2843 2862//2862 2842//2842
f 2844//2844 2863//2863 2843//2843
f 2845//2845 2864//2864 2844//2844
f 2846//2846 2865//2865 2845//2845
f 2847//2847 2866//2866 2846//2846
f 2848//2848 2867//2867 2847//2847
f 2849//2849 2868//2868 2848//2848
f 2850//2850 2869//2869 2849//2849
f 2851//2851 2870//2870 2850//2850
f 2852//2852 2871//2871 2851//2851
f 2853//2853 2872//2872 2852//2852
f 2854//2854 2873//2873 2853//2853
f 2855//2855 2874//2874 2854//2854
f 2856//2856 2875//2875 2855//2855
f 2857//2857 2876//2876 2856//2856
f 2858//2858 2877//2877 2857//2857
f 2859//2859 2878//2878 2858//2858
f 2860//2860 2879//2879 2859//2859
f 2841//2841 2880//2880 2860//2860
f 2862//2862 2881//2881 2861//2861
f 2863//2863 2882//2882 2862//2862
f 2864//2864 2883//2883 2863//2863
f 2865//2865 2884//2884 2864//2864
f 2866//2866 2885//2885 2865//2865
f 2867//2867 2886//2886 2866//2866
f 2868//2868 2887//2887 2867//2867
f 2869//2869 2888//2888 2868//2868
f 2870//2870 2889//2889 2869//2869
f 2871//2871 2890//2890 2870//2870
f 2872//2872 2891//2891 2871//2871
f 2873//2873 2892//2892 2872//2872
f 2874//2874 2893//2893 2873//2873
f 2875//2875 2894//2894 2874//2874
f 2876//2876 2895//2895 2875//2875
f 2877//2877 2896//2896 2876//2876
f 2878//2878 2897//2897 2877//2877
f 2879//2879 2898//2898 2878//2878
f 2880//2880 2899//2899 2879//2879
f 2861//2861 2900//2900 2880//2880
f 2882//2882 2901//2901 2881//2881
f 2883//2883 2902//2902 2882//2882
f 2884//2884 2903//2903 2883//2883
f 2885//2885 2904//2904 2884//2884
f 2886//2886 2905//2905 2885//2885
f 2887//2887 2906//2906 2886//2886
f 2888//2888 2907//2907 2887//2887
f 2889//2889 2908//2908 2888//2888
f 2890//2890 2909//2909 2889//2889
f 2891//2891 2910//2910 2890//2890
f 2892//2892 2911//2911 2891//2891
f 2893//2893 2912//2912 2892//2892
f 2894//2894 2913//2913 2893//2893
f 2895//2895 2914//2914 2894//2894
f 2896//2896 2915//2915 2895//2895
f 2897//2897 2916//2916 2896//2896
f 2898//2898 2917//2917 2897//2897
f 2899//2899 2918//2918 2898//2898
f 2900//2900 2919//2919 2899//2899
f 2881//2881 2920//2920 2900//2900
f 2902//2902 2921//2921 2901//2901
f 2903//2903 2922//2922 2902//2902
f 2904//2904 2923//2923 2903//2903
f 2905//2905 2924//2924 2904//2904
f 2906//2906 2925//2925 2905//2905
f 2907//2907 2926//2926 2906//2906
f 2908//2908 2927//2927 2907//2907
f 2909//2909 2928//2928 2908//2908
f 2910//2910 2929//2929 2909//2909
f 2911//2911 2930//2930 2910//2910
f 2912//2912 2931//2931 2911//2911
f 2913//2913 2932//2932 2912//2912
f 2914//2914 2933//2933 2913//2913
f 2915//2915 2934//2934 2914//2914
f 2916//2916 2935//2935 2915//2915
f 2917//2917 2936//2936 2916//2916
f 2918//2918 2937//2937 2917//2917
f 2919//2919 2938//2938 2918//2918
f 2920//2920 2939//2939 2919//2919
f 2901//2901 2940//2940 2920//2920
f 2922//2922 2941//2941 2921//2921
f 2923//2923 2942//2942 2922//2922
f 2924//2924 2943//2943 2923//2923
f 2925//2925 2944//2944 2924//2924
f 2926//2926 2945//2945 2925//2925
f 2927//2927 2946//2946 2926//2926
f 2928//2928 2947//2947 2927//2927
f 2929//2929 2948//2948 2928//2928
f 2930//2930 2949//2949 2929//2929
f 2931//2931 2950//2950 2930//2930
f 2932//2932 2951//2951 2931//2931
f 2933//2933 2952//2952 2932//2932
f 2934//2934 2953//2953 2933//2933
f 2935//2935 2954//2954 2934//2934
f 2936//2936 2955//2955 2935//2935
f 2937//2937 2956//2956 2936//2936
f 2938//2938 2957//2957 2937//2937
f 2939//2939 2958//2958 2938//2938
f 2940//2940 2959//2959 2939//2939
f 2921//2921 2960//2960 2940//2940
f 2942//2942 2961//2961 2941//2941
f 2943//2943 2962//2962 2942//2942
f 2944//2944 2963//2963 2943//2943
f 2945//2945 2964//2964 2944//2944
f 2946//2946 2965//2965 2945//2945
f 2947//2947 2966//2966 2946//2946
f 2948//2948 2967//2967 2947//2947
f 2949//2949 2968//2968 2948//2948
f 2950//2950 2969//2969 2949//2949
f 2951//2951 2970//2970 2950//2950
f 2952//2952 2971//2971 2951//2951
f 2953//2953 2972//2972 2952//2952
f 2954//2954 2973//2973 2953//2953
f 2955//2955 2974//2974 2954//2954
f 2956//2956 2975//2975 2955//2955
f 2957//2957 2976//2976 2956//2956
f 2958//2958 2977//2977 2957//2957
f 2959//2959 2978//2978 2958//2958
f 2960//2960 2979//2979 2959//2959
f 2941//2941 2980//2980 2960//2960
f 2962//2962 2981//2981 2961//2961
f 2963//2963 2982//2982 2962//2962
f 2964//2964 2983//2983 2963//2963
f 2965//2965 2984//2984 2964//2964
f 2966//2966 2985//2985 2965//2965
f 2967//2967 2986//2986 2966//2966
f 2968//2968 2987//2987 2967//2967
f 2969//2969 2988//2988 2968//2968
f 2970//2970 2989//2989 2969//2969
f 2971//2971 2990//2990 2970//2970
f 2972//2972 2991//2991 2971//2971
f 2973//2973 2992//2992 2972//2972
f 2974//2974 2993//2993 2973//2973
f 2975//2975 2994//2994 2974//2974
f 2976//2976 2995//2995 2975//2975
f 2977//2977 2996//2996 2976//2976
f 2978//2978 2997//2997 2977//2977
f 2979//2979 2998//2998 2978//2978
f 2980//2980 2999//2999 2979//2979
f 2961//2961 3000//3000 2980//2980
f 2982//2982 3001//3001 2981//2981
f 2983//2983 3002//3002 2982//2982
f 2984//2984 3003//3003 2983//2983
f 2985//2985 3004//3004 2984//2984
f 2986//2986 3005//3005 2985//2985
f 2987//2987 3006//3006 2986//2986
f 2988//2988 3007//3007 2987//2987
f 2989//2989 3008//3008 2988//2988
f 2990//2990 3009//3009 2989//2989
f 2991//2991 3010//3010 2990//2990
f 2992//2992 3011//3011 2991//2991
f 2993//2993 3012//3012 2992//2992
f 2994//2994 3013//3013 2993//2993
f 2995//2995 3014//3014 2994//2994
f 2996//2996 3015//3015 2995//2995
f 2997//2997 3016//3016 2996//2996
f 2998//2998 3017//3017 2997//2997
f 2999//2999 3018//3018 2998//2998
f 3000//3000 3019//3019 2999//2999
f 2981//2981 3020//3020 3000//3000
f 3002//3002 3021//3021 3001//3001
f 3003//3003 3022//3022 3002//3002
f 3004//3004 3023//3023 3003//3003
f 3005//3005 3024//3024 3004//3004
f 3006//3006 3025//3025 3005//3005
f 3007//3007 3026//3026 3006//3006
f 3008//3008 3027//3027 3007//3007
f 3009//3009 3028//3028 3008//3008
f 3010//3010 3029//3029 3009//3009
f 3011//3011 3030//3030 3010//3010
f 3012//3012 3031//3031 3011//3011
f 3013//3013 3032//3032 3012//3012
f 3014//3014 3033//3033 3013//3013
f 3015//3015 3034//3034 3014//3014
f 3016//3016 3035//3035 3015//3015
f 3017//3017 3036//3036 3016//3016
f 3018//3018 3037//3037 3017//3017
f 3019//3019 3038//3038 3018//3018
f 3020//3020 3039//3039 3019//3019
f 3001//3001 3040//3040 3020//3020
f 3022//3022 3041//3041 3021//3021
f 3023//3023 3042//3042 3022//3022
f 3024//3024 3043//3043 3023//3023
f 3025//3025 3044//3044 3024//3024
f 3026//3026 3045//3045 3025//3025
f 3027//3027 3046//3046 3026//3026
f 3028//3028 3047//3047 3027//3027
f 3029//3029 3048//3048 3028//3028
f 3030//3030 3049//3049 3029//3029
f 3031//3031 3050//3050 3030//3030
f 3032//3032 3051//3051 3031//3031
f 3033//3033 3052//3052 3032//3032
f 3034//3034 3053//3053 3033//3033
f 3035//3035 3054//3054 3034//3034
f 3036//3036 3055//3055 3035//3035
f 3037//3037 3056//3056 3036//3036
f 3038//3038 3057//3057 3037//3037
f 3039//3039 3058//3058 3038//3038
f 3040//3040 3059//3059 3039//3039
f 3021//3021 3060//3060 3040//3040
f 3042//3042 3061//3061 3041//3041
f 3043//3043 3062//3062 3042//3042
f 3044//3044 3063//3063 3043//3043
f 3045//3045 3064//3064 3044//3044
f 3046//3046 3065//3065 3045//3045
f 3047//3047 3066//3066 3046//3046
f 3048//3048 3067//3067 3047//3047
f 3049//3049 3068//3068 3048//3048
f 3050//3050 3069//3069 3049//3049
f 3051//3051 3070//3070 3050//3050
f 3052//3052 3071//3071 3051//3051
f 3053//3053 3072//3072 3052//3052
f 3054//3054 3073//3073 3053//3053
f 3055//3055 3074//3074 3054//3054
f 3056//3056 3075//3075 3055//3055
f 3057//3057 3076//3076 3056//3056
f 3058//3058 3077//3077 3057//3057
f 3059//3059 3078//3078 3058//3058
f 3060//3060 3079//3079 3059//3059
f 3041//3041 3080//3080 3060//3060
f 3062//3062 3081//3081 3061//3061
f 3063//3063 3082//3082 3062//3062
f 3064//3064 3083//3083 3063//3063
f 3065//3065 3084//3084 3064//3064
f 3066//3066 3085//3085 3065//3065
f 3067//3067 3086//3086 3066//3066
f 3068//3068 3087//3087 3067//3067
f 3069//3069 3088//3088 3068//3068
f 3070//3070 3089//3089 3069//3069
f 3071//3071 3090//3090 3070//3070
f 3072//3072 3091//3091 3071//3071
f 3073//3073 3092//3092 3072//3072
f 3074//3074 3093//3093 3073//3073
f 3075//3075 3094//3094 3074//3074
f 3076//3076 3095//3095 3075//3075
f 3077//3077 3096//3096 3076//3076
f 3078//3078 3097//3097 3077//3077
f 3079//3079 3098//3098 3078//3078
f 3080//3080 3099//3099 3079//3079
f 3061//3061 3100//3100 3080//3080
f 3082//3082 3101//3101 3081//3081
f 3083//3083 3102//3102 3082//3082
f 3084//3084 3103//3103 3083//3083
f 3085//3085 3104//3104 3084//3084
f 3086//3086 3105//3105 3085//3085
f 3087//3087 3106//3106 3086//3086
f 3088//3088 3107//3107 3087//3087
f 3089//3089 3108//3108 3088//3088
f 3090//3090 3109//3109 3089//3089
f 3091//3091 3110//3110 3090//3090
f 3092//3092 3111//3111 3091//3091
f 3093//3093 3112//3112 3092//3092
f 3094//3094 3113//3113 3093//3093
f 3095//3095 3114//3114 3094//3094
f 3116//3116 3095//3095 3096//3096
f 3117//3117 3096//3096 3097//3097
f 3118//3118 3097//3097 3098//3098
f 3099//3099 3118//3118 3098//3098
f 3100//3100 3119//3119 3099//3099
f 3081//3081 3120//3120 3100//3100
f 3102//3102 3121//3121 3101//3101
f 3103//3103 3122//3122 3102//3102
f 3104//3104 3123//3123 3103//3103
f 3105//3105 3124//3124 3104//3104
f 3106//3106 3125//3125 3105//3105
f 3107//3107 3126//3126 3106//3106
f 3108//3108 3127//3127 3107//3107
f 3109//3109 3128//3128 3108//3108
f 3110//3110 3129//3129 3109//3109
f 3111//3111 3130//3130 3110//3110
f 3112//3112 3131//3131 3111//3111
f 3113//3113 3132//3132 3112//3112
f 3114//3114 3133//3133 3113//3113
f 3135//3135 3114//3114 3115//3115
f 3136//3136 3115//3115 3116//3116
f 3137//3137 3116//3116 3117//3117
f 3138//3138 3117//3117 3118//3118
f 3139//3139 3118//3118 3119//3119
f 3120//3120 3139//3139 3119//3119
f 3101//3101 3140//3140 3120//3120
f 3122//3122 3141//3141 3121//3121
f 3123//3123 3142//3142 3122//3122
f 3124//3124 3143//3143 3123//3123
f 3125//3125 3144//3144 3124//3124
f 3126//3126 3145//3145 3125//3125
f 3127//3127 3146//3146 3126//3126
f 3128//3128 3147//3147 3127//3127
f 3129//3129 3148//3148 3128//3128
f 3130//3130 3149//3149 3129//3129
f 3131//3131 3150//3150 3130//3130
f 3132//3132 3151//3151 3131//3131
f 3133//3133 3152//3152 3132//3132
f 3134//3134 3153//3153 3133//3133
f 3155//3155 3134//3134 3135//3135
f 3156//3156 3135//3135 3136//3136
f 3157//3157 3136//3136 3137//3137
f 3158//3158 3137//3137 3138//3138
f 3159//3159 3138//3138 3139//3139
f 3160//3160 3139//3139 3140//3140
f 3121//3121 3160//3160 3140//3140
f 3142//3142 3161//3161 3141//3141
f 3143//3143 3162//3162 3142//3142
f 3144//3144 3163//3163 3143//3143
f 3145//3145 3164//3164 3144//3144
f 3146//3146 3165//3165 3145//3145
f 3147//3147 3166//3166 3146//3146
f 3148//3148 3167//3167 3147//3147
f 3149//3149 3168//3168 3148//3148
f 3150//3150 3169//3169 3149//3149
f 3151//3151 3170//3170 3150//3150
f 3152//3152 3171//3171 3151//3151
f 3153//3153 3172//3172 3152//3152
f 3174//3174 3153//3153 3154//3154
f 3175//3175 3154//3154 3155//3155
f 3176//3176 3155//3155 3156//3156
f 3177//3177 3156//3156 3157//3157
f 3178//3178 3157//3157 3158//3158
f 3179//3179 3158//3158 3159//3159
f 3180//3180 3159//3159 3160//3160
f 3141//3141 3180//3180 3160//3160
f 3162//3162 3181//3181 3161//3161
f 3163//3163 3182//3182 3162//3162
f 3164//3164 3183//3183 3163//3163
f 3165//3165 3184//3184 3164//3164
f 3166//3166 3185//3185 3165//3165
f 3167//3167 3186//3186 3166//3166
f 3168//3168 3187//3187 3167//3167
f 3169//3169 3188//3188 3168//3168
f 3170//3170 3189//3189 3169//3169
f 3171//3171 3190//3190 3170//3170
f 3172//3172 3191//3191 3171//3171
f 3173//3173 3192//3192 3172//3172
f 3194//3194 3173//3173 3174//3174
f 3195//3195 3174//3174 3175//3175
f 3196//3196 3175//3175 3176//3176
f 3197//3197 3176//3176 3177//3177
f 3198//3198 3177//3177 3178//3178
f 3199//3199 3178//3178 3179//3179
f 3200//3200 3179//3179 3180//3180
f 3181//3181 3180//3180 3161//3161
f 3182//3182 3201//3201 3181//3181
f 3183//3183 3202//3202 3182//3182
f 3184//3184 3203//3203 3183//3183
f 3185//3185 3204//3204 3184//3184
f 3186//3186 3205//3205 3185//3185
f 3187//3187 3206//3206 3186//3186
f 3188//3188 3207//3207 3187//3187
f 3189//3189 3208//3208 3188//3188
f 3190//3190 3209//3209 3189//3189
f 3191//3191 3210//3210 3190//3190
f 3192//3192 3211//3211 3191//3191
f 3213//3213 3192//3192 3193//3193
f 3214//3214 3193//3193 3194//3194
f 3215//3215 3194//3194 3195//3195
f 3216//3216 3195//3195 3196//3196
f 3217//3217 3196//3196 3197//3197
f 3218//3218 3197//3197 3198//3198
f 3219//3219 3198//3198 3199//3199
f 3220//3220 3199//3199 3200//3200
f 3201//3201 3200//3200 3181//3181
f 3202//3202 3221//3221 3201//3201
f 3203//3203 3222//3222 3202//3202
f 3204//3204 3223//3223 3203//3203
f 3205//3205 3224//3224 3204//3204
f 3206//3206 3225//3225 3205//3205
f 3207//3207 3226//3226 3206//3206
f 3208//3208 3227//3227 3207//3207
f 3209//3209 3228//3228 3208//3208
f 3210//3210 3229//3229 3209//3209
f 3211//3211 3230//3230 3210//3210
f 3212//3212 3231//3231 3211//3211
f 3233//3233 3212//3212 3213//3213
f 3234//3234 3213//3213 3214//3214
f 3235//3235 3214//3214 3215//3215
f 3236//3236 3215//3215 3216//3216
f 3237//3237 3216//3216 3217//3217
f 3238//3238 3217//3217 3218//3218
f 3239//3239 3218//3218 3219//3219
f 3240//3240 3219//3219 3220//3220
f 3221//3221 3220//3220 3201//3201
f 3222//3222 3241//3241 3221//3221
f 3223//3223 3242//3242 3222//3222
f 3224//3224 3243//3243 3223//3223
f 3225//3225 3244//3244 3224//3224
f 3226//3226 3245//3245 3225//3225
f 3227//3227 3246//3246 3226//3226
f 3228//3228 3247//3247 3227//3227
f 3229//3229 3248//3248 3228//3228
f 3230//3230 3249//3249 3229//3229
f 3231//3231 3250//3250 3230//3230
f 3232//3232 3251//3251 3231//3231
f 3253//3253 3232//3232 3233//3233
f 3254//3254 3233//3233 3234//3234
f 3255//3255 3234//3234 3235//3235
f 3256//3256 3235//3235 3236//3236
f 3257//3257 3236//3236 3237//3237
f 3258//3258 3237//3237 3238//3238
f 3259//3259 3238//3238 3239//3239
f 3260//3260 3239//3239 3240//3240
f 3241//3241 3240//3240 3221//3221
f 3242//3242 3261//3261 3241//3241
f 3243//3243 3262//3262 3242//3242
f 3244//3244 3263//3263 3243//3243
f 3245//3245 3264//3264 3244//3244
f 3246//3246 3265//3265 3245//3245
f 3247//3247 3266//3266 3246//3246
f 3248//3248 3267//3267 3247//3247
f 3249//3249 3268//3268 3248//3248
f 3250//3250 3269//3269 3249//3249
f 3251//3251 3270//3270 3250//3250
f 3252//3252 3271//3271 3251//3251
f 3273//3273 3252//3252 3253//3253
f 3274//3274 3253//3253 3254//3254
f 3275//3275 3254//3254 3255//3255
f 3276//3276 3255//3255 3256//3256
f 3277//3277 3256//3256 3257//3257
f 3278//3278 3257//3257 3258//3258
f 3279//3279 3258//3258 3259//3259
f 3280//3280 3259//3259 3260//3260
f 3261//3261 3260//3260 3241//3241
f 3262//3262 3281//3281 3261//3261
f 3263//3263 3282//3282 3262//3262
f 3264//3264 3283//3283 3263//3263
f 3265//3265 3284//3284 3264//3264
f 3266//3266 3285//3285 3265//3265
f 3267//3267 3286//3286 3266//3266
f 3268//3268 3287//3287 3267//3267
f 3269//3269 3288//3288 3268//3268
f 3270//3270 3289//3289 3269//3269
f 3271//3271 3290//3290 3270//3270
f 3292//3292 3271//3271 3272//3272
f 3293//3293 3272//3272 3273//3273
f 3294//3294 3273//3273 3274//3274
f 3295//3295 3274//3274 3275//3275
f 3296//3296 3275//3275 3276//3276
f 3297//3297 3276//3276 3277//3277
f 3298//3298 3277//3277 3278//3278
f 3299//3299 3278//3278 3279//3279
f 3300//3300 3279//3279 3280//3280
f 3281//3281 3280//3280 3261//3261
f 3282//3282 3301//3301 3281//3281
f 3283//3283 3302//3302 3282//3282
f 3284//3284 3303//3303 3283//3283
f 3285//3285 3304//3304 3284//3284
f 3286//3286 3305//3305 3285//3285
f 3287//3287 3306//3306 3286//3286
f 3288//3288 3307//3307 3287//3287
f 3289//3289 3308//3308 3288//3288
f 3290//3290 3309//3309 3289//3289
f 3291//3291 3310//3310 3290//3290
f 3312//3312 3291//3291 3292//3292
f 3313//3313 3292//3292 3293//3293
f 3314//3314 3293//3293 3294//3294
f 3315//3315 3294//3294 3295//3295
f 3316//3316 3295//3295 3296//3296
f 3317//3317 3296//3296 3297//3297
f 3318//3318 3297//3297 3298//3298
f 3319//3319 3298//3298 3299//3299
f 3320//3320 3299//3299 3300//3300
f 3301//3301 3300//3300 3281//3281
f 3302//3302 3321//3321 3301//3301
f 3303//3303 3322//3322 3302//3302
f 3304//3304 3323//3323 3303//3303
f 3305//3305 3324//3324 3304//3304
f 3306//3306 3325//3325 3305//3305
f 3307//3307 3326//3326 3306//3306
f 3308//3308 3327//3327 3307//3307
f 3309//3309 3328//3328 3308//3308
f 3310//3310 3329//3329 3309//3309
f 3311//3311 3330//3330 3310//3310
f 3332//3332 3311//3311 3312//3312
f 3333//3333 3312//3312 3313//3313
f 3334//3334 3313//3313 3314//3314
f 3335//3335 3314//3314 3315//3315
f 3336//3336 3315//3315 3316//3316
f 3337//3337 3316//3316 3317//3317
f 3338//3338 3317//3317 3318//3318
f 3339//3339 3318//3318 3319//3319
f 3340//3340 3319//3319 3320//3320
f 3321//3321 3320//3320 3301//3301
f 3322//3322 3341//3341 3321//3321
f 3323//3323 3342//3342 3322//3322
f 3324//3324 3343//3343 3323//3323
f 3325//3325 3344//3344 3324//3324
f 3326//3326 3345//3345 3325//3325
f 3327//3327 3346//3346 3326//3326
f 3328//3328 3347//3347 3327//3327
f 3329//3329 3348//3348 3328//3328
f 3330//3330 3349//3349 3329//3329
f 3331//3331 3350//3350 3330//3330
f 3352//3352 3331//3331 3332//3332
f 3353//3353 3332//3332 3333//3333
f 3354//3354 3333//3333 3334//3334
f 3355//3355 3334//3334 3335//3335
f 3356//3356 3335//3335 3336//3336
f 3357//3357 3336//3336 3337//3337
f 3358//3358 3337//3337 3338//3338
f 3359//3359 3338//3338 3339//3339
f 3360//3360 3339//3339 3340//3340
f 3341//3341 3340//3340 3321//3321
f 3342//3342 3361//3361 3341//3341
f 3343//3343 3362//3362 3342//3342
f 3344//3344 3363//3363 3343//3343
f 3345//3345 3364//3364 3344//3344
f 3346//3346 3365//3365 3345//3345
f 3347//3347 3366//3366 3346//3346
f 3348//3348 3367//3367 3347//3347
f 3349//3349 3368//3368 3348//3348
f 3350//3350 3369//3369 3349//3349
f 3351//3351 3370//3370 3350//3350
f 3372//3372 3351//3351 3352//3352
f 3373//3373 3352//3352 3353//3353
f 3374//3374 3353//3353 3354//3354
f 3375//3375 3354//3354 3355//3355
f 3376//3376 3355//3355 3356//3356
f 3377//3377 3356//3356 3357//3357
f 3378//3378 3357//3357 3358//3358
f 3379//3379 3358//3358 3359//3359
f 3380//3380 3359//3359 3360//3360
f 3361//3361 3360//3360 3341//3341
f 3362//3362 3381//3381 3361//3361
f 3363//3363 3382//3382 3362//3362
f 3364//3364 3383//3383 3363//3363
f 3365//3365 3384//3384 3364//3364
f 3366//3366 3385//3385 3365//3365
f 3367//3367 3386//3386 3366//3366
f 3368//3368 3387//3387 3367//3367
f 3369//3369 3388//3388 3368//3368
f 3370//3370 3389//3389 3369//3369
f 3371//3371 3390//3390 3370//3370
f 3392//3392 3371//3371 3372//3372
f 3393//3393 3372//3372 3373//3373
f 3394//3394 3373//3373 3374//3374
f 3395//3395 3374//3374 3375//3375
f 3396//3396 3375//3375 3376//3376
f 3397//3397 3376//3376 3377//3377
f 3398//3398 3377//3377 3378//3378
f 3399//3399 3378//3378 3379//3379
f 3400//3400 3379//3379 3380//3380
f 3381//3381 3380//3380 3361//3361
f 3382//3382 3401//3401 3381//3381
f 3383//3383 3402//3402 3382//3382
f 3384//3384 3403//3403 3383//3383
f 3385//3385 3404//3404 3384//3384
f 3386//3386 3405//3405 3385//3385
f 3387//3387 3406//3406 3386//3386
f 3388//3388 3407//3407 3387//3387
f 3389//3389 3408//3408 3388//3388
f 3390//3390 3409//3409 3389//3389
f 3391//3391 3410//3410 3390//3390
f 3412//3412 3391//3391 3392//3392
f 3413//3413 3392//3392 3393//3393
f 3414//3414 3393//3393 3394//3394
f 3415//3415 3394//3394 3395//3395
f 3416//3416 3395//3395 3396//3396
f 3417//3417 3396//3396 3397//3397
f 3418//3418 3397//3397 3398//3398
f 3419//3419 3398//3398 3399//3399
f 3420//3420 3399//3399 3400//3400
f 3401//3401 3400//3400 3381//3381
f 3402//3402 3421//3421 3401//3401
f 3403//3403 3422//3422 3402//3402
f 3404//3404 3423//3423 3403//3403
f 3405//3405 3424//3424 3404//3404
f 3406//3406 3425//3425 3405//3405
f 3407//3407 3426//3426 3406//3406
f 3408//3408 3427//3427 3407//3407
f 3409//3409 3428//3428 3408//3408
f 3410//3410 3429//3429 3409//3409
f 3411//3411 3430//3430 3410//3410
f 3432//3432 3411//3411 3412//3412
f 3433//3433 3412//3412 3413//3413
f 3434//3434 3413//3413 3414//3414
f 3435//3435 3414//3414 3415//3415
f 3436//3436 3415//3415 3416//3416
f 3437//3437 3416//3416 3417//3417
f 3438//3438 3417//3417 3418//3418
f 3439//3439 3418//3418 3419//3419
f 3440//3440 3419//3419 3420//3420
f 3401//3401 3440//3440 3420//3420
f 3422//3422 3441//3441 3421//3421
f 3423//3423 3442//3442 3422//3422
f 3424//3424 3443//3443 3423//3423
f 3425//3425 3444//3444 3424//3424
f 3426//3426 3445//3445 3425//3425
f 3427//3427 3446//3446 3426//3426
f 3428//3428 3447//3447 3427//3427
f 3429//3429 3448//3448 3428//3428
f 3430//3430 3449//3449 3429//3429
f 3431//3431 3450//3450 3430//3430
f 3452//3452 3431//3431 3432//3432
f 3453//3453 3432//3432 3433//3433
f 3454//3454 3433//3433 3434//3434
f 3455//3455 3434//3434 3435//3435
f 3456//3456 3435//3435 3436//3436
f 3457//3457 3436//3436 3437//3437
f 3458//3458 3437//3437 3438//3438
f 3459//3459 3438//3438 3439//3439
f 3460//3460 3439//3439 3440//3440
f 3421//3421 3460//3460 3440//3440
f 3442//3442 3461//3461 3441//3441
f 3443//3443 3462//3462 3442//3442
f 3444//3444 3463//3463 3443//3443
f 3445//3445 3464//3464 3444//3444
f 3446//3446 3465//3465 3445//3445
f 3447//3447 3466//3466 3446//3446
f 3448//3448 3467//3467 3447//3447
f 3449//3449 3468//3468 3448//3448
f 3450//3450 3469//3469 3449//3449
f 3451//3451 3470//3470 3450//3450
f 3472//3472 3451//3451 3452//3452
f 3473//3473 3452//3452 3453//3453
f 3474//3474 3453//3453 3454//3454
f 3475//3475 3454//3454 3455//3455
f 3476//3476 3455//3455 3456//3456
f 3477//3477 3456//3456 3457//3457
f 3478//3478 3457//3457 3458//3458
f 3479//3479 3458//3458 3459//3459
f 3480//3480 3459//3459 3460//3460
f 3441//3441 3480//3480 3460//3460
f 3462//3462 3481//3481 3461//3461
f 3463//3463 3482//3482 3462//3462
f 3464//3464 3483//3483 3463//3463
f 3465//3465 3484//3484 3464//3464
f 3466//3466 3485//3485 3465//3465
f 3467//3467 3486//3486 3466//3466
f 3468//3468 3487//3487 3467//3467
f 3469//3469 3488//3488 3468//3468
f 3470//3470 3489//3489 3469//3469
f 3471//3471 3490//3490 3470//3470
f 3492//3492 3471//3471 3472//3472
f 3493//3493 3472//3472 3473//3473
f 3494//3494 3473//3473 3474//3474
f 3495//3495 3474//3474 3475//3475
f 3496//3496 3475//3475 3476//3476
f 3497//3497 3476//3476 3477//3477
f 3498//3498 3477//3477 3478//3478
f 3499//3499 3478//3478 3479//3479
f 3480//3480 3499//3499 3479//3479
f 3461//3461 3500//3500 3480//3480
f 3482//3482 3501//3501 3481//3481
f 3483//3483 3502//3502 3482//3482
f 3484//3484 3503//3503 3483//3483
f 3485//3485 3504//3504 3484//3484
f 3486//3486 3505//3505 3485//3485
f 3487//3487 3506//3506 3486//3486
f 3488//3488 3507//3507 3487//3487
f 3489//3489 3508//3508 3488//3488
f 3490//3490 3509//3509 3489//3489
f 3491//3491 3510//3510 3490//3490
f 3492//3492 3511//3511 3491//3491
f 3513//3513 3492//3492 3493//3493
f 3514//3514 3493//3493 3494//3494
f 3515//3515 3494//3494 3495//3495
f 3516//3516 3495//3495 3496//3496
f 3517//3517 3496//3496 3497//3497
f 3518//3518 3497//3497 3498//3498
f 3519//3519 3498//3498 3499//3499
f 3500//3500 3519//3519 3499//3499
f 3481//3481 3520//3520 3500//3500
f 3502//3502 3521//3521 3501//3501
f 3503//3503 3522//3522 3502//3502
f 3504//3504 3523//3523 3503//3503
f 3505//3505 3524//3524 3504//3504
f 3506//3506 3525//3525 3505//3505
f 3507//3507 3526//3526 3506//3506
f 3508//3508 3527//3527 3507//3507
f 3509//3509 3528//3528 3508//3508
f 3510//3510 3529//3529 3509//3509
f 3511//3511 3530//3530 3510//3510
f 3512//3512 3531//3531 3511//3511
f 3533//3533 3512//3512 3513//3513
f 3534//3534 3513//3513 3514//3514
f 3535//3535 3514//3514 3515//3515
f 3536//3536 3515//3515 3516//3516
f 3537//3537 3516//3516 3517//3517
f 3538//3538 3517//3517 3518//3518
f 3539//3539 3518//3518 3519//3519
f 3520//3520 3539//3539 3519//3519
f 3501//3501 3540//3540 3520//3520
f 3522//3522 3541//3541 3521//3521
f 3523//3523 3542//3542 3522//3522
f 3524//3524 3543//3543 3523//3523
f 3525//3525 3544//3544 3524//3524
f 3526//3526 3545//3545 3525//3525
f 3527//3527 3546//3546 3526//3526
f 3528//3528 3547//3547 3527//3527
f 3529//3529 3548//3548 3528//3528
f 3530//3530 3549//3549 3529//3529
f 3531//3531 3550//3550 3530//3530
f 3532//3532 3551//3551 3531//3531
f 3553//3553 3532//3532 3533//3533
f 3554//3554 3533//3533 3534//3534
f 3555//3555 3534//3534 3535//3535
f 3556//3556 3535//3535 3536//3536
f 3557//3557 3536//3536 3537//3537
f 3558//3558 3537//3537 3538//3538
f 3539//3539 3558//3558 3538//3538
f 3540//3540 3559//3559 3539//3539
f 3521//3521 3560//3560 3540//3540
f 3542//3542 3561//3561 3541//3541
f 3543//3543 3562//3562 3542//3542
f 3544//3544 3563//3563 3543//3543
f 3545//3545 3564//3564 3544//3544
f 3546//3546 3565//3565 3545//3545
f 3547//3547 3566//3566 3546//3546
f 3548//3548 3567//3567 3547//3547
f 3549//3549 3568//3568 3548//3548
f 3550//3550 3569//3569 3549//3549
f 3551//3551 3570//3570 3550//3550
f 3552//3552 3571//3571 3551//3551
f 3553//3553 3572//3572 3552//3552
f 3574//3574 3553//3553 3554//3554
f 3575//3575 3554//3554 3555//3555
f 3576//3576 3555//3555 3556//3556
f 3577//3577 3556//3556 3557//3557
f 3558//3558 3577//3577 3557//3557
f 3559//3559 3578//3578 3558//3558
f 3560//3560 3579//3579 3559//3559
f 3541//3541 3580//3580 3560//3560
f 3562//3562 3581//3581 3561//3561
f 3563//3563 3582//3582 3562//3562
f 3564//3564 3583//3583 3563//3563
f 3565//3565 3584//3584 3564//3564
f 3566//3566 3585//3585 3565//3565
f 3567//3567 3586//3586 3566//3566
f 3568//3568 3587//3587 3567//3567
f 3569//3569 3588//3588 3568//3568
f 3570//3570 3589//3589 3569//3569
f 3571//3571 3590//3590 3570//3570
f 3572//3572 3591//3591 3571//3571
f 3573//3573 3592//3592 3572//3572
f 3574//3574 3593//3593 3573//3573
f 3575//3575 3594//3594 3574//3574
f 3596//3596 3575//3575 3576//3576
f 3577//3577 3596//3596 3576//3576
f 3578//3578 3597//3597 3577//3577
f 3579//3579 3598//3598 3578//3578
f 3580//3580 3599//3599 3579//3579
f 3561//3561 3600//3600 3580//3580
f 3582//3582 3601//3601 3581//3581
f 3583//3583 3602//3602 3582//3582
f 3584//3584 3603//3603 3583//3583
f 3585//3585 3604//3604 3584//3584
f 3586//3586 3605//3605 3585//3585
f 3587//3587 3606//3606 3586//3586
f 3588//3588 3607//3607 3587//3587
f 3589//3589 3608//3608 3588//3588
f 3590//3590 3609//3609 3589//3589
f 3591//3591 3610//3610 3590//3590
f 3592//3592 3611//3611 3591//3591
f 3593//3593 3612//3612 3592//3592
f 3594//3594 3613//3613 3593//3593
f 3595//3595 3614//3614 3594//3594
f 3596//3596 3615//3615 3595//3595
f 3597//3597 3616//3616 3596//3596
f 3598//3598 3617//3617 3597//3597
f 3599//3599 3618//3618 3598//3598
f 3600//3600 3619//3619 3599//3599
f 3581//3581 3620//3620 3600//3600
f 3602//3602 3621//3621 3601//3601
f 3603//3603 3622//3622 3602//3602
f 3604//3604 3623//3623 3603//3603
f 3605//3605 3624//3624 3604//3604
f 3606//3606 3625//3625 3605//3605
f 3607//3607 3626//3626 3606//3606
f 3608//3608 3627//3627 3607//3607
f 3609//3609 3628//3628 3608//3608
f 3610//3610 3629//3629 3609//3609
f 3611//3611 3630//3630 3610//3610
f 3612//3612 3631//3631 3611//3611
f 3613//3613 3632//3632 3612//3612
f 3614//3614 3633//3633 3613//3613
f 3615//3615 3634//3634 3614//3614
f 3616//3616 3635//3635 3615//3615
f 3617//3617 3636//3636 3616//3616
f 3618//3618 3637//3637 3617//3617
f 3619//3619 3638//3638 3618//3618
f 3620//3620 3639//3639 3619//3619
f 3601//3601 3640//3640 3620//3620
f 3622//3622 3641//3641 3621//3621
f 3623//3623 3642//3642 3622//3622
f 3624//3624 3643//3643 3623//3623
f 3625//3625 3644//3644 3624//3624
f 3626//3626 3645//3645 3625//3625
f 3627//3627 3646//3646 3626//3626
f 3628//3628 3647//3647 3627//3627
f 3629//3629 3648//3648 3628//3628
f 3630//3630 3649//3649 3629//3629
f 3631//3631 3650//3650 3630//3630
f 3632//3632 3651//3651 3631//3631
f 3633//3633 3652//3652 3632//3632
f 3634//3634 3653//3653 3633//3633
f 3635//3635 3654//3654 3634//3634
f 3636//3636 3655//3655 3635//3635
f 3637//3637 3656//3656 3636//3636
f 3638//3638 3657//3657 3637//3637
f 3639//3639 3658//3658 3638//3638
f 3640//3640 3659//3659 3639//3639
f 3621//3621 3660//3660 3640//3640
f 3642//3642 3661//3661 3641//3641
f 3643//3643 3662//3662 3642//3642
f 3644//3644 3663//3663 3643//3643
f 3645//3645 3664//3664 3644//3644
f 3646//3646 3665//3665 3645//3645
f 3647//3647 3666//3666 3646//3646
f 3648//3648 3667//3667 3647//3647
f 3649//3649 3668//3668 3648//3648
f 3650//3650 3669//3669 3649//3649
f 3651//3651 3670//3670 3650//3650
f 3652//3652 3671//3671 3651//3651
f 3653//3653 3672//3672 3652//3652
f 3654//3654 3673//3673 3653//3653
f 3655//3655 3674//3674 3654//3654
f 3656//3656 3675//3675 3655//3655
f 3657//3657 3676//3676 3656//3656
f 3658//3658 3677//3677 3657//3657
f 3659//3659 3678//3678 3658//3658
f 3660//3660 3679//3679 3659//3659
f 3641//3641 3680//3680 3660//3660
f 3662//3662 3681//3681 3661//3661
f 3663//3663 3682//3682 3662//3662
f 3664//3664 3683//3683 3663//3663
f 3665//3665 3684//3684 3664//3664
f 3666//3666 3685//3685 3665//3665
f 3667//3667 3686//3686 3666//3666
f 3668//3668 3687//3687 3667//3667
f 3669//3669 3688//3688 3668//3668
f 3670//3670 3689//3689 3669//3669
f 3671//3671 3690//3690 3670//3670
f 3672//3672 3691//3691 3671//3671
f 3673//3673 3692//3692 3672//3672
f 3674//3674 3693//3693 3673//3673
f 3675//3675 3694//3694 3674//3674
f 3676//3676 3695//3695 3675//3675
f 3677//3677 3696//3696 3676//3676
f 3678//3678 3697//3697 3677//3677
f 3679//3679 3698//3698 3678//3678
f 3680//3680 3699//3699 3679//3679
f 3661//3661 3700//3700 3680//3680
f 3682//3682 3701//3701 3681//3681
f 3683//3683 3702//3702 3682//3682
f 3684//3684 3703//3703 3683//3683
f 3685//3685 3704//3704 3684//3684
f 3686//3686 3705//3705 3685//3685
f 3687//3687 3706//3706 3686//3686
f 3688//3688 3707//3707 3687//3687
f 3689//3689 3708//3708 3688//3688
f 3690//3690 3709//3709 3689//3689
f 3691//3691 3710//3710 3690//3690
f 3692//3692 3711//3711 3691//3691
f 3693//3693 3712//3712 3692//3692
f 3694//3694 3713//3713 3693//3693
f 3695//3695 3714//3714 3694//3694
f 3696//3696 3715//3715 3695//3695
f 3697//3697 3716//3716 3696//3696
f 3698//3698 3717//3717 3697//3697
f 3699//3699 3718//3718 3698//3698
f 3700//3700 3719//3719 3699//3699
f 3681//3681 3720//3720 3700//3700
f 3702//3702 3721//3721 3701//3701
f 3703//3703 3722//3722 3702//3702
f 3704//3704 3723//3723 3703//3703
f 3705//3705 3724//3724 3704//3704
f 3706//3706 3725//3725 3705//3705
f 3707//3707 3726//3726 3706//3706
f 3708//3708 3727//3727 3707//3707
f 3709//3709 3728//3728 3708//3708
f 3710//3710 3729//3729 3709//3709
f 3711//3711 3730//3730 3710//3710
f 3712//3712 3731//3731 3711//3711
f 3713//3713 3732//3732 3712//3712
f 3714//3714 3733//3733 3713//3713
f 3715//3715 3734//3734 3714//3714
f 3716//3716 3735//3735 3715//3715
f 3717//3717 3736//3736 3716//3716
f 3718//3718 3737//3737 3717//3717
f 3719//3719 3738//3738 3718//3718
f 3720//3720 3739//3739 3719//3719
f 3701//3701 3740//3740 3720//3720
f 3722//3722 3741//3741 3721//3721
f 3723//3723 3742//3742 3722//3722
f 3724//3724 3743//3743 3723//3723
f 3725//3725 3744//3744 3724//3724
f 3726//3726 3745//3745 3725//3725
f 3727//3727 3746//3746 3726//3726
f 3728//3728 3747//3747 3727//3727
f 3729//3729 3748//3748 3728//3728
f 3730//3730 3749//3749 3729//3729
f 3731//3731 3750//3750 3730//3730
f 3732//3732 3751//3751 3731//3731
f 3733//3733 3752//3752 3732//3732
f 3734//3734 3753//3753 3733//3733
f 3735//3735 3754//3754 3734//3734
f 3736//3736 3755//3755 3735//3735
f 3737//3737 3756//3756 3736//3736
f 3738//3738 3757//3757 3737//3737
f 3739//3739 3758//3758 3738//3738
f 3740//3740 3759//3759 3739//3739
f 3721//3721 3760//3760 3740//3740
f 3742//3742 3761//3761 3741//3741
f 3743//3743 3762//3762 3742//3742
f 3744//3744 3763//3763 3743//3743
f 3745//3745 3764//3764 3744//3744
f 3746//3746 3765//3765 3745//3745
f 3747//3747 3766//3766 3746//3746
f 3748//3748 3767//3767 3747//3747
f 3749//3749 3768//3768 3748//3748
f 3750//3750 3769//3769 3749//3749
f 3751//3751 3770//3770 3750//3750
f 3752//3752 3771//3771 3751//3751
f 3753//3753 3772//3772 3752//3752
f 3754//3754 3773//3773 3753//3753
f 3755//3755 3774//3774 3754//3754
f 3756//3756 3775//3775 3755//3755
f 3757//3757 3776//3776 3756//3756
f 3758//3758 3777//3777 3757//3757
f 3759//3759 3778//3778 3758//3758
f 3760//3760 3779//3779 3759//3759
f 3741//3741 3780//3780 3760//3760
f 3762//3762 3781//3781 3761//3761
f 3763//3763 3782//3782 3762//3762
f 3764//3764 3783//3783 3763//3763
f 3765//3765 3784//3784 3764//3764
f 3766//3766 3785//3785 3765//3765
f 3767//3767 3786//3786 3766//3766
f 3768//3768 3787//3787 3767//3767
f 3769//3769 3788//3788 3768//3768
f 3770//3770 3789//3789 3769//3769
f 3771//3771 3790//3790 3770//3770
f 3772//3772 3791//3791 3771//3771
f 3773//3773 3792//3792 3772//3772
f 3774//3774 3793//3793 3773//3773
f 3775//3775 3794//3794 3774//3774
f 3776//3776 3795//3795 3775//3775
f 3777//3777 3796//3796 3776//3776
f 3778//3778 3797//3797 3777//3777
f 3779//3779 3798//3798 3778//3778
f 3780//3780 3799//3799 3779//3779
f 3761//3761 3800//3800 3780//3780
f 3782//3782 3801//3801 3781//3781
f 3783//3783 3802//3802 3782//3782
f 3784//3784 3803//3803 3783//3783
f 3785//3785 3804//3804 3784//3784
f 3786//3786 3805//3805 3785//3785
f 3787//3787 3806//3806 3786//3786
f 3788//3788 3807//3807 3787//3787
f 3789//3789 3808//3808 3788//3788
f 3790//3790 3809//3809 3789//3789
f 3791//3791 3810//3810 3790//3790
f 3792//3792 3811//3811 3791//3791
f 3793//3793 3812//3812 3792//3792
f 3794//3794 3813//3813 3793//3793
f 3795//3795 3814//3814 3794//3794
f 3796//3796 3815//3815 3795//3795
f 3797//3797 3816//3816 3796//3796
f 3798//3798 3817//3817 3797//3797
f 3799//3799 3818//3818 3798//3798
f 3800//3800 3819//3819 3799//3799
f 3781//3781 3820//3820 3800//3800
f 3802//3802 3821//3821 3801//3801
f 3803//3803 3822//3822 3802//3802
f 3804//3804 3823//3823 3803//3803
f 3805//3805 3824//3824 3804//3804
f 3806//3806 3825//3825 3805//3805
f 3807//3807 3826//3826 3806//3806
f 3808//3808 3827//3827 3807//3807
f 3809//3809 3828//3828 3808//3808
f 3810//3810 3829//3829 3809//3809
f 3811//3811 3830//3830 3810//3810
f 3812//3812 3831//3831 3811//3811
f 3813//3813 3832//3832 3812//3812
f 3814//3814 3833//3833 3813//3813
f 3815//3815 3834//3834 3814//3814
f 3816//3816 3835//3835 3815//3815
f 3817//3817 3836//3836 3816//3816
f 3818//3818 3837//3837 3817//3817
f 3819//3819 3838//3838 3818//3818
f 3820//3820 3839//3839 3819//3819
f 3801//3801 3840//3840 3820//3820
f 3822//3822 3841//3841 3821//3821
f 3823//3823 3842//3842 3822//3822
f 3824//3824 3843//3843 3823//3823
f 3825//3825 3844//3844 3824//3824
f 3826//3826 3845//3845 3825//3825
f 3827//3827 3846//3846 3826//3826
f 3828//3828 3847//3847 3827//3827
f 3829//3829 3848//3848 3828//3828
f 3830//3830 3849//3849 3829//3829
f 3831//3831 3850//3850 3830//3830
f 3832//3832 3851//3851 3831//3831
f 3833//3833 3852//3852 3832//3832
f 3834//3834 3853//3853 3833//3833
f 3835//3835 3854//3854 3834//3834
f 3836//3836 3855//3855 3835//3835
f 3837//3837 3856//3856 3836//3836
f 3838//3838 3857//3857 3837//3837
f 3839//3839 3858//3858 3838//3838
f 3840//3840 3859//3859 3839//3839
f 3821//3821 3860//3860 3840//3840
f 3842//3842 3861//3861 3841//3841
f 3843//3843 3862//3862 3842//3842
f 3844//3844 3863//3863 3843//3843
f 3845//3845 3864//3864 3844//3844
f 3846//3846 3865//3865 3845//3845
f 3847//3847 3866//3866 3846//3846
f 3848//3848 3867//3867 3847//3847
f 3849//3849 3868//3868 3848//3848
f 3850//3850 3869//3869 3849//3849
f 3851//3851 3870//3870 3850//3850
f 3852//3852 3871//3871 3851//3851
f 3853//3853 3872//3872 3852//3852
f 3854//3854 3873//3873 3853//3853
f 3855//3855 3874//3874 3854//3854
f 3856//3856 3875//3875 3855//3855
f 3857//3857 3876//3876 3856//3856
f 3858//3858 3877//3877 3857//3857
f 3859//3859 3878//3878 3858//3858
f 3860//3860 3879//3879 3859//3859
f 3841//3841 3880//3880 3860//3860
f 3862//3862 3881//3881 3861//3861
f 3863//3863 3882//3882 3862//3862
f 3864//3864 3883//3883 3863//3863
f 3865//3865 3884//3884 3864//3864
f 3866//3866 3885//3885 3865//3865
f 3867//3867 3886//3886 3866//3866
f 3868//3868 3887//3887 3867//3867
f 3869//3869 3888//3888 3868//3868
f 3870//3870 3889//3889 3869//3869
f 3871//3871 3890//3890 3870//3870
f 3872//3872 3891//3891 3871//3871
f 3873//3873 3892//3892 3872//3872
f 3874//3874 3893//3893 3873//3873
f 3875//3875 3894//3894 3874//3874
f 3876//3876 3895//3895 3875//3875
f 3877//3877 3896//3896 3876//3876
f 3878//3878 3897//3897 3877//3877
f 3879//3879 3898//3898 3878//3878
f 3880//3880 3899//3899 3879//3879
f 3861//3861 3900//3900 3880//3880
f 3882//3882 3901//3901 3881//3881
f 3883//3883 3902//3902 3882//3882
f 3884//3884 3903//3903 3883//3883
f 3885//3885 3904//3904 3884//3884
f 3886//3886 3905//3905 3885//3885
f 3887//3887 3906//3906 3886//3886
f 3888//3888 3907//3907 3887//3887
f 3889//3889 3908//3908 3888//3888
f 3890//3890 3909//3909 3889//3889
f 3891//3891 3910//3910 3890//3890
f 3892//3892 3911//3911 3891//3891
f 3893//3893 3912//3912 3892//3892
f 3894//3894 3913//3913 3893//3893
f 3895//3895 3914//3914 3894//3894
f 3896//3896 3915//3915 3895//3895
f 3897//3897 3916//3916 3896//3896
f 3898//3898 3917//3917 3897//3897
f 3899//3899 3918//3918 3898//3898
f 3900//3900 3919//3919 3899//3899
f 3881//3881 3920//3920 3900//3900
f 3902//3902 3921//3921 3901//3901
f 3903//3903 3922//3922 3902//3902
f 3904//3904 3923//3923 3903//3903
f 3905//3905 3924//3924 3904//3904
f 3906//3906 3925//3925 3905//3905
f 3907//3907 3926//3926 3906//3906
f 3908//3908 3927//3927 3907//3907
f 3909//3909 3928//3928 3908//3908
f 3910//3910 3929//3929 3909//3909
f 3911//3911 3930//3930 3910//3910
f 3912//3912 3931//3931 3911//3911
f 3913//3913 3932//3932 3912//3912
f 3934//3934 3913//3913 3914//3914
f 3935//3935 3914//3914 3915//3915
f 3936//3936 3915//3915 3916//3916
f 3937//3937 3916//3916 3917//3917
f 3938//3938 3917//3917 3918//3918
f 3919//3919 3938//3938 3918//3918
f 3920//3920 3939//3939 3919//3919
f 3901//3901 3940//3940 3920//3920
f 3922//3922 3941//3941 3921//3921
f 3923//3923 3942//3942 3922//3922
f 3924//3924 3943//3943 3923//3923
f 3925//3925 3944//3944 3924//3924
f 3926//3926 3945//3945 3925//3925
f 3927//3927 3946//3946 3926//3926
f 3928//3928 3947//3947 3927//3927
f 3929//3929 3948//3948 3928//3928
f 3930//3930 3949//3949 3929//3929
f 3931//3931 3950//3950 3930//3930
f 3932//3932 3951//3951 3931//3931
f 3953//3953 3932//3932 3933//3933
f 3954//3954 3933//3933 3934//3934
f 3955//3955 3934//3934 3935//3935
f 3956//3956 3935//3935 3936//3936
f 3957//3957 3936//3936 3937//3937
f 3958//3958 3937//3937 3938//3938
f 3959//3959 3938//3938 3939//3939
f 3940//3940 3959//3959 3939//3939
f 3921//3921 3960//3960 3940//3940
f 3942//3942 3961//3961 3941//3941
f 3943//3943 3962//3962 3942//3942
f 3944//3944 3963//3963 3943//3943
f 3945//3945 3964//3964 3944//3944
f 3946//3946 3965//3965 3945//3945
f 3947//3947 3966//3966 3946//3946
f 3948//3948 3967//3967 3947//3947
f 3949//3949 3968//3968 3948//3948
f 3950//3950 3969//3969 3949//3949
f 3951//3951 3970//3970 3950//3950
f 3972//3972 3951//3951 3952//3952
f 3973//3973 3952//3952 3953//3953
f 3974//3974 3953//3953 3954//3954
f 3975//3975 3954//3954 3955//3955
f 3976//3976 3955//3955 3956//3956
f 3977//3977 3956//3956 3957//3957
f 3978//3978 3957//3957 3958//3958
f 3979//3979 3958//3958 3959//3959
f 3980//3980 3959//3959 3960//3960
f 3941//3941 3980//3980 3960//3960
f 3962//3962 3981//3981 3961//3961
f 3963//3963 3982//3982 3962//3962
f 3964//3964 3983//3983 3963//3963
f 3965//3965 3984//3984 3964//3964
f 3966//3966 3985//3985 3965//3965
f 3967//3967 3986//3986 3966//3966
f 3968//3968 3987//3987 3967//3967
f 3969//3969 3988//3988 3968//3968
f 3970//3970 3989//3989 3969//3969
f 3971//3971 3990//3990 3970//3970
f 3992//3992 3971//3971 3972//3972
f 3993//3993 3972//3972 3973//3973
f 3994//3994 3973//3973 3974//3974
f 3995//3995 3974//3974 3975//3975
f 3996//3996 3975//3975 3976//3976
f 3997//3997 3976//3976 3977//3977
f 3998//3998 3977//3977 3978//3978
f 3999//3999 3978//3978 3979//3979
f 4000//4000 3979//3979 3980//3980
f 3981//3981 3980//3980 3961//3961
f 3982//3982 1//1 3981//3981
f 3983//3983 2//2 3982//3982
f 3984//3984 3//3 3983//3983
f 3985//3985 4//4 3984//3984
f 3986//3986 5//5 3985//3985
f 3987//3987 6//6 3986//3986
f 3988//3988 7//7 3987//3987
f 3989//3989 8//8 3988//3988
f 3990//3990 9//9 3989//3989
f 3991//3991 10//10 3990//3990
f 12//12 3991//3991 3992//3992
f 13//13 3992//3992 3993//3993
f 14//14 3993//3993 3994//3994
f 15//15 3994//3994 3995//3995
f 16//16 3995//3995 3996//3996
f 17//17 3996//3996 3997//3997
f 18//18 3997//3997 3998//3998
f 19//19 3998//3998 3999//3999
f 20//20 3999//3999 4000//4000
f 1//1 4000//4000 3981//3981
f 2//2 22//22 21//21
f 3//3 23//23 22//22
f 4//4 24//24 23//23
f 5//5 25//25 24//24
f 6//6 26//26 25//25
f 7//7 27//27 26//26
f 8//8 28//28 27//27
f 9//9 29//29 28//28
f 10//10 30//30 29//29
f 11//11 31//31 30//30
f 32//32 31//31 11//11
f 33//33 32//32 12//12
f 34//34 33//33 13//13
f 35//35 34//34 14//14
f 36//36 35//35 15//15
f 37//37 36//36 16//16
f 38//38 37//37 17//17
f 39//39 38//38 18//18
f 40//40 39//39 19//19
f 21//21 40//40 20//20
f 22//22 42//42 41//41
f 23//23 43//43 42//42
f 24//24 44//44 43//43
f 25//25 45//45 44//44
f 26//26 46//46 45//45
f 27//27 47//47 46//46
f 28//28 48//48 47//47
f 29//29 49//49 48//48
f 30//30 50//50 49//49
f 31//31 51//51 50//50
f 32//32 52//52 51//51
f 53//53 52//52 32//32
f 54//54 53//53 33//33
f 55//55 54//54 34//34
f 56//56 55//55 35//35
f 57//57 56//56 36//36
f 58//58 57//57 37//37
f 59//59 58//58 38//38
f 60//60 59//59 39//39
f 41//41 60//60 40//40
f 42//42 62//62 61//61
f 43//43 63//63 62//62
f 44//44 64//64 63//63
f 45//45 65//65 64//64
f 46//46 66//66 65//65
f 47//47 67//67 66//66
f 48//48 68//68 67//67
f 49//49 69//69 68//68
f 50//50 70//70 69//69
f 51//51 71//71 70//70
f 52//52 72//72 71//71
f 53//53 73//73 72//72
f 74//74 73//73 53//53
f 75//75 74//74 54//54
f 76//76 75//75 55//55
f 77//77 76//76 56//56
f 78//78 77//77 57//57
f 79//79 78//78 58//58
f 80//80 79//79 59//59
f 41//41 61//61 80//80
f 62//62 82//82 81//81
f 63//63 83//83 82//82
f 64//64 84//84 83//83
f 65//65 85//85 84//84
f 66//66 86//86 85//85
f 67//67 87//87 86//86
f 68//68 88//88 87//87
f 69//69 89//89 88//88
f 70//70 90//90 89//89
f 71//71 91//91 90//90
f 72//72 92//92 91//91
f 73//73 93//93 92//92
f 74//74 94//94 93//93
f 95//95 94//94 74//74
f 96//96 95//95 75//75
f 97//97 96//96 76//76
f 98//98 97//97 77//77
f 99//99 98//98 78//78
f 80//80 100//100 99//99
f 61//61 81//81 100//100
f 82//82 102//102 101//101
f 83//83 103//103 102//102
f 84//84 104//104 103//103
f 85//85 105//105 104//104
f 86//86 106//106 105//105
f 87//87 107//107 106//106
f 88//88 108//108 107//107
f 89//89 109//109 108//108
f 90//90 110//110 109//109
f 91//91 111//111 110//110
f 92//92 112//112 111//111
f 93//93 113//113 112//112
f 94//94 114//114 113//113
f 95//95 115//115 114//114
f 96//96 116//116 115//115
f 97//97 117//117 116//116
f 98//98 118//118 117//117
f 99//99 119//119 118//118
f 100//100 120//120 119//119
f 81//81 101//101 120//120
f 102//102 122//122 121//121
f 103//103 123//123 122//122
f 104//104 124//124 123//123
f 105//105 125//125 124//124
f 106//106 126//126 125//125
f 107//107 127//127 126//126
f 108//108 128//128 127//127
f 109//109 129//129 128//128
f 110//110 130//130 129//129
f 111//111 131//131 130//130
f 112//112 132//132 131//131
f 113//113 133//133 132//132
f 114//114 134//134 133//133
f 115//115 135//135 134//134
f 116//116 136//136 135//135
f 117//117 137//137 136//136
f 118//118 138//138 137//137
f 119//119 139//139 138//138
f 120//120 140//140 139//139
f 101//101 121//121 140//140
f 122//122 142//142 141//141
f 123//123 143//143 142//142
f 124//124 144//144 143//143
f 125//125 145//145 144//144
f 126//126 146//146 145//145
f 127//127 147//147 146//146
f 128//128 148//148 147//147
f 129//129 149//149 148//148
f 130//130 150//150 149//149
f 131//131 151//151 150//150
f 132//132 152//152 151//151
f 133//133 153//153 152//152
f 134//134 154//154 153//153
f 135//135 155//155 154//154
f 136//136 156//156 155//155
f 137//137 157//157 156//156
f 138//138 158//158 157//157
f 139//139 159//159 158//158
f 140//140 160//160 159//159
f 121//121 141//141 160//160
f 142//142 162//162 161//161
f 143//143 163//163 162//162
f 144//144 164//164 163//163
f 145//145 165//165 164//164
f 146//146 166//166 165//165
f 147//147 167//167 166//166
f 148//148 168//168 167//167
f 149//149 169//169 168//168
f 150//150 170//170 169//169
f 151//151 171//171 170//170
f 152//152 172//172 171//171
f 153//153 173//173 172//172
f 154//154 174//174 173//173
f 155//155 175//175 174//174
f 156//156 176//176 175//175
f 157//157 177//177 176//176
f 158//158 178//178 177//177
f 159//159 179//179 178//178
f 160//160 180//180 179//179
f 141//141 161//161 180//180
f 162//162 182//182 181//181
f 163//163 183//183 182//182
f 164//164 184//184 183//183
f 165//165 185//185 184//184
f 166//166 186//186 185//185
f 167//167 187//187 186//186
f 168//168 188//188 187//187
f 169//169 189//189 188//188
f 170//170 190//190 189//189
f 171//171 191//191 190//190
f 172//172 192//192 191//191
f 173//173 193//193 192//192
f 174//174 194//194 193//193
f 175//175 195//195 194//194
f 176//176 196//196 195//195
f 177//177 197//197 196//196
f 178//178 198//198 197//197
f 179//179 199//199 198//198
f 180//180 200//200 199//199
f 161//161 181//181 200//200
f 182//182 202//202 201//201
f 183//183 203//203 202//202
f 184//184 204//204 203//203
f 185//185 205//205 204//204
f 186//186 206//206 205//205
f 187//187 207//207 206//206
f 188//188 208//208 207//207
f 189//189 209//209 208//208
f 190//190 210//210 209//209
f 191//191 211//211 210//210
f 192//192 212//212 211//211
f 193//193 213//213 212//212
f 194//194 214//214 213//213
f 195//195 215//215 214//214
f 196//196 216//216 215//215
f 197//197 217//217 216//216
f 198//198 218//218 217//217
f 199//199 219//219 218//218
f 200//200 220//220 219//219
f 181//181 201//201 220//220
f 202//202 222//222 221//221
f 203//203 223//223 222//222
f 204//204 224//224 223//223
f 205//205 225//225 224//224
f 206//206 226//226 225//225
f 207//207 227//227 226//226
f 208//208 228//228 227//227
f 209//209 229//229 228//228
f 210//210 230//230 229//229
f 211//211 231//231 230//230
f 212//212 232//232 231//231
f 213//213 233//233 232//232
f 214//214 234//234 233//233
f 215//215 235//235 234//234
f 216//216 236//236 235//235
f 217//217 237//237 236//236
f 218//218 238//238 237//237
f 219//219 239//239 238//238
f 220//220 240//240 239//239
f 201//201 221//221 240//240
f 222//222 242//242 241//241
f 223//223 243//243 242//242
f 224//224 244//244 243//243
f 225//225 245//245 244//244
f 226//226 246//246 245//245
f 227//227 247//247 246//246
f 228//228 248//248 247//247
f 229//229 249//249 248//248
f 230//230 250//250 249//249
f 231//231 251//251 250//250
f 232//232 252//252 251//251
f 233//233 253//253 252//252
f 234//234 254//254 253//253
f 235//235 255//255 254//254
f 236//236 256//256 255//255
f 237//237 257//257 256//256
f 238//238 258//258 257//257
f 239//239 259//259 258//258
f 240//240 260//260 259//259
f 221//221 241//241 260//260
f 242//242 262//262 261//261
f 243//243 263//263 262//262
f 244//244 264//264 263//263
f 245//245 265//265 264//264
f 246//246 266//266 265//265
f 247//247 267//267 266//266
f 248//248 268//268 267//267
f 249//249 269//269 268//268
f 250//250 270//270 269//269
f 251//251 271//271 270//270
f 252//252 272//272 271//271
f 253//253 273//273 272//272
f 254//254 274//274 273//273
f 255//255 275//275 274//274
f 256//256 276//276 275//275
f 257//257 277//277 276//276
f 258//258 278//278 277//277
f 259//259 279//279 278//278
f 260//260 280//280 279//279
f 241//241 261//261 280//280
f 262//262 282//282 281//281
f 263//263 283//283 282//282
f 264//264 284//284 283//283
f 265//265 285//285 284//284
f 266//266 286//286 285//285
f 267//267 287//287 286//286
f 268//268 288//288 287//287
f 269//269 289//289 288//288
f 270//270 290//290 289//289
f 271//271 291//291 290//290
f 272//272 292//292 291//291
f 273//273 293//293 292//292
f 274//274 294//294 293//293
f 275//275 295//295 294//294
f 276//276 296//296 295//295
f 277//277 297//297 296//296
f 278//278 298//298 297//297
f 279//279 299//299 298//298
f 280//280 300//300 299//299
f 261//261 281//281 300//300
f 282//282 302//302 301//301
f 283//283 303//303 302//302
f 284//284 304//304 303//303
f 285//285 305//305 304//304
f 286//286 306//306 305//305
f 287//287 307//307 306//306
f 288//288 308//308 307//307
f 289//289 309//309 308//308
f 290//290 310//310 309//309
f 291//291 311//311 310//310
f 292//292 312//312 311//311
f 293//293 313//313 312//312
f 294//294 314//314 313//313
f 295//295 315//315 314//314
f 296//296 316//316 315//315
f 297//297 317//317 316//316
f 298//298 318//318 317//317
f 299//299 319//319 318//318
f 300//300 320//320 319//319
f 281//281 301//301 320//320
f 302//302 322//322 321//321
f 303//303 323//323 322//322
f 304//304 324//324 323//323
f 305//305 325//325 324//324
f 306//306 326//326 325//325
f 307//307 327//327 326//326
f 308//308 328//328 327//327
f 309//309 329//329 328//328
f 310//310 330//330 329//329
f 311//311 331//331 330//330
f 312//312 332//332 331//331
f 313//313 333//333 332//332
f 314//314 334//334 333//333
f 315//315 335//335 334//334
f 316//316 336//336 335//335
f 317//317 337//337 336//336
f 318//318 338//338 337//337
f 319//319 339//339 338//338
f 320//320 340//340 339//339
f 301//301 321//321 340//340
f 322//322 342//342 341//341
f 323//323 343//343 342//342
f 324//324 344//344 343//343
f 325//325 345//345 344//344
f 326//326 346//346 345//345
f 327//327 347//347 346//346
f 328//328 348//348 347//347
f 329//329 349//349 348//348
f 330//330 350//350 349//349
f 331//331 351//351 350//350
f 332//332 352//352 351//351
f 333//333 353//353 352//352
f 334//334 354//354 353//353
f 335//335 355//355 354//354
f 336//336 356//356 355//355
f 337//337 357//357 356//356
f 338//338 358//358 357//357
f 339//339 359//359 358//358
f 340//340 360//360 359//359
f 321//321 341//341 360//360
f 342//342 362//362 361//361
f 343//343 363//363 362//362
f 344//344 364//364 363//363
f 345//345 365//365 364//364
f 346//346 366//366 365//365
f 347//347 367//367 366//366
f 348//348 368//368 367//367
f 349//349 369//369 368//368
f 350//350 370//370 369//369
f 351//351 371//371 370//370
f 352//352 372//372 371//371
f 353//353 373//373 372//372
f 354//354 374//374 373//373
f 355//355 375//375 374//374
f 356//356 376//376 375//375
f 357//357 377//377 376//376
f 358//358 378//378 377//377
f 359//359 379//379 378//378
f 360//360 380//380 379//379
f 341//341 361//361 380//380
f 362//362 382//382 381//381
f 363//363 383//383 382//382
f 364//364 384//384 383//383
f 365//365 385//385 384//384
f 366//366 386//386 385//385
f 367//367 387//387 386//386
f 368//368 388//388 387//387
f 369//369 389//389 388//388
f 370//370 390//390 389//389
f 371//371 391//391 390//390
f 372//372 392//392 391//391
f 373//373 393//393 392//392
f 374//374 394//394 393//393
f 375//375 395//395 394//394
f 376//376 396//396 395//395
f 377//377 397//397 396//396
f 378//378 398//398 397//397
f 379//379 399//399 398//398
f 380//380 400//400 399//399
f 361//361 381//381 400//400
f 382//382 402//402 401//401
f 383//383 403//403 402//402
f 384//384 404//404 403//403
f 385//385 405//405 404//404
f 386//386 406//406 405//405
f 387//387 407//407 406//406
f 388//388 408//408 407//407
f 389//389 409//409 408//408
f 390//390 410//410 409//409
f 391//391 411//411 410//410
f 392//392 412//412 411//411
f 393//393 413//413 412//412
f 394//394 414//414 413//413
f 395//395 415//415 414//414
f 396//396 416//416 415//415
f 397//397 417//417 416//416
f 398//398 418//418 417//417
f 399//399 419//419 418//418
f 400//400 420//420 419//419
f 381//381 401//401 420//420
f 402//402 422//422 421//421
f 403//403 423//423 422//422
f 404//404 424//424 423//423
f 405//405 425//425 424//424
f 406//406 426//426 425//425
f 407//407 427//427 426//426
f 408//408 428//428 427//427
f 409//409 429//429 428//428
f 410//410 430//430 429//429
f 411//411 431//431 430//430
f 412//412 432//432 431//431
f 413//413 433//433 432//432
f 414//414 434//434 433//433
f 415//415 435//435 434//434
f 416//416 436//436 435//435
f 437//437 436//436 416//416
f 418//418 438//438 437//437
f 419//419 439//439 438//438
f 420//420 440//440 439//439
f 401//401 421//421 440//440
f 422//422 442//442 441//441
f 423//423 443//443 442//442
f 424//424 444//444 443//443
f 425//425 445//445 444//444
f 426//426 446//446 445//445
f 427//427 447//447 446//446
f 428//428 448//448 447//447
f 429//429 449//449 448//448
f 430//430 450//450 449//449
f 431//431 451//451 450//450
f 432//432 452//452 451//451
f 433//433 453//453 452//452
f 434//434 454//454 453//453
f 435//435 455//455 454//454
f 456//456 455//455 435//435
f 457//457 456//456 436//436
f 458//458 457//457 437//437
f 459//459 458//458 438//438
f 440//440 460//460 459//459
f 421//421 441//441 460//460
f 442//442 462//462 461//461
f 443//443 463//463 462//462
f 444//444 464//464 463//463
f 445//445 465//465 464//464
f 446//446 466//466 465//465
f 447//447 467//467 466//466
f 448//448 468//468 467//467
f 449//449 469//469 468//468
f 450//450 470//470 469//469
f 451//451 471//471 470//470
f 452//452 472//472 471//471
f 453//453 473//473 472//472
f 454//454 474//474 473//473
f 475//475 474//474 454//454
f 476//476 475//475 455//455
f 477//477 476//476 456//456
f 478//478 477//477 457//457
f 479//479 478//478 458//458
f 460//460 480//480 479//479
f 441//441 461//461 480//480
f 462//462 482//482 481//481
f 463//463 483//483 482//482
f 464//464 484//484 483//483
f 465//465 485//485 484//484
f 466//466 486//486 485//485
f 467//467 487//487 486//486
f 468//468 488//488 487//487
f 469//469 489//489 488//488
f 470//470 490//490 489//489
f 471//471 491//491 490//490
f 472//472 492//492 491//491
f 473//473 493//493 492//492
f 494//494 493//493 473//473
f 495//495 494//494 474//474
f 496//496 495//495 475//475
f 497//497 496//496 476//476
f 498//498 497//497 477//477
f 499//499 498//498 478//478
f 500//500 499//499 479//479
f 461//461 481//481 500//500
f 482//482 502//502 501//501
f 483//483 503//503 502//502
f 484//484 504//504 503//503
f 485//485 505//505 504//504
f 486//486 506//506 505//505
f 487//487 507//507 506//506
f 488//488 508//508 507//507
f 489//489 509//509 508//508
f 490//490 510//510 509//509
f 491//491 511//511 510//510
f 492//492 512//512 511//511
f 493//493 513//513 512//512
f 514//514 513//513 493//493
f 515//515 514//514 494//494
f 516//516 515//515 495//495
f 517//517 516//516 496//496
f 518//518 517//517 497//497
f 519//519 518//518 498//498
f 520//520 519//519 499//499
f 481//481 501//501 520//520
f 502//502 522//522 521//521
f 503//503 523//523 522//522
f 504//504 524//524 523//523
f 505//505 525//525 524//524
f 506//506 526//526 525//525
f 507//507 527//527 526//526
f 508//508 528//528 527//527
f 509//509 529//529 528//528
f 510//510 530//530 529//529
f 511//511 531//531 530//530
f 512//512 532//532 531//531
f 513//513 533//533 532//532
f 534//534 533//533 513//513
f 535//535 534//534 514//514
f 536//536 535//535 515//515
f 537//537 536//536 516//516
f 538//538 537//537 517//517
f 539//539 538//538 518//518
f 540//540 539//539 519//519
f 521//521 540//540 520//520
f 522//522 542//542 541//541
f 523//523 543//543 542//542
f 524//524 544//544 543//543
f 525//525 545//545 544//544
f 526//526 546//546 545//545
f 527//527 547//547 546//546
f 528//528 548//548 547//547
f 529//529 549//549 548//548
f 530//530 550//550 549//549
f 531//531 551//551 550//550
f 532//532 552//552 551//551
f 553//553 552//552 532//532
f 554//554 553//553 533//533
f 555//555 554//554 534//534
f 556//556 555//555 535//535
f 557//557 556//556 536//536
f 558//558 557//557 537//537
f 559//559 558//558 538//538
f 560//560 559//559 539//539
f 541//541 560//560 540//540
f 542//542 562//562 561//561
f 543//543 563//563 562//562
f 544//544 564//564 563//563
f 545//545 565//565 564//564
f 546//546 566//566 565//565
f 547//547 567//567 566//566
f 548//548 568//568 567//567
f 549//549 569//569 568//568
f 550//550 570//570 569//569
f 551//551 571//571 570//570
f 552//552 572//572 571//571
f 573//573 572//572 552//552
f 574//574 573//573 553//553
f 575//575 574//574 554//554
f 576//576 575//575 555//555
f 577//577 576//576 556//556
f 578//578 577//577 557//557
f 579//579 578//578 558//558
f 580//580 579//579 559//559
f 561//561 580//580 560//560
f 562//562 582//582 581//581
f 563//563 583//583 582//582
f 564//564 584//584 583//583
f 565//565 585//585 584//584
f 566//566 586//586 585//585
f 567//567 587//587 586//586
f 568//568 588//588 587//587
f 569//569 589//589 588//588
f 570//570 590//590 589//589
f 571//571 591//591 590//590
f 572//572 592//592 591//591
f 593//593 592//592 572//572
f 594//594 593//593 573//573
f 595//595 594//594 574//574
f 596//596 595//595 575//575
f 597//597 596//596 576//576
f 598//598 597//597 577//577
f 599//599 598//598 578//578
f 600//600 599//599 579//579
f 581//581 600//600 580//580
f 582//582 602//602 601//601
f 583//583 603//603 602//602
f 584//584 604//604 603//603
f 585//585 605//605 604//604
f 586//586 606//606 605//605
f 587//587 607//607 606//606
f 588//588 608//608 607//607
f 589//589 609//609 608//608
f 590//590 610//610 609//609
f 591//591 611//611 610//610
f 612//612 611//611 591//591
f 613//613 612//612 592//592
f 614//614 613//613 593//593
f 615//615 614//614 594//594
f 616//616 615//615 595//595
f 617//617 616//616 596//596
f 618//618 617//617 597//597
f 619//619 618//618 598//598
f 620//620 619//619 599//599
f 601//601 620//620 600//600
f 602//602 622//622 621//621
f 603//603 623//623 622//622
f 604//604 624//624 623//623
f 605//605 625//625 624//624
f 606//606 626//626 625//625
f 607//607 627//627 626//626
f 608//608 628//628 627//627
f 609//609 629//629 628//628
f 610//610 630//630 629//629
f 611//611 631//631 630//630
f 632//632 631//631 611//611
f 633//633 632//632 612//612
f 634//634 633//633 613//613
f 635//635 634//634 614//614
f 636//636 635//635 615//615
f 637//637 636//636 616//616
f 638//638 637//637 617//617
f 639//639 638//638 618//618
f 640//640 639//639 619//619
f 621//621 640//640 620//620
f 622//622 642//642 641//641
f 623//623 643//643 642//642
f 624//624 644//644 643//643
f 625//625 645//645 644//644
f 626//626 646//646 645//645
f 627//627 647//647 646//646
f 628//628 648//648 647//647
f 629//629 649//649 648//648
f 630//630 650//650 649//649
f 631//631 651//651 650//650
f 652//652 651//651 631//631
f 653//653 652//652 632//632
f 654//654 653//653 633//633
f 655//655 654//654 634//634
f 656//656 655//655 635//635
f 657//657 656//656 636//636
f 658//658 657//657 637//637
f 659//659 658//658 638//638
f 660//660 659//659 639//639
f 641//641 660//660 640//640
f 642//642 662//662 661//661
f 643//643 663//663 662//662
f 644//644 664//664 663//663
f 645//645 665//665 664//664
f 646//646 666//666 665//665
f 647//647 667//667 666//666
f 648//648 668//668 667//667
f 649//649 669//669 668//668
f 650//650 670//670 669//669
f 651//651 671//671 670//670
f 672//672 671//671 651//651
f 673//673 672//672 652//652
f 674//674 673//673 653//653
f 675//675 674//674 654//654
f 676//676 675//675 655//655
f 677//677 676//676 656//656
f 678//678 677//677 657//657
f 679//679 678//678 658//658
f 680//680 679//679 659//659
f 661//661 680//680 660//660
f 662//662 682//682 681//681
f 663//663 683//683 682//682
f 664//664 684//684 683//683
f 665//665 685//685 684//684
f 666//666 686//686 685//685
f 667//667 687//687 686//686
f 668//668 688//688 687//687
f 669//669 689//689 688//688
f 670//670 690//690 689//689
f 671//671 691//691 690//690
f 692//692 691//691 671//671
f 693//693 692//692 672//672
f 694//694 693//693 673//673
f 695//695 694//694 674//674
f 696//696 695//695 675//675
f 697//697 696//696 676//676
f 698//698 697//697 677//677
f 699//699 698//698 678//678
f 700//700 699//699 679//679
f 681//681 700//700 680//680
f 682//682 702//702 701//701
f 683//683 703//703 702//702
f 684//684 704//704 703//703
f 685//685 705//705 704//704
f 686//686 706//706 705//705
f 687//687 707//707 706//706
f 688//688 708//708 707//707
f 689//689 709//709 708//708
f 690//690 710//710 709//709
f 691//691 711//711 710//710
f 712//712 711//711 691//691
f 713//713 712//712 692//692
f 714//714 713//713 693//693
f 715//715 714//714 694//694
f 716//716 715//715 695//695
f 717//717 716//716 696//696
f 718//718 717//717 697//697
f 719//719 718//718 698//698
f 720//720 719//719 699//699
f 701//701 720//720 700//700
f 702//702 722//722 721//721
f 703//703 723//723 722//722
f 704//704 724//724 723//723
f 705//705 725//725 724//724
f 706//706 726//726 725//725
f 707//707 727//727 726//726
f 708//708 728//728 727//727
f 709//709 729//729 728//728
f 710//710 730//730 729//729
f 711//711 731//731 730//730
f 732//732 731//731 711//711
f 733//733 732//732 712//712
f 734//734 733//733 713//713
f 735//735 734//734 714//714
f 736//736 735//735 715//715
f 737//737 736//736 716//716
f 738//738 737//737 717//717
f 739//739 738//738 718//718
f 740//740 739//739 719//719
f 721//721 740//740 720//720
f 722//722 742//742 741//741
f 723//723 743//743 742//742
f 724//724 744//744 743//743
f 725//725 745//745 744//744
f 726//726 746//746 745//745
f 727//727 747//747 746//746
f 728//728 748//748 747//747
f 729//729 749//749 748//748
f 730//730 750//750 749//749
f 731//731 751//751 750//750
f 752//752 751//751 731//731
f 753//753 752//752 732//732
f 754//754 753//753 733//733
f 755//755 754//754 734//734
f 756//756 755//755 735//735
f 757//757 756//756 736//736
f 758//758 757//757 737//737
f 759//759 758//758 738//738
f 760//760 759//759 739//739
f 721//721 741//741 760//760
f 742//742 762//762 761//761
f 743//743 763//763 762//762
f 744//744 764//764 763//763
f 745//745 765//765 764//764
f 746//746 766//766 765//765
f 747//747 767//767 766//766
f 748//748 768//768 767//767
f 749//749 769//769 768//768
f 750//750 770//770 769//769
f 751//751 771//771 770//770
f 772//772 771//771 751//751
f 773//773 772//772 752//752
f 774//774 773//773 753//753
f 775//775 774//774 754//754
f 776//776 775//775 755//755
f 777//777 776//776 756//756
f 778//778 777//777 757//757
f 779//779 778//778 758//758
f 780//780 779//779 759//759
f 741//741 761//761 780//780
f 762//762 782//782 781//781
f 763//763 783//783 782//782
f 764//764 784//784 783//783
f 765//765 785//785 784//784
f 766//766 786//786 785//785
f 767//767 787//787 786//786
f 768//768 788//788 787//787
f 769//769 789//789 788//788
f 770//770 790//790 789//789
f 771//771 791//791 790//790
f 792//792 791//791 771//771
f 793//793 792//792 772//772
f 794//794 793//793 773//773
f 795//795 794//794 774//774
f 796//796 795//795 775//775
f 797//797 796//796 776//776
f 798//798 797//797 777//777
f 799//799 798//798 778//778
f 800//800 799//799 779//779
f 761//761 781//781 800//800
f 782//782 802//802 801//801
f 783//783 803//803 802//802
f 784//784 804//804 803//803
f 785//785 805//805 804//804
f 786//786 806//806 805//805
f 787//787 807//807 806//806
f 788//788 808//808 807//807
f 789//789 809//809 808//808
f 790//790 810//810 809//809
f 791//791 811//811 810//810
f 812//812 811//811 791//791
f 813//813 812//812 792//792
f 814//814 813//813 793//793
f 815//815 814//814 794//794
f 816//816 815//815 795//795
f 817//817 816//816 796//796
f 818//818 817//817 797//797
f 819//819 818//818 798//798
f 820//820 819//819 799//799
f 781//781 801//801 820//820
f 802//802 822//822 821//821
f 803//803 823//823 822//822
f 804//804 824//824 823//823
f 805//805 825//825 824//824
f 806//806 826//826 825//825
f 807//807 827//827 826//826
f 808//808 828//828 827//827
f 809//809 829//829 828//828
f 810//810 830//830 829//829
f 811//811 831//831 830//830
f 832//832 831//831 811//811
f 833//833 832//832 812//812
f 834//834 833//833 813//813
f 835//835 834//834 814//814
f 836//836 835//835 815//815
f 837//837 836//836 816//816
f 838//838 837//837 817//817
f 839//839 838//838 818//818
f 820//820 840//840 839//839
f 801//801 821//821 840//840
f 822//822 842//842 841//841
f 823//823 843//843 842//842
f 824//824 844//844 843//843
f 825//825 845//845 844//844
f 826//826 846//846 845//845
f 827//827 847//847 846//846
f 828//828 848//848 847//847
f 829//829 849//849 848//848
f 830//830 850//850 849//849
f 831//831 851//851 850//850
f 832//832 852//852 851//851
f 853//853 852//852 832//832
f 854//854 853//853 833//833
f 855//855 854//854 834//834
f 856//856 855//855 835//835
f 857//857 856//856 836//836
f 858//858 857//857 837//837
f 859//859 858//858 838//838
f 840//840 860//860 859//859
f 821//821 841//841 860//860
f 842//842 862//862 861//861
f 843//843 863//863 862//862
f 844//844 864//864 863//863
f 845//845 865//865 864//864
f 846//846 866//866 865//865
f 847//847 867//867 866//866
f 848//848 868//868 867//867
f 849//849 869//869 868//868
f 850//850 870//870 869//869
f 851//851 871//871 870//870
f 852//852 872//872 871//871
f 873//873 872//872 852//852
f 874//874 873//873 853//853
f 875//875 874//874 854//854
f 876//876 875//875 855//855
f 877//877 876//876 856//856
f 878//878 877//877 857//857
f 859//859 879//879 878//878
f 860//860 880//880 879//879
f 841//841 861//861 880//880
f 862//862 882//882 881//881
f 863//863 883//883 882//882
f 864//864 884//884 883//883
f 865//865 885//885 884//884
f 866//866 886//886 885//885
f 867//867 887//887 886//886
f 868//868 888//888 887//887
f 869//869 889//889 888//888
f 870//870 890//890 889//889
f 871//871 891//891 890//890
f 872//872 892//892 891//891
f 873//873 893//893 892//892
f 894//894 893//893 873//873
f 895//895 894//894 874//874
f 896//896 895//895 875//875
f 897//897 896//896 876//876
f 898//898 897//897 877//877
f 879//879 899//899 898//898
f 880//880 900//900 899//899
f 861//861 881//881 900//900
f 882//882 902//902 901//901
f 883//883 903//903 902//902
f 884//884 904//904 903//903
f 885//885 905//905 904//904
f 886//886 906//906 905//905
f 887//887 907//907 906//906
f 888//888 908//908 907//907
f 889//889 909//909 908//908
f 890//890 910//910 909//909
f 891//891 911//911 910//910
f 892//892 912//912 911//911
f 893//893 913//913 912//912
f 894//894 914//914 913//913
f 915//915 914//914 894//894
f 916//916 915//915 895//895
f 917//917 916//916 896//896
f 898//898 918//918 917//917
f 899//899 919//919 918//918
f 900//900 920//920 919//919
f 881//881 901//901 920//920
f 902//902 922//922 921//921
f 903//903 923//923 922//922
f 904//904 924//924 923//923
f 905//905 925//925 924//924
f 906//906 926//926 925//925
f 907//907 927//927 926//926
f 908//908 928//928 927//927
f 909//909 929//929 928//928
f 910//910 930//930 929//929
f 911//911 931//931 930//930
f 912//912 932//932 931//931
f 913//913 933//933 932//932
f 914//914 934//934 933//933
f 915//915 935//935 934//934
f 916//916 936//936 935//935
f 917//917 937//937 936//936
f 918//918 938//938 937//937
f 919//919 939//939 938//938
f 920//920 940//940 939//939
f 901//901 921//921 940//940
f 922//922 942//942 941//941
f 923//923 943//943 942//942
f 924//924 944//944 943//943
f 925//925 945//945 944//944
f 926//926 946//946 945//945
f 927//927 947//947 946//946
f 928//928 948//948 947//947
f 929//929 949//949 948//948
f 930//930 950//950 949//949
f 931//931 951//951 950//950
f 932//932 952//952 951//951
f 933//933 953//953 952//952
f 934//934 954//954 953//953
f 935//935 955//955 954//954
f 936//936 956//956 955//955
f 937//937 957//957 956//956
f 938//938 958//958 957//957
f 939//939 959//959 958//958
f 940//940 960//960 959//959
f 921//921 941//941 960//960
f 942//942 962//962 961//961
f 943//943 963//963 962//962
f 944//944 964//964 963//963
f 945//945 965//965 964//964
f 946//946 966//966 965//965
f 947//947 967//967 966//966
f 948//948 968//968 967//967
f 949//949 969//969 968//968
f 950//950 970//970 969//969
f 951//951 971//971 970//970
f 952//952 972//972 971//971
f 953//953 973//973 972//972
f 954//954 974//974 973//973
f 955//955 975//975 974//974
f 956//956 976//976 975//975
f 957//957 977//977 976//976
f 958//958 978//978 977//977
f 959//959 979//979 978//978
f 960//960 980//980 979//979
f 941//941 961//961 980//980
f 962//962 982//982 981//981
f 963//963 983//983 982//982
f 964//964 984//984 983//983
f 965//965 985//985 984//984
f 966//966 986//986 985//985
f 967//967 987//987 986//986
f 968//968 988//988 987//987
f 969//969 989//989 988//988
f 970//970 990//990 989//989
f 971//971 991//991 990//990
f 972//972 992//992 991//991
f 973//973 993//993 992//992
f 974//974 994//994 993//993
f 975//975 995//995 994//994
f 976//976 996//996 995//995
f 977//977 997//997 996//996
f 978//978 998//998 997//997
f 979//979 999//999 998//998
f 980//980 1000//1000 999//999
f 961//961 981//981 1000//1000
f 982//982 1002//1002 1001//1001
f 983//983 1003//1003 1002//1002
f 984//984 1004//1004 1003//1003
f 985//985 1005//1005 1004//1004
f 986//986 1006//1006 1005//1005
f 987//987 1007//1007 1006//1006
f 988//988 1008//1008 1007//1007
f 989//989 1009//1009 1008//1008
f 990//990 1010//1010 1009//1009
f 991//991 1011//1011 1010//1010
f 992//992 1012//1012 1011//1011
f 993//993 1013//1013 1012//1012
f 994//994 1014//1014 1013//1013
f 995//995 1015//1015 1014//1014
f 996//996 1016//1016 1015//1015
f 997//997 1017//1017 1016//1016
f 998//998 1018//1018 1017//1017
f 999//999 1019//1019 1018//1018
f 1000//1000 1020//1020 1019//1019
f 981//981 1001//1001 1020//1020
f 1002//1002 1022//1022 1021//1021
f 1003//1003 1023//1023 1022//1022
f 1004//1004 1024//1024 1023//1023
f 1005//1005 1025//1025 1024//1024
f 1006//1006 1026//1026 1025//1025
f 1007//1007 1027//1027 1026//1026
f 1008//1008 1028//1028 1027//1027
f 1009//1009 1029//1029 1028//1028
f 1010//1010 1030//1030 1029//1029
f 1011//1011 1031//1031 1030//1030
f 1012//1012 1032//1032 1031//1031
f 1013//1013 1033//1033 1032//1032
f 1014//1014 1034//1034 1033//1033
f 1015//1015 1035//1035 1034//1034
f 1016//1016 1036//1036 1035//1035
f 1017//1017 1037//1037 1036//1036
f 1018//1018 1038//1038 1037//1037
f 1019//1019 1039//1039 1038//1038
f 1020//1020 1040//1040 1039//1039
f 1001//1001 1021//1021 1040//1040
f 1022//1022 1042//1042 1041//1041
f 1023//1023 1043//1043 1042//1042
f 1024//1024 1044//1044 1043//1043
f 1025//1025 1045//1045 1044//1044
f 1026//1026 1046//1046 1045//1045
f 1027//1027 1047//1047 1046//1046
f 1028//1028 1048//1048 1047//1047
f 1029//1029 1049//1049 1048//1048
f 1030//1030 1050//1050 1049//1049
f 1031//1031 1051//1051 1050//1050
f 1032//1032 1052//1052 1051//1051
f 1033//1033 1053//1053 1052//1052
f 1034//1034 1054//1054 1053//1053
f 1035//1035 1055//1055 1054//1054
f 1036//1036 1056//1056 1055//1055
f 1037//1037 1057//1057 1056//1056
f 1038//1038 1058//1058 1057//1057
f 1039//1039 1059//1059 1058//1058
f 1040//1040 1060//1060 1059//1059
f 1021//1021 1041//1041 1060//1060
f 1042//1042 1062//1062 1061//1061
f 1043//1043 1063//1063 1062//1062
f 1044//1044 1064//1064 1063//1063
f 1045//1045 1065//1065 1064//1064
f 1046//1046 1066//1066 1065//1065
f 1047//1047 1067//1067 1066//1066
f 1048//1048 1068//1068 1067//1067
f 1049//1049 1069//1069 1068//1068
f 1050//1050 1070//1070 1069//1069
f 1051//1051 1071//1071 1070//1070
f 1052//1052 1072//1072 1071//1071
f 1053//1053 1073//1073 1072//1072
f 1054//1054 1074//1074 1073//1073
f 1055//1055 1075//1075 1074//1074
f 1056//1056 1076//1076 1075//1075
f 1057//1057 1077//1077 1076//1076
f 1058//1058 1078//1078 1077//1077
f 1059//1059 1079//1079 1078//1078
f 1060//1060 1080//1080 1079//1079
f 1041//1041 1061//1061 1080//1080
f 1062//1062 1082//1082 1081//1081
f 1063//1063 1083//1083 1082//1082
f 1064//1064 1084//1084 1083//1083
f 1065//1065 1085//1085 1084//1084
f 1066//1066 1086//1086 1085//1085
f 1067//1067 1087//1087 1086//1086
f 1068//1068 1088//1088 1087//1087
f 1069//1069 1089//1089 1088//1088
f 1070//1070 1090//1090 1089//1089
f 1071//1071 1091//1091 1090//1090
f 1072//1072 1092//1092 1091//1091
f 1073//1073 1093//1093 1092//1092
f 1074//1074 1094//1094 1093//1093
f 1075//1075 1095//1095 1094//1094
f 1076//1076 1096//1096 1095//1095
f 1077//1077 1097//1097 1096//1096
f 1078//1078 1098//1098 1097//1097
f 1079//1079 1099//1099 1098//1098
f 1080//1080 1100//1100 1099//1099
f 1061//1061 1081//1081 1100//1100
f 1082//1082 1102//1102 1101//1101
f 1083//1083 1103//1103 1102//1102
f 1084//1084 1104//1104 1103//1103
f 1085//1085 1105//1105 1104//1104
f 1086//1086 1106//1106 1105//1105
f 1087//1087 1107//1107 1106//1106
f 1088//1088 1108//1108 1107//1107
f 1089//1089 1109//1109 1108//1108
f 1090//1090 1110//1110 1109//1109
f 1091//1091 1111//1111 1110//1110
f 1092//1092 1112//1112 1111//1111
f 1093//1093 1113//1113 1112//1112
f 1094//1094 1114//1114 1113//1113
f 1095//1095 1115//1115 1114//1114
f 1096//1096 1116//1116 1115//1115
f 1097//1097 1117//1117 1116//1116
f 1098//1098 1118//1118 1117//1117
f 1099//1099 1119//1119 1118//1118
f 1100//1100 1120//1120 1119//1119
f 1081//1081 1101//1101 1120//1120
f 1102//1102 1122//1122 1121//1121
f 1103//1103 1123//1123 1122//1122
f 1104//1104 1124//1124 1123//1123
f 1105//1105 1125//1125 1124//1124
f 1106//1106 1126//1126 1125//1125
f 1107//1107 1127//1127 1126//1126
f 1108//1108 1128//1128 1127//1127
f 1109//1109 1129//1129 1128//1128
f 1110//1110 1130//1130 1129//1129
f 1111//1111 1131//1131 1130//1130
f 1112//1112 1132//1132 1131//1131
f 1113//1113 1133//1133 1132//1132
f 1114//1114 1134//1134 1133//1133
f 1115//1115 1135//1135 1134//1134
f 1116//1116 1136//1136 1135//1135
f 1117//1117 1137//1137 1136//1136
f 1118//1118 1138//1138 1137//1137
f 1119//1119 1139//1139 1138//1138
f 1120//1120 1140//1140 1139//1139
f 1101//1101 1121//1121 1140//1140
f 1122//1122 1142//1142 1141//1141
f 1123//1123 1143//1143 1142//1142
f 1124//1124 1144//1144 1143//1143
f 1125//1125 1145//1145 1144//1144
f 1126//1126 1146//1146 1145//1145
f 1127//1127 1147//1147 1146//1146
f 1128//1128 1148//1148 1147//1147
f 1129//1129 1149//1149 1148//1148
f 1130//1130 1150//1150 1149//1149
f 1131//1131 1151//1151 1150//1150
f 1132//1132 1152//1152 1151//1151
f 1133//1133 1153//1153 1152//1152
f 1134//1134 1154//1154 1153//1153
f 1135//1135 1155//1155 1154//1154
f 1136//1136 1156//1156 1155//1155
f 1137//1137 1157//1157 1156//1156
f 1138//1138 1158//1158 1157//1157
f 1139//1139 1159//1159 1158//1158
f 1140//1140 1160//1160 1159//1159
f 1121//1121 1141//1141 1160//1160
f 1142//1142 1162//1162 1161//1161
f 1143//1143 1163//1163 1162//1162
f 1144//1144 1164//1164 1163//1163
f 1145//1145 1165//1165 1164//1164
f 1146//1146 1166//1166 1165//1165
f 1147//1147 1167//1167 1166//1166
f 1148//1148 1168//1168 1167//1167
f 1149//1149 1169//1169 1168//1168
f 1150//1150 1170//1170 1169//1169
f 1151//1151 1171//1171 1170//1170
f 1152//1152 1172//1172 1171//1171
f 1153//1153 1173//1173 1172//1172
f 1154//1154 1174//1174 1173//1173
f 1155//1155 1175//1175 1174//1174
f 1156//1156 1176//1176 1175//1175
f 1157//1157 1177//1177 1176//1176
f 1158//1158 1178//1178 1177//1177
f 1159//1159 1179//1179 1178//1178
f 1160//1160 1180//1180 1179//1179
f 1141//1141 1161//1161 1180//1180
f 1162//1162 1182//1182 1181//1181
f 1163//1163 1183//1183 1182//1182
f 1164//1164 1184//1184 1183//1183
f 1165//1165 1185//1185 1184//1184
f 1166//1166 1186//1186 1185//1185
f 1167//1167 1187//1187 1186//1186
f 1168//1168 1188//1188 1187//1187
f 1169//1169 1189//1189 1188//1188
f 1170//1170 1190//1190 1189//1189
f 1171//1171 1191//1191 1190//1190
f 1172//1172 1192//1192 1191//1191
f 1173//1173 1193//1193 1192//1192
f 1174//1174 1194//1194 1193//1193
f 1175//1175 1195//1195 1194//1194
f 1176//1176 1196//1196 1195//1195
f 1177//1177 1197//1197 1196//1196
f 1178//1178 1198//1198 1197//1197
f 1179//1179 1199//1199 1198//1198
f 1180//1180 1200//1200 1199//1199
f 1161//1161 1181//1181 1200//1200
f 1182//1182 1202//1202 1201//1201
f 1183//1183 1203//1203 1202//1202
f 1184//1184 1204//1204 1203//1203
f 1185//1185 1205//1205 1204//1204
f 1186//1186 1206//1206 1205//1205
f 1187//1187 1207//1207 1206//1206
f 1188//1188 1208//1208 1207//1207
f 1189//1189 1209//1209 1208//1208
f 1190//1190 1210//1210 1209//1209
f 1191//1191 1211//1211 1210//1210
f 1192//1192 1212//1212 1211//1211
f 1193//1193 1213//1213 1212//1212
f 1194//1194 1214//1214 1213//1213
f 1195//1195 1215//1215 1214//1214
f 1196//1196 1216//1216 1215//1215
f 1197//1197 1217//1217 1216//1216
f 1198//1198 1218//1218 1217//1217
f 1199//1199 1219//1219 1218//1218
f 1200//1200 1220//1220 1219//1219
f 1181//1181 1201//1201 1220//1220
f 1202//1202 1222//1222 1221//1221
f 1203//1203 1223//1223 1222//1222
f 1204//1204 1224//1224 1223//1223
f 1205//1205 1225//1225 1224//1224
f 1206//1206 1226//1226 1225//1225
f 1207//1207 1227//1227 1226//1226
f 1208//1208 1228//1228 1227//1227
f 1209//1209 1229//1229 1228//1228
f 1210//1210 1230//1230 1229//1229
f 1211//1211 1231//1231 1230//1230
f 1212//1212 1232//1232 1231//1231
f 1213//1213 1233//1233 1232//1232
f 1214//1214 1234//1234 1233//1233
f 1215//1215 1235//1235 1234//1234
f 1216//1216 1236//1236 1235//1235
f 1217//1217 1237//1237 1236//1236
f 1218//1218 1238//1238 1237//1237
f 1219//1219 1239//1239 1238//1238
f 1220//1220 1240//1240 1239//1239
f 1201//1201 1221//1221 1240//1240
f 1222//1222 1242//1242 1241//1241
f 1223//1223 1243//1243 1242//1242
f 1224//1224 1244//1244 1243//1243
f 1225//1225 1245//1245 1244//1244
f 1226//1226 1246//1246 1245//1245
f 1227//1227 1247//1247 1246//1246
f 1228//1228 1248//1248 1247//1247
f 1229//1229 1249//1249 1248//1248
f 1230//1230 1250//1250 1249//1249
f 1231//1231 1251//1251 1250//1250
f 1232//1232 1252//1252 1251//1251
f 1233//1233 1253//1253 1252//1252
f 1234//1234 1254//1254 1253//1253
f 1255//1255 1254//1254 1234//1234
f 1256//1256 1255//1255 1235//1235
f 1237//1237 1257//1257 1256//1256
f 1238//1238 1258//1258 1257//1257
f 1239//1239 1259//1259 1258//1258
f 1240//1240 1260//1260 1259//1259
f 1221//1221 1241//1241 1260//1260
f 1242//1242 1262//1262 1261//1261
f 1243//1243 1263//1263 1262//1262
f 1244//1244 1264//1264 1263//1263
f 1245//1245 1265//1265 1264//1264
f 1246//1246 1266//1266 1265//1265
f 1247//1247 1267//1267 1266//1266
f 1248//1248 1268//1268 1267//1267
f 1249//1249 1269//1269 1268//1268
f 1250//1250 1270//1270 1269//1269
f 1251//1251 1271//1271 1270//1270
f 1252//1252 1272//1272 1271//1271
f 1273//1273 1272//1272 1252//1252
f 1274//1274 1273//1273 1253//1253
f 1275//1275 1274//1274 1254//1254
f 1276//1276 1275//1275 1255//1255
f 1277//1277 1276//1276 1256//1256
f 1278//1278 1277//1277 1257//1257
f 1259//1259 1279//1279 1278//1278
f 1260//1260 1280//1280 1279//1279
f 1241//1241 1261//1261 1280//1280
f 1262//1262 1282//1282 1281//1281
f 1263//1263 1283//1283 1282//1282
f 1264//1264 1284//1284 1283//1283
f 1265//1265 1285//1285 1284//1284
f 1266//1266 1286//1286 1285//1285
f 1267//1267 1287//1287 1286//1286
f 1268//1268 1288//1288 1287//1287
f 1269//1269 1289//1289 1288//1288
f 1270//1270 1290//1290 1289//1289
f 1271//1271 1291//1291 1290//1290
f 1272//1272 1292//1292 1291//1291
f 1293//1293 1292//1292 1272//1272
f 1294//1294 1293//1293 1273//1273
f 1295//1295 1294//1294 1274//1274
f 1296//1296 1295//1295 1275//1275
f 1297//1297 1296//1296 1276//1276
f 1298//1298 1297//1297 1277//1277
f 1299//1299 1298//1298 1278//1278
f 1280//1280 1300//1300 1299//1299
f 1261//1261 1281//1281 1300//1300
f 1282//1282 1302//1302 1301//1301
f 1283//1283 1303//1303 1302//1302
f 1284//1284 1304//1304 1303//1303
f 1285//1285 1305//1305 1304//1304
f 1286//1286 1306//1306 1305//1305
f 1287//1287 1307//1307 1306//1306
f 1288//1288 1308//1308 1307//1307
f 1289//1289 1309//1309 1308//1308
f 1290//1290 1310//1310 1309//1309
f 1291//1291 1311//1311 1310//1310
f 1312//1312 1311//1311 1291//1291
f 1313//1313 1312//1312 1292//1292
f 1314//1314 1313//1313 1293//1293
f 1315//1315 1314//1314 1294//1294
f 1316//1316 1315//1315 1295//1295
f 1317//1317 1316//1316 1296//1296
f 1318//1318 1317//1317 1297//1297
f 1319//1319 1318//1318 1298//1298
f 1320//1320 1319//1319 1299//1299
f 1281//1281 1301//1301 1320//1320
f 1302//1302 1322//1322 1321//1321
f 1303//1303 1323//1323 1322//1322
f 1304//1304 1324//1324 1323//1323
f 1305//1305 1325//1325 1324//1324
f 1306//1306 1326//1326 1325//1325
f 1307//1307 1327//1327 1326//1326
f 1308//1308 1328//1328 1327//1327
f 1309//1309 1329//1329 1328//1328
f 1310//1310 1330//1330 1329//1329
f 1311//1311 1331//1331 1330//1330
f 1332//1332 1331//1331 1311//1311
f 1333//1333 1332//1332 1312//1312
f 1334//1334 1333//1333 1313//1313
f 1335//1335 1334//1334 1314//1314
f 1336//1336 1335//1335 1315//1315
f 1337//1337 1336//1336 1316//1316
f 1338//1338 1337//1337 1317//1317
f 1339//1339 1338//1338 1318//1318
f 1340//1340 1339//1339 1319//1319
f 1321//1321 1340//1340 1320//1320
f 1322//1322 1342//1342 1341//1341
f 1323//1323 1343//1343 1342//1342
f 1324//1324 1344//1344 1343//1343
f 1325//1325 1345//1345 1344//1344
f 1326//1326 1346//1346 1345//1345
f 1327//1327 1347//1347 1346//1346
f 1328//1328 1348//1348 1347//1347
f 1329//1329 1349//1349 1348//1348
f 1330//1330 1350//1350 1349//1349
f 1331//1331 1351//1351 1350//1350
f 1352//1352 1351//1351 1331//1331
f 1353//1353 1352//1352 1332//1332
f 1354//1354 1353//1353 1333//1333
f 1355//1355 1354//1354 1334//1334
f 1356//1356 1355//1355 1335//1335
f 1357//1357 1356//1356 1336//1336
f 1358//1358 1357//1357 1337//1337
f 1359//1359 1358//1358 1338//1338
f 1360//1360 1359//1359 1339//1339
f 1341//1341 1360//1360 1340//1340
f 1342//1342 1362//1362 1361//1361
f 1343//1343 1363//1363 1362//1362
f 1344//1344 1364//1364 1363//1363
f 1345//1345 1365//1365 1364//1364
f 1346//1346 1366//1366 1365//1365
f 1347//1347 1367//1367 1366//1366
f 1348//1348 1368//1368 1367//1367
f 1349//1349 1369//1369 1368//1368
f 1350//1350 1370//1370 1369//1369
f 1351//1351 1371//1371 1370//1370
f 1352//1352 1372//1372 1371//1371
f 1373//1373 1372//1372 1352//1352
f 1374//1374 1373//1373 1353//1353
f 1375//1375 1374//1374 1354//1354
f 1376//1376 1375//1375 1355//1355
f 1377//1377 1376//1376 1356//1356
f 1378//1378 1377//1377 1357//1357
f 1379//1379 1378//1378 1358//1358
f 1380//1380 1379//1379 1359//1359
f 1361//1361 1380//1380 1360//1360
f 1362//1362 1382//1382 1381//1381
f 1363//1363 1383//1383 1382//1382
f 1364//1364 1384//1384 1383//1383
f 1365//1365 1385//1385 1384//1384
f 1366//1366 1386//1386 1385//1385
f 1367//1367 1387//1387 1386//1386
f 1368//1368 1388//1388 1387//1387
f 1369//1369 1389//1389 1388//1388
f 1370//1370 1390//1390 1389//1389
f 1371//1371 1391//1391 1390//1390
f 1372//1372 1392//1392 1391//1391
f 1393//1393 1392//1392 1372//1372
f 1394//1394 1393//1393 1373//1373
f 1395//1395 1394//1394 1374//1374
f 1396//1396 1395//1395 1375//1375
f 1397//1397 1396//1396 1376//1376
f 1398//1398 1397//1397 1377//1377
f 1399//1399 1398//1398 1378//1378
f 1400//1400 1399//1399 1379//1379
f 1381//1381 1400//1400 1380//1380
f 1382//1382 1402//1402 1401//1401
f 1383//1383 1403//1403 1402//1402
f 1384//1384 1404//1404 1403//1403
f 1385//1385 1405//1405 1404//1404
f 1386//1386 1406//1406 1405//1405
f 1387//1387 1407//1407 1406//1406
f 1388//1388 1408//1408 1407//1407
f 1389//1389 1409//1409 1408//1408
f 1390//1390 1410//1410 1409//1409
f 1391//1391 1411//1411 1410//1410
f 1392//1392 1412//1412 1411//1411
f 1393//1393 1413//1413 1412//1412
f 1414//1414 1413//1413 1393//1393
f 1415//1415 1414//1414 1394//1394
f 1416//1416 1415//1415 1395//1395
f 1417//1417 1416//1416 1396//1396
f 1418//1418 1417//1417 1397//1397
f 1419//1419 1418//1418 1398//1398
f 1420//1420 1419//1419 1399//1399
f 1381//1381 1401//1401 1420//1420
f 1402//1402 1422//1422 1421//1421
f 1403//1403 1423//1423 1422//1422
f 1404//1404 1424//1424 1423//1423
f 1405//1405 1425//1425 1424//1424
f 1406//1406 1426//1426 1425//1425
f 1407//1407 1427//1427 1426//1426
f 1408//1408 1428//1428 1427//1427
f 1409//1409 1429//1429 1428//1428
f 1410//1410 1430//1430 1429//1429
f 1411//1411 1431//1431 1430//1430
f 1412//1412 1432//1432 1431//1431
f 1413//1413 1433//1433 1432//1432
f 1414//1414 1434//1434 1433//1433
f 1415//1415 1435//1435 1434//1434
f 1436//1436 1435//1435 1415//1415
f 1437//1437 1436//1436 1416//1416
f 1438//1438 1437//1437 1417//1417
f 1439//1439 1438//1438 1418//1418
f 1420//1420 1440//1440 1439//1439
f 1401//1401 1421//1421 1440//1440
f 1422//1422 1442//1442 1441//1441
f 1423//1423 1443//1443 1442//1442
f 1424//1424 1444//1444 1443//1443
f 1425//1425 1445//1445 1444//1444
f 1426//1426 1446//1446 1445//1445
f 1427//1427 1447//1447 1446//1446
f 1428//1428 1448//1448 1447//1447
f 1429//1429 1449//1449 1448//1448
f 1430//1430 1450//1450 1449//1449
f 1431//1431 1451//1451 1450//1450
f 1432//1432 1452//1452 1451//1451
f 1433//1433 1453//1453 1452//1452
f 1434//1434 1454//1454 1453//1453
f 1435//1435 1455//1455 1454//1454
f 1436//1436 1456//1456 1455//1455
f 1437//1437 1457//1457 1456//1456
f 1438//1438 1458//1458 1457//1457
f 1439//1439 1459//1459 1458//1458
f 1440//1440 1460//1460 1459//1459
f 1421//1421 1441//1441 1460//1460
f 1442//1442 1462//1462 1461//1461
f 1443//1443 1463//1463 1462//1462
f 1444//1444 1464//1464 1463//1463
f 1445//1445 1465//1465 1464//1464
f 1446//1446 1466//1466 1465//1465
f 1447//1447 1467//1467 1466//1466
f 1448//1448 1468//1468 1467//1467
f 1449//1449 1469//1469 1468//1468
f 1450//1450 1470//1470 1469//1469
f 1451//1451 1471//1471 1470//1470
f 1452//1452 1472//1472 1471//1471
f 1453//1453 1473//1473 1472//1472
f 1454//1454 1474//1474 1473//1473
f 1455//1455 1475//1475 1474//1474
f 1456//1456 1476//1476 1475//1475
f 1457//1457 1477//1477 1476//1476
f 1458//1458 1478//1478 1477//1477
f 1459//1459 1479//1479 1478//1478
f 1460//1460 1480//1480 1479//1479
f 1441//1441 1461//1461 1480//1480
f 1462//1462 1482//1482 1481//1481
f 1463//1463 1483//1483 1482//1482
f 1464//1464 1484//1484 1483//1483
f 1465//1465 1485//1485 1484//1484
f 1466//1466 1486//1486 1485//1485
f 1467//1467 1487//1487 1486//1486
f 1468//1468 1488//1488 1487//1487
f 1469//1469 1489//1489 1488//1488
f 1470//1470 1490//1490 1489//1489
f 1471//1471 1491//1491 1490//1490
f 1472//1472 1492//1492 1491//1491
f 1473//1473 1493//1493 1492//1492
f 1474//1474 1494//1494 1493//1493
f 1475//1475 1495//1495 1494//1494
f 1476//1476 1496//1496 1495//1495
f 1477//1477 1497//1497 1496//1496
f 1478//1478 1498//1498 1497//1497
f 1479//1479 1499//1499 1498//1498
f 1480//1480 1500//1500 1499//1499
f 1461//1461 1481//1481 1500//1500
f 1482//1482 1502//1502 1501//1501
f 1483//1483 1503//1503 1502//1502
f 1484//1484 1504//1504 1503//1503
f 1485//1485 1505//1505 1504//1504
f 1486//1486 1506//1506 1505//1505
f 1487//1487 1507//1507 1506//1506
f 1488//1488 1508//1508 1507//1507
f 1489//1489 1509//1509 1508//1508
f 1490//1490 1510//1510 1509//1509
f 1491//1491 1511//1511 1510//1510
f 1492//1492 1512//1512 1511//1511
f 1493//1493 1513//1513 1512//1512
f 1494//1494 1514//1514 1513//1513
f 1495//1495 1515//1515 1514//1514
f 1496//1496 1516//1516 1515//1515
f 1497//1497 1517//1517 1516//1516
f 1498//1498 1518//1518 1517//1517
f 1499//1499 1519//1519 1518//1518
f 1500//1500 1520//1520 1519//1519
f 1481//1481 1501//1501 1520//1520
f 1502//1502 1522//1522 1521//1521
f 1503//1503 1523//1523 1522//1522
f 1504//1504 1524//1524 1523//1523
f 1505//1505 1525//1525 1524//1524
f 1506//1506 1526//1526 1525//1525
f 1507//1507 1527//1527 1526//1526
f 1508//1508 1528//1528 1527//1527
f 1509//1509 1529//1529 1528//1528
f 1510//1510 1530//1530 1529//1529
f 1511//1511 1531//1531 1530//1530
f 1512//1512 1532//1532 1531//1531
f 1513//1513 1533//1533 1532//1532
f 1514//1514 1534//1534 1533//1533
f 1515//1515 1535//1535 1534//1534
f 1516//1516 1536//1536 1535//1535
f 1517//1517 1537//1537 1536//1536
f 1518//1518 1538//1538 1537//1537
f 1519//1519 1539//1539 1538//1538
f 1520//1520 1540//1540 1539//1539
f 1501//1501 1521//1521 1540//1540
f 1522//1522 1542//1542 1541//1541
f 1523//1523 1543//1543 1542//1542
f 1524//1524 1544//1544 1543//1543
f 1525//1525 1545//1545 1544//1544
f 1526//1526 1546//1546 1545//1545
f 1527//1527 1547//1547 1546//1546
f 1528//1528 1548//1548 1547//1547
f 1529//1529 1549//1549 1548//1548
f 1530//1530 1550//1550 1549//1549
f 1531//1531 1551//1551 1550//1550
f 1532//1532 1552//1552 1551//1551
f 1533//1533 1553//1553 1552//1552
f 1534//1534 1554//1554 1553//1553
f 1535//1535 1555//1555 1554//1554
f 1536//1536 1556//1556 1555//1555
f 1537//1537 1557//1557 1556//1556
f 1538//1538 1558//1558 1557//1557
f 1539//1539 1559//1559 1558//1558
f 1540//1540 1560//1560 1559//1559
f 1521//1521 1541//1541 1560//1560
f 1542//1542 1562//1562 1561//1561
f 1543//1543 1563//1563 1562//1562
f 1544//1544 1564//1564 1563//1563
f 1545//1545 1565//1565 1564//1564
f 1546//1546 1566//1566 1565//1565
f 1547//1547 1567//1567 1566//1566
f 1548//1548 1568//1568 1567//1567
f 1549//1549 1569//1569 1568//1568
f 1550//1550 1570//1570 1569//1569
f 1551//1551 1571//1571 1570//1570
f 1552//1552 1572//1572 1571//1571
f 1553//1553 1573//1573 1572//1572
f 1554//1554 1574//1574 1573//1573
f 1555//1555 1575//1575 1574//1574
f 1556//1556 1576//1576 1575//1575
f 1557//1557 1577//1577 1576//1576
f 1558//1558 1578//1578 1577//1577
f 1559//1559 1579//1579 1578//1578
f 1560//1560 1580//1580 1579//1579
f 1541//1541 1561//1561 1580//1580
f 1562//1562 1582//1582 1581//1581
f 1563//1563 1583//1583 1582//1582
f 1564//1564 1584//1584 1583//1583
f 1565//1565 1585//1585 1584//1584
f 1566//1566 1586//1586 1585//1585
f 1567//1567 1587//1587 1586//1586
f 1568//1568 1588//1588 1587//1587
f 1569//1569 1589//1589 1588//1588
f 1570//1570 1590//1590 1589//1589
f 1571//1571 1591//1591 1590//1590
f 1572//1572 1592//1592 1591//1591
f 1573//1573 1593//1593 1592//1592
f 1574//1574 1594//1594 1593//1593
f 1575//1575 1595//1595 1594//1594
f 1576//1576 1596//1596 1595//1595
f 1577//1577 1597//1597 1596//1596
f 1578//1578 1598//1598 1597//1597
f 1579//1579 1599//1599 1598//1598
f 1580//1580 1600//1600 1599//1599
f 1561//1561 1581//1581 1600//1600
f 1582//1582 1602//1602 1601//1601
f 1583//1583 1603//1603 1602//1602
f 1584//1584 1604//1604 1603//1603
f 1585//1585 1605//1605 1604//1604
f 1586//1586 1606//1606 1605//1605
f 1587//1587 1607//1607 1606//1606
f 1588//1588 1608//1608 1607//1607
f 1589//1589 1609//1609 1608//1608
f 1590//1590 1610//1610 1609//1609
f 1591//1591 1611//1611 1610//1610
f 1592//1592 1612//1612 1611//1611
f 1593//1593 1613//1613 1612//1612
f 1594//1594 1614//1614 1613//1613
f 1595//1595 1615//1615 1614//1614
f 1596//1596 1616//1616 1615//1615
f 1597//1597 1617//1617 1616//1616
f 1598//1598 1618//1618 1617//1617
f 1599//1599 1619//1619 1618//1618
f 1600//1600 1620//1620 1619//1619
f 1581//1581 1601//1601 1620//1620
f 1602//1602 1622//1622 1621//1621
f 1603//1603 1623//1623 1622//1622
f 1604//1604 1624//1624 1623//1623
f 1605//1605 1625//1625 1624//1624
f 1606//1606 1626//1626 1625//1625
f 1607//1607 1627//1627 1626//1626
f 1608//1608 1628//1628 1627//1627
f 1609//1609 1629//1629 1628//1628
f 1610//1610 1630//1630 1629//1629
f 1611//1611 1631//1631 1630//1630
f 1612//1612 1632//1632 1631//1631
f 1613//1613 1633//1633 1632//1632
f 1614//1614 1634//1634 1633//1633
f 1615//1615 1635//1635 1634//1634
f 1616//1616 1636//1636 1635//1635
f 1617//1617 1637//1637 1636//1636
f 1618//1618 1638//1638 1637//1637
f 1619//1619 1639//1639 1638//1638
f 1620//1620 1640//1640 1639//1639
f 1601//1601 1621//1621 1640//1640
f 1622//1622 1642//1642 1641//1641
f 1623//1623 1643//1643 1642//1642
f 1624//1624 1644//1644 1643//1643
f 1625//1625 1645//1645 1644//1644
f 1626//1626 1646//1646 1645//1645
f 1627//1627 1647//1647 1646//1646
f 1628//1628 1648//1648 1647//1647
f 1629//1629 1649//1649 1648//1648
f 1630//1630 1650//1650 1649//1649
f 1631//1631 1651//1651 1650//1650
f 1632//1632 1652//1652 1651//1651
f 1633//1633 1653//1653 1652//1652
f 1634//1634 1654//1654 1653//1653
f 1635//1635 1655//1655 1654//1654
f 1636//1636 1656//1656 1655//1655
f 1637//1637 1657//1657 1656//1656
f 1638//1638 1658//1658 1657//1657
f 1639//1639 1659//1659 1658//1658
f 1640//1640 1660//1660 1659//1659
f 1621//1621 1641//1641 1660//1660
f 1642//1642 1662//1662 1661//1661
f 1643//1643 1663//1663 1662//1662
f 1644//1644 1664//1664 1663//1663
f 1645//1645 1665//1665 1664//1664
f 1646//1646 1666//1666 1665//1665
f 1647//1647 1667//1667 1666//1666
f 1648//1648 1668//1668 1667//1667
f 1649//1649 1669//1669 1668//1668
f 1650//1650 1670//1670 1669//1669
f 1651//1651 1671//1671 1670//1670
f 1652//1652 1672//1672 1671//1671
f 1653//1653 1673//1673 1672//1672
f 1654//1654 1674//1674 1673//1673
f 1655//1655 1675//1675 1674//1674
f 1656//1656 1676//1676 1675//1675
f 1657//1657 1677//1677 1676//1676
f 1658//1658 1678//1678 1677//1677
f 1659//1659 1679//1679 1678//1678
f 1660//1660 1680//1680 1679//1679
f 1641//1641 1661//1661 1680//1680
f 1662//1662 1682//1682 1681//1681
f 1663//1663 1683//1683 1682//1682
f 1664//1664 1684//1684 1683//1683
f 1665//1665 1685//1685 1684//1684
f 1666//1666 1686//1686 1685//1685
f 1667//1667 1687//1687 1686//1686
f 1668//1668 1688//1688 1687//1687
f 1669//1669 1689//1689 1688//1688
f 1670//1670 1690//1690 1689//1689
f 1671//1671 1691//1691 1690//1690
f 1672//1672 1692//1692 1691//1691
f 1673//1673 1693//1693 1692//1692
f 1674//1674 1694//1694 1693//1693
f 1675//1675 1695//1695 1694//1694
f 1676//1676 1696//1696 1695//1695
f 1677//1677 1697//1697 1696//1696
f 1678//1678 1698//1698 1697//1697
f 1679//1679 1699//1699 1698//1698
f 1680//1680 1700//1700 1699//1699
f 1661//1661 1681//1681 1700//1700
f 1682//1682 1702//1702 1701//1701
f 1683//1683 1703//1703 1702//1702
f 1684//1684 1704//1704 1703//1703
f 1685//1685 1705//1705 1704//1704
f 1686//1686 1706//1706 1705//1705
f 1687//1687 1707//1707 1706//1706
f 1688//1688 1708//1708 1707//1707
f 1689//1689 1709//1709 1708//1708
f 1690//1690 1710//1710 1709//1709
f 1691//1691 1711//1711 1710//1710
f 1692//1692 1712//1712 1711//1711
f 1693//1693 1713//1713 1712//1712
f 1694//1694 1714//1714 1713//1713
f 1695//1695 1715//1715 1714//1714
f 1696//1696 1716//1716 1715//1715
f 1697//1697 1717//1717 1716//1716
f 1698//1698 1718//1718 1717//1717
f 1699//1699 1719//1719 1718//1718
f 1700//1700 1720//1720 1719//1719
f 1681//1681 1701//1701 1720//1720
f 1702//1702 1722//1722 1721//1721
f 1703//1703 1723//1723 1722//1722
f 1704//1704 1724//1724 1723//1723
f 1705//1705 1725//1725 1724//1724
f 1706//1706 1726//1726 1725//1725
f 1707//1707 1727//1727 1726//1726
f 1708//1708 1728//1728 1727//1727
f 1709//1709 1729//1729 1728//1728
f 1710//1710 1730//1730 1729//1729
f 1711//1711 1731//1731 1730//1730
f 1712//1712 1732//1732 1731//1731
f 1713//1713 1733//1733 1732//1732
f 1714//1714 1734//1734 1733//1733
f 1715//1715 1735//1735 1734//1734
f 1716//1716 1736//1736 1735//1735
f 1717//1717 1737//1737 1736//1736
f 1718//1718 1738//1738 1737//1737
f 1719//1719 1739//1739 1738//1738
f 1720//1720 1740//1740 1739//1739
f 1701//1701 1721//1721 1740//1740
f 1722//1722 1742//1742 1741//1741
f 1723//1723 1743//1743 1742//1742
f 1724//1724 1744//1744 1743//1743
f 1725//1725 1745//1745 1744//1744
f 1726//1726 1746//1746 1745//1745
f 1727//1727 1747//1747 1746//1746
f 1728//1728 1748//1748 1747//1747
f 1729//1729 1749//1749 1748//1748
f 1730//1730 1750//1750 1749//1749
f 1731//1731 1751//1751 1750//1750
f 1732//1732 1752//1752 1751//1751
f 1733//1733 1753//1753 1752//1752
f 1734//1734 1754//1754 1753//1753
f 1735//1735 1755//1755 1754//1754
f 1736//1736 1756//1756 1755//1755
f 1737//1737 1757//1757 1756//1756
f 1738//1738 1758//1758 1757//1757
f 1739//1739 1759//1759 1758//1758
f 1740//1740 1760//1760 1759//1759
f 1721//1721 1741//1741 1760//1760
f 1742//1742 1762//1762 1761//1761
f 1743//1743 1763//1763 1762//1762
f 1744//1744 1764//1764 1763//1763
f 1745//1745 1765//1765 1764//1764
f 1746//1746 1766//1766 1765//1765
f 1747//1747 1767//1767 1766//1766
f 1748//1748 1768//1768 1767//1767
f 1749//1749 1769//1769 1768//1768
f 1750//1750 1770//1770 1769//1769
f 1751//1751 1771//1771 1770//1770
f 1752//1752 1772//1772 1771//1771
f 1753//1753 1773//1773 1772//1772
f 1754//1754 1774//1774 1773//1773
f 1755//1755 1775//1775 1774//1774
f 1756//1756 1776//1776 1775//1775
f 1777//1777 1776//1776 1756//1756
f 1778//1778 1777//1777 1757//1757
f 1759//1759 1779//1779 1778//1778
f 1760//1760 1780//1780 1779//1779
f 1741//1741 1761//1761 1780//1780
f 1762//1762 1782//1782 1781//1781
f 1763//1763 1783//1783 1782//1782
f 1764//1764 1784//1784 1783//1783
f 1765//1765 1785//1785 1784//1784
f 1766//1766 1786//1786 1785//1785
f 1767//1767 1787//1787 1786//1786
f 1768//1768 1788//1788 1787//1787
f 1769//1769 1789//1789 1788//1788
f 1770//1770 1790//1790 1789//1789
f 1771//1771 1791//1791 1790//1790
f 1772//1772 1792//1792 1791//1791
f 1773//1773 1793//1793 1792//1792
f 1774//1774 1794//1794 1793//1793
f 1775//1775 1795//1795 1794//1794
f 1796//1796 1795//1795 1775//1775
f 1797//1797 1796//1796 1776//1776
f 1798//1798 1797//1797 1777//1777
f 1799//1799 1798//1798 1778//1778
f 1780//1780 1800//1800 1799//1799
f 1761//1761 1781//1781 1800//1800
f 1782//1782 1802//1802 1801//1801
f 1783//1783 1803//1803 1802//1802
f 1784//1784 1804//1804 1803//1803
f 1785//1785 1805//1805 1804//1804
f 1786//1786 1806//1806 1805//1805
f 1787//1787 1807//1807 1806//1806
f 1788//1788 1808//1808 1807//1807
f 1789//1789 1809//1809 1808//1808
f 1790//1790 1810//1810 1809//1809
f 1791//1791 1811//1811 1810//1810
f 1792//1792 1812//1812 1811//1811
f 1793//1793 1813//1813 1812//1812
f 1794//1794 1814//1814 1813//1813
f 1815//1815 1814//1814 1794//1794
f 1816//1816 1815//1815 1795//1795
f 1817//1817 1816//1816 1796//1796
f 1818//1818 1817//1817 1797//1797
f 1819//1819 1818//1818 1798//1798
f 1820//1820 1819//1819 1799//1799
f 1781//1781 1801//1801 1820//1820
f 1802//1802 1822//1822 1821//1821
f 1803//1803 1823//1823 1822//1822
f 1804//1804 1824//1824 1823//1823
f 1805//1805 1825//1825 1824//1824
f 1806//1806 1826//1826 1825//1825
f 1807//1807 1827//1827 1826//1826
f 1808//1808 1828//1828 1827//1827
f 1809//1809 1829//1829 1828//1828
f 1810//1810 1830//1830 1829//1829
f 1811//1811 1831//1831 1830//1830
f 1812//1812 1832//1832 1831//1831
f 1813//1813 1833//1833 1832//1832
f 1834//1834 1833//1833 1813//1813
f 1835//1835 1834//1834 1814//1814
f 1836//1836 1835//1835 1815//1815
f 1837//1837 1836//1836 1816//1816
f 1838//1838 1837//1837 1817//1817
f 1839//1839 1838//1838 1818//1818
f 1840//1840 1839//1839 1819//1819
f 1801//1801 1821//1821 1840//1840
f 1822//1822 1842//1842 1841//1841
f 1823//1823 1843//1843 1842//1842
f 1824//1824 1844//1844 1843//1843
f 1825//1825 1845//1845 1844//1844
f 1826//1826 1846//1846 1845//1845
f 1827//1827 1847//1847 1846//1846
f 1828//1828 1848//1848 1847//1847
f 1829//1829 1849//1849 1848//1848
f 1830//1830 1850//1850 1849//1849
f 1831//1831 1851//1851 1850//1850
f 1832//1832 1852//1852 1851//1851
f 1833//1833 1853//1853 1852//1852
f 1854//1854 1853//1853 1833//1833
f 1855//1855 1854//1854 1834//1834
f 1856//1856 1855//1855 1835//1835
f 1857//1857 1856//1856 1836//1836
f 1858//1858 1857//1857 1837//1837
f 1859//1859 1858//1858 1838//1838
f 1860//1860 1859//1859 1839//1839
f 1821//1821 1841//1841 1860//1860
f 1842//1842 1862//1862 1861//1861
f 1843//1843 1863//1863 1862//1862
f 1844//1844 1864//1864 1863//1863
f 1845//1845 1865//1865 1864//1864
f 1846//1846 1866//1866 1865//1865
f 1847//1847 1867//1867 1866//1866
f 1848//1848 1868//1868 1867//1867
f 1849//1849 1869//1869 1868//1868
f 1850//1850 1870//1870 1869//1869
f 1851//1851 1871//1871 1870//1870
f 1852//1852 1872//1872 1871//1871
f 1873//1873 1872//1872 1852//1852
f 1874//1874 1873//1873 1853//1853
f 1875//1875 1874//1874 1854//1854
f 1876//1876 1875//1875 1855//1855
f 1877//1877 1876//1876 1856//1856
f 1878//1878 1877//1877 1857//1857
f 1879//1879 1878//1878 1858//1858
f 1880//1880 1879//1879 1859//1859
f 1861//1861 1880//1880 1860//1860
f 1862//1862 1882//1882 1881//1881
f 1863//1863 1883//1883 1882//1882
f 1864//1864 1884//1884 1883//1883
f 1865//1865 1885//1885 1884//1884
f 1866//1866 1886//1886 1885//1885
f 1867//1867 1887//1887 1886//1886
f 1868//1868 1888//1888 1887//1887
f 1869//1869 1889//1889 1888//1888
f 1870//1870 1890//1890 1889//1889
f 1871//1871 1891//1891 1890//1890
f 1872//1872 1892//1892 1891//1891
f 1893//1893 1892//1892 1872//1872
f 1894//1894 1893//1893 1873//1873
f 1895//1895 1894//1894 1874//1874
f 1896//1896 1895//1895 1875//1875
f 1897//1897 1896//1896 1876//1876
f 1898//1898 1897//1897 1877//1877
f 1899//1899 1898//1898 1878//1878
f 1900//1900 1899//1899 1879//1879
f 1881//1881 1900//1900 1880//1880
f 1882//1882 1902//1902 1901//1901
f 1883//1883 1903//1903 1902//1902
f 1884//1884 1904//1904 1903//1903
f 1885//1885 1905//1905 1904//1904
f 1886//1886 1906//1906 1905//1905
f 1887//1887 1907//1907 1906//1906
f 1888//1888 1908//1908 1907//1907
f 1889//1889 1909//1909 1908//1908
f 1890//1890 1910//1910 1909//1909
f 1891//1891 1911//1911 1910//1910
f 1892//1892 1912//1912 1911//1911
f 1913//1913 1912//1912 1892//1892
f 1914//1914 1913//1913 1893//1893
f 1915//1915 1914//1914 1894//1894
f 1916//1916 1915//1915 1895//1895
f 1917//1917 1916//1916 1896//1896
f 1918//1918 1917//1917 1897//1897
f 1919//1919 1918//1918 1898//1898
f 1920//1920 1919//1919 1899//1899
f 1901//1901 1920//1920 1900//1900
f 1902//1902 1922//1922 1921//1921
f 1903//1903 1923//1923 1922//1922
f 1904//1904 1924//1924 1923//1923
f 1905//1905 1925//1925 1924//1924
f 1906//1906 1926//1926 1925//1925
f 1907//1907 1927//1927 1926//1926
f 1908//1908 1928//1928 1927//1927
f 1909//1909 1929//1929 1928//1928
f 1910//1910 1930//1930 1929//1929
f 1911//1911 1931//1931 1930//1930
f 1912//1912 1932//1932 1931//1931
f 1933//1933 1932//1932 1912//1912
f 1934//1934 1933//1933 1913//1913
f 1935//1935 1934//1934 1914//1914
f 1936//1936 1935//1935 1915//1915
f 1937//1937 1936//1936 1916//1916
f 1938//1938 1937//1937 1917//1917
f 1939//1939 1938//1938 1918//1918
f 1940//1940 1939//1939 1919//1919
f 1921//1921 1940//1940 1920//1920
f 1922//1922 1942//1942 1941//1941
f 1923//1923 1943//1943 1942//1942
f 1924//1924 1944//1944 1943//1943
f 1925//1925 1945//1945 1944//1944
f 1926//1926 1946//1946 1945//1945
f 1927//1927 1947//1947 1946//1946
f 1928//1928 1948//1948 1947//1947
f 1929//1929 1949//1949 1948//1948
f 1930//1930 1950//1950 1949//1949
f 1931//1931 1951//1951 1950//1950
f 1952//1952 1951//1951 1931//1931
f 1953//1953 1952//1952 1932//1932
f 1954//1954 1953//1953 1933//1933
f 1955//1955 1954//1954 1934//1934
f 1956//1956 1955//1955 1935//1935
f 1957//1957 1956//1956 1936//1936
f 1958//1958 1957//1957 1937//1937
f 1959//1959 1958//1958 1938//1938
f 1960//1960 1959//1959 1939//1939
f 1941//1941 1960//1960 1940//1940
f 1942//1942 1962//1962 1961//1961
f 1943//1943 1963//1963 1962//1962
f 1944//1944 1964//1964 1963//1963
f 1945//1945 1965//1965 1964//1964
f 1946//1946 1966//1966 1965//1965
f 1947//1947 1967//1967 1966//1966
f 1948//1948 1968//1968 1967//1967
f 1949//1949 1969//1969 1968//1968
f 1950//1950 1970//1970 1969//1969
f 1951//1951 1971//1971 1970//1970
f 1972//1972 1971//1971 1951//1951
f 1973//1973 1972//1972 1952//1952
f 1974//1974 1973//1973 1953//1953
f 1975//1975 1974//1974 1954//1954
f 1976//1976 1975//1975 1955//1955
f 1977//1977 1976//1976 1956//1956
f 1978//1978 1977//1977 1957//1957
f 1979//1979 1978//1978 1958//1958
f 1980//1980 1979//1979 1959//1959
f 1961//1961 1980//1980 1960//1960
f 1962//1962 1982//1982 1981//1981
f 1963//1963 1983//1983 1982//1982
f 1964//1964 1984//1984 1983//1983
f 1965//1965 1985//1985 1984//1984
f 1966//1966 1986//1986 1985//1985
f 1967//1967 1987//1987 1986//1986
f 1968//1968 1988//1988 1987//1987
f 1969//1969 1989//1989 1988//1988
f 1970//1970 1990//1990 1989//1989
f 1971//1971 1991//1991 1990//1990
f 1992//1992 1991//1991 1971//1971
f 1993//1993 1992//1992 1972//1972
f 1994//1994 1993//1993 1973//1973
f 1995//1995 1994//1994 1974//1974
f 1996//1996 1995//1995 1975//1975
f 1997//1997 1996//1996 1976//1976
f 1998//1998 1997//1997 1977//1977
f 1999//1999 1998//1998 1978//1978
f 2000//2000 1999//1999 1979//1979
f 1981//1981 2000//2000 1980//1980
f 1982//1982 2002//2002 2001//2001
f 1983//1983 2003//2003 2002//2002
f 1984//1984 2004//2004 2003//2003
f 1985//1985 2005//2005 2004//2004
f 1986//1986 2006//2006 2005//2005
f 1987//1987 2007//2007 2006//2006
f 1988//1988 2008//2008 2007//2007
f 1989//1989 2009//2009 2008//2008
f 1990//1990 2010//2010 2009//2009
f 1991//1991 2011//2011 2010//2010
f 2012//2012 2011//2011 1991//1991
f 2013//2013 2012//2012 1992//1992
f 2014//2014 2013//2013 1993//1993
f 2015//2015 2014//2014 1994//1994
f 2016//2016 2015//2015 1995//1995
f 2017//2017 2016//2016 1996//1996
f 2018//2018 2017//2017 1997//1997
f 2019//2019 2018//2018 1998//1998
f 2020//2020 2019//2019 1999//1999
f 2001//2001 2020//2020 2000//2000
f 2002//2002 2022//2022 2021//2021
f 2003//2003 2023//2023 2022//2022
f 2004//2004 2024//2024 2023//2023
f 2005//2005 2025//2025 2024//2024
f 2006//2006 2026//2026 2025//2025
f 2007//2007 2027//2027 2026//2026
f 2008//2008 2028//2028 2027//2027
f 2009//2009 2029//2029 2028//2028
f 2010//2010 2030//2030 2029//2029
f 2011//2011 2031//2031 2030//2030
f 2032//2032 2031//2031 2011//2011
f 2033//2033 2032//2032 2012//2012
f 2034//2034 2033//2033 2013//2013
f 2035//2035 2034//2034 2014//2014
f 2036//2036 2035//2035 2015//2015
f 2037//2037 2036//2036 2016//2016
f 2038//2038 2037//2037 2017//2017
f 2039//2039 2038//2038 2018//2018
f 2040//2040 2039//2039 2019//2019
f 2021//2021 2040//2040 2020//2020
f 2022//2022 2042//2042 2041//2041
f 2023//2023 2043//2043 2042//2042
f 2024//2024 2044//2044 2043//2043
f 2025//2025 2045//2045 2044//2044
f 2026//2026 2046//2046 2045//2045
f 2027//2027 2047//2047 2046//2046
f 2028//2028 2048//2048 2047//2047
f 2029//2029 2049//2049 2048//2048
f 2030//2030 2050//2050 2049//2049
f 2031//2031 2051//2051 2050//2050
f 2052//2052 2051//2051 2031//2031
f 2053//2053 2052//2052 2032//2032
f 2054//2054 2053//2053 2033//2033
f 2055//2055 2054//2054 2034//2034
f 2056//2056 2055//2055 2035//2035
f 2057//2057 2056//2056 2036//2036
f 2058//2058 2057//2057 2037//2037
f 2059//2059 2058//2058 2038//2038
f 2060//2060 2059//2059 2039//2039
f 2041//2041 2060//2060 2040//2040
f 2042//2042 2062//2062 2061//2061
f 2043//2043 2063//2063 2062//2062
f 2044//2044 2064//2064 2063//2063
f 2045//2045 2065//2065 2064//2064
f 2046//2046 2066//2066 2065//2065
f 2047//2047 2067//2067 2066//2066
f 2048//2048 2068//2068 2067//2067
f 2049//2049 2069//2069 2068//2068
f 2050//2050 2070//2070 2069//2069
f 2051//2051 2071//2071 2070//2070
f 2072//2072 2071//2071 2051//2051
f 2073//2073 2072//2072 2052//2052
f 2074//2074 2073//2073 2053//2053
f 2075//2075 2074//2074 2054//2054
f 2076//2076 2075//2075 2055//2055
f 2077//2077 2076//2076 2056//2056
f 2078//2078 2077//2077 2057//2057
f 2079//2079 2078//2078 2058//2058
f 2080//2080 2079//2079 2059//2059
f 2061//2061 2080//2080 2060//2060
f 2062//2062 2082//2082 2081//2081
f 2063//2063 2083//2083 2082//2082
f 2064//2064 2084//2084 2083//2083
f 2065//2065 2085//2085 2084//2084
f 2066//2066 2086//2086 2085//2085
f 2067//2067 2087//2087 2086//2086
f 2068//2068 2088//2088 2087//2087
f 2069//2069 2089//2089 2088//2088
f 2070//2070 2090//2090 2089//2089
f 2071//2071 2091//2091 2090//2090
f 2092//2092 2091//2091 2071//2071
f 2093//2093 2092//2092 2072//2072
f 2094//2094 2093//2093 2073//2073
f 2095//2095 2094//2094 2074//2074
f 2096//2096 2095//2095 2075//2075
f 2097//2097 2096//2096 2076//2076
f 2098//2098 2097//2097 2077//2077
f 2099//2099 2098//2098 2078//2078
f 2100//2100 2099//2099 2079//2079
f 2061//2061 2081//2081 2100//2100
f 2082//2082 2102//2102 2101//2101
f 2083//2083 2103//2103 2102//2102
f 2084//2084 2104//2104 2103//2103
f 2085//2085 2105//2105 2104//2104
f 2086//2086 2106//2106 2105//2105
f 2087//2087 2107//2107 2106//2106
f 2088//2088 2108//2108 2107//2107
f 2089//2089 2109//2109 2108//2108
f 2090//2090 2110//2110 2109//2109
f 2091//2091 2111//2111 2110//2110
f 2112//2112 2111//2111 2091//2091
f 2113//2113 2112//2112 2092//2092
f 2114//2114 2113//2113 2093//2093
f 2115//2115 2114//2114 2094//2094
f 2116//2116 2115//2115 2095//2095
f 2117//2117 2116//2116 2096//2096
f 2118//2118 2117//2117 2097//2097
f 2119//2119 2118//2118 2098//2098
f 2120//2120 2119//2119 2099//2099
f 2081//2081 2101//2101 2120//2120
f 2102//2102 2122//2122 2121//2121
f 2103//2103 2123//2123 2122//2122
f 2104//2104 2124//2124 2123//2123
f 2105//2105 2125//2125 2124//2124
f 2106//2106 2126//2126 2125//2125
f 2107//2107 2127//2127 2126//2126
f 2108//2108 2128//2128 2127//2127
f 2109//2109 2129//2129 2128//2128
f 2110//2110 2130//2130 2129//2129
f 2111//2111 2131//2131 2130//2130
f 2132//2132 2131//2131 2111//2111
f 2133//2133 2132//2132 2112//2112
f 2134//2134 2133//2133 2113//2113
f 2135//2135 2134//2134 2114//2114
f 2136//2136 2135//2135 2115//2115
f 2137//2137 2136//2136 2116//2116
f 2138//2138 2137//2137 2117//2117
f 2139//2139 2138//2138 2118//2118
f 2140//2140 2139//2139 2119//2119
f 2101//2101 2121//2121 2140//2140
f 2122//2122 2142//2142 2141//2141
f 2123//2123 2143//2143 2142//2142
f 2124//2124 2144//2144 2143//2143
f 2125//2125 2145//2145 2144//2144
f 2126//2126 2146//2146 2145//2145
f 2127//2127 2147//2147 2146//2146
f 2128//2128 2148//2148 2147//2147
f 2129//2129 2149//2149 2148//2148
f 2130//2130 2150//2150 2149//2149
f 2131//2131 2151//2151 2150//2150
f 2152//2152 2151//2151 2131//2131
f 2153//2153 2152//2152 2132//2132
f 2154//2154 2153//2153 2133//2133
f 2155//2155 2154//2154 2134//2134
f 2156//2156 2155//2155 2135//2135
f 2157//2157 2156//2156 2136//2136
f 2158//2158 2157//2157 2137//2137
f 2159//2159 2158//2158 2138//2138
f 2160//2160 2159//2159 2139//2139
f 2121//2121 2141//2141 2160//2160
f 2142//2142 2162//2162 2161//2161
f 2143//2143 2163//2163 2162//2162
f 2144//2144 2164//2164 2163//2163
f 2145//2145 2165//2165 2164//2164
f 2146//2146 2166//2166 2165//2165
f 2147//2147 2167//2167 2166//2166
f 2148//2148 2168//2168 2167//2167
f 2149//2149 2169//2169 2168//2168
f 2150//2150 2170//2170 2169//2169
f 2151//2151 2171//2171 2170//2170
f 2152//2152 2172//2172 2171//2171
f 2173//2173 2172//2172 2152//2152
f 2174//2174 2173//2173 2153//2153
f 2175//2175 2174//2174 2154//2154
f 2176//2176 2175//2175 2155//2155
f 2177//2177 2176//2176 2156//2156
f 2178//2178 2177//2177 2157//2157
f 2179//2179 2178//2178 2158//2158
f 2160//2160 2180//2180 2179//2179
f 2141//2141 2161//2161 2180//2180
f 2162//2162 2182//2182 2181//2181
f 2163//2163 2183//2183 2182//2182
f 2164//2164 2184//2184 2183//2183
f 2165//2165 2185//2185 2184//2184
f 2166//2166 2186//2186 2185//2185
f 2167//2167 2187//2187 2186//2186
f 2168//2168 2188//2188 2187//2187
f 2169//2169 2189//2189 2188//2188
f 2170//2170 2190//2190 2189//2189
f 2171//2171 2191//2191 2190//2190
f 2172//2172 2192//2192 2191//2191
f 2193//2193 2192//2192 2172//2172
f 2194//2194 2193//2193 2173//2173
f 2195//2195 2194//2194 2174//2174
f 2196//2196 2195//2195 2175//2175
f 2197//2197 2196//2196 2176//2176
f 2198//2198 2197//2197 2177//2177
f 2199//2199 2198//2198 2178//2178
f 2180//2180 2200//2200 2199//2199
f 2161//2161 2181//2181 2200//2200
f 2182//2182 2202//2202 2201//2201
f 2183//2183 2203//2203 2202//2202
f 2184//2184 2204//2204 2203//2203
f 2185//2185 2205//2205 2204//2204
f 2186//2186 2206//2206 2205//2205
f 2187//2187 2207//2207 2206//2206
f 2188//2188 2208//2208 2207//2207
f 2189//2189 2209//2209 2208//2208
f 2190//2190 2210//2210 2209//2209
f 2191//2191 2211//2211 2210//2210
f 2192//2192 2212//2212 2211//2211
f 2213//2213 2212//2212 2192//2192
f 2214//2214 2213//2213 2193//2193
f 2215//2215 2214//2214 2194//2194
f 2216//2216 2215//2215 2195//2195
f 2217//2217 2216//2216 2196//2196
f 2218//2218 2217//2217 2197//2197
f 2199//2199 2219//2219 2218//2218
f 2200//2200 2220//2220 2219//2219
f 2181//2181 2201//2201 2220//2220
f 2202//2202 2222//2222 2221//2221
f 2203//2203 2223//2223 2222//2222
f 2204//2204 2224//2224 2223//2223
f 2205//2205 2225//2225 2224//2224
f 2206//2206 2226//2226 2225//2225
f 2207//2207 2227//2227 2226//2226
f 2208//2208 2228//2228 2227//2227
f 2209//2209 2229//2229 2228//2228
f 2210//2210 2230//2230 2229//2229
f 2211//2211 2231//2231 2230//2230
f 2212//2212 2232//2232 2231//2231
f 2213//2213 2233//2233 2232//2232
f 2234//2234 2233//2233 2213//2213
f 2235//2235 2234//2234 2214//2214
f 2236//2236 2235//2235 2215//2215
f 2237//2237 2236//2236 2216//2216
f 2218//2218 2238//2238 2237//2237
f 2219//2219 2239//2239 2238//2238
f 2220//2220 2240//2240 2239//2239
f 2201//2201 2221//2221 2240//2240
f 2222//2222 2242//2242 2241//2241
f 2223//2223 2243//2243 2242//2242
f 2224//2224 2244//2244 2243//2243
f 2225//2225 2245//2245 2244//2244
f 2226//2226 2246//2246 2245//2245
f 2227//2227 2247//2247 2246//2246
f 2228//2228 2248//2248 2247//2247
f 2229//2229 2249//2249 2248//2248
f 2230//2230 2250//2250 2249//2249
f 2231//2231 2251//2251 2250//2250
f 2232//2232 2252//2252 2251//2251
f 2233//2233 2253//2253 2252//2252
f 2234//2234 2254//2254 2253//2253
f 2255//2255 2254//2254 2234//2234
f 2256//2256 2255//2255 2235//2235
f 2237//2237 2257//2257 2256//2256
f 2238//2238 2258//2258 2257//2257
f 2239//2239 2259//2259 2258//2258
f 2240//2240 2260//2260 2259//2259
f 2221//2221 2241//2241 2260//2260
f 2242//2242 2262//2262 2261//2261
f 2243//2243 2263//2263 2262//2262
f 2244//2244 2264//2264 2263//2263
f 2245//2245 2265//2265 2264//2264
f 2246//2246 2266//2266 2265//2265
f 2247//2247 2267//2267 2266//2266
f 2248//2248 2268//2268 2267//2267
f 2249//2249 2269//2269 2268//2268
f 2250//2250 2270//2270 2269//2269
f 2251//2251 2271//2271 2270//2270
f 2252//2252 2272//2272 2271//2271
f 2253//2253 2273//2273 2272//2272
f 2254//2254 2274//2274 2273//2273
f 2255//2255 2275//2275 2274//2274
f 2256//2256 2276//2276 2275//2275
f 2257//2257 2277//2277 2276//2276
f 2258//2258 2278//2278 2277//2277
f 2259//2259 2279//2279 2278//2278
f 2260//2260 2280//2280 2279//2279
f 2241//2241 2261//2261 2280//2280
f 2262//2262 2282//2282 2281//2281
f 2263//2263 2283//2283 2282//2282
f 2264//2264 2284//2284 2283//2283
f 2265//2265 2285//2285 2284//2284
f 2266//2266 2286//2286 2285//2285
f 2267//2267 2287//2287 2286//2286
f 2268//2268 2288//2288 2287//2287
f 2269//2269 2289//2289 2288//2288
f 2270//2270 2290//2290 2289//2289
f 2271//2271 2291//2291 2290//2290
f 2272//2272 2292//2292 2291//2291
f 2273//2273 2293//2293 2292//2292
f 2274//2274 2294//2294 2293//2293
f 2275//2275 2295//2295 2294//2294
f 2276//2276 2296//2296 2295//2295
f 2277//2277 2297//2297 2296//2296
f 2278//2278 2298//2298 2297//2297
f 2279//2279 2299//2299 2298//2298
f 2280//2280 2300//2300 2299//2299
f 2261//2261 2281//2281 2300//2300
f 2282//2282 2302//2302 2301//2301
f 2283//2283 2303//2303 2302//2302
f 2284//2284 2304//2304 2303//2303
f 2285//2285 2305//2305 2304//2304
f 2286//2286 2306//2306 2305//2305
f 2287//2287 2307//2307 2306//2306
f 2288//2288 2308//2308 2307//2307
f 2289//2289 2309//2309 2308//2308
f 2290//2290 2310//2310 2309//2309
f 2291//2291 2311//2311 2310//2310
f 2292//2292 2312//2312 2311//2311
f 2293//2293 2313//2313 2312//2312
f 2294//2294 2314//2314 2313//2313
f 2295//2295 2315//2315 2314//2314
f 2296//2296 2316//2316 2315//2315
f 2297//2297 2317//2317 2316//2316
f 2298//2298 2318//2318 2317//2317
f 2299//2299 2319//2319 2318//2318
f 2300//2300 2320//2320 2319//2319
f 2281//2281 2301//2301 2320//2320
f 2302//2302 2322//2322 2321//2321
f 2303//2303 2323//2323 2322//2322
f 2304//2304 2324//2324 2323//2323
f 2305//2305 2325//2325 2324//2324
f 2306//2306 2326//2326 2325//2325
f 2307//2307 2327//2327 2326//2326
f 2308//2308 2328//2328 2327//2327
f 2309//2309 2329//2329 2328//2328
f 2310//2310 2330//2330 2329//2329
f 2311//2311 2331//2331 2330//2330
f 2312//2312 2332//2332 2331//2331
f 2313//2313 2333//2333 2332//2332
f 2314//2314 2334//2334 2333//2333
f 2315//2315 2335//2335 2334//2334
f 2316//2316 2336//2336 2335//2335
f 2317//2317 2337//2337 2336//2336
f 2318//2318 2338//2338 2337//2337
f 2319//2319 2339//2339 2338//2338
f 2320//2320 2340//2340 2339//2339
f 2301//2301 2321//2321 2340//2340
f 2322//2322 2342//2342 2341//2341
f 2323//2323 2343//2343 2342//2342
f 2324//2324 2344//2344 2343//2343
f 2325//2325 2345//2345 2344//2344
f 2326//2326 2346//2346 2345//2345
f 2327//2327 2347//2347 2346//2346
f 2328//2328 2348//2348 2347//2347
f 2329//2329 2349//2349 2348//2348
f 2330//2330 2350//2350 2349//2349
f 2331//2331 2351//2351 2350//2350
f 2332//2332 2352//2352 2351//2351
f 2333//2333 2353//2353 2352//2352
f 2334//2334 2354//2354 2353//2353
f 2335//2335 2355//2355 2354//2354
f 2336//2336 2356//2356 2355//2355
f 2337//2337 2357//2357 2356//2356
f 2338//2338 2358//2358 2357//2357
f 2339//2339 2359//2359 2358//2358
f 2340//2340 2360//2360 2359//2359
f 2321//2321 2341//2341 2360//2360
f 2342//2342 2362//2362 2361//2361
f 2343//2343 2363//2363 2362//2362
f 2344//2344 2364//2364 2363//2363
f 2345//2345 2365//2365 2364//2364
f 2346//2346 2366//2366 2365//2365
f 2347//2347 2367//2367 2366//2366
f 2348//2348 2368//2368 2367//2367
f 2349//2349 2369//2369 2368//2368
f 2350//2350 2370//2370 2369//2369
f 2351//2351 2371//2371 2370//2370
f 2352//2352 2372//2372 2371//2371
f 2353//2353 2373//2373 2372//2372
f 2354//2354 2374//2374 2373//2373
f 2355//2355 2375//2375 2374//2374
f 2356//2356 2376//2376 2375//2375
f 2357//2357 2377//2377 2376//2376
f 2358//2358 2378//2378 2377//2377
f 2359//2359 2379//2379 2378//2378
f 2360//2360 2380//2380 2379//2379
f 2341//2341 2361//2361 2380//2380
f 2362//2362 2382//2382 2381//2381
f 2363//2363 2383//2383 2382//2382
f 2364//2364 2384//2384 2383//2383
f 2365//2365 2385//2385 2384//2384
f 2366//2366 2386//2386 2385//2385
f 2367//2367 2387//2387 2386//2386
f 2368//2368 2388//2388 2387//2387
f 2369//2369 2389//2389 2388//2388
f 2370//2370 2390//2390 2389//2389
f 2371//2371 2391//2391 2390//2390
f 2372//2372 2392//2392 2391//2391
f 2373//2373 2393//2393 2392//2392
f 2374//2374 2394//2394 2393//2393
f 2375//2375 2395//2395 2394//2394
f 2376//2376 2396//2396 2395//2395
f 2377//2377 2397//2397 2396//2396
f 2378//2378 2398//2398 2397//2397
f 2379//2379 2399//2399 2398//2398
f 2380//2380 2400//2400 2399//2399
f 2361//2361 2381//2381 2400//2400
f 2382//2382 2402//2402 2401//2401
f 2383//2383 2403//2403 2402//2402
f 2384//2384 2404//2404 2403//2403
f 2385//2385 2405//2405 2404//2404
f 2386//2386 2406//2406 2405//2405
f 2387//2387 2407//2407 2406//2406
f 2388//2388 2408//2408 2407//2407
f 2389//2389 2409//2409 2408//2408
f 2390//2390 2410//2410 2409//2409
f 2391//2391 2411//2411 2410//2410
f 2392//2392 2412//2412 2411//2411
f 2393//2393 2413//2413 2412//2412
f 2394//2394 2414//2414 2413//2413
f 2395//2395 2415//2415 2414//2414
f 2396//2396 2416//2416 2415//2415
f 2397//2397 2417//2417 2416//2416
f 2398//2398 2418//2418 2417//2417
f 2399//2399 2419//2419 2418//2418
f 2400//2400 2420//2420 2419//2419
f 2381//2381 2401//2401 2420//2420
f 2402//2402 2422//2422 2421//2421
f 2403//2403 2423//2423 2422//2422
f 2404//2404 2424//2424 2423//2423
f 2405//2405 2425//2425 2424//2424
f 2406//2406 2426//2426 2425//2425
f 2407//2407 2427//2427 2426//2426
f 2408//2408 2428//2428 2427//2427
f 2409//2409 2429//2429 2428//2428
f 2410//2410 2430//2430 2429//2429
f 2411//2411 2431//2431 2430//2430
f 2412//2412 2432//2432 2431//2431
f 2413//2413 2433//2433 2432//2432
f 2414//2414 2434//2434 2433//2433
f 2415//2415 2435//2435 2434//2434
f 2416//2416 2436//2436 2435//2435
f 2417//2417 2437//2437 2436//2436
f 2418//2418 2438//2438 2437//2437
f 2419//2419 2439//2439 2438//2438
f 2420//2420 2440//2440 2439//2439
f 2401//2401 2421//2421 2440//2440
f 2422//2422 2442//2442 2441//2441
f 2423//2423 2443//2443 2442//2442
f 2424//2424 2444//2444 2443//2443
f 2425//2425 2445//2445 2444//2444
f 2426//2426 2446//2446 2445//2445
f 2427//2427 2447//2447 2446//2446
f 2428//2428 2448//2448 2447//2447
f 2429//2429 2449//2449 2448//2448
f 2430//2430 2450//2450 2449//2449
f 2431//2431 2451//2451 2450//2450
f 2432//2432 2452//2452 2451//2451
f 2433//2433 2453//2453 2452//2452
f 2434//2434 2454//2454 2453//2453
f 2435//2435 2455//2455 2454//2454
f 2436//2436 2456//2456 2455//2455
f 2437//2437 2457//2457 2456//2456
f 2438//2438 2458//2458 2457//2457
f 2439//2439 2459//2459 2458//2458
f 2440//2440 2460//2460 2459//2459
f 2421//2421 2441//2441 2460//2460
f 2442//2442 2462//2462 2461//2461
f 2443//2443 2463//2463 2462//2462
f 2444//2444 2464//2464 2463//2463
f 2445//2445 2465//2465 2464//2464
f 2446//2446 2466//2466 2465//2465
f 2447//2447 2467//2467 2466//2466
f 2448//2448 2468//2468 2467//2467
f 2449//2449 2469//2469 2468//2468
f 2450//2450 2470//2470 2469//2469
f 2451//2451 2471//2471 2470//2470
f 2452//2452 2472//2472 2471//2471
f 2453//2453 2473//2473 2472//2472
f 2454//2454 2474//2474 2473//2473
f 2455//2455 2475//2475 2474//2474
f 2456//2456 2476//2476 2475//2475
f 2457//2457 2477//2477 2476//2476
f 2458//2458 2478//2478 2477//2477
f 2459//2459 2479//2479 2478//2478
f 2460//2460 2480//2480 2479//2479
f 2441//2441 2461//2461 2480//2480
f 2462//2462 2482//2482 2481//2481
f 2463//2463 2483//2483 2482//2482
f 2464//2464 2484//2484 2483//2483
f 2465//2465 2485//2485 2484//2484
f 2466//2466 2486//2486 2485//2485
f 2467//2467 2487//2487 2486//2486
f 2468//2468 2488//2488 2487//2487
f 2469//2469 2489//2489 2488//2488
f 2470//2470 2490//2490 2489//2489
f 2471//2471 2491//2491 2490//2490
f 2472//2472 2492//2492 2491//2491
f 2473//2473 2493//2493 2492//2492
f 2474//2474 2494//2494 2493//2493
f 2475//2475 2495//2495 2494//2494
f 2476//2476 2496//2496 2495//2495
f 2477//2477 2497//2497 2496//2496
f 2478//2478 2498//2498 2497//2497
f 2479//2479 2499//2499 2498//2498
f 2480//2480 2500//2500 2499//2499
f 2461//2461 2481//2481 2500//2500
f 2482//2482 2502//2502 2501//2501
f 2483//2483 2503//2503 2502//2502
f 2484//2484 2504//2504 2503//2503
f 2485//2485 2505//2505 2504//2504
f 2486//2486 2506//2506 2505//2505
f 2487//2487 2507//2507 2506//2506
f 2488//2488 2508//2508 2507//2507
f 2489//2489 2509//2509 2508//2508
f 2490//2490 2510//2510 2509//2509
f 2491//2491 2511//2511 2510//2510
f 2492//2492 2512//2512 2511//2511
f 2493//2493 2513//2513 2512//2512
f 2494//2494 2514//2514 2513//2513
f 2495//2495 2515//2515 2514//2514
f 2496//2496 2516//2516 2515//2515
f 2497//2497 2517//2517 2516//2516
f 2498//2498 2518//2518 2517//2517
f 2499//2499 2519//2519 2518//2518
f 2500//2500 2520//2520 2519//2519
f 2481//2481 2501//2501 2520//2520
f 2502//2502 2522//2522 2521//2521
f 2503//2503 2523//2523 2522//2522
f 2504//2504 2524//2524 2523//2523
f 2505//2505 2525//2525 2524//2524
f 2506//2506 2526//2526 2525//2525
f 2507//2507 2527//2527 2526//2526
f 2508//2508 2528//2528 2527//2527
f 2509//2509 2529//2529 2528//2528
f 2510//2510 2530//2530 2529//2529
f 2511//2511 2531//2531 2530//2530
f 2512//2512 2532//2532 2531//2531
f 2513//2513 2533//2533 2532//2532
f 2514//2514 2534//2534 2533//2533
f 2515//2515 2535//2535 2534//2534
f 2516//2516 2536//2536 2535//2535
f 2517//2517 2537//2537 2536//2536
f 2518//2518 2538//2538 2537//2537
f 2519//2519 2539//2539 2538//2538
f 2520//2520 2540//2540 2539//2539
f 2501//2501 2521//2521 2540//2540
f 2522//2522 2542//2542 2541//2541
f 2523//2523 2543//2543 2542//2542
f 2524//2524 2544//2544 2543//2543
f 2525//2525 2545//2545 2544//2544
f 2526//2526 2546//2546 2545//2545
f 2527//2527 2547//2547 2546//2546
f 2528//2528 2548//2548 2547//2547
f 2529//2529 2549//2549 2548//2548
f 2530//2530 2550//2550 2549//2549
f 2531//2531 2551//2551 2550//2550
f 2532//2532 2552//2552 2551//2551
f 2533//2533 2553//2553 2552//2552
f 2534//2534 2554//2554 2553//2553
f 2535//2535 2555//2555 2554//2554
f 2536//2536 2556//2556 2555//2555
f 2537//2537 2557//2557 2556//2556
f 2538//2538 2558//2558 2557//2557
f 2539//2539 2559//2559 2558//2558
f 2540//2540 2560//2560 2559//2559
f 2521//2521 2541//2541 2560//2560
f 2542//2542 2562//2562 2561//2561
f 2543//2543 2563//2563 2562//2562
f 2544//2544 2564//2564 2563//2563
f 2545//2545 2565//2565 2564//2564
f 2546//2546 2566//2566 2565//2565
f 2547//2547 2567//2567 2566//2566
f 2548//2548 2568//2568 2567//2567
f 2549//2549 2569//2569 2568//2568
f 2550//2550 2570//2570 2569//2569
f 2551//2551 2571//2571 2570//2570
f 2552//2552 2572//2572 2571//2571
f 2553//2553 2573//2573 2572//2572
f 2554//2554 2574//2574 2573//2573
f 2555//2555 2575//2575 2574//2574
f 2556//2556 2576//2576 2575//2575
f 2557//2557 2577//2577 2576//2576
f 2558//2558 2578//2578 2577//2577
f 2559//2559 2579//2579 2578//2578
f 2560//2560 2580//2580 2579//2579
f 2541//2541 2561//2561 2580//2580
f 2562//2562 2582//2582 2581//2581
f 2563//2563 2583//2583 2582//2582
f 2564//2564 2584//2584 2583//2583
f 2565//2565 2585//2585 2584//2584
f 2566//2566 2586//2586 2585//2585
f 2567//2567 2587//2587 2586//2586
f 2568//2568 2588//2588 2587//2587
f 2569//2569 2589//2589 2588//2588
f 2570//2570 2590//2590 2589//2589
f 2571//2571 2591//2591 2590//2590
f 2572//2572 2592//2592 2591//2591
f 2573//2573 2593//2593 2592//2592
f 2594//2594 2593//2593 2573//2573
f 2595//2595 2594//2594 2574//2574
f 2596//2596 2595//2595 2575//2575
f 2597//2597 2596//2596 2576//2576
f 2578//2578 2598//2598 2597//2597
f 2579//2579 2599//2599 2598//2598
f 2580//2580 2600//2600 2599//2599
f 2561//2561 2581//2581 2600//2600
f 2582//2582 2602//2602 2601//2601
f 2583//2583 2603//2603 2602//2602
f 2584//2584 2604//2604 2603//2603
f 2585//2585 2605//2605 2604//2604
f 2586//2586 2606//2606 2605//2605
f 2587//2587 2607//2607 2606//2606
f 2588//2588 2608//2608 2607//2607
f 2589//2589 2609//2609 2608//2608
f 2590//2590 2610//2610 2609//2609
f 2591//2591 2611//2611 2610//2610
f 2592//2592 2612//2612 2611//2611
f 2613//2613 2612//2612 2592//2592
f 2614//2614 2613//2613 2593//2593
f 2615//2615 2614//2614 2594//2594
f 2616//2616 2615//2615 2595//2595
f 2617//2617 2616//2616 2596//2596
f 2618//2618 2617//2617 2597//2597
f 2619//2619 2618//2618 2598//2598
f 2600//2600 2620//2620 2619//2619
f 2581//2581 2601//2601 2620//2620
f 2602//2602 2622//2622 2621//2621
f 2603//2603 2623//2623 2622//2622
f 2604//2604 2624//2624 2623//2623
f 2605//2605 2625//2625 2624//2624
f 2606//2606 2626//2626 2625//2625
f 2607//2607 2627//2627 2626//2626
f 2608//2608 2628//2628 2627//2627
f 2609//2609 2629//2629 2628//2628
f 2610//2610 2630//2630 2629//2629
f 2611//2611 2631//2631 2630//2630
f 2632//2632 2631//2631 2611//2611
f 2633//2633 2632//2632 2612//2612
f 2634//2634 2633//2633 2613//2613
f 2635//2635 2634//2634 2614//2614
f 2636//2636 2635//2635 2615//2615
f 2637//2637 2636//2636 2616//2616
f 2638//2638 2637//2637 2617//2617
f 2639//2639 2638//2638 2618//2618
f 2640//2640 2639//2639 2619//2619
f 2601//2601 2621//2621 2640//2640
f 2622//2622 2642//2642 2641//2641
f 2623//2623 2643//2643 2642//2642
f 2624//2624 2644//2644 2643//2643
f 2625//2625 2645//2645 2644//2644
f 2626//2626 2646//2646 2645//2645
f 2627//2627 2647//2647 2646//2646
f 2628//2628 2648//2648 2647//2647
f 2629//2629 2649//2649 2648//2648
f 2630//2630 2650//2650 2649//2649
f 2631//2631 2651//2651 2650//2650
f 2652//2652 2651//2651 2631//2631
f 2653//2653 2652//2652 2632//2632
f 2654//2654 2653//2653 2633//2633
f 2655//2655 2654//2654 2634//2634
f 2656//2656 2655//2655 2635//2635
f 2657//2657 2656//2656 2636//2636
f 2658//2658 2657//2657 2637//2637
f 2659//2659 2658//2658 2638//2638
f 2660//2660 2659//2659 2639//2639
f 2621//2621 2641//2641 2660//2660
f 2642//2642 2662//2662 2661//2661
f 2643//2643 2663//2663 2662//2662
f 2644//2644 2664//2664 2663//2663
f 2645//2645 2665//2665 2664//2664
f 2646//2646 2666//2666 2665//2665
f 2647//2647 2667//2667 2666//2666
f 2648//2648 2668//2668 2667//2667
f 2649//2649 2669//2669 2668//2668
f 2650//2650 2670//2670 2669//2669
f 2651//2651 2671//2671 2670//2670
f 2672//2672 2671//2671 2651//2651
f 2673//2673 2672//2672 2652//2652
f 2674//2674 2673//2673 2653//2653
f 2675//2675 2674//2674 2654//2654
f 2676//2676 2675//2675 2655//2655
f 2677//2677 2676//2676 2656//2656
f 2678//2678 2677//2677 2657//2657
f 2679//2679 2678//2678 2658//2658
f 2680//2680 2679//2679 2659//2659
f 2661//2661 2680//2680 2660//2660
f 2662//2662 2682//2682 2681//2681
f 2663//2663 2683//2683 2682//2682
f 2664//2664 2684//2684 2683//2683
f 2665//2665 2685//2685 2684//2684
f 2666//2666 2686//2686 2685//2685
f 2667//2667 2687//2687 2686//2686
f 2668//2668 2688//2688 2687//2687
f 2669//2669 2689//2689 2688//2688
f 2670//2670 2690//2690 2689//2689
f 2671//2671 2691//2691 2690//2690
f 2692//2692 2691//2691 2671//2671
f 2693//2693 2692//2692 2672//2672
f 2694//2694 2693//2693 2673//2673
f 2695//2695 2694//2694 2674//2674
f 2696//2696 2695//2695 2675//2675
f 2697//2697 2696//2696 2676//2676
f 2698//2698 2697//2697 2677//2677
f 2699//2699 2698//2698 2678//2678
f 2700//2700 2699//2699 2679//2679
f 2681//2681 2700//2700 2680//2680
f 2682//2682 2702//2702 2701//2701
f 2683//2683 2703//2703 2702//2702
f 2684//2684 2704//2704 2703//2703
f 2685//2685 2705//2705 2704//2704
f 2686//2686 2706//2706 2705//2705
f 2687//2687 2707//2707 2706//2706
f 2688//2688 2708//2708 2707//2707
f 2689//2689 2709//2709 2708//2708
f 2690//2690 2710//2710 2709//2709
f 2691//2691 2711//2711 2710//2710
f 2692//2692 2712//2712 2711//2711
f 2713//2713 2712//2712 2692//2692
f 2714//2714 2713//2713 2693//2693
f 2715//2715 2714//2714 2694//2694
f 2716//2716 2715//2715 2695//2695
f 2717//2717 2716//2716 2696//2696
f 2718//2718 2717//2717 2697//2697
f 2719//2719 2718//2718 2698//2698
f 2720//2720 2719//2719 2699//2699
f 2701//2701 2720//2720 2700//2700
f 2702//2702 2722//2722 2721//2721
f 2703//2703 2723//2723 2722//2722
f 2704//2704 2724//2724 2723//2723
f 2705//2705 2725//2725 2724//2724
f 2706//2706 2726//2726 2725//2725
f 2707//2707 2727//2727 2726//2726
f 2708//2708 2728//2728 2727//2727
f 2709//2709 2729//2729 2728//2728
f 2710//2710 2730//2730 2729//2729
f 2711//2711 2731//2731 2730//2730
f 2712//2712 2732//2732 2731//2731
f 2713//2713 2733//2733 2732//2732
f 2734//2734 2733//2733 2713//2713
f 2735//2735 2734//2734 2714//2714
f 2736//2736 2735//2735 2715//2715
f 2737//2737 2736//2736 2716//2716
f 2738//2738 2737//2737 2717//2717
f 2739//2739 2738//2738 2718//2718
f 2740//2740 2739//2739 2719//2719
f 2701//2701 2721//2721 2740//2740
f 2722//2722 2742//2742 2741//2741
f 2723//2723 2743//2743 2742//2742
f 2724//2724 2744//2744 2743//2743
f 2725//2725 2745//2745 2744//2744
f 2726//2726 2746//2746 2745//2745
f 2727//2727 2747//2747 2746//2746
f 2728//2728 2748//2748 2747//2747
f 2729//2729 2749//2749 2748//2748
f 2730//2730 2750//2750 2749//2749
f 2731//2731 2751//2751 2750//2750
f 2732//2732 2752//2752 2751//2751
f 2733//2733 2753//2753 2752//2752
f 2734//2734 2754//2754 2753//2753
f 2755//2755 2754//2754 2734//2734
f 2756//2756 2755//2755 2735//2735
f 2757//2757 2756//2756 2736//2736
f 2758//2758 2757//2757 2737//2737
f 2759//2759 2758//2758 2738//2738
f 2760//2760 2759//2759 2739//2739
f 2721//2721 2741//2741 2760//2760
f 2742//2742 2762//2762 2761//2761
f 2743//2743 2763//2763 2762//2762
f 2744//2744 2764//2764 2763//2763
f 2745//2745 2765//2765 2764//2764
f 2746//2746 2766//2766 2765//2765
f 2747//2747 2767//2767 2766//2766
f 2748//2748 2768//2768 2767//2767
f 2749//2749 2769//2769 2768//2768
f 2750//2750 2770//2770 2769//2769
f 2751//2751 2771//2771 2770//2770
f 2752//2752 2772//2772 2771//2771
f 2753//2753 2773//2773 2772//2772
f 2754//2754 2774//2774 2773//2773
f 2755//2755 2775//2775 2774//2774
f 2756//2756 2776//2776 2775//2775
f 2777//2777 2776//2776 2756//2756
f 2778//2778 2777//2777 2757//2757
f 2759//2759 2779//2779 2778//2778
f 2760//2760 2780//2780 2779//2779
f 2741//2741 2761//2761 2780//2780
f 2762//2762 2782//2782 2781//2781
f 2763//2763 2783//2783 2782//2782
f 2764//2764 2784//2784 2783//2783
f 2765//2765 2785//2785 2784//2784
f 2766//2766 2786//2786 2785//2785
f 2767//2767 2787//2787 2786//2786
f 2768//2768 2788//2788 2787//2787
f 2769//2769 2789//2789 2788//2788
f 2770//2770 2790//2790 2789//2789
f 2771//2771 2791//2791 2790//2790
f 2772//2772 2792//2792 2791//2791
f 2773//2773 2793//2793 2792//2792
f 2774//2774 2794//2794 2793//2793
f 2775//2775 2795//2795 2794//2794
f 2776//2776 2796//2796 2795//2795
f 2777//2777 2797//2797 2796//2796
f 2778//2778 2798//2798 2797//2797
f 2779//2779 2799//2799 2798//2798
f 2780//2780 2800//2800 2799//2799
f 2761//2761 2781//2781 2800//2800
f 2782//2782 2802//2802 2801//2801
f 2783//2783 2803//2803 2802//2802
f 2784//2784 2804//2804 2803//2803
f 2785//2785 2805//2805 2804//2804
f 2786//2786 2806//2806 2805//2805
f 2787//2787 2807//2807 2806//2806
f 2788//2788 2808//2808 2807//2807
f 2789//2789 2809//2809 2808//2808
f 2790//2790 2810//2810 2809//2809
f 2791//2791 2811//2811 2810//2810
f 2792//2792 2812//2812 2811//2811
f 2793//2793 2813//2813 2812//2812
f 2794//2794 2814//2814 2813//2813
f 2795//2795 2815//2815 2814//2814
f 2796//2796 2816//2816 2815//2815
f 2797//2797 2817//2817 2816//2816
f 2798//2798 2818//2818 2817//2817
f 2799//2799 2819//2819 2818//2818
f 2800//2800 2820//2820 2819//2819
f 2781//2781 2801//2801 2820//2820
f 2802//2802 2822//2822 2821//2821
f 2803//2803 2823//2823 2822//2822
f 2804//2804 2824//2824 2823//2823
f 2805//2805 2825//2825 2824//2824
f 2806//2806 2826//2826 2825//2825
f 2807//2807 2827//2827 2826//2826
f 2808//2808 2828//2828 2827//2827
f 2809//2809 2829//2829 2828//2828
f 2810//2810 2830//2830 2829//2829
f 2811//2811 2831//2831 2830//2830
f 2812//2812 2832//2832 2831//2831
f 2813//2813 2833//2833 2832//2832
f 2814//2814 2834//2834 2833//2833
f 2815//2815 2835//2835 2834//2834
f 2816//2816 2836//2836 2835//2835
f 2817//2817 2837//2837 2836//2836
f 2818//2818 2838//2838 2837//2837
f 2819//2819 2839//2839 2838//2838
f 2820//2820 2840//2840 2839//2839
f 2801//2801 2821//2821 2840//2840
f 2822//2822 2842//2842 2841//2841
f 2823//2823 2843//2843 2842//2842
f 2824//2824 2844//2844 2843//2843
f 2825//2825 2845//2845 2844//2844
f 2826//2826 2846//2846 2845//2845
f 2827//2827 2847//2847 2846//2846
f 2828//2828 2848//2848 2847//2847
f 2829//2829 2849//2849 2848//2848
f 2830//2830 2850//2850 2849//2849
f 2831//2831 2851//2851 2850//2850
f 2832//2832 2852//2852 2851//2851
f 2833//2833 2853//2853 2852//2852
f 2834//2834 2854//2854 2853//2853
f 2835//2835 2855//2855 2854//2854
f 2836//2836 2856//2856 2855//2855
f 2837//2837 2857//2857 2856//2856
f 2838//2838 2858//2858 2857//2857
f 2839//2839 2859//2859 2858//2858
f 2840//2840 2860//2860 2859//2859
f 2821//2821 2841//2841 2860//2860
f 2842//2842 2862//2862 2861//2861
f 2843//2843 2863//2863 2862//2862
f 2844//2844 2864//2864 2863//2863
f 2845//2845 2865//2865 2864//2864
f 2846//2846 2866//2866 2865//2865
f 2847//2847 2867//2867 2866//2866
f 2848//2848 2868//2868 2867//2867
f 2849//2849 2869//2869 2868//2868
f 2850//2850 2870//2870 2869//2869
f 2851//2851 2871//2871 2870//2870
f 2852//2852 2872//2872 2871//2871
f 2853//2853 2873//2873 2872//2872
f 2854//2854 2874//2874 2873//2873
f 2855//2855 2875//2875 2874//2874
f 2856//2856 2876//2876 2875//2875
f 2857//2857 2877//2877 2876//2876
f 2858//2858 2878//2878 2877//2877
f 2859//2859 2879//2879 2878//2878
f 2860//2860 2880//2880 2879//2879
f 2841//2841 2861//2861 2880//2880
f 2862//2862 2882//2882 2881//2881
f 2863//2863 2883//2883 2882//2882
f 2864//2864 2884//2884 2883//2883
f 2865//2865 2885//2885 2884//2884
f 2866//2866 2886//2886 2885//2885
f 2867//2867 2887//2887 2886//2886
f 2868//2868 2888//2888 2887//2887
f 2869//2869 2889//2889 2888//2888
f 2870//2870 2890//2890 2889//2889
f 2871//2871 2891//2891 2890//2890
f 2872//2872 2892//2892 2891//2891
f 2873//2873 2893//2893 2892//2892
f 2874//2874 2894//2894 2893//2893
f 2875//2875 2895//2895 2894//2894
f 2876//2876 2896//2896 2895//2895
f 2877//2877 2897//2897 2896//2896
f 2878//2878 2898//2898 2897//2897
f 2879//2879 2899//2899 2898//2898
f 2880//2880 2900//2900 2899//2899
f 2861//2861 2881//2881 2900//2900
f 2882//2882 2902//2902 2901//2901
f 2883//2883 2903//2903 2902//2902
f 2884//2884 2904//2904 2903//2903
f 2885//2885 2905//2905 2904//2904
f 2886//2886 2906//2906 2905//2905
f 2887//2887 2907//2907 2906//2906
f 2888//2888 2908//2908 2907//2907
f 2889//2889 2909//2909 2908//2908
f 2890//2890 2910//2910 2909//2909
f 2891//2891 2911//2911 2910//2910
f 2892//2892 2912//2912 2911//2911
f 2893//2893 2913//2913 2912//2912
f 2894//2894 2914//2914 2913//2913
f 2895//2895 2915//2915 2914//2914
f 2896//2896 2916//2916 2915//2915
f 2897//2897 2917//2917 2916//2916
f 2898//2898 2918//2918 2917//2917
f 2899//2899 2919//2919 2918//2918
f 2900//2900 2920//2920 2919//2919
f 2881//2881 2901//2901 2920//2920
f 2902//2902 2922//2922 2921//2921
f 2903//2903 2923//2923 2922//2922
f 2904//2904 2924//2924 2923//2923
f 2905//2905 2925//2925 2924//2924
f 2906//2906 2926//2926 2925//2925
f 2907//2907 2927//2927 2926//2926
f 2908//2908 2928//2928 2927//2927
f 2909//2909 2929//2929 2928//2928
f 2910//2910 2930//2930 2929//2929
f 2911//2911 2931//2931 2930//2930
f 2912//2912 2932//2932 2931//2931
f 2913//2913 2933//2933 2932//2932
f 2914//2914 2934//2934 2933//2933
f 2915//2915 2935//2935 2934//2934
f 2916//2916 2936//2936 2935//2935
f 2917//2917 2937//2937 2936//2936
f 2918//2918 2938//2938 2937//2937
f 2919//2919 2939//2939 2938//2938
f 2920//2920 2940//2940 2939//2939
f 2901//2901 2921//2921 2940//2940
f 2922//2922 2942//2942 2941//2941
f 2923//2923 2943//2943 2942//2942
f 2924//2924 2944//2944 2943//2943
f 2925//2925 2945//2945 2944//2944
f 2926//2926 2946//2946 2945//2945
f 2927//2927 2947//2947 2946//2946
f 2928//2928 2948//2948 2947//2947
f 2929//2929 2949//2949 2948//2948
f 2930//2930 2950//2950 2949//2949
f 2931//2931 2951//2951 2950//2950
f 2932//2932 2952//2952 2951//2951
f 2933//2933 2953//2953 2952//2952
f 2934//2934 2954//2954 2953//2953
f 2935//2935 2955//2955 2954//2954
f 2936//2936 2956//2956 2955//2955
f 2937//2937 2957//2957 2956//2956
f 2938//2938 2958//2958 2957//2957
f 2939//2939 2959//2959 2958//2958
f 2940//2940 2960//2960 2959//2959
f 2921//2921 2941//2941 2960//2960
f 2942//2942 2962//2962 2961//2961
f 2943//2943 2963//2963 2962//2962
f 2944//2944 2964//2964 2963//2963
f 2945//2945 2965//2965 2964//2964
f 2946//2946 2966//2966 2965//2965
f 2947//2947 2967//2967 2966//2966
f 2948//2948 2968//2968 2967//2967
f 2949//2949 2969//2969 2968//2968
f 2950//2950 2970//2970 2969//2969
f 2951//2951 2971//2971 2970//2970
f 2952//2952 2972//2972 2971//2971
f 2953//2953 2973//2973 2972//2972
f 2954//2954 2974//2974 2973//2973
f 2955//2955 2975//2975 2974//2974
f 2956//2956 2976//2976 2975//2975
f 2957//2957 2977//2977 2976//2976
f 2958//2958 2978//2978 2977//2977
f 2959//2959 2979//2979 2978//2978
f 2960//2960 2980//2980 2979//2979
f 2941//2941 2961//2961 2980//2980
f 2962//2962 2982//2982 2981//2981
f 2963//2963 2983//2983 2982//2982
f 2964//2964 2984//2984 2983//2983
f 2965//2965 2985//2985 2984//2984
f 2966//2966 2986//2986 2985//2985
f 2967//2967 2987//2987 2986//2986
f 2968//2968 2988//2988 2987//2987
f 2969//2969 2989//2989 2988//2988
f 2970//2970 2990//2990 2989//2989
f 2971//2971 2991//2991 2990//2990
f 2972//2972 2992//2992 2991//2991
f 2973//2973 2993//2993 2992//2992
f 2974//2974 2994//2994 2993//2993
f 2975//2975 2995//2995 2994//2994
f 2976//2976 2996//2996 2995//2995
f 2977//2977 2997//2997 2996//2996
f 2978//2978 2998//2998 2997//2997
f 2979//2979 2999//2999 2998//2998
f 2980//2980 3000//3000 2999//2999
f 2961//2961 2981//2981 3000//3000
f 2982//2982 3002//3002 3001//3001
f 2983//2983 3003//3003 3002//3002
f 2984//2984 3004//3004 3003//3003
f 2985//2985 3005//3005 3004//3004
f 2986//2986 3006//3006 3005//3005
f 2987//2987 3007//3007 3006//3006
f 2988//2988 3008//3008 3007//3007
f 2989//2989 3009//3009 3008//3008
f 2990//2990 3010//3010 3009//3009
f 2991//2991 3011//3011 3010//3010
f 2992//2992 3012//3012 3011//3011
f 2993//2993 3013//3013 3012//3012
f 2994//2994 3014//3014 3013//3013
f 2995//2995 3015//3015 3014//3014
f 2996//2996 3016//3016 3015//3015
f 2997//2997 3017//3017 3016//3016
f 2998//2998 3018//3018 3017//3017
f 2999//2999 3019//3019 3018//3018
f 3000//3000 3020//3020 3019//3019
f 2981//2981 3001//3001 3020//3020
f 3002//3002 3022//3022 3021//3021
f 3003//3003 3023//3023 3022//3022
f 3004//3004 3024//3024 3023//3023
f 3005//3005 3025//3025 3024//3024
f 3006//3006 3026//3026 3025//3025
f 3007//3007 3027//3027 3026//3026
f 3008//3008 3028//3028 3027//3027
f 3009//3009 3029//3029 3028//3028
f 3010//3010 3030//3030 3029//3029
f 3011//3011 3031//3031 3030//3030
f 3012//3012 3032//3032 3031//3031
f 3013//3013 3033//3033 3032//3032
f 3014//3014 3034//3034 3033//3033
f 3015//3015 3035//3035 3034//3034
f 3016//3016 3036//3036 3035//3035
f 3017//3017 3037//3037 3036//3036
f 3018//3018 3038//3038 3037//3037
f 3019//3019 3039//3039 3038//3038
f 3020//3020 3040//3040 3039//3039
f 3001//3001 3021//3021 3040//3040
f 3022//3022 3042//3042 3041//3041
f 3023//3023 3043//3043 3042//3042
f 3024//3024 3044//3044 3043//3043
f 3025//3025 3045//3045 3044//3044
f 3026//3026 3046//3046 3045//3045
f 3027//3027 3047//3047 3046//3046
f 3028//3028 3048//3048 3047//3047
f 3029//3029 3049//3049 3048//3048
f 3030//3030 3050//3050 3049//3049
f 3031//3031 3051//3051 3050//3050
f 3032//3032 3052//3052 3051//3051
f 3033//3033 3053//3053 3052//3052
f 3034//3034 3054//3054 3053//3053
f 3035//3035 3055//3055 3054//3054
f 3036//3036 3056//3056 3055//3055
f 3037//3037 3057//3057 3056//3056
f 3038//3038 3058//3058 3057//3057
f 3039//3039 3059//3059 3058//3058
f 3040//3040 3060//3060 3059//3059
f 3021//3021 3041//3041 3060//3060
f 3042//3042 3062//3062 3061//3061
f 3043//3043 3063//3063 3062//3062
f 3044//3044 3064//3064 3063//3063
f 3045//3045 3065//3065 3064//3064
f 3046//3046 3066//3066 3065//3065
f 3047//3047 3067//3067 3066//3066
f 3048//3048 3068//3068 3067//3067
f 3049//3049 3069//3069 3068//3068
f 3050//3050 3070//3070 3069//3069
f 3051//3051 3071//3071 3070//3070
f 3052//3052 3072//3072 3071//3071
f 3053//3053 3073//3073 3072//3072
f 3054//3054 3074//3074 3073//3073
f 3055//3055 3075//3075 3074//3074
f 3056//3056 3076//3076 3075//3075
f 3057//3057 3077//3077 3076//3076
f 3058//3058 3078//3078 3077//3077
f 3059//3059 3079//3079 3078//3078
f 3060//3060 3080//3080 3079//3079
f 3041//3041 3061//3061 3080//3080
f 3062//3062 3082//3082 3081//3081
f 3063//3063 3083//3083 3082//3082
f 3064//3064 3084//3084 3083//3083
f 3065//3065 3085//3085 3084//3084
f 3066//3066 3086//3086 3085//3085
f 3067//3067 3087//3087 3086//3086
f 3068//3068 3088//3088 3087//3087
f 3069//3069 3089//3089 3088//3088
f 3070//3070 3090//3090 3089//3089
f 3071//3071 3091//3091 3090//3090
f 3072//3072 3092//3092 3091//3091
f 3073//3073 3093//3093 3092//3092
f 3074//3074 3094//3094 3093//3093
f 3075//3075 3095//3095 3094//3094
f 3076//3076 3096//3096 3095//3095
f 3077//3077 3097//3097 3096//3096
f 3078//3078 3098//3098 3097//3097
f 3079//3079 3099//3099 3098//3098
f 3080//3080 3100//3100 3099//3099
f 3061//3061 3081//3081 3100//3100
f 3082//3082 3102//3102 3101//3101
f 3083//3083 3103//3103 3102//3102
f 3084//3084 3104//3104 3103//3103
f 3085//3085 3105//3105 3104//3104
f 3086//3086 3106//3106 3105//3105
f 3087//3087 3107//3107 3106//3106
f 3088//3088 3108//3108 3107//3107
f 3089//3089 3109//3109 3108//3108
f 3090//3090 3110//3110 3109//3109
f 3091//3091 3111//3111 3110//3110
f 3092//3092 3112//3112 3111//3111
f 3093//3093 3113//3113 3112//3112
f 3094//3094 3114//3114 3113//3113
f 3095//3095 3115//3115 3114//3114
f 3116//3116 3115//3115 3095//3095
f 3117//3117 3116//3116 3096//3096
f 3118//3118 3117//3117 3097//3097
f 3099//3099 3119//3119 3118//3118
f 3100//3100 3120//3120 3119//3119
f 3081//3081 3101//3101 3120//3120
f 3102//3102 3122//3122 3121//3121
f 3103//3103 3123//3123 3122//3122
f 3104//3104 3124//3124 3123//3123
f 3105//3105 3125//3125 3124//3124
f 3106//3106 3126//3126 3125//3125
f 3107//3107 3127//3127 3126//3126
f 3108//3108 3128//3128 3127//3127
f 3109//3109 3129//3129 3128//3128
f 3110//3110 3130//3130 3129//3129
f 3111//3111 3131//3131 3130//3130
f 3112//3112 3132//3132 3131//3131
f 3113//3113 3133//3133 3132//3132
f 3114//3114 3134//3134 3133//3133
f 3135//3135 3134//3134 3114//3114
f 3136//3136 3135//3135 3115//3115
f 3137//3137 3136//3136 3116//3116
f 3138//3138 3137//3137 3117//3117
f 3139//3139 3138//3138 3118//3118
f 3120//3120 3140//3140 3139//3139
f 3101//3101 3121//3121 3140//3140
f 3122//3122 3142//3142 3141//3141
f 3123//3123 3143//3143 3142//3142
f 3124//3124 3144//3144 3143//3143
f 3125//3125 3145//3145 3144//3144
f 3126//3126 3146//3146 3145//3145
f 3127//3127 3147//3147 3146//3146
f 3128//3128 3148//3148 3147//3147
f 3129//3129 3149//3149 3148//3148
f 3130//3130 3150//3150 3149//3149
f 3131//3131 3151//3151 3150//3150
f 3132//3132 3152//3152 3151//3151
f 3133//3133 3153//3153 3152//3152
f 3134//3134 3154//3154 3153//3153
f 3155//3155 3154//3154 3134//3134
f 3156//3156 3155//3155 3135//3135
f 3157//3157 3156//3156 3136//3136
f 3158//3158 3157//3157 3137//3137
f 3159//3159 3158//3158 3138//3138
f 3160//3160 3159//3159 3139//3139
f 3121//3121 3141//3141 3160//3160
f 3142//3142 3162//3162 3161//3161
f 3143//3143 3163//3163 3162//3162
f 3144//3144 3164//3164 3163//3163
f 3145//3145 3165//3165 3164//3164
f 3146//3146 3166//3166 3165//3165
f 3147//3147 3167//3167 3166//3166
f 3148//3148 3168//3168 3167//3167
f 3149//3149 3169//3169 3168//3168
f 3150//3150 3170//3170 3169//3169
f 3151//3151 3171//3171 3170//3170
f 3152//3152 3172//3172 3171//3171
f 3153//3153 3173//3173 3172//3172
f 3174//3174 3173//3173 3153//3153
f 3175//3175 3174//3174 3154//3154
f 3176//3176 3175//3175 3155//3155
f 3177//3177 3176//3176 3156//3156
f 3178//3178 3177//3177 3157//3157
f 3179//3179 3178//3178 3158//3158
f 3180//3180 3179//3179 3159//3159
f 3141//3141 3161//3161 3180//3180
f 3162//3162 3182//3182 3181//3181
f 3163//3163 3183//3183 3182//3182
f 3164//3164 3184//3184 3183//3183
f 3165//3165 3185//3185 3184//3184
f 3166//3166 3186//3186 3185//3185
f 3167//3167 3187//3187 3186//3186
f 3168//3168 3188//3188 3187//3187
f 3169//3169 3189//3189 3188//3188
f 3170//3170 3190//3190 3189//3189
f 3171//3171 3191//3191 3190//3190
f 3172//3172 3192//3192 3191//3191
f 3173//3173 3193//3193 3192//3192
f 3194//3194 3193//3193 3173//3173
f 3195//3195 3194//3194 3174//3174
f 3196//3196 3195//3195 3175//3175
f 3197//3197 3196//3196 3176//3176
f 3198//3198 3197//3197 3177//3177
f 3199//3199 3198//3198 3178//3178
f 3200//3200 3199//3199 3179//3179
f 3181//3181 3200//3200 3180//3180
f 3182//3182 3202//3202 3201//3201
f 3183//3183 3203//3203 3202//3202
f 3184//3184 3204//3204 3203//3203
f 3185//3185 3205//3205 3204//3204
f 3186//3186 3206//3206 3205//3205
f 3187//3187 3207//3207 3206//3206
f 3188//3188 3208//3208 3207//3207
f 3189//3189 3209//3209 3208//3208
f 3190//3190 3210//3210 3209//3209
f 3191//3191 3211//3211 3210//3210
f 3192//3192 3212//3212 3211//3211
f 3213//3213 3212//3212 3192//3192
f 3214//3214 3213//3213 3193//3193
f 3215//3215 3214//3214 3194//3194
f 3216//3216 3215//3215 3195//3195
f 3217//3217 3216//3216 3196//3196
f 3218//3218 3217//3217 3197//3197
f 3219//3219 3218//3218 3198//3198
f 3220//3220 3219//3219 3199//3199
f 3201//3201 3220//3220 3200//3200
f 3202//3202 3222//3222 3221//3221
f 3203//3203 3223//3223 3222//3222
f 3204//3204 3224//3224 3223//3223
f 3205//3205 3225//3225 3224//3224
f 3206//3206 3226//3226 3225//3225
f 3207//3207 3227//3227 3226//3226
f 3208//3208 3228//3228 3227//3227
f 3209//3209 3229//3229 3228//3228
f 3210//3210 3230//3230 3229//3229
f 3211//3211 3231//3231 3230//3230
f 3212//3212 3232//3232 3231//3231
f 3233//3233 3232//3232 3212//3212
f 3234//3234 3233//3233 3213//3213
f 3235//3235 3234//3234 3214//3214
f 3236//3236 3235//3235 3215//3215
f 3237//3237 3236//3236 3216//3216
f 3238//3238 3237//3237 3217//3217
f 3239//3239 3238//3238 3218//3218
f 3240//3240 3239//3239 3219//3219
f 3221//3221 3240//3240 3220//3220
f 3222//3222 3242//3242 3241//3241
f 3223//3223 3243//3243 3242//3242
f 3224//3224 3244//3244 3243//3243
f 3225//3225 3245//3245 3244//3244
f 3226//3226 3246//3246 3245//3245
f 3227//3227 3247//3247 3246//3246
f 3228//3228 3248//3248 3247//3247
f 3229//3229 3249//3249 3248//3248
f 3230//3230 3250//3250 3249//3249
f 3231//3231 3251//3251 3250//3250
f 3232//3232 3252//3252 3251//3251
f 3253//3253 3252//3252 3232//3232
f 3254//3254 3253//3253 3233//3233
f 3255//3255 3254//3254 3234//3234
f 3256//3256 3255//3255 3235//3235
f 3257//3257 3256//3256 3236//3236
f 3258//3258 3257//3257 3237//3237
f 3259//3259 3258//3258 3238//3238
f 3260//3260 3259//3259 3239//3239
f 3241//3241 3260//3260 3240//3240
f 3242//3242 3262//3262 3261//3261
f 3243//3243 3263//3263 3262//3262
f 3244//3244 3264//3264 3263//3263
f 3245//3245 3265//3265 3264//3264
f 3246//3246 3266//3266 3265//3265
f 3247//3247 3267//3267 3266//3266
f 3248//3248 3268//3268 3267//3267
f 3249//3249 3269//3269 3268//3268
f 3250//3250 3270//3270 3269//3269
f 3251//3251 3271//3271 3270//3270
f 3252//3252 3272//3272 3271//3271
f 3273//3273 3272//3272 3252//3252
f 3274//3274 3273//3273 3253//3253
f 3275//3275 3274//3274 3254//3254
f 3276//3276 3275//3275 3255//3255
f 3277//3277 3276//3276 3256//3256
f 3278//3278 3277//3277 3257//3257
f 3279//3279 3278//3278 3258//3258
f 3280//3280 3279//3279 3259//3259
f 3261//3261 3280//3280 3260//3260
f 3262//3262 3282//3282 3281//3281
f 3263//3263 3283//3283 3282//3282
f 3264//3264 3284//3284 3283//3283
f 3265//3265 3285//3285 3284//3284
f 3266//3266 3286//3286 3285//3285
f 3267//3267 3287//3287 3286//3286
f 3268//3268 3288//3288 3287//3287
f 3269//3269 3289//3289 3288//3288
f 3270//3270 3290//3290 3289//3289
f 3271//3271 3291//3291 3290//3290
f 3292//3292 3291//3291 3271//3271
f 3293//3293 3292//3292 3272//3272
f 3294//3294 3293//3293 3273//3273
f 3295//3295 3294//3294 3274//3274
f 3296//3296 3295//3295 3275//3275
f 3297//3297 3296//3296 3276//3276
f 3298//3298 3297//3297 3277//3277
f 3299//3299 3298//3298 3278//3278
f 3300//3300 3299//3299 3279//3279
f 3281//3281 3300//3300 3280//3280
f 3282//3282 3302//3302 3301//3301
f 3283//3283 3303//3303 3302//3302
f 3284//3284 3304//3304 3303//3303
f 3285//3285 3305//3305 3304//3304
f 3286//3286 3306//3306 3305//3305
f 3287//3287 3307//3307 3306//3306
f 3288//3288 3308//3308 3307//3307
f 3289//3289 3309//3309 3308//3308
f 3290//3290 3310//3310 3309//3309
f 3291//3291 3311//3311 3310//3310
f 3312//3312 3311//3311 3291//3291
f 3313//3313 3312//3312 3292//3292
f 3314//3314 3313//3313 3293//3293
f 3315//3315 3314//3314 3294//3294
f 3316//3316 3315//3315 3295//3295
f 3317//3317 3316//3316 3296//3296
f 3318//3318 3317//3317 3297//3297
f 3319//3319 3318//3318 3298//3298
f 3320//3320 3319//3319 3299//3299
f 3301//3301 3320//3320 3300//3300
f 3302//3302 3322//3322 3321//3321
f 3303//3303 3323//3323 3322//3322
f 3304//3304 3324//3324 3323//3323
f 3305//3305 3325//3325 3324//3324
f 3306//3306 3326//3326 3325//3325
f 3307//3307 3327//3327 3326//3326
f 3308//3308 3328//3328 3327//3327
f 3309//3309 3329//3329 3328//3328
f 3310//3310 3330//3330 3329//3329
f 3311//3311 3331//3331 3330//3330
f 3332//3332 3331//3331 3311//3311
f 3333//3333 3332//3332 3312//3312
f 3334//3334 3333//3333 3313//3313
f 3335//3335 3334//3334 3314//3314
f 3336//3336 3335//3335 3315//3315
f 3337//3337 3336//3336 3316//3316
f 3338//3338 3337//3337 3317//3317
f 3339//3339 3338//3338 3318//3318
f 3340//3340 3339//3339 3319//3319
f 3321//3321 3340//3340 3320//3320
f 3322//3322 3342//3342 3341//3341
f 3323//3323 3343//3343 3342//3342
f 3324//3324 3344//3344 3343//3343
f 3325//3325 3345//3345 3344//3344
f 3326//3326 3346//3346 3345//3345
f 3327//3327 3347//3347 3346//3346
f 3328//3328 3348//3348 3347//3347
f 3329//3329 3349//3349 3348//3348
f 3330//3330 3350//3350 3349//3349
f 3331//3331 3351//3351 3350//3350
f 3352//3352 3351//3351 3331//3331
f 3353//3353 3352//3352 3332//3332
f 3354//3354 3353//3353 3333//3333
f 3355//3355 3354//3354 3334//3334
f 3356//3356 3355//3355 3335//3335
f 3357//3357 3356//3356 3336//3336
f 3358//3358 3357//3357 3337//3337
f 3359//3359 3358//3358 3338//3338
f 3360//3360 3359//3359 3339//3339
f 3341//3341 3360//3360 3340//3340
f 3342//3342 3362//3362 3361//3361
f 3343//3343 3363//3363 3362//3362
f 3344//3344 3364//3364 3363//3363
f 3345//3345 3365//3365 3364//3364
f 3346//3346 3366//3366 3365//3365
f 3347//3347 3367//3367 3366//3366
f 3348//3348 3368//3368 3367//3367
f 3349//3349 3369//3369 3368//3368
f 3350//3350 3370//3370 3369//3369
f 3351//3351 3371//3371 3370//3370
f 3372//3372 3371//3371 3351//3351
f 3373//3373 3372//3372 3352//3352
f 3374//3374 3373//3373 3353//3353
f 3375//3375 3374//3374 3354//3354
f 3376//3376 3375//3375 3355//3355
f 3377//3377 3376//3376 3356//3356
f 3378//3378 3377//3377 3357//3357
f 3379//3379 3378//3378 3358//3358
f 3380//3380 3379//3379 3359//3359
f 3361//3361 3380//3380 3360//3360
f 3362//3362 3382//3382 3381//3381
f 3363//3363 3383//3383 3382//3382
f 3364//3364 3384//3384 3383//3383
f 3365//3365 3385//3385 3384//3384
f 3366//3366 3386//3386 3385//3385
f 3367//3367 3387//3387 3386//3386
f 3368//3368 3388//3388 3387//3387
f 3369//3369 3389//3389 3388//3388
f 3370//3370 3390//3390 3389//3389
f 3371//3371 3391//3391 3390//3390
f 3392//3392 3391//3391 3371//3371
f 3393//3393 3392//3392 3372//3372
f 3394//3394 3393//3393 3373//3373
f 3395//3395 3394//3394 3374//3374
f 3396//3396 3395//3395 3375//3375
f 3397//3397 3396//3396 3376//3376
f 3398//3398 3397//3397 3377//3377
f 3399//3399 3398//3398 3378//3378
f 3400//3400 3399//3399 3379//3379
f 3381//3381 3400//3400 3380//3380
f 3382//3382 3402//3402 3401//3401
f 3383//3383 3403//3403 3402//3402
f 3384//3384 3404//3404 3403//3403
f 3385//3385 3405//3405 3404//3404
f 3386//3386 3406//3406 3405//3405
f 3387//3387 3407//3407 3406//3406
f 3388//3388 3408//3408 3407//3407
f 3389//3389 3409//3409 3408//3408
f 3390//3390 3410//3410 3409//3409
f 3391//3391 3411//3411 3410//3410
f 3412//3412 3411//3411 3391//3391
f 3413//3413 3412//3412 3392//3392
f 3414//3414 3413//3413 3393//3393
f 3415//3415 3414//3414 3394//3394
f 3416//3416 3415//3415 3395//3395
f 3417//3417 3416//3416 3396//3396
f 3418//3418 3417//3417 3397//3397
f 3419//3419 3418//3418 3398//3398
f 3420//3420 3419//3419 3399//3399
f 3401//3401 3420//3420 3400//3400
f 3402//3402 3422//3422 3421//3421
f 3403//3403 3423//3423 3422//3422
f 3404//3404 3424//3424 3423//3423
f 3405//3405 3425//3425 3424//3424
f 3406//3406 3426//3426 3425//3425
f 3407//3407 3427//3427 3426//3426
f 3408//3408 3428//3428 3427//3427
f 3409//3409 3429//3429 3428//3428
f 3410//3410 3430//3430 3429//3429
f 3411//3411 3431//3431 3430//3430
f 3432//3432 3431//3431 3411//3411
f 3433//3433 3432//3432 3412//3412
f 3434//3434 3433//3433 3413//3413
f 3435//3435 3434//3434 3414//3414
f 3436//3436 3435//3435 3415//3415
f 3437//3437 3436//3436 3416//3416
f 3438//3438 3437//3437 3417//3417
f 3439//3439 3438//3438 3418//3418
f 3440//3440 3439//3439 3419//3419
f 3401//3401 3421//3421 3440//3440
f 3422//3422 3442//3442 3441//3441
f 3423//3423 3443//3443 3442//3442
f 3424//3424 3444//3444 3443//3443
f 3425//3425 3445//3445 3444//3444
f 3426//3426 3446//3446 3445//3445
f 3427//3427 3447//3447 3446//3446
f 3428//3428 3448//3448 3447//3447
f 3429//3429 3449//3449 3448//3448
f 3430//3430 3450//3450 3449//3449
f 3431//3431 3451//3451 3450//3450
f 3452//3452 3451//3451 3431//3431
f 3453//3453 3452//3452 3432//3432
f 3454//3454 3453//3453 3433//3433
f 3455//3455 3454//3454 3434//3434
f 3456//3456 3455//3455 3435//3435
f 3457//3457 3456//3456 3436//3436
f 3458//3458 3457//3457 3437//3437
f 3459//3459 3458//3458 3438//3438
f 3460//3460 3459//3459 3439//3439
f 3421//3421 3441//3441 3460//3460
f 3442//3442 3462//3462 3461//3461
f 3443//3443 3463//3463 3462//3462
f 3444//3444 3464//3464 3463//3463
f 3445//3445 3465//3465 3464//3464
f 3446//3446 3466//3466 3465//3465
f 3447//3447 3467//3467 3466//3466
f 3448//3448 3468//3468 3467//3467
f 3449//3449 3469//3469 3468//3468
f 3450//3450 3470//3470 3469//3469
f 3451//3451 3471//3471 3470//3470
f 3472//3472 3471//3471 3451//3451
f 3473//3473 3472//3472 3452//3452
f 3474//3474 3473//3473 3453//3453
f 3475//3475 3474//3474 3454//3454
f 3476//3476 3475//3475 3455//3455
f 3477//3477 3476//3476 3456//3456
f 3478//3478 3477//3477 3457//3457
f 3479//3479 3478//3478 3458//3458
f 3480//3480 3479//3479 3459//3459
f 3441//3441 3461//3461 3480//3480
f 3462//3462 3482//3482 3481//3481
f 3463//3463 3483//3483 3482//3482
f 3464//3464 3484//3484 3483//3483
f 3465//3465 3485//3485 3484//3484
f 3466//3466 3486//3486 3485//3485
f 3467//3467 3487//3487 3486//3486
f 3468//3468 3488//3488 3487//3487
f 3469//3469 3489//3489 3488//3488
f 3470//3470 3490//3490 3489//3489
f 3471//3471 3491//3491 3490//3490
f 3492//3492 3491//3491 3471//3471
f 3493//3493 3492//3492 3472//3472
f 3494//3494 3493//3493 3473//3473
f 3495//3495 3494//3494 3474//3474
f 3496//3496 3495//3495 3475//3475
f 3497//3497 3496//3496 3476//3476
f 3498//3498 3497//3497 3477//3477
f 3499//3499 3498//3498 3478//3478
f 3480//3480 3500//3500 3499//3499
f 3461//3461 3481//3481 3500//3500
f 3482//3482 3502//3502 3501//3501
f 3483//3483 3503//3503 3502//3502
f 3484//3484 3504//3504 3503//3503
f 3485//3485 3505//3505 3504//3504
f 3486//3486 3506//3506 3505//3505
f 3487//3487 3507//3507 3506//3506
f 3488//3488 3508//3508 3507//3507
f 3489//3489 3509//3509 3508//3508
f 3490//3490 3510//3510 3509//3509
f 3491//3491 3511//3511 3510//3510
f 3492//3492 3512//3512 3511//3511
f 3513//3513 3512//3512 3492//3492
f 3514//3514 3513//3513 3493//3493
f 3515//3515 3514//3514 3494//3494
f 3516//3516 3515//3515 3495//3495
f 3517//3517 3516//3516 3496//3496
f 3518//3518 3517//3517 3497//3497
f 3519//3519 3518//3518 3498//3498
f 3500//3500 3520//3520 3519//3519
f 3481//3481 3501//3501 3520//3520
f 3502//3502 3522//3522 3521//3521
f 3503//3503 3523//3523 3522//3522
f 3504//3504 3524//3524 3523//3523
f 3505//3505 3525//3525 3524//3524
f 3506//3506 3526//3526 3525//3525
f 3507//3507 3527//3527 3526//3526
f 3508//3508 3528//3528 3527//3527
f 3509//3509 3529//3529 3528//3528
f 3510//3510 3530//3530 3529//3529
f 3511//3511 3531//3531 3530//3530
f 3512//3512 3532//3532 3531//3531
f 3533//3533 3532//3532 3512//3512
f 3534//3534 3533//3533 3513//3513
f 3535//3535 3534//3534 3514//3514
f 3536//3536 3535//3535 3515//3515
f 3537//3537 3536//3536 3516//3516
f 3538//3538 3537//3537 3517//3517
f 3539//3539 3538//3538 3518//3518
f 3520//3520 3540//3540 3539//3539
f 3501//3501 3521//3521 3540//3540
f 3522//3522 3542//3542 3541//3541
f 3523//3523 3543//3543 3542//3542
f 3524//3524 3544//3544 3543//3543
f 3525//3525 3545//3545 3544//3544
f 3526//3526 3546//3546 3545//3545
f 3527//3527 3547//3547 3546//3546
f 3528//3528 3548//3548 3547//3547
f 3529//3529 3549//3549 3548//3548
f 3530//3530 3550//3550 3549//3549
f 3531//3531 3551//3551 3550//3550
f 3532//3532 3552//3552 3551//3551
f 3553//3553 3552//3552 3532//3532
f 3554//3554 3553//3553 3533//3533
f 3555//3555 3554//3554 3534//3534
f 3556//3556 3555//3555 3535//3535
f 3557//3557 3556//3556 3536//3536
f 3558//3558 3557//3557 3537//3537
f 3539//3539 3559//3559 3558//3558
f 3540//3540 3560//3560 3559//3559
f 3521//3521 3541//3541 3560//3560
f 3542//3542 3562//3562 3561//3561
f 3543//3543 3563//3563 3562//3562
f 3544//3544 3564//3564 3563//3563
f 3545//3545 3565//3565 3564//3564
f 3546//3546 3566//3566 3565//3565
f 3547//3547 3567//3567 3566//3566
f 3548//3548 3568//3568 3567//3567
f 3549//3549 3569//3569 3568//3568
f 3550//3550 3570//3570 3569//3569
f 3551//3551 3571//3571 3570//3570
f 3552//3552 3572//3572 3571//3571
f 3553//3553 3573//3573 3572//3572
f 3574//3574 3573//3573 3553//3553
f 3575//3575 3574//3574 3554//3554
f 3576//3576 3575//3575 3555//3555
f 3577//3577 3576//3576 3556//3556
f 3558//3558 3578//3578 3577//3577
f 3559//3559 3579//3579 3578//3578
f 3560//3560 3580//3580 3579//3579
f 3541//3541 3561//3561 3580//3580
f 3562//3562 3582//3582 3581//3581
f 3563//3563 3583//3583 3582//3582
f 3564//3564 3584//3584 3583//3583
f 3565//3565 3585//3585 3584//3584
f 3566//3566 3586//3586 3585//3585
f 3567//3567 3587//3587 3586//3586
f 3568//3568 3588//3588 3587//3587
f 3569//3569 3589//3589 3588//3588
f 3570//3570 3590//3590 3589//3589
f 3571//3571 3591//3591 3590//3590
f 3572//3572 3592//3592 3591//3591
f 3573//3573 3593//3593 3592//3592
f 3574//3574 3594//3594 3593//3593
f 3575//3575 3595//3595 3594//3594
f 3596//3596 3595//3595 3575//3575
f 3577//3577 3597//3597 3596//3596
f 3578//3578 3598//3598 3597//3597
f 3579//3579 3599//3599 3598//3598
f 3580//3580 3600//3600 3599//3599
f 3561//3561 3581//3581 3600//3600
f 3582//3582 3602//3602 3601//3601
f 3583//3583 3603//3603 3602//3602
f 3584//3584 3604//3604 3603//3603
f 3585//3585 3605//3605 3604//3604
f 3586//3586 3606//3606 3605//3605
f 3587//3587 3607//3607 3606//3606
f 3588//3588 3608//3608 3607//3607
f 3589//3589 3609//3609 3608//3608
f 3590//3590 3610//3610 3609//3609
f 3591//3591 3611//3611 3610//3610
f 3592//3592 3612//3612 3611//3611
f 3593//3593 3613//3613 3612//3612
f 3594//3594 3614//3614 3613//3613
f 3595//3595 3615//3615 3614//3614
f 3596//3596 3616//3616 3615//3615
f 3597//3597 3617//3617 3616//3616
f 3598//3598 3618//3618 3617//3617
f 3599//3599 3619//3619 3618//3618
f 3600//3600 3620//3620 3619//3619
f 3581//3581 3601//3601 3620//3620
f 3602//3602 3622//3622 3621//3621
f 3603//3603 3623//3623 3622//3622
f 3604//3604 3624//3624 3623//3623
f 3605//3605 3625//3625 3624//3624
f 3606//3606 3626//3626 3625//3625
f 3607//3607 3627//3627 3626//3626
f 3608//3608 3628//3628 3627//3627
f 3609//3609 3629//3629 3628//3628
f 3610//3610 3630//3630 3629//3629
f 3611//3611 3631//3631 3630//3630
f 3612//3612 3632//3632 3631//3631
f 3613//3613 3633//3633 3632//3632
f 3614//3614 3634//3634 3633//3633
f 3615//3615 3635//3635 3634//3634
f 3616//3616 3636//3636 3635//3635
f 3617//3617 3637//3637 3636//3636
f 3618//3618 3638//3638 3637//3637
f 3619//3619 3639//3639 3638//3638
f 3620//3620 3640//3640 3639//3639
f 3601//3601 3621//3621 3640//3640
f 3622//3622 3642//3642 3641//3641
f 3623//3623 3643//3643 3642//3642
f 3624//3624 3644//3644 3643//3643
f 3625//3625 3645//3645 3644//3644
f 3626//3626 3646//3646 3645//3645
f 3627//3627 3647//3647 3646//3646
f 3628//3628 3648//3648 3647//3647
f 3629//3629 3649//3649 3648//3648
f 3630//3630 3650//3650 3649//3649
f 3631//3631 3651//3651 3650//3650
f 3632//3632 3652//3652 3651//3651
f 3633//3633 3653//3653 3652//3652
f 3634//3634 3654//3654 3653//3653
f 3635//3635 3655//3655 3654//3654
f 3636//3636 3656//3656 3655//3655
f 3637//3637 3657//3657 3656//3656
f 3638//3638 3658//3658 3657//3657
f 3639//3639 3659//3659 3658//3658
f 3640//3640 3660//3660 3659//3659
f 3621//3621 3641//3641 3660//3660
f 3642//3642 3662//3662 3661//3661
f 3643//3643 3663//3663 3662//3662
f 3644//3644 3664//3664 3663//3663
f 3645//3645 3665//3665 3664//3664
f 3646//3646 3666//3666 3665//3665
f 3647//3647 3667//3667 3666//3666
f 3648//3648 3668//3668 3667//3667
f 3649//3649 3669//3669 3668//3668
f 3650//3650 3670//3670 3669//3669
f 3651//3651 3671//3671 3670//3670
f 3652//3652 3672//3672 3671//3671
f 3653//3653 3673//3673 3672//3672
f 3654//3654 3674//3674 3673//3673
f 3655//3655 3675//3675 3674//3674
f 3656//3656 3676//3676 3675//3675
f 3657//3657 3677//3677 3676//3676
f 3658//3658 3678//3678 3677//3677
f 3659//3659 3679//3679 3678//3678
f 3660//3660 3680//3680 3679//3679
f 3641//3641 3661//3661 3680//3680
f 3662//3662 3682//3682 3681//3681
f 3663//3663 3683//3683 3682//3682
f 3664//3664 3684//3684 3683//3683
f 3665//3665 3685//3685 3684//3684
f 3666//3666 3686//3686 3685//3685
f 3667//3667 3687//3687 3686//3686
f 3668//3668 3688//3688 3687//3687
f 3669//3669 3689//3689 3688//3688
f 3670//3670 3690//3690 3689//3689
f 3671//3671 3691//3691 3690//3690
f 3672//3672 3692//3692 3691//3691
f 3673//3673 3693//3693 3692//3692
f 3674//3674 3694//3694 3693//3693
f 3675//3675 3695//3695 3694//3694
f 3676//3676 3696//3696 3695//3695
f 3677//3677 3697//3697 3696//3696
f 3678//3678 3698//3698 3697//3697
f 3679//3679 3699//3699 3698//3698
f 3680//3680 3700//3700 3699//3699
f 3661//3661 3681//3681 3700//3700
f 3682//3682 3702//3702 3701//3701
f 3683//3683 3703//3703 3702//3702
f 3684//3684 3704//3704 3703//3703
f 3685//3685 3705//3705 3704//3704
f 3686//3686 3706//3706 3705//3705
f 3687//3687 3707//3707 3706//3706
f 3688//3688 3708//3708 3707//3707
f 3689//3689 3709//3709 3708//3708
f 3690//3690 3710//3710 3709//3709
f 3691//3691 3711//3711 3710//3710
f 3692//3692 3712//3712 3711//3711
f 3693//3693 3713//3713 3712//3712
f 3694//3694 3714//3714 3713//3713
f 3695//3695 3715//3715 3714//3714
f 3696//3696 3716//3716 3715//3715
f 3697//3697 3717//3717 3716//3716
f 3698//3698 3718//3718 3717//3717
f 3699//3699 3719//3719 3718//3718
f 3700//3700 3720//3720 3719//3719
f 3681//3681 3701//3701 3720//3720
f 3702//3702 3722//3722 3721//3721
f 3703//3703 3723//3723 3722//3722
f 3704//3704 3724//3724 3723//3723
f 3705//3705 3725//3725 3724//3724
f 3706//3706 3726//3726 3725//3725
f 3707//3707 3727//3727 3726//3726
f 3708//3708 3728//3728 3727//3727
f 3709//3709 3729//3729 3728//3728
f 3710//3710 3730//3730 3729//3729
f 3711//3711 3731//3731 3730//3730
f 3712//3712 3732//3732 3731//3731
f 3713//3713 3733//3733 3732//3732
f 3714//3714 3734//3734 3733//3733
f 3715//3715 3735//3735 3734//3734
f 3716//3716 3736//3736 3735//3735
f 3717//3717 3737//3737 3736//3736
f 3718//3718 3738//3738 3737//3737
f 3719//3719 3739//3739 3738//3738
f 3720//3720 3740//3740 3739//3739
f 3701//3701 3721//3721 3740//3740
f 3722//3722 3742//3742 3741//3741
f 3723//3723 3743//3743 3742//3742
f 3724//3724 3744//3744 3743//3743
f 3725//3725 3745//3745 3744//3744
f 3726//3726 3746//3746 3745//3745
f 3727//3727 3747//3747 3746//3746
f 3728//3728 3748//3748 3747//3747
f 3729//3729 3749//3749 3748//3748
f 3730//3730 3750//3750 3749//3749
f 3731//3731 3751//3751 3750//3750
f 3732//3732 3752//3752 3751//3751
f 3733//3733 3753//3753 3752//3752
f 3734//3734 3754//3754 3753//3753
f 3735//3735 3755//3755 3754//3754
f 3736//3736 3756//3756 3755//3755
f 3737//3737 3757//3757 3756//3756
f 3738//3738 3758//3758 3757//3757
f 3739//3739 3759//3759 3758//3758
f 3740//3740 3760//3760 3759//3759
f 3721//3721 3741//3741 3760//3760
f 3742//3742 3762//3762 3761//3761
f 3743//3743 3763//3763 3762//3762
f 3744//3744 3764//3764 3763//3763
f 3745//3745 3765//3765 3764//3764
f 3746//3746 3766//3766 3765//3765
f 3747//3747 3767//3767 3766//3766
f 3748//3748 3768//3768 3767//3767
f 3749//3749 3769//3769 3768//3768
f 3750//3750 3770//3770 3769//3769
f 3751//3751 3771//3771 3770//3770
f 3752//3752 3772//3772 3771//3771
f 3753//3753 3773//3773 3772//3772
f 3754//3754 3774//3774 3773//3773
f 3755//3755 3775//3775 3774//3774
f 3756//3756 3776//3776 3775//3775
f 3757//3757 3777//3777 3776//3776
f 3758//3758 3778//3778 3777//3777
f 3759//3759 3779//3779 3778//3778
f 3760//3760 3780//3780 3779//3779
f 3741//3741 3761//3761 3780//3780
f 3762//3762 3782//3782 3781//3781
f 3763//3763 3783//3783 3782//3782
f 3764//3764 3784//3784 3783//3783
f 3765//3765 3785//3785 3784//3784
f 3766//3766 3786//3786 3785//3785
f 3767//3767 3787//3787 3786//3786
f 3768//3768 3788//3788 3787//3787
f 3769//3769 3789//3789 3788//3788
f 3770//3770 3790//3790 3789//3789
f 3771//3771 3791//3791 3790//3790
f 3772//3772 3792//3792 3791//3791
f 3773//3773 3793//3793 3792//3792
f 3774//3774 3794//3794 3793//3793
f 3775//3775 3795//3795 3794//3794
f 3776//3776 3796//3796 3795//3795
f 3777//3777 3797//3797 3796//3796
f 3778//3778 3798//3798 3797//3797
f 3779//3779 3799//3799 3798//3798
f 3780//3780 3800//3800 3799//3799
f 3761//3761 3781//3781 3800//3800
f 3782//3782 3802//3802 3801//3801
f 3783//3783 3803//3803 3802//3802
f 3784//3784 3804//3804 3803//3803
f 3785//3785 3805//3805 3804//3804
f 3786//3786 3806//3806 3805//3805
f 3787//3787 3807//3807 3806//3806
f 3788//3788 3808//3808 3807//3807
f 3789//3789 3809//3809 3808//3808
f 3790//3790 3810//3810 3809//3809
f 3791//3791 3811//3811 3810//3810
f 3792//3792 3812//3812 3811//3811
f 3793//3793 3813//3813 3812//3812
f 3794//3794 3814//3814 3813//3813
f 3795//3795 3815//3815 3814//3814
f 3796//3796 3816//3816 3815//3815
f 3797//3797 3817//3817 3816//3816
f 3798//3798 3818//3818 3817//3817
f 3799//3799 3819//3819 3818//3818
f 3800//3800 3820//3820 3819//3819
f 3781//3781 3801//3801 3820//3820
f 3802//3802 3822//3822 3821//3821
f 3803//3803 3823//3823 3822//3822
f 3804//3804 3824//3824 3823//3823
f 3805//3805 3825//3825 3824//3824
f 3806//3806 3826//3826 3825//3825
f 3807//3807 3827//3827 3826//3826
f 3808//3808 3828//3828 3827//3827
f 3809//3809 3829//3829 3828//3828
f 3810//3810 3830//3830 3829//3829
f 3811//3811 3831//3831 3830//3830
f 3812//3812 3832//3832 3831//3831
f 3813//3813 3833//3833 3832//3832
f 3814//3814 3834//3834 3833//3833
f 3815//3815 3835//3835 3834//3834
f 3816//3816 3836//3836 3835//3835
f 3817//3817 3837//3837 3836//3836
f 3818//3818 3838//3838 3837//3837
f 3819//3819 3839//3839 3838//3838
f 3820//3820 3840//3840 3839//3839
f 3801//3801 3821//3821 3840//3840
f 3822//3822 3842//3842 3841//3841
f 3823//3823 3843//3843 3842//3842
f 3824//3824 3844//3844 3843//3843
f 3825//3825 3845//3845 3844//3844
f 3826//3826 3846//3846 3845//3845
f 3827//3827 3847//3847 3846//3846
f 3828//3828 3848//3848 3847//3847
f 3829//3829 3849//3849 3848//3848
f 3830//3830 3850//3850 3849//3849
f 3831//3831 3851//3851 3850//3850
f 3832//3832 3852//3852 3851//3851
f 3833//3833 3853//3853 3852//3852
f 3834//3834 3854//3854 3853//3853
f 3835//3835 3855//3855 3854//3854
f 3836//3836 3856//3856 3855//3855
f 3837//3837 3857//3857 3856//3856
f 3838//3838 3858//3858 3857//3857
f 3839//3839 3859//3859 3858//3858
f 3840//3840 3860//3860 3859//3859
f 3821//3821 3841//3841 3860//3860
f 3842//3842 3862//3862 3861//3861
f 3843//3843 3863//3863 3862//3862
f 3844//3844 3864//3864 3863//3863
f 3845//3845 3865//3865 3864//3864
f 3846//3846 3866//3866 3865//3865
f 3847//3847 3867//3867 3866//3866
f 3848//3848 3868//3868 3867//3867
f 3849//3849 3869//3869 3868//3868
f 3850//3850 3870//3870 3869//3869
f 3851//3851 3871//3871 3870//3870
f 3852//3852 3872//3872 3871//3871
f 3853//3853 3873//3873 3872//3872
f 3854//3854 3874//3874 3873//3873
f 3855//3855 3875//3875 3874//3874
f 3856//3856 3876//3876 3875//3875
f 3857//3857 3877//3877 3876//3876
f 3858//3858 3878//3878 3877//3877
f 3859//3859 3879//3879 3878//3878
f 3860//3860 3880//3880 3879//3879
f 3841//3841 3861//3861 3880//3880
f 3862//3862 3882//3882 3881//3881
f 3863//3863 3883//3883 3882//3882
f 3864//3864 3884//3884 3883//3883
f 3865//3865 3885//3885 3884//3884
f 3866//3866 3886//3886 3885//3885
f 3867//3867 3887//3887 3886//3886
f 3868//3868 3888//3888 3887//3887
f 3869//3869 3889//3889 3888//3888
f 3870//3870 3890//3890 3889//3889
f 3871//3871 3891//3891 3890//3890
f 3872//3872 3892//3892 3891//3891
f 3873//3873 3893//3893 3892//3892
f 3874//3874 3894//3894 3893//3893
f 3875//3875 3895//3895 3894//3894
f 3876//3876 3896//3896 3895//3895
f 3877//3877 3897//3897 3896//3896
f 3878//3878 3898//3898 3897//3897
f 3879//3879 3899//3899 3898//3898
f 3880//3880 3900//3900 3899//3899
f 3861//3861 3881//3881 3900//3900
f 3882//3882 3902//3902 3901//3901
f 3883//3883 3903//3903 3902//3902
f 3884//3884 3904//3904 3903//3903
f 3885//3885 3905//3905 3904//3904
f 3886//3886 3906//3906 3905//3905
f 3887//3887 3907//3907 3906//3906
f 3888//3888 3908//3908 3907//3907
f 3889//3889 3909//3909 3908//3908
f 3890//3890 3910//3910 3909//3909
f 3891//3891 3911//3911 3910//3910
f 3892//3892 3912//3912 3911//3911
f 3893//3893 3913//3913 3912//3912
f 3894//3894 3914//3914 3913//3913
f 3895//3895 3915//3915 3914//3914
f 3896//3896 3916//3916 3915//3915
f 3897//3897 3917//3917 3916//3916
f 3898//3898 3918//3918 3917//3917
f 3899//3899 3919//3919 3918//3918
f 3900//3900 3920//3920 3919//3919
f 3881//3881 3901//3901 3920//3920
f 3902//3902 3922//3922 3921//3921
f 3903//3903 3923//3923 3922//3922
f 3904//3904 3924//3924 3923//3923
f 3905//3905 3925//3925 3924//3924
f 3906//3906 3926//3926 3925//3925
f 3907//3907 3927//3927 3926//3926
f 3908//3908 3928//3928 3927//3927
f 3909//3909 3929//3929 3928//3928
f 3910//3910 3930//3930 3929//3929
f 3911//3911 3931//3931 3930//3930
f 3912//3912 3932//3932 3931//3931
f 3913//3913 3933//3933 3932//3932
f 3934//3934 3933//3933 3913//3913
f 3935//3935 3934//3934 3914//3914
f 3936//3936 3935//3935 3915//3915
f 3937//3937 3936//3936 3916//3916
f 3938//3938 3937//3937 3917//3917
f 3919//3919 3939//3939 3938//3938
f 3920//3920 3940//3940 3939//3939
f 3901//3901 3921//3921 3940//3940
f 3922//3922 3942//3942 3941//3941
f 3923//3923 3943//3943 3942//3942
f 3924//3924 3944//3944 3943//3943
f 3925//3925 3945//3945 3944//3944
f 3926//3926 3946//3946 3945//3945
f 3927//3927 3947//3947 3946//3946
f 3928//3928 3948//3948 3947//3947
f 3929//3929 3949//3949 3948//3948
f 3930//3930 3950//3950 3949//3949
f 3931//3931 3951//3951 3950//3950
f 3932//3932 3952//3952 3951//3951
f 3953//3953 3952//3952 3932//3932
f 3954//3954 3953//3953 3933//3933
f 3955//3955 3954//3954 3934//3934
f 3956//3956 3955//3955 3935//3935
f 3957//3957 3956//3956 3936//3936
f 3958//3958 3957//3957 3937//3937
f 3959//3959 3958//3958 3938//3938
f 3940//3940 3960//3960 3959//3959
f 3921//3921 3941//3941 3960//3960
f 3942//3942 3962//3962 3961//3961
f 3943//3943 3963//3963 3962//3962
f 3944//3944 3964//3964 3963//3963
f 3945//3945 3965//3965 3964//3964
f 3946//3946 3966//3966 3965//3965
f 3947//3947 3967//3967 3966//3966
f 3948//3948 3968//3968 3967//3967
f 3949//3949 3969//3969 3968//3968
f 3950//3950 3970//3970 3969//3969
f 3951//3951 3971//3971 3970//3970
f 3972//3972 3971//3971 3951//3951
f 3973//3973 3972//3972 3952//3952
f 3974//3974 3973//3973 3953//3953
f 3975//3975 3974//3974 3954//3954
f 3976//3976 3975//3975 3955//3955
f 3977//3977 3976//3976 3956//3956
f 3978//3978 3977//3977 3957//3957
f 3979//3979 3978//3978 3958//3958
f 3980//3980 3979//3979 3959//3959
f 3941//3941 3961//3961 3980//3980
f 3962//3962 3982//3982 3981//3981
f 3963//3963 3983//3983 3982//3982
f 3964//3964 3984//3984 3983//3983
f 3965//3965 3985//3985 3984//3984
f 3966//3966 3986//3986 3985//3985
f 3967//3967 3987//3987 3986//3986
f 3968//3968 3988//3988 3987//3987
f 3969//3969 3989//3989 3988//3988
f 3970//3970 3990//3990 3989//3989
f 3971//3971 3991//3991 3990//3990
f 3992//3992 3991//3991 3971//3971
f 3993//3993 3992//3992 3972//3972
f 3994//3994 3993//3993 3973//3973
f 3995//3995 3994//3994 3974//3974
f 3996//3996 3995//3995 3975//3975
f 3997//3997 3996//3996 3976//3976
f 3998//3998 3997//3997 3977//3977
f 3999//3999 3998//3998 3978//3978
f 4000//4000 3999//3999 3979//3979
f 3981//3981 4000//4000 3980//3980
f 3982//3982 2//2 1//1
f 3983//3983 3//3 2//2
f 3984//3984 4//4 3//3
f 3985//3985 5//5 4//4
f 3986//3986 6//6 5//5
f 3987//3987 7//7 6//6
f 3988//3988 8//8 7//7
f 3989//3989 9//9 8//8
f 3990//3990 10//10 9//9
f 3991//3991 11//11 10//10
f 12//12 11//11 3991//3991
f 13//13 12//12 3992//3992
f 14//14 13//13 3993//3993
f 15//15 14//14 3994//3994
f 16//16 15//15 3995//3995
f 17//17 16//16 3996//3996
f 18//18 17//17 3997//3997
f 19//19 18//18 3998//3998
f 20//20 19//19 3999//3999
f 1//1 20//20 4000//4000
